t_int,feedin_atnode_kW,demand_atnode_kW,max_demand_feedin_atnode_kW,feedin_atnode_taken_kW,feedin_atnode_loss_kW,scen
4920,0.0,11113.463869085279,11113.463869085279,0.0,0.0,pvalloc_29nbfs_LRG2_gridoptim_max
4921,0.0,10737.831728562103,10737.831728562103,0.0,0.0,pvalloc_29nbfs_LRG2_gridoptim_max
4922,0.0,10105.311448681487,10105.311448681487,0.0,0.0,pvalloc_29nbfs_LRG2_gridoptim_max
4923,0.0,8120.094880445638,8120.094880445638,0.0,0.0,pvalloc_29nbfs_LRG2_gridoptim_max
4924,0.0,7251.733657230993,7251.733657230993,0.0,0.0,pvalloc_29nbfs_LRG2_gridoptim_max
4925,0.0,6971.075169345189,6971.075169345189,0.0,0.0,pvalloc_29nbfs_LRG2_gridoptim_max
4926,815.4872725855732,3618.2141821680602,3709.441404487184,815.4872725855732,0.0,pvalloc_29nbfs_LRG2_gridoptim_max
4927,15638.410199987686,2565.396533825808,16164.113051994089,15638.410199987686,0.0,pvalloc_29nbfs_LRG2_gridoptim_max
4928,35718.53635660216,2730.358569313444,35924.052846488354,35651.9737109701,66.56264563206088,pvalloc_29nbfs_LRG2_gridoptim_max
4929,54945.33062663259,3383.3676246703985,55123.19847335439,53178.968910011645,1766.3617166209488,pvalloc_29nbfs_LRG2_gridoptim_max
4930,73824.2746300653,3609.579001210335,73962.47030040898,66532.53535818376,7291.739271881597,pvalloc_29nbfs_LRG2_gridoptim_max
4931,88638.60523104356,4122.941324315314,88797.05384380394,74667.8380409171,13970.767190126473,pvalloc_29nbfs_LRG2_gridoptim_max
4932,73653.5695734071,5203.08748178389,73994.66169865592,66395.23850799666,7258.331065410372,pvalloc_29nbfs_LRG2_gridoptim_max
4933,61290.72150883773,6740.212818645233,62198.90552104714,58057.89031864898,3232.8311901887337,pvalloc_29nbfs_LRG2_gridoptim_max
4934,57943.44192181016,5555.331886811121,58522.39185949863,55402.36083129762,2541.0810905125227,pvalloc_29nbfs_LRG2_gridoptim_max
4935,50588.19470450244,5124.714976846567,51186.60070363388,49419.31315394979,1168.8815505526584,pvalloc_29nbfs_LRG2_gridoptim_max
4936,49978.20000671424,4868.598334665915,50522.20981492236,48919.08256724722,1059.117439467038,pvalloc_29nbfs_LRG2_gridoptim_max
4937,33822.00971150163,4313.970890398428,34494.19176294334,33779.93257699045,42.077134511181384,pvalloc_29nbfs_LRG2_gridoptim_max
4938,16215.28402813941,3968.053893891288,17355.497006478643,16215.28402813941,0.0,pvalloc_29nbfs_LRG2_gridoptim_max
4939,7120.365401152305,5213.912290598338,9870.554186216945,7120.365401152305,0.0,pvalloc_29nbfs_LRG2_gridoptim_max
4940,292.836357095626,8880.54990188169,8883.99726835486,292.836357095626,0.0,pvalloc_29nbfs_LRG2_gridoptim_max
4941,0.0,12714.325160437362,12714.325160437362,0.0,0.0,pvalloc_29nbfs_LRG2_gridoptim_max
4942,0.0,13844.117670126652,13844.117670126652,0.0,0.0,pvalloc_29nbfs_LRG2_gridoptim_max
4943,0.0,13190.081500942473,13190.081500942473,0.0,0.0,pvalloc_29nbfs_LRG2_gridoptim_max
4944,0.0,15734.473543662867,15734.473543662867,0.0,0.0,pvalloc_29nbfs_LRG2_gridoptim_max
4945,0.0,11843.652935827871,11843.652935827871,0.0,0.0,pvalloc_29nbfs_LRG2_gridoptim_max
4946,0.0,9148.163406638314,9148.163406638314,0.0,0.0,pvalloc_29nbfs_LRG2_gridoptim_max
4947,0.0,7889.191632688864,7889.191632688864,0.0,0.0,pvalloc_29nbfs_LRG2_gridoptim_max
4948,0.0,7842.183829125384,7842.183829125384,0.0,0.0,pvalloc_29nbfs_LRG2_gridoptim_max
4949,0.0,6888.334696423668,6888.334696423668,0.0,0.0,pvalloc_29nbfs_LRG2_gridoptim_max
4950,7.662290152269789,5213.380799062923,5213.398111425878,7.662290152269789,0.0,pvalloc_29nbfs_LRG2_gridoptim_max
4951,9050.9441511326,2569.6592936243765,9920.585561291826,9050.9441511326,0.0,pvalloc_29nbfs_LRG2_gridoptim_max
4952,30069.573060462477,2584.2796447880546,30301.25769710802,30069.573060462477,0.0,pvalloc_29nbfs_LRG2_gridoptim_max
4953,53592.51273633371,3045.846640432282,53737.43856232328,52058.64960880368,1533.8631275300322,pvalloc_29nbfs_LRG2_gridoptim_max
4954,74850.54935963964,3412.573866023831,74969.8905382359,67156.96867906617,7693.58068057342,pvalloc_29nbfs_LRG2_gridoptim_max
4955,86047.78306156346,3658.5110979635956,86182.2519184467,73304.32301114353,12743.460050419895,pvalloc_29nbfs_LRG2_gridoptim_max
4956,74165.75131405692,4666.295637605643,74421.71203490828,66709.78066963186,7455.97064442513,pvalloc_29nbfs_LRG2_gridoptim_max
4957,49665.1882449849,4927.196331043973,50210.772602989004,48676.34473462587,988.8435103590357,pvalloc_29nbfs_LRG2_gridoptim_max
4958,60429.52856220886,5058.25288183368,60907.86165234866,57214.45835763482,3215.0702045740354,pvalloc_29nbfs_LRG2_gridoptim_max
4959,48196.82597029076,5101.101842406046,48862.14365497623,47373.62906019923,823.1969100915228,pvalloc_29nbfs_LRG2_gridoptim_max
4960,44312.44256158638,4771.388603693307,44955.27987942988,43892.576482323704,419.86607926267675,pvalloc_29nbfs_LRG2_gridoptim_max
4961,35701.13353663263,4855.1441793653885,36527.54357633926,35603.57878783052,97.55474880209795,pvalloc_29nbfs_LRG2_gridoptim_max
4962,19684.135282950465,4740.436467574063,21066.017929980444,19684.135282950465,0.0,pvalloc_29nbfs_LRG2_gridoptim_max
4963,9054.245344334944,6126.141048394837,12237.992935715074,9054.245344334944,0.0,pvalloc_29nbfs_LRG2_gridoptim_max
4964,3.629909223792617,11455.36281352495,11455.36281352495,3.629909223792617,0.0,pvalloc_29nbfs_LRG2_gridoptim_max
4965,0.0,21698.627529472968,21698.627529472968,0.0,0.0,pvalloc_29nbfs_LRG2_gridoptim_max
4966,0.0,15054.668580548849,15054.668580548849,0.0,0.0,pvalloc_29nbfs_LRG2_gridoptim_max
4967,0.0,14761.30043522164,14761.30043522164,0.0,0.0,pvalloc_29nbfs_LRG2_gridoptim_max
4968,0.0,12492.279958567413,12492.279958567413,0.0,0.0,pvalloc_29nbfs_LRG2_gridoptim_max
4969,0.0,10052.532145121633,10052.532145121633,0.0,0.0,pvalloc_29nbfs_LRG2_gridoptim_max
4970,0.0,8034.332061846783,8034.332061846783,0.0,0.0,pvalloc_29nbfs_LRG2_gridoptim_max
4971,0.0,7219.022230515399,7219.022230515399,0.0,0.0,pvalloc_29nbfs_LRG2_gridoptim_max
4972,0.0,6689.043790452775,6689.043790452775,0.0,0.0,pvalloc_29nbfs_LRG2_gridoptim_max
4973,0.0,6426.528200910121,6426.528200910121,0.0,0.0,pvalloc_29nbfs_LRG2_gridoptim_max
4974,159.49975148365672,4007.391290756962,4009.3410390971458,159.49975148365672,0.0,pvalloc_29nbfs_LRG2_gridoptim_max
4975,10121.532985736469,2564.453481566318,10927.368051847146,10121.532985736469,0.0,pvalloc_29nbfs_LRG2_gridoptim_max
4976,3107.720190001757,2953.7624247795725,4788.278030151761,3107.720190001757,0.0,pvalloc_29nbfs_LRG2_gridoptim_max
4977,18193.6499756146,3176.83056871781,18911.46909898033,18193.6499756146,0.0,pvalloc_29nbfs_LRG2_gridoptim_max
4978,35896.22644111005,3473.662542608941,36273.8037297498,35805.0355436221,91.1908974879351,pvalloc_29nbfs_LRG2_gridoptim_max
4979,56900.682980273275,3956.5450041796184,57160.999697662846,54649.785137775754,2250.897842497519,pvalloc_29nbfs_LRG2_gridoptim_max
4980,59165.286352375755,4737.695066993477,59544.42005358159,56400.28745478306,2764.9988975926926,pvalloc_29nbfs_LRG2_gridoptim_max
4981,62462.73144074336,5449.051950974774,62958.57980311417,58870.633312153615,3592.0981285897496,pvalloc_29nbfs_LRG2_gridoptim_max
4982,47268.16626062229,4979.697322599027,47899.481630290284,46581.23639957166,686.9298610506268,pvalloc_29nbfs_LRG2_gridoptim_max
4983,52454.45872232879,5606.736983705357,53137.3605210739,51000.11422719596,1454.3444951328293,pvalloc_29nbfs_LRG2_gridoptim_max
4984,42605.388731376304,4947.9999515495165,43284.45354761237,42325.028465098614,280.3602662776917,pvalloc_29nbfs_LRG2_gridoptim_max
4985,28275.765716186514,4418.053569591566,29140.942431747804,28275.765716186514,0.0,pvalloc_29nbfs_LRG2_gridoptim_max
4986,22347.292513639288,4979.425738690356,23797.062476354567,22347.292513639288,0.0,pvalloc_29nbfs_LRG2_gridoptim_max
4987,9891.990407417754,5180.6561492334895,12403.190155487167,9891.990407417754,0.0,pvalloc_29nbfs_LRG2_gridoptim_max
4988,1.7793007076952996,11633.675158885044,11633.675158885044,1.7793007076952996,0.0,pvalloc_29nbfs_LRG2_gridoptim_max
4989,0.0,15306.207062822388,15306.207062822388,0.0,0.0,pvalloc_29nbfs_LRG2_gridoptim_max
4990,0.0,18487.541112237723,18487.541112237723,0.0,0.0,pvalloc_29nbfs_LRG2_gridoptim_max
4991,0.0,15678.910070087288,15678.910070087288,0.0,0.0,pvalloc_29nbfs_LRG2_gridoptim_max
4992,0.0,12457.950105853317,12457.950105853317,0.0,0.0,pvalloc_29nbfs_LRG2_gridoptim_max
4993,0.0,9566.57816566627,9566.57816566627,0.0,0.0,pvalloc_29nbfs_LRG2_gridoptim_max
4994,0.0,8172.598108657664,8172.598108657664,0.0,0.0,pvalloc_29nbfs_LRG2_gridoptim_max
4995,0.0,7275.373634775014,7275.373634775014,0.0,0.0,pvalloc_29nbfs_LRG2_gridoptim_max
4996,0.0,6657.432000184343,6657.432000184343,0.0,0.0,pvalloc_29nbfs_LRG2_gridoptim_max
4997,0.0,6227.237294939229,6227.237294939229,0.0,0.0,pvalloc_29nbfs_LRG2_gridoptim_max
4998,405.12638591912025,3603.721531022177,3620.7126499786277,405.12638591912025,0.0,pvalloc_29nbfs_LRG2_gridoptim_max
4999,14806.676434326646,2556.7429371384874,15371.48802607814,14806.676434326646,0.0,pvalloc_29nbfs_LRG2_gridoptim_max
5000,33309.37276237399,2809.454912821861,33554.89161792491,33299.027598069864,10.345164304125944,pvalloc_29nbfs_LRG2_gridoptim_max
5001,51610.74502508547,3154.048472067611,51779.155945125975,50397.725795390856,1213.0192296946047,pvalloc_29nbfs_LRG2_gridoptim_max
5002,65200.477251858014,3264.96301957325,65340.77886293772,60881.280492571925,4319.196759286076,pvalloc_29nbfs_LRG2_gridoptim_max
5003,84914.17738119492,3990.1414680629714,85066.89254599699,72755.46995812499,12158.707423069944,pvalloc_29nbfs_LRG2_gridoptim_max
5004,83020.84688897245,4536.892203977538,83222.33146488102,71764.77857089571,11256.068318076686,pvalloc_29nbfs_LRG2_gridoptim_max
5005,89431.3518483646,4662.873221858473,89641.95793336452,75028.12376466743,14403.228083697131,pvalloc_29nbfs_LRG2_gridoptim_max
5006,83278.48117569715,4644.448013336756,83519.97496934069,71784.79110207995,11493.690073617197,pvalloc_29nbfs_LRG2_gridoptim_max
5007,69609.38836048133,4661.818913120965,69906.57225687799,63762.36446851288,5847.023891968469,pvalloc_29nbfs_LRG2_gridoptim_max
5008,54879.2391494655,4131.12320034409,55205.76436655035,52986.5425540941,1892.6965953713961,pvalloc_29nbfs_LRG2_gridoptim_max
5009,32477.30534332885,3875.4067018161995,33044.87284059251,32469.361016903218,7.9443264256368025,pvalloc_29nbfs_LRG2_gridoptim_max
5010,13629.76872897807,4004.060657955872,14994.751639446944,13629.76872897807,0.0,pvalloc_29nbfs_LRG2_gridoptim_max
5011,2489.3964933028656,6139.608948066178,6895.633165424719,2489.3964933028656,0.0,pvalloc_29nbfs_LRG2_gridoptim_max
5012,0.024958675141344665,13839.079955832045,13839.079955832045,0.024958675141344665,0.0,pvalloc_29nbfs_LRG2_gridoptim_max
5013,0.0,14662.18168263524,14662.18168263524,0.0,0.0,pvalloc_29nbfs_LRG2_gridoptim_max
5014,0.0,16274.799124460178,16274.799124460178,0.0,0.0,pvalloc_29nbfs_LRG2_gridoptim_max
5015,0.0,15624.092956490873,15624.092956490873,0.0,0.0,pvalloc_29nbfs_LRG2_gridoptim_max
5016,0.0,12724.185769730164,12724.185769730164,0.0,0.0,pvalloc_29nbfs_LRG2_gridoptim_max
5017,0.0,10867.074894322572,10867.074894322572,0.0,0.0,pvalloc_29nbfs_LRG2_gridoptim_max
5018,0.0,8769.37174164062,8769.37174164062,0.0,0.0,pvalloc_29nbfs_LRG2_gridoptim_max
5019,0.0,7592.314610242441,7592.314610242441,0.0,0.0,pvalloc_29nbfs_LRG2_gridoptim_max
5020,0.0,6804.494587055006,6804.494587055006,0.0,0.0,pvalloc_29nbfs_LRG2_gridoptim_max
5021,0.0,6914.4472014214525,6914.4472014214525,0.0,0.0,pvalloc_29nbfs_LRG2_gridoptim_max
5022,125.24238815169035,4176.1005421892705,4177.673003662756,125.24238815169035,0.0,pvalloc_29nbfs_LRG2_gridoptim_max
5023,10357.425058436202,2595.3622637120466,11174.000486125971,10357.425058436202,0.0,pvalloc_29nbfs_LRG2_gridoptim_max
5024,21522.44857475348,2783.0629074488747,21963.46752748907,21522.44857475348,0.0,pvalloc_29nbfs_LRG2_gridoptim_max
5025,18413.585083269292,3411.930740164993,19293.725788769396,18413.585083269292,0.0,pvalloc_29nbfs_LRG2_gridoptim_max
5026,30336.39636517517,3853.5857085297625,30984.299092105808,30336.39636517517,0.0,pvalloc_29nbfs_LRG2_gridoptim_max
5027,65360.850176553264,3691.19477883266,65545.91636870203,60949.48807428592,4411.362102267357,pvalloc_29nbfs_LRG2_gridoptim_max
5028,78365.6384252133,5405.843390591151,78722.43925984818,69256.3528792689,9109.285545944387,pvalloc_29nbfs_LRG2_gridoptim_max
5029,51659.68730880064,5108.879013785169,52224.80560015881,50331.37939343279,1328.3079153678427,pvalloc_29nbfs_LRG2_gridoptim_max
5030,22534.767504643383,5908.050841662417,24463.185687373738,22534.767504643383,0.0,pvalloc_29nbfs_LRG2_gridoptim_max
5031,25166.20337014365,5019.0469860560215,26452.724438529513,25166.20337014365,0.0,pvalloc_29nbfs_LRG2_gridoptim_max
5032,33495.990193680824,4084.3749124208853,34104.95883862824,33454.71262790528,41.277565775529524,pvalloc_29nbfs_LRG2_gridoptim_max
5033,26505.026375608908,4178.905232308924,27340.707059949767,26505.026375608908,0.0,pvalloc_29nbfs_LRG2_gridoptim_max
5034,16465.17585602022,4781.410581584243,18134.392884179793,16465.17585602022,0.0,pvalloc_29nbfs_LRG2_gridoptim_max
5035,10136.403393680896,5455.584667621188,12729.509788600966,10136.403393680896,0.0,pvalloc_29nbfs_LRG2_gridoptim_max
5036,10.520503725772071,11025.82576603404,11025.838201183198,10.520503725772071,0.0,pvalloc_29nbfs_LRG2_gridoptim_max
5037,0.0,15623.399766375918,15623.399766375918,0.0,0.0,pvalloc_29nbfs_LRG2_gridoptim_max
5038,0.0,16022.715362504954,16022.715362504954,0.0,0.0,pvalloc_29nbfs_LRG2_gridoptim_max
5039,0.0,16439.75171535185,16439.75171535185,0.0,0.0,pvalloc_29nbfs_LRG2_gridoptim_max
5040,0.0,12326.556850038325,12326.556850038325,0.0,0.0,pvalloc_29nbfs_LRG2_gridoptim_max
5041,0.0,9488.472208125193,9488.472208125193,0.0,0.0,pvalloc_29nbfs_LRG2_gridoptim_max
5042,0.0,8024.435333822399,8024.435333822399,0.0,0.0,pvalloc_29nbfs_LRG2_gridoptim_max
5043,0.0,7253.657469496068,7253.657469496068,0.0,0.0,pvalloc_29nbfs_LRG2_gridoptim_max
5044,0.0,6638.189465394041,6638.189465394041,0.0,0.0,pvalloc_29nbfs_LRG2_gridoptim_max
5045,0.0,6441.09672928257,6441.09672928257,0.0,0.0,pvalloc_29nbfs_LRG2_gridoptim_max
5046,125.82861762094949,4153.706873991382,4155.25816372495,125.82861762094949,0.0,pvalloc_29nbfs_LRG2_gridoptim_max
5047,11206.21739703884,2675.4880630763196,12054.501275356952,11206.21739703884,0.0,pvalloc_29nbfs_LRG2_gridoptim_max
5048,32139.161655204178,2999.5910168265546,32438.07681040919,32139.161655204178,0.0,pvalloc_29nbfs_LRG2_gridoptim_max
5049,52738.819711081065,3374.1993358299055,52928.07649502315,51359.78986504273,1379.0298460383278,pvalloc_29nbfs_LRG2_gridoptim_max
5050,71688.33874031856,3455.7651723502536,71810.17555262853,65243.285661971684,6445.053078346931,pvalloc_29nbfs_LRG2_gridoptim_max
5051,65343.38566231303,3862.8350385515505,65540.10402621464,60968.908451239215,4374.477211073824,pvalloc_29nbfs_LRG2_gridoptim_max
5052,59872.330843038784,4506.010207820127,60197.754329247815,56960.59578324665,2911.735059792123,pvalloc_29nbfs_LRG2_gridoptim_max
5053,66410.33288060676,4770.22418413087,66731.70728924197,61660.02026411916,4750.312616487712,pvalloc_29nbfs_LRG2_gridoptim_max
5054,67529.58612165808,4641.523199183358,67841.47077407513,62340.9928279684,5188.59329368961,pvalloc_29nbfs_LRG2_gridoptim_max
5055,57117.29402282066,4919.372567907294,57564.289596491224,54755.91371068379,2361.3803121368765,pvalloc_29nbfs_LRG2_gridoptim_max
5056,51014.99040868977,4354.764280738541,51405.456865572734,49824.914967952034,1190.075440737742,pvalloc_29nbfs_LRG2_gridoptim_max
5057,34079.816410879095,3764.2249207628533,34589.095130300004,34036.52311847777,43.29329240131602,pvalloc_29nbfs_LRG2_gridoptim_max
5058,12031.87957671906,3762.151749895331,13340.081996994244,12031.87957671906,0.0,pvalloc_29nbfs_LRG2_gridoptim_max
5059,6128.356136769376,4417.859278333943,8397.681260558531,6128.356136769376,0.0,pvalloc_29nbfs_LRG2_gridoptim_max
5060,210.74799579234514,7679.436696148422,7682.026853044151,210.74799579234514,0.0,pvalloc_29nbfs_LRG2_gridoptim_max
5061,0.0,12442.644294585474,12442.644294585474,0.0,0.0,pvalloc_29nbfs_LRG2_gridoptim_max
5062,0.0,12652.578225358759,12652.578225358759,0.0,0.0,pvalloc_29nbfs_LRG2_gridoptim_max
5063,0.0,12878.862779430521,12878.862779430521,0.0,0.0,pvalloc_29nbfs_LRG2_gridoptim_max
5064,0.0,12350.755659688532,12350.755659688532,0.0,0.0,pvalloc_29nbfs_LRG2_gridoptim_max
5065,0.0,11097.685205202353,11097.685205202353,0.0,0.0,pvalloc_29nbfs_LRG2_gridoptim_max
5066,0.0,9294.124150992036,9294.124150992036,0.0,0.0,pvalloc_29nbfs_LRG2_gridoptim_max
5067,0.0,7868.8472553816255,7868.8472553816255,0.0,0.0,pvalloc_29nbfs_LRG2_gridoptim_max
5068,0.0,6865.793803809358,6865.793803809358,0.0,0.0,pvalloc_29nbfs_LRG2_gridoptim_max
5069,0.0,7046.117084101745,7046.117084101745,0.0,0.0,pvalloc_29nbfs_LRG2_gridoptim_max
5070,116.6842661793673,4262.46360447135,4263.910568641915,116.6842661793673,0.0,pvalloc_29nbfs_LRG2_gridoptim_max
5071,13077.32368214559,2525.529580133799,13707.175535825396,13077.32368214559,0.0,pvalloc_29nbfs_LRG2_gridoptim_max
5072,29949.338764740663,2830.6819347724204,30240.31276008676,29949.338764740663,0.0,pvalloc_29nbfs_LRG2_gridoptim_max
5073,52006.91033330382,3235.119216048023,52187.09531425338,50718.839173212305,1288.0711600915224,pvalloc_29nbfs_LRG2_gridoptim_max
5074,69278.57211174807,3526.1231572396796,69438.11783583136,63626.43813120965,5652.133980538314,pvalloc_29nbfs_LRG2_gridoptim_max
5075,79768.98388503474,3948.522379586093,79943.43922044657,69932.343823658,9836.640061376784,pvalloc_29nbfs_LRG2_gridoptim_max
5076,70345.45148567682,4492.797413544892,70602.73053877364,64292.68879077713,6052.7626948997195,pvalloc_29nbfs_LRG2_gridoptim_max
5077,62227.079542822576,4924.652267420666,62612.292754704795,58680.5733976002,3546.506145222388,pvalloc_29nbfs_LRG2_gridoptim_max
5078,52865.189920073026,5104.432394213774,53430.609800851445,51306.21633408708,1558.9735859859438,pvalloc_29nbfs_LRG2_gridoptim_max
5079,32826.49201496163,5125.95088986111,33847.347823499025,32798.57064010071,27.92137486092156,pvalloc_29nbfs_LRG2_gridoptim_max
5080,36003.77964527743,4746.771622971509,36770.83963695904,35899.62090872603,104.15873655138813,pvalloc_29nbfs_LRG2_gridoptim_max
5081,28366.94006780852,4510.403893087708,29270.629416405325,28366.94006780852,0.0,pvalloc_29nbfs_LRG2_gridoptim_max
5082,16194.935621914252,4465.171187990327,17650.16598512367,16194.935621914252,0.0,pvalloc_29nbfs_LRG2_gridoptim_max
5083,8523.16157230938,4787.330114853853,10793.90713822006,8523.16157230938,0.0,pvalloc_29nbfs_LRG2_gridoptim_max
5084,44.767042503057894,9064.934682172732,9065.211692203664,44.767042503057894,0.0,pvalloc_29nbfs_LRG2_gridoptim_max
5085,0.0,14038.884071464148,14038.884071464148,0.0,0.0,pvalloc_29nbfs_LRG2_gridoptim_max
5086,0.0,16707.67865740891,16707.67865740891,0.0,0.0,pvalloc_29nbfs_LRG2_gridoptim_max
5087,0.0,14798.423471834056,14798.423471834056,0.0,0.0,pvalloc_29nbfs_LRG2_gridoptim_max
5088,0.0,12920.992928294934,12920.992928294934,0.0,0.0,pvalloc_29nbfs_LRG2_gridoptim_max
5089,0.0,9900.944565301277,9900.944565301277,0.0,0.0,pvalloc_29nbfs_LRG2_gridoptim_max
5090,0.0,9389.78590368506,9389.78590368506,0.0,0.0,pvalloc_29nbfs_LRG2_gridoptim_max
5091,0.0,7401.546438254426,7401.546438254426,0.0,0.0,pvalloc_29nbfs_LRG2_gridoptim_max
5092,0.0,6692.067790682453,6692.067790682453,0.0,0.0,pvalloc_29nbfs_LRG2_gridoptim_max
5093,0.0,6497.448685059626,6497.448685059626,0.0,0.0,pvalloc_29nbfs_LRG2_gridoptim_max
5094,297.5625700708032,3860.0686017697217,3863.9726169856644,297.5625700708032,0.0,pvalloc_29nbfs_LRG2_gridoptim_max
5095,14691.24394875183,2399.43505872432,15176.004981480313,14691.24394875183,0.0,pvalloc_29nbfs_LRG2_gridoptim_max
5096,34544.02475887098,2394.3910359521597,34699.35333216513,34514.82696728786,29.197791583123262,pvalloc_29nbfs_LRG2_gridoptim_max
5097,56466.79183023145,2829.9041018373437,56581.04425331592,54413.60091100069,2053.190919230765,pvalloc_29nbfs_LRG2_gridoptim_max
5098,73232.29234051514,2952.5387853736647,73330.94680311177,66202.38253402502,7029.909806490064,pvalloc_29nbfs_LRG2_gridoptim_max
5099,88599.6490026297,3546.6136069004765,88729.18153994798,74622.69808442453,13976.950918205122,pvalloc_29nbfs_LRG2_gridoptim_max
5100,74805.4250524312,4962.945815801076,75097.79932660889,67080.93056424682,7724.49448818436,pvalloc_29nbfs_LRG2_gridoptim_max
5101,65610.75925673029,5638.27543300471,66115.902276062,61027.70100000609,4583.058256724188,pvalloc_29nbfs_LRG2_gridoptim_max
5102,70657.90697250873,5719.927689841852,71160.62984444143,64322.90054558955,6335.0064269191535,pvalloc_29nbfs_LRG2_gridoptim_max
5103,64502.37182831241,5197.1189901497555,64961.06542580324,60202.89722621133,4299.474602101078,pvalloc_29nbfs_LRG2_gridoptim_max
5104,60724.13616024098,4989.79991519638,61188.2810935433,57435.47696719245,3288.659193048532,pvalloc_29nbfs_LRG2_gridoptim_max
5105,25673.96851398722,4844.3441049229505,26766.038202319975,25673.96851398722,0.0,pvalloc_29nbfs_LRG2_gridoptim_max
5106,6493.753756882481,5170.125823656647,9117.413026324886,6493.753756882481,0.0,pvalloc_29nbfs_LRG2_gridoptim_max
5107,1404.590730277989,6967.219892444963,7086.148818660166,1404.590730277989,0.0,pvalloc_29nbfs_LRG2_gridoptim_max
5108,0.5412050785959202,11358.75881536401,11358.75881536401,0.5412050785959202,0.0,pvalloc_29nbfs_LRG2_gridoptim_max
5109,0.0,13173.891725783154,13173.891725783154,0.0,0.0,pvalloc_29nbfs_LRG2_gridoptim_max
5110,0.0,13106.449704799226,13106.449704799226,0.0,0.0,pvalloc_29nbfs_LRG2_gridoptim_max
5111,0.0,12603.245316458499,12603.245316458499,0.0,0.0,pvalloc_29nbfs_LRG2_gridoptim_max
5112,0.0,10413.182078012227,10413.182078012227,0.0,0.0,pvalloc_29nbfs_LRG2_gridoptim_max
5113,0.0,8993.403916155024,8993.403916155024,0.0,0.0,pvalloc_29nbfs_LRG2_gridoptim_max
5114,0.0,7817.1726151270905,7817.1726151270905,0.0,0.0,pvalloc_29nbfs_LRG2_gridoptim_max
5115,0.0,7187.960258470544,7187.960258470544,0.0,0.0,pvalloc_29nbfs_LRG2_gridoptim_max
5116,0.0,6597.782238100715,6597.782238100715,0.0,0.0,pvalloc_29nbfs_LRG2_gridoptim_max
5117,0.0,6653.582169584411,6653.582169584411,0.0,0.0,pvalloc_29nbfs_LRG2_gridoptim_max
5118,142.57535712978037,4136.713013426919,4138.397816545218,142.57535712978037,0.0,pvalloc_29nbfs_LRG2_gridoptim_max
5119,10188.292007420869,2386.9470306186904,10889.651069864858,10188.292007420869,0.0,pvalloc_29nbfs_LRG2_gridoptim_max
5120,30920.185859702873,2410.360720223922,31107.284466827772,30920.185859702873,0.0,pvalloc_29nbfs_LRG2_gridoptim_max
5121,54044.36523286255,2747.5371839249465,54161.144884666915,52456.40987355404,1587.9553593085116,pvalloc_29nbfs_LRG2_gridoptim_max
5122,69915.63940509743,3219.685747814582,70035.11860224413,64113.88877300772,5801.750632089714,pvalloc_29nbfs_LRG2_gridoptim_max
5123,88270.39240438587,3536.7108006001777,88380.62534192702,74537.39666623175,13732.995738154106,pvalloc_29nbfs_LRG2_gridoptim_max
5124,87864.01891719199,4756.053727187061,88060.41915022892,74373.5864365539,13490.432480638045,pvalloc_29nbfs_LRG2_gridoptim_max
5125,87785.58774767148,5592.327268462074,88088.67129348544,74256.44225321841,13529.145494453096,pvalloc_29nbfs_LRG2_gridoptim_max
5126,81560.65191023589,5465.473668583298,81893.50407119056,70889.00381143512,10671.648098800804,pvalloc_29nbfs_LRG2_gridoptim_max
5127,77034.25216583874,5376.483250136717,77396.24151060198,68308.3628750657,8725.889290773062,pvalloc_29nbfs_LRG2_gridoptim_max
5128,68229.9210087849,4534.167088377615,68525.14058986562,62835.370751974755,5394.550256810106,pvalloc_29nbfs_LRG2_gridoptim_max
5129,50034.82487391113,4374.26794723797,50448.25770199145,49005.24998337659,1029.5748905345383,pvalloc_29nbfs_LRG2_gridoptim_max
5130,30618.357270988297,4934.663035660093,31606.138686276106,30618.357270988297,0.0,pvalloc_29nbfs_LRG2_gridoptim_max
5131,12105.578205017555,5043.062018934186,14286.800164521228,12105.578205017555,0.0,pvalloc_29nbfs_LRG2_gridoptim_max
5132,1.376584551653424,11966.475014481402,11966.475014481402,1.376584551653424,0.0,pvalloc_29nbfs_LRG2_gridoptim_max
5133,0.0,18228.216139042957,18228.216139042957,0.0,0.0,pvalloc_29nbfs_LRG2_gridoptim_max
5134,0.0,18162.49636171034,18162.49636171034,0.0,0.0,pvalloc_29nbfs_LRG2_gridoptim_max
5135,0.0,15581.301938822113,15581.301938822113,0.0,0.0,pvalloc_29nbfs_LRG2_gridoptim_max
5136,0.0,13660.5186615185,13660.5186615185,0.0,0.0,pvalloc_29nbfs_LRG2_gridoptim_max
5137,0.0,10358.480128423342,10358.480128423342,0.0,0.0,pvalloc_29nbfs_LRG2_gridoptim_max
5138,0.0,8828.47113398323,8828.47113398323,0.0,0.0,pvalloc_29nbfs_LRG2_gridoptim_max
5139,0.0,7213.798405873982,7213.798405873982,0.0,0.0,pvalloc_29nbfs_LRG2_gridoptim_max
5140,0.0,6479.031429122139,6479.031429122139,0.0,0.0,pvalloc_29nbfs_LRG2_gridoptim_max
5141,0.0,6403.16258096044,6403.16258096044,0.0,0.0,pvalloc_29nbfs_LRG2_gridoptim_max
5142,124.61315346338634,4179.428323976388,4180.808409101727,124.61315346338634,0.0,pvalloc_29nbfs_LRG2_gridoptim_max
5143,13205.604924902582,2382.7251194783476,13743.81888380306,13205.604924902582,0.0,pvalloc_29nbfs_LRG2_gridoptim_max
5144,32867.43895812456,2697.000125193711,33085.33065325938,32867.43895812456,0.0,pvalloc_29nbfs_LRG2_gridoptim_max
5145,53576.43339574795,3251.568225191645,53739.055252959435,52070.585080978526,1505.8483147694321,pvalloc_29nbfs_LRG2_gridoptim_max
5146,73817.18025845845,3370.8182022151227,73937.75739355967,66590.68002244046,7226.5002360180615,pvalloc_29nbfs_LRG2_gridoptim_max
5147,87004.02284999903,4308.7654120359,87156.0837393238,73963.6589050558,13040.363944943278,pvalloc_29nbfs_LRG2_gridoptim_max
5148,82650.32285989076,5883.393456001827,83048.66378222912,71746.89786662672,10903.424993264007,pvalloc_29nbfs_LRG2_gridoptim_max
5149,87436.20965655458,5396.021936038552,87710.75327799708,74165.42147148526,13270.78818506932,pvalloc_29nbfs_LRG2_gridoptim_max
5150,87045.41997464852,4545.334343083406,87274.10771160175,73762.79225808186,13282.627716566683,pvalloc_29nbfs_LRG2_gridoptim_max
5151,75302.32219844633,5086.083306872193,75610.74653030376,67364.69878577148,7937.623412674724,pvalloc_29nbfs_LRG2_gridoptim_max
5152,62735.452990441125,4314.478191098243,63014.21159601368,59061.61928862729,3673.8337018137936,pvalloc_29nbfs_LRG2_gridoptim_max
5153,45588.1192298908,3978.3597715507753,45941.74169933611,45150.14396430495,437.97526558584195,pvalloc_29nbfs_LRG2_gridoptim_max
5154,30450.266862935518,3979.466973737413,31067.03942489881,30450.266862935518,0.0,pvalloc_29nbfs_LRG2_gridoptim_max
5155,10089.295171121212,5684.163026611971,12935.720234668219,10089.295171121212,0.0,pvalloc_29nbfs_LRG2_gridoptim_max
5156,1.0050200731623626,13236.803780013259,13236.803780013259,1.0050200731623626,0.0,pvalloc_29nbfs_LRG2_gridoptim_max
5157,0.0,16656.158247084175,16656.158247084175,0.0,0.0,pvalloc_29nbfs_LRG2_gridoptim_max
5158,0.0,16956.66673318879,16956.66673318879,0.0,0.0,pvalloc_29nbfs_LRG2_gridoptim_max
5159,0.0,13878.197386105796,13878.197386105796,0.0,0.0,pvalloc_29nbfs_LRG2_gridoptim_max
5160,0.0,13359.709264488023,13359.709264488023,0.0,0.0,pvalloc_29nbfs_LRG2_gridoptim_max
5161,0.0,9823.421723926976,9823.421723926976,0.0,0.0,pvalloc_29nbfs_LRG2_gridoptim_max
5162,0.0,8004.918441437758,8004.918441437758,0.0,0.0,pvalloc_29nbfs_LRG2_gridoptim_max
5163,0.0,7279.771629046192,7279.771629046192,0.0,0.0,pvalloc_29nbfs_LRG2_gridoptim_max
5164,0.0,6702.512682378077,6702.512682378077,0.0,0.0,pvalloc_29nbfs_LRG2_gridoptim_max
5165,0.0,6398.7645866892735,6398.7645866892735,0.0,0.0,pvalloc_29nbfs_LRG2_gridoptim_max
5166,102.30194312746053,4365.809984610746,4366.910648683,102.30194312746053,0.0,pvalloc_29nbfs_LRG2_gridoptim_max
5167,12564.864201117687,2580.5921920598716,13254.489595955642,12564.864201117687,0.0,pvalloc_29nbfs_LRG2_gridoptim_max
5168,32815.780520976536,2959.0568547213793,33090.32504832632,32815.780520976536,0.0,pvalloc_29nbfs_LRG2_gridoptim_max
5169,54504.31016844058,3202.012765199912,54658.36143989102,52828.95582233235,1675.3543461082313,pvalloc_29nbfs_LRG2_gridoptim_max
5170,74383.08678945125,3097.979515917103,74490.68742583232,66906.81218931917,7476.274600132091,pvalloc_29nbfs_LRG2_gridoptim_max
5171,89081.89481371915,3812.6872060228725,89208.96121370292,74949.9027051318,14131.99210858735,pvalloc_29nbfs_LRG2_gridoptim_max
5172,83407.8679946277,4330.774583238686,83598.88048984796,71982.17038964195,11425.697604985782,pvalloc_29nbfs_LRG2_gridoptim_max
5173,77734.25236427791,4639.510284410473,77984.68186927454,68789.18796709595,8945.064397181895,pvalloc_29nbfs_LRG2_gridoptim_max
5174,87952.61194400668,4592.249445787678,88177.45892571898,74246.72792781172,13705.884016194983,pvalloc_29nbfs_LRG2_gridoptim_max
5175,75792.2959908314,4774.892324308823,76077.1934348128,67613.95388136238,8178.3421094690075,pvalloc_29nbfs_LRG2_gridoptim_max
5176,60705.9257370672,4589.067275941681,61045.54803561059,57525.02147831187,3180.9042587553213,pvalloc_29nbfs_LRG2_gridoptim_max
5177,41523.615096237656,4257.9070367486165,42022.45984244869,41310.99910941267,212.61598682499755,pvalloc_29nbfs_LRG2_gridoptim_max
5178,22750.302909059283,4181.300954746877,23703.995228017066,22750.302909059283,0.0,pvalloc_29nbfs_LRG2_gridoptim_max
5179,9311.074841228878,4360.3465416383,11168.438781981227,9311.074841228878,0.0,pvalloc_29nbfs_LRG2_gridoptim_max
5180,20.041657698548974,9611.171387171167,9611.328348562589,20.041657698548974,0.0,pvalloc_29nbfs_LRG2_gridoptim_max
5181,0.0,17958.547144614717,17958.547144614717,0.0,0.0,pvalloc_29nbfs_LRG2_gridoptim_max
5182,0.0,15508.105894089556,15508.105894089556,0.0,0.0,pvalloc_29nbfs_LRG2_gridoptim_max
5183,0.0,14273.897403473246,14273.897403473246,0.0,0.0,pvalloc_29nbfs_LRG2_gridoptim_max
5184,0.0,13200.33224655577,13200.33224655577,0.0,0.0,pvalloc_29nbfs_LRG2_gridoptim_max
5185,0.0,9638.325646422076,9638.325646422076,0.0,0.0,pvalloc_29nbfs_LRG2_gridoptim_max
5186,0.0,8321.584507793394,8321.584507793394,0.0,0.0,pvalloc_29nbfs_LRG2_gridoptim_max
5187,0.0,7169.817360127395,7169.817360127395,0.0,0.0,pvalloc_29nbfs_LRG2_gridoptim_max
5188,0.0,7079.928698781938,7079.928698781938,0.0,0.0,pvalloc_29nbfs_LRG2_gridoptim_max
5189,0.0,6529.334832922409,6529.334832922409,0.0,0.0,pvalloc_29nbfs_LRG2_gridoptim_max
5190,43.497581879751806,4782.13348165916,4782.629863854924,43.497581879751806,0.0,pvalloc_29nbfs_LRG2_gridoptim_max
5191,10297.001248284112,2532.971226252629,11070.815037089009,10297.001248284112,0.0,pvalloc_29nbfs_LRG2_gridoptim_max
5192,27400.826054274887,2893.809909952023,27742.032563890803,27400.826054274887,0.0,pvalloc_29nbfs_LRG2_gridoptim_max
5193,48822.84759294813,3156.218660578848,48998.71102203075,48084.52329293373,738.3243000143913,pvalloc_29nbfs_LRG2_gridoptim_max
5194,61850.81767971091,3439.043218654837,62009.225572173804,58495.84028165059,3354.9773980603327,pvalloc_29nbfs_LRG2_gridoptim_max
5195,70342.79360735392,4129.970645924649,70538.40780599408,64402.96009427298,5939.833513080928,pvalloc_29nbfs_LRG2_gridoptim_max
5196,67833.21648206245,5117.420790804016,68200.7613187013,62768.177463576154,5065.039018486206,pvalloc_29nbfs_LRG2_gridoptim_max
5197,72032.05250084758,4981.655456149967,72342.3002134727,65369.80884670605,6662.243654141551,pvalloc_29nbfs_LRG2_gridoptim_max
5198,70791.89040676501,5498.429209395951,71202.30355904497,64566.99072885487,6224.899677910105,pvalloc_29nbfs_LRG2_gridoptim_max
5199,69910.13862188742,4958.903746140858,70248.29927656244,63963.14920996927,5946.989411918192,pvalloc_29nbfs_LRG2_gridoptim_max
5200,42032.577974775275,3856.8026003581595,42427.69331001104,41799.04854009074,233.52943468454032,pvalloc_29nbfs_LRG2_gridoptim_max
5201,27006.09143500732,3846.5658176747834,27675.236864701503,27006.09143500732,0.0,pvalloc_29nbfs_LRG2_gridoptim_max
5202,12995.614645198792,4383.159903859908,14703.696991557998,12995.614645198792,0.0,pvalloc_29nbfs_LRG2_gridoptim_max
5203,8155.118266023147,4863.189729247032,10524.103269713858,8155.118266023147,0.0,pvalloc_29nbfs_LRG2_gridoptim_max
5204,0.0,15104.626985880364,15104.626985880364,0.0,0.0,pvalloc_29nbfs_LRG2_gridoptim_max
5205,0.0,15791.348827533153,15791.348827533153,0.0,0.0,pvalloc_29nbfs_LRG2_gridoptim_max
5206,0.0,15247.755727980579,15247.755727980579,0.0,0.0,pvalloc_29nbfs_LRG2_gridoptim_max
5207,0.0,15008.22525066832,15008.22525066832,0.0,0.0,pvalloc_29nbfs_LRG2_gridoptim_max
5208,0.0,12069.433844123945,12069.433844123945,0.0,0.0,pvalloc_29nbfs_LRG2_gridoptim_max
5209,0.0,11145.876780548273,11145.876780548273,0.0,0.0,pvalloc_29nbfs_LRG2_gridoptim_max
5210,0.0,8940.899584908117,8940.899584908117,0.0,0.0,pvalloc_29nbfs_LRG2_gridoptim_max
5211,0.0,7874.895807358424,7874.895807358424,0.0,0.0,pvalloc_29nbfs_LRG2_gridoptim_max
5212,0.0,7043.644556647981,7043.644556647981,0.0,0.0,pvalloc_29nbfs_LRG2_gridoptim_max
5213,0.0,7125.558647681808,7125.558647681808,0.0,0.0,pvalloc_29nbfs_LRG2_gridoptim_max
5214,3.608269617264815,5743.405381889333,5743.477065185147,3.608269617264815,0.0,pvalloc_29nbfs_LRG2_gridoptim_max
5215,1639.570821189677,3051.794678832932,3689.829182848293,1639.570821189677,0.0,pvalloc_29nbfs_LRG2_gridoptim_max
5216,6062.155966375452,2981.615460990854,7441.041415788373,6062.155966375452,0.0,pvalloc_29nbfs_LRG2_gridoptim_max
5217,12108.355584223218,3229.3896437588546,13211.6259589205,12108.355584223218,0.0,pvalloc_29nbfs_LRG2_gridoptim_max
5218,23708.3336679383,3348.4897557595123,24293.53205861914,23708.3336679383,0.0,pvalloc_29nbfs_LRG2_gridoptim_max
5219,28211.98635897597,3995.09582996438,28910.51872840634,28211.98635897597,0.0,pvalloc_29nbfs_LRG2_gridoptim_max
5220,20888.682786959474,5153.105209856724,22610.844686148997,20888.682786959474,0.0,pvalloc_29nbfs_LRG2_gridoptim_max
5221,45348.05134453724,4582.634318847658,45881.148006674885,44893.14719294223,454.9041515950126,pvalloc_29nbfs_LRG2_gridoptim_max
5222,59957.92360979177,4751.169427652901,60346.94550153585,56921.50228105665,3036.4213287351276,pvalloc_29nbfs_LRG2_gridoptim_max
5223,47084.18788223614,4778.8686970642175,47630.23566486342,46467.073175146,617.1147070901347,pvalloc_29nbfs_LRG2_gridoptim_max
5224,47439.83904462774,4167.365512231297,47833.866969519586,46799.171462512684,640.6675821150541,pvalloc_29nbfs_LRG2_gridoptim_max
5225,35529.11862331398,4247.385010574515,36127.47908990333,35460.98870996877,68.12991334521138,pvalloc_29nbfs_LRG2_gridoptim_max
5226,24765.800722312615,4141.388108427709,25615.37555496819,24765.800722312615,0.0,pvalloc_29nbfs_LRG2_gridoptim_max
5227,10189.613126047134,4831.591948053002,12342.232016934653,10189.613126047134,0.0,pvalloc_29nbfs_LRG2_gridoptim_max
5228,0.2539297392622201,12361.984112338338,12361.984112338338,0.2539297392622201,0.0,pvalloc_29nbfs_LRG2_gridoptim_max
5229,0.0,17463.787611216965,17463.787611216965,0.0,0.0,pvalloc_29nbfs_LRG2_gridoptim_max
5230,0.0,16776.24576513662,16776.24576513662,0.0,0.0,pvalloc_29nbfs_LRG2_gridoptim_max
5231,0.0,13863.094861205218,13863.094861205218,0.0,0.0,pvalloc_29nbfs_LRG2_gridoptim_max
5232,0.0,12379.083196074876,12379.083196074876,0.0,0.0,pvalloc_29nbfs_LRG2_gridoptim_max
5233,0.0,10840.79645112631,10840.79645112631,0.0,0.0,pvalloc_29nbfs_LRG2_gridoptim_max
5234,0.0,8839.19314086043,8839.19314086043,0.0,0.0,pvalloc_29nbfs_LRG2_gridoptim_max
5235,0.0,7691.549078353807,7691.549078353807,0.0,0.0,pvalloc_29nbfs_LRG2_gridoptim_max
5236,0.0,6881.188714069509,6881.188714069509,0.0,0.0,pvalloc_29nbfs_LRG2_gridoptim_max
5237,0.0,7020.828203404437,7020.828203404437,0.0,0.0,pvalloc_29nbfs_LRG2_gridoptim_max
5238,66.05122249155731,4755.486413301996,4756.170776119197,66.05122249155731,0.0,pvalloc_29nbfs_LRG2_gridoptim_max
5239,11373.356754847977,2639.432806540843,12127.250409111617,11373.356754847977,0.0,pvalloc_29nbfs_LRG2_gridoptim_max
5240,24220.695209764126,2964.3214713760085,24647.120974694437,24220.695209764126,0.0,pvalloc_29nbfs_LRG2_gridoptim_max
5241,47940.07378394684,3192.507395842995,48128.20488379462,47306.14012526586,633.9336586809779,pvalloc_29nbfs_LRG2_gridoptim_max
5242,61791.1182266016,3644.496928156761,61969.302208577355,58449.527066111325,3341.5911604902767,pvalloc_29nbfs_LRG2_gridoptim_max
5243,68297.79923055491,3958.520021918728,68492.62138576931,63006.04409432327,5291.755136231671,pvalloc_29nbfs_LRG2_gridoptim_max
5244,56052.319282733275,4472.6755160470775,56400.84080780429,53995.95878582577,2056.3604969074904,pvalloc_29nbfs_LRG2_gridoptim_max
5245,54493.22061596656,4992.487352918986,54974.75894367601,52716.01772487135,1777.2028910952074,pvalloc_29nbfs_LRG2_gridoptim_max
5246,50860.71544909717,5040.540403133761,51437.9526053071,49654.15160912335,1206.563839973819,pvalloc_29nbfs_LRG2_gridoptim_max
5247,50607.90702143768,4731.18347625389,51112.07538486879,49456.27096295088,1151.6360584867937,pvalloc_29nbfs_LRG2_gridoptim_max
5248,43041.00762729418,4171.62424857715,43522.39952599111,42743.46611945937,297.5415078348032,pvalloc_29nbfs_LRG2_gridoptim_max
5249,35133.1747228511,4047.7740006916574,35688.90218275814,35071.83084254592,61.343880305180164,pvalloc_29nbfs_LRG2_gridoptim_max
5250,17984.39482859568,4592.391630275254,19391.37400007684,17984.39482859568,0.0,pvalloc_29nbfs_LRG2_gridoptim_max
5251,8267.378023595405,5193.693165617221,10840.807360660541,8267.378023595405,0.0,pvalloc_29nbfs_LRG2_gridoptim_max
5252,0.0,19016.661899300107,19016.661899300107,0.0,0.0,pvalloc_29nbfs_LRG2_gridoptim_max
5253,0.0,19290.580116971654,19290.580116971654,0.0,0.0,pvalloc_29nbfs_LRG2_gridoptim_max
5254,0.0,16835.268381474212,16835.268381474212,0.0,0.0,pvalloc_29nbfs_LRG2_gridoptim_max
5255,0.0,14924.78827852718,14924.78827852718,0.0,0.0,pvalloc_29nbfs_LRG2_gridoptim_max
5256,0.0,13381.168060104112,13381.168060104112,0.0,0.0,pvalloc_29nbfs_LRG2_gridoptim_max
5257,0.0,10539.960012448035,10539.960012448035,0.0,0.0,pvalloc_29nbfs_LRG2_gridoptim_max
5258,0.0,8429.066249258416,8429.066249258416,0.0,0.0,pvalloc_29nbfs_LRG2_gridoptim_max
5259,0.0,7662.686930720703,7662.686930720703,0.0,0.0,pvalloc_29nbfs_LRG2_gridoptim_max
5260,0.0,6987.56971605249,6987.56971605249,0.0,0.0,pvalloc_29nbfs_LRG2_gridoptim_max
5261,0.0,6946.060646242224,6946.060646242224,0.0,0.0,pvalloc_29nbfs_LRG2_gridoptim_max
5262,58.369077679886395,5001.356632006767,5001.979700933912,58.369077679886395,0.0,pvalloc_29nbfs_LRG2_gridoptim_max
5263,12592.923712611564,2592.7009958616745,13252.39501129717,12592.923712611564,0.0,pvalloc_29nbfs_LRG2_gridoptim_max
5264,33254.729613964766,2892.4240876656554,33509.98690587577,33250.77737619265,3.952237772112312,pvalloc_29nbfs_LRG2_gridoptim_max
5265,55780.678199575465,2984.250987392316,55914.6649921263,53858.50824034696,1922.1699592285145,pvalloc_29nbfs_LRG2_gridoptim_max
5266,74666.55509730223,3775.274144492402,74807.92587823478,67119.62872977763,7546.926367524595,pvalloc_29nbfs_LRG2_gridoptim_max
5267,88167.308162916,4869.1697456942165,88367.07704116577,74575.25117496587,13592.056987950122,pvalloc_29nbfs_LRG2_gridoptim_max
5268,85480.00614010869,5932.126101449814,85849.42322464888,73175.83241100288,12304.173729105814,pvalloc_29nbfs_LRG2_gridoptim_max
5269,90341.33792885525,5892.079677349886,90670.00542922356,75559.3879013155,14781.95002753974,pvalloc_29nbfs_LRG2_gridoptim_max
5270,90824.80550826502,5282.79091502351,91139.00675254066,75534.62211793812,15290.183390326858,pvalloc_29nbfs_LRG2_gridoptim_max
5271,82430.39924254833,5075.004817960054,82733.58924991167,71310.11045118453,11120.288791363837,pvalloc_29nbfs_LRG2_gridoptim_max
5272,68676.2004638245,4832.255008491737,69002.2340329977,63147.65145474589,5528.549009078493,pvalloc_29nbfs_LRG2_gridoptim_max
5273,51735.87243520252,4388.896080484301,52140.43039953637,50419.74196650747,1316.1304686950468,pvalloc_29nbfs_LRG2_gridoptim_max
5274,31027.26441807288,4491.178003515667,31817.32562156535,31027.26441807288,0.0,pvalloc_29nbfs_LRG2_gridoptim_max
5275,12576.817377111327,4761.507797983529,14392.022761675546,12576.817377111327,0.0,pvalloc_29nbfs_LRG2_gridoptim_max
5276,0.001144878417680309,16131.358194372164,16131.358194372164,0.001144878417680309,0.0,pvalloc_29nbfs_LRG2_gridoptim_max
5277,0.0,16661.54003587522,16661.54003587522,0.0,0.0,pvalloc_29nbfs_LRG2_gridoptim_max
5278,0.0,16071.879638820656,16071.879638820656,0.0,0.0,pvalloc_29nbfs_LRG2_gridoptim_max
5279,0.0,16513.61501158644,16513.61501158644,0.0,0.0,pvalloc_29nbfs_LRG2_gridoptim_max
5280,0.0,14223.402737580198,14223.402737580198,0.0,0.0,pvalloc_29nbfs_LRG2_gridoptim_max
5281,0.0,10189.901163932846,10189.901163932846,0.0,0.0,pvalloc_29nbfs_LRG2_gridoptim_max
5282,0.0,9219.908618123189,9219.908618123189,0.0,0.0,pvalloc_29nbfs_LRG2_gridoptim_max
5283,0.0,8077.212368111324,8077.212368111324,0.0,0.0,pvalloc_29nbfs_LRG2_gridoptim_max
5284,0.0,7416.3887727037745,7416.3887727037745,0.0,0.0,pvalloc_29nbfs_LRG2_gridoptim_max
5285,0.0,7104.393955178767,7104.393955178767,0.0,0.0,pvalloc_29nbfs_LRG2_gridoptim_max
5286,19.55398733696963,5518.19833575403,5518.460864488666,19.55398733696963,0.0,pvalloc_29nbfs_LRG2_gridoptim_max
5287,11708.947828355955,2634.9390445443355,12437.741377452623,11708.947828355955,0.0,pvalloc_29nbfs_LRG2_gridoptim_max
5288,33420.247484169304,2796.2862554798066,33655.25154550756,33413.9626330311,6.284851138199883,pvalloc_29nbfs_LRG2_gridoptim_max
5289,55470.4090330644,2798.810602335671,55592.090819140394,53607.79183137105,1862.6172016933629,pvalloc_29nbfs_LRG2_gridoptim_max
5290,73631.83893671531,3671.091855900137,73765.60456852238,66500.71808161864,7131.12085509665,pvalloc_29nbfs_LRG2_gridoptim_max
5291,89546.67824413384,4100.808989492844,89698.39735814965,75167.8646903284,14378.813553805412,pvalloc_29nbfs_LRG2_gridoptim_max
5292,84976.98459232319,5699.754902578274,85312.53880774898,72916.0238719671,12060.960720356048,pvalloc_29nbfs_LRG2_gridoptim_max
5293,90688.7415694188,5599.598523907548,90990.10077829238,75621.7113102919,15067.030259126961,pvalloc_29nbfs_LRG2_gridoptim_max
5294,86100.8784122056,6733.957814859404,86605.29722474086,73260.80953968741,12840.06887251817,pvalloc_29nbfs_LRG2_gridoptim_max
5295,79411.81201544986,6127.653018048642,79878.51883671911,69629.12944397857,9782.68257147132,pvalloc_29nbfs_LRG2_gridoptim_max
5296,64955.38035342513,6190.340837602778,65580.93090995557,60617.18041197018,4338.199941454939,pvalloc_29nbfs_LRG2_gridoptim_max
5297,49324.15553396642,5498.804375305083,50044.11488424842,48351.05729523151,973.0982387348985,pvalloc_29nbfs_LRG2_gridoptim_max
5298,29087.505389186506,5491.741201292757,30328.6298274391,29087.505389186506,0.0,pvalloc_29nbfs_LRG2_gridoptim_max
5299,8738.424952584091,6545.604470309605,12180.937900969331,8738.424952584091,0.0,pvalloc_29nbfs_LRG2_gridoptim_max
5300,0.006800150706788702,16938.46304421856,16938.46304421856,0.006800150706788702,0.0,pvalloc_29nbfs_LRG2_gridoptim_max
5301,0.0,19664.8737674663,19664.8737674663,0.0,0.0,pvalloc_29nbfs_LRG2_gridoptim_max
5302,0.0,21717.297616531436,21717.297616531436,0.0,0.0,pvalloc_29nbfs_LRG2_gridoptim_max
5303,0.0,17214.825474050005,17214.825474050005,0.0,0.0,pvalloc_29nbfs_LRG2_gridoptim_max
5304,0.0,12578.207549128694,12578.207549128694,0.0,0.0,pvalloc_29nbfs_LRG2_gridoptim_max
5305,0.0,10294.109997870488,10294.109997870488,0.0,0.0,pvalloc_29nbfs_LRG2_gridoptim_max
5306,0.0,8325.709247505114,8325.709247505114,0.0,0.0,pvalloc_29nbfs_LRG2_gridoptim_max
5307,0.0,7293.515981600716,7293.515981600716,0.0,0.0,pvalloc_29nbfs_LRG2_gridoptim_max
5308,0.0,6735.774478834691,6735.774478834691,0.0,0.0,pvalloc_29nbfs_LRG2_gridoptim_max
5309,0.0,6710.483943585053,6710.483943585053,0.0,0.0,pvalloc_29nbfs_LRG2_gridoptim_max
5310,30.156354708248756,4996.93877421374,4997.323899654413,30.156354708248756,0.0,pvalloc_29nbfs_LRG2_gridoptim_max
5311,11661.436102687807,2540.381640827431,12350.560249327558,11661.436102687807,0.0,pvalloc_29nbfs_LRG2_gridoptim_max
5312,32623.22975342187,2909.550809122031,32890.80169123934,32623.22975342187,0.0,pvalloc_29nbfs_LRG2_gridoptim_max
5313,54407.244981231015,3261.027809869292,54570.6801227458,52740.80239195888,1666.4425892721367,pvalloc_29nbfs_LRG2_gridoptim_max
5314,74401.09663779118,3735.9193559549785,74553.36366170437,66924.87155194185,7476.225085849353,pvalloc_29nbfs_LRG2_gridoptim_max
5315,90515.14942023579,3895.9087102809367,90656.96296973545,75616.65692766722,14898.492492568548,pvalloc_29nbfs_LRG2_gridoptim_max
5316,84600.76342653527,5997.282789957475,84986.60351210441,72701.19402959953,11899.569396935722,pvalloc_29nbfs_LRG2_gridoptim_max
5317,90284.08982134357,5484.736151428716,90562.30154504365,75501.99966042954,14782.090160914078,pvalloc_29nbfs_LRG2_gridoptim_max
5318,87906.10799237437,5621.0776555569655,88218.97827847203,74244.81025625425,13661.297736120128,pvalloc_29nbfs_LRG2_gridoptim_max
5319,81410.20731778584,4974.867116556441,81681.34053892623,70819.19549580022,10591.011821985636,pvalloc_29nbfs_LRG2_gridoptim_max
5320,67433.32332895405,4881.505603155233,67768.82948168881,62326.67820839745,5106.645120556597,pvalloc_29nbfs_LRG2_gridoptim_max
5321,49683.530849981995,4753.720044405229,50169.42158335755,48721.54258018939,961.9882697926032,pvalloc_29nbfs_LRG2_gridoptim_max
5322,31728.342678527883,3996.3015271009713,32341.387410012165,31728.342678527883,0.0,pvalloc_29nbfs_LRG2_gridoptim_max
5323,10751.842960901644,4801.685877695766,12870.932356728266,10751.842960901644,0.0,pvalloc_29nbfs_LRG2_gridoptim_max
5324,0.6264376223262784,11801.919618972262,11801.919618972262,0.6264376223262784,0.0,pvalloc_29nbfs_LRG2_gridoptim_max
5325,0.0,17798.4514230697,17798.4514230697,0.0,0.0,pvalloc_29nbfs_LRG2_gridoptim_max
5326,0.0,19605.334016129706,19605.334016129706,0.0,0.0,pvalloc_29nbfs_LRG2_gridoptim_max
5327,0.0,17993.339244710103,17993.339244710103,0.0,0.0,pvalloc_29nbfs_LRG2_gridoptim_max
5328,0.0,14499.905393880887,14499.905393880887,0.0,0.0,pvalloc_29nbfs_LRG2_gridoptim_max
5329,0.0,10706.798579119699,10706.798579119699,0.0,0.0,pvalloc_29nbfs_LRG2_gridoptim_max
5330,0.0,8691.305275136961,8691.305275136961,0.0,0.0,pvalloc_29nbfs_LRG2_gridoptim_max
5331,0.0,7299.838339654399,7299.838339654399,0.0,0.0,pvalloc_29nbfs_LRG2_gridoptim_max
5332,0.0,6942.486827788975,6942.486827788975,0.0,0.0,pvalloc_29nbfs_LRG2_gridoptim_max
5333,0.0,6828.1340130815815,6828.1340130815815,0.0,0.0,pvalloc_29nbfs_LRG2_gridoptim_max
5334,10.213214812079489,5429.266121746417,5429.401712326819,10.213214812079489,0.0,pvalloc_29nbfs_LRG2_gridoptim_max
5335,10424.09826246534,2841.6467039730537,11386.151197260877,10424.09826246534,0.0,pvalloc_29nbfs_LRG2_gridoptim_max
5336,31350.95833666428,3276.6517126969984,31728.450862921152,31350.95833666428,0.0,pvalloc_29nbfs_LRG2_gridoptim_max
5337,53524.622942091824,3457.2568104369084,53716.41401341669,52008.952933485794,1515.6700086060198,pvalloc_29nbfs_LRG2_gridoptim_max
5338,73325.00483612432,3774.464844799178,73478.17923982273,66281.93849316325,7043.06634296097,pvalloc_29nbfs_LRG2_gridoptim_max
5339,88386.53696796243,4075.1883509815652,88532.0668779702,74612.91409500518,13773.622872957267,pvalloc_29nbfs_LRG2_gridoptim_max
5340,83733.34047544637,5827.928649791423,84113.07419603244,72332.95853771151,11400.38193773486,pvalloc_29nbfs_LRG2_gridoptim_max
5341,88000.33276269872,5787.755323728049,88327.54123026234,74435.04005306051,13565.292709638208,pvalloc_29nbfs_LRG2_gridoptim_max
5342,84835.46947555704,6644.5028873609845,85333.47157003144,72793.10848758575,12042.360987971253,pvalloc_29nbfs_LRG2_gridoptim_max
5343,79754.82292519258,5523.841689619484,80106.28214563495,69887.1365520836,9867.686373108952,pvalloc_29nbfs_LRG2_gridoptim_max
5344,67876.63854990227,4574.766994089625,68170.99213240093,62615.70676998772,5260.931779914581,pvalloc_29nbfs_LRG2_gridoptim_max
5345,48599.794491749584,4534.184065962968,49050.13350988939,47808.600081572054,791.1944101775291,pvalloc_29nbfs_LRG2_gridoptim_max
5346,29069.752839943096,4517.527009336606,29930.946474375003,29069.752839943096,0.0,pvalloc_29nbfs_LRG2_gridoptim_max
5347,7383.3873510279955,6446.262260579175,10965.759374380703,7383.3873510279955,0.0,pvalloc_29nbfs_LRG2_gridoptim_max
5348,0.0,16009.289322890327,16009.289322890327,0.0,0.0,pvalloc_29nbfs_LRG2_gridoptim_max
5349,0.0,16826.71504393423,16826.71504393423,0.0,0.0,pvalloc_29nbfs_LRG2_gridoptim_max
5350,0.0,17455.218388780388,17455.218388780388,0.0,0.0,pvalloc_29nbfs_LRG2_gridoptim_max
5351,0.0,17312.601875985754,17312.601875985754,0.0,0.0,pvalloc_29nbfs_LRG2_gridoptim_max
5352,0.0,14414.143741518077,14414.143741518077,0.0,0.0,pvalloc_29nbfs_LRG2_gridoptim_max
5353,0.0,9954.172012300509,9954.172012300509,0.0,0.0,pvalloc_29nbfs_LRG2_gridoptim_max
5354,0.0,8448.308232531268,8448.308232531268,0.0,0.0,pvalloc_29nbfs_LRG2_gridoptim_max
5355,0.0,7461.470557932399,7461.470557932399,0.0,0.0,pvalloc_29nbfs_LRG2_gridoptim_max
5356,0.0,6904.553782501743,6904.553782501743,0.0,0.0,pvalloc_29nbfs_LRG2_gridoptim_max
5357,0.0,6785.528064411384,6785.528064411384,0.0,0.0,pvalloc_29nbfs_LRG2_gridoptim_max
5358,16.130692354319173,5408.842663299883,5409.07262717604,16.130692354319173,0.0,pvalloc_29nbfs_LRG2_gridoptim_max
5359,10540.337450784718,2733.50403867686,11408.555333759587,10540.337450784718,0.0,pvalloc_29nbfs_LRG2_gridoptim_max
5360,31576.72668854995,3074.5218475632414,31895.802105282546,31576.72668854995,0.0,pvalloc_29nbfs_LRG2_gridoptim_max
5361,51242.04694501916,4081.157754618377,51568.796820821524,50117.702587328844,1124.3443576903173,pvalloc_29nbfs_LRG2_gridoptim_max
5362,72170.96014045976,4177.533328801104,72360.77834262079,65589.76197941165,6581.198161048026,pvalloc_29nbfs_LRG2_gridoptim_max
5363,86287.89072443542,5070.312067825519,86524.4298666955,73663.4560258105,12624.434698624973,pvalloc_29nbfs_LRG2_gridoptim_max
5364,84257.44711889359,5918.913214503371,84650.09541146123,72613.42090637365,11644.026212519904,pvalloc_29nbfs_LRG2_gridoptim_max
5365,87188.69338410419,6490.278979031082,87657.7655129377,74110.17637508894,13078.517009015297,pvalloc_29nbfs_LRG2_gridoptim_max
5366,89406.74382304764,5337.118813088129,89684.50741318469,74999.59907190772,14407.144751139942,pvalloc_29nbfs_LRG2_gridoptim_max
5367,80927.8694621265,4958.024907751295,81191.215246232,70582.47611710777,10345.393345018709,pvalloc_29nbfs_LRG2_gridoptim_max
5368,67281.47126422811,4658.265151801159,67571.548417161,62290.3280810301,4991.143183198012,pvalloc_29nbfs_LRG2_gridoptim_max
5369,48562.8121492583,4757.53846675849,49056.02485839567,47800.748789884965,762.0633593733367,pvalloc_29nbfs_LRG2_gridoptim_max
5370,27796.743193422928,4901.19959857674,28908.446077502944,27796.743193422928,0.0,pvalloc_29nbfs_LRG2_gridoptim_max
5371,9293.220915743965,5238.817855376403,11809.715251638592,9293.220915743965,0.0,pvalloc_29nbfs_LRG2_gridoptim_max
5372,0.0,16872.606592374224,16872.606592374224,0.0,0.0,pvalloc_29nbfs_LRG2_gridoptim_max
5373,0.0,17345.89249504484,17345.89249504484,0.0,0.0,pvalloc_29nbfs_LRG2_gridoptim_max
5374,0.0,16579.52219038973,16579.52219038973,0.0,0.0,pvalloc_29nbfs_LRG2_gridoptim_max
5375,0.0,15251.446364993699,15251.446364993699,0.0,0.0,pvalloc_29nbfs_LRG2_gridoptim_max
5376,0.0,13188.262672566276,13188.262672566276,0.0,0.0,pvalloc_29nbfs_LRG2_gridoptim_max
5377,0.0,11323.92566649367,11323.92566649367,0.0,0.0,pvalloc_29nbfs_LRG2_gridoptim_max
5378,0.0,9734.491596408214,9734.491596408214,0.0,0.0,pvalloc_29nbfs_LRG2_gridoptim_max
5379,0.0,8493.11069650855,8493.11069650855,0.0,0.0,pvalloc_29nbfs_LRG2_gridoptim_max
5380,0.0,7434.25510738279,7434.25510738279,0.0,0.0,pvalloc_29nbfs_LRG2_gridoptim_max
5381,0.0,7087.350693282779,7087.350693282779,0.0,0.0,pvalloc_29nbfs_LRG2_gridoptim_max
5382,6.503500083001092,5759.519691344976,5759.619082154815,6.503500083001092,0.0,pvalloc_29nbfs_LRG2_gridoptim_max
5383,10173.999746282234,2808.366161627311,11105.002334972098,10173.999746282234,0.0,pvalloc_29nbfs_LRG2_gridoptim_max
5384,31829.619828944746,2919.0415457337976,32115.832763404618,31829.619828944746,0.0,pvalloc_29nbfs_LRG2_gridoptim_max
5385,53796.59456454308,3260.9590452996017,53965.75636242425,52228.04045778564,1568.5541067574368,pvalloc_29nbfs_LRG2_gridoptim_max
5386,72262.34862435481,3958.950203996304,72427.43237366586,65638.78208564557,6623.5665387092695,pvalloc_29nbfs_LRG2_gridoptim_max
5387,87762.0502325881,4493.673440707487,87940.07965453835,74302.03110387777,13460.019128710319,pvalloc_29nbfs_LRG2_gridoptim_max
5388,84874.51599622413,5595.100037864625,85193.49474240377,72847.65916578857,12026.856830435514,pvalloc_29nbfs_LRG2_gridoptim_max
5389,88581.02078321867,5912.875289898547,88922.72067056745,74672.31178073554,13908.709002483167,pvalloc_29nbfs_LRG2_gridoptim_max
5390,84974.35324653862,6323.192880671374,85404.95368659869,72809.63761270168,12164.71563383695,pvalloc_29nbfs_LRG2_gridoptim_max
5391,78229.37148455766,5673.9518326462485,78605.98277929684,69082.01807400609,9147.353410551545,pvalloc_29nbfs_LRG2_gridoptim_max
5392,64292.85897100753,5384.720917768026,64737.24199540249,60251.456158871326,4041.4028121361844,pvalloc_29nbfs_LRG2_gridoptim_max
5393,45651.48318480975,5412.66058293724,46410.03987393716,45206.67343106727,444.80975374248266,pvalloc_29nbfs_LRG2_gridoptim_max
5394,26826.034644479823,5018.19735982203,28039.372150227045,26826.034644479823,0.0,pvalloc_29nbfs_LRG2_gridoptim_max
5395,6270.150739769552,7089.445465723759,10461.309850569261,6270.150739769552,0.0,pvalloc_29nbfs_LRG2_gridoptim_max
5396,0.0,17162.70783366479,17162.70783366479,0.0,0.0,pvalloc_29nbfs_LRG2_gridoptim_max
5397,0.0,18592.212130355496,18592.212130355496,0.0,0.0,pvalloc_29nbfs_LRG2_gridoptim_max
5398,0.0,17959.2808656008,17959.2808656008,0.0,0.0,pvalloc_29nbfs_LRG2_gridoptim_max
5399,0.0,15321.147510146637,15321.147510146637,0.0,0.0,pvalloc_29nbfs_LRG2_gridoptim_max
5400,0.0,13722.161589340783,13722.161589340783,0.0,0.0,pvalloc_29nbfs_LRG2_gridoptim_max
5401,0.0,10430.229263731497,10430.229263731497,0.0,0.0,pvalloc_29nbfs_LRG2_gridoptim_max
5402,0.0,8829.571873465271,8829.571873465271,0.0,0.0,pvalloc_29nbfs_LRG2_gridoptim_max
5403,0.0,7657.188196967487,7657.188196967487,0.0,0.0,pvalloc_29nbfs_LRG2_gridoptim_max
5404,0.0,7455.696363549953,7455.696363549953,0.0,0.0,pvalloc_29nbfs_LRG2_gridoptim_max
5405,0.0,7031.549107246736,7031.549107246736,0.0,0.0,pvalloc_29nbfs_LRG2_gridoptim_max
5406,1.9933104640876094,6099.085403810211,6099.132754802743,1.9933104640876094,0.0,pvalloc_29nbfs_LRG2_gridoptim_max
5407,10167.04805595233,2646.9343304340136,10994.479619976571,10167.04805595233,0.0,pvalloc_29nbfs_LRG2_gridoptim_max
5408,29084.233549476296,3067.292714672747,29442.767003147503,29084.233549476296,0.0,pvalloc_29nbfs_LRG2_gridoptim_max
5409,48398.00062690981,4048.2407789035137,48739.16811845507,47703.56198801322,694.438638896585,pvalloc_29nbfs_LRG2_gridoptim_max
5410,66545.40530536618,3892.3529753434004,66734.25984445812,61846.06661843281,4699.338686933324,pvalloc_29nbfs_LRG2_gridoptim_max
5411,74285.98630920998,4193.675390859272,74488.2450413712,66794.21119701644,7491.775112193475,pvalloc_29nbfs_LRG2_gridoptim_max
5412,62826.154663751564,5540.354356142489,63341.95847503263,59201.718789530154,3624.4358742213963,pvalloc_29nbfs_LRG2_gridoptim_max
5413,62295.98316879195,6177.762563928377,62971.916229882285,58757.43696058367,3538.5462082082668,pvalloc_29nbfs_LRG2_gridoptim_max
5414,56841.964701320394,6103.947597995041,57599.12651335256,54470.678486993704,2371.2862143266816,pvalloc_29nbfs_LRG2_gridoptim_max
5415,45852.979599860155,5553.6772778981185,46646.05086112159,45340.40991559394,512.5696842662137,pvalloc_29nbfs_LRG2_gridoptim_max
5416,34105.454613462876,5070.043807887802,35026.95267340912,34056.00473205361,49.44988140926017,pvalloc_29nbfs_LRG2_gridoptim_max
5417,27228.152476700936,4876.9760090217,28318.52803481018,27228.152476700936,0.0,pvalloc_29nbfs_LRG2_gridoptim_max
5418,11267.907278085564,5298.466078339519,13657.416436466703,11267.907278085564,0.0,pvalloc_29nbfs_LRG2_gridoptim_max
5419,2493.8977359003584,6628.388478919789,7270.363252606665,2493.8977359003584,0.0,pvalloc_29nbfs_LRG2_gridoptim_max
5420,0.0,14163.997947172844,14163.997947172844,0.0,0.0,pvalloc_29nbfs_LRG2_gridoptim_max
5421,0.0,16175.317955120867,16175.317955120867,0.0,0.0,pvalloc_29nbfs_LRG2_gridoptim_max
5422,0.0,16617.529616008724,16617.529616008724,0.0,0.0,pvalloc_29nbfs_LRG2_gridoptim_max
5423,0.0,15583.466132818583,15583.466132818583,0.0,0.0,pvalloc_29nbfs_LRG2_gridoptim_max
5424,0.0,13573.678772779582,13573.678772779582,0.0,0.0,pvalloc_29nbfs_LRG2_gridoptim_max
4920,0.0,11113.463869085279,11113.463869085279,0.0,0.0,pvalloc_29nbfs_LRG2_gridoptim_max_1hll
4921,0.0,10737.831728562103,10737.831728562103,0.0,0.0,pvalloc_29nbfs_LRG2_gridoptim_max_1hll
4922,0.0,10105.311448681487,10105.311448681487,0.0,0.0,pvalloc_29nbfs_LRG2_gridoptim_max_1hll
4923,0.0,8120.0948804456375,8120.0948804456375,0.0,0.0,pvalloc_29nbfs_LRG2_gridoptim_max_1hll
4924,0.0,7251.733657230993,7251.733657230993,0.0,0.0,pvalloc_29nbfs_LRG2_gridoptim_max_1hll
4925,0.0,6971.075169345191,6971.075169345191,0.0,0.0,pvalloc_29nbfs_LRG2_gridoptim_max_1hll
4926,815.3274898023627,3618.446999451583,3709.7400121519677,815.3274898023627,0.0,pvalloc_29nbfs_LRG2_gridoptim_max_1hll
4927,15637.092530263688,2565.9714230575805,16163.161161381293,15637.092530263688,0.0,pvalloc_29nbfs_LRG2_gridoptim_max_1hll
4928,35715.16235488626,2730.8423967572903,35920.731126026236,35648.31727653923,66.84507834702822,pvalloc_29nbfs_LRG2_gridoptim_max_1hll
4929,54940.24845853256,3384.155808523364,55118.39226522237,53174.24467656578,1766.0037819667834,pvalloc_29nbfs_LRG2_gridoptim_max_1hll
4930,73817.36383807159,3610.3564333423265,73955.74749595173,66523.4791206556,7293.884717415933,pvalloc_29nbfs_LRG2_gridoptim_max_1hll
4931,88630.24059785191,4123.7311622791985,88788.9125635079,74655.3715423341,13974.869055517864,pvalloc_29nbfs_LRG2_gridoptim_max_1hll
4932,73646.76017924731,5204.286712200261,73988.22706888226,66386.26012271555,7260.500056531643,pvalloc_29nbfs_LRG2_gridoptim_max_1hll
4933,61285.32984308199,6742.048881765467,62194.0640618199,58051.23743274702,3234.092410334982,pvalloc_29nbfs_LRG2_gridoptim_max_1hll
4934,57937.977411701206,5556.365706135577,58517.34114183523,55396.74987379141,2541.2275379098082,pvalloc_29nbfs_LRG2_gridoptim_max_1hll
4935,50583.29689492467,5125.506468921371,51181.98826499982,49415.60536620683,1167.6915287178422,pvalloc_29nbfs_LRG2_gridoptim_max_1hll
4936,49973.36034726673,4869.279001309137,50517.54447761413,48915.32691400791,1058.0334332588175,pvalloc_29nbfs_LRG2_gridoptim_max_1hll
4937,33818.9713574749,4314.844167665095,34491.748807038595,33776.61168929784,42.35966817705855,pvalloc_29nbfs_LRG2_gridoptim_max_1hll
4938,16213.30839477123,3968.2162474385386,17353.64373672207,16213.30839477123,0.0,pvalloc_29nbfs_LRG2_gridoptim_max_1hll
4939,7119.50398635592,5214.557439877971,9870.360340842022,7119.50398635592,0.0,pvalloc_29nbfs_LRG2_gridoptim_max_1hll
4940,292.7139491820067,8881.04888481392,8884.496251287088,292.7139491820067,0.0,pvalloc_29nbfs_LRG2_gridoptim_max_1hll
4941,0.0,12714.325160437362,12714.325160437362,0.0,0.0,pvalloc_29nbfs_LRG2_gridoptim_max_1hll
4942,0.0,13844.117670126652,13844.117670126652,0.0,0.0,pvalloc_29nbfs_LRG2_gridoptim_max_1hll
4943,0.0,13190.081500942473,13190.081500942473,0.0,0.0,pvalloc_29nbfs_LRG2_gridoptim_max_1hll
4944,0.0,15734.473543662867,15734.473543662867,0.0,0.0,pvalloc_29nbfs_LRG2_gridoptim_max_1hll
4945,0.0,11843.652935827873,11843.652935827873,0.0,0.0,pvalloc_29nbfs_LRG2_gridoptim_max_1hll
4946,0.0,9148.163406638314,9148.163406638314,0.0,0.0,pvalloc_29nbfs_LRG2_gridoptim_max_1hll
4947,0.0,7889.191632688863,7889.191632688863,0.0,0.0,pvalloc_29nbfs_LRG2_gridoptim_max_1hll
4948,0.0,7842.183829125384,7842.183829125384,0.0,0.0,pvalloc_29nbfs_LRG2_gridoptim_max_1hll
4949,0.0,6888.334696423669,6888.334696423669,0.0,0.0,pvalloc_29nbfs_LRG2_gridoptim_max_1hll
4950,7.643692077459546,5213.507781446911,5213.525093809865,7.643692077459546,0.0,pvalloc_29nbfs_LRG2_gridoptim_max_1hll
4951,9049.86890897437,2569.858288823494,9920.22425491865,9049.86890897437,0.0,pvalloc_29nbfs_LRG2_gridoptim_max_1hll
4952,30066.721040676104,2584.7163300707057,30298.55465718818,30066.721040676104,0.0,pvalloc_29nbfs_LRG2_gridoptim_max_1hll
4953,53587.49025699228,3046.493397801662,53732.55155626428,52054.68306809145,1532.8071889008284,pvalloc_29nbfs_LRG2_gridoptim_max_1hll
4954,74843.52209611711,3413.296712495491,74963.05233912164,67147.78813677124,7695.73395934586,pvalloc_29nbfs_LRG2_gridoptim_max_1hll
4955,86039.57191582103,3659.1256001700526,86174.25448033673,73291.83928200648,12747.732633814576,pvalloc_29nbfs_LRG2_gridoptim_max_1hll
4956,74158.8380713918,4667.3542685938855,74415.02693382346,66700.76068894622,7458.077382445582,pvalloc_29nbfs_LRG2_gridoptim_max_1hll
4957,49660.45560413889,4928.089550940303,50206.41448448333,48672.799993090106,987.6556110487834,pvalloc_29nbfs_LRG2_gridoptim_max_1hll
4958,60423.5641075242,5058.856632319162,60902.06891050446,57207.543977454974,3216.020130069242,pvalloc_29nbfs_LRG2_gridoptim_max_1hll
4959,48192.07288851904,5101.766010706006,48858.11362685876,47369.29303277842,822.779855740624,pvalloc_29nbfs_LRG2_gridoptim_max_1hll
4960,44308.05908996923,4771.96695975535,44951.564112142834,43888.02593277357,420.0331571956656,pvalloc_29nbfs_LRG2_gridoptim_max_1hll
4961,35697.899640241,4856.057873344153,36524.98708610277,35600.04692171095,97.85271853005628,pvalloc_29nbfs_LRG2_gridoptim_max_1hll
4962,19681.8537581927,4740.785978260121,21063.93436922414,19681.8537581927,0.0,pvalloc_29nbfs_LRG2_gridoptim_max_1hll
4963,9052.999737295366,6126.780368738321,12237.677916871657,9052.999737295366,0.0,pvalloc_29nbfs_LRG2_gridoptim_max_1hll
4964,3.603481581488766,11455.690125853258,11455.690125853258,3.603481581488766,0.0,pvalloc_29nbfs_LRG2_gridoptim_max_1hll
4965,0.0,21698.627529472975,21698.627529472975,0.0,0.0,pvalloc_29nbfs_LRG2_gridoptim_max_1hll
4966,0.0,15054.66858054885,15054.66858054885,0.0,0.0,pvalloc_29nbfs_LRG2_gridoptim_max_1hll
4967,0.0,14761.30043522164,14761.30043522164,0.0,0.0,pvalloc_29nbfs_LRG2_gridoptim_max_1hll
4968,0.0,12492.279958567407,12492.279958567407,0.0,0.0,pvalloc_29nbfs_LRG2_gridoptim_max_1hll
4969,0.0,10052.532145121631,10052.532145121631,0.0,0.0,pvalloc_29nbfs_LRG2_gridoptim_max_1hll
4970,0.0,8034.332061846784,8034.332061846784,0.0,0.0,pvalloc_29nbfs_LRG2_gridoptim_max_1hll
4971,0.0,7219.022230515398,7219.022230515398,0.0,0.0,pvalloc_29nbfs_LRG2_gridoptim_max_1hll
4972,0.0,6689.043790452775,6689.043790452775,0.0,0.0,pvalloc_29nbfs_LRG2_gridoptim_max_1hll
4973,0.0,6426.52820091012,6426.52820091012,0.0,0.0,pvalloc_29nbfs_LRG2_gridoptim_max_1hll
4974,159.47147834718183,4007.6092624452936,4009.5590107854764,159.47147834718183,0.0,pvalloc_29nbfs_LRG2_gridoptim_max_1hll
4975,10120.448779061342,2564.754401132696,10927.149062269567,10120.448779061342,0.0,pvalloc_29nbfs_LRG2_gridoptim_max_1hll
4976,3107.226249979645,2954.0092385797466,4788.059488528832,3107.226249979645,0.0,pvalloc_29nbfs_LRG2_gridoptim_max_1hll
4977,18192.126164007124,3177.6002868177006,18910.345493309716,18192.126164007124,0.0,pvalloc_29nbfs_LRG2_gridoptim_max_1hll
4978,35892.76482542896,3474.267947205343,36270.58947593603,35801.284388823,91.48043660596005,pvalloc_29nbfs_LRG2_gridoptim_max_1hll
4979,56895.24242562204,3957.269504762197,57155.6664472205,54644.29509720745,2250.9473284145915,pvalloc_29nbfs_LRG2_gridoptim_max_1hll
4980,59159.72163784878,4738.670992435763,59539.05864537995,56393.751479292274,2765.9701585565094,pvalloc_29nbfs_LRG2_gridoptim_max_1hll
4981,62456.91964666846,5450.251181391143,62953.09254710819,58863.454375179004,3593.465271489455,pvalloc_29nbfs_LRG2_gridoptim_max_1hll
4982,47263.55127192409,4980.437368360959,47895.68864737406,46576.88466546595,686.6666064581271,pvalloc_29nbfs_LRG2_gridoptim_max_1hll
4983,52449.56830836063,5607.89486134875,53132.813954747115,50996.42730205284,1453.1410063077956,pvalloc_29nbfs_LRG2_gridoptim_max_1hll
4984,42601.40423307639,4948.9924181009965,43280.67069100442,42321.02030367076,280.3839294056278,pvalloc_29nbfs_LRG2_gridoptim_max_1hll
4985,28273.345488228097,4419.0768639592425,29139.11933257834,28273.345488228097,0.0,pvalloc_29nbfs_LRG2_gridoptim_max_1hll
4986,22345.361223665735,4980.501361718362,23797.032331762464,22345.361223665735,0.0,pvalloc_29nbfs_LRG2_gridoptim_max_1hll
4987,9890.967614072242,5181.480412681044,12403.164253338347,9890.967614072242,0.0,pvalloc_29nbfs_LRG2_gridoptim_max_1hll
4988,1.7609121581861644,11634.063581345092,11634.063581345092,1.7609121581861644,0.0,pvalloc_29nbfs_LRG2_gridoptim_max_1hll
4989,0.0,15306.207062822386,15306.207062822386,0.0,0.0,pvalloc_29nbfs_LRG2_gridoptim_max_1hll
4990,0.0,18487.54111223772,18487.54111223772,0.0,0.0,pvalloc_29nbfs_LRG2_gridoptim_max_1hll
4991,0.0,15678.910070087288,15678.910070087288,0.0,0.0,pvalloc_29nbfs_LRG2_gridoptim_max_1hll
4992,0.0,12457.950105853319,12457.950105853319,0.0,0.0,pvalloc_29nbfs_LRG2_gridoptim_max_1hll
4993,0.0,9566.578165666268,9566.578165666268,0.0,0.0,pvalloc_29nbfs_LRG2_gridoptim_max_1hll
4994,0.0,8172.598108657664,8172.598108657664,0.0,0.0,pvalloc_29nbfs_LRG2_gridoptim_max_1hll
4995,0.0,7275.373634775014,7275.373634775014,0.0,0.0,pvalloc_29nbfs_LRG2_gridoptim_max_1hll
4996,0.0,6657.432000184344,6657.432000184344,0.0,0.0,pvalloc_29nbfs_LRG2_gridoptim_max_1hll
4997,0.0,6227.237294939229,6227.237294939229,0.0,0.0,pvalloc_29nbfs_LRG2_gridoptim_max_1hll
4998,405.05391205309814,3603.9884532152964,3620.9739529467943,405.05391205309814,0.0,pvalloc_29nbfs_LRG2_gridoptim_max_1hll
4999,14805.467258140423,2557.3656009908045,15370.625287516294,14805.467258140423,0.0,pvalloc_29nbfs_LRG2_gridoptim_max_1hll
5000,33306.209595934684,2809.934604988409,33551.85136897714,33295.59898851821,10.610607416469406,pvalloc_29nbfs_LRG2_gridoptim_max_1hll
5001,51605.89010816553,3154.681996549638,51774.59482400119,50393.9454896438,1211.9446185217257,pvalloc_29nbfs_LRG2_gridoptim_max_1hll
5002,65194.30604686407,3265.5758676687883,65334.77234353306,60873.17220280609,4321.133844057985,pvalloc_29nbfs_LRG2_gridoptim_max_1hll
5003,84906.15975629061,3990.9354413041547,85059.08726606183,72743.171405929,12162.98835036166,pvalloc_29nbfs_LRG2_gridoptim_max_1hll
5004,83013.08461715118,4537.8763999744215,83214.78044650218,71752.72736823557,11260.357248915669,pvalloc_29nbfs_LRG2_gridoptim_max_1hll
5005,89422.9039107971,4663.73335953642,89633.73671321692,75015.50262316341,14407.401287633655,pvalloc_29nbfs_LRG2_gridoptim_max_1hll
5006,83270.52432107151,4645.170859808416,83512.14793768257,71772.56781306188,11497.956508009653,pvalloc_29nbfs_LRG2_gridoptim_max_1hll
5007,69602.73140753411,4662.531007871651,69900.04328364479,63753.179299107964,5849.5521084261,pvalloc_29nbfs_LRG2_gridoptim_max_1hll
5008,54873.90074167917,4131.644245283615,55200.479217306434,52980.877707099266,1893.0230345799155,pvalloc_29nbfs_LRG2_gridoptim_max_1hll
5009,32474.230649539957,3876.036645785839,33042.38079357099,32466.134795667775,8.095853872181578,pvalloc_29nbfs_LRG2_gridoptim_max_1hll
5010,13628.084348794879,4004.3306353302673,14994.184545439937,13628.084348794879,0.0,pvalloc_29nbfs_LRG2_gridoptim_max_1hll
5011,2488.824634621408,6140.131005005052,6895.811430437194,2488.824634621408,0.0,pvalloc_29nbfs_LRG2_gridoptim_max_1hll
5012,0.024958675141344665,13839.224268644659,13839.224268644659,0.024958675141344665,0.0,pvalloc_29nbfs_LRG2_gridoptim_max_1hll
5013,0.0,14662.181682635239,14662.181682635239,0.0,0.0,pvalloc_29nbfs_LRG2_gridoptim_max_1hll
5014,0.0,16274.799124460178,16274.799124460178,0.0,0.0,pvalloc_29nbfs_LRG2_gridoptim_max_1hll
5015,0.0,15624.092956490871,15624.092956490871,0.0,0.0,pvalloc_29nbfs_LRG2_gridoptim_max_1hll
5016,0.0,12724.18576973016,12724.18576973016,0.0,0.0,pvalloc_29nbfs_LRG2_gridoptim_max_1hll
5017,0.0,10867.074894322574,10867.074894322574,0.0,0.0,pvalloc_29nbfs_LRG2_gridoptim_max_1hll
5018,0.0,8769.371741640622,8769.371741640622,0.0,0.0,pvalloc_29nbfs_LRG2_gridoptim_max_1hll
5019,0.0,7592.31461024244,7592.31461024244,0.0,0.0,pvalloc_29nbfs_LRG2_gridoptim_max_1hll
5020,0.0,6804.494587055006,6804.494587055006,0.0,0.0,pvalloc_29nbfs_LRG2_gridoptim_max_1hll
5021,0.0,6914.447201421454,6914.447201421454,0.0,0.0,pvalloc_29nbfs_LRG2_gridoptim_max_1hll
5022,125.23667208763875,4176.35484275722,4177.927304230706,125.23667208763875,0.0,pvalloc_29nbfs_LRG2_gridoptim_max_1hll
5023,10356.349092874363,2595.7094894735474,11173.797307110179,10356.349092874363,0.0,pvalloc_29nbfs_LRG2_gridoptim_max_1hll
5024,21520.428387197164,2783.608586318831,21961.76248600942,21520.428387197164,0.0,pvalloc_29nbfs_LRG2_gridoptim_max_1hll
5025,18412.048908615434,3412.8284451525624,19293.6629134494,18412.048908615434,0.0,pvalloc_29nbfs_LRG2_gridoptim_max_1hll
5026,30333.68462452427,3854.586445635836,30981.91628184052,30333.68462452427,0.0,pvalloc_29nbfs_LRG2_gridoptim_max_1hll
5027,65354.58387911927,3691.8754454758828,65539.77151222555,60941.46107866165,4413.122800457625,pvalloc_29nbfs_LRG2_gridoptim_max_1hll
5028,78358.52569728783,5407.3486315275595,78715.83095118123,69245.75252541894,9112.77317186887,pvalloc_29nbfs_LRG2_gridoptim_max_1hll
5029,51654.758100777195,5109.879750891244,52220.15251881895,50327.74504453165,1327.0130562455415,pvalloc_29nbfs_LRG2_gridoptim_max_1hll
5030,22532.17437569934,5908.68448890792,24462.366552178864,22532.17437569934,0.0,pvalloc_29nbfs_LRG2_gridoptim_max_1hll
5031,25163.688220083637,5019.82594578604,26450.465142075944,25163.688220083637,0.0,pvalloc_29nbfs_LRG2_gridoptim_max_1hll
5032,33492.73347496573,4085.0257155145146,34102.29144870094,33451.17915482738,41.554320138347464,pvalloc_29nbfs_LRG2_gridoptim_max_1hll
5033,26502.774641014472,4179.91461598127,27338.973816336067,26502.774641014472,0.0,pvalloc_29nbfs_LRG2_gridoptim_max_1hll
5034,16463.21246574979,4781.837324734409,18133.737217243408,16463.21246574979,0.0,pvalloc_29nbfs_LRG2_gridoptim_max_1hll
5035,10135.133526258402,5456.1591341059975,12729.173925778021,10135.133526258402,0.0,pvalloc_29nbfs_LRG2_gridoptim_max_1hll
5036,10.48688564641069,11026.252449006553,11026.26488415571,10.48688564641069,0.0,pvalloc_29nbfs_LRG2_gridoptim_max_1hll
5037,0.0,15623.399766375916,15623.399766375916,0.0,0.0,pvalloc_29nbfs_LRG2_gridoptim_max_1hll
5038,0.0,16022.715362504954,16022.715362504954,0.0,0.0,pvalloc_29nbfs_LRG2_gridoptim_max_1hll
5039,0.0,16439.75171535185,16439.75171535185,0.0,0.0,pvalloc_29nbfs_LRG2_gridoptim_max_1hll
5040,0.0,12326.556850038323,12326.556850038323,0.0,0.0,pvalloc_29nbfs_LRG2_gridoptim_max_1hll
5041,0.0,9488.472208125191,9488.472208125191,0.0,0.0,pvalloc_29nbfs_LRG2_gridoptim_max_1hll
5042,0.0,8024.4353338224,8024.4353338224,0.0,0.0,pvalloc_29nbfs_LRG2_gridoptim_max_1hll
5043,0.0,7253.657469496068,7253.657469496068,0.0,0.0,pvalloc_29nbfs_LRG2_gridoptim_max_1hll
5044,0.0,6638.189465394041,6638.189465394041,0.0,0.0,pvalloc_29nbfs_LRG2_gridoptim_max_1hll
5045,0.0,6441.096729282571,6441.096729282571,0.0,0.0,pvalloc_29nbfs_LRG2_gridoptim_max_1hll
5046,125.8213269124872,4153.972434646497,4155.523724380066,125.8213269124872,0.0,pvalloc_29nbfs_LRG2_gridoptim_max_1hll
5047,11205.22494441865,2676.0361552852787,12054.506915312022,11205.22494441865,0.0,pvalloc_29nbfs_LRG2_gridoptim_max_1hll
5048,32136.222260620143,3000.2675481924784,32435.3092015249,32136.222260620143,0.0,pvalloc_29nbfs_LRG2_gridoptim_max_1hll
5049,52733.978752287214,3375.0346618440662,52923.52653443474,51356.0291807996,1377.9495714876134,pvalloc_29nbfs_LRG2_gridoptim_max_1hll
5050,71681.6670080814,3456.575686700627,71803.68683209404,65234.75777314784,6446.909234933714,pvalloc_29nbfs_LRG2_gridoptim_max_1hll
5051,65337.23252132827,3863.6174330162994,65534.11416350125,60960.81926943502,4376.413251893244,pvalloc_29nbfs_LRG2_gridoptim_max_1hll
5052,59866.73760099829,4506.969592153223,60192.36385017204,56953.87054269184,2912.8670583064436,pvalloc_29nbfs_LRG2_gridoptim_max_1hll
5053,66404.07910276063,4771.167027354774,66725.59138700529,61651.732643859665,4752.3464589010055,pvalloc_29nbfs_LRG2_gridoptim_max_1hll
5054,67523.09826037017,4642.186497661931,67834.98106073916,62332.601999916355,5190.4962604538505,pvalloc_29nbfs_LRG2_gridoptim_max_1hll
5055,57111.833450871454,4920.150827094744,57558.980447040296,54750.265561573055,2361.5678892983947,pvalloc_29nbfs_LRG2_gridoptim_max_1hll
5056,51010.112341398395,4355.460661435496,51400.65747586735,49821.128728162985,1188.9836132354037,pvalloc_29nbfs_LRG2_gridoptim_max_1hll
5057,34076.50732232054,3764.7369825146275,34586.390408839296,34032.93723777763,43.5700845429069,pvalloc_29nbfs_LRG2_gridoptim_max_1hll
5058,12030.311509373541,3762.3191019199685,13339.493069003978,12030.311509373541,0.0,pvalloc_29nbfs_LRG2_gridoptim_max_1hll
5059,6127.484149736008,4418.215454125488,8397.426756204088,6127.484149736008,0.0,pvalloc_29nbfs_LRG2_gridoptim_max_1hll
5060,210.7081794608165,7679.763562034881,7682.353718930608,210.7081794608165,0.0,pvalloc_29nbfs_LRG2_gridoptim_max_1hll
5061,0.0,12442.644294585474,12442.644294585474,0.0,0.0,pvalloc_29nbfs_LRG2_gridoptim_max_1hll
5062,0.0,12652.578225358759,12652.578225358759,0.0,0.0,pvalloc_29nbfs_LRG2_gridoptim_max_1hll
5063,0.0,12878.862779430523,12878.862779430523,0.0,0.0,pvalloc_29nbfs_LRG2_gridoptim_max_1hll
5064,0.0,12350.755659688533,12350.755659688533,0.0,0.0,pvalloc_29nbfs_LRG2_gridoptim_max_1hll
5065,0.0,11097.685205202353,11097.685205202353,0.0,0.0,pvalloc_29nbfs_LRG2_gridoptim_max_1hll
5066,0.0,9294.124150992036,9294.124150992036,0.0,0.0,pvalloc_29nbfs_LRG2_gridoptim_max_1hll
5067,0.0,7868.847255381625,7868.847255381625,0.0,0.0,pvalloc_29nbfs_LRG2_gridoptim_max_1hll
5068,0.0,6865.793803809358,6865.793803809358,0.0,0.0,pvalloc_29nbfs_LRG2_gridoptim_max_1hll
5069,0.0,7046.117084101746,7046.117084101746,0.0,0.0,pvalloc_29nbfs_LRG2_gridoptim_max_1hll
5070,116.6803893713917,4262.719338527253,4264.1663026978185,116.6803893713917,0.0,pvalloc_29nbfs_LRG2_gridoptim_max_1hll
5071,13076.221839912545,2526.089915056284,13706.30483546298,13076.221839912545,0.0,pvalloc_29nbfs_LRG2_gridoptim_max_1hll
5072,29946.509941203905,2831.194709157351,30237.687208811996,29946.509941203905,0.0,pvalloc_29nbfs_LRG2_gridoptim_max_1hll
5073,52001.99418174938,3235.712214812532,52182.26155594914,50714.98496889841,1287.0092128509832,pvalloc_29nbfs_LRG2_gridoptim_max_1hll
5074,69271.99503187327,3526.740140612515,69431.71596973523,63617.809053209414,5654.185978663827,pvalloc_29nbfs_LRG2_gridoptim_max_1hll
5075,79761.40107603796,3949.2013921183966,79936.05693144217,69921.1954507202,9840.205625317816,pvalloc_29nbfs_LRG2_gridoptim_max_1hll
5076,70338.80356874771,4493.632739559053,70596.42931050208,64284.07487160178,6054.728697145833,pvalloc_29nbfs_LRG2_gridoptim_max_1hll
5077,62221.223389575374,4925.595110644572,62606.66206463303,58673.28977462,3547.9336149553646,pvalloc_29nbfs_LRG2_gridoptim_max_1hll
5078,52860.04436905465,5105.158548907273,53425.761093279456,51302.23393587598,1557.810433178679,pvalloc_29nbfs_LRG2_gridoptim_max_1hll
5079,32823.70922995544,5127.223947191886,33845.226584193806,32795.498701390134,28.21052856531952,pvalloc_29nbfs_LRG2_gridoptim_max_1hll
5080,36000.57612312037,4747.796328027355,36768.21376383048,35896.11473702947,104.46138609090661,pvalloc_29nbfs_LRG2_gridoptim_max_1hll
5081,28364.540197943927,4511.478653354988,29268.78826946614,28364.540197943927,0.0,pvalloc_29nbfs_LRG2_gridoptim_max_1hll
5082,16192.952362171194,4465.45682296427,17649.40977642547,16192.952362171194,0.0,pvalloc_29nbfs_LRG2_gridoptim_max_1hll
5083,8522.007050589033,4787.718860848462,10793.520265716797,8522.007050589033,0.0,pvalloc_29nbfs_LRG2_gridoptim_max_1hll
5084,44.74130554443378,9065.2485358673,9065.52554589823,44.74130554443378,0.0,pvalloc_29nbfs_LRG2_gridoptim_max_1hll
5085,0.0,14038.884071464148,14038.884071464148,0.0,0.0,pvalloc_29nbfs_LRG2_gridoptim_max_1hll
5086,0.0,16707.678657408913,16707.678657408913,0.0,0.0,pvalloc_29nbfs_LRG2_gridoptim_max_1hll
5087,0.0,14798.423471834054,14798.423471834054,0.0,0.0,pvalloc_29nbfs_LRG2_gridoptim_max_1hll
5088,0.0,12920.992928294934,12920.992928294934,0.0,0.0,pvalloc_29nbfs_LRG2_gridoptim_max_1hll
5089,0.0,9900.944565301277,9900.944565301277,0.0,0.0,pvalloc_29nbfs_LRG2_gridoptim_max_1hll
5090,0.0,9389.785903685059,9389.785903685059,0.0,0.0,pvalloc_29nbfs_LRG2_gridoptim_max_1hll
5091,0.0,7401.546438254426,7401.546438254426,0.0,0.0,pvalloc_29nbfs_LRG2_gridoptim_max_1hll
5092,0.0,6692.067790682453,6692.067790682453,0.0,0.0,pvalloc_29nbfs_LRG2_gridoptim_max_1hll
5093,0.0,6497.448685059626,6497.448685059626,0.0,0.0,pvalloc_29nbfs_LRG2_gridoptim_max_1hll
5094,297.5214515067192,3860.3075693986048,3864.219892872538,297.5214515067192,0.0,pvalloc_29nbfs_LRG2_gridoptim_max_1hll
5095,14690.034560886015,2399.975066646129,15175.15627793547,14690.034560886015,0.0,pvalloc_29nbfs_LRG2_gridoptim_max_1hll
5096,34540.796240598436,2394.7814061290746,34696.31898878248,34511.33520855999,29.461032038452686,pvalloc_29nbfs_LRG2_gridoptim_max_1hll
5097,56461.58513316003,2830.4888300472567,56575.973561845574,54407.957980561,2053.6271525990237,pvalloc_29nbfs_LRG2_gridoptim_max_1hll
5098,73225.44183145213,2953.039980982161,73324.26989989688,66193.25936480086,7032.182466651357,pvalloc_29nbfs_LRG2_gridoptim_max_1hll
5099,88591.30577064505,3547.114802508973,88721.04641332128,74610.36851104039,13980.937259604609,pvalloc_29nbfs_LRG2_gridoptim_max_1hll
5100,74798.48844885212,4963.8473062520015,75091.02487490795,67070.96386932694,7727.524579525325,pvalloc_29nbfs_LRG2_gridoptim_max_1hll
5101,65604.5860931708,5639.135570682659,66109.86757687567,61019.351975300306,4585.234117870481,pvalloc_29nbfs_LRG2_gridoptim_max_1hll
5102,70651.12438699236,5720.581890710368,71154.0290449459,64313.2285269663,6337.895860025978,pvalloc_29nbfs_LRG2_gridoptim_max_1hll
5103,64496.168138497385,5197.690485472315,64954.915031536155,60194.745098914434,4301.42303958295,pvalloc_29nbfs_LRG2_gridoptim_max_1hll
5104,60718.26729832442,4990.296148472121,61182.60441109345,57427.85510655968,3290.41219176473,pvalloc_29nbfs_LRG2_gridoptim_max_1hll
5105,25670.94498485776,4844.380677987077,26763.59358454491,25670.94498485776,0.0,pvalloc_29nbfs_LRG2_gridoptim_max_1hll
5106,6492.8524735610345,5170.467543189533,9117.293610580076,6492.8524735610345,0.0,pvalloc_29nbfs_LRG2_gridoptim_max_1hll
5107,1404.2977611019269,6967.589697040809,7086.6014679504415,1404.2977611019269,0.0,pvalloc_29nbfs_LRG2_gridoptim_max_1hll
5108,0.5490029654056419,11358.949219887763,11358.949219887763,0.5490029654056419,0.0,pvalloc_29nbfs_LRG2_gridoptim_max_1hll
5109,0.0,13173.891725783154,13173.891725783154,0.0,0.0,pvalloc_29nbfs_LRG2_gridoptim_max_1hll
5110,0.0,13106.449704799226,13106.449704799226,0.0,0.0,pvalloc_29nbfs_LRG2_gridoptim_max_1hll
5111,0.0,12603.245316458497,12603.245316458497,0.0,0.0,pvalloc_29nbfs_LRG2_gridoptim_max_1hll
5112,0.0,10413.182078012225,10413.182078012225,0.0,0.0,pvalloc_29nbfs_LRG2_gridoptim_max_1hll
5113,0.0,8993.403916155026,8993.403916155026,0.0,0.0,pvalloc_29nbfs_LRG2_gridoptim_max_1hll
5114,0.0,7817.17261512709,7817.17261512709,0.0,0.0,pvalloc_29nbfs_LRG2_gridoptim_max_1hll
5115,0.0,7187.9602584705435,7187.9602584705435,0.0,0.0,pvalloc_29nbfs_LRG2_gridoptim_max_1hll
5116,0.0,6597.782238100715,6597.782238100715,0.0,0.0,pvalloc_29nbfs_LRG2_gridoptim_max_1hll
5117,0.0,6653.582169584408,6653.582169584408,0.0,0.0,pvalloc_29nbfs_LRG2_gridoptim_max_1hll
5118,142.4954475504538,4136.86988681366,4138.554689931958,142.4954475504538,0.0,pvalloc_29nbfs_LRG2_gridoptim_max_1hll
5119,10187.273015736631,2387.2749620193918,10888.840003424437,10187.273015736631,0.0,pvalloc_29nbfs_LRG2_gridoptim_max_1hll
5120,30917.290246704804,2410.758533899973,31104.440079666914,30917.290246704804,0.0,pvalloc_29nbfs_LRG2_gridoptim_max_1hll
5121,54039.36060981415,2748.073115862745,54156.27056166288,52452.15601587352,1587.2045939406378,pvalloc_29nbfs_LRG2_gridoptim_max_1hll
5122,69909.1408082613,3220.3225805184475,70028.78916639625,64105.36273268388,5803.77807557732,pvalloc_29nbfs_LRG2_gridoptim_max_1hll
5123,88262.16730006156,3537.3641744132347,88372.60942287729,74524.42859630336,13737.738703758245,pvalloc_29nbfs_LRG2_gridoptim_max_1hll
5124,87856.01655173712,4757.161981502878,88052.81785559897,74360.43027148089,13495.58628025626,pvalloc_29nbfs_LRG2_gridoptim_max_1hll
5125,87777.5493415364,5593.501687214657,88081.22725270664,74243.45480448933,13534.094537047053,pvalloc_29nbfs_LRG2_gridoptim_max_1hll
5126,81553.0388508249,5466.408241252607,81886.06500901331,70877.31126510246,10675.727585722483,pvalloc_29nbfs_LRG2_gridoptim_max_1hll
5127,77026.98232369097,5377.256546991411,77388.99507089127,68298.08261480852,8728.899708882369,pvalloc_29nbfs_LRG2_gridoptim_max_1hll
5128,68223.45808127227,4534.770011807638,68518.90126343504,62826.69558407592,5396.762497196315,pvalloc_29nbfs_LRG2_gridoptim_max_1hll
5129,50030.07789396556,4374.866735390695,50443.690564217315,49001.2402056043,1028.837688361265,pvalloc_29nbfs_LRG2_gridoptim_max_1hll
5130,30615.90313181635,4935.8917345874315,31604.366651789947,30615.90313181635,0.0,pvalloc_29nbfs_LRG2_gridoptim_max_1hll
5131,12104.182731807472,5043.65618778534,14286.564289882523,12104.182731807472,0.0,pvalloc_29nbfs_LRG2_gridoptim_max_1hll
5132,1.3949049544287724,11966.886837783435,11966.886837783435,1.3949049544287724,0.0,pvalloc_29nbfs_LRG2_gridoptim_max_1hll
5133,0.0,18228.21613904296,18228.21613904296,0.0,0.0,pvalloc_29nbfs_LRG2_gridoptim_max_1hll
5134,0.0,18162.496361710335,18162.496361710335,0.0,0.0,pvalloc_29nbfs_LRG2_gridoptim_max_1hll
5135,0.0,15581.301938822115,15581.301938822115,0.0,0.0,pvalloc_29nbfs_LRG2_gridoptim_max_1hll
5136,0.0,13660.518661518498,13660.518661518498,0.0,0.0,pvalloc_29nbfs_LRG2_gridoptim_max_1hll
5137,0.0,10358.480128423342,10358.480128423342,0.0,0.0,pvalloc_29nbfs_LRG2_gridoptim_max_1hll
5138,0.0,8828.47113398323,8828.47113398323,0.0,0.0,pvalloc_29nbfs_LRG2_gridoptim_max_1hll
5139,0.0,7213.798405873982,7213.798405873982,0.0,0.0,pvalloc_29nbfs_LRG2_gridoptim_max_1hll
5140,0.0,6479.031429122138,6479.031429122138,0.0,0.0,pvalloc_29nbfs_LRG2_gridoptim_max_1hll
5141,0.0,6403.16258096044,6403.16258096044,0.0,0.0,pvalloc_29nbfs_LRG2_gridoptim_max_1hll
5142,124.56743516186891,4179.623059459698,4181.003144585038,124.56743516186891,0.0,pvalloc_29nbfs_LRG2_gridoptim_max_1hll
5143,13204.534281556615,2383.2678930734937,13743.054045339832,13204.534281556615,0.0,pvalloc_29nbfs_LRG2_gridoptim_max_1hll
5144,32864.43319604986,2697.539365353348,33082.45481848618,32864.43319604986,0.0,pvalloc_29nbfs_LRG2_gridoptim_max_1hll
5145,53571.5717213177,3252.329116214446,53734.552261543664,52066.47346251114,1505.0982588065615,pvalloc_29nbfs_LRG2_gridoptim_max_1hll
5146,73810.36566786091,3371.5087935238603,73931.11964551406,66581.0126954517,7229.352972409296,pvalloc_29nbfs_LRG2_gridoptim_max_1hll
5147,86996.10889185124,4309.815772469548,87148.4061484868,73950.76044893387,13045.348442917371,pvalloc_29nbfs_LRG2_gridoptim_max_1hll
5148,82643.08683299224,5885.105460803126,83042.01309853628,71734.76780208075,10908.319030911509,pvalloc_29nbfs_LRG2_gridoptim_max_1hll
5149,87428.32229790461,5397.345224773856,87703.45117313146,74152.27585558759,13276.046442317012,pvalloc_29nbfs_LRG2_gridoptim_max_1hll
5150,87037.21363392717,4545.968694620891,87266.10727923746,73749.83136604737,13287.38226787977,pvalloc_29nbfs_LRG2_gridoptim_max_1hll
5151,75295.33903465977,5086.993067877716,75604.21340179852,67354.65079114551,7940.688243514242,pvalloc_29nbfs_LRG2_gridoptim_max_1hll
5152,62729.56834175647,4315.153068353247,63008.46890947063,59053.94339612503,3675.6249456314536,pvalloc_29nbfs_LRG2_gridoptim_max_1hll
5153,45583.91582689399,3979.089234466112,45937.732074050065,45146.139161451305,437.77666544268226,pvalloc_29nbfs_LRG2_gridoptim_max_1hll
5154,30447.549798689164,3980.2650974857293,31064.71883403515,30447.549798689164,0.0,pvalloc_29nbfs_LRG2_gridoptim_max_1hll
5155,10088.237464581493,5685.063331036664,12935.761969552606,10088.237464581493,0.0,pvalloc_29nbfs_LRG2_gridoptim_max_1hll
5156,1.0167446049018039,13237.255052553932,13237.255052553932,1.0167446049018039,0.0,pvalloc_29nbfs_LRG2_gridoptim_max_1hll
5157,0.0,16656.158247084175,16656.158247084175,0.0,0.0,pvalloc_29nbfs_LRG2_gridoptim_max_1hll
5158,0.0,16956.66673318879,16956.66673318879,0.0,0.0,pvalloc_29nbfs_LRG2_gridoptim_max_1hll
5159,0.0,13878.197386105796,13878.197386105796,0.0,0.0,pvalloc_29nbfs_LRG2_gridoptim_max_1hll
5160,0.0,13359.709264488023,13359.709264488023,0.0,0.0,pvalloc_29nbfs_LRG2_gridoptim_max_1hll
5161,0.0,9823.421723926976,9823.421723926976,0.0,0.0,pvalloc_29nbfs_LRG2_gridoptim_max_1hll
5162,0.0,8004.918441437759,8004.918441437759,0.0,0.0,pvalloc_29nbfs_LRG2_gridoptim_max_1hll
5163,0.0,7279.771629046192,7279.771629046192,0.0,0.0,pvalloc_29nbfs_LRG2_gridoptim_max_1hll
5164,0.0,6702.512682378076,6702.512682378076,0.0,0.0,pvalloc_29nbfs_LRG2_gridoptim_max_1hll
5165,0.0,6398.7645866892735,6398.7645866892735,0.0,0.0,pvalloc_29nbfs_LRG2_gridoptim_max_1hll
5166,102.27784490632736,4366.012971428999,4367.113635501252,102.27784490632736,0.0,pvalloc_29nbfs_LRG2_gridoptim_max_1hll
5167,12563.851862378697,2581.1945201469125,13253.624974417817,12563.851862378697,0.0,pvalloc_29nbfs_LRG2_gridoptim_max_1hll
5168,32812.82532341367,2959.70195797984,33087.557305865965,32812.82532341367,0.0,pvalloc_29nbfs_LRG2_gridoptim_max_1hll
5169,54499.321260201636,3202.6992212313503,54653.53226844016,52824.718736728224,1674.6025234734207,pvalloc_29nbfs_LRG2_gridoptim_max_1hll
5170,74376.14735747149,3098.5179290212805,74483.92425044726,66896.97322824018,7479.17412923134,pvalloc_29nbfs_LRG2_gridoptim_max_1hll
5171,89073.64420591632,3813.438172380157,89200.92219633548,74937.33493977385,14136.30926614251,pvalloc_29nbfs_LRG2_gridoptim_max_1hll
5172,83400.14666027554,4331.593368143656,83591.35793388338,71969.57728769707,11430.569372578444,pvalloc_29nbfs_LRG2_gridoptim_max_1hll
5173,77726.9708390918,4640.25959665684,77977.78101893431,68778.9022167889,8948.068622302819,pvalloc_29nbfs_LRG2_gridoptim_max_1hll
5174,87944.35672017455,4592.941691207336,88169.41194067169,74233.83124301372,13710.525477160869,pvalloc_29nbfs_LRG2_gridoptim_max_1hll
5175,75785.16094876354,4775.585396783938,76070.44960145467,67603.77731531665,8181.383633446842,pvalloc_29nbfs_LRG2_gridoptim_max_1hll
5176,60700.233350749026,4589.776889525988,61040.08638119674,57517.56096739444,3182.6723833545802,pvalloc_29nbfs_LRG2_gridoptim_max_1hll
5177,41519.752763527635,4258.577459492472,42019.321221169695,41306.804527303946,212.9482362236801,pvalloc_29nbfs_LRG2_gridoptim_max_1hll
5178,22748.45420202885,4182.252128598066,23702.671077075014,22748.45420202885,0.0,pvalloc_29nbfs_LRG2_gridoptim_max_1hll
5179,9309.769905257994,4360.543880814583,11168.102100415666,9309.769905257994,0.0,pvalloc_29nbfs_LRG2_gridoptim_max_1hll
5180,20.010962566532612,9611.499307655784,9611.65626904721,20.010962566532612,0.0,pvalloc_29nbfs_LRG2_gridoptim_max_1hll
5181,0.0,17958.547144614713,17958.547144614713,0.0,0.0,pvalloc_29nbfs_LRG2_gridoptim_max_1hll
5182,0.0,15508.10589408956,15508.10589408956,0.0,0.0,pvalloc_29nbfs_LRG2_gridoptim_max_1hll
5183,0.0,14273.89740347325,14273.89740347325,0.0,0.0,pvalloc_29nbfs_LRG2_gridoptim_max_1hll
5184,0.0,13200.332246555769,13200.332246555769,0.0,0.0,pvalloc_29nbfs_LRG2_gridoptim_max_1hll
5185,0.0,9638.325646422076,9638.325646422076,0.0,0.0,pvalloc_29nbfs_LRG2_gridoptim_max_1hll
5186,0.0,8321.584507793394,8321.584507793394,0.0,0.0,pvalloc_29nbfs_LRG2_gridoptim_max_1hll
5187,0.0,7169.817360127394,7169.817360127394,0.0,0.0,pvalloc_29nbfs_LRG2_gridoptim_max_1hll
5188,0.0,7079.928698781938,7079.928698781938,0.0,0.0,pvalloc_29nbfs_LRG2_gridoptim_max_1hll
5189,0.0,6529.334832922409,6529.334832922409,0.0,0.0,pvalloc_29nbfs_LRG2_gridoptim_max_1hll
5190,43.47336630157121,4782.281202708776,4782.777584904539,43.47336630157121,0.0,pvalloc_29nbfs_LRG2_gridoptim_max_1hll
5191,10295.959605298727,2533.3070482092867,11070.704325317372,10295.959605298727,0.0,pvalloc_29nbfs_LRG2_gridoptim_max_1hll
5192,27398.332447037246,2894.4029087165313,27739.704719348298,27398.332447037246,0.0,pvalloc_29nbfs_LRG2_gridoptim_max_1hll
5193,48818.38945934845,3156.911733053964,48994.54966921317,48080.34666873427,738.0427906141697,pvalloc_29nbfs_LRG2_gridoptim_max_1hll
5194,61845.1043261124,3439.7346370190335,62003.793177792395,58488.38696273843,3356.7173633739776,pvalloc_29nbfs_LRG2_gridoptim_max_1hll
5195,70336.38090488291,4130.930030257745,70532.27774415787,64394.46268169069,5941.918223192207,pvalloc_29nbfs_LRG2_gridoptim_max_1hll
5196,67827.1514920113,5118.719267875535,68195.1673735473,62759.384179639106,5067.767312372225,pvalloc_29nbfs_LRG2_gridoptim_max_1hll
5197,72025.38566531926,4982.639652146849,72335.98766993328,65360.83405675557,6664.551608563679,pvalloc_29nbfs_LRG2_gridoptim_max_1hll
5198,70785.33343293733,5499.463028720408,71195.887225995,64558.126821874255,6227.206611063066,pvalloc_29nbfs_LRG2_gridoptim_max_1hll
5199,69903.55351903435,4959.644787832629,70241.75714467531,63953.89414372442,5949.659375309948,pvalloc_29nbfs_LRG2_gridoptim_max_1hll
5200,42028.55901604504,3857.324472353146,42423.9800998183,41795.17567760676,233.38333843827354,pvalloc_29nbfs_LRG2_gridoptim_max_1hll
5201,27003.756360419757,3847.361135431175,27673.35360242663,27003.756360419757,0.0,pvalloc_29nbfs_LRG2_gridoptim_max_1hll
5202,12994.226368152686,4383.7499137473405,14703.616217730014,12994.226368152686,0.0,pvalloc_29nbfs_LRG2_gridoptim_max_1hll
5203,8154.085759442351,4863.673710844415,10523.883943788032,8154.085759442351,0.0,pvalloc_29nbfs_LRG2_gridoptim_max_1hll
5204,0.0,15104.804546934238,15104.804546934238,0.0,0.0,pvalloc_29nbfs_LRG2_gridoptim_max_1hll
5205,0.0,15791.348827533153,15791.348827533153,0.0,0.0,pvalloc_29nbfs_LRG2_gridoptim_max_1hll
5206,0.0,15247.75572798058,15247.75572798058,0.0,0.0,pvalloc_29nbfs_LRG2_gridoptim_max_1hll
5207,0.0,15008.225250668322,15008.225250668322,0.0,0.0,pvalloc_29nbfs_LRG2_gridoptim_max_1hll
5208,0.0,12069.433844123947,12069.433844123947,0.0,0.0,pvalloc_29nbfs_LRG2_gridoptim_max_1hll
5209,0.0,11145.876780548275,11145.876780548275,0.0,0.0,pvalloc_29nbfs_LRG2_gridoptim_max_1hll
5210,0.0,8940.899584908117,8940.899584908117,0.0,0.0,pvalloc_29nbfs_LRG2_gridoptim_max_1hll
5211,0.0,7874.8958073584245,7874.8958073584245,0.0,0.0,pvalloc_29nbfs_LRG2_gridoptim_max_1hll
5212,0.0,7043.64455664798,7043.64455664798,0.0,0.0,pvalloc_29nbfs_LRG2_gridoptim_max_1hll
5213,0.0,7125.558647681808,7125.558647681808,0.0,0.0,pvalloc_29nbfs_LRG2_gridoptim_max_1hll
5214,3.6015326686948574,5743.514287764251,5743.585971060065,3.6015326686948574,0.0,pvalloc_29nbfs_LRG2_gridoptim_max_1hll
5215,1639.2667946716226,3052.0591051869405,3689.836302405128,1639.2667946716226,0.0,pvalloc_29nbfs_LRG2_gridoptim_max_1hll
5216,6061.431990614368,2981.947862993594,7440.8903365245305,6061.431990614368,0.0,pvalloc_29nbfs_LRG2_gridoptim_max_1hll
5217,12107.177273084524,3229.925731631007,13211.523782288587,12107.177273084524,0.0,pvalloc_29nbfs_LRG2_gridoptim_max_1hll
5218,23706.22329193833,3349.198161697985,24291.920667749746,23706.22329193833,0.0,pvalloc_29nbfs_LRG2_gridoptim_max_1hll
5219,28209.49110206322,3995.9551461243286,28908.617084184185,28209.49110206322,0.0,pvalloc_29nbfs_LRG2_gridoptim_max_1hll
5220,20887.092481895557,5154.455856133063,22611.313001077986,20887.092481895557,0.0,pvalloc_29nbfs_LRG2_gridoptim_max_1hll
5221,45343.693009766735,4583.2802491615785,45877.571276832445,44888.97273153553,454.7202782312027,pvalloc_29nbfs_LRG2_gridoptim_max_1hll
5222,59952.20791688886,4751.850094296123,60341.30692563764,56914.42608898939,3037.7818278994637,pvalloc_29nbfs_LRG2_gridoptim_max_1hll
5223,47079.7432540544,4779.6080846450695,47626.56181600152,46462.98290456599,616.7603494884091,pvalloc_29nbfs_LRG2_gridoptim_max_1hll
5224,47435.33644779497,4167.965954494941,47829.53139373459,46794.863136729145,640.4733110658284,pvalloc_29nbfs_LRG2_gridoptim_max_1hll
5225,35525.83240804176,4248.08775859476,36124.812419302594,35457.40833172426,68.424076317492,pvalloc_29nbfs_LRG2_gridoptim_max_1hll
5226,24763.735514973345,4142.291484680759,25613.9161080577,24763.735514973345,0.0,pvalloc_29nbfs_LRG2_gridoptim_max_1hll
5227,10188.418454436785,4832.119335407979,12342.09426962763,10188.418454436785,0.0,pvalloc_29nbfs_LRG2_gridoptim_max_1hll
5228,0.25916786472437386,12362.2276086306,12362.2276086306,0.25916786472437386,0.0,pvalloc_29nbfs_LRG2_gridoptim_max_1hll
5229,0.0,17463.78761121696,17463.78761121696,0.0,0.0,pvalloc_29nbfs_LRG2_gridoptim_max_1hll
5230,0.0,16776.245765136617,16776.245765136617,0.0,0.0,pvalloc_29nbfs_LRG2_gridoptim_max_1hll
5231,0.0,13863.094861205218,13863.094861205218,0.0,0.0,pvalloc_29nbfs_LRG2_gridoptim_max_1hll
5232,0.0,12379.083196074876,12379.083196074876,0.0,0.0,pvalloc_29nbfs_LRG2_gridoptim_max_1hll
5233,0.0,10840.79645112631,10840.79645112631,0.0,0.0,pvalloc_29nbfs_LRG2_gridoptim_max_1hll
5234,0.0,8839.193140860434,8839.193140860434,0.0,0.0,pvalloc_29nbfs_LRG2_gridoptim_max_1hll
5235,0.0,7691.549078353807,7691.549078353807,0.0,0.0,pvalloc_29nbfs_LRG2_gridoptim_max_1hll
5236,0.0,6881.188714069509,6881.188714069509,0.0,0.0,pvalloc_29nbfs_LRG2_gridoptim_max_1hll
5237,0.0,7020.828203404438,7020.828203404438,0.0,0.0,pvalloc_29nbfs_LRG2_gridoptim_max_1hll
5238,66.04790928016442,4755.66797354757,4756.352336364771,66.04790928016442,0.0,pvalloc_29nbfs_LRG2_gridoptim_max_1hll
5239,11372.231450429228,2639.7861901016254,12126.233285415536,11372.231450429228,0.0,pvalloc_29nbfs_LRG2_gridoptim_max_1hll
5240,24218.510679665575,2964.9219136396523,24645.26148541753,24218.510679665575,0.0,pvalloc_29nbfs_LRG2_gridoptim_max_1hll
5241,47935.64531787672,3193.1202439385333,48124.04213933102,47302.139396340506,633.5059215362116,pvalloc_29nbfs_LRG2_gridoptim_max_1hll
5242,61785.42012100682,3645.268570900535,61963.77793003325,58442.12310472753,3343.297016279294,pvalloc_29nbfs_LRG2_gridoptim_max_1hll
5243,68291.45557640171,3959.2800858860696,68486.63438746243,62997.53586841887,5293.919707982799,pvalloc_29nbfs_LRG2_gridoptim_max_1hll
5244,56047.125571495744,4473.519112615834,56395.877574810205,53990.36756800775,2056.7580034879984,pvalloc_29nbfs_LRG2_gridoptim_max_1hll
5245,54488.13977395391,4993.388843369912,54970.04090411664,52711.15736755073,1776.9824064031723,pvalloc_29nbfs_LRG2_gridoptim_max_1hll
5246,50855.84359912862,5041.222869631552,51433.84336209462,49650.14452497292,1205.699074155692,pvalloc_29nbfs_LRG2_gridoptim_max_1hll
5247,50603.04297849171,4731.783918517534,51107.847538813636,49452.229422149045,1150.81355634267,pvalloc_29nbfs_LRG2_gridoptim_max_1hll
5248,43036.883069537216,4172.150528646767,43518.858176465874,42739.16730292573,297.71576661148777,pvalloc_29nbfs_LRG2_gridoptim_max_1hll
5249,35129.86638073444,4048.3879074028105,35686.21561249061,35068.225781755085,61.64059897935397,pvalloc_29nbfs_LRG2_gridoptim_max_1hll
5250,17982.294112142732,4592.71788275575,19389.899854339972,17982.294112142732,0.0,pvalloc_29nbfs_LRG2_gridoptim_max_1hll
5251,8266.404645877832,5194.29399411206,10840.72197660486,8266.404645877832,0.0,pvalloc_29nbfs_LRG2_gridoptim_max_1hll
5252,0.0,19016.87238720869,19016.87238720869,0.0,0.0,pvalloc_29nbfs_LRG2_gridoptim_max_1hll
5253,0.0,19290.580116971658,19290.580116971658,0.0,0.0,pvalloc_29nbfs_LRG2_gridoptim_max_1hll
5254,0.0,16835.268381474212,16835.268381474212,0.0,0.0,pvalloc_29nbfs_LRG2_gridoptim_max_1hll
5255,0.0,14924.78827852718,14924.78827852718,0.0,0.0,pvalloc_29nbfs_LRG2_gridoptim_max_1hll
5256,0.0,13381.168060104115,13381.168060104115,0.0,0.0,pvalloc_29nbfs_LRG2_gridoptim_max_1hll
5257,0.0,10539.960012448035,10539.960012448035,0.0,0.0,pvalloc_29nbfs_LRG2_gridoptim_max_1hll
5258,0.0,8429.066249258418,8429.066249258418,0.0,0.0,pvalloc_29nbfs_LRG2_gridoptim_max_1hll
5259,0.0,7662.686930720702,7662.686930720702,0.0,0.0,pvalloc_29nbfs_LRG2_gridoptim_max_1hll
5260,0.0,6987.56971605249,6987.56971605249,0.0,0.0,pvalloc_29nbfs_LRG2_gridoptim_max_1hll
5261,0.0,6946.060646242224,6946.060646242224,0.0,0.0,pvalloc_29nbfs_LRG2_gridoptim_max_1hll
5262,58.361798308621246,5001.520162695693,5002.143231622838,58.361798308621246,0.0,pvalloc_29nbfs_LRG2_gridoptim_max_1hll
5263,12591.710943003374,2593.066887385581,13251.442211678443,12591.710943003374,0.0,pvalloc_29nbfs_LRG2_gridoptim_max_1hll
5264,33251.69893954767,2893.0055076537296,33507.13732888203,33247.62954049295,4.069399054719156,pvalloc_29nbfs_LRG2_gridoptim_max_1hll
5265,55775.52526877066,2984.834888546769,55909.64667142775,53852.7581062226,1922.7671625480652,pvalloc_29nbfs_LRG2_gridoptim_max_1hll
5266,74659.74671201632,3776.159093834137,74801.32072757509,67109.8285156399,7549.918196376428,pvalloc_29nbfs_LRG2_gridoptim_max_1hll
5267,88159.37016247639,4870.435140547352,88359.4013640732,74562.11730650846,13597.25285596795,pvalloc_29nbfs_LRG2_gridoptim_max_1hll
5268,85472.39243919699,5933.664424604606,85842.38868811043,73163.2226731343,12309.16976606271,pvalloc_29nbfs_LRG2_gridoptim_max_1hll
5269,90333.12550952955,5893.386424976,90662.36026930109,75546.60610427773,14786.519405251787,pvalloc_29nbfs_LRG2_gridoptim_max_1hll
5270,90816.16660252045,5283.402936063588,91130.51410978123,75521.87256564513,15294.294036875313,pvalloc_29nbfs_LRG2_gridoptim_max_1hll
5271,82422.61624542711,5075.693755157872,82725.94050288318,71298.0263804319,11124.589864995272,pvalloc_29nbfs_LRG2_gridoptim_max_1hll
5272,68669.74518499026,4832.967930297882,68995.8226357226,63139.09689427337,5530.648290716815,pvalloc_29nbfs_LRG2_gridoptim_max_1hll
5273,51730.942758628764,4389.441937087613,52135.63310165363,50415.53718677576,1315.4055718530028,pvalloc_29nbfs_LRG2_gridoptim_max_1hll
5274,31024.60579993527,4492.081529860039,31815.188875319764,31024.60579993527,0.0,pvalloc_29nbfs_LRG2_gridoptim_max_1hll
5275,12575.264665035578,4761.8286669580875,14391.697933610185,12575.264665035578,0.0,pvalloc_29nbfs_LRG2_gridoptim_max_1hll
5276,0.001144878417680309,16131.66265027085,16131.66265027085,0.001144878417680309,0.0,pvalloc_29nbfs_LRG2_gridoptim_max_1hll
5277,0.0,16661.54003587522,16661.54003587522,0.0,0.0,pvalloc_29nbfs_LRG2_gridoptim_max_1hll
5278,0.0,16071.879638820656,16071.879638820656,0.0,0.0,pvalloc_29nbfs_LRG2_gridoptim_max_1hll
5279,0.0,16513.61501158644,16513.61501158644,0.0,0.0,pvalloc_29nbfs_LRG2_gridoptim_max_1hll
5280,0.0,14223.402737580198,14223.402737580198,0.0,0.0,pvalloc_29nbfs_LRG2_gridoptim_max_1hll
5281,0.0,10189.901163932846,10189.901163932846,0.0,0.0,pvalloc_29nbfs_LRG2_gridoptim_max_1hll
5282,0.0,9219.90861812319,9219.90861812319,0.0,0.0,pvalloc_29nbfs_LRG2_gridoptim_max_1hll
5283,0.0,8077.212368111325,8077.212368111325,0.0,0.0,pvalloc_29nbfs_LRG2_gridoptim_max_1hll
5284,0.0,7416.388772703773,7416.388772703773,0.0,0.0,pvalloc_29nbfs_LRG2_gridoptim_max_1hll
5285,0.0,7104.393955178768,7104.393955178768,0.0,0.0,pvalloc_29nbfs_LRG2_gridoptim_max_1hll
5286,19.532481156536925,5518.33190870737,5518.594437442006,19.532481156536925,0.0,pvalloc_29nbfs_LRG2_gridoptim_max_1hll
5287,11707.783248363128,2635.279239468434,12436.737207144413,11707.783248363128,0.0,pvalloc_29nbfs_LRG2_gridoptim_max_1hll
5288,33417.16099959572,2796.7882781437634,33652.29431540904,33410.75980823104,6.401191364675583,pvalloc_29nbfs_LRG2_gridoptim_max_1hll
5289,55465.25906381826,2799.324203776061,55587.07375593825,53602.05220695751,1863.2068568607485,pvalloc_29nbfs_LRG2_gridoptim_max_1hll
5290,73625.12640199922,3671.9602641326805,73759.09235207863,66491.0387624095,7134.0876395896985,pvalloc_29nbfs_LRG2_gridoptim_max_1hll
5291,89538.3909363135,4101.612060344082,89690.32366094909,75155.2280332271,14383.16290308636,pvalloc_29nbfs_LRG2_gridoptim_max_1hll
5292,84969.40297336676,5701.235331850894,85305.49087547632,72903.48002047247,12065.922952894227,pvalloc_29nbfs_LRG2_gridoptim_max_1hll
5293,90680.32607330664,5600.590990459027,90981.89685747691,75608.89850006558,15071.42757324098,pvalloc_29nbfs_LRG2_gridoptim_max_1hll
5294,86092.93690987478,6735.190127494153,86597.53056536114,73247.85516945297,12845.081740421785,pvalloc_29nbfs_LRG2_gridoptim_max_1hll
5295,79404.37233774397,6128.595861272545,79871.24362316853,69618.25435012182,9786.117987622285,pvalloc_29nbfs_LRG2_gridoptim_max_1hll
5296,64949.389810813336,6191.440821364,65575.4119652168,60608.67837297574,4340.711437837602,pvalloc_29nbfs_LRG2_gridoptim_max_1hll
5297,49319.55375185153,5499.6339821209485,50040.38368232655,48346.70547398915,972.848277862389,pvalloc_29nbfs_LRG2_gridoptim_max_1hll
5298,29084.592909544266,5492.3461594380115,30326.234721634504,29084.592909544266,0.0,pvalloc_29nbfs_LRG2_gridoptim_max_1hll
5299,8737.19997852168,6546.219071929453,12180.879855016681,8737.19997852168,0.0,pvalloc_29nbfs_LRG2_gridoptim_max_1hll
5300,0.006800150706788702,16938.769059083756,16938.769059083756,0.006800150706788702,0.0,pvalloc_29nbfs_LRG2_gridoptim_max_1hll
5301,0.0,19664.8737674663,19664.8737674663,0.0,0.0,pvalloc_29nbfs_LRG2_gridoptim_max_1hll
5302,0.0,21717.29761653144,21717.29761653144,0.0,0.0,pvalloc_29nbfs_LRG2_gridoptim_max_1hll
5303,0.0,17214.825474050005,17214.825474050005,0.0,0.0,pvalloc_29nbfs_LRG2_gridoptim_max_1hll
5304,0.0,12578.207549128694,12578.207549128694,0.0,0.0,pvalloc_29nbfs_LRG2_gridoptim_max_1hll
5305,0.0,10294.109997870488,10294.109997870488,0.0,0.0,pvalloc_29nbfs_LRG2_gridoptim_max_1hll
5306,0.0,8325.709247505114,8325.709247505114,0.0,0.0,pvalloc_29nbfs_LRG2_gridoptim_max_1hll
5307,0.0,7293.515981600716,7293.515981600716,0.0,0.0,pvalloc_29nbfs_LRG2_gridoptim_max_1hll
5308,0.0,6735.774478834691,6735.774478834691,0.0,0.0,pvalloc_29nbfs_LRG2_gridoptim_max_1hll
5309,0.0,6710.483943585054,6710.483943585054,0.0,0.0,pvalloc_29nbfs_LRG2_gridoptim_max_1hll
5310,30.130977377836267,4997.059877799937,4997.44500324061,30.130977377836267,0.0,pvalloc_29nbfs_LRG2_gridoptim_max_1hll
5311,11660.319446501715,2540.7573410319974,12349.61504504752,11660.319446501715,0.0,pvalloc_29nbfs_LRG2_gridoptim_max_1hll
5312,32620.227275056597,2910.0859140043694,32887.97839759369,32620.227275056597,0.0,pvalloc_29nbfs_LRG2_gridoptim_max_1hll
5313,54402.24636313402,3261.692762458784,54565.84098674897,52736.51901516203,1665.727347971992,pvalloc_29nbfs_LRG2_gridoptim_max_1hll
5314,74394.23787828856,3736.67941992232,74546.68278090544,66915.05098947471,7479.186888813849,pvalloc_29nbfs_LRG2_gridoptim_max_1hll
5315,90506.71341915714,3896.5885498687,90648.74115687037,75603.97247157575,14902.740947581373,pvalloc_29nbfs_LRG2_gridoptim_max_1hll
5316,84593.22025423273,5998.8128425576715,84979.63428696386,72688.68236459383,11904.537889638945,pvalloc_29nbfs_LRG2_gridoptim_max_1hll
5317,90275.80665410495,5485.860946853723,90554.28712572626,75489.21248841187,14786.59416569307,pvalloc_29nbfs_LRG2_gridoptim_max_1hll
5318,87897.97804851063,5622.111474881422,88211.01567024233,74231.73323078126,13666.244817729355,pvalloc_29nbfs_LRG2_gridoptim_max_1hll
5319,81402.61719739811,4975.6941720160075,81674.1480964212,70807.52680934394,10595.090388054281,pvalloc_29nbfs_LRG2_gridoptim_max_1hll
5320,67427.02167599398,4882.283862342685,67762.82752503267,62318.142804222996,5108.8788717709685,pvalloc_29nbfs_LRG2_gridoptim_max_1hll
5321,49678.93713073631,4754.547099864794,50165.18655090986,48717.66607605568,961.2710546806395,pvalloc_29nbfs_LRG2_gridoptim_max_1hll
5322,31725.592079957616,3997.090719665434,32339.175972001038,31725.592079957616,0.0,pvalloc_29nbfs_LRG2_gridoptim_max_1hll
5323,10750.670641466404,4802.313253095668,12870.82210475772,10750.670641466404,0.0,pvalloc_29nbfs_LRG2_gridoptim_max_1hll
5324,0.640415122049454,11802.213732066495,11802.213732066495,0.640415122049454,0.0,pvalloc_29nbfs_LRG2_gridoptim_max_1hll
5325,0.0,17798.4514230697,17798.4514230697,0.0,0.0,pvalloc_29nbfs_LRG2_gridoptim_max_1hll
5326,0.0,19605.334016129702,19605.334016129702,0.0,0.0,pvalloc_29nbfs_LRG2_gridoptim_max_1hll
5327,0.0,17993.339244710096,17993.339244710096,0.0,0.0,pvalloc_29nbfs_LRG2_gridoptim_max_1hll
5328,0.0,14499.905393880887,14499.905393880887,0.0,0.0,pvalloc_29nbfs_LRG2_gridoptim_max_1hll
5329,0.0,10706.798579119697,10706.798579119697,0.0,0.0,pvalloc_29nbfs_LRG2_gridoptim_max_1hll
5330,0.0,8691.305275136963,8691.305275136963,0.0,0.0,pvalloc_29nbfs_LRG2_gridoptim_max_1hll
5331,0.0,7299.838339654399,7299.838339654399,0.0,0.0,pvalloc_29nbfs_LRG2_gridoptim_max_1hll
5332,0.0,6942.4868277889755,6942.4868277889755,0.0,0.0,pvalloc_29nbfs_LRG2_gridoptim_max_1hll
5333,0.0,6828.1340130815815,6828.1340130815815,0.0,0.0,pvalloc_29nbfs_LRG2_gridoptim_max_1hll
5334,10.199378631416742,5429.391596217095,5429.527186797496,10.199378631416742,0.0,pvalloc_29nbfs_LRG2_gridoptim_max_1hll
5335,10423.08045879056,2842.0846260525827,11386.133494928832,10423.08045879056,0.0,pvalloc_29nbfs_LRG2_gridoptim_max_1hll
5336,31348.142798221623,3277.3489204494117,31725.828758714397,31348.142798221623,0.0,pvalloc_29nbfs_LRG2_gridoptim_max_1hll
5337,53519.73436045399,3457.99454390684,53711.88532229394,52004.80992859365,1514.9244318603583,pvalloc_29nbfs_LRG2_gridoptim_max_1hll
5338,73318.27539415593,3775.2778403159314,73471.62596061332,66272.85682778565,7045.418566370302,pvalloc_29nbfs_LRG2_gridoptim_max_1hll
5339,88378.38913575289,4076.040218104917,88524.13062783262,74599.68069306365,13778.70844268925,pvalloc_29nbfs_LRG2_gridoptim_max_1hll
5340,83726.00451481131,5829.632384038128,84106.33015505504,72320.90220062672,11405.102314184556,pvalloc_29nbfs_LRG2_gridoptim_max_1hll
5341,87992.40469761463,5789.153047454714,88320.36307673212,74421.84450366335,13570.560193951254,pvalloc_29nbfs_LRG2_gridoptim_max_1hll
5342,84827.91746026423,6646.148727725521,85326.42760925848,72780.5158539096,12047.401606354608,pvalloc_29nbfs_LRG2_gridoptim_max_1hll
5343,79747.40513226374,5524.776262288791,80099.28009404356,69875.6694427101,9871.735689553574,pvalloc_29nbfs_LRG2_gridoptim_max_1hll
5344,67870.2493790251,4575.425330235439,68164.76242469731,62607.093175373164,5263.156203651877,pvalloc_29nbfs_LRG2_gridoptim_max_1hll
5345,48595.275538173606,4534.938340542092,49045.970921783875,47804.32449067556,790.9510474980345,pvalloc_29nbfs_LRG2_gridoptim_max_1hll
5346,29067.38836330694,4518.614035342453,29929.203586329448,29067.38836330694,0.0,pvalloc_29nbfs_LRG2_gridoptim_max_1hll
5347,7382.535223777435,6447.160779001136,10966.056741633283,7382.535223777435,0.0,pvalloc_29nbfs_LRG2_gridoptim_max_1hll
5348,0.0,16009.543347917079,16009.543347917079,0.0,0.0,pvalloc_29nbfs_LRG2_gridoptim_max_1hll
5349,0.0,16826.71504393423,16826.71504393423,0.0,0.0,pvalloc_29nbfs_LRG2_gridoptim_max_1hll
5350,0.0,17455.218388780384,17455.218388780384,0.0,0.0,pvalloc_29nbfs_LRG2_gridoptim_max_1hll
5351,0.0,17312.601875985758,17312.601875985758,0.0,0.0,pvalloc_29nbfs_LRG2_gridoptim_max_1hll
5352,0.0,14414.143741518077,14414.143741518077,0.0,0.0,pvalloc_29nbfs_LRG2_gridoptim_max_1hll
5353,0.0,9954.172012300509,9954.172012300509,0.0,0.0,pvalloc_29nbfs_LRG2_gridoptim_max_1hll
5354,0.0,8448.308232531268,8448.308232531268,0.0,0.0,pvalloc_29nbfs_LRG2_gridoptim_max_1hll
5355,0.0,7461.470557932398,7461.470557932398,0.0,0.0,pvalloc_29nbfs_LRG2_gridoptim_max_1hll
5356,0.0,6904.553782501744,6904.553782501744,0.0,0.0,pvalloc_29nbfs_LRG2_gridoptim_max_1hll
5357,0.0,6785.528064411385,6785.528064411385,0.0,0.0,pvalloc_29nbfs_LRG2_gridoptim_max_1hll
5358,16.11922606575371,5408.9616420153525,5409.19160589151,16.11922606575371,0.0,pvalloc_29nbfs_LRG2_gridoptim_max_1hll
5359,10539.23701484275,2733.834491436657,11408.423084048187,10539.23701484275,0.0,pvalloc_29nbfs_LRG2_gridoptim_max_1hll
5360,31573.84357175573,3075.11484632775,31893.15870147565,31573.84357175573,0.0,pvalloc_29nbfs_LRG2_gridoptim_max_1hll
5361,51237.5578438627,4082.2825500433855,51564.678868372095,50113.96447766064,1123.59336620207,pvalloc_29nbfs_LRG2_gridoptim_max_1hll
5362,72164.44612444258,4178.575418680156,72354.75176771624,65580.88999622595,6583.556128216648,pvalloc_29nbfs_LRG2_gridoptim_max_1hll
5363,86280.22987643565,5071.767685434355,86517.50169336582,73650.5935580299,12629.636318405708,pvalloc_29nbfs_LRG2_gridoptim_max_1hll
5364,84250.0754930903,5920.650030968461,84643.32063765467,72600.81080884654,11649.26468424375,pvalloc_29nbfs_LRG2_gridoptim_max_1hll
5365,87181.06100772887,6492.123312705911,87650.75462410053,74097.11755187724,13083.943455851664,pvalloc_29nbfs_LRG2_gridoptim_max_1hll
5366,89398.44354147142,5338.061656312033,89676.70903188981,74987.09733443857,14411.346207032895,pvalloc_29nbfs_LRG2_gridoptim_max_1hll
5367,80920.36785952303,4958.918127647626,81183.90209516339,70570.90706252534,10349.460796997737,pvalloc_29nbfs_LRG2_gridoptim_max_1hll
5368,67275.26746841954,4659.141830588298,67565.71162887738,62281.889673573976,4993.377794845507,pvalloc_29nbfs_LRG2_gridoptim_max_1hll
5369,48558.427985350885,4758.5309333099685,49051.99455797899,47796.65636956529,761.7716157856034,pvalloc_29nbfs_LRG2_gridoptim_max_1hll
5370,27794.61810315982,4902.526573403822,28906.87597131539,27794.61810315982,0.0,pvalloc_29nbfs_LRG2_gridoptim_max_1hll
5371,9292.03212372649,5239.330034926372,11809.465893215149,9292.03212372649,0.0,pvalloc_29nbfs_LRG2_gridoptim_max_1hll
5372,0.0,16872.820507260174,16872.820507260174,0.0,0.0,pvalloc_29nbfs_LRG2_gridoptim_max_1hll
5373,0.0,17345.892495044838,17345.892495044838,0.0,0.0,pvalloc_29nbfs_LRG2_gridoptim_max_1hll
5374,0.0,16579.52219038973,16579.52219038973,0.0,0.0,pvalloc_29nbfs_LRG2_gridoptim_max_1hll
5375,0.0,15251.446364993699,15251.446364993699,0.0,0.0,pvalloc_29nbfs_LRG2_gridoptim_max_1hll
5376,0.0,13188.262672566276,13188.262672566276,0.0,0.0,pvalloc_29nbfs_LRG2_gridoptim_max_1hll
5377,0.0,11323.925666493666,11323.925666493666,0.0,0.0,pvalloc_29nbfs_LRG2_gridoptim_max_1hll
5378,0.0,9734.491596408214,9734.491596408214,0.0,0.0,pvalloc_29nbfs_LRG2_gridoptim_max_1hll
5379,0.0,8493.11069650855,8493.11069650855,0.0,0.0,pvalloc_29nbfs_LRG2_gridoptim_max_1hll
5380,0.0,7434.25510738279,7434.25510738279,0.0,0.0,pvalloc_29nbfs_LRG2_gridoptim_max_1hll
5381,0.0,7087.350693282779,7087.350693282779,0.0,0.0,pvalloc_29nbfs_LRG2_gridoptim_max_1hll
5382,6.494520957281072,5759.633188675986,5759.732579485827,6.494520957281072,0.0,pvalloc_29nbfs_LRG2_gridoptim_max_1hll
5383,10172.875605179333,2808.648072173648,11104.829383348319,10172.875605179333,0.0,pvalloc_29nbfs_LRG2_gridoptim_max_1hll
5384,31826.648255299508,2919.508832068452,32113.090405656443,31826.648255299508,0.0,pvalloc_29nbfs_LRG2_gridoptim_max_1hll
5385,53791.62331544244,3261.576855727896,53960.962591855845,52223.81066091596,1567.8126545264884,pvalloc_29nbfs_LRG2_gridoptim_max_1hll
5386,72255.78441084518,3959.893047220208,72421.10837252528,65629.8752355665,6625.909175278639,pvalloc_29nbfs_LRG2_gridoptim_max_1hll
5387,87754.01316321464,4494.665907258967,87932.25291234604,74289.13013655973,13464.883026654908,pvalloc_29nbfs_LRG2_gridoptim_max_1hll
5388,84866.91235707715,5596.5143027004815,85186.61684939598,72835.11724680879,12031.795110268346,pvalloc_29nbfs_LRG2_gridoptim_max_1hll
5389,88572.96661854647,5914.173766970066,88915.22379458873,74658.96824896833,13913.998369578105,pvalloc_29nbfs_LRG2_gridoptim_max_1hll
5390,84966.67137067628,6324.6071455072315,85397.75066262696,72796.99090184802,12169.680468828363,pvalloc_29nbfs_LRG2_gridoptim_max_1hll
5391,78222.18014200094,5675.043545852874,78599.21173476208,69071.8246274646,9150.355514536304,pvalloc_29nbfs_LRG2_gridoptim_max_1hll
5392,64287.05406767528,5385.895336520608,64731.74304011095,60243.32509550664,4043.728972168631,pvalloc_29nbfs_LRG2_gridoptim_max_1hll
5393,45647.51925647529,5413.983871672545,46406.515602723775,45202.92223944595,444.59701702933097,pvalloc_29nbfs_LRG2_gridoptim_max_1hll
5394,26823.88282174236,5019.429979684721,28037.76367127433,26823.88282174236,0.0,pvalloc_29nbfs_LRG2_gridoptim_max_1hll
5395,6268.99009640165,7089.964559110003,10461.276741853071,6268.99009640165,0.0,pvalloc_29nbfs_LRG2_gridoptim_max_1hll
5396,0.0,17162.92174855074,17162.92174855074,0.0,0.0,pvalloc_29nbfs_LRG2_gridoptim_max_1hll
5397,0.0,18592.2121303555,18592.2121303555,0.0,0.0,pvalloc_29nbfs_LRG2_gridoptim_max_1hll
5398,0.0,17959.280865600802,17959.280865600802,0.0,0.0,pvalloc_29nbfs_LRG2_gridoptim_max_1hll
5399,0.0,15321.147510146637,15321.147510146637,0.0,0.0,pvalloc_29nbfs_LRG2_gridoptim_max_1hll
5400,0.0,13722.161589340783,13722.161589340783,0.0,0.0,pvalloc_29nbfs_LRG2_gridoptim_max_1hll
5401,0.0,10430.229263731497,10430.229263731497,0.0,0.0,pvalloc_29nbfs_LRG2_gridoptim_max_1hll
5402,0.0,8829.571873465273,8829.571873465273,0.0,0.0,pvalloc_29nbfs_LRG2_gridoptim_max_1hll
5403,0.0,7657.188196967487,7657.188196967487,0.0,0.0,pvalloc_29nbfs_LRG2_gridoptim_max_1hll
5404,0.0,7455.696363549953,7455.696363549953,0.0,0.0,pvalloc_29nbfs_LRG2_gridoptim_max_1hll
5405,0.0,7031.549107246735,7031.549107246735,0.0,0.0,pvalloc_29nbfs_LRG2_gridoptim_max_1hll
5406,1.9935351631718325,6099.200078230239,6099.247429222771,1.9935351631718325,0.0,pvalloc_29nbfs_LRG2_gridoptim_max_1hll
5407,10165.903982778791,2647.158428388482,10994.249295727666,10165.903982778791,0.0,pvalloc_29nbfs_LRG2_gridoptim_max_1hll
5408,29081.58520242455,3067.8981192691494,29440.30062429936,29081.58520242455,0.0,pvalloc_29nbfs_LRG2_gridoptim_max_1hll
5409,48393.711880561576,4049.274598227971,48735.09599098595,47699.72272629135,693.9891542702169,pvalloc_29nbfs_LRG2_gridoptim_max_1hll
5410,66539.26849978216,3893.1585273610162,66728.31280634062,61837.803408067644,4701.46509171445,pvalloc_29nbfs_LRG2_gridoptim_max_1hll
5411,74279.05712886984,4194.469364100454,74481.74867783657,66784.96651190448,7494.090616965245,pvalloc_29nbfs_LRG2_gridoptim_max_1hll
5412,62820.54183015458,5541.768620978349,63336.604190291415,59194.321295555106,3626.220534599479,pvalloc_29nbfs_LRG2_gridoptim_max_1hll
5413,62290.39139665734,6179.234722646403,62966.667602927686,58750.059693111216,3540.3317035461305,pvalloc_29nbfs_LRG2_gridoptim_max_1hll
5414,56836.6490365749,6104.961722911689,57594.80238704388,54465.0064816673,2371.6425549076075,pvalloc_29nbfs_LRG2_gridoptim_max_1hll
5415,45848.73391549464,5554.702266859164,46642.57237999034,45336.47311971734,512.2607957772981,pvalloc_29nbfs_LRG2_gridoptim_max_1hll
5416,34102.50289242386,5071.112876943155,35024.52504632844,34052.73612455602,49.7667678678485,pvalloc_29nbfs_LRG2_gridoptim_max_1hll
5417,27225.809795157464,4877.998285387979,28316.64298582641,27225.809795157464,0.0,pvalloc_29nbfs_LRG2_gridoptim_max_1hll
5418,11266.689728293724,5299.188151136189,13657.292502620658,11266.689728293724,0.0,pvalloc_29nbfs_LRG2_gridoptim_max_1hll
5419,2493.4867970308173,6629.022297247113,7271.291084806828,2493.4867970308173,0.0,pvalloc_29nbfs_LRG2_gridoptim_max_1hll
5420,0.0,14164.083274275416,14164.083274275416,0.0,0.0,pvalloc_29nbfs_LRG2_gridoptim_max_1hll
5421,0.0,16175.317955120869,16175.317955120869,0.0,0.0,pvalloc_29nbfs_LRG2_gridoptim_max_1hll
5422,0.0,16617.529616008724,16617.529616008724,0.0,0.0,pvalloc_29nbfs_LRG2_gridoptim_max_1hll
5423,0.0,15583.466132818583,15583.466132818583,0.0,0.0,pvalloc_29nbfs_LRG2_gridoptim_max_1hll
5424,0.0,13573.678772779584,13573.678772779584,0.0,0.0,pvalloc_29nbfs_LRG2_gridoptim_max_1hll
4920,0.0,11113.463869085279,11113.463869085279,0.0,0.0,pvalloc_29nbfs_LRG2_max
4921,0.0,10737.831728562103,10737.831728562103,0.0,0.0,pvalloc_29nbfs_LRG2_max
4922,0.0,10105.311448681487,10105.311448681487,0.0,0.0,pvalloc_29nbfs_LRG2_max
4923,0.0,8120.094880445637,8120.094880445637,0.0,0.0,pvalloc_29nbfs_LRG2_max
4924,0.0,7251.733657230992,7251.733657230992,0.0,0.0,pvalloc_29nbfs_LRG2_max
4925,0.0,6971.075169345189,6971.075169345189,0.0,0.0,pvalloc_29nbfs_LRG2_max
4926,823.4663318638765,3596.413361093193,3691.051413493289,823.4663318638765,0.0,pvalloc_29nbfs_LRG2_max
4927,15759.635592769926,2536.3089151472877,16267.247917392819,15759.635592769926,0.0,pvalloc_29nbfs_LRG2_max
4928,35990.51736262642,2697.9943378056428,36175.817516461866,35923.80443374434,66.71292888207807,pvalloc_29nbfs_LRG2_max
4929,55362.44803164208,3338.2354584714894,55518.47041284957,53596.111596786795,1766.3364348552725,pvalloc_29nbfs_LRG2_max
4930,74382.78242619857,3563.1162065543895,74496.14705949188,67089.52243472385,7293.259991474731,pvalloc_29nbfs_LRG2_max
4931,89308.25523762566,4072.4832624192063,89436.64931077175,75336.43431217177,13971.820925453863,pvalloc_29nbfs_LRG2_max
4932,74213.25350324623,5134.03046518374,74520.87263394232,66953.36221603397,7259.891287212186,pvalloc_29nbfs_LRG2_max
4933,61760.64345423232,6643.288677597958,62607.56239686555,58528.084178759906,3232.559275472406,pvalloc_29nbfs_LRG2_max
4934,58385.68384611848,5488.176506909885,58929.74853317504,55844.89083576584,2540.7930103526437,pvalloc_29nbfs_LRG2_max
4935,50975.24858712911,5067.083674131927,51543.2288902742,49806.80550416659,1168.4430829625128,pvalloc_29nbfs_LRG2_max
4936,50358.92186625686,4815.743198181703,50873.09529050148,49300.228621304195,1058.6932449526603,pvalloc_29nbfs_LRG2_max
4937,34081.828094713055,4267.250166239484,34731.636654929236,34039.60080910971,42.22728560334582,pvalloc_29nbfs_LRG2_max
4938,16341.701291960519,3926.2959182413765,17453.663082237552,16341.701291960519,0.0,pvalloc_29nbfs_LRG2_max
4939,7179.017039950038,5152.796407419936,9873.57342865646,7179.017039950038,0.0,pvalloc_29nbfs_LRG2_max
4940,296.1589191922898,8837.998755280882,8841.44612175405,296.1589191922898,0.0,pvalloc_29nbfs_LRG2_max
4941,0.0,12714.325160437362,12714.325160437362,0.0,0.0,pvalloc_29nbfs_LRG2_max
4942,0.0,13844.117670126652,13844.117670126652,0.0,0.0,pvalloc_29nbfs_LRG2_max
4943,0.0,13190.081500942473,13190.081500942473,0.0,0.0,pvalloc_29nbfs_LRG2_max
4944,0.0,15734.473543662867,15734.473543662867,0.0,0.0,pvalloc_29nbfs_LRG2_max
4945,0.0,11843.652935827873,11843.652935827873,0.0,0.0,pvalloc_29nbfs_LRG2_max
4946,0.0,9148.163406638314,9148.163406638314,0.0,0.0,pvalloc_29nbfs_LRG2_max
4947,0.0,7889.191632688863,7889.191632688863,0.0,0.0,pvalloc_29nbfs_LRG2_max
4948,0.0,7842.183829125385,7842.183829125385,0.0,0.0,pvalloc_29nbfs_LRG2_max
4949,0.0,6888.334696423668,6888.334696423668,0.0,0.0,pvalloc_29nbfs_LRG2_max
4950,7.632958860916613,5201.5267899649025,5201.544102327856,7.632958860916613,0.0,pvalloc_29nbfs_LRG2_max
4951,9122.658681577745,2539.572702487997,9969.459234023527,9122.658681577745,0.0,pvalloc_29nbfs_LRG2_max
4952,30299.108434910635,2554.214776504124,30512.777099972885,30299.108434910635,0.0,pvalloc_29nbfs_LRG2_max
4953,53999.361772344804,3006.8867806774515,54123.20809183118,52465.8845681387,1533.477204206093,pvalloc_29nbfs_LRG2_max
4954,75416.6041168901,3368.9704561411563,75512.24340233949,67721.49355553529,7695.110561354736,pvalloc_29nbfs_LRG2_max
4955,86698.2057143981,3616.035648080724,86804.65663956916,73954.42363669245,12743.782077705699,pvalloc_29nbfs_LRG2_max
4956,74729.20707437473,4604.807829529993,74954.54989703292,67271.69908193564,7457.507992439022,pvalloc_29nbfs_LRG2_max
4957,50045.697355634504,4868.266539873641,50561.22306555321,49057.287645109376,988.4097105251226,pvalloc_29nbfs_LRG2_max
4958,60890.21557445388,5006.09077047226,61333.295796020226,57675.53445490552,3214.681119548357,pvalloc_29nbfs_LRG2_max
4959,48566.43040160411,5048.909646050428,49203.34581229514,47743.53708034341,822.8933212607085,pvalloc_29nbfs_LRG2_max
4960,44651.91134234755,4723.725141745917,45268.64595984409,44232.09756198926,419.8137803582879,pvalloc_29nbfs_LRG2_max
4961,35975.70656229277,4805.568900951947,36779.39443773477,35877.993543047254,97.71301924550414,pvalloc_29nbfs_LRG2_max
4962,19837.79222339783,4687.503751180476,21182.10416795469,19837.79222339783,0.0,pvalloc_29nbfs_LRG2_max
4963,9128.518851131623,6051.295777562344,12243.68384898618,9128.518851131623,0.0,pvalloc_29nbfs_LRG2_max
4964,3.591470729688477,11428.485431886207,11428.485431886207,3.591470729688477,0.0,pvalloc_29nbfs_LRG2_max
4965,0.0,21698.627529472968,21698.627529472968,0.0,0.0,pvalloc_29nbfs_LRG2_max
4966,0.0,15054.66858054885,15054.66858054885,0.0,0.0,pvalloc_29nbfs_LRG2_max
4967,0.0,14761.300435221636,14761.300435221636,0.0,0.0,pvalloc_29nbfs_LRG2_max
4968,0.0,12492.279958567413,12492.279958567413,0.0,0.0,pvalloc_29nbfs_LRG2_max
4969,0.0,10052.532145121631,10052.532145121631,0.0,0.0,pvalloc_29nbfs_LRG2_max
4970,0.0,8034.332061846783,8034.332061846783,0.0,0.0,pvalloc_29nbfs_LRG2_max
4971,0.0,7219.022230515399,7219.022230515399,0.0,0.0,pvalloc_29nbfs_LRG2_max
4972,0.0,6689.043790452775,6689.043790452775,0.0,0.0,pvalloc_29nbfs_LRG2_max
4973,0.0,6426.52820091012,6426.52820091012,0.0,0.0,pvalloc_29nbfs_LRG2_max
4974,161.0491194901358,3989.593887593714,3991.543635933897,161.0491194901358,0.0,pvalloc_29nbfs_LRG2_max
4975,10201.516783199517,2534.171164772036,10985.009203078167,10201.516783199517,0.0,pvalloc_29nbfs_LRG2_max
4976,3134.6199599427687,2922.8382650694725,4787.039481594387,3134.6199599427687,0.0,pvalloc_29nbfs_LRG2_max
4977,18335.815567191843,3138.947795797823,19028.516426691614,18335.815567191843,0.0,pvalloc_29nbfs_LRG2_max
4978,36172.46246556281,3432.76367205918,36528.29001468018,36081.11775187515,91.3447136876527,pvalloc_29nbfs_LRG2_max
4979,57334.8227385219,3909.0219036030935,57566.28067177001,55084.21146381461,2250.6112747072834,pvalloc_29nbfs_LRG2_max
4980,59616.947545039475,4677.908695889638,59963.540384559856,56852.115534682096,2764.832010357394,pvalloc_29nbfs_LRG2_max
4981,62940.126015672795,5378.251240170471,63399.83219138692,59348.32971599781,3591.796299674983,pvalloc_29nbfs_LRG2_max
4982,47631.25109903376,4926.2981007541375,48234.65122642818,46944.111291550034,687.1398074837147,pvalloc_29nbfs_LRG2_max
4983,52856.63941062893,5535.922402117159,53502.18179558341,51402.71249684702,1453.9269137819056,pvalloc_29nbfs_LRG2_max
4984,42932.88574922168,4886.290858808032,43577.74203332938,42652.32496908758,280.5607801340997,pvalloc_29nbfs_LRG2_max
4985,28494.526174355055,4367.145741011109,29328.83354896163,28494.526174355055,0.0,pvalloc_29nbfs_LRG2_max
4986,22521.62930470931,4916.883611767216,23925.15997012801,22521.62930470931,0.0,pvalloc_29nbfs_LRG2_max
4987,9972.526761930749,5114.846291163877,12424.547683893552,9972.526761930749,0.0,pvalloc_29nbfs_LRG2_max
4988,1.7663838072682991,11602.993253802151,11602.993253802151,1.7663838072682991,0.0,pvalloc_29nbfs_LRG2_max
4989,0.0,15306.207062822388,15306.207062822388,0.0,0.0,pvalloc_29nbfs_LRG2_max
4990,0.0,18487.54111223772,18487.54111223772,0.0,0.0,pvalloc_29nbfs_LRG2_max
4991,0.0,15678.910070087288,15678.910070087288,0.0,0.0,pvalloc_29nbfs_LRG2_max
4992,0.0,12457.950105853319,12457.950105853319,0.0,0.0,pvalloc_29nbfs_LRG2_max
4993,0.0,9566.57816566627,9566.57816566627,0.0,0.0,pvalloc_29nbfs_LRG2_max
4994,0.0,8172.598108657664,8172.598108657664,0.0,0.0,pvalloc_29nbfs_LRG2_max
4995,0.0,7275.373634775014,7275.373634775014,0.0,0.0,pvalloc_29nbfs_LRG2_max
4996,0.0,6657.432000184344,6657.432000184344,0.0,0.0,pvalloc_29nbfs_LRG2_max
4997,0.0,6227.23729493923,6227.23729493923,0.0,0.0,pvalloc_29nbfs_LRG2_max
4998,409.1337684388798,3581.747662591352,3598.70882590255,409.1337684388798,0.0,pvalloc_29nbfs_LRG2_max
4999,14921.806450582799,2526.3106457932663,15466.25827328022,14921.806450582799,0.0,pvalloc_29nbfs_LRG2_max
5000,33563.60307785231,2776.638219959756,33789.20380253637,33553.11665801228,10.486419840031601,pvalloc_29nbfs_LRG2_max
5001,52002.85012937062,3114.6704409330787,52149.175514453025,50790.25276626393,1212.5973631066834,pvalloc_29nbfs_LRG2_max
5002,65694.20780886433,3225.341266268787,65810.50928308627,61373.987271634964,4320.220537229327,pvalloc_29nbfs_LRG2_max
5003,85556.60842321352,3940.521439860794,85680.74246229837,73396.5222212315,12160.086201982065,pvalloc_29nbfs_LRG2_max
5004,83649.43960698761,4478.30560501849,83819.87106482788,72391.05284162902,11258.386765358637,pvalloc_29nbfs_LRG2_max
5005,90107.1776852743,4606.689539180977,90283.26634739885,75702.8809264183,14404.296758856026,pvalloc_29nbfs_LRG2_max
5006,83908.20057057192,4592.054461339601,84113.43586878787,72412.20684477211,11495.993725799875,pvalloc_29nbfs_LRG2_max
5007,70136.61263984254,4609.592794609856,70397.23587241382,64288.170435364555,5848.442204477891,pvalloc_29nbfs_LRG2_max
5008,55295.959576224384,4087.7747479698023,55590.57313354191,53403.08389818448,1892.8756780399044,pvalloc_29nbfs_LRG2_max
5009,32726.60527380908,3834.450914809063,33274.59989839775,32718.52137444798,8.083899361097679,pvalloc_29nbfs_LRG2_max
5010,13737.396402336008,3958.167662831268,15068.297480543451,13737.396402336008,0.0,pvalloc_29nbfs_LRG2_max
5011,2512.675291516487,6084.199637464661,6861.107368828937,2512.675291516487,0.0,pvalloc_29nbfs_LRG2_max
5012,0.024958675141344665,13827.375649259955,13827.375649259955,0.024958675141344665,0.0,pvalloc_29nbfs_LRG2_max
5013,0.0,14662.18168263524,14662.18168263524,0.0,0.0,pvalloc_29nbfs_LRG2_max
5014,0.0,16274.799124460178,16274.799124460178,0.0,0.0,pvalloc_29nbfs_LRG2_max
5015,0.0,15624.092956490873,15624.092956490873,0.0,0.0,pvalloc_29nbfs_LRG2_max
5016,0.0,12724.185769730162,12724.185769730162,0.0,0.0,pvalloc_29nbfs_LRG2_max
5017,0.0,10867.074894322574,10867.074894322574,0.0,0.0,pvalloc_29nbfs_LRG2_max
5018,0.0,8769.37174164062,8769.37174164062,0.0,0.0,pvalloc_29nbfs_LRG2_max
5019,0.0,7592.314610242441,7592.314610242441,0.0,0.0,pvalloc_29nbfs_LRG2_max
5020,0.0,6804.494587055006,6804.494587055006,0.0,0.0,pvalloc_29nbfs_LRG2_max
5021,0.0,6914.447201421453,6914.447201421453,0.0,0.0,pvalloc_29nbfs_LRG2_max
5022,126.52405241148954,4157.135728146506,4158.7081896199925,126.52405241148954,0.0,pvalloc_29nbfs_LRG2_max
5023,10439.42048771634,2564.3295349408527,11232.984389840241,10439.42048771634,0.0,pvalloc_29nbfs_LRG2_max
5024,21689.679546161748,2749.6222826969733,22112.005661816656,21689.679546161748,0.0,pvalloc_29nbfs_LRG2_max
5025,18558.637909122164,3366.8497926195214,19406.6311370166,18558.637909122164,0.0,pvalloc_29nbfs_LRG2_max
5026,30572.005109184247,3799.4852806394565,31184.121527976313,30572.005109184247,0.0,pvalloc_29nbfs_LRG2_max
5027,65858.60030682731,3646.727655193421,66016.4807765589,61446.250303226945,4412.3500036004,pvalloc_29nbfs_LRG2_max
5028,78962.32071608602,5327.197815800366,79288.77362371841,69850.54021225906,9111.780503826978,pvalloc_29nbfs_LRG2_max
5029,52057.196520553975,5045.793616345245,52590.86561188164,50729.30595420115,1327.8905663528353,pvalloc_29nbfs_LRG2_max
5030,22713.594404441545,5837.304361833433,24589.87332933177,22713.594404441545,0.0,pvalloc_29nbfs_LRG2_max
5031,25363.200762971403,4959.9889301223775,26609.29727464076,25363.200762971403,0.0,pvalloc_29nbfs_LRG2_max
5032,33754.72645812098,4039.2424923900207,34342.857902641634,33713.30195288552,41.42450523545375,pvalloc_29nbfs_LRG2_max
5033,26710.680957392018,4129.612382222736,27515.652308583907,26710.680957392018,0.0,pvalloc_29nbfs_LRG2_max
5034,16595.107575715934,4723.5408119912245,18219.539729416505,16595.107575715934,0.0,pvalloc_29nbfs_LRG2_max
5035,10217.952702266215,5390.640466087906,12754.665494390696,10217.952702266215,0.0,pvalloc_29nbfs_LRG2_max
5036,10.553742885164864,10991.380956047822,10991.393391196978,10.553742885164864,0.0,pvalloc_29nbfs_LRG2_max
5037,0.0,15623.399766375915,15623.399766375915,0.0,0.0,pvalloc_29nbfs_LRG2_max
5038,0.0,16022.715362504954,16022.715362504954,0.0,0.0,pvalloc_29nbfs_LRG2_max
5039,0.0,16439.75171535185,16439.75171535185,0.0,0.0,pvalloc_29nbfs_LRG2_max
5040,0.0,12326.556850038325,12326.556850038325,0.0,0.0,pvalloc_29nbfs_LRG2_max
5041,0.0,9488.47220812519,9488.47220812519,0.0,0.0,pvalloc_29nbfs_LRG2_max
5042,0.0,8024.435333822401,8024.435333822401,0.0,0.0,pvalloc_29nbfs_LRG2_max
5043,0.0,7253.657469496068,7253.657469496068,0.0,0.0,pvalloc_29nbfs_LRG2_max
5044,0.0,6638.189465394041,6638.189465394041,0.0,0.0,pvalloc_29nbfs_LRG2_max
5045,0.0,6441.096729282571,6441.096729282571,0.0,0.0,pvalloc_29nbfs_LRG2_max
5046,127.06514045854892,4133.7025478848,4135.253837618368,127.06514045854892,0.0,pvalloc_29nbfs_LRG2_max
5047,11294.573344966639,2641.0934989299117,12116.38385177019,11294.573344966639,0.0,pvalloc_29nbfs_LRG2_max
5048,32385.04330242632,2960.182848217103,32664.326757105602,32385.04330242632,0.0,pvalloc_29nbfs_LRG2_max
5049,53139.534230580604,3327.8791619742874,53308.05085230024,51760.940060586545,1378.5941699940627,pvalloc_29nbfs_LRG2_max
5050,72230.8864742791,3409.5199596496573,72330.1247422561,65784.60830481992,6446.278169459173,pvalloc_29nbfs_LRG2_max
5051,65839.42712037012,3814.4339261116334,66009.08073378056,61463.915714378076,4375.5114059920525,pvalloc_29nbfs_LRG2_max
5052,60328.32758730337,4448.315076147078,60623.27873863565,57416.754364279084,2911.5732230242875,pvalloc_29nbfs_LRG2_max
5053,66915.3805978659,4711.082098654378,67203.19339679976,62163.891347448654,4751.489250417219,pvalloc_29nbfs_LRG2_max
5054,68041.11520535473,4590.742295410863,68315.7257572463,62851.51081649739,5189.604388857267,pvalloc_29nbfs_LRG2_max
5055,57551.643729046446,4863.5535163940685,57964.821243235114,55190.532800370456,2361.110928676002,pvalloc_29nbfs_LRG2_max
5056,51403.2604874338,4305.153322600277,51763.45933082578,50213.61333352918,1189.6471539046156,pvalloc_29nbfs_LRG2_max
5057,34340.66150609385,3725.2071593495107,34829.6740359693,34297.221077101174,43.44042899268112,pvalloc_29nbfs_LRG2_max
5058,12126.938068130214,3720.7731684631385,13404.854571693779,12126.938068130214,0.0,pvalloc_29nbfs_LRG2_max
5059,6178.516446828936,4371.186363688359,8407.66436831956,6178.516446828936,0.0,pvalloc_29nbfs_LRG2_max
5060,213.07382870477954,7653.93982118612,7656.529978081848,213.07382870477954,0.0,pvalloc_29nbfs_LRG2_max
5061,0.0,12442.644294585474,12442.644294585474,0.0,0.0,pvalloc_29nbfs_LRG2_max
5062,0.0,12652.578225358759,12652.578225358759,0.0,0.0,pvalloc_29nbfs_LRG2_max
5063,0.0,12878.862779430521,12878.862779430521,0.0,0.0,pvalloc_29nbfs_LRG2_max
5064,0.0,12350.75565968853,12350.75565968853,0.0,0.0,pvalloc_29nbfs_LRG2_max
5065,0.0,11097.685205202353,11097.685205202353,0.0,0.0,pvalloc_29nbfs_LRG2_max
5066,0.0,9294.124150992036,9294.124150992036,0.0,0.0,pvalloc_29nbfs_LRG2_max
5067,0.0,7868.8472553816255,7868.8472553816255,0.0,0.0,pvalloc_29nbfs_LRG2_max
5068,0.0,6865.793803809358,6865.793803809358,0.0,0.0,pvalloc_29nbfs_LRG2_max
5069,0.0,7046.117084101745,7046.117084101745,0.0,0.0,pvalloc_29nbfs_LRG2_max
5070,117.83569389935617,4243.326546598355,4244.7735107689205,117.83569389935617,0.0,pvalloc_29nbfs_LRG2_max
5071,13179.428144938129,2495.3926443859013,13788.140686493385,13179.428144938129,0.0,pvalloc_29nbfs_LRG2_max
5072,30178.65944792407,2796.8353839433403,30451.45021966692,30178.65944792407,0.0,pvalloc_29nbfs_LRG2_max
5073,52401.610514855114,3196.242389588563,52558.09484144575,51113.96250010147,1287.6480147536363,pvalloc_29nbfs_LRG2_max
5074,69802.78879322353,3484.52702762245,69935.65312337142,64149.27640094454,5653.512392278957,pvalloc_29nbfs_LRG2_max
5075,80372.19450595244,3902.259403723868,80516.56105593922,70533.53666197034,9838.657843982077,pvalloc_29nbfs_LRG2_max
5076,70878.88422557278,4438.493624186393,71103.59877603129,64824.56130511886,6054.322920453804,pvalloc_29nbfs_LRG2_max
5077,62700.4691831348,4864.411300776236,63050.52317584159,59154.23485568554,3546.234327449273,pvalloc_29nbfs_LRG2_max
5078,53268.847460026314,5048.683893946051,53802.771804851116,51710.27882286412,1558.5686371621973,pvalloc_29nbfs_LRG2_max
5079,33081.223812902994,5064.588456993675,34063.63687886425,33053.148892511635,28.074920391363833,pvalloc_29nbfs_LRG2_max
5080,36281.31186889616,4694.393127058452,37021.97520580067,36176.99241887803,104.31945001813358,pvalloc_29nbfs_LRG2_max
5081,28586.424215617888,4457.563470441799,29457.115213734112,28586.424215617888,0.0,pvalloc_29nbfs_LRG2_max
5082,16322.067075137962,4413.85262462847,17739.563823547927,16322.067075137962,0.0,pvalloc_29nbfs_LRG2_max
5083,8591.722408595933,4733.28773660223,10816.692575329433,8591.722408595933,0.0,pvalloc_29nbfs_LRG2_max
5084,45.20444894486791,9039.40142278752,9039.678432818448,45.20444894486791,0.0,pvalloc_29nbfs_LRG2_max
5085,0.0,14038.884071464148,14038.884071464148,0.0,0.0,pvalloc_29nbfs_LRG2_max
5086,0.0,16707.678657408913,16707.678657408913,0.0,0.0,pvalloc_29nbfs_LRG2_max
5087,0.0,14798.423471834054,14798.423471834054,0.0,0.0,pvalloc_29nbfs_LRG2_max
5088,0.0,12920.992928294934,12920.992928294934,0.0,0.0,pvalloc_29nbfs_LRG2_max
5089,0.0,9900.944565301277,9900.944565301277,0.0,0.0,pvalloc_29nbfs_LRG2_max
5090,0.0,9389.785903685059,9389.785903685059,0.0,0.0,pvalloc_29nbfs_LRG2_max
5091,0.0,7401.546438254427,7401.546438254427,0.0,0.0,pvalloc_29nbfs_LRG2_max
5092,0.0,6692.067790682453,6692.067790682453,0.0,0.0,pvalloc_29nbfs_LRG2_max
5093,0.0,6497.448685059627,6497.448685059627,0.0,0.0,pvalloc_29nbfs_LRG2_max
5094,300.53090178037024,3841.6021661702957,3845.503689443355,300.53090178037024,0.0,pvalloc_29nbfs_LRG2_max
5095,14803.676524442459,2371.9896152686574,15271.279551073725,14803.676524442459,0.0,pvalloc_29nbfs_LRG2_max
5096,34803.80462529211,2366.9110774053606,34940.87069568755,34774.470724561594,29.33390073051754,pvalloc_29nbfs_LRG2_max
5097,56889.59367627835,2794.136841146581,56983.96419413586,54836.70827073816,2052.8854055401985,pvalloc_29nbfs_LRG2_max
5098,73779.43882224511,2918.119372963869,73855.563371586,66748.16061071408,7031.278211531007,pvalloc_29nbfs_LRG2_max
5099,89260.31224401407,3507.9528987547747,89361.05718464094,75283.05744456279,13977.254799451266,pvalloc_29nbfs_LRG2_max
5100,75365.73475802314,4903.525855891673,75621.69531206581,67639.66077967332,7726.073978349785,pvalloc_29nbfs_LRG2_max
5101,66103.82554117503,5575.146685261483,66571.60127704451,61519.73623235558,4584.089308819418,pvalloc_29nbfs_LRG2_max
5102,71187.70618810892,5661.699611811623,71650.9181983543,64851.1901728374,6336.516015271426,pvalloc_29nbfs_LRG2_max
5103,64985.95791451862,5144.823211693346,65408.49081255136,60685.27360725247,4300.684307266153,pvalloc_29nbfs_LRG2_max
5104,61178.926381023295,4940.9882443365095,61609.25535796323,57890.3028601561,3288.6235208671887,pvalloc_29nbfs_LRG2_max
5105,25869.767958215773,4797.277118013449,26936.205886662563,25869.767958215773,0.0,pvalloc_29nbfs_LRG2_max
5106,6547.545455562273,5128.806200076065,9135.298117387963,6547.545455562273,0.0,pvalloc_29nbfs_LRG2_max
5107,1418.6466398371538,6932.495493153047,7054.349968621018,1418.6466398371538,0.0,pvalloc_29nbfs_LRG2_max
5108,0.5385104481312999,11343.956667051181,11343.956667051181,0.5385104481312999,0.0,pvalloc_29nbfs_LRG2_max
5109,0.0,13173.891725783154,13173.891725783154,0.0,0.0,pvalloc_29nbfs_LRG2_max
5110,0.0,13106.449704799226,13106.449704799226,0.0,0.0,pvalloc_29nbfs_LRG2_max
5111,0.0,12603.2453164585,12603.2453164585,0.0,0.0,pvalloc_29nbfs_LRG2_max
5112,0.0,10413.182078012227,10413.182078012227,0.0,0.0,pvalloc_29nbfs_LRG2_max
5113,0.0,8993.403916155026,8993.403916155026,0.0,0.0,pvalloc_29nbfs_LRG2_max
5114,0.0,7817.172615127089,7817.172615127089,0.0,0.0,pvalloc_29nbfs_LRG2_max
5115,0.0,7187.9602584705435,7187.9602584705435,0.0,0.0,pvalloc_29nbfs_LRG2_max
5116,0.0,6597.782238100716,6597.782238100716,0.0,0.0,pvalloc_29nbfs_LRG2_max
5117,0.0,6653.582169584409,6653.582169584409,0.0,0.0,pvalloc_29nbfs_LRG2_max
5118,143.7761526479226,4119.582109870076,4121.266912988375,143.7761526479226,0.0,pvalloc_29nbfs_LRG2_max
5119,10268.201098590172,2358.80668676548,10948.861126118958,10268.201098590172,0.0,pvalloc_29nbfs_LRG2_max
5120,31153.912884330748,2382.5702281121885,31323.224935803497,31153.912884330748,0.0,pvalloc_29nbfs_LRG2_max
5121,54449.2537601088,2713.6569585125567,54546.19011095404,52861.698358816946,1587.5554012918662,pvalloc_29nbfs_LRG2_max
5122,70440.0689787186,3179.7488482935564,70536.54180318578,64637.018402692185,5803.050576026349,pvalloc_29nbfs_LRG2_max
5123,88929.6890570636,3494.0702820501315,89013.89928308508,75196.97203838971,13732.71701867401,pvalloc_29nbfs_LRG2_max
5124,88520.71808932135,4692.601538732532,88685.85030007263,75029.65652655896,13491.06156276243,pvalloc_29nbfs_LRG2_max
5125,88442.57677074325,5521.147450681068,88707.46345400055,74913.71303797232,13528.863732770951,pvalloc_29nbfs_LRG2_max
5126,82172.33289341877,5401.587267124542,82464.02812799561,71498.74208772794,10673.590805690836,pvalloc_29nbfs_LRG2_max
5127,77611.1674057459,5317.52883803248,77930.20519408236,68883.8955445513,8727.271861194631,pvalloc_29nbfs_LRG2_max
5128,68740.37479781892,4485.758867778683,68998.55941278997,63344.79672605826,5395.5780717607695,pvalloc_29nbfs_LRG2_max
5129,50410.860013291924,4327.116484785582,50795.83148124963,49381.69601437957,1029.1639989123378,pvalloc_29nbfs_LRG2_max
5130,30850.931195063757,4875.107617198476,31799.6757281646,30850.931195063757,0.0,pvalloc_29nbfs_LRG2_max
5131,12200.812034311959,4979.504933724513,14327.738143874649,12200.812034311959,0.0,pvalloc_29nbfs_LRG2_max
5132,1.3709608802841613,11936.851245286893,11936.851245286893,1.3709608802841613,0.0,pvalloc_29nbfs_LRG2_max
5133,0.0,18228.216139042954,18228.216139042954,0.0,0.0,pvalloc_29nbfs_LRG2_max
5134,0.0,18162.49636171034,18162.49636171034,0.0,0.0,pvalloc_29nbfs_LRG2_max
5135,0.0,15581.301938822113,15581.301938822113,0.0,0.0,pvalloc_29nbfs_LRG2_max
5136,0.0,13660.518661518496,13660.518661518496,0.0,0.0,pvalloc_29nbfs_LRG2_max
5137,0.0,10358.480128423342,10358.480128423342,0.0,0.0,pvalloc_29nbfs_LRG2_max
5138,0.0,8828.47113398323,8828.47113398323,0.0,0.0,pvalloc_29nbfs_LRG2_max
5139,0.0,7213.798405873981,7213.798405873981,0.0,0.0,pvalloc_29nbfs_LRG2_max
5140,0.0,6479.031429122138,6479.031429122138,0.0,0.0,pvalloc_29nbfs_LRG2_max
5141,0.0,6403.162580960439,6403.162580960439,0.0,0.0,pvalloc_29nbfs_LRG2_max
5142,125.60353084673669,4161.814930600812,4163.195015726151,125.60353084673669,0.0,pvalloc_29nbfs_LRG2_max
5143,13307.06365897513,2355.0289780946405,13826.843686371947,13307.06365897513,0.0,pvalloc_29nbfs_LRG2_max
5144,33115.273617525905,2663.4002182516647,33314.34922064128,33115.273617525905,0.0,pvalloc_29nbfs_LRG2_max
5145,53978.2417257448,3208.1038990009065,54119.77965309566,52472.799680384946,1505.4420453598632,pvalloc_29nbfs_LRG2_max
5146,74368.48422252227,3328.3714317316594,74465.38178193154,67140.2857016427,7228.198520879606,pvalloc_29nbfs_LRG2_max
5147,87654.1231843568,4250.046958841042,87778.62548991604,74612.45983663325,13041.663347723495,pvalloc_29nbfs_LRG2_max
5148,83270.12406275491,5795.844739980126,83636.40359476859,72364.4613962857,10905.662666469228,pvalloc_29nbfs_LRG2_max
5149,88090.50744754718,5322.280775749804,88331.13430771971,74818.22688697223,13272.28056057494,pvalloc_29nbfs_LRG2_max
5150,87694.9395973046,4496.002417965172,87886.50510578303,74412.58259909852,13282.3569982061,pvalloc_29nbfs_LRG2_max
5151,75865.90583824385,5025.5651079634,76136.9757126847,67926.68779804409,7939.218040199747,pvalloc_29nbfs_LRG2_max
5152,63205.60352984642,4265.721488554273,63450.818320930695,59531.89872332375,3673.7048065226545,pvalloc_29nbfs_LRG2_max
5153,45930.985217787005,3930.5540461780924,46258.39621154998,45492.83236162194,438.1528561650624,pvalloc_29nbfs_LRG2_max
5154,30680.896882338428,3931.1919402802805,31269.273435337233,30680.896882338428,0.0,pvalloc_29nbfs_LRG2_max
5155,10170.310011103991,5608.855852042302,12945.50350848339,10170.310011103991,0.0,pvalloc_29nbfs_LRG2_max
5156,0.9899346697857694,13203.866541393156,13203.866541393156,0.9899346697857694,0.0,pvalloc_29nbfs_LRG2_max
5157,0.0,16656.158247084175,16656.158247084175,0.0,0.0,pvalloc_29nbfs_LRG2_max
5158,0.0,16956.66673318879,16956.66673318879,0.0,0.0,pvalloc_29nbfs_LRG2_max
5159,0.0,13878.197386105796,13878.197386105796,0.0,0.0,pvalloc_29nbfs_LRG2_max
5160,0.0,13359.709264488025,13359.709264488025,0.0,0.0,pvalloc_29nbfs_LRG2_max
5161,0.0,9823.421723926978,9823.421723926978,0.0,0.0,pvalloc_29nbfs_LRG2_max
5162,0.0,8004.918441437758,8004.918441437758,0.0,0.0,pvalloc_29nbfs_LRG2_max
5163,0.0,7279.771629046192,7279.771629046192,0.0,0.0,pvalloc_29nbfs_LRG2_max
5164,0.0,6702.512682378077,6702.512682378077,0.0,0.0,pvalloc_29nbfs_LRG2_max
5165,0.0,6398.764586689275,6398.764586689275,0.0,0.0,pvalloc_29nbfs_LRG2_max
5166,103.08274599691063,4348.912231598527,4350.01289567078,103.08274599691063,0.0,pvalloc_29nbfs_LRG2_max
5167,12661.867061115752,2548.3357696933344,13327.408580968466,12661.867061115752,0.0,pvalloc_29nbfs_LRG2_max
5168,33063.31971360106,2920.773341862354,33318.61053611316,33063.31971360106,0.0,pvalloc_29nbfs_LRG2_max
5169,54912.632014730945,3160.882629979262,55044.647300930585,53237.687921522884,1674.9440932080745,pvalloc_29nbfs_LRG2_max
5170,74938.22118067804,3061.5311404395657,75022.40094339904,67460.43126385083,7477.78991682716,pvalloc_29nbfs_LRG2_max
5171,89746.44391779917,3765.478791510962,89846.20073488887,75613.2430695548,14133.200848244414,pvalloc_29nbfs_LRG2_max
5172,84030.3563041679,4278.063057342047,84189.65651976196,72603.97345725654,11426.382846911441,pvalloc_29nbfs_LRG2_max
5173,78316.08435536122,4586.4482090118845,78530.82174388337,69369.63969197967,8946.44466338161,pvalloc_29nbfs_LRG2_max
5174,88608.7060836352,4541.040649639158,88796.92356333828,74902.54884765657,13706.157235978633,pvalloc_29nbfs_LRG2_max
5175,76358.76768149757,4722.3639597044175,76605.6210205791,68178.84314818513,8179.9245333124945,pvalloc_29nbfs_LRG2_max
5176,61160.81570906203,4537.428599706327,61466.41366407632,57979.94760633856,3180.8681027234625,pvalloc_29nbfs_LRG2_max
5177,41836.23921930465,4211.409809336453,42311.43688427577,41623.45160656979,212.78761273484855,pvalloc_29nbfs_LRG2_max
5178,22924.03788466295,4132.5545134457,23844.938451347825,22924.03788466295,0.0,pvalloc_29nbfs_LRG2_max
5179,9383.504380687384,4312.385195304403,11202.402271547182,9383.504380687384,0.0,pvalloc_29nbfs_LRG2_max
5180,20.172669371651217,9584.153312380959,9584.310273772382,20.172669371651217,0.0,pvalloc_29nbfs_LRG2_max
5181,0.0,17958.547144614713,17958.547144614713,0.0,0.0,pvalloc_29nbfs_LRG2_max
5182,0.0,15508.105894089556,15508.105894089556,0.0,0.0,pvalloc_29nbfs_LRG2_max
5183,0.0,14273.897403473246,14273.897403473246,0.0,0.0,pvalloc_29nbfs_LRG2_max
5184,0.0,13200.33224655577,13200.33224655577,0.0,0.0,pvalloc_29nbfs_LRG2_max
5185,0.0,9638.325646422076,9638.325646422076,0.0,0.0,pvalloc_29nbfs_LRG2_max
5186,0.0,8321.584507793394,8321.584507793394,0.0,0.0,pvalloc_29nbfs_LRG2_max
5187,0.0,7169.817360127395,7169.817360127395,0.0,0.0,pvalloc_29nbfs_LRG2_max
5188,0.0,7079.928698781938,7079.928698781938,0.0,0.0,pvalloc_29nbfs_LRG2_max
5189,0.0,6529.334832922408,6529.334832922408,0.0,0.0,pvalloc_29nbfs_LRG2_max
5190,43.79279254112965,4768.209226984169,4768.705609179932,43.79279254112965,0.0,pvalloc_29nbfs_LRG2_max
5191,10377.04885964868,2502.475925410089,11128.376946287266,10377.04885964868,0.0,pvalloc_29nbfs_LRG2_max
5192,27609.5643858336,2857.3826018854925,27931.5608148745,27609.5643858336,0.0,pvalloc_29nbfs_LRG2_max
5193,49189.90628267559,3115.2409092333987,49344.78799722419,48451.894453762136,738.0118289134541,pvalloc_29nbfs_LRG2_max
5194,62314.71965420802,3396.0881692795183,62448.66315800395,58959.77677899768,3354.9428752103395,pvalloc_29nbfs_LRG2_max
5195,70870.86993324856,4074.951839903133,71039.31556536816,64929.93909757063,5940.930835677914,pvalloc_29nbfs_LRG2_max
5196,68344.29860637618,5046.340194418383,68681.0519175008,63278.24892065159,5066.049685724527,pvalloc_29nbfs_LRG2_max
5197,72574.9740903865,4919.901267017248,72850.2469502505,65911.29572518988,6663.678365196636,pvalloc_29nbfs_LRG2_max
5198,71325.13961572874,5431.670515390015,71695.92514182757,65098.819835038805,6226.319780689929,pvalloc_29nbfs_LRG2_max
5199,70434.32791174536,4903.787969268832,70733.30619158564,64486.12724401146,5948.200667733878,pvalloc_29nbfs_LRG2_max
5200,42350.703015778585,3815.391758568809,42721.67327431512,42117.09059518148,233.6124205971093,pvalloc_29nbfs_LRG2_max
5201,27212.940355155264,3805.0927778884648,27860.083267413658,27212.940355155264,0.0,pvalloc_29nbfs_LRG2_max
5202,13098.034497645958,4327.984423115061,14760.945099930279,13098.034497645958,0.0,pvalloc_29nbfs_LRG2_max
5203,8220.018673791034,4806.627555917486,10540.008802774975,8220.018673791034,0.0,pvalloc_29nbfs_LRG2_max
5204,0.0,15090.743710386072,15090.743710386072,0.0,0.0,pvalloc_29nbfs_LRG2_max
5205,0.0,15791.348827533153,15791.348827533153,0.0,0.0,pvalloc_29nbfs_LRG2_max
5206,0.0,15247.755727980579,15247.755727980579,0.0,0.0,pvalloc_29nbfs_LRG2_max
5207,0.0,15008.22525066832,15008.22525066832,0.0,0.0,pvalloc_29nbfs_LRG2_max
5208,0.0,12069.433844123947,12069.433844123947,0.0,0.0,pvalloc_29nbfs_LRG2_max
5209,0.0,11145.876780548275,11145.876780548275,0.0,0.0,pvalloc_29nbfs_LRG2_max
5210,0.0,8940.899584908117,8940.899584908117,0.0,0.0,pvalloc_29nbfs_LRG2_max
5211,0.0,7874.895807358424,7874.895807358424,0.0,0.0,pvalloc_29nbfs_LRG2_max
5212,0.0,7043.644556647981,7043.644556647981,0.0,0.0,pvalloc_29nbfs_LRG2_max
5213,0.0,7125.558647681808,7125.558647681808,0.0,0.0,pvalloc_29nbfs_LRG2_max
5214,3.6209129932177015,5734.093133921056,5734.16481721687,3.6209129932177015,0.0,pvalloc_29nbfs_LRG2_max
5215,1654.4073705079718,3024.186045045919,3676.692304521529,1654.4073705079718,0.0,pvalloc_29nbfs_LRG2_max
5216,6111.270705710586,2945.5641721679035,7459.091830154405,6111.270705710586,0.0,pvalloc_29nbfs_LRG2_max
5217,12204.03658605216,3188.1160198761063,13274.931480547382,12204.03658605216,0.0,pvalloc_29nbfs_LRG2_max
5218,23891.526409624337,3307.7911972329903,24451.93285131327,23891.526409624337,0.0,pvalloc_29nbfs_LRG2_max
5219,28429.422235436796,3946.4264763569486,29098.153586854034,28429.422235436796,0.0,pvalloc_29nbfs_LRG2_max
5220,21052.256977391447,5083.297985546308,22718.66875026515,21052.256977391447,0.0,pvalloc_29nbfs_LRG2_max
5221,45693.96504168373,4532.744167511479,46200.872864398145,45238.877402340666,455.0876393430707,pvalloc_29nbfs_LRG2_max
5222,60411.5418596746,4699.146220193249,60766.43934604812,57375.32461205333,3036.217247621292,pvalloc_29nbfs_LRG2_max
5223,47440.65700393149,4725.090863861346,47959.623941175014,46823.88079207442,616.7762118570715,pvalloc_29nbfs_LRG2_max
5224,47798.0183825909,4121.646103159091,48164.82228649515,47157.51134348974,640.5070391011557,pvalloc_29nbfs_LRG2_max
5225,35797.897604605685,4199.971148767528,36373.34496662153,35729.61490633477,68.282698270916,pvalloc_29nbfs_LRG2_max
5226,24954.72075662575,4094.566512805084,25775.081602698752,24954.72075662575,0.0,pvalloc_29nbfs_LRG2_max
5227,10269.888893953392,4774.1576646559615,12373.677977978132,10269.888893953392,0.0,pvalloc_29nbfs_LRG2_max
5228,0.2421133534611586,12343.532444512219,12343.532444512219,0.2421133534611586,0.0,pvalloc_29nbfs_LRG2_max
5229,0.0,17463.78761121696,17463.78761121696,0.0,0.0,pvalloc_29nbfs_LRG2_max
5230,0.0,16776.24576513662,16776.24576513662,0.0,0.0,pvalloc_29nbfs_LRG2_max
5231,0.0,13863.094861205218,13863.094861205218,0.0,0.0,pvalloc_29nbfs_LRG2_max
5232,0.0,12379.083196074876,12379.083196074876,0.0,0.0,pvalloc_29nbfs_LRG2_max
5233,0.0,10840.796451126309,10840.796451126309,0.0,0.0,pvalloc_29nbfs_LRG2_max
5234,0.0,8839.193140860432,8839.193140860432,0.0,0.0,pvalloc_29nbfs_LRG2_max
5235,0.0,7691.549078353807,7691.549078353807,0.0,0.0,pvalloc_29nbfs_LRG2_max
5236,0.0,6881.188714069509,6881.188714069509,0.0,0.0,pvalloc_29nbfs_LRG2_max
5237,0.0,7020.828203404437,7020.828203404437,0.0,0.0,pvalloc_29nbfs_LRG2_max
5238,66.54528694618577,4740.933999730511,4741.6183625477115,66.54528694618577,0.0,pvalloc_29nbfs_LRG2_max
5239,11461.243899352881,2608.783812371186,12192.699789693032,11461.243899352881,0.0,pvalloc_29nbfs_LRG2_max
5240,24405.043350519853,2927.198057404915,24809.873124581933,24405.043350519853,0.0,pvalloc_29nbfs_LRG2_max
5241,48300.35054565466,3153.407299233322,48465.72886465042,47666.8872246584,633.4633209962544,pvalloc_29nbfs_LRG2_max
5242,62256.38423732204,3597.94048888027,62409.321379546695,58914.915100000784,3341.4691373212586,pvalloc_29nbfs_LRG2_max
5243,68811.1421672659,3910.0298775098927,68977.20620623547,63518.335979657735,5292.806187608265,pvalloc_29nbfs_LRG2_max
5244,56475.466006364324,4418.301378185183,56791.88504358991,54419.426791934355,2056.0392144299626,pvalloc_29nbfs_LRG2_max
5245,54906.633214615766,4932.867349007493,55356.44283867546,53129.513868548594,1777.1193460671761,pvalloc_29nbfs_LRG2_max
5246,51246.42220661846,4986.939947731789,51794.643499153965,50040.288477158916,1206.1337294595412,pvalloc_29nbfs_LRG2_max
5247,50990.49013433218,4681.443228101142,51466.03223862818,49839.27631466922,1151.2138196629564,pvalloc_29nbfs_LRG2_max
5248,43367.17851042974,4129.642047991895,43824.17722994153,43069.7057418336,297.4727685961354,pvalloc_29nbfs_LRG2_max
5249,35400.2481867984,4004.0714828930054,35935.429101592395,35338.74787957929,61.50030721910764,pvalloc_29nbfs_LRG2_max
5250,18123.926889878763,4538.980679431551,19491.417426332562,18123.926889878763,0.0,pvalloc_29nbfs_LRG2_max
5251,8333.593073951344,5133.913173989498,10854.754998631626,8333.593073951344,0.0,pvalloc_29nbfs_LRG2_max
5252,0.0,19000.134662661887,19000.134662661887,0.0,0.0,pvalloc_29nbfs_LRG2_max
5253,0.0,19290.580116971654,19290.580116971654,0.0,0.0,pvalloc_29nbfs_LRG2_max
5254,0.0,16835.268381474216,16835.268381474216,0.0,0.0,pvalloc_29nbfs_LRG2_max
5255,0.0,14924.78827852718,14924.78827852718,0.0,0.0,pvalloc_29nbfs_LRG2_max
5256,0.0,13381.168060104113,13381.168060104113,0.0,0.0,pvalloc_29nbfs_LRG2_max
5257,0.0,10539.960012448035,10539.960012448035,0.0,0.0,pvalloc_29nbfs_LRG2_max
5258,0.0,8429.066249258416,8429.066249258416,0.0,0.0,pvalloc_29nbfs_LRG2_max
5259,0.0,7662.686930720702,7662.686930720702,0.0,0.0,pvalloc_29nbfs_LRG2_max
5260,0.0,6987.56971605249,6987.56971605249,0.0,0.0,pvalloc_29nbfs_LRG2_max
5261,0.0,6946.060646242224,6946.060646242224,0.0,0.0,pvalloc_29nbfs_LRG2_max
5262,58.79489089981778,4987.491547227303,4988.114616154448,58.79489089981778,0.0,pvalloc_29nbfs_LRG2_max
5263,12689.756185121727,2563.1085101381764,13328.856614302113,12689.756185121727,0.0,pvalloc_29nbfs_LRG2_max
5264,33505.36407166857,2856.308466326966,33741.30590671673,33501.406814976086,3.9572566924837247,pvalloc_29nbfs_LRG2_max
5265,56198.12923008882,2947.4043547831757,56310.604992649154,54275.82613055214,1922.303099536682,pvalloc_29nbfs_LRG2_max
5266,75224.64883203985,3724.7668791235774,75341.2744280683,67676.1618276318,7548.487004408033,pvalloc_29nbfs_LRG2_max
5267,88826.55952410605,4800.72933881165,88996.57430542122,75233.86222001536,13592.69730409068,pvalloc_29nbfs_LRG2_max
5268,86120.17663952305,5848.842618822174,86454.35371054408,73815.48858833288,12304.688051190153,pvalloc_29nbfs_LRG2_max
5269,91016.9033134677,5815.238591956986,91306.50861934829,76233.66389982423,14783.239413643452,pvalloc_29nbfs_LRG2_max
5270,91502.05745529383,5228.795255530304,91771.49996589974,76211.38498897215,15290.672466321705,pvalloc_29nbfs_LRG2_max
5271,83045.6553109965,5020.444733059683,83307.56662971906,71924.02987191649,11121.625439080055,pvalloc_29nbfs_LRG2_max
5272,69189.73268352138,4778.791652559617,69477.45121897198,63660.24835247935,5529.484331042026,pvalloc_29nbfs_LRG2_max
5273,52123.53229416139,4343.049685011319,52498.93076245726,50807.821735576035,1315.7105585853549,pvalloc_29nbfs_LRG2_max
5274,31261.863471202956,4443.157594103357,32026.160418232073,31261.863471202956,0.0,pvalloc_29nbfs_LRG2_max
5275,12674.204382447506,4709.221014042284,14449.034119831489,12674.204382447506,0.0,pvalloc_29nbfs_LRG2_max
5276,0.001144878417680309,16108.128089506325,16108.128089506325,0.001144878417680309,0.0,pvalloc_29nbfs_LRG2_max
5277,0.0,16661.54003587522,16661.54003587522,0.0,0.0,pvalloc_29nbfs_LRG2_max
5278,0.0,16071.87963882066,16071.87963882066,0.0,0.0,pvalloc_29nbfs_LRG2_max
5279,0.0,16513.61501158644,16513.61501158644,0.0,0.0,pvalloc_29nbfs_LRG2_max
5280,0.0,14223.4027375802,14223.4027375802,0.0,0.0,pvalloc_29nbfs_LRG2_max
5281,0.0,10189.901163932846,10189.901163932846,0.0,0.0,pvalloc_29nbfs_LRG2_max
5282,0.0,9219.90861812319,9219.90861812319,0.0,0.0,pvalloc_29nbfs_LRG2_max
5283,0.0,8077.212368111325,8077.212368111325,0.0,0.0,pvalloc_29nbfs_LRG2_max
5284,0.0,7416.388772703773,7416.388772703773,0.0,0.0,pvalloc_29nbfs_LRG2_max
5285,0.0,7104.393955178768,7104.393955178768,0.0,0.0,pvalloc_29nbfs_LRG2_max
5286,19.61626803888635,5505.411457451303,5505.67398618594,19.61626803888635,0.0,pvalloc_29nbfs_LRG2_max
5287,11799.228869671713,2604.620386250913,12506.245193798302,11799.228869671713,0.0,pvalloc_29nbfs_LRG2_max
5288,33671.82545632842,2762.9688957142475,33887.60322621791,33665.53563223009,6.2898240983302,pvalloc_29nbfs_LRG2_max
5289,55885.28191379733,2765.1588751164095,55986.19699924129,54022.533233113616,1862.7486806837073,pvalloc_29nbfs_LRG2_max
5290,74182.24828527718,3621.7686009276845,74292.08230291662,67049.86273804614,7132.385547231052,pvalloc_29nbfs_LRG2_max
5291,90214.79714206529,4050.156719378208,90337.07557109909,75834.75596002312,14380.041182042221,pvalloc_29nbfs_LRG2_max
5292,85613.25227021702,5619.668536033258,85914.58948064804,73551.78362271682,12061.468647500224,pvalloc_29nbfs_LRG2_max
5293,91365.99092973549,5533.21062422831,91625.74775449367,76297.66681808844,15068.324111647087,pvalloc_29nbfs_LRG2_max
5294,86745.18979125506,6653.098956352112,87201.03189874416,73904.55104669658,12840.63874455844,pvalloc_29nbfs_LRG2_max
5295,80005.74891249959,6058.826716244252,80428.01033810488,70221.83005878044,9783.918853719144,pvalloc_29nbfs_LRG2_max
5296,65442.80289685612,6116.89215747848,66030.94647962277,61103.37782487734,4339.425071978786,pvalloc_29nbfs_LRG2_max
5297,49694.93028078259,5439.5523618278585,50386.663255398445,48722.06483895186,972.8654418307328,pvalloc_29nbfs_LRG2_max
5298,29308.205757143096,5433.348583954224,30513.192020533974,29308.205757143096,0.0,pvalloc_29nbfs_LRG2_max
5299,8808.465075925227,6468.924477401897,12180.851601334103,8808.465075925227,0.0,pvalloc_29nbfs_LRG2_max
5300,0.002782290935076717,16915.125381075446,16915.125381075446,0.002782290935076717,0.0,pvalloc_29nbfs_LRG2_max
5301,0.0,19664.8737674663,19664.8737674663,0.0,0.0,pvalloc_29nbfs_LRG2_max
5302,0.0,21717.297616531436,21717.297616531436,0.0,0.0,pvalloc_29nbfs_LRG2_max
5303,0.0,17214.825474050005,17214.825474050005,0.0,0.0,pvalloc_29nbfs_LRG2_max
5304,0.0,12578.207549128692,12578.207549128692,0.0,0.0,pvalloc_29nbfs_LRG2_max
5305,0.0,10294.109997870488,10294.109997870488,0.0,0.0,pvalloc_29nbfs_LRG2_max
5306,0.0,8325.709247505114,8325.709247505114,0.0,0.0,pvalloc_29nbfs_LRG2_max
5307,0.0,7293.515981600715,7293.515981600715,0.0,0.0,pvalloc_29nbfs_LRG2_max
5308,0.0,6735.774478834689,6735.774478834689,0.0,0.0,pvalloc_29nbfs_LRG2_max
5309,0.0,6710.483943585053,6710.483943585053,0.0,0.0,pvalloc_29nbfs_LRG2_max
5310,30.31204363907763,4984.893135284272,4985.2782607249455,30.31204363907763,0.0,pvalloc_29nbfs_LRG2_max
5311,11751.38402689053,2510.709442434107,12419.155888716316,11751.38402689053,0.0,pvalloc_29nbfs_LRG2_max
5312,32869.0974116032,2874.5458503395425,33117.72842627668,32869.0974116032,0.0,pvalloc_29nbfs_LRG2_max
5313,54814.79060705513,3220.048827741265,54955.204147416116,53148.75744288904,1666.033164166106,pvalloc_29nbfs_LRG2_max
5314,74956.91768222046,3689.016862356377,75082.7363156065,67479.14702484816,7477.7706573722535,pvalloc_29nbfs_LRG2_max
5315,91190.0225585911,3849.9993231095536,91302.43578020089,76290.27959851465,14899.742960076439,pvalloc_29nbfs_LRG2_max
5316,85234.47114768672,5913.754847358287,85584.3000365092,73334.39313352981,11900.078014156912,pvalloc_29nbfs_LRG2_max
5317,90958.63434666432,5415.6434167534935,91198.22824718671,76175.25033323013,14783.384013434208,pvalloc_29nbfs_LRG2_max
5318,88562.84914898065,5553.43622770054,88834.5810222748,74901.82867050727,13661.020478473374,pvalloc_29nbfs_LRG2_max
5319,82018.1844730009,4917.342248764468,82251.45395443382,71425.24636276615,10592.938110234774,pvalloc_29nbfs_LRG2_max
5320,67937.80554886397,4825.951235712801,68235.75959118427,62830.135780094126,5107.669768769838,pvalloc_29nbfs_LRG2_max
5321,50056.789612814115,4697.786683146883,50513.98497332271,49095.21703462473,961.5725781893773,pvalloc_29nbfs_LRG2_max
5322,31967.691711580468,3954.7943362347964,32562.06178049955,31967.691711580468,0.0,pvalloc_29nbfs_LRG2_max
5323,10836.4730045219,4742.467390663082,12904.624266227987,10836.4730045219,0.0,pvalloc_29nbfs_LRG2_max
5324,0.6210965762627492,11780.479643227958,11780.479643227958,0.6210965762627492,0.0,pvalloc_29nbfs_LRG2_max
5325,0.0,17798.4514230697,17798.4514230697,0.0,0.0,pvalloc_29nbfs_LRG2_max
5326,0.0,19605.334016129706,19605.334016129706,0.0,0.0,pvalloc_29nbfs_LRG2_max
5327,0.0,17993.3392447101,17993.3392447101,0.0,0.0,pvalloc_29nbfs_LRG2_max
5328,0.0,14499.905393880887,14499.905393880887,0.0,0.0,pvalloc_29nbfs_LRG2_max
5329,0.0,10706.798579119697,10706.798579119697,0.0,0.0,pvalloc_29nbfs_LRG2_max
5330,0.0,8691.305275136961,8691.305275136961,0.0,0.0,pvalloc_29nbfs_LRG2_max
5331,0.0,7299.838339654399,7299.838339654399,0.0,0.0,pvalloc_29nbfs_LRG2_max
5332,0.0,6942.4868277889755,6942.4868277889755,0.0,0.0,pvalloc_29nbfs_LRG2_max
5333,0.0,6828.1340130815815,6828.1340130815815,0.0,0.0,pvalloc_29nbfs_LRG2_max
5334,10.244459102487284,5417.820012774293,5417.955603354694,10.244459102487284,0.0,pvalloc_29nbfs_LRG2_max
5335,10505.231335098148,2806.0461815949443,11439.429526556705,10505.231335098148,0.0,pvalloc_29nbfs_LRG2_max
5336,31587.94030460737,3234.720217702503,31942.822609301074,31587.94030460737,0.0,pvalloc_29nbfs_LRG2_max
5337,53925.89361908869,3412.9416105209216,54094.32364228176,52410.63032810163,1515.263290987059,pvalloc_29nbfs_LRG2_max
5338,73873.10774620376,3725.8782892920394,74000.33749361604,66828.64161205986,7044.466134143863,pvalloc_29nbfs_LRG2_max
5339,89046.3697154781,4023.42019026781,89163.56366391401,75272.1284140141,13774.24130146398,pvalloc_29nbfs_LRG2_max
5340,84360.99725116398,5740.994619693766,84709.11089089469,72958.58128396347,11402.41596720052,pvalloc_29nbfs_LRG2_max
5341,88658.95287435298,5709.238392330334,88949.5579703073,75093.00865709918,13565.94421725385,pvalloc_29nbfs_LRG2_max
5342,85471.32257432211,6553.281560619263,85928.67161792463,73428.44458351708,12042.877990805046,pvalloc_29nbfs_LRG2_max
5343,80350.92147921458,5459.540004070224,80660.87924281532,70481.32291011239,9869.598569102236,pvalloc_29nbfs_LRG2_max
5344,68383.9507545547,4524.59350310761,68641.78294008622,63121.999308654864,5261.951445899879,pvalloc_29nbfs_LRG2_max
5345,48964.90719221619,4481.753625827655,49387.30901290963,48173.93862287286,790.9685693433275,pvalloc_29nbfs_LRG2_max
5346,29290.317044539082,4464.193978290714,30117.89136366576,29290.317044539082,0.0,pvalloc_29nbfs_LRG2_max
5347,7443.361781683877,6366.254265180386,10947.735346870692,7443.361781683877,0.0,pvalloc_29nbfs_LRG2_max
5348,0.0,15989.730142980065,15989.730142980065,0.0,0.0,pvalloc_29nbfs_LRG2_max
5349,0.0,16826.715043934226,16826.715043934226,0.0,0.0,pvalloc_29nbfs_LRG2_max
5350,0.0,17455.218388780388,17455.218388780388,0.0,0.0,pvalloc_29nbfs_LRG2_max
5351,0.0,17312.601875985758,17312.601875985758,0.0,0.0,pvalloc_29nbfs_LRG2_max
5352,0.0,14414.143741518079,14414.143741518079,0.0,0.0,pvalloc_29nbfs_LRG2_max
5353,0.0,9954.172012300509,9954.172012300509,0.0,0.0,pvalloc_29nbfs_LRG2_max
5354,0.0,8448.308232531268,8448.308232531268,0.0,0.0,pvalloc_29nbfs_LRG2_max
5355,0.0,7461.470557932398,7461.470557932398,0.0,0.0,pvalloc_29nbfs_LRG2_max
5356,0.0,6904.553782501744,6904.553782501744,0.0,0.0,pvalloc_29nbfs_LRG2_max
5357,0.0,6785.528064411384,6785.528064411384,0.0,0.0,pvalloc_29nbfs_LRG2_max
5358,16.195403398354312,5398.072756214601,5398.302720090758,16.195403398354312,0.0,pvalloc_29nbfs_LRG2_max
5359,10622.151279943479,2700.543426850922,11465.564183266573,10622.151279943479,0.0,pvalloc_29nbfs_LRG2_max
5360,31815.033514461775,3036.8017381226646,32115.542711263326,31815.033514461775,0.0,pvalloc_29nbfs_LRG2_max
5361,51627.596504629604,4022.1010143291487,51931.15887230606,50503.68287183406,1123.913632795551,pvalloc_29nbfs_LRG2_max
5362,72711.17416011766,4119.9738989509415,72875.00902024504,66128.57396686451,6582.600193253077,pvalloc_29nbfs_LRG2_max
5363,86933.7906748958,4995.377289304871,87142.23397958398,74307.93421938027,12625.85645551554,pvalloc_29nbfs_LRG2_max
5364,84889.0057258723,5830.450350469811,85249.65029699952,73243.48739389506,11645.518331977251,pvalloc_29nbfs_LRG2_max
5365,87842.3615015821,6394.87917131566,88275.57547070824,74762.30491040884,13080.056591173266,pvalloc_29nbfs_LRG2_max
5366,90074.19725814457,5273.924362322149,90311.83777221985,75666.72617972767,14407.471078416918,pvalloc_29nbfs_LRG2_max
5367,81532.44121494718,4898.857876188463,81759.09335362141,71185.12665362377,10347.314561323421,pvalloc_29nbfs_LRG2_max
5368,67784.97144111562,4601.681758227547,68041.59652152563,62792.8037363738,4992.167704741756,pvalloc_29nbfs_LRG2_max
5369,48928.166777308215,4697.180464856512,49391.26996207313,48166.432934724195,761.7338425840256,pvalloc_29nbfs_LRG2_max
5370,28008.540964228803,4839.053150631963,29075.893826224157,28008.540964228803,0.0,pvalloc_29nbfs_LRG2_max
5371,9366.655168874408,5176.187990504635,11828.345959773784,9366.655168874408,0.0,pvalloc_29nbfs_LRG2_max
5372,0.0,16855.787799610614,16855.787799610614,0.0,0.0,pvalloc_29nbfs_LRG2_max
5373,0.0,17345.89249504484,17345.89249504484,0.0,0.0,pvalloc_29nbfs_LRG2_max
5374,0.0,16579.52219038973,16579.52219038973,0.0,0.0,pvalloc_29nbfs_LRG2_max
5375,0.0,15251.446364993699,15251.446364993699,0.0,0.0,pvalloc_29nbfs_LRG2_max
5376,0.0,13188.262672566276,13188.262672566276,0.0,0.0,pvalloc_29nbfs_LRG2_max
5377,0.0,11323.92566649367,11323.92566649367,0.0,0.0,pvalloc_29nbfs_LRG2_max
5378,0.0,9734.491596408214,9734.491596408214,0.0,0.0,pvalloc_29nbfs_LRG2_max
5379,0.0,8493.110696508547,8493.110696508547,0.0,0.0,pvalloc_29nbfs_LRG2_max
5380,0.0,7434.255107382791,7434.255107382791,0.0,0.0,pvalloc_29nbfs_LRG2_max
5381,0.0,7087.350693282779,7087.350693282779,0.0,0.0,pvalloc_29nbfs_LRG2_max
5382,6.533153492862324,5749.432166212452,5749.531557022293,6.533153492862324,0.0,pvalloc_29nbfs_LRG2_max
5383,10253.089152435665,2774.6402808222915,11158.377421032652,10253.089152435665,0.0,pvalloc_29nbfs_LRG2_max
5384,32069.44118536725,2885.7746978432046,32337.248531390713,32069.44118536725,0.0,pvalloc_29nbfs_LRG2_max
5385,54199.518778122765,3221.2361130058634,54344.90348913268,52631.36868149721,1568.1500966255471,pvalloc_29nbfs_LRG2_max
5386,72802.89746888253,3905.591703614229,72942.32852145494,66177.93796854287,6624.959500339677,pvalloc_29nbfs_LRG2_max
5387,88417.52974009581,4435.175258326069,88565.08933001754,74957.31795589025,13460.211784205581,pvalloc_29nbfs_LRG2_max
5388,85509.81002579107,5517.519517131233,85794.48438023745,73482.44776359767,12027.362262193397,pvalloc_29nbfs_LRG2_max
5389,89243.52868775485,5836.107047888888,89545.93391390842,75334.16547012616,13909.363217628666,pvalloc_29nbfs_LRG2_max
5390,85610.62608591001,6240.4198345594905,85999.78608694937,73445.3995779268,12165.226507983225,pvalloc_29nbfs_LRG2_max
5391,78814.73926096782,5604.3970177909005,79151.03972279024,69665.83748188468,9148.901779083124,pvalloc_29nbfs_LRG2_max
5392,64775.27696064303,5315.036893857516,65183.85800859725,60732.693763357594,4042.583197285444,pvalloc_29nbfs_LRG2_max
5393,45996.33365780098,5338.851380470912,46708.108816402506,45551.33409717071,444.9995606302697,pvalloc_29nbfs_LRG2_max
5394,27030.794302223378,4954.349497794458,28197.352304912303,27030.794302223378,0.0,pvalloc_29nbfs_LRG2_max
5395,6321.252603532916,7006.403851204051,10431.365431620012,6321.252603532916,0.0,pvalloc_29nbfs_LRG2_max
5396,0.0,17145.889040901176,17145.889040901176,0.0,0.0,pvalloc_29nbfs_LRG2_max
5397,0.0,18592.212130355496,18592.212130355496,0.0,0.0,pvalloc_29nbfs_LRG2_max
5398,0.0,17959.280865600802,17959.280865600802,0.0,0.0,pvalloc_29nbfs_LRG2_max
5399,0.0,15321.147510146637,15321.147510146637,0.0,0.0,pvalloc_29nbfs_LRG2_max
5400,0.0,13722.161589340783,13722.161589340783,0.0,0.0,pvalloc_29nbfs_LRG2_max
5401,0.0,10430.229263731499,10430.229263731499,0.0,0.0,pvalloc_29nbfs_LRG2_max
5402,0.0,8829.571873465273,8829.571873465273,0.0,0.0,pvalloc_29nbfs_LRG2_max
5403,0.0,7657.188196967487,7657.188196967487,0.0,0.0,pvalloc_29nbfs_LRG2_max
5404,0.0,7455.696363549953,7455.696363549953,0.0,0.0,pvalloc_29nbfs_LRG2_max
5405,0.0,7031.549107246737,7031.549107246737,0.0,0.0,pvalloc_29nbfs_LRG2_max
5406,2.0058477799919694,6089.696989029276,6089.744340021807,2.0058477799919694,0.0,pvalloc_29nbfs_LRG2_max
5407,10245.93150352214,2615.993425538907,11050.58389016406,10245.93150352214,0.0,pvalloc_29nbfs_LRG2_max
5408,29304.672275790825,3029.2969770331247,29643.64892660395,29304.672275790825,0.0,pvalloc_29nbfs_LRG2_max
5409,48763.14192584408,3991.84037239805,49079.81201982128,48069.19998207632,693.9419437677577,pvalloc_29nbfs_LRG2_max
5410,67045.33976495804,3843.1243629150567,67206.91166985499,62344.977361690675,4700.362403267291,pvalloc_29nbfs_LRG2_max
5411,74845.4287632078,4142.603796202026,75017.04761406501,67352.20228564231,7493.226477565526,pvalloc_29nbfs_LRG2_max
5412,63304.24688319133,5463.185717390726,63784.009074209236,59679.93719053062,3624.3096926607027,pvalloc_29nbfs_LRG2_max
5413,62770.8617707367,6094.511593957276,63401.1818151034,59232.44164898428,3538.420121752425,pvalloc_29nbfs_LRG2_max
5414,57274.18775200805,6035.829966965842,57998.382132608334,54903.2407378781,2370.9470141299535,pvalloc_29nbfs_LRG2_max
5415,46204.827999756744,5488.820000882321,46964.39386408326,45692.25167935963,512.576320397121,pvalloc_29nbfs_LRG2_max
5416,34368.270209902825,5014.580012419996,35258.92438765857,34318.64956096071,49.62064894210545,pvalloc_29nbfs_LRG2_max
5417,27438.567085878192,4820.670738444015,28492.245007729893,27438.567085878192,0.0,pvalloc_29nbfs_LRG2_max
5418,11358.357972379046,5234.44718821892,13693.261206499512,11358.357972379046,0.0,pvalloc_29nbfs_LRG2_max
5419,2517.191487284322,6575.7870292000935,7236.481966033891,2517.191487284322,0.0,pvalloc_29nbfs_LRG2_max
5420,0.0,14157.271802208628,14157.271802208628,0.0,0.0,pvalloc_29nbfs_LRG2_max
5421,0.0,16175.317955120869,16175.317955120869,0.0,0.0,pvalloc_29nbfs_LRG2_max
5422,0.0,16617.529616008724,16617.529616008724,0.0,0.0,pvalloc_29nbfs_LRG2_max
5423,0.0,15583.466132818583,15583.466132818583,0.0,0.0,pvalloc_29nbfs_LRG2_max
5424,0.0,13573.678772779584,13573.678772779584,0.0,0.0,pvalloc_29nbfs_LRG2_max
4920,0.0,11113.463869085279,11113.463869085279,0.0,0.0,pvalloc_29nbfs_LRG2_max_1hll
4921,0.0,10737.831728562103,10737.831728562103,0.0,0.0,pvalloc_29nbfs_LRG2_max_1hll
4922,0.0,10105.311448681487,10105.311448681487,0.0,0.0,pvalloc_29nbfs_LRG2_max_1hll
4923,0.0,8120.094880445638,8120.094880445638,0.0,0.0,pvalloc_29nbfs_LRG2_max_1hll
4924,0.0,7251.7336572309905,7251.7336572309905,0.0,0.0,pvalloc_29nbfs_LRG2_max_1hll
4925,0.0,6971.075169345191,6971.075169345191,0.0,0.0,pvalloc_29nbfs_LRG2_max_1hll
4926,823.6515890035492,3595.9619982173444,3690.4272585565977,823.6515890035492,0.0,pvalloc_29nbfs_LRG2_max_1hll
4927,15762.816009511575,2536.2631395031003,16269.908667359277,15762.816009511575,0.0,pvalloc_29nbfs_LRG2_max_1hll
4928,35996.83888954787,2697.8114372867626,36181.78051538525,35930.01380736214,66.82508218573383,pvalloc_29nbfs_LRG2_max_1hll
4929,55372.01028792899,3337.937502583468,55527.62052496469,53605.49944238799,1766.5108455409963,pvalloc_29nbfs_LRG2_max_1hll
4930,74395.3792887395,3562.822315122342,74508.75523300322,67099.78259095695,7295.596697782558,pvalloc_29nbfs_LRG2_max_1hll
4931,89323.29159440445,4072.1846812302656,89451.6992713552,75347.34296317962,13975.948631224835,pvalloc_29nbfs_LRG2_max_1hll
4932,74226.22707112342,5133.577122017285,74533.02274123696,66963.91295089886,7262.314120224452,pvalloc_29nbfs_LRG2_max_1hll
4933,61772.07889016447,6642.594593577591,62618.156640622285,58537.80168650849,3234.2772036559836,pvalloc_29nbfs_LRG2_max_1hll
4934,58396.207969845644,5487.785693835355,58939.66933321283,55855.042000453606,2541.165969392032,pvalloc_29nbfs_LRG2_max_1hll
4935,50984.52461843926,5066.784467642067,51551.73314533233,49815.56424017203,1168.9603782672364,pvalloc_29nbfs_LRG2_max_1hll
4936,50367.94181894773,4815.485886853431,50881.34319756781,49308.72666384579,1059.215155101932,pvalloc_29nbfs_LRG2_max_1hll
4937,34088.367135682485,4267.188192320706,34737.37989358922,34046.02787550607,42.339260176409084,pvalloc_29nbfs_LRG2_max_1hll
4938,16345.333879421682,3926.2909752683827,17456.545261480398,16345.333879421682,0.0,pvalloc_29nbfs_LRG2_max_1hll
4939,7181.155748617975,5152.350590552087,9874.660295725584,7181.155748617975,0.0,pvalloc_29nbfs_LRG2_max_1hll
4940,296.3113711366949,8837.171166695834,8840.618533169005,296.3113711366949,0.0,pvalloc_29nbfs_LRG2_max_1hll
4941,0.0,12714.325160437362,12714.325160437362,0.0,0.0,pvalloc_29nbfs_LRG2_max_1hll
4942,0.0,13844.117670126652,13844.117670126652,0.0,0.0,pvalloc_29nbfs_LRG2_max_1hll
4943,0.0,13190.081500942475,13190.081500942475,0.0,0.0,pvalloc_29nbfs_LRG2_max_1hll
4944,0.0,15734.473543662867,15734.473543662867,0.0,0.0,pvalloc_29nbfs_LRG2_max_1hll
4945,0.0,11843.652935827871,11843.652935827871,0.0,0.0,pvalloc_29nbfs_LRG2_max_1hll
4946,0.0,9148.163406638314,9148.163406638314,0.0,0.0,pvalloc_29nbfs_LRG2_max_1hll
4947,0.0,7889.191632688863,7889.191632688863,0.0,0.0,pvalloc_29nbfs_LRG2_max_1hll
4948,0.0,7842.183829125384,7842.183829125384,0.0,0.0,pvalloc_29nbfs_LRG2_max_1hll
4949,0.0,6888.334696423667,6888.334696423667,0.0,0.0,pvalloc_29nbfs_LRG2_max_1hll
4950,7.626339611316605,5201.246906664786,5201.26421902774,7.626339611316605,0.0,pvalloc_29nbfs_LRG2_max_1hll
4951,9124.77932543721,2539.4981918182266,9970.481303341045,9124.77932543721,0.0,pvalloc_29nbfs_LRG2_max_1hll
4952,30304.49948239257,2554.049697061442,30517.692932620557,30304.49948239257,0.0,pvalloc_29nbfs_LRG2_max_1hll
4953,54008.64712757068,3006.642288018026,54132.35366488462,52474.52948211553,1534.117645455147,pvalloc_29nbfs_LRG2_max_1hll
4954,75429.3260735695,3368.697199639445,75524.9771473865,67731.86139660202,7697.46467696753,pvalloc_29nbfs_LRG2_max_1hll
4955,86712.77069297398,3615.803348789223,86819.23778104267,73963.54722280092,12749.223470173098,pvalloc_29nbfs_LRG2_max_1hll
4956,74742.17940547016,4604.407636941674,74966.96970413723,67282.26661127803,7459.91279419214,pvalloc_29nbfs_LRG2_max_1hll
4957,50054.831172648854,4867.928877377246,50569.84572871411,49065.91272635534,988.9184462935098,pvalloc_29nbfs_LRG2_max_1hll
4958,60901.03410775408,5005.862535636736,61343.30327360927,57684.72729985413,3216.3068078999395,pvalloc_29nbfs_LRG2_max_1hll
4959,48575.27036371705,5048.616363755425,49210.947515009895,47752.53808453921,822.732279177842,pvalloc_29nbfs_LRG2_max_1hll
4960,44660.01873662884,4723.466745593839,45275.614407807014,44239.64474599273,420.3739906361049,pvalloc_29nbfs_LRG2_max_1hll
4961,35982.73511725298,4805.5961692989795,36785.405705163765,35884.904103563174,97.83101368981414,pvalloc_29nbfs_LRG2_max_1hll
4962,19842.168968362592,4687.418789929415,21185.616945308637,19842.168968362592,0.0,pvalloc_29nbfs_LRG2_max_1hll
4963,9131.193598356329,6050.752566350694,12244.954921133976,9131.193598356329,0.0,pvalloc_29nbfs_LRG2_max_1hll
4964,3.5931602323968814,11427.906251480219,11427.906251480219,3.5931602323968814,0.0,pvalloc_29nbfs_LRG2_max_1hll
4965,0.0,21698.62752947297,21698.62752947297,0.0,0.0,pvalloc_29nbfs_LRG2_max_1hll
4966,0.0,15054.668580548849,15054.668580548849,0.0,0.0,pvalloc_29nbfs_LRG2_max_1hll
4967,0.0,14761.30043522164,14761.30043522164,0.0,0.0,pvalloc_29nbfs_LRG2_max_1hll
4968,0.0,12492.279958567413,12492.279958567413,0.0,0.0,pvalloc_29nbfs_LRG2_max_1hll
4969,0.0,10052.532145121631,10052.532145121631,0.0,0.0,pvalloc_29nbfs_LRG2_max_1hll
4970,0.0,8034.3320618467815,8034.3320618467815,0.0,0.0,pvalloc_29nbfs_LRG2_max_1hll
4971,0.0,7219.022230515399,7219.022230515399,0.0,0.0,pvalloc_29nbfs_LRG2_max_1hll
4972,0.0,6689.043790452775,6689.043790452775,0.0,0.0,pvalloc_29nbfs_LRG2_max_1hll
4973,0.0,6426.52820091012,6426.52820091012,0.0,0.0,pvalloc_29nbfs_LRG2_max_1hll
4974,161.09165995154933,3989.220245465824,3991.1699938060065,161.09165995154933,0.0,pvalloc_29nbfs_LRG2_max_1hll
4975,10203.749372859666,2534.0219221199436,10986.127651992021,10203.749372859666,0.0,pvalloc_29nbfs_LRG2_max_1hll
4976,3135.422397388881,2922.3492805641113,4786.987883981183,3135.422397388881,0.0,pvalloc_29nbfs_LRG2_max_1hll
4977,18339.63888888965,3138.863313272215,19031.666850870475,18339.63888888965,0.0,pvalloc_29nbfs_LRG2_max_1hll
4978,36179.1141811861,3432.534811922735,36534.562757968495,36087.654818420604,91.45936276549583,pvalloc_29nbfs_LRG2_max_1hll
4979,57344.92845126204,3908.7480218004625,57575.8754093382,55093.97837225636,2250.9500790056804,pvalloc_29nbfs_LRG2_max_1hll
4980,59627.573680256086,4677.539768347281,59973.421062678884,56861.32679075711,2766.246889498993,pvalloc_29nbfs_LRG2_max_1hll
4981,62951.45327857517,5377.797897004015,63410.74094903008,59358.27034642142,3593.182932153772,pvalloc_29nbfs_LRG2_max_1hll
4982,47639.96304769167,4925.977295067158,48242.0654892949,46952.91201970831,687.051027983367,pvalloc_29nbfs_LRG2_max_1hll
4983,52866.374454520585,5535.484691473686,53511.46946321388,51411.78817235057,1454.5862821700066,pvalloc_29nbfs_LRG2_max_1hll
4984,42940.89491532824,4885.915678256482,43585.193346269174,42659.97243992259,280.922475405645,pvalloc_29nbfs_LRG2_max_1hll
4985,28500.27062421792,4367.068649732582,29333.65014658612,28500.27062421792,0.0,pvalloc_29nbfs_LRG2_max_1hll
4986,22526.46858559674,4916.640444584269,23927.31212252138,22526.46858559674,0.0,pvalloc_29nbfs_LRG2_max_1hll
4987,9975.165794304656,5114.332011937442,12425.732131129293,9975.165794304656,0.0,pvalloc_29nbfs_LRG2_max_1hll
4988,1.7609884167556402,11602.328429272902,11602.328429272902,1.7609884167556402,0.0,pvalloc_29nbfs_LRG2_max_1hll
4989,0.0,15306.207062822386,15306.207062822386,0.0,0.0,pvalloc_29nbfs_LRG2_max_1hll
4990,0.0,18487.541112237723,18487.541112237723,0.0,0.0,pvalloc_29nbfs_LRG2_max_1hll
4991,0.0,15678.910070087288,15678.910070087288,0.0,0.0,pvalloc_29nbfs_LRG2_max_1hll
4992,0.0,12457.95010585332,12457.95010585332,0.0,0.0,pvalloc_29nbfs_LRG2_max_1hll
4993,0.0,9566.57816566627,9566.57816566627,0.0,0.0,pvalloc_29nbfs_LRG2_max_1hll
4994,0.0,8172.598108657664,8172.598108657664,0.0,0.0,pvalloc_29nbfs_LRG2_max_1hll
4995,0.0,7275.373634775013,7275.373634775013,0.0,0.0,pvalloc_29nbfs_LRG2_max_1hll
4996,0.0,6657.432000184344,6657.432000184344,0.0,0.0,pvalloc_29nbfs_LRG2_max_1hll
4997,0.0,6227.237294939229,6227.237294939229,0.0,0.0,pvalloc_29nbfs_LRG2_max_1hll
4998,409.2710847605906,3581.32837046736,3598.162226598623,409.2710847605906,0.0,pvalloc_29nbfs_LRG2_max_1hll
4999,14924.861997446495,2526.2413468829377,15468.785564009038,14924.861997446495,0.0,pvalloc_29nbfs_LRG2_max_1hll
5000,33569.570969272565,2776.456882693174,33794.68187635566,33558.979144482044,10.591824790525436,pvalloc_29nbfs_LRG2_max_1hll
5001,52011.84007853093,3114.4309506810064,52157.79342160866,50798.720305550414,1213.1197729805112,pvalloc_29nbfs_LRG2_max_1hll
5002,65705.36432771644,3225.109592278205,65821.67706633796,61382.40587876436,4322.958448952088,pvalloc_29nbfs_LRG2_max_1hll
5003,85571.08020340998,3940.2212954195556,85695.2298164958,73406.61339873719,12164.46680467277,pvalloc_29nbfs_LRG2_max_1hll
5004,83663.7206596948,4477.9335509715365,83833.93760772097,72401.46401996267,11262.256639732059,pvalloc_29nbfs_LRG2_max_1hll
5005,90122.43631128121,4606.364382702967,90298.53896665754,75713.94574974936,14408.490561531882,pvalloc_29nbfs_LRG2_max_1hll
5006,83922.4677916352,4591.78120483789,84127.43700553985,72422.63252512299,11499.835266512224,pvalloc_29nbfs_LRG2_max_1hll
5007,70148.69717299473,4609.32360256412,70408.84897269997,64297.85707433689,5850.840098657735,pvalloc_29nbfs_LRG2_max_1hll
5008,55305.606224948686,4087.5777781802394,55599.58957863714,53412.73861427237,1892.8676106763016,pvalloc_29nbfs_LRG2_max_1hll
5009,32732.69892229147,3834.2883796355186,33279.7203728317,32724.594728785996,8.104193505480225,pvalloc_29nbfs_LRG2_max_1hll
5010,13740.653013788611,3958.0910750524067,15069.904951952845,13740.653013788611,0.0,pvalloc_29nbfs_LRG2_max_1hll
5011,2513.2229350453263,6083.0453972721525,6859.657553318485,2513.2229350453263,0.0,pvalloc_29nbfs_LRG2_max_1hll
5012,0.024958675141344665,13827.110142248632,13827.110142248632,0.024958675141344665,0.0,pvalloc_29nbfs_LRG2_max_1hll
5013,0.0,14662.18168263524,14662.18168263524,0.0,0.0,pvalloc_29nbfs_LRG2_max_1hll
5014,0.0,16274.79912446018,16274.79912446018,0.0,0.0,pvalloc_29nbfs_LRG2_max_1hll
5015,0.0,15624.092956490873,15624.092956490873,0.0,0.0,pvalloc_29nbfs_LRG2_max_1hll
5016,0.0,12724.18576973016,12724.18576973016,0.0,0.0,pvalloc_29nbfs_LRG2_max_1hll
5017,0.0,10867.074894322572,10867.074894322572,0.0,0.0,pvalloc_29nbfs_LRG2_max_1hll
5018,0.0,8769.371741640622,8769.371741640622,0.0,0.0,pvalloc_29nbfs_LRG2_max_1hll
5019,0.0,7592.31461024244,7592.31461024244,0.0,0.0,pvalloc_29nbfs_LRG2_max_1hll
5020,0.0,6804.494587055006,6804.494587055006,0.0,0.0,pvalloc_29nbfs_LRG2_max_1hll
5021,0.0,6914.447201421454,6914.447201421454,0.0,0.0,pvalloc_29nbfs_LRG2_max_1hll
5022,126.54531624628626,4156.7185168835185,4158.290978357005,126.54531624628626,0.0,pvalloc_29nbfs_LRG2_max_1hll
5023,10441.679367040453,2564.1414163506365,11234.087313856102,10441.679367040453,0.0,pvalloc_29nbfs_LRG2_max_1hll
5024,21693.819812479498,2749.3950205219808,22115.517914754993,21693.819812479498,0.0,pvalloc_29nbfs_LRG2_max_1hll
5025,18562.632261639515,3366.6953253082243,19408.58443992396,18562.632261639515,0.0,pvalloc_29nbfs_LRG2_max_1hll
5026,30577.91323859344,3799.106973583311,31189.385130545103,30577.91323859344,0.0,pvalloc_29nbfs_LRG2_max_1hll
5027,65870.03238081142,3646.4703438651495,66027.59658416655,61454.941231565885,4415.091149245541,pvalloc_29nbfs_LRG2_max_1hll
5028,78976.20387855443,5326.628791963849,79302.19177788883,69861.09151690331,9115.112361651214,pvalloc_29nbfs_LRG2_max_1hll
5029,52066.817127172915,5045.415309289098,52599.98738226696,50738.310417455265,1328.5067097176366,pvalloc_29nbfs_LRG2_max_1hll
5030,22718.79388738498,5837.020419384545,24592.64051476523,22718.79388738498,0.0,pvalloc_29nbfs_LRG2_max_1hll
5031,25368.64631737134,4959.8478274071085,26613.477286469064,25368.64631737134,0.0,pvalloc_29nbfs_LRG2_max_1hll
5032,33761.06252897207,4038.9666905413483,34348.34776269632,33719.52853390242,41.533995069652235,pvalloc_29nbfs_LRG2_max_1hll
5033,26716.112880363165,4129.523827028884,27520.21227254061,26716.112880363165,0.0,pvalloc_29nbfs_LRG2_max_1hll
5034,16599.018778680016,4723.392855234755,18221.437957994018,16599.018778680016,0.0,pvalloc_29nbfs_LRG2_max_1hll
5035,10220.815134474797,5390.356849421145,12755.994355244193,10220.815134474797,0.0,pvalloc_29nbfs_LRG2_max_1hll
5036,10.594402752763779,10990.68242121656,10990.694856365717,10.594402752763779,0.0,pvalloc_29nbfs_LRG2_max_1hll
5037,0.0,15623.399766375918,15623.399766375918,0.0,0.0,pvalloc_29nbfs_LRG2_max_1hll
5038,0.0,16022.715362504956,16022.715362504956,0.0,0.0,pvalloc_29nbfs_LRG2_max_1hll
5039,0.0,16439.75171535185,16439.75171535185,0.0,0.0,pvalloc_29nbfs_LRG2_max_1hll
5040,0.0,12326.556850038325,12326.556850038325,0.0,0.0,pvalloc_29nbfs_LRG2_max_1hll
5041,0.0,9488.472208125191,9488.472208125191,0.0,0.0,pvalloc_29nbfs_LRG2_max_1hll
5042,0.0,8024.4353338224,8024.4353338224,0.0,0.0,pvalloc_29nbfs_LRG2_max_1hll
5043,0.0,7253.657469496068,7253.657469496068,0.0,0.0,pvalloc_29nbfs_LRG2_max_1hll
5044,0.0,6638.189465394041,6638.189465394041,0.0,0.0,pvalloc_29nbfs_LRG2_max_1hll
5045,0.0,6441.096729282571,6441.096729282571,0.0,0.0,pvalloc_29nbfs_LRG2_max_1hll
5046,127.10619267778715,4133.287338881297,4134.838628614864,127.10619267778715,0.0,pvalloc_29nbfs_LRG2_max_1hll
5047,11297.080675892772,2640.9620328056985,12117.524040436027,11297.080675892772,0.0,pvalloc_29nbfs_LRG2_max_1hll
5048,32390.889189173908,2959.9271001411307,32669.95852883237,32390.889189173908,0.0,pvalloc_29nbfs_LRG2_max_1hll
5049,53148.754979152916,3327.563385010067,53316.712200876675,51769.612885500916,1379.1420936519953,pvalloc_29nbfs_LRG2_max_1hll
5050,72243.12749736012,3409.213562199225,72342.37676128621,65794.55412116731,6448.573376192928,pvalloc_29nbfs_LRG2_max_1hll
5051,65850.77813322206,3814.1381587768287,66020.10425767428,61472.48048642816,4378.297646793937,pvalloc_29nbfs_LRG2_max_1hll
5052,60338.97012774357,4447.952401613914,60633.267251996,57425.925135238154,2913.0449925053986,pvalloc_29nbfs_LRG2_max_1hll
5053,66927.10345126293,4710.7256771304055,67214.26323538994,62172.74000515901,4754.363446103924,pvalloc_29nbfs_LRG2_max_1hll
5054,68052.85520463943,4590.491549742244,68326.97025113486,62860.28724672975,5192.567957909635,pvalloc_29nbfs_LRG2_max_1hll
5055,57561.82322312166,4863.259312311562,57974.187745300944,55200.34505325599,2361.4781698656843,pvalloc_29nbfs_LRG2_max_1hll
5056,51412.364311048106,4304.890070913273,51771.87770858453,50222.189586533554,1190.1747245145839,pvalloc_29nbfs_LRG2_max_1hll
5057,34346.88189100757,3724.980592372704,34834.954917881136,34303.331719123446,43.55017188412086,pvalloc_29nbfs_LRG2_max_1hll
5058,12129.922862079728,3720.790544762532,13406.394878905307,12129.922862079728,0.0,pvalloc_29nbfs_LRG2_max_1hll
5059,6180.263867316999,4370.812830485505,8408.106235306303,6180.263867316999,0.0,pvalloc_29nbfs_LRG2_max_1hll
5060,213.02020426381725,7653.2869027727,7655.877059668427,213.02020426381725,0.0,pvalloc_29nbfs_LRG2_max_1hll
5061,0.0,12442.644294585474,12442.644294585474,0.0,0.0,pvalloc_29nbfs_LRG2_max_1hll
5062,0.0,12652.578225358759,12652.578225358759,0.0,0.0,pvalloc_29nbfs_LRG2_max_1hll
5063,0.0,12878.862779430521,12878.862779430521,0.0,0.0,pvalloc_29nbfs_LRG2_max_1hll
5064,0.0,12350.75565968853,12350.75565968853,0.0,0.0,pvalloc_29nbfs_LRG2_max_1hll
5065,0.0,11097.685205202353,11097.685205202353,0.0,0.0,pvalloc_29nbfs_LRG2_max_1hll
5066,0.0,9294.124150992036,9294.124150992036,0.0,0.0,pvalloc_29nbfs_LRG2_max_1hll
5067,0.0,7868.847255381625,7868.847255381625,0.0,0.0,pvalloc_29nbfs_LRG2_max_1hll
5068,0.0,6865.793803809358,6865.793803809358,0.0,0.0,pvalloc_29nbfs_LRG2_max_1hll
5069,0.0,7046.117084101743,7046.117084101743,0.0,0.0,pvalloc_29nbfs_LRG2_max_1hll
5070,117.85537568047444,4242.909746432644,4244.35671060321,117.85537568047444,0.0,pvalloc_29nbfs_LRG2_max_1hll
5071,13182.176153598779,2495.298644006586,13790.219129911216,13182.176153598779,0.0,pvalloc_29nbfs_LRG2_max_1hll
5072,30184.114325459937,2796.6415406583737,30456.540314097034,30184.114325459937,0.0,pvalloc_29nbfs_LRG2_max_1hll
5073,52410.646777237096,3196.018219209013,52566.81885965376,51122.46991021932,1288.1768670177753,pvalloc_29nbfs_LRG2_max_1hll
5074,69814.62522804564,3484.2937903795696,69947.50087889461,64158.3027035412,5656.322524504388,pvalloc_29nbfs_LRG2_max_1hll
5075,80385.78880603341,3902.0027176965173,80530.1687562875,70543.9646670484,9841.824138985066,pvalloc_29nbfs_LRG2_max_1hll
5076,70891.1176706126,4438.177847222173,71115.26507103135,64834.653929701155,6056.463740911478,pvalloc_29nbfs_LRG2_max_1hll
5077,62711.52419851834,4864.054879252265,63060.851506463725,59163.917764797654,3547.606433720679,pvalloc_29nbfs_LRG2_max_1hll
5078,53278.449253699226,5048.409386842501,53811.573373584455,51719.238583238075,1559.2106704611415,pvalloc_29nbfs_LRG2_max_1hll
5079,33087.96112435282,5064.471014919742,34069.30129271755,33059.77176556048,28.189358792343796,pvalloc_29nbfs_LRG2_max_1hll
5080,36288.40585251669,4694.347108743681,37028.241837738395,36183.966607929564,104.4392445871303,pvalloc_29nbfs_LRG2_max_1hll
5081,28592.202407717337,4457.469876368334,29461.960399879343,28592.202407717337,0.0,pvalloc_29nbfs_LRG2_max_1hll
5082,16325.843178814599,4413.772942834769,17741.45428031416,16325.843178814599,0.0,pvalloc_29nbfs_LRG2_max_1hll
5083,8594.371282413851,4733.290550644793,10818.076400343678,8594.371282413851,0.0,pvalloc_29nbfs_LRG2_max_1hll
5084,45.195213187612985,9038.83508086288,9039.11209089381,45.195213187612985,0.0,pvalloc_29nbfs_LRG2_max_1hll
5085,0.0,14038.884071464146,14038.884071464146,0.0,0.0,pvalloc_29nbfs_LRG2_max_1hll
5086,0.0,16707.678657408916,16707.678657408916,0.0,0.0,pvalloc_29nbfs_LRG2_max_1hll
5087,0.0,14798.423471834052,14798.423471834052,0.0,0.0,pvalloc_29nbfs_LRG2_max_1hll
5088,0.0,12920.992928294932,12920.992928294932,0.0,0.0,pvalloc_29nbfs_LRG2_max_1hll
5089,0.0,9900.944565301277,9900.944565301277,0.0,0.0,pvalloc_29nbfs_LRG2_max_1hll
5090,0.0,9389.785903685059,9389.785903685059,0.0,0.0,pvalloc_29nbfs_LRG2_max_1hll
5091,0.0,7401.546438254426,7401.546438254426,0.0,0.0,pvalloc_29nbfs_LRG2_max_1hll
5092,0.0,6692.067790682453,6692.067790682453,0.0,0.0,pvalloc_29nbfs_LRG2_max_1hll
5093,0.0,6497.448685059626,6497.448685059626,0.0,0.0,pvalloc_29nbfs_LRG2_max_1hll
5094,300.55796552937244,3841.227754612288,3844.9917158761305,300.55796552937244,0.0,pvalloc_29nbfs_LRG2_max_1hll
5095,14806.583585064445,2371.9423973661055,15273.70122562841,14806.583585064445,0.0,pvalloc_29nbfs_LRG2_max_1hll
5096,34809.753852617985,2366.763506388418,34946.504621913016,34780.31373023656,29.440122381422725,pvalloc_29nbfs_LRG2_max_1hll
5097,56899.101211981295,2793.915797271626,56993.48465780769,54845.85242782108,2053.248784160212,pvalloc_29nbfs_LRG2_max_1hll
5098,73791.60511865762,2917.9299067853367,73867.7459402951,66758.34311983801,7033.261998819565,pvalloc_29nbfs_LRG2_max_1hll
5099,89274.94466898032,3507.763432576243,89375.70953465029,75293.42702158849,13981.517647391853,pvalloc_29nbfs_LRG2_max_1hll
5100,75378.55746589333,4903.185066890683,75633.93707803394,67649.72232036601,7728.835145527294,pvalloc_29nbfs_LRG2_max_1hll
5101,66115.359406078,5574.821528783474,66582.25748109803,61528.45520019887,4586.904205879093,pvalloc_29nbfs_LRG2_max_1hll
5102,71199.98336125647,5661.452305298061,71662.26946857412,64861.32238942967,6338.6609718267155,pvalloc_29nbfs_LRG2_max_1hll
5103,64997.147675201566,5144.607170225747,65418.98246357873,60695.20846895684,4301.939206244738,pvalloc_29nbfs_LRG2_max_1hll
5104,61189.42823462505,4940.800654060736,61618.901598301156,57899.677659007015,3289.7505756180376,pvalloc_29nbfs_LRG2_max_1hll
5105,25875.103011052935,4797.376971662017,26940.580678105278,25875.103011052935,0.0,pvalloc_29nbfs_LRG2_max_1hll
5106,6548.702710971313,5127.873781674649,9134.626309047973,6548.702710971313,0.0,pvalloc_29nbfs_LRG2_max_1hll
5107,1418.7674237638935,6931.587838635812,7053.071230664355,1418.7674237638935,0.0,pvalloc_29nbfs_LRG2_max_1hll
5108,0.535854251745778,11343.68601588244,11343.68601588244,0.535854251745778,0.0,pvalloc_29nbfs_LRG2_max_1hll
5109,0.0,13173.891725783154,13173.891725783154,0.0,0.0,pvalloc_29nbfs_LRG2_max_1hll
5110,0.0,13106.449704799226,13106.449704799226,0.0,0.0,pvalloc_29nbfs_LRG2_max_1hll
5111,0.0,12603.245316458495,12603.245316458495,0.0,0.0,pvalloc_29nbfs_LRG2_max_1hll
5112,0.0,10413.182078012227,10413.182078012227,0.0,0.0,pvalloc_29nbfs_LRG2_max_1hll
5113,0.0,8993.403916155026,8993.403916155026,0.0,0.0,pvalloc_29nbfs_LRG2_max_1hll
5114,0.0,7817.172615127089,7817.172615127089,0.0,0.0,pvalloc_29nbfs_LRG2_max_1hll
5115,0.0,7187.960258470543,7187.960258470543,0.0,0.0,pvalloc_29nbfs_LRG2_max_1hll
5116,0.0,6597.782238100715,6597.782238100715,0.0,0.0,pvalloc_29nbfs_LRG2_max_1hll
5117,0.0,6653.58216958441,6653.58216958441,0.0,0.0,pvalloc_29nbfs_LRG2_max_1hll
5118,143.84021631245997,4119.30165550062,4120.986458618919,143.84021631245997,0.0,pvalloc_29nbfs_LRG2_max_1hll
5119,10270.37346854692,2358.6470136582657,10950.47919760623,10270.37346854692,0.0,pvalloc_29nbfs_LRG2_max_1hll
5120,31159.358276503277,2382.419843241109,31328.273476696006,31159.358276503277,0.0,pvalloc_29nbfs_LRG2_max_1hll
5121,54458.370556084556,2713.45436101472,54555.319170451694,52870.16862794828,1588.2019281362632,pvalloc_29nbfs_LRG2_max_1hll
5122,70451.90188771467,3179.508107439647,70548.3897347885,64646.790096749326,5805.111790965334,pvalloc_29nbfs_LRG2_max_1hll
5123,88944.35999695293,3493.823288187028,89028.58985013021,75206.25158046997,13738.108416482984,pvalloc_29nbfs_LRG2_max_1hll
5124,88535.54612092307,4692.182587116636,88700.64386336395,75039.83006526565,13495.716055657433,pvalloc_29nbfs_LRG2_max_1hll
5125,88457.57333925347,5520.703487028402,88721.69821395265,74923.137461665,13534.435877588503,pvalloc_29nbfs_LRG2_max_1hll
5126,82186.38969592298,5401.2339721051685,82477.54324383187,71509.51565446892,10676.874041454064,pvalloc_29nbfs_LRG2_max_1hll
5127,77624.39675357398,5317.236509852731,77942.77145079253,68894.28755426075,8730.109199313209,pvalloc_29nbfs_LRG2_max_1hll
5128,68752.0055791006,4485.530945593618,69009.78130467418,63353.610070406336,5398.3955086943215,pvalloc_29nbfs_LRG2_max_1hll
5129,50419.64044451749,4326.890125852813,50803.933773235134,49389.97722514056,1029.6632193769353,pvalloc_29nbfs_LRG2_max_1hll
5130,30856.98231513189,4874.969135513887,31804.6647708874,30856.98231513189,0.0,pvalloc_29nbfs_LRG2_max_1hll
5131,12203.877621552941,4979.19769619808,14328.975576510786,12203.877621552941,0.0,pvalloc_29nbfs_LRG2_max_1hll
5132,1.3776556128050066,11936.271171115339,11936.271171115339,1.3776556128050066,0.0,pvalloc_29nbfs_LRG2_max_1hll
5133,0.0,18228.216139042957,18228.216139042957,0.0,0.0,pvalloc_29nbfs_LRG2_max_1hll
5134,0.0,18162.496361710335,18162.496361710335,0.0,0.0,pvalloc_29nbfs_LRG2_max_1hll
5135,0.0,15581.30193882211,15581.30193882211,0.0,0.0,pvalloc_29nbfs_LRG2_max_1hll
5136,0.0,13660.518661518496,13660.518661518496,0.0,0.0,pvalloc_29nbfs_LRG2_max_1hll
5137,0.0,10358.480128423344,10358.480128423344,0.0,0.0,pvalloc_29nbfs_LRG2_max_1hll
5138,0.0,8828.47113398323,8828.47113398323,0.0,0.0,pvalloc_29nbfs_LRG2_max_1hll
5139,0.0,7213.798405873982,7213.798405873982,0.0,0.0,pvalloc_29nbfs_LRG2_max_1hll
5140,0.0,6479.031429122138,6479.031429122138,0.0,0.0,pvalloc_29nbfs_LRG2_max_1hll
5141,0.0,6403.162580960439,6403.162580960439,0.0,0.0,pvalloc_29nbfs_LRG2_max_1hll
5142,125.670407777925,4161.5379883699,4162.918073495239,125.670407777925,0.0,pvalloc_29nbfs_LRG2_max_1hll
5143,13309.730946673726,2354.968801534537,13829.040561587839,13309.730946673726,0.0,pvalloc_29nbfs_LRG2_max_1hll
5144,33121.042600625704,2663.19637015199,33319.702639415846,33121.042600625704,0.0,pvalloc_29nbfs_LRG2_max_1hll
5145,53987.39029018593,3207.8162605780512,54128.60704876083,52481.29744300461,1506.0928471813324,pvalloc_29nbfs_LRG2_max_1hll
5146,74380.79031954655,3328.1103685978733,74477.70493077811,67150.38860505605,7230.4017144904965,pvalloc_29nbfs_LRG2_max_1hll
5147,87668.72597648512,4249.64989275732,87793.30059526495,74622.64080218336,13046.085174301821,pvalloc_29nbfs_LRG2_max_1hll
5148,83284.44171245981,5795.197553528706,83650.3540650549,72374.85536568782,10909.586346771937,pvalloc_29nbfs_LRG2_max_1hll
5149,88105.42129790467,5321.780535014404,88345.47931531403,74828.70655545703,13276.714742447666,pvalloc_29nbfs_LRG2_max_1hll
5150,87709.5039646609,4495.762615062639,87901.08947025074,74421.80156283728,13287.702401823617,pvalloc_29nbfs_LRG2_max_1hll
5151,75878.7905498763,5025.221192457813,76149.0740194811,67936.7995301928,7941.991019683441,pvalloc_29nbfs_LRG2_max_1hll
5152,63216.377022066525,4265.46636577922,63461.17631039603,59541.42394518094,3674.9530768856002,pvalloc_29nbfs_LRG2_max_1hll
5153,45939.002369650596,3930.2782884727044,46265.71106553544,45500.931923681215,438.07044596937976,pvalloc_29nbfs_LRG2_max_1hll
5154,30686.47672404215,3930.859867461911,31274.048755963388,30686.47672404215,0.0,pvalloc_29nbfs_LRG2_max_1hll
5155,10172.994121127073,5608.233800938914,12946.524158670882,10172.994121127073,0.0,pvalloc_29nbfs_LRG2_max_1hll
5156,1.0009420182063595,13203.23336349903,13203.23336349903,1.0009420182063595,0.0,pvalloc_29nbfs_LRG2_max_1hll
5157,0.0,16656.158247084175,16656.158247084175,0.0,0.0,pvalloc_29nbfs_LRG2_max_1hll
5158,0.0,16956.666733188795,16956.666733188795,0.0,0.0,pvalloc_29nbfs_LRG2_max_1hll
5159,0.0,13878.197386105796,13878.197386105796,0.0,0.0,pvalloc_29nbfs_LRG2_max_1hll
5160,0.0,13359.709264488023,13359.709264488023,0.0,0.0,pvalloc_29nbfs_LRG2_max_1hll
5161,0.0,9823.421723926976,9823.421723926976,0.0,0.0,pvalloc_29nbfs_LRG2_max_1hll
5162,0.0,8004.918441437759,8004.918441437759,0.0,0.0,pvalloc_29nbfs_LRG2_max_1hll
5163,0.0,7279.771629046192,7279.771629046192,0.0,0.0,pvalloc_29nbfs_LRG2_max_1hll
5164,0.0,6702.512682378077,6702.512682378077,0.0,0.0,pvalloc_29nbfs_LRG2_max_1hll
5165,0.0,6398.7645866892735,6398.7645866892735,0.0,0.0,pvalloc_29nbfs_LRG2_max_1hll
5166,103.12480693250622,4348.62967026252,4349.730334334774,103.12480693250622,0.0,pvalloc_29nbfs_LRG2_max_1hll
5167,12664.488294336861,2548.2306398484902,13329.362731746236,12664.488294336861,0.0,pvalloc_29nbfs_LRG2_max_1hll
5168,33069.12599977258,2920.529474503846,33324.09356778804,33069.12599977258,0.0,pvalloc_29nbfs_LRG2_max_1hll
5169,54921.88824242947,3160.623130097774,55053.775500084,53246.289440736204,1675.5988016932597,pvalloc_29nbfs_LRG2_max_1hll
5170,74950.54586892341,3061.32760499035,75034.74255691364,67470.13048419518,7480.415384728284,pvalloc_29nbfs_LRG2_max_1hll
5171,89761.22159766773,3765.1949048936235,89860.99891545449,75624.52971902347,14136.691878644255,pvalloc_29nbfs_LRG2_max_1hll
5172,84044.32169916609,4277.753533387019,84203.64148941617,72612.64834856184,11431.673350604267,pvalloc_29nbfs_LRG2_max_1hll
5173,78329.30524864416,4586.164947695464,78543.78098547357,69380.02677468437,8949.278473959776,pvalloc_29nbfs_LRG2_max_1hll
5174,88623.40972689351,4540.778961204452,88811.6476110583,74912.63431783557,13710.775409057898,pvalloc_29nbfs_LRG2_max_1hll
5175,76371.62125051122,4722.101958619253,76618.16080994473,68188.94776247212,8182.673488039058,pvalloc_29nbfs_LRG2_max_1hll
5176,61171.28946307078,4537.16034561197,61476.02954727376,57989.288822975424,3182.0006400953544,pvalloc_29nbfs_LRG2_max_1hll
5177,41843.571362304094,4211.117474267552,42317.649671818246,41630.649710587866,212.92165171621838,pvalloc_29nbfs_LRG2_max_1hll
5178,22928.654116867445,4132.443629979021,23848.752266828713,22928.654116867445,0.0,pvalloc_29nbfs_LRG2_max_1hll
5179,9386.1002535601,4312.4392793352345,11203.633808821864,9386.1002535601,0.0,pvalloc_29nbfs_LRG2_max_1hll
5180,20.176581691828932,9583.636225449205,9583.793186840629,20.176581691828932,0.0,pvalloc_29nbfs_LRG2_max_1hll
5181,0.0,17958.547144614717,17958.547144614717,0.0,0.0,pvalloc_29nbfs_LRG2_max_1hll
5182,0.0,15508.105894089558,15508.105894089558,0.0,0.0,pvalloc_29nbfs_LRG2_max_1hll
5183,0.0,14273.89740347325,14273.89740347325,0.0,0.0,pvalloc_29nbfs_LRG2_max_1hll
5184,0.0,13200.332246555769,13200.332246555769,0.0,0.0,pvalloc_29nbfs_LRG2_max_1hll
5185,0.0,9638.325646422078,9638.325646422078,0.0,0.0,pvalloc_29nbfs_LRG2_max_1hll
5186,0.0,8321.584507793394,8321.584507793394,0.0,0.0,pvalloc_29nbfs_LRG2_max_1hll
5187,0.0,7169.817360127393,7169.817360127393,0.0,0.0,pvalloc_29nbfs_LRG2_max_1hll
5188,0.0,7079.928698781938,7079.928698781938,0.0,0.0,pvalloc_29nbfs_LRG2_max_1hll
5189,0.0,6529.334832922409,6529.334832922409,0.0,0.0,pvalloc_29nbfs_LRG2_max_1hll
5190,43.80645745563284,4767.972152566006,4768.46853476177,43.80645745563284,0.0,pvalloc_29nbfs_LRG2_max_1hll
5191,10379.173811013017,2502.264231581119,11129.230050285936,10379.173811013017,0.0,pvalloc_29nbfs_LRG2_max_1hll
5192,27614.61403945882,2857.158431505942,27936.332266367055,27614.61403945882,0.0,pvalloc_29nbfs_LRG2_max_1hll
5193,49198.32987707929,3114.978908148233,49352.74641391617,48460.40334619424,737.926530885047,pvalloc_29nbfs_LRG2_max_1hll
5194,62325.25351773514,3395.826793495272,62459.21093923608,58969.17384270959,3356.079675025555,pvalloc_29nbfs_LRG2_max_1hll
5195,70882.93959568223,4074.589165369969,71051.22784184809,64939.71941736201,5943.22017832031,pvalloc_29nbfs_LRG2_max_1hll
5196,68356.25502404457,5045.849333196774,68692.52562265129,63287.27708134096,5068.9779427036065,pvalloc_29nbfs_LRG2_max_1hll
5197,72587.6183870973,4919.529212970295,72862.12984994505,65921.84365674052,6665.7747303567785,pvalloc_29nbfs_LRG2_max_1hll
5198,71337.61970886185,5431.279702315484,71707.65519780683,65109.22850806888,6228.3912007929175,pvalloc_29nbfs_LRG2_max_1hll
5199,70446.38614070072,4903.507834457009,70744.82113493764,64495.782938360404,5950.603202340301,pvalloc_29nbfs_LRG2_max_1hll
5200,42358.26489444055,3815.1944761287864,42728.53415038218,42124.420451386715,233.84444305383784,pvalloc_29nbfs_LRG2_max_1hll
5201,27218.31799034727,3805.070265786129,27864.79057853629,27218.31799034727,0.0,pvalloc_29nbfs_LRG2_max_1hll
5202,13101.280347977423,4327.8211903802085,14762.34332893231,13101.280347977423,0.0,pvalloc_29nbfs_LRG2_max_1hll
5203,8222.454379256773,4806.4709735538345,10541.178254902175,8222.454379256773,0.0,pvalloc_29nbfs_LRG2_max_1hll
5204,0.0,15090.484209171449,15090.484209171449,0.0,0.0,pvalloc_29nbfs_LRG2_max_1hll
5205,0.0,15791.348827533151,15791.348827533151,0.0,0.0,pvalloc_29nbfs_LRG2_max_1hll
5206,0.0,15247.75572798058,15247.75572798058,0.0,0.0,pvalloc_29nbfs_LRG2_max_1hll
5207,0.0,15008.225250668322,15008.225250668322,0.0,0.0,pvalloc_29nbfs_LRG2_max_1hll
5208,0.0,12069.433844123947,12069.433844123947,0.0,0.0,pvalloc_29nbfs_LRG2_max_1hll
5209,0.0,11145.876780548275,11145.876780548275,0.0,0.0,pvalloc_29nbfs_LRG2_max_1hll
5210,0.0,8940.899584908117,8940.899584908117,0.0,0.0,pvalloc_29nbfs_LRG2_max_1hll
5211,0.0,7874.895807358424,7874.895807358424,0.0,0.0,pvalloc_29nbfs_LRG2_max_1hll
5212,0.0,7043.64455664798,7043.64455664798,0.0,0.0,pvalloc_29nbfs_LRG2_max_1hll
5213,0.0,7125.558647681809,7125.558647681809,0.0,0.0,pvalloc_29nbfs_LRG2_max_1hll
5214,3.625314141441039,5733.922578506552,5733.994261802365,3.625314141441039,0.0,pvalloc_29nbfs_LRG2_max_1hll
5215,1654.6485128186634,3023.5598941778435,3676.1037388769464,1654.6485128186634,0.0,pvalloc_29nbfs_LRG2_max_1hll
5216,6112.904616579553,2945.366313317386,7459.932147976683,6112.904616579553,0.0,pvalloc_29nbfs_LRG2_max_1hll
5217,12206.761924727869,3187.85624662978,13276.178263956434,12206.761924727869,0.0,pvalloc_29nbfs_LRG2_max_1hll
5218,23896.19225386433,3307.5459561180883,24455.843615208614,23896.19225386433,0.0,pvalloc_29nbfs_LRG2_max_1hll
5219,28434.96446590814,3946.143206657145,29102.79837838063,28434.96446590814,0.0,pvalloc_29nbfs_LRG2_max_1hll
5220,21057.021495765337,5082.977564357378,22720.711646503547,21057.021495765337,0.0,pvalloc_29nbfs_LRG2_max_1hll
5221,45702.40461847481,4532.499987502513,46208.08939332767,45247.36225635999,455.04236211481657,pvalloc_29nbfs_LRG2_max_1hll
5222,60422.258402015694,4698.8889088649785,60776.33477195547,57384.49802861519,3037.7603734005174,pvalloc_29nbfs_LRG2_max_1hll
5223,47449.214839311884,4724.811354350441,47966.95700670924,46832.22169377224,616.9931455396379,pvalloc_29nbfs_LRG2_max_1hll
5224,47806.473210340904,4121.419118925403,48172.63187083869,47165.79285167832,640.6803586625898,pvalloc_29nbfs_LRG2_max_1hll
5225,35804.34301286584,4199.674236119759,36379.04898806041,35735.94205500926,68.40095785657473,pvalloc_29nbfs_LRG2_max_1hll
5226,24959.675054024854,4094.4885751588604,25779.227198142875,24959.675054024854,0.0,pvalloc_29nbfs_LRG2_max_1hll
5227,10272.545800487213,4773.899229128686,12374.927855986945,10272.545800487213,0.0,pvalloc_29nbfs_LRG2_max_1hll
5228,0.2510507636870594,12343.197150562146,12343.197150562146,0.2510507636870594,0.0,pvalloc_29nbfs_LRG2_max_1hll
5229,0.0,17463.78761121696,17463.78761121696,0.0,0.0,pvalloc_29nbfs_LRG2_max_1hll
5230,0.0,16776.24576513662,16776.24576513662,0.0,0.0,pvalloc_29nbfs_LRG2_max_1hll
5231,0.0,13863.094861205216,13863.094861205216,0.0,0.0,pvalloc_29nbfs_LRG2_max_1hll
5232,0.0,12379.083196074876,12379.083196074876,0.0,0.0,pvalloc_29nbfs_LRG2_max_1hll
5233,0.0,10840.79645112631,10840.79645112631,0.0,0.0,pvalloc_29nbfs_LRG2_max_1hll
5234,0.0,8839.19314086043,8839.19314086043,0.0,0.0,pvalloc_29nbfs_LRG2_max_1hll
5235,0.0,7691.549078353806,7691.549078353806,0.0,0.0,pvalloc_29nbfs_LRG2_max_1hll
5236,0.0,6881.18871406951,6881.18871406951,0.0,0.0,pvalloc_29nbfs_LRG2_max_1hll
5237,0.0,7020.828203404438,7020.828203404438,0.0,0.0,pvalloc_29nbfs_LRG2_max_1hll
5238,66.56052750413515,4740.681631017768,4741.365993834969,66.56052750413515,0.0,pvalloc_29nbfs_LRG2_max_1hll
5239,11463.537789214373,2608.578153432549,12194.506268885862,11463.537789214373,0.0,pvalloc_29nbfs_LRG2_max_1hll
5240,24409.536664976997,2926.971073171228,24813.711875873654,24409.536664976997,0.0,pvalloc_29nbfs_LRG2_max_1hll
5241,48308.61769054336,3153.1756252427404,48473.53495849163,47675.21648135186,633.4012091914974,pvalloc_29nbfs_LRG2_max_1hll
5242,62267.082611951606,3597.6487860014413,62419.869887636414,58924.371641732265,3342.7109702193416,pvalloc_29nbfs_LRG2_max_1hll
5243,68822.89340905477,3909.742551737498,68988.95623617983,63527.23339203148,5295.660017023364,pvalloc_29nbfs_LRG2_max_1hll
5244,56485.41635088198,4417.982474716367,56801.149799582985,54428.96654611557,2056.4498047664015,pvalloc_29nbfs_LRG2_max_1hll
5245,54916.553389768254,4932.526560006504,55365.52460727228,53139.19414473239,1777.3592450358592,pvalloc_29nbfs_LRG2_max_1hll
5246,51255.6843327699,4986.670034043952,51802.64674262328,50048.97664300596,1206.7076897639356,pvalloc_29nbfs_LRG2_max_1hll
5247,50999.590739184285,4681.216243867454,51473.91234799617,49847.82830517989,1151.7624340043883,pvalloc_29nbfs_LRG2_max_1hll
5248,43374.91346409966,4129.402805912245,43830.83078680205,43076.89942648818,298.014037611497,pvalloc_29nbfs_LRG2_max_1hll
5249,35406.69803799693,4003.8053139618123,35940.921127817994,35345.079690334525,61.61834766240554,pvalloc_29nbfs_LRG2_max_1hll
5250,18128.062118809565,4538.939389407532,19494.351058821714,18128.062118809565,0.0,pvalloc_29nbfs_LRG2_max_1hll
5251,8336.11156793921,5133.732678850811,10856.091658557556,8336.11156793921,0.0,pvalloc_29nbfs_LRG2_max_1hll
5252,0.0,18999.828699045953,18999.828699045953,0.0,0.0,pvalloc_29nbfs_LRG2_max_1hll
5253,0.0,19290.58011697165,19290.58011697165,0.0,0.0,pvalloc_29nbfs_LRG2_max_1hll
5254,0.0,16835.26838147422,16835.26838147422,0.0,0.0,pvalloc_29nbfs_LRG2_max_1hll
5255,0.0,14924.78827852718,14924.78827852718,0.0,0.0,pvalloc_29nbfs_LRG2_max_1hll
5256,0.0,13381.168060104115,13381.168060104115,0.0,0.0,pvalloc_29nbfs_LRG2_max_1hll
5257,0.0,10539.960012448035,10539.960012448035,0.0,0.0,pvalloc_29nbfs_LRG2_max_1hll
5258,0.0,8429.066249258418,8429.066249258418,0.0,0.0,pvalloc_29nbfs_LRG2_max_1hll
5259,0.0,7662.686930720702,7662.686930720702,0.0,0.0,pvalloc_29nbfs_LRG2_max_1hll
5260,0.0,6987.56971605249,6987.56971605249,0.0,0.0,pvalloc_29nbfs_LRG2_max_1hll
5261,0.0,6946.060646242225,6946.060646242225,0.0,0.0,pvalloc_29nbfs_LRG2_max_1hll
5262,58.81119421339386,4987.258900868146,4987.88196979529,58.81119421339386,0.0,pvalloc_29nbfs_LRG2_max_1hll
5263,12692.294126166129,2562.982897582872,13330.747509116372,12692.294126166129,0.0,pvalloc_29nbfs_LRG2_max_1hll
5264,33511.215551946254,2856.0886730538505,33746.688031904145,33507.17678774395,4.038764202306822,pvalloc_29nbfs_LRG2_max_1hll
5265,56207.52762416308,2947.183623558681,56320.01636563857,54285.23006703942,1922.2975571236575,pvalloc_29nbfs_LRG2_max_1hll
5266,75237.18834578429,3724.4323431317803,75353.87604248335,67686.00438390378,7551.183961880509,pvalloc_29nbfs_LRG2_max_1hll
5267,88841.46909319864,4800.2509836084255,89011.29179088093,75244.08107191572,13597.388021282894,pvalloc_29nbfs_LRG2_max_1hll
5268,86134.8906928177,5848.261088967273,86468.17991712897,73824.56351141256,12310.327181405084,pvalloc_29nbfs_LRG2_max_1hll
5269,91032.31730740867,5814.744604230781,91321.0513431531,76245.41162300207,14786.905684406616,pvalloc_29nbfs_LRG2_max_1hll
5270,91517.28977605165,5228.563894190182,91786.36055536411,76222.57303898878,15294.716737062863,pvalloc_29nbfs_LRG2_max_1hll
5271,83059.55970829802,5020.184295226816,83321.13079921971,71934.01809043238,11125.541617865703,pvalloc_29nbfs_LRG2_max_1hll
5272,69201.45858480324,4778.522147863421,69488.626504092,63669.14188603198,5532.316698771167,pvalloc_29nbfs_LRG2_max_1hll
5273,52132.50200266091,4342.843335707967,52507.24504137518,50816.29521519886,1316.2067874620534,pvalloc_29nbfs_LRG2_max_1hll
5274,31267.821304721936,4443.1314453190735,32031.34548879752,31267.821304721936,0.0,pvalloc_29nbfs_LRG2_max_1hll
5275,12677.280709498797,4709.137368324093,14450.345641890126,12677.280709498797,0.0,pvalloc_29nbfs_LRG2_max_1hll
5276,0.001144878417680309,16107.688227637522,16107.688227637522,0.001144878417680309,0.0,pvalloc_29nbfs_LRG2_max_1hll
5277,0.0,16661.54003587522,16661.54003587522,0.0,0.0,pvalloc_29nbfs_LRG2_max_1hll
5278,0.0,16071.87963882066,16071.87963882066,0.0,0.0,pvalloc_29nbfs_LRG2_max_1hll
5279,0.0,16513.615011586437,16513.615011586437,0.0,0.0,pvalloc_29nbfs_LRG2_max_1hll
5280,0.0,14223.4027375802,14223.4027375802,0.0,0.0,pvalloc_29nbfs_LRG2_max_1hll
5281,0.0,10189.901163932846,10189.901163932846,0.0,0.0,pvalloc_29nbfs_LRG2_max_1hll
5282,0.0,9219.90861812319,9219.90861812319,0.0,0.0,pvalloc_29nbfs_LRG2_max_1hll
5283,0.0,8077.212368111326,8077.212368111326,0.0,0.0,pvalloc_29nbfs_LRG2_max_1hll
5284,0.0,7416.388772703772,7416.388772703772,0.0,0.0,pvalloc_29nbfs_LRG2_max_1hll
5285,0.0,7104.393955178768,7104.393955178768,0.0,0.0,pvalloc_29nbfs_LRG2_max_1hll
5286,19.622253248941224,5505.1916413018525,5505.454170036488,19.622253248941224,0.0,pvalloc_29nbfs_LRG2_max_1hll
5287,11801.568657243128,2604.42058736598,12508.044291488028,11801.568657243128,0.0,pvalloc_29nbfs_LRG2_max_1hll
5288,33677.664711008474,2762.7791168852555,33892.92672907054,33671.2939999824,6.370711026070467,pvalloc_29nbfs_LRG2_max_1hll
5289,55894.582365420916,2764.9647191809827,55995.510283875614,54031.83988481338,1862.74248060754,pvalloc_29nbfs_LRG2_max_1hll
5290,74194.60947780684,3621.4403179450787,74304.5046375446,67059.60181512377,7135.00766268306,pvalloc_29nbfs_LRG2_max_1hll
5291,90229.69745913717,4049.853135781912,90351.99664813933,75846.14494593344,14383.552513203722,pvalloc_29nbfs_LRG2_max_1hll
5292,85627.8406047241,5619.108891710531,85928.48559226695,73560.79933309711,12067.041271626947,pvalloc_29nbfs_LRG2_max_1hll
5293,91381.3381104939,5532.83544367676,91640.58554113188,76309.46356280426,15071.874547689598,pvalloc_29nbfs_LRG2_max_1hll
5294,86760.05704572049,6652.633107167271,87214.75136100122,73914.14128975358,12845.915755966926,pvalloc_29nbfs_LRG2_max_1hll
5295,80019.40922625377,6058.4702947202795,80440.57911588659,70232.59900526164,9786.810220992069,pvalloc_29nbfs_LRG2_max_1hll
5296,65454.252394811716,6116.4763323671805,66041.43963504619,61112.083627057415,4342.168767754311,pvalloc_29nbfs_LRG2_max_1hll
5297,49703.67183806964,5439.192406776939,50394.075989469144,48730.84720114219,972.8246369274627,pvalloc_29nbfs_LRG2_max_1hll
5298,29313.785826891744,5433.018721327772,30517.528822866625,29313.785826891744,0.0,pvalloc_29nbfs_LRG2_max_1hll
5299,8810.809555639527,6468.155750630979,12181.682511017261,8810.809555639527,0.0,pvalloc_29nbfs_LRG2_max_1hll
5300,0.006800150706788646,16914.68979499053,16914.68979499053,0.006800150706788646,0.0,pvalloc_29nbfs_LRG2_max_1hll
5301,0.0,19664.8737674663,19664.8737674663,0.0,0.0,pvalloc_29nbfs_LRG2_max_1hll
5302,0.0,21717.297616531436,21717.297616531436,0.0,0.0,pvalloc_29nbfs_LRG2_max_1hll
5303,0.0,17214.825474050005,17214.825474050005,0.0,0.0,pvalloc_29nbfs_LRG2_max_1hll
5304,0.0,12578.207549128692,12578.207549128692,0.0,0.0,pvalloc_29nbfs_LRG2_max_1hll
5305,0.0,10294.109997870488,10294.109997870488,0.0,0.0,pvalloc_29nbfs_LRG2_max_1hll
5306,0.0,8325.709247505114,8325.709247505114,0.0,0.0,pvalloc_29nbfs_LRG2_max_1hll
5307,0.0,7293.515981600716,7293.515981600716,0.0,0.0,pvalloc_29nbfs_LRG2_max_1hll
5308,0.0,6735.774478834691,6735.774478834691,0.0,0.0,pvalloc_29nbfs_LRG2_max_1hll
5309,0.0,6710.483943585054,6710.483943585054,0.0,0.0,pvalloc_29nbfs_LRG2_max_1hll
5310,30.315561975757422,4984.683664089694,4985.068789530366,30.315561975757422,0.0,pvalloc_29nbfs_LRG2_max_1hll
5311,11753.750056287165,2510.556454798893,12420.90452363352,11753.750056287165,0.0,pvalloc_29nbfs_LRG2_max_1hll
5312,32874.84298375969,2874.343565492166,33123.003530983704,32874.84298375969,0.0,pvalloc_29nbfs_LRG2_max_1hll
5313,54824.03384364466,3219.797456771727,54964.319657585416,53157.34774016855,1666.6861034761107,pvalloc_29nbfs_LRG2_max_1hll
5314,74969.38098963744,3688.729536583982,75095.21699388303,67488.93916483854,7480.441824798865,pvalloc_29nbfs_LRG2_max_1hll
5315,91205.010048834,3849.742324431742,91317.4441068749,76301.81787434497,14903.192174488993,pvalloc_29nbfs_LRG2_max_1hll
5316,85249.05923564843,5913.176444007982,85598.00805002985,73343.40186458707,11905.657371061274,pvalloc_29nbfs_LRG2_max_1hll
5317,90973.9315033492,5415.218212128405,91213.32944194185,76186.95457127363,14786.976932075604,pvalloc_29nbfs_LRG2_max_1hll
5318,88577.7719360008,5553.045414626009,88848.98977807246,74911.2233207028,13666.548615298008,pvalloc_29nbfs_LRG2_max_1hll
5319,82031.94310419196,4917.0295983048445,82264.93544005122,71435.80642305064,10596.136681141272,pvalloc_29nbfs_LRG2_max_1hll
5320,67949.35765982949,4825.657031630294,68246.60581674388,62838.87169304255,5110.485966786974,pvalloc_29nbfs_LRG2_max_1hll
5321,50065.55946667365,4697.474032687259,50522.02394935025,49103.496347981454,962.0631186922008,pvalloc_29nbfs_LRG2_max_1hll
5322,31973.65378423217,3954.8094515473094,32567.22456727827,31973.65378423217,0.0,pvalloc_29nbfs_LRG2_max_1hll
5323,10839.222277950681,4742.180658465735,12905.806839026662,10839.222277950681,0.0,pvalloc_29nbfs_LRG2_max_1hll
5324,0.6232388764581751,11780.080310221141,11780.080310221141,0.6232388764581751,0.0,pvalloc_29nbfs_LRG2_max_1hll
5325,0.0,17798.4514230697,17798.4514230697,0.0,0.0,pvalloc_29nbfs_LRG2_max_1hll
5326,0.0,19605.3340161297,19605.3340161297,0.0,0.0,pvalloc_29nbfs_LRG2_max_1hll
5327,0.0,17993.3392447101,17993.3392447101,0.0,0.0,pvalloc_29nbfs_LRG2_max_1hll
5328,0.0,14499.905393880888,14499.905393880888,0.0,0.0,pvalloc_29nbfs_LRG2_max_1hll
5329,0.0,10706.798579119697,10706.798579119697,0.0,0.0,pvalloc_29nbfs_LRG2_max_1hll
5330,0.0,8691.305275136961,8691.305275136961,0.0,0.0,pvalloc_29nbfs_LRG2_max_1hll
5331,0.0,7299.838339654399,7299.838339654399,0.0,0.0,pvalloc_29nbfs_LRG2_max_1hll
5332,0.0,6942.486827788975,6942.486827788975,0.0,0.0,pvalloc_29nbfs_LRG2_max_1hll
5333,0.0,6828.1340130815815,6828.1340130815815,0.0,0.0,pvalloc_29nbfs_LRG2_max_1hll
5334,10.256085370073869,5417.629323098447,5417.764913678848,10.256085370073869,0.0,pvalloc_29nbfs_LRG2_max_1hll
5335,10507.423828825396,2805.7819171602086,11440.353820794486,10507.423828825396,0.0,pvalloc_29nbfs_LRG2_max_1hll
5336,31593.583458424786,3234.456653365039,31948.147428773573,31593.583458424786,0.0,pvalloc_29nbfs_LRG2_max_1hll
5337,53935.047634164286,3412.6627263109376,54103.0143864211,52419.13565471377,1515.9119794505257,pvalloc_29nbfs_LRG2_max_1hll
5338,73885.42927923349,3725.5709538902292,74012.67616811705,66838.93695772557,7046.49232150788,pvalloc_29nbfs_LRG2_max_1hll
5339,89061.11090377952,4023.0981602943975,89178.3253028222,75282.26442342016,13778.84648035935,pvalloc_29nbfs_LRG2_max_1hll
5340,84375.46414508294,5740.350559746942,84723.20676771067,72969.13349633476,11406.330648748193,pvalloc_29nbfs_LRG2_max_1hll
5341,88674.02073776902,5708.710013053569,88963.87552676687,75103.32911360728,13570.691624161762,pvalloc_29nbfs_LRG2_max_1hll
5342,85486.06904191161,6552.659386204608,85942.71604417801,73437.53823798003,12048.530803931566,pvalloc_29nbfs_LRG2_max_1hll
5343,80364.52640880678,5459.1867090508495,80673.71267841427,70491.75526135958,9872.771147447162,pvalloc_29nbfs_LRG2_max_1hll
5344,68395.4916713172,4524.344633341749,68652.8608573767,63130.73739559411,5264.7542757232095,pvalloc_29nbfs_LRG2_max_1hll
5345,48973.46587919663,4481.468488608478,49395.15068916736,48182.535748098664,790.9301310979552,pvalloc_29nbfs_LRG2_max_1hll
5346,29296.00969432178,4464.088761664078,30122.642935556203,29296.00969432178,0.0,pvalloc_29nbfs_LRG2_max_1hll
5347,7445.597374174875,6365.536680339611,10948.17010665322,7445.597374174875,0.0,pvalloc_29nbfs_LRG2_max_1hll
5348,0.0,15989.36698080455,15989.36698080455,0.0,0.0,pvalloc_29nbfs_LRG2_max_1hll
5349,0.0,16826.715043934226,16826.715043934226,0.0,0.0,pvalloc_29nbfs_LRG2_max_1hll
5350,0.0,17455.218388780384,17455.218388780384,0.0,0.0,pvalloc_29nbfs_LRG2_max_1hll
5351,0.0,17312.601875985758,17312.601875985758,0.0,0.0,pvalloc_29nbfs_LRG2_max_1hll
5352,0.0,14414.143741518079,14414.143741518079,0.0,0.0,pvalloc_29nbfs_LRG2_max_1hll
5353,0.0,9954.172012300509,9954.172012300509,0.0,0.0,pvalloc_29nbfs_LRG2_max_1hll
5354,0.0,8448.308232531268,8448.308232531268,0.0,0.0,pvalloc_29nbfs_LRG2_max_1hll
5355,0.0,7461.470557932399,7461.470557932399,0.0,0.0,pvalloc_29nbfs_LRG2_max_1hll
5356,0.0,6904.553782501744,6904.553782501744,0.0,0.0,pvalloc_29nbfs_LRG2_max_1hll
5357,0.0,6785.528064411384,6785.528064411384,0.0,0.0,pvalloc_29nbfs_LRG2_max_1hll
5358,16.209078071178528,5397.895903114518,5398.125866990676,16.209078071178528,0.0,pvalloc_29nbfs_LRG2_max_1hll
5359,10624.381128830586,2700.357656425039,11466.547485423416,10624.381128830586,0.0,pvalloc_29nbfs_LRG2_max_1hll
5360,31820.653803367306,3036.5775677431147,32120.830297456254,31820.653803367306,0.0,pvalloc_29nbfs_LRG2_max_1hll
5361,51636.5836298656,4021.6758097040597,51939.98618607849,50512.161256509426,1124.422373356169,pvalloc_29nbfs_LRG2_max_1hll
5362,72723.42855720167,4119.579959371816,72886.83078259126,66138.79915823812,6584.629398963621,pvalloc_29nbfs_LRG2_max_1hll
5363,86948.48434841122,4994.827024495932,87156.19451683793,74317.863165232,12630.621183179186,pvalloc_29nbfs_LRG2_max_1hll
5364,84903.56970205485,5829.793784504602,85263.84037781577,73253.37581017755,11650.193891877325,pvalloc_29nbfs_LRG2_max_1hll
5365,87857.49624064894,6394.1819607907,88290.22221655241,74772.8884185317,13084.607822117234,pvalloc_29nbfs_LRG2_max_1hll
5366,90089.28303301607,5273.567940798178,90326.91434074774,75677.37854566918,14411.904487346885,pvalloc_29nbfs_LRG2_max_1hll
5367,81546.13780913748,4898.52021369207,81772.33554341069,71195.63306938922,10350.504739748201,pvalloc_29nbfs_LRG2_max_1hll
5368,67796.48585113972,4601.350348740345,68052.34450202527,62801.501997937485,4994.983853202233,pvalloc_29nbfs_LRG2_max_1hll
5369,48936.799555610945,4696.805284304964,49399.35894835118,48175.17216961958,761.627385991369,pvalloc_29nbfs_LRG2_max_1hll
5370,28014.14623241863,4838.861047949202,29080.491188964297,28014.14623241863,0.0,pvalloc_29nbfs_LRG2_max_1hll
5371,9369.279878590623,5175.9418005870475,11829.476876263878,9369.279878590623,0.0,pvalloc_29nbfs_LRG2_max_1hll
5372,0.0,16855.48241257768,16855.48241257768,0.0,0.0,pvalloc_29nbfs_LRG2_max_1hll
5373,0.0,17345.892495044838,17345.892495044838,0.0,0.0,pvalloc_29nbfs_LRG2_max_1hll
5374,0.0,16579.52219038973,16579.52219038973,0.0,0.0,pvalloc_29nbfs_LRG2_max_1hll
5375,0.0,15251.446364993697,15251.446364993697,0.0,0.0,pvalloc_29nbfs_LRG2_max_1hll
5376,0.0,13188.262672566276,13188.262672566276,0.0,0.0,pvalloc_29nbfs_LRG2_max_1hll
5377,0.0,11323.92566649367,11323.92566649367,0.0,0.0,pvalloc_29nbfs_LRG2_max_1hll
5378,0.0,9734.491596408214,9734.491596408214,0.0,0.0,pvalloc_29nbfs_LRG2_max_1hll
5379,0.0,8493.11069650855,8493.11069650855,0.0,0.0,pvalloc_29nbfs_LRG2_max_1hll
5380,0.0,7434.255107382792,7434.255107382792,0.0,0.0,pvalloc_29nbfs_LRG2_max_1hll
5381,0.0,7087.3506932827795,7087.3506932827795,0.0,0.0,pvalloc_29nbfs_LRG2_max_1hll
5382,6.534915667558907,5749.253566390912,5749.352957200752,6.534915667558907,0.0,pvalloc_29nbfs_LRG2_max_1hll
5383,10255.335426230386,2774.5120741529795,11159.401164542685,10255.335426230386,0.0,pvalloc_29nbfs_LRG2_max_1hll
5384,32075.047288869126,2885.598050333517,32342.38736979896,32075.047288869126,0.0,pvalloc_29nbfs_LRG2_max_1hll
5385,54208.656419241524,3221.0025631125245,54353.889336832646,52639.86188499905,1568.794534242475,pvalloc_29nbfs_LRG2_max_1hll
5386,72815.1065557275,3905.2352820902584,72954.39483653309,66188.13121207953,6626.975343648008,pvalloc_29nbfs_LRG2_max_1hll
5387,88432.25451189703,4434.800077774518,88579.83474576571,74967.05476768008,13465.199744216954,pvalloc_29nbfs_LRG2_max_1hll
5388,85524.34882686987,5516.984884845277,85808.2976696829,73491.44107310427,12032.9077537656,pvalloc_29nbfs_LRG2_max_1hll
5389,89258.66712989612,5835.616186667276,89560.21637855873,75344.54680364009,13914.120326256078,pvalloc_29nbfs_LRG2_max_1hll
5390,85625.2944743631,6239.885202273532,86013.4836553133,73454.46258550577,12170.831888857281,pvalloc_29nbfs_LRG2_max_1hll
5391,78828.17569422717,5603.984319184197,79163.58463296802,69676.8186237946,9151.357070432501,pvalloc_29nbfs_LRG2_max_1hll
5392,64786.51269970013,5314.592930204851,65194.27257848679,60742.74066349651,4043.7720362036052,pvalloc_29nbfs_LRG2_max_1hll
5393,46004.693276063445,5338.351139735511,46715.509725444805,45559.784585900874,444.9086901625756,pvalloc_29nbfs_LRG2_max_1hll
5394,27036.272685170497,4954.141089224528,28201.73589279985,27036.272685170497,0.0,pvalloc_29nbfs_LRG2_max_1hll
5395,6323.0750875282565,7005.383435863869,10431.229726547355,6323.0750875282565,0.0,pvalloc_29nbfs_LRG2_max_1hll
5396,0.0,17145.583653868252,17145.583653868252,0.0,0.0,pvalloc_29nbfs_LRG2_max_1hll
5397,0.0,18592.212130355496,18592.212130355496,0.0,0.0,pvalloc_29nbfs_LRG2_max_1hll
5398,0.0,17959.280865600802,17959.280865600802,0.0,0.0,pvalloc_29nbfs_LRG2_max_1hll
5399,0.0,15321.147510146637,15321.147510146637,0.0,0.0,pvalloc_29nbfs_LRG2_max_1hll
5400,0.0,13722.161589340783,13722.161589340783,0.0,0.0,pvalloc_29nbfs_LRG2_max_1hll
5401,0.0,10430.229263731499,10430.229263731499,0.0,0.0,pvalloc_29nbfs_LRG2_max_1hll
5402,0.0,8829.571873465273,8829.571873465273,0.0,0.0,pvalloc_29nbfs_LRG2_max_1hll
5403,0.0,7657.188196967487,7657.188196967487,0.0,0.0,pvalloc_29nbfs_LRG2_max_1hll
5404,0.0,7455.696363549953,7455.696363549953,0.0,0.0,pvalloc_29nbfs_LRG2_max_1hll
5405,0.0,7031.549107246735,7031.549107246735,0.0,0.0,pvalloc_29nbfs_LRG2_max_1hll
5406,2.0061183326924255,6089.524121760766,6089.571472753298,2.0061183326924255,0.0,pvalloc_29nbfs_LRG2_max_1hll
5407,10248.137012327967,2615.885611557813,11051.624126530325,10248.137012327967,0.0,pvalloc_29nbfs_LRG2_max_1hll
5408,29309.948105457897,3029.0681168966794,29648.621845314567,29309.948105457897,0.0,pvalloc_29nbfs_LRG2_max_1hll
5409,48771.7268825869,3991.4495593235188,49088.19642614009,48077.848758276195,693.8781243107132,pvalloc_29nbfs_LRG2_max_1hll
5410,67056.77482710093,3842.8198413673836,67218.18754167795,62353.62849831716,4703.146328783764,pvalloc_29nbfs_LRG2_max_1hll
5411,74858.2915028018,4142.303651760787,75029.92568143414,67362.94493523876,7495.346567563102,pvalloc_29nbfs_LRG2_max_1hll
5412,63315.80361338934,5462.651085104767,63795.244827757386,59690.12301663032,3625.680596759025,pvalloc_29nbfs_LRG2_max_1hll
5413,62782.47760284521,6093.955076139147,63412.15767958451,59242.677234875206,3539.8003679700187,pvalloc_29nbfs_LRG2_max_1hll
5414,57284.64046714868,6035.391975649126,58007.28104199088,54913.234264545,2371.406202603699,pvalloc_29nbfs_LRG2_max_1hll
5415,46213.58096595888,5488.38657767121,46971.953393602504,45700.932997966454,512.6479679924236,pvalloc_29nbfs_LRG2_max_1hll
5416,34375.24903060115,5014.532597955134,35265.0612317795,34325.50433108671,49.74469951443666,pvalloc_29nbfs_LRG2_max_1hll
5417,27444.297871111306,4820.555767825986,28496.823213985932,27444.297871111306,0.0,pvalloc_29nbfs_LRG2_max_1hll
5418,11361.47602332032,5234.178810492364,13694.809762976787,11361.47602332032,0.0,pvalloc_29nbfs_LRG2_max_1hll
5419,2517.628563970242,6574.624414346046,7235.109252896679,2517.628563970242,0.0,pvalloc_29nbfs_LRG2_max_1hll
5420,0.0,14157.13239264046,14157.13239264046,0.0,0.0,pvalloc_29nbfs_LRG2_max_1hll
5421,0.0,16175.317955120869,16175.317955120869,0.0,0.0,pvalloc_29nbfs_LRG2_max_1hll
5422,0.0,16617.529616008724,16617.529616008724,0.0,0.0,pvalloc_29nbfs_LRG2_max_1hll
5423,0.0,15583.466132818585,15583.466132818585,0.0,0.0,pvalloc_29nbfs_LRG2_max_1hll
5424,0.0,13573.678772779584,13573.678772779584,0.0,0.0,pvalloc_29nbfs_LRG2_max_1hll
4920,0.0,11113.463869085279,11113.463869085279,0.0,0.0,pvalloc_29nbfs_LRG2_max_1hll_sAs2p0
4921,0.0,10737.831728562103,10737.831728562103,0.0,0.0,pvalloc_29nbfs_LRG2_max_1hll_sAs2p0
4922,0.0,10105.311448681485,10105.311448681485,0.0,0.0,pvalloc_29nbfs_LRG2_max_1hll_sAs2p0
4923,0.0,8120.094880445636,8120.094880445636,0.0,0.0,pvalloc_29nbfs_LRG2_max_1hll_sAs2p0
4924,0.0,7251.733657230991,7251.733657230991,0.0,0.0,pvalloc_29nbfs_LRG2_max_1hll_sAs2p0
4925,0.0,6971.075169345189,6971.075169345189,0.0,0.0,pvalloc_29nbfs_LRG2_max_1hll_sAs2p0
4926,823.7947752778155,3595.9435327398623,3690.540122211837,823.7947752778155,0.0,pvalloc_29nbfs_LRG2_max_1hll_sAs2p0
4927,15763.782447512098,2536.189902484567,16271.074034451394,15763.782447512098,0.0,pvalloc_29nbfs_LRG2_max_1hll_sAs2p0
4928,35999.06773474138,2697.855912853251,36184.098361756405,35932.411547935684,66.65618680569014,pvalloc_29nbfs_LRG2_max_1hll_sAs2p0
4929,55375.4465676225,3338.0099559422088,55531.18559927212,53608.9546142385,1766.4919533839995,pvalloc_29nbfs_LRG2_max_1hll_sAs2p0
4930,74399.88378817879,3562.8937801351613,74513.31342252322,67105.13586107109,7294.747927107718,pvalloc_29nbfs_LRG2_max_1hll_sAs2p0
4931,89328.66059607426,4072.2572866422256,89457.13209152818,75350.84983267353,13977.810763400688,pvalloc_29nbfs_LRG2_max_1hll_sAs2p0
4932,74230.91411821793,5133.687360600889,74537.87182259976,66969.33014700182,7261.583971216066,pvalloc_29nbfs_LRG2_max_1hll_sAs2p0
4933,61776.33998493301,6642.763372650419,62622.90745275108,58541.543532196134,3234.7964527368667,pvalloc_29nbfs_LRG2_max_1hll_sAs2p0
4934,58399.95842432074,5487.880727097082,58943.37163021621,55858.22258884309,2541.735835477645,pvalloc_29nbfs_LRG2_max_1hll_sAs2p0
4935,50987.72562347851,5066.857225107246,51554.95263137938,49819.40532187673,1168.3203016017753,pvalloc_29nbfs_LRG2_max_1hll_sAs2p0
4936,50371.125921239676,4815.548456752953,50884.44715443267,49312.60004175243,1058.5258794872443,pvalloc_29nbfs_LRG2_max_1hll_sAs2p0
4937,34090.400689593924,4267.078140700359,34739.48109119217,34048.2281340846,42.172555509320034,pvalloc_29nbfs_LRG2_max_1hll_sAs2p0
4938,16346.555509841066,3926.374199284845,17458.364836880002,16346.555509841066,0.0,pvalloc_29nbfs_LRG2_max_1hll_sAs2p0
4939,7181.780048903714,5152.172595681992,9875.909771365164,7181.780048903714,0.0,pvalloc_29nbfs_LRG2_max_1hll_sAs2p0
4940,296.3270932350886,8836.912300062857,8840.359666536026,296.3270932350886,0.0,pvalloc_29nbfs_LRG2_max_1hll_sAs2p0
4941,0.0,12714.325160437362,12714.325160437362,0.0,0.0,pvalloc_29nbfs_LRG2_max_1hll_sAs2p0
4942,0.0,13844.117670126652,13844.117670126652,0.0,0.0,pvalloc_29nbfs_LRG2_max_1hll_sAs2p0
4943,0.0,13190.081500942473,13190.081500942473,0.0,0.0,pvalloc_29nbfs_LRG2_max_1hll_sAs2p0
4944,0.0,15734.473543662867,15734.473543662867,0.0,0.0,pvalloc_29nbfs_LRG2_max_1hll_sAs2p0
4945,0.0,11843.652935827873,11843.652935827873,0.0,0.0,pvalloc_29nbfs_LRG2_max_1hll_sAs2p0
4946,0.0,9148.163406638316,9148.163406638316,0.0,0.0,pvalloc_29nbfs_LRG2_max_1hll_sAs2p0
4947,0.0,7889.191632688864,7889.191632688864,0.0,0.0,pvalloc_29nbfs_LRG2_max_1hll_sAs2p0
4948,0.0,7842.183829125384,7842.183829125384,0.0,0.0,pvalloc_29nbfs_LRG2_max_1hll_sAs2p0
4949,0.0,6888.334696423667,6888.334696423667,0.0,0.0,pvalloc_29nbfs_LRG2_max_1hll_sAs2p0
4950,7.681189363697719,5201.268351377838,5201.285663740792,7.681189363697719,0.0,pvalloc_29nbfs_LRG2_max_1hll_sAs2p0
4951,9125.493059913439,2539.5345307256976,9971.540351841404,9125.493059913439,0.0,pvalloc_29nbfs_LRG2_max_1hll_sAs2p0
4952,30306.3865457591,2554.0898391111964,30519.57305013424,30306.3865457591,0.0,pvalloc_29nbfs_LRG2_max_1hll_sAs2p0
4953,54011.92415743405,3006.7017408265633,54135.83660278514,52478.63319482271,1533.2909626113324,pvalloc_29nbfs_LRG2_max_1hll_sAs2p0
4954,75433.85460798576,3368.7636468960445,75529.55938841094,67737.26744424729,7696.587163738485,pvalloc_29nbfs_LRG2_max_1hll_sAs2p0
4955,86717.87031134478,3615.859836559994,86824.39562824165,73968.35734775644,12749.512963588339,pvalloc_29nbfs_LRG2_max_1hll_sAs2p0
4956,74746.79274720121,4604.504951001685,74971.74675616602,67287.65249427628,7459.140252924867,pvalloc_29nbfs_LRG2_max_1hll_sAs2p0
4957,50057.992812553675,4868.01098611538,50572.97052811168,49069.66055067809,988.3322618755767,pvalloc_29nbfs_LRG2_max_1hll_sAs2p0
4958,60904.69877915619,5005.918035061585,61346.77394321142,57688.31056622157,3216.3882129346257,pvalloc_29nbfs_LRG2_max_1hll_sAs2p0
4959,48578.29558484745,5048.739040254403,49213.891406842835,47756.23056630311,822.0650185443485,pvalloc_29nbfs_LRG2_max_1hll_sAs2p0
4960,44662.811474187634,4723.5779617110675,45278.33529863765,44242.8438161226,419.9676580650336,pvalloc_29nbfs_LRG2_max_1hll_sAs2p0
4961,35984.78398304787,4805.401978152761,36787.66561050246,35887.127802533505,97.65618051437536,pvalloc_29nbfs_LRG2_max_1hll_sAs2p0
4962,19843.721222620494,4687.55530268652,21187.603160450555,19843.721222620494,0.0,pvalloc_29nbfs_LRG2_max_1hll_sAs2p0
4963,9131.981407466687,6050.530742530209,12246.378557341279,9131.981407466687,0.0,pvalloc_29nbfs_LRG2_max_1hll_sAs2p0
4964,3.6313908767848426,11427.812235329471,11427.812235329471,3.6313908767848426,0.0,pvalloc_29nbfs_LRG2_max_1hll_sAs2p0
4965,0.0,21698.627529472968,21698.627529472968,0.0,0.0,pvalloc_29nbfs_LRG2_max_1hll_sAs2p0
4966,0.0,15054.668580548849,15054.668580548849,0.0,0.0,pvalloc_29nbfs_LRG2_max_1hll_sAs2p0
4967,0.0,14761.300435221638,14761.300435221638,0.0,0.0,pvalloc_29nbfs_LRG2_max_1hll_sAs2p0
4968,0.0,12492.279958567413,12492.279958567413,0.0,0.0,pvalloc_29nbfs_LRG2_max_1hll_sAs2p0
4969,0.0,10052.532145121631,10052.532145121631,0.0,0.0,pvalloc_29nbfs_LRG2_max_1hll_sAs2p0
4970,0.0,8034.332061846783,8034.332061846783,0.0,0.0,pvalloc_29nbfs_LRG2_max_1hll_sAs2p0
4971,0.0,7219.022230515398,7219.022230515398,0.0,0.0,pvalloc_29nbfs_LRG2_max_1hll_sAs2p0
4972,0.0,6689.043790452775,6689.043790452775,0.0,0.0,pvalloc_29nbfs_LRG2_max_1hll_sAs2p0
4973,0.0,6426.528200910121,6426.528200910121,0.0,0.0,pvalloc_29nbfs_LRG2_max_1hll_sAs2p0
4974,161.1139602960361,3989.1564938398965,3991.1062421800793,161.1139602960361,0.0,pvalloc_29nbfs_LRG2_max_1hll_sAs2p0
4975,10204.519824763525,2534.0601014858858,10987.135472282665,10204.519824763525,0.0,pvalloc_29nbfs_LRG2_max_1hll_sAs2p0
4976,3135.461864993971,2922.074293485774,4787.096725354497,3135.461864993971,0.0,pvalloc_29nbfs_LRG2_max_1hll_sAs2p0
4977,18340.75665660701,3138.780494496742,19033.04283614061,18340.75665660701,0.0,pvalloc_29nbfs_LRG2_max_1hll_sAs2p0
4978,36181.32119587863,3432.590463400803,36536.737867792035,36090.03085213068,91.29034374794298,pvalloc_29nbfs_LRG2_max_1hll_sAs2p0
4979,57348.37230427696,3908.8146211102817,57579.486740431756,55096.957764869796,2251.414539407167,pvalloc_29nbfs_LRG2_max_1hll_sAs2p0
4980,59631.28909699685,4677.629479746352,59977.43284946273,56864.799448575075,2766.4896484217816,pvalloc_29nbfs_LRG2_max_1hll_sAs2p0
4981,62955.45806494449,5377.90813558762,63415.010528148225,59361.33231162546,3594.1257533190287,pvalloc_29nbfs_LRG2_max_1hll_sAs2p0
4982,47642.93857666011,4926.105252316189,48245.06102427543,46957.17239908581,685.766177574309,pvalloc_29nbfs_LRG2_max_1hll_sAs2p0
4983,52869.8256868721,5535.591128726821,53514.90666493117,51415.89601214918,1453.9296747229237,pvalloc_29nbfs_LRG2_max_1hll_sAs2p0
4984,42943.71459416894,4886.006910187742,43588.06139181596,42662.960113507914,280.754480661025,pvalloc_29nbfs_LRG2_max_1hll_sAs2p0
4985,28501.997065705007,4366.931947354676,29335.742891003967,28501.997065705007,0.0,pvalloc_29nbfs_LRG2_max_1hll_sAs2p0
4986,22528.061911888868,4916.56349424715,23929.34238172071,22528.061911888868,0.0,pvalloc_29nbfs_LRG2_max_1hll_sAs2p0
4987,9976.257478030264,5114.427720607445,12427.179751721693,9976.257478030264,0.0,pvalloc_29nbfs_LRG2_max_1hll_sAs2p0
4988,1.7793515908685469,11602.183899541205,11602.183899541205,1.7793515908685469,0.0,pvalloc_29nbfs_LRG2_max_1hll_sAs2p0
4989,0.0,15306.207062822388,15306.207062822388,0.0,0.0,pvalloc_29nbfs_LRG2_max_1hll_sAs2p0
4990,0.0,18487.541112237723,18487.541112237723,0.0,0.0,pvalloc_29nbfs_LRG2_max_1hll_sAs2p0
4991,0.0,15678.910070087288,15678.910070087288,0.0,0.0,pvalloc_29nbfs_LRG2_max_1hll_sAs2p0
4992,0.0,12457.950105853317,12457.950105853317,0.0,0.0,pvalloc_29nbfs_LRG2_max_1hll_sAs2p0
4993,0.0,9566.57816566627,9566.57816566627,0.0,0.0,pvalloc_29nbfs_LRG2_max_1hll_sAs2p0
4994,0.0,8172.598108657664,8172.598108657664,0.0,0.0,pvalloc_29nbfs_LRG2_max_1hll_sAs2p0
4995,0.0,7275.373634775014,7275.373634775014,0.0,0.0,pvalloc_29nbfs_LRG2_max_1hll_sAs2p0
4996,0.0,6657.432000184344,6657.432000184344,0.0,0.0,pvalloc_29nbfs_LRG2_max_1hll_sAs2p0
4997,0.0,6227.237294939229,6227.237294939229,0.0,0.0,pvalloc_29nbfs_LRG2_max_1hll_sAs2p0
4998,409.33489526338724,3581.2582844872163,3598.2424299415534,409.33489526338724,0.0,pvalloc_29nbfs_LRG2_max_1hll_sAs2p0
4999,14925.801884952241,2526.1765706785764,15469.933072241798,14925.801884952241,0.0,pvalloc_29nbfs_LRG2_max_1hll_sAs2p0
5000,33571.6549220358,2776.5009781266153,33796.75763949145,33561.221436266846,10.433485768954881,pvalloc_29nbfs_LRG2_max_1hll_sAs2p0
5001,52015.00390637002,3114.4891870637935,52161.046437928475,50802.5903070549,1212.4135993150978,pvalloc_29nbfs_LRG2_max_1hll_sAs2p0
5002,65709.29476296344,3225.1659279957576,65825.65346959775,61387.294703371816,4322.00005959158,pvalloc_29nbfs_LRG2_max_1hll_sAs2p0
5003,85576.19904963356,3940.294280964562,85700.40740661096,73411.3734185889,12164.825631044747,pvalloc_29nbfs_LRG2_max_1hll_sAs2p0
5004,83668.8438281553,4478.024022636702,83839.38114463216,72406.45526255944,11262.388565595842,pvalloc_29nbfs_LRG2_max_1hll_sAs2p0
5005,90127.91010299869,4606.443450376725,90304.07749540178,75717.50332737542,14410.40677562322,pvalloc_29nbfs_LRG2_max_1hll_sAs2p0
5006,83927.53520122076,4591.8476520944905,84132.39402611153,72427.66346307355,11499.871738147276,pvalloc_29nbfs_LRG2_max_1hll_sAs2p0
5007,70153.00288102924,4609.389061474798,70413.34388499915,64302.44946583658,5850.553415192567,pvalloc_29nbfs_LRG2_max_1hll_sAs2p0
5008,55308.9694083935,4087.62567494415,55602.92084372564,53415.852285068875,1893.117123324635,pvalloc_29nbfs_LRG2_max_1hll_sAs2p0
5009,32734.7382972549,3834.3072841319663,33281.78186860088,32726.67601860211,8.062278652788393,pvalloc_29nbfs_LRG2_max_1hll_sAs2p0
5010,13741.69868910902,3958.11656152625,15071.423310797385,13741.69868910902,0.0,pvalloc_29nbfs_LRG2_max_1hll_sAs2p0
5011,2513.478277685282,6082.862977602652,6860.24333595597,2513.478277685282,0.0,pvalloc_29nbfs_LRG2_max_1hll_sAs2p0
5012,0.024958675141344665,13827.082893377794,13827.082893377794,0.024958675141344665,0.0,pvalloc_29nbfs_LRG2_max_1hll_sAs2p0
5013,0.0,14662.18168263524,14662.18168263524,0.0,0.0,pvalloc_29nbfs_LRG2_max_1hll_sAs2p0
5014,0.0,16274.799124460178,16274.799124460178,0.0,0.0,pvalloc_29nbfs_LRG2_max_1hll_sAs2p0
5015,0.0,15624.09295649087,15624.09295649087,0.0,0.0,pvalloc_29nbfs_LRG2_max_1hll_sAs2p0
5016,0.0,12724.18576973016,12724.18576973016,0.0,0.0,pvalloc_29nbfs_LRG2_max_1hll_sAs2p0
5017,0.0,10867.07489432257,10867.07489432257,0.0,0.0,pvalloc_29nbfs_LRG2_max_1hll_sAs2p0
5018,0.0,8769.371741640622,8769.371741640622,0.0,0.0,pvalloc_29nbfs_LRG2_max_1hll_sAs2p0
5019,0.0,7592.314610242441,7592.314610242441,0.0,0.0,pvalloc_29nbfs_LRG2_max_1hll_sAs2p0
5020,0.0,6804.494587055006,6804.494587055006,0.0,0.0,pvalloc_29nbfs_LRG2_max_1hll_sAs2p0
5021,0.0,6914.4472014214525,6914.4472014214525,0.0,0.0,pvalloc_29nbfs_LRG2_max_1hll_sAs2p0
5022,126.58620202193099,4156.670790500348,4158.243251973834,126.58620202193099,0.0,pvalloc_29nbfs_LRG2_max_1hll_sAs2p0
5023,10442.495683613135,2564.2127956061363,11235.172505678482,10442.495683613135,0.0,pvalloc_29nbfs_LRG2_max_1hll_sAs2p0
5024,21695.22882439071,2749.475812533674,22116.96290619595,21695.22882439071,0.0,pvalloc_29nbfs_LRG2_max_1hll_sAs2p0
5025,18563.713778900044,3366.533790935852,19410.082631430287,18563.713778900044,0.0,pvalloc_29nbfs_LRG2_max_1hll_sAs2p0
5026,30579.96564418417,3799.198965780663,31191.5790301036,30579.96564418417,0.0,pvalloc_29nbfs_LRG2_max_1hll_sAs2p0
5027,65873.89631624831,3646.5329137646722,66031.69537637522,61459.70962751884,4414.1866887295,pvalloc_29nbfs_LRG2_max_1hll_sAs2p0
5028,78981.22365949373,5326.767160392926,79307.34735715558,69866.78223891463,9114.441420579104,pvalloc_29nbfs_LRG2_max_1hll_sAs2p0
5029,52070.05079057381,5045.507301486451,52603.115745263894,50742.172659384545,1327.8781311892649,pvalloc_29nbfs_LRG2_max_1hll_sAs2p0
5030,22720.405640041663,5837.028691634182,24594.770991617246,22720.405640041663,0.0,pvalloc_29nbfs_LRG2_max_1hll_sAs2p0
5031,25370.50863583065,4960.0157168043515,26615.879163389403,25370.50863583065,0.0,pvalloc_29nbfs_LRG2_max_1hll_sAs2p0
5032,33763.206203556525,4039.0699936031947,34350.464000214335,33721.832838776936,41.37336477959457,pvalloc_29nbfs_LRG2_max_1hll_sAs2p0
5033,26717.725622980804,4129.39789984253,27522.15577732127,26717.725622980804,0.0,pvalloc_29nbfs_LRG2_max_1hll_sAs2p0
5034,16600.34816956349,4723.442825556277,18223.384423997955,16600.34816956349,0.0,pvalloc_29nbfs_LRG2_max_1hll_sAs2p0
5035,10221.833450154763,5390.365286701962,12757.64357043741,10221.833450154763,0.0,pvalloc_29nbfs_LRG2_max_1hll_sAs2p0
5036,10.628724898013248,10990.52516260676,10990.537597755916,10.628724898013248,0.0,pvalloc_29nbfs_LRG2_max_1hll_sAs2p0
5037,0.0,15623.399766375918,15623.399766375918,0.0,0.0,pvalloc_29nbfs_LRG2_max_1hll_sAs2p0
5038,0.0,16022.715362504956,16022.715362504956,0.0,0.0,pvalloc_29nbfs_LRG2_max_1hll_sAs2p0
5039,0.0,16439.75171535185,16439.75171535185,0.0,0.0,pvalloc_29nbfs_LRG2_max_1hll_sAs2p0
5040,0.0,12326.556850038325,12326.556850038325,0.0,0.0,pvalloc_29nbfs_LRG2_max_1hll_sAs2p0
5041,0.0,9488.472208125191,9488.472208125191,0.0,0.0,pvalloc_29nbfs_LRG2_max_1hll_sAs2p0
5042,0.0,8024.4353338224,8024.4353338224,0.0,0.0,pvalloc_29nbfs_LRG2_max_1hll_sAs2p0
5043,0.0,7253.657469496069,7253.657469496069,0.0,0.0,pvalloc_29nbfs_LRG2_max_1hll_sAs2p0
5044,0.0,6638.189465394041,6638.189465394041,0.0,0.0,pvalloc_29nbfs_LRG2_max_1hll_sAs2p0
5045,0.0,6441.096729282571,6441.096729282571,0.0,0.0,pvalloc_29nbfs_LRG2_max_1hll_sAs2p0
5046,127.13949674366337,4133.220909182816,4134.772198916386,127.13949674366337,0.0,pvalloc_29nbfs_LRG2_max_1hll_sAs2p0
5047,11297.927019886065,2640.9725618485986,12118.644202995474,11297.927019886065,0.0,pvalloc_29nbfs_LRG2_max_1hll_sAs2p0
5048,32392.990737851804,2959.9892899076053,32672.16768379256,32392.990737851804,0.0,pvalloc_29nbfs_LRG2_max_1hll_sAs2p0
5049,53152.08236445939,3327.640171885543,53320.355387174364,51773.61705951509,1378.465304944289,pvalloc_29nbfs_LRG2_max_1hll_sAs2p0
5050,72247.51361598296,3409.2880682764203,72346.81513951611,65799.2257713318,6448.2878446514,pvalloc_29nbfs_LRG2_max_1hll_sAs2p0
5051,65854.77878542489,3814.2100799493046,66024.21980831439,61477.390901454586,4377.387883970299,pvalloc_29nbfs_LRG2_max_1hll_sAs2p0
5052,60342.74703757469,4448.040592480798,60637.26279353922,57429.491899297194,2913.255138277504,pvalloc_29nbfs_LRG2_max_1hll_sAs2p0
5053,66931.25495083738,4710.812347465102,67218.66510510478,62177.80785176294,4753.447099074501,pvalloc_29nbfs_LRG2_max_1hll_sAs2p0
5054,68057.02681124632,4590.552523082969,68331.42874785342,62865.534505013915,5191.492306232396,pvalloc_29nbfs_LRG2_max_1hll_sAs2p0
5055,57565.446710243035,4863.330853350992,57977.67027574319,55203.51298208228,2361.933728160772,pvalloc_29nbfs_LRG2_max_1hll_sAs2p0
5056,51415.58404938283,4304.954085318373,51774.98892066238,50226.10307046404,1189.4809789187923,pvalloc_29nbfs_LRG2_max_1hll_sAs2p0
5057,34349.08587287718,3725.0758331126267,34837.18383807635,34305.6994799056,43.38639297159193,pvalloc_29nbfs_LRG2_max_1hll_sAs2p0
5058,12130.885144119859,3720.856891095568,13407.827847684217,12130.885144119859,0.0,pvalloc_29nbfs_LRG2_max_1hll_sAs2p0
5059,6180.635052174092,4370.571495303451,8408.923764597203,6180.635052174092,0.0,pvalloc_29nbfs_LRG2_max_1hll_sAs2p0
5060,213.16375195220078,7653.288071647113,7655.8782285428415,213.16375195220078,0.0,pvalloc_29nbfs_LRG2_max_1hll_sAs2p0
5061,0.0,12442.644294585478,12442.644294585478,0.0,0.0,pvalloc_29nbfs_LRG2_max_1hll_sAs2p0
5062,0.0,12652.57822535876,12652.57822535876,0.0,0.0,pvalloc_29nbfs_LRG2_max_1hll_sAs2p0
5063,0.0,12878.862779430521,12878.862779430521,0.0,0.0,pvalloc_29nbfs_LRG2_max_1hll_sAs2p0
5064,0.0,12350.755659688533,12350.755659688533,0.0,0.0,pvalloc_29nbfs_LRG2_max_1hll_sAs2p0
5065,0.0,11097.685205202353,11097.685205202353,0.0,0.0,pvalloc_29nbfs_LRG2_max_1hll_sAs2p0
5066,0.0,9294.124150992035,9294.124150992035,0.0,0.0,pvalloc_29nbfs_LRG2_max_1hll_sAs2p0
5067,0.0,7868.8472553816255,7868.8472553816255,0.0,0.0,pvalloc_29nbfs_LRG2_max_1hll_sAs2p0
5068,0.0,6865.793803809359,6865.793803809359,0.0,0.0,pvalloc_29nbfs_LRG2_max_1hll_sAs2p0
5069,0.0,7046.117084101745,7046.117084101745,0.0,0.0,pvalloc_29nbfs_LRG2_max_1hll_sAs2p0
5070,117.88489474048193,4242.84678446838,4244.2937486389455,117.88489474048193,0.0,pvalloc_29nbfs_LRG2_max_1hll_sAs2p0
5071,13183.08594138616,2495.3035873216472,13791.344287194392,13183.08594138616,0.0,pvalloc_29nbfs_LRG2_max_1hll_sAs2p0
5072,30186.014345591237,2796.688677156191,30458.41640413437,30186.014345591237,0.0,pvalloc_29nbfs_LRG2_max_1hll_sAs2p0
5073,52413.83915726155,3196.0727302879404,52570.11219849403,51126.395343562275,1287.443813699273,pvalloc_29nbfs_LRG2_max_1hll_sAs2p0
5074,69818.80881814686,3484.3505062301692,69951.73390071049,64163.71194449237,5655.096873654415,pvalloc_29nbfs_LRG2_max_1hll_sAs2p0
5075,80390.59886540927,3902.0651355428204,80535.03518061606,70548.5926534145,9842.00621199478,pvalloc_29nbfs_LRG2_max_1hll_sAs2p0
5076,70895.47270094976,4438.254634097649,71119.74855531087,64839.44541382411,6056.027287125508,pvalloc_29nbfs_LRG2_max_1hll_sAs2p0
5077,62715.470096926474,4864.1415495869605,63065.0815128795,59167.058139297085,3548.4119576293774,pvalloc_29nbfs_LRG2_max_1hll_sAs2p0
5078,53281.768726697286,5048.476138205539,53814.910259452634,51723.34898488593,1558.4197418113527,pvalloc_29nbfs_LRG2_max_1hll_sAs2p0
5079,33089.958338110744,5064.315675181754,34071.67802547153,33061.93762219168,28.020715919060194,pvalloc_29nbfs_LRG2_max_1hll_sAs2p0
5080,36290.51823813397,4694.193416528848,37030.404859098395,36186.255963617004,104.26227451696246,pvalloc_29nbfs_LRG2_max_1hll_sAs2p0
5081,28593.95906608952,4457.335904419548,29464.07493799096,28593.95906608952,0.0,pvalloc_29nbfs_LRG2_max_1hll_sAs2p0
5082,16327.082524428004,4413.7970063169905,17743.26987783627,16327.082524428004,0.0,pvalloc_29nbfs_LRG2_max_1hll_sAs2p0
5083,8595.02420943286,4733.121566056956,10819.260589316771,8595.02420943286,0.0,pvalloc_29nbfs_LRG2_max_1hll_sAs2p0
5084,45.29070701539794,9038.79765420523,9039.07466423616,45.29070701539794,0.0,pvalloc_29nbfs_LRG2_max_1hll_sAs2p0
5085,0.0,14038.884071464148,14038.884071464148,0.0,0.0,pvalloc_29nbfs_LRG2_max_1hll_sAs2p0
5086,0.0,16707.67865740891,16707.67865740891,0.0,0.0,pvalloc_29nbfs_LRG2_max_1hll_sAs2p0
5087,0.0,14798.423471834056,14798.423471834056,0.0,0.0,pvalloc_29nbfs_LRG2_max_1hll_sAs2p0
5088,0.0,12920.992928294932,12920.992928294932,0.0,0.0,pvalloc_29nbfs_LRG2_max_1hll_sAs2p0
5089,0.0,9900.944565301277,9900.944565301277,0.0,0.0,pvalloc_29nbfs_LRG2_max_1hll_sAs2p0
5090,0.0,9389.78590368506,9389.78590368506,0.0,0.0,pvalloc_29nbfs_LRG2_max_1hll_sAs2p0
5091,0.0,7401.546438254426,7401.546438254426,0.0,0.0,pvalloc_29nbfs_LRG2_max_1hll_sAs2p0
5092,0.0,6692.067790682453,6692.067790682453,0.0,0.0,pvalloc_29nbfs_LRG2_max_1hll_sAs2p0
5093,0.0,6497.448685059626,6497.448685059626,0.0,0.0,pvalloc_29nbfs_LRG2_max_1hll_sAs2p0
5094,300.52368370498806,3841.108064983697,3845.014210326353,300.52368370498806,0.0,pvalloc_29nbfs_LRG2_max_1hll_sAs2p0
5095,14807.597537352893,2371.8758115198098,15274.897345197378,14807.597537352893,0.0,pvalloc_29nbfs_LRG2_max_1hll_sAs2p0
5096,34812.13355804357,2366.799390948046,34948.99447710281,34782.85546260677,29.27809543679774,pvalloc_29nbfs_LRG2_max_1hll_sAs2p0
5097,56902.98436237004,2793.96954808446,56997.40635214168,54849.30243978604,2053.681922583992,pvalloc_29nbfs_LRG2_max_1hll_sAs2p0
5098,73796.53106936395,2917.975978910623,73872.7208006543,66763.5905971091,7032.940472254844,pvalloc_29nbfs_LRG2_max_1hll_sAs2p0
5099,89280.91676102584,3507.8095047015286,89381.7404092178,75297.47551884447,13983.44124218144,pvalloc_29nbfs_LRG2_max_1hll_sAs2p0
5100,75383.86643436394,4903.267935894908,75639.53080372207,67655.8351565947,7728.031277769397,pvalloc_29nbfs_LRG2_max_1hll_sAs2p0
5101,66120.07869954237,5574.900596457232,66586.87499753266,61534.108904084715,4585.969795457625,pvalloc_29nbfs_LRG2_max_1hll_sAs2p0
5102,71204.96748902774,5661.512442346082,71667.35278915123,64866.92577004574,6338.041718981919,pvalloc_29nbfs_LRG2_max_1hll_sAs2p0
5103,65001.68283905861,5144.65970461283,65423.57662890799,60699.956832036485,4301.726007022116,pvalloc_29nbfs_LRG2_max_1hll_sAs2p0
5104,61193.70286889333,4940.846270026364,61623.26284795888,57903.34760603302,3290.3552628603147,pvalloc_29nbfs_LRG2_max_1hll_sAs2p0
5105,25877.142506312503,4797.508842431355,26942.784928981153,25877.142506312503,0.0,pvalloc_29nbfs_LRG2_max_1hll_sAs2p0
5106,6549.249552687383,5127.849379006297,9135.686455818579,6549.249552687383,0.0,pvalloc_29nbfs_LRG2_max_1hll_sAs2p0
5107,1418.9423877653599,6931.489476085877,7053.274020767711,1418.9423877653599,0.0,pvalloc_29nbfs_LRG2_max_1hll_sAs2p0
5108,0.5408091533037132,11343.668475076242,11343.668475076242,0.5408091533037132,0.0,pvalloc_29nbfs_LRG2_max_1hll_sAs2p0
5109,0.0,13173.89172578315,13173.89172578315,0.0,0.0,pvalloc_29nbfs_LRG2_max_1hll_sAs2p0
5110,0.0,13106.449704799224,13106.449704799224,0.0,0.0,pvalloc_29nbfs_LRG2_max_1hll_sAs2p0
5111,0.0,12603.245316458499,12603.245316458499,0.0,0.0,pvalloc_29nbfs_LRG2_max_1hll_sAs2p0
5112,0.0,10413.182078012225,10413.182078012225,0.0,0.0,pvalloc_29nbfs_LRG2_max_1hll_sAs2p0
5113,0.0,8993.403916155024,8993.403916155024,0.0,0.0,pvalloc_29nbfs_LRG2_max_1hll_sAs2p0
5114,0.0,7817.17261512709,7817.17261512709,0.0,0.0,pvalloc_29nbfs_LRG2_max_1hll_sAs2p0
5115,0.0,7187.9602584705435,7187.9602584705435,0.0,0.0,pvalloc_29nbfs_LRG2_max_1hll_sAs2p0
5116,0.0,6597.782238100715,6597.782238100715,0.0,0.0,pvalloc_29nbfs_LRG2_max_1hll_sAs2p0
5117,0.0,6653.582169584409,6653.582169584409,0.0,0.0,pvalloc_29nbfs_LRG2_max_1hll_sAs2p0
5118,143.81008291534155,4119.219331777274,4120.904134895573,143.81008291534155,0.0,pvalloc_29nbfs_LRG2_max_1hll_sAs2p0
5119,10271.225904351004,2358.7381079238717,10951.55474619421,10271.225904351004,0.0,pvalloc_29nbfs_LRG2_max_1hll_sAs2p0
5120,31161.47867348648,2382.4564120402224,31330.32978195725,31161.47867348648,0.0,pvalloc_29nbfs_LRG2_max_1hll_sAs2p0
5121,54462.06881414731,2713.5036262575995,54559.05431811504,52874.674265648486,1587.3945484988255,pvalloc_29nbfs_LRG2_max_1hll_sAs2p0
5122,70456.62332852515,3179.56664792887,70553.15872479607,64651.91039849171,5804.712930033454,pvalloc_29nbfs_LRG2_max_1hll_sAs2p0
5123,88950.33533328203,3493.8833492084404,89034.62423122376,75211.01379781103,13739.32153547099,pvalloc_29nbfs_LRG2_max_1hll_sAs2p0
5124,88541.78231700278,4692.284462773208,88707.21562456673,75044.67620298172,13497.10611402101,pvalloc_29nbfs_LRG2_max_1hll_sAs2p0
5125,88463.86576468871,5520.811444813724,88728.35889758788,74927.97800322523,13535.887761463437,pvalloc_29nbfs_LRG2_max_1hll_sAs2p0
5126,82192.13427860771,5401.319882173768,82483.51547537166,71514.77722446463,10677.35705414307,pvalloc_29nbfs_LRG2_max_1hll_sAs2p0
5127,77629.82074350375,5317.307594732502,77948.53152712864,68900.22943593486,8729.59130756887,pvalloc_29nbfs_LRG2_max_1hll_sAs2p0
5128,68756.77109152722,4485.586368991856,69014.70662473298,63359.40951690197,5397.361574625166,pvalloc_29nbfs_LRG2_max_1hll_sAs2p0
5129,50423.20893560627,4326.945169118007,50807.369465429234,49394.19130604658,1029.0176295596846,pvalloc_29nbfs_LRG2_max_1hll_sAs2p0
5130,30859.262052265818,4874.840085713254,31807.3849967731,30859.262052265818,0.0,pvalloc_29nbfs_LRG2_max_1hll_sAs2p0
5131,12205.363059915768,4979.453043987412,14330.968460956845,12205.363059915768,0.0,pvalloc_29nbfs_LRG2_max_1hll_sAs2p0
5132,1.3812601389742705,11936.134084751438,11936.134084751438,1.3812601389742705,0.0,pvalloc_29nbfs_LRG2_max_1hll_sAs2p0
5133,0.0,18228.216139042957,18228.216139042957,0.0,0.0,pvalloc_29nbfs_LRG2_max_1hll_sAs2p0
5134,0.0,18162.496361710335,18162.496361710335,0.0,0.0,pvalloc_29nbfs_LRG2_max_1hll_sAs2p0
5135,0.0,15581.301938822113,15581.301938822113,0.0,0.0,pvalloc_29nbfs_LRG2_max_1hll_sAs2p0
5136,0.0,13660.518661518496,13660.518661518496,0.0,0.0,pvalloc_29nbfs_LRG2_max_1hll_sAs2p0
5137,0.0,10358.480128423344,10358.480128423344,0.0,0.0,pvalloc_29nbfs_LRG2_max_1hll_sAs2p0
5138,0.0,8828.47113398323,8828.47113398323,0.0,0.0,pvalloc_29nbfs_LRG2_max_1hll_sAs2p0
5139,0.0,7213.798405873982,7213.798405873982,0.0,0.0,pvalloc_29nbfs_LRG2_max_1hll_sAs2p0
5140,0.0,6479.031429122138,6479.031429122138,0.0,0.0,pvalloc_29nbfs_LRG2_max_1hll_sAs2p0
5141,0.0,6403.162580960439,6403.162580960439,0.0,0.0,pvalloc_29nbfs_LRG2_max_1hll_sAs2p0
5142,125.64092110022426,4161.447955794877,4162.828040920216,125.64092110022426,0.0,pvalloc_29nbfs_LRG2_max_1hll_sAs2p0
5143,13310.660597122886,2354.9113296932524,13830.14692417192,13310.660597122886,0.0,pvalloc_29nbfs_LRG2_max_1hll_sAs2p0
5144,33123.38586172586,2663.245939501308,33322.22250152165,33123.38586172586,0.0,pvalloc_29nbfs_LRG2_max_1hll_sAs2p0
5145,53991.18295107945,3207.886205058683,54132.69559450118,52485.822665265645,1505.360285813802,pvalloc_29nbfs_LRG2_max_1hll_sAs2p0
5146,74385.8779150661,3328.1738508167077,74482.84241180663,67155.80677387094,7230.071141195229,pvalloc_29nbfs_LRG2_max_1hll_sAs2p0
5147,87674.8500607898,4249.746446551236,87799.48423633802,74628.08237424899,13046.767686540843,pvalloc_29nbfs_LRG2_max_1hll_sAs2p0
5148,83290.63123497028,5795.354928610125,83656.95579931785,72380.3846755317,10910.246559438532,pvalloc_29nbfs_LRG2_max_1hll_sAs2p0
5149,88111.74575194008,5321.902177589416,88352.30302387291,74834.26672523808,13277.47902670192,pvalloc_29nbfs_LRG2_max_1hll_sAs2p0
5150,87715.50469843183,4495.820927472037,87907.14894208651,74426.59546753805,13288.909230893742,pvalloc_29nbfs_LRG2_max_1hll_sAs2p0
5151,75884.16084740731,5025.304821728133,76154.74514734471,67942.97960683584,7941.1812405714745,pvalloc_29nbfs_LRG2_max_1hll_sAs2p0
5152,63220.78872551881,4265.528403492476,63465.76006967604,59545.14481465098,3675.6439108678337,pvalloc_29nbfs_LRG2_max_1hll_sAs2p0
5153,45942.32109445711,3930.3453439421796,46269.066499891764,45504.237785599464,438.0833088576462,pvalloc_29nbfs_LRG2_max_1hll_sAs2p0
5154,30688.88632841803,3930.977559071962,31276.65214768388,30688.88632841803,0.0,pvalloc_29nbfs_LRG2_max_1hll_sAs2p0
5155,10174.32221457074,5608.3414412080365,12948.441481100152,10174.32221457074,0.0,pvalloc_29nbfs_LRG2_max_1hll_sAs2p0
5156,1.0050200731623626,13203.058611903945,13203.058611903945,1.0050200731623626,0.0,pvalloc_29nbfs_LRG2_max_1hll_sAs2p0
5157,0.0,16656.158247084175,16656.158247084175,0.0,0.0,pvalloc_29nbfs_LRG2_max_1hll_sAs2p0
5158,0.0,16956.666733188795,16956.666733188795,0.0,0.0,pvalloc_29nbfs_LRG2_max_1hll_sAs2p0
5159,0.0,13878.197386105796,13878.197386105796,0.0,0.0,pvalloc_29nbfs_LRG2_max_1hll_sAs2p0
5160,0.0,13359.709264488023,13359.709264488023,0.0,0.0,pvalloc_29nbfs_LRG2_max_1hll_sAs2p0
5161,0.0,9823.421723926976,9823.421723926976,0.0,0.0,pvalloc_29nbfs_LRG2_max_1hll_sAs2p0
5162,0.0,8004.918441437758,8004.918441437758,0.0,0.0,pvalloc_29nbfs_LRG2_max_1hll_sAs2p0
5163,0.0,7279.771629046192,7279.771629046192,0.0,0.0,pvalloc_29nbfs_LRG2_max_1hll_sAs2p0
5164,0.0,6702.512682378078,6702.512682378078,0.0,0.0,pvalloc_29nbfs_LRG2_max_1hll_sAs2p0
5165,0.0,6398.7645866892735,6398.7645866892735,0.0,0.0,pvalloc_29nbfs_LRG2_max_1hll_sAs2p0
5166,103.11228652029646,4348.565389964758,4349.666054037011,103.11228652029646,0.0,pvalloc_29nbfs_LRG2_max_1hll_sAs2p0
5167,12665.372836957667,2548.1244302592,13330.494245785401,12665.372836957667,0.0,pvalloc_29nbfs_LRG2_max_1hll_sAs2p0
5168,33071.52995630057,2920.5887752591643,33326.50622882965,33071.52995630057,0.0,pvalloc_29nbfs_LRG2_max_1hll_sAs2p0
5169,54925.71776511071,3160.686232183561,55057.83350730861,53250.88696435259,1674.830800758128,pvalloc_29nbfs_LRG2_max_1hll_sAs2p0
5170,74955.5949010159,3061.3770983130585,75039.84129950484,67476.07286579607,7479.522035219794,pvalloc_29nbfs_LRG2_max_1hll_sAs2p0
5171,89767.34413237714,3765.2639370549423,89867.18125348803,75628.62983007461,14138.714302302535,pvalloc_29nbfs_LRG2_max_1hll_sAs2p0
5172,84050.15715796071,4277.828799730306,84209.53366787428,72618.15390263562,11432.00325532506,pvalloc_29nbfs_LRG2_max_1hll_sAs2p0
5173,78334.71597526332,4586.233827803565,78549.313278302,69385.96325062415,8948.752724639182,pvalloc_29nbfs_LRG2_max_1hll_sAs2p0
5174,88629.50387513069,4540.842595476505,88817.8011893942,74917.03054726528,13712.47332786539,pvalloc_29nbfs_LRG2_max_1hll_sAs2p0
5175,76376.93141325854,4722.165668917915,76623.64252521165,68195.14018491493,8181.791228343566,pvalloc_29nbfs_LRG2_max_1hll_sAs2p0
5176,61175.61688782126,4537.22557644282,61480.463957314096,57992.92859604866,3182.688291772588,pvalloc_29nbfs_LRG2_max_1hll_sAs2p0
5177,41846.667484030615,4211.2358908065235,42320.81274810754,41633.95026117187,212.71722285874483,pvalloc_29nbfs_LRG2_max_1hll_sAs2p0
5178,22930.350319143618,4132.3465826093125,23850.751734467052,22930.350319143618,0.0,pvalloc_29nbfs_LRG2_max_1hll_sAs2p0
5179,9387.008870317812,4312.436874955181,11204.823237781568,9387.008870317812,0.0,pvalloc_29nbfs_LRG2_max_1hll_sAs2p0
5180,20.21820489854783,9583.547015334572,9583.703976725996,20.21820489854783,0.0,pvalloc_29nbfs_LRG2_max_1hll_sAs2p0
5181,0.0,17958.547144614713,17958.547144614713,0.0,0.0,pvalloc_29nbfs_LRG2_max_1hll_sAs2p0
5182,0.0,15508.105894089556,15508.105894089556,0.0,0.0,pvalloc_29nbfs_LRG2_max_1hll_sAs2p0
5183,0.0,14273.89740347325,14273.89740347325,0.0,0.0,pvalloc_29nbfs_LRG2_max_1hll_sAs2p0
5184,0.0,13200.33224655577,13200.33224655577,0.0,0.0,pvalloc_29nbfs_LRG2_max_1hll_sAs2p0
5185,0.0,9638.325646422078,9638.325646422078,0.0,0.0,pvalloc_29nbfs_LRG2_max_1hll_sAs2p0
5186,0.0,8321.584507793394,8321.584507793394,0.0,0.0,pvalloc_29nbfs_LRG2_max_1hll_sAs2p0
5187,0.0,7169.817360127395,7169.817360127395,0.0,0.0,pvalloc_29nbfs_LRG2_max_1hll_sAs2p0
5188,0.0,7079.928698781938,7079.928698781938,0.0,0.0,pvalloc_29nbfs_LRG2_max_1hll_sAs2p0
5189,0.0,6529.334832922408,6529.334832922408,0.0,0.0,pvalloc_29nbfs_LRG2_max_1hll_sAs2p0
5190,43.82032794586358,4767.964056153854,4768.460438349618,43.82032794586358,0.0,pvalloc_29nbfs_LRG2_max_1hll_sAs2p0
5191,10380.102945161172,2502.3707330096618,11130.349687805076,10380.102945161172,0.0,pvalloc_29nbfs_LRG2_max_1hll_sAs2p0
5192,27616.59026671061,2857.212942584869,27938.324375856566,27616.59026671061,0.0,pvalloc_29nbfs_LRG2_max_1hll_sAs2p0
5193,49201.76149775823,3115.042618446895,49356.36591943199,48464.31926970181,737.4422280564049,pvalloc_29nbfs_LRG2_max_1hll_sAs2p0
5194,62329.529921479116,3395.8903517407152,62463.66049798887,58972.76838643424,3356.7615350448814,pvalloc_29nbfs_LRG2_max_1hll_sAs2p0
5195,70887.88463325199,4074.677356236853,71056.46593732135,64944.81272688239,5943.071906369597,pvalloc_29nbfs_LRG2_max_1hll_sAs2p0
5196,68361.20878110884,5045.968694973504,68697.66429448275,63293.17415388381,5068.034627224972,pvalloc_29nbfs_LRG2_max_1hll_sAs2p0
5197,72592.6630356257,4919.61968463546,72867.45603560928,65927.040490618,6665.622545007745,pvalloc_29nbfs_LRG2_max_1hll_sAs2p0
5198,71342.66664855134,5431.374735577213,71712.89182893548,65114.4069520719,6228.259696479491,pvalloc_29nbfs_LRG2_max_1hll_sAs2p0
5199,70451.30360208117,4903.575954299015,70750.04405291706,64501.273884929076,5950.029717152105,pvalloc_29nbfs_LRG2_max_1hll_sAs2p0
5200,42361.19068604727,3815.2424489193063,42731.35308413732,42127.58459916209,233.60608688520045,pvalloc_29nbfs_LRG2_max_1hll_sAs2p0
5201,27220.099314558985,3804.9371703886404,27866.741968487695,27220.099314558985,0.0,pvalloc_29nbfs_LRG2_max_1hll_sAs2p0
5202,13102.556639616942,4327.9142322994,14764.117922375537,13102.556639616942,0.0,pvalloc_29nbfs_LRG2_max_1hll_sAs2p0
5203,8223.529836579937,4806.6489493648005,10542.728648811963,8223.529836579937,0.0,pvalloc_29nbfs_LRG2_max_1hll_sAs2p0
5204,0.0,15090.470872328644,15090.470872328644,0.0,0.0,pvalloc_29nbfs_LRG2_max_1hll_sAs2p0
5205,0.0,15791.348827533153,15791.348827533153,0.0,0.0,pvalloc_29nbfs_LRG2_max_1hll_sAs2p0
5206,0.0,15247.755727980577,15247.755727980577,0.0,0.0,pvalloc_29nbfs_LRG2_max_1hll_sAs2p0
5207,0.0,15008.225250668322,15008.225250668322,0.0,0.0,pvalloc_29nbfs_LRG2_max_1hll_sAs2p0
5208,0.0,12069.433844123947,12069.433844123947,0.0,0.0,pvalloc_29nbfs_LRG2_max_1hll_sAs2p0
5209,0.0,11145.876780548275,11145.876780548275,0.0,0.0,pvalloc_29nbfs_LRG2_max_1hll_sAs2p0
5210,0.0,8940.899584908117,8940.899584908117,0.0,0.0,pvalloc_29nbfs_LRG2_max_1hll_sAs2p0
5211,0.0,7874.895807358423,7874.895807358423,0.0,0.0,pvalloc_29nbfs_LRG2_max_1hll_sAs2p0
5212,0.0,7043.644556647981,7043.644556647981,0.0,0.0,pvalloc_29nbfs_LRG2_max_1hll_sAs2p0
5213,0.0,7125.558647681808,7125.558647681808,0.0,0.0,pvalloc_29nbfs_LRG2_max_1hll_sAs2p0
5214,3.6329959315789537,5733.944409014071,5734.0160923098865,3.6329959315789537,0.0,pvalloc_29nbfs_LRG2_max_1hll_sAs2p0
5215,1654.8165950833406,3023.519601178269,3676.4708953626555,1654.8165950833406,0.0,pvalloc_29nbfs_LRG2_max_1hll_sAs2p0
5216,6113.521957763329,2945.4083097446073,7460.781590374452,6113.521957763329,0.0,pvalloc_29nbfs_LRG2_max_1hll_sAs2p0
5217,12207.872016591828,3187.987438109897,13277.62239009576,12207.872016591828,0.0,pvalloc_29nbfs_LRG2_max_1hll_sAs2p0
5218,23897.92090476028,3307.609943363705,24457.86744319006,23897.92090476028,0.0,pvalloc_29nbfs_LRG2_max_1hll_sAs2p0
5219,28437.04501083931,3946.2090190385766,29105.2297455883,28437.04501083931,0.0,pvalloc_29nbfs_LRG2_max_1hll_sAs2p0
5220,21058.675001832926,5082.847474743114,22722.81253929447,21058.675001832926,0.0,pvalloc_29nbfs_LRG2_max_1hll_sAs2p0
5221,45705.528338777716,4532.559364284441,46211.27977892691,45250.49126689199,455.0370718857164,pvalloc_29nbfs_LRG2_max_1hll_sAs2p0
5222,60426.36944333345,4698.951478764501,60780.56556036514,57388.521429588174,3037.8480137452875,pvalloc_29nbfs_LRG2_max_1hll_sAs2p0
5223,47452.5978381946,4724.879322139229,47970.41653339334,46835.42633130882,617.1715068857839,pvalloc_29nbfs_LRG2_max_1hll_sAs2p0
5224,47809.805605821086,4121.474314243816,48175.83452032085,47170.23422091951,639.5713849015649,pvalloc_29nbfs_LRG2_max_1hll_sAs2p0
5225,35807.03783172787,4199.786582164339,36381.83052430891,35738.81678954783,68.22104218003022,pvalloc_29nbfs_LRG2_max_1hll_sAs2p0
5226,24961.451097730172,4094.3761057876586,25781.310144440362,24961.451097730172,0.0,pvalloc_29nbfs_LRG2_max_1hll_sAs2p0
5227,10273.708746787654,4774.006211825384,12376.457558205633,10273.708746787654,0.0,pvalloc_29nbfs_LRG2_max_1hll_sAs2p0
5228,0.25392973926222,12343.144497561389,12343.144497561389,0.25392973926222,0.0,pvalloc_29nbfs_LRG2_max_1hll_sAs2p0
5229,0.0,17463.787611216965,17463.787611216965,0.0,0.0,pvalloc_29nbfs_LRG2_max_1hll_sAs2p0
5230,0.0,16776.24576513662,16776.24576513662,0.0,0.0,pvalloc_29nbfs_LRG2_max_1hll_sAs2p0
5231,0.0,13863.094861205218,13863.094861205218,0.0,0.0,pvalloc_29nbfs_LRG2_max_1hll_sAs2p0
5232,0.0,12379.083196074873,12379.083196074873,0.0,0.0,pvalloc_29nbfs_LRG2_max_1hll_sAs2p0
5233,0.0,10840.79645112631,10840.79645112631,0.0,0.0,pvalloc_29nbfs_LRG2_max_1hll_sAs2p0
5234,0.0,8839.193140860432,8839.193140860432,0.0,0.0,pvalloc_29nbfs_LRG2_max_1hll_sAs2p0
5235,0.0,7691.549078353807,7691.549078353807,0.0,0.0,pvalloc_29nbfs_LRG2_max_1hll_sAs2p0
5236,0.0,6881.18871406951,6881.18871406951,0.0,0.0,pvalloc_29nbfs_LRG2_max_1hll_sAs2p0
5237,0.0,7020.828203404438,7020.828203404438,0.0,0.0,pvalloc_29nbfs_LRG2_max_1hll_sAs2p0
5238,66.57918334610451,4740.670896450617,4741.355259267819,66.57918334610451,0.0,pvalloc_29nbfs_LRG2_max_1hll_sAs2p0
5239,11464.600196624475,2608.7432244768693,12195.807739770418,11464.600196624475,0.0,pvalloc_29nbfs_LRG2_max_1hll_sAs2p0
5240,24411.350194111095,2927.02626848964,24815.629757992483,24411.350194111095,0.0,pvalloc_29nbfs_LRG2_max_1hll_sAs2p0
5241,48311.96946540815,3153.231960960293,48477.04088034942,47677.954020057296,634.0154453508603,pvalloc_29nbfs_LRG2_max_1hll_sAs2p0
5242,62271.335826252245,3597.7197188279956,62424.37674342553,58927.90706164159,3343.428764610655,pvalloc_29nbfs_LRG2_max_1hll_sAs2p0
5243,68827.58889858023,3909.8124201915202,68993.90584339816,63532.91626065733,5294.672637922906,pvalloc_29nbfs_LRG2_max_1hll_sAs2p0
5244,56489.387648153584,4418.0600218579375,56805.373637518845,54432.42743733989,2056.960210813694,pvalloc_29nbfs_LRG2_max_1hll_sAs2p0
5245,54920.419684776454,4932.60942901073,55369.42157610637,53143.03728881144,1777.3823959650126,pvalloc_29nbfs_LRG2_max_1hll_sAs2p0
5246,51259.26689578911,4986.750175403896,51806.16010544016,50053.26190243165,1206.0049933574555,pvalloc_29nbfs_LRG2_max_1hll_sAs2p0
5247,51003.13414513988,4681.271439185866,51477.35897294127,49852.06888236054,1151.0652627793238,pvalloc_29nbfs_LRG2_max_1hll_sAs2p0
5248,43377.946626942175,4129.51001188346,43833.782894205746,43080.33639948478,297.6102274573977,pvalloc_29nbfs_LRG2_max_1hll_sAs2p0
5249,35409.26697282167,4003.9115251702424,35943.52996320372,35347.826857825596,61.44011499607865,pvalloc_29nbfs_LRG2_max_1hll_sAs2p0
5250,18129.58761799029,4538.989951692238,19496.338274819573,18129.58761799029,0.0,pvalloc_29nbfs_LRG2_max_1hll_sAs2p0
5251,8337.106285035426,5133.7993324245335,10857.62998389857,8337.106285035426,0.0,pvalloc_29nbfs_LRG2_max_1hll_sAs2p0
5252,0.0,18999.792074703204,18999.792074703204,0.0,0.0,pvalloc_29nbfs_LRG2_max_1hll_sAs2p0
5253,0.0,19290.580116971654,19290.580116971654,0.0,0.0,pvalloc_29nbfs_LRG2_max_1hll_sAs2p0
5254,0.0,16835.26838147421,16835.26838147421,0.0,0.0,pvalloc_29nbfs_LRG2_max_1hll_sAs2p0
5255,0.0,14924.78827852718,14924.78827852718,0.0,0.0,pvalloc_29nbfs_LRG2_max_1hll_sAs2p0
5256,0.0,13381.168060104115,13381.168060104115,0.0,0.0,pvalloc_29nbfs_LRG2_max_1hll_sAs2p0
5257,0.0,10539.960012448035,10539.960012448035,0.0,0.0,pvalloc_29nbfs_LRG2_max_1hll_sAs2p0
5258,0.0,8429.066249258418,8429.066249258418,0.0,0.0,pvalloc_29nbfs_LRG2_max_1hll_sAs2p0
5259,0.0,7662.686930720701,7662.686930720701,0.0,0.0,pvalloc_29nbfs_LRG2_max_1hll_sAs2p0
5260,0.0,6987.56971605249,6987.56971605249,0.0,0.0,pvalloc_29nbfs_LRG2_max_1hll_sAs2p0
5261,0.0,6946.060646242224,6946.060646242224,0.0,0.0,pvalloc_29nbfs_LRG2_max_1hll_sAs2p0
5262,58.82934408537969,4987.253315038373,4987.8763839655185,58.82934408537969,0.0,pvalloc_29nbfs_LRG2_max_1hll_sAs2p0
5263,12693.356133237336,2563.076494561812,13332.029637291746,12693.356133237336,0.0,pvalloc_29nbfs_LRG2_max_1hll_sAs2p0
5264,33513.62049681141,2856.1421197602463,33749.11718738712,33509.697645046945,3.9228517644630756,pvalloc_29nbfs_LRG2_max_1hll_sAs2p0
5265,56211.389191314076,2947.237298344905,56323.916097727866,54288.74855889381,1922.6406324202808,pvalloc_29nbfs_LRG2_max_1hll_sAs2p0
5266,75242.4291126243,3724.5136916038196,75359.16793559078,67692.03955075737,7550.38956186687,pvalloc_29nbfs_LRG2_max_1hll_sAs2p0
5267,88847.78650879164,4800.367304320781,89017.98227800927,75248.94963853603,13598.836870255582,pvalloc_29nbfs_LRG2_max_1hll_sAs2p0
5268,86141.21266606175,5848.402498460724,86474.75511706139,73830.27290035688,12310.939765704808,pvalloc_29nbfs_LRG2_max_1hll_sAs2p0
5269,91038.87021598186,5814.864726273604,91328.07078183691,76249.6361407926,14789.234075189215,pvalloc_29nbfs_LRG2_max_1hll_sAs2p0
5270,91523.59182360313,5228.620153881126,91792.58504268767,76226.49221294482,15297.09961065826,pvalloc_29nbfs_LRG2_max_1hll_sAs2p0
5271,83065.33321431976,5020.247625392432,83326.83357202794,71939.3976183296,11125.9355959902,pvalloc_29nbfs_LRG2_max_1hll_sAs2p0
5272,69206.3341113274,4778.5876828007085,69493.8029327221,63675.01277587067,5531.321335456674,pvalloc_29nbfs_LRG2_max_1hll_sAs2p0
5273,52136.195815002546,4342.893513270159,52510.82442379779,50820.66267943075,1315.5331355717822,pvalloc_29nbfs_LRG2_max_1hll_sAs2p0
5274,31269.999847121002,4442.980374651918,32033.721993931213,31269.999847121002,0.0,pvalloc_29nbfs_LRG2_max_1hll_sAs2p0
5275,12678.458612442877,4709.148159675109,14451.908832319454,12678.458612442877,0.0,pvalloc_29nbfs_LRG2_max_1hll_sAs2p0
5276,0.001144878417680309,16107.59149007268,16107.59149007268,0.001144878417680309,0.0,pvalloc_29nbfs_LRG2_max_1hll_sAs2p0
5277,0.0,16661.54003587522,16661.54003587522,0.0,0.0,pvalloc_29nbfs_LRG2_max_1hll_sAs2p0
5278,0.0,16071.879638820661,16071.879638820661,0.0,0.0,pvalloc_29nbfs_LRG2_max_1hll_sAs2p0
5279,0.0,16513.615011586444,16513.615011586444,0.0,0.0,pvalloc_29nbfs_LRG2_max_1hll_sAs2p0
5280,0.0,14223.4027375802,14223.4027375802,0.0,0.0,pvalloc_29nbfs_LRG2_max_1hll_sAs2p0
5281,0.0,10189.901163932846,10189.901163932846,0.0,0.0,pvalloc_29nbfs_LRG2_max_1hll_sAs2p0
5282,0.0,9219.908618123189,9219.908618123189,0.0,0.0,pvalloc_29nbfs_LRG2_max_1hll_sAs2p0
5283,0.0,8077.212368111325,8077.212368111325,0.0,0.0,pvalloc_29nbfs_LRG2_max_1hll_sAs2p0
5284,0.0,7416.3887727037745,7416.3887727037745,0.0,0.0,pvalloc_29nbfs_LRG2_max_1hll_sAs2p0
5285,0.0,7104.393955178767,7104.393955178767,0.0,0.0,pvalloc_29nbfs_LRG2_max_1hll_sAs2p0
5286,19.631154036135246,5505.188312993245,5505.450841727879,19.631154036135246,0.0,pvalloc_29nbfs_LRG2_max_1hll_sAs2p0
5287,11802.64044497834,2604.5740941240824,12509.404902922362,11802.64044497834,0.0,pvalloc_29nbfs_LRG2_max_1hll_sAs2p0
5288,33680.04867254712,2762.825265037151,33895.33284621745,33673.79302310387,6.255649443244579,pvalloc_29nbfs_LRG2_max_1hll_sAs2p0
5289,55898.38915615484,2765.0119317054096,55999.35475175625,54035.33094206371,1863.0582140911195,pvalloc_29nbfs_LRG2_max_1hll_sAs2p0
5290,74199.76899304209,3621.52014588493,74309.71453672016,67065.0993484178,7134.6696446243,pvalloc_29nbfs_LRG2_max_1hll_sAs2p0
5291,90235.89082982323,4049.9269576196234,90358.25040542602,75850.28611621661,14385.604713606663,pvalloc_29nbfs_LRG2_max_1hll_sAs2p0
5292,85634.09328975166,5619.244979341324,85935.45321864825,73566.4211583754,12067.672131376296,pvalloc_29nbfs_LRG2_max_1hll_sAs2p0
5293,91387.78584630697,5532.92667560802,91647.17685702915,76313.65738402249,15074.128462284476,pvalloc_29nbfs_LRG2_max_1hll_sAs2p0
5294,86766.36483887791,6652.746386815253,87221.01224661297,73919.68735783099,12846.677481046934,pvalloc_29nbfs_LRG2_max_1hll_sAs2p0
5295,80025.1437395546,6058.556965054975,80446.45629542849,70238.01543807074,9787.12830148382,pvalloc_29nbfs_LRG2_max_1hll_sAs2p0
5296,65459.11059397419,6116.577447757659,66046.29758787871,61117.718810505095,4341.3917834691,pvalloc_29nbfs_LRG2_max_1hll_sAs2p0
5297,49707.429857343624,5439.3363242525875,50397.89685719265,48735.34803850798,972.0818188356343,pvalloc_29nbfs_LRG2_max_1hll_sAs2p0
5298,29316.340216755172,5433.274664569962,30520.42933119809,29316.340216755172,0.0,pvalloc_29nbfs_LRG2_max_1hll_sAs2p0
5299,8812.02045936105,6468.228832199335,12183.549187477323,8812.02045936105,0.0,pvalloc_29nbfs_LRG2_max_1hll_sAs2p0
5300,0.006800150706788702,16914.58945231281,16914.58945231281,0.006800150706788702,0.0,pvalloc_29nbfs_LRG2_max_1hll_sAs2p0
5301,0.0,19664.8737674663,19664.8737674663,0.0,0.0,pvalloc_29nbfs_LRG2_max_1hll_sAs2p0
5302,0.0,21717.297616531436,21717.297616531436,0.0,0.0,pvalloc_29nbfs_LRG2_max_1hll_sAs2p0
5303,0.0,17214.825474050005,17214.825474050005,0.0,0.0,pvalloc_29nbfs_LRG2_max_1hll_sAs2p0
5304,0.0,12578.207549128694,12578.207549128694,0.0,0.0,pvalloc_29nbfs_LRG2_max_1hll_sAs2p0
5305,0.0,10294.109997870488,10294.109997870488,0.0,0.0,pvalloc_29nbfs_LRG2_max_1hll_sAs2p0
5306,0.0,8325.709247505114,8325.709247505114,0.0,0.0,pvalloc_29nbfs_LRG2_max_1hll_sAs2p0
5307,0.0,7293.515981600714,7293.515981600714,0.0,0.0,pvalloc_29nbfs_LRG2_max_1hll_sAs2p0
5308,0.0,6735.77447883469,6735.77447883469,0.0,0.0,pvalloc_29nbfs_LRG2_max_1hll_sAs2p0
5309,0.0,6710.483943585054,6710.483943585054,0.0,0.0,pvalloc_29nbfs_LRG2_max_1hll_sAs2p0
5310,30.32524121577921,4984.68548503381,4985.070610474484,30.32524121577921,0.0,pvalloc_29nbfs_LRG2_max_1hll_sAs2p0
5311,11754.762008772545,2510.658783652973,12422.205052986994,11754.762008772545,0.0,pvalloc_29nbfs_LRG2_max_1hll_sAs2p0
5312,32877.191727059675,2874.3927547084363,33125.38508204646,32877.191727059675,0.0,pvalloc_29nbfs_LRG2_max_1hll_sAs2p0
5313,54827.85454724806,3219.8585821656707,54968.36843384349,53161.91784908127,1665.9366981667852,pvalloc_29nbfs_LRG2_max_1hll_sAs2p0
5314,74974.55833238414,3688.7994050380044,75100.44496978569,67494.94719829583,7479.611134088398,pvalloc_29nbfs_LRG2_max_1hll_sAs2p0
5315,91211.2112212069,3849.8048183046544,91323.70583287887,76305.94477136123,14905.266449845634,pvalloc_29nbfs_LRG2_max_1hll_sAs2p0
5316,85255.32427388382,5913.31709323534,85604.48299003241,73349.01724085784,11906.307033025943,pvalloc_29nbfs_LRG2_max_1hll_sAs2p0
5317,90980.39140341975,5415.321608317164,91220.17134711191,76191.1532500392,14789.238153380515,pvalloc_29nbfs_LRG2_max_1hll_sAs2p0
5318,88584.05695808826,5553.140447887737,88855.44281358323,74916.11374357113,13667.94321451714,pvalloc_29nbfs_LRG2_max_1hll_sAs2p0
5319,82037.69361552891,4917.105624914227,82270.80936711082,71441.11989823819,10596.573717290743,pvalloc_29nbfs_LRG2_max_1hll_sAs2p0
5320,67954.18012649358,4825.728572669723,68251.81406792834,62844.66261911196,5109.517507381628,pvalloc_29nbfs_LRG2_max_1hll_sAs2p0
5321,50069.243436933975,4697.550059296642,50525.706309664434,49107.73876344251,961.5046734914561,pvalloc_29nbfs_LRG2_max_1hll_sAs2p0
5322,31975.80768938493,3954.6493268563017,32569.46787419555,31975.80768938493,0.0,pvalloc_29nbfs_LRG2_max_1hll_sAs2p0
5323,10840.489555223323,4742.330953260477,12907.552974289449,10840.489555223323,0.0,pvalloc_29nbfs_LRG2_max_1hll_sAs2p0
5324,0.6264376223262782,11779.998101162808,11779.998101162808,0.6264376223262782,0.0,pvalloc_29nbfs_LRG2_max_1hll_sAs2p0
5325,0.0,17798.4514230697,17798.4514230697,0.0,0.0,pvalloc_29nbfs_LRG2_max_1hll_sAs2p0
5326,0.0,19605.334016129706,19605.334016129706,0.0,0.0,pvalloc_29nbfs_LRG2_max_1hll_sAs2p0
5327,0.0,17993.3392447101,17993.3392447101,0.0,0.0,pvalloc_29nbfs_LRG2_max_1hll_sAs2p0
5328,0.0,14499.905393880887,14499.905393880887,0.0,0.0,pvalloc_29nbfs_LRG2_max_1hll_sAs2p0
5329,0.0,10706.798579119697,10706.798579119697,0.0,0.0,pvalloc_29nbfs_LRG2_max_1hll_sAs2p0
5330,0.0,8691.305275136961,8691.305275136961,0.0,0.0,pvalloc_29nbfs_LRG2_max_1hll_sAs2p0
5331,0.0,7299.838339654398,7299.838339654398,0.0,0.0,pvalloc_29nbfs_LRG2_max_1hll_sAs2p0
5332,0.0,6942.486827788975,6942.486827788975,0.0,0.0,pvalloc_29nbfs_LRG2_max_1hll_sAs2p0
5333,0.0,6828.1340130815815,6828.1340130815815,0.0,0.0,pvalloc_29nbfs_LRG2_max_1hll_sAs2p0
5334,10.257268565341008,5417.628704850618,5417.7642954310195,10.257268565341008,0.0,pvalloc_29nbfs_LRG2_max_1hll_sAs2p0
5335,10508.447643957315,2805.920265738496,11441.618209920665,10508.447643957315,0.0,pvalloc_29nbfs_LRG2_max_1hll_sAs2p0
5336,31595.929788248544,3234.5207437967483,31950.51547223523,31595.929788248544,0.0,pvalloc_29nbfs_LRG2_max_1hll_sAs2p0
5337,53938.84905607177,3412.7305420465063,54106.99186677882,52423.67658302886,1515.1724730429078,pvalloc_29nbfs_LRG2_max_1hll_sAs2p0
5338,73890.5540987288,3725.6456880472515,74017.85111967706,66844.28134914374,7046.272749585045,pvalloc_29nbfs_LRG2_max_1hll_sAs2p0
5339,89067.23726885582,4023.176467702061,89184.5114632428,75287.11335044254,13780.12391841328,pvalloc_29nbfs_LRG2_max_1hll_sAs2p0
5340,84381.72177407259,5740.507174562269,84729.88124868038,72974.69236694934,11407.029407123242,pvalloc_29nbfs_LRG2_max_1hll_sAs2p0
5341,88680.43975109492,5708.838498023424,88971.0254115921,75108.23232492755,13572.207426167388,pvalloc_29nbfs_LRG2_max_1hll_sAs2p0
5342,85492.43533198755,6552.810679157277,85949.31197882499,73443.20977717376,12049.225554813811,pvalloc_29nbfs_LRG2_max_1hll_sAs2p0
5343,80370.24658779067,5459.2726191194515,80679.76583211016,70496.99927187311,9873.247315917597,pvalloc_29nbfs_LRG2_max_1hll_sAs2p0
5344,68400.28300621697,4524.405150522816,68657.81075534123,63136.53637665615,5263.746629560851,pvalloc_29nbfs_LRG2_max_1hll_sAs2p0
5345,48977.0353343136,4481.5378248762345,49398.72075306137,48186.819797555145,790.2155367584612,pvalloc_29nbfs_LRG2_max_1hll_sAs2p0
5346,29298.137666960694,4463.961770421541,30125.128322438646,29298.137666960694,0.0,pvalloc_29nbfs_LRG2_max_1hll_sAs2p0
5347,7446.522239088732,6365.377377199061,10949.78897153732,7446.522239088732,0.0,pvalloc_29nbfs_LRG2_max_1hll_sAs2p0
5348,0.0,15989.297492538737,15989.297492538737,0.0,0.0,pvalloc_29nbfs_LRG2_max_1hll_sAs2p0
5349,0.0,16826.715043934226,16826.715043934226,0.0,0.0,pvalloc_29nbfs_LRG2_max_1hll_sAs2p0
5350,0.0,17455.218388780388,17455.218388780388,0.0,0.0,pvalloc_29nbfs_LRG2_max_1hll_sAs2p0
5351,0.0,17312.601875985758,17312.601875985758,0.0,0.0,pvalloc_29nbfs_LRG2_max_1hll_sAs2p0
5352,0.0,14414.143741518077,14414.143741518077,0.0,0.0,pvalloc_29nbfs_LRG2_max_1hll_sAs2p0
5353,0.0,9954.17201230051,9954.17201230051,0.0,0.0,pvalloc_29nbfs_LRG2_max_1hll_sAs2p0
5354,0.0,8448.308232531268,8448.308232531268,0.0,0.0,pvalloc_29nbfs_LRG2_max_1hll_sAs2p0
5355,0.0,7461.470557932399,7461.470557932399,0.0,0.0,pvalloc_29nbfs_LRG2_max_1hll_sAs2p0
5356,0.0,6904.553782501744,6904.553782501744,0.0,0.0,pvalloc_29nbfs_LRG2_max_1hll_sAs2p0
5357,0.0,6785.528064411384,6785.528064411384,0.0,0.0,pvalloc_29nbfs_LRG2_max_1hll_sAs2p0
5358,16.20735020761958,5397.896560505438,5398.126524381596,16.20735020761958,0.0,pvalloc_29nbfs_LRG2_max_1hll_sAs2p0
5359,10625.33165822237,2700.4400339548565,11467.733474135972,10625.33165822237,0.0,pvalloc_29nbfs_LRG2_max_1hll_sAs2p0
5360,31822.96639676056,3036.632078822042,32123.127600935994,31822.96639676056,0.0,pvalloc_29nbfs_LRG2_max_1hll_sAs2p0
5361,51640.411974880495,4021.7792058928203,51943.934290362384,50516.46769537605,1123.9442795044474,pvalloc_29nbfs_LRG2_max_1hll_sAs2p0
5362,72728.58672333331,4119.675752899638,72892.3886880516,66144.0918043471,6584.494918986245,pvalloc_29nbfs_LRG2_max_1hll_sAs2p0
5363,86954.75864870347,4994.960831328445,87163.1831248687,74323.59258889417,12631.166059809299,pvalloc_29nbfs_LRG2_max_1hll_sAs2p0
5364,84909.88202216804,5829.953440384304,85270.57303007966,73258.98608356294,11650.895938605088,pvalloc_29nbfs_LRG2_max_1hll_sAs2p0
5365,87864.07393392874,6394.35150012962,88297.06942180495,74778.49767231953,13085.576261609218,pvalloc_29nbfs_LRG2_max_1hll_sAs2p0
5366,90095.61750038317,5273.6546111328735,90333.59050913752,75681.54232001273,14414.07518037044,pvalloc_29nbfs_LRG2_max_1hll_sAs2p0
5367,81551.8788193805,4898.602322430202,81778.29326810634,71200.91255394976,10350.966265430656,pvalloc_29nbfs_LRG2_max_1hll_sAs2p0
5368,67801.31899843419,4601.430936946289,68057.48525409846,62807.26659368557,4994.052404748578,pvalloc_29nbfs_LRG2_max_1hll_sAs2p0
5369,48940.469198211955,4696.896516236222,49403.04405637437,48179.39044465428,761.0787535576906,pvalloc_29nbfs_LRG2_max_1hll_sAs2p0
5370,28016.296942543533,4838.755160728829,29083.039014382863,28016.296942543533,0.0,pvalloc_29nbfs_LRG2_max_1hll_sAs2p0
5371,9370.337849301677,5175.950232627013,11831.104370518417,9370.337849301677,0.0,pvalloc_29nbfs_LRG2_max_1hll_sAs2p0
5372,0.0,16855.437466229727,16855.437466229727,0.0,0.0,pvalloc_29nbfs_LRG2_max_1hll_sAs2p0
5373,0.0,17345.89249504484,17345.89249504484,0.0,0.0,pvalloc_29nbfs_LRG2_max_1hll_sAs2p0
5374,0.0,16579.52219038973,16579.52219038973,0.0,0.0,pvalloc_29nbfs_LRG2_max_1hll_sAs2p0
5375,0.0,15251.446364993699,15251.446364993699,0.0,0.0,pvalloc_29nbfs_LRG2_max_1hll_sAs2p0
5376,0.0,13188.262672566276,13188.262672566276,0.0,0.0,pvalloc_29nbfs_LRG2_max_1hll_sAs2p0
5377,0.0,11323.925666493667,11323.925666493667,0.0,0.0,pvalloc_29nbfs_LRG2_max_1hll_sAs2p0
5378,0.0,9734.491596408214,9734.491596408214,0.0,0.0,pvalloc_29nbfs_LRG2_max_1hll_sAs2p0
5379,0.0,8493.11069650855,8493.11069650855,0.0,0.0,pvalloc_29nbfs_LRG2_max_1hll_sAs2p0
5380,0.0,7434.25510738279,7434.25510738279,0.0,0.0,pvalloc_29nbfs_LRG2_max_1hll_sAs2p0
5381,0.0,7087.350693282779,7087.350693282779,0.0,0.0,pvalloc_29nbfs_LRG2_max_1hll_sAs2p0
5382,6.542417163040221,5749.268725094945,5749.368115904785,6.542417163040221,0.0,pvalloc_29nbfs_LRG2_max_1hll_sAs2p0
5383,10256.27057848865,2774.5963892409504,11160.569207410857,10256.27057848865,0.0,pvalloc_29nbfs_LRG2_max_1hll_sAs2p0
5384,32077.322354180298,2885.6410053678187,32344.66008322932,32077.322354180298,0.0,pvalloc_29nbfs_LRG2_max_1hll_sAs2p0
5385,54212.420845253284,3221.059354989732,54357.85795624604,52644.404259113035,1568.0165861402509,pvalloc_29nbfs_LRG2_max_1hll_sAs2p0
5386,72820.22278424252,3905.3219524249535,72959.78698011077,66193.41591686406,6626.806867378454,pvalloc_29nbfs_LRG2_max_1hll_sAs2p0
5387,88438.42563586733,4434.891309705778,88586.06585073029,74971.86618780905,13466.559448058286,pvalloc_29nbfs_LRG2_max_1hll_sAs2p0
5388,85530.56589678768,5517.11489034732,85815.22179361645,73497.05267622414,12033.513220563576,pvalloc_29nbfs_LRG2_max_1hll_sAs2p0
5389,89265.1056709622,5835.735548444008,89566.99940883626,75349.5036004909,13915.602070471321,pvalloc_29nbfs_LRG2_max_1hll_sAs2p0
5390,85631.56608555962,6240.015207775576,86019.96575960855,73460.16868008247,12171.397405477192,pvalloc_29nbfs_LRG2_max_1hll_sAs2p0
5391,78833.85703474411,5604.084674308582,79169.63485281203,69682.6636816501,9151.193353093966,pvalloc_29nbfs_LRG2_max_1hll_sAs2p0
5392,64791.30145860881,5314.700887990173,65199.41642391047,60747.122540352924,4044.178918255893,pvalloc_29nbfs_LRG2_max_1hll_sAs2p0
5393,46008.33099641825,5338.472782310523,46719.499733820914,45563.408225340674,444.92277107757326,pvalloc_29nbfs_LRG2_max_1hll_sAs2p0
5394,27038.260316087482,4953.92050592757,28204.159556129376,27038.260316087482,0.0,pvalloc_29nbfs_LRG2_max_1hll_sAs2p0
5395,6323.595476265895,7004.872824506888,10432.32913747458,6323.595476265895,0.0,pvalloc_29nbfs_LRG2_max_1hll_sAs2p0
5396,0.0,17145.5387075203,17145.5387075203,0.0,0.0,pvalloc_29nbfs_LRG2_max_1hll_sAs2p0
5397,0.0,18592.212130355496,18592.212130355496,0.0,0.0,pvalloc_29nbfs_LRG2_max_1hll_sAs2p0
5398,0.0,17959.2808656008,17959.2808656008,0.0,0.0,pvalloc_29nbfs_LRG2_max_1hll_sAs2p0
5399,0.0,15321.147510146635,15321.147510146635,0.0,0.0,pvalloc_29nbfs_LRG2_max_1hll_sAs2p0
5400,0.0,13722.161589340783,13722.161589340783,0.0,0.0,pvalloc_29nbfs_LRG2_max_1hll_sAs2p0
5401,0.0,10430.229263731497,10430.229263731497,0.0,0.0,pvalloc_29nbfs_LRG2_max_1hll_sAs2p0
5402,0.0,8829.571873465271,8829.571873465271,0.0,0.0,pvalloc_29nbfs_LRG2_max_1hll_sAs2p0
5403,0.0,7657.188196967487,7657.188196967487,0.0,0.0,pvalloc_29nbfs_LRG2_max_1hll_sAs2p0
5404,0.0,7455.696363549953,7455.696363549953,0.0,0.0,pvalloc_29nbfs_LRG2_max_1hll_sAs2p0
5405,0.0,7031.549107246734,7031.549107246734,0.0,0.0,pvalloc_29nbfs_LRG2_max_1hll_sAs2p0
5406,2.0105090730939974,6089.540943588291,6089.588294580823,2.0105090730939974,0.0,pvalloc_29nbfs_LRG2_max_1hll_sAs2p0
5407,10249.041938265478,2615.9674873223717,11052.746454665066,10249.041938265478,0.0,pvalloc_29nbfs_LRG2_max_1hll_sAs2p0
5408,29312.08199509411,3029.1237683747477,29650.737191871962,29312.08199509411,0.0,pvalloc_29nbfs_LRG2_max_1hll_sAs2p0
5409,48775.30376923115,3991.5445925852473,49091.96274620115,48080.77874547196,694.5250237591943,pvalloc_29nbfs_LRG2_max_1hll_sAs2p0
5410,67061.38959444496,3842.8938912849208,67223.07729606004,62359.18299184949,4702.206602595491,pvalloc_29nbfs_LRG2_max_1hll_sAs2p0
5411,74863.33642123752,4142.376637305794,75035.24358269932,67368.21792379735,7495.11849744011,pvalloc_29nbfs_LRG2_max_1hll_sAs2p0
5412,63320.35848871679,5462.781090606811,63800.085503129456,59693.69642515982,3626.662063556982,pvalloc_29nbfs_LRG2_max_1hll_sAs2p0
5413,62787.04609798642,6094.090403503846,63416.7925411681,59246.24133516814,3540.804762818287,pvalloc_29nbfs_LRG2_max_1hll_sAs2p0
5414,57288.79191730189,6035.564948253572,58011.52197639914,54916.86137940067,2371.930537901221,pvalloc_29nbfs_LRG2_max_1hll_sAs2p0
5415,46216.938958209976,5488.547883454544,46975.32834824831,45704.34955410092,512.5894041090473,pvalloc_29nbfs_LRG2_max_1hll_sAs2p0
5416,34377.486428974174,5014.366436931303,35267.522322091034,34327.92683478986,49.55959418431445,pvalloc_29nbfs_LRG2_max_1hll_sAs2p0
5417,27446.27780282547,4820.507411426365,28499.113262142295,27446.27780282547,0.0,pvalloc_29nbfs_LRG2_max_1hll_sAs2p0
5418,11362.682372340025,5234.26486346601,13696.370443945356,11362.682372340025,0.0,pvalloc_29nbfs_LRG2_max_1hll_sAs2p0
5419,2517.9061206726956,6574.396822921602,7235.619885093621,2517.9061206726956,0.0,pvalloc_29nbfs_LRG2_max_1hll_sAs2p0
5420,0.0,14157.15488508166,14157.15488508166,0.0,0.0,pvalloc_29nbfs_LRG2_max_1hll_sAs2p0
5421,0.0,16175.317955120869,16175.317955120869,0.0,0.0,pvalloc_29nbfs_LRG2_max_1hll_sAs2p0
5422,0.0,16617.529616008724,16617.529616008724,0.0,0.0,pvalloc_29nbfs_LRG2_max_1hll_sAs2p0
5423,0.0,15583.466132818583,15583.466132818583,0.0,0.0,pvalloc_29nbfs_LRG2_max_1hll_sAs2p0
5424,0.0,13573.678772779585,13573.678772779585,0.0,0.0,pvalloc_29nbfs_LRG2_max_1hll_sAs2p0
4920,0.0,11113.463869085277,11113.463869085277,0.0,0.0,pvalloc_29nbfs_LRG2_max_1hll_sAs4p0
4921,0.0,10737.831728562103,10737.831728562103,0.0,0.0,pvalloc_29nbfs_LRG2_max_1hll_sAs4p0
4922,0.0,10105.311448681485,10105.311448681485,0.0,0.0,pvalloc_29nbfs_LRG2_max_1hll_sAs4p0
4923,0.0,8120.094880445637,8120.094880445637,0.0,0.0,pvalloc_29nbfs_LRG2_max_1hll_sAs4p0
4924,0.0,7251.733657230993,7251.733657230993,0.0,0.0,pvalloc_29nbfs_LRG2_max_1hll_sAs4p0
4925,0.0,6971.075169345191,6971.075169345191,0.0,0.0,pvalloc_29nbfs_LRG2_max_1hll_sAs4p0
4926,823.7741490327694,3595.971291460856,3690.6263163252993,823.7741490327694,0.0,pvalloc_29nbfs_LRG2_max_1hll_sAs4p0
4927,15762.931385639236,2536.1560997454253,16270.140972030393,15762.931385639236,0.0,pvalloc_29nbfs_LRG2_max_1hll_sAs4p0
4928,35997.29640873687,2697.8109377311807,36182.62472958201,35930.676219607645,66.62018912921923,pvalloc_29nbfs_LRG2_max_1hll_sAs4p0
4929,55372.721692048144,3337.9366887775377,55528.99074939231,53606.84444776217,1765.8772442859604,pvalloc_29nbfs_LRG2_max_1hll_sAs4p0
4930,74396.32715520023,3562.8215124176477,74509.85625160544,67100.30371988763,7296.023435312635,pvalloc_29nbfs_LRG2_max_1hll_sAs4p0
4931,89324.43189102045,4072.183865716454,89453.0218278106,75345.74920170559,13978.682689314815,pvalloc_29nbfs_LRG2_max_1hll_sAs4p0
4932,74227.1256278209,5133.575883802597,74534.44081723549,66964.36337836612,7262.762249454819,pvalloc_29nbfs_LRG2_max_1hll_sAs4p0
4933,61772.8302074648,6642.592697828206,62619.045798569154,58539.75720297895,3233.0730044858356,pvalloc_29nbfs_LRG2_max_1hll_sAs4p0
4934,58396.851152719486,5487.784626408899,58940.471232058495,55856.09563798447,2540.75551473501,pvalloc_29nbfs_LRG2_max_1hll_sAs4p0
4935,50984.97112635835,5066.783650420372,51552.477312322095,49816.84896806563,1168.122158292716,pvalloc_29nbfs_LRG2_max_1hll_sAs4p0
4936,50368.53199961425,4815.485184059853,50882.39254688501,49310.15371674386,1058.378282870384,pvalloc_29nbfs_LRG2_max_1hll_sAs4p0
4937,34088.52866116107,4267.024791985791,34737.538078684185,34046.393482166866,42.13517899419924,pvalloc_29nbfs_LRG2_max_1hll_sAs4p0
4938,16345.485146770054,3926.280143476745,17456.855088183984,16345.485146770054,0.0,pvalloc_29nbfs_LRG2_max_1hll_sAs4p0
4939,7181.316319984664,5152.357443115933,9875.273958450667,7181.316319984664,0.0,pvalloc_29nbfs_LRG2_max_1hll_sAs4p0
4940,296.4286623046451,8837.147441928499,8840.594808401667,296.4286623046451,0.0,pvalloc_29nbfs_LRG2_max_1hll_sAs4p0
4941,0.0,12714.325160437364,12714.325160437364,0.0,0.0,pvalloc_29nbfs_LRG2_max_1hll_sAs4p0
4942,0.0,13844.117670126652,13844.117670126652,0.0,0.0,pvalloc_29nbfs_LRG2_max_1hll_sAs4p0
4943,0.0,13190.081500942473,13190.081500942473,0.0,0.0,pvalloc_29nbfs_LRG2_max_1hll_sAs4p0
4944,0.0,15734.473543662867,15734.473543662867,0.0,0.0,pvalloc_29nbfs_LRG2_max_1hll_sAs4p0
4945,0.0,11843.652935827873,11843.652935827873,0.0,0.0,pvalloc_29nbfs_LRG2_max_1hll_sAs4p0
4946,0.0,9148.163406638316,9148.163406638316,0.0,0.0,pvalloc_29nbfs_LRG2_max_1hll_sAs4p0
4947,0.0,7889.191632688863,7889.191632688863,0.0,0.0,pvalloc_29nbfs_LRG2_max_1hll_sAs4p0
4948,0.0,7842.183829125385,7842.183829125385,0.0,0.0,pvalloc_29nbfs_LRG2_max_1hll_sAs4p0
4949,0.0,6888.334696423669,6888.334696423669,0.0,0.0,pvalloc_29nbfs_LRG2_max_1hll_sAs4p0
4950,7.639324942686253,5201.234253994543,5201.251566357497,7.639324942686253,0.0,pvalloc_29nbfs_LRG2_max_1hll_sAs4p0
4951,9124.936843659627,2539.5112267820587,9970.703181961755,9124.936843659627,0.0,pvalloc_29nbfs_LRG2_max_1hll_sAs4p0
4952,30304.87818383176,2554.049246180508,30518.31434282534,30304.87818383176,0.0,pvalloc_29nbfs_LRG2_max_1hll_sAs4p0
4953,54009.282572866134,3006.641620236035,54133.42736462823,52476.10579849715,1533.176774368985,pvalloc_29nbfs_LRG2_max_1hll_sAs4p0
4954,75430.26892311941,3368.6964532948673,75526.07385119927,67732.37366567818,7697.895257441229,pvalloc_29nbfs_LRG2_max_1hll_sAs4p0
4955,86713.7614662575,3615.802714310938,86820.23498783275,73963.20036106968,12750.561105187835,pvalloc_29nbfs_LRG2_max_1hll_sAs4p0
4956,74743.00336619533,4604.406543896985,74968.53322566379,67282.64267174408,7460.36069445116,pvalloc_29nbfs_LRG2_max_1hll_sAs4p0
4957,50055.24895507801,4867.927955120789,50570.40044536565,49067.156047462755,988.0929076152445,pvalloc_29nbfs_LRG2_max_1hll_sAs4p0
4958,60901.53079416627,5005.861912259686,61344.34629602425,57686.38424732303,3215.146546843234,pvalloc_29nbfs_LRG2_max_1hll_sAs4p0
4959,48575.63543895631,5048.686845101202,49211.69219534507,47753.43907971747,822.1963592388452,pvalloc_29nbfs_LRG2_max_1hll_sAs4p0
4960,44660.4042087742,4723.53319016571,45276.34437014573,44241.2918111014,419.11239767279716,pvalloc_29nbfs_LRG2_max_1hll_sAs4p0
4961,35982.78200043254,4805.357693073346,36785.7901834129,35885.16583628332,97.61616414921701,pvalloc_29nbfs_LRG2_max_1hll_sAs4p0
4962,19842.39437004988,4687.440573567781,21185.964052380223,19842.39437004988,0.0,pvalloc_29nbfs_LRG2_max_1hll_sAs4p0
4963,9131.307240144717,6050.690431089887,12245.897618024806,9131.307240144717,0.0,pvalloc_29nbfs_LRG2_max_1hll_sAs4p0
4964,3.581914401162428,11427.805504739425,11427.805504739425,3.581914401162428,0.0,pvalloc_29nbfs_LRG2_max_1hll_sAs4p0
4965,0.0,21698.627529472968,21698.627529472968,0.0,0.0,pvalloc_29nbfs_LRG2_max_1hll_sAs4p0
4966,0.0,15054.668580548847,15054.668580548847,0.0,0.0,pvalloc_29nbfs_LRG2_max_1hll_sAs4p0
4967,0.0,14761.300435221638,14761.300435221638,0.0,0.0,pvalloc_29nbfs_LRG2_max_1hll_sAs4p0
4968,0.0,12492.279958567413,12492.279958567413,0.0,0.0,pvalloc_29nbfs_LRG2_max_1hll_sAs4p0
4969,0.0,10052.532145121633,10052.532145121633,0.0,0.0,pvalloc_29nbfs_LRG2_max_1hll_sAs4p0
4970,0.0,8034.332061846783,8034.332061846783,0.0,0.0,pvalloc_29nbfs_LRG2_max_1hll_sAs4p0
4971,0.0,7219.022230515399,7219.022230515399,0.0,0.0,pvalloc_29nbfs_LRG2_max_1hll_sAs4p0
4972,0.0,6689.043790452775,6689.043790452775,0.0,0.0,pvalloc_29nbfs_LRG2_max_1hll_sAs4p0
4973,0.0,6426.528200910119,6426.528200910119,0.0,0.0,pvalloc_29nbfs_LRG2_max_1hll_sAs4p0
4974,161.18824650304197,3989.2406730391326,3991.1904213793155,161.18824650304197,0.0,pvalloc_29nbfs_LRG2_max_1hll_sAs4p0
4975,10203.864192881225,2533.9963129396365,10986.27543221838,10203.864192881225,0.0,pvalloc_29nbfs_LRG2_max_1hll_sAs4p0
4976,3135.3966517331837,2922.312799125229,4787.013368007645,3135.3966517331837,0.0,pvalloc_29nbfs_LRG2_max_1hll_sAs4p0
4977,18339.64803821176,3138.7317315426226,19031.709531845343,18339.64803821176,0.0,pvalloc_29nbfs_LRG2_max_1hll_sAs4p0
4978,36179.32004059335,3432.5341868378036,36534.85850004234,36088.06900147573,91.25103911763233,pvalloc_29nbfs_LRG2_max_1hll_sAs4p0
4979,57345.392611772,3908.7472737480025,57576.94408113607,55094.82065959655,2250.571952175448,pvalloc_29nbfs_LRG2_max_1hll_sAs4p0
4980,59628.12489163559,4677.538760696707,59974.53402741251,56862.999991193945,2765.1249004416577,pvalloc_29nbfs_LRG2_max_1hll_sAs4p0
4981,62952.05147164058,5377.796658789327,63411.55833291207,59359.22519520776,3592.826276432845,pvalloc_29nbfs_LRG2_max_1hll_sAs4p0
4982,47640.28516351747,4926.04574142957,48242.664081616625,46954.157410950196,686.1277525672762,pvalloc_29nbfs_LRG2_max_1hll_sAs4p0
4983,52866.87692828131,5535.483495956056,53512.15447919819,51413.27023574646,1453.6066925348478,pvalloc_29nbfs_LRG2_max_1hll_sAs4p0
4984,42941.28280639172,4885.914653527086,43585.742474588995,42661.45528805224,279.8275183394772,pvalloc_29nbfs_LRG2_max_1hll_sAs4p0
4985,28500.327655389374,4366.870817579753,29333.878051116706,28500.327655389374,0.0,pvalloc_29nbfs_LRG2_max_1hll_sAs4p0
4986,22526.61765559594,4916.477241284613,23927.723728295652,22526.61765559594,0.0,pvalloc_29nbfs_LRG2_max_1hll_sAs4p0
4987,9975.307547790251,5114.287522966078,12426.157977743416,9975.307547790251,0.0,pvalloc_29nbfs_LRG2_max_1hll_sAs4p0
4988,1.7340738094801524,11602.197215550643,11602.197215550643,1.7340738094801524,0.0,pvalloc_29nbfs_LRG2_max_1hll_sAs4p0
4989,0.0,15306.207062822388,15306.207062822388,0.0,0.0,pvalloc_29nbfs_LRG2_max_1hll_sAs4p0
4990,0.0,18487.541112237723,18487.541112237723,0.0,0.0,pvalloc_29nbfs_LRG2_max_1hll_sAs4p0
4991,0.0,15678.910070087288,15678.910070087288,0.0,0.0,pvalloc_29nbfs_LRG2_max_1hll_sAs4p0
4992,0.0,12457.95010585332,12457.95010585332,0.0,0.0,pvalloc_29nbfs_LRG2_max_1hll_sAs4p0
4993,0.0,9566.57816566627,9566.57816566627,0.0,0.0,pvalloc_29nbfs_LRG2_max_1hll_sAs4p0
4994,0.0,8172.598108657664,8172.598108657664,0.0,0.0,pvalloc_29nbfs_LRG2_max_1hll_sAs4p0
4995,0.0,7275.373634775014,7275.373634775014,0.0,0.0,pvalloc_29nbfs_LRG2_max_1hll_sAs4p0
4996,0.0,6657.432000184344,6657.432000184344,0.0,0.0,pvalloc_29nbfs_LRG2_max_1hll_sAs4p0
4997,0.0,6227.237294939231,6227.237294939231,0.0,0.0,pvalloc_29nbfs_LRG2_max_1hll_sAs4p0
4998,409.41155909418296,3581.3647689924546,3598.3422149826456,409.41155909418296,0.0,pvalloc_29nbfs_LRG2_max_1hll_sAs4p0
4999,14924.97414858093,2526.137726932503,15468.928226554002,14924.97414858093,0.0,pvalloc_29nbfs_LRG2_max_1hll_sAs4p0
5000,33569.96824542822,2776.4563874072987,33795.38844855462,33559.56878229805,10.399463130177992,pvalloc_29nbfs_LRG2_max_1hll_sAs4p0
5001,52012.44193200483,3114.4302965620745,52159.01541804323,50800.158014629786,1212.283917375045,pvalloc_29nbfs_LRG2_max_1hll_sAs4p0
5002,65706.14628969975,3225.1089595078024,65822.59233991407,61384.044776666524,4322.101513033181,pvalloc_29nbfs_LRG2_max_1hll_sAs4p0
5003,85572.08860194478,3940.220475636037,85696.4102017521,73406.28433912907,12165.804262815678,pvalloc_29nbfs_LRG2_max_1hll_sAs4p0
5004,83664.75455672253,4477.932534781551,83835.6493878669,72401.14145407046,11263.61310265206,pvalloc_29nbfs_LRG2_max_1hll_sAs4p0
5005,90123.60002782375,4606.363494604156,90299.88783166133,75712.3277058114,14411.272322012337,pvalloc_29nbfs_LRG2_max_1hll_sAs4p0
5006,83923.50673455675,4591.780458493313,84128.55786670915,72422.32423562481,11501.18249893194,pvalloc_29nbfs_LRG2_max_1hll_sAs4p0
5007,70149.58381077349,4609.322867320777,70410.23390001334,64298.66507346144,5850.918737312061,pvalloc_29nbfs_LRG2_max_1hll_sAs4p0
5008,55306.230484533204,4087.577240197306,55600.84882422467,53413.49928839528,1892.7311961379264,pvalloc_29nbfs_LRG2_max_1hll_sAs4p0
5009,32732.969081815532,3834.2630178644076,33280.18537340335,32724.982035238878,7.987046576652631,pvalloc_29nbfs_LRG2_max_1hll_sAs4p0
5010,13740.762879345239,3958.080970171245,15070.10420739636,13740.762879345239,0.0,pvalloc_29nbfs_LRG2_max_1hll_sAs4p0
5011,2513.4186877121815,6083.141789110339,6860.095894703082,2513.4186877121815,0.0,pvalloc_29nbfs_LRG2_max_1hll_sAs4p0
5012,0.024958675141344665,13827.089635610195,13827.089635610195,0.024958675141344665,0.0,pvalloc_29nbfs_LRG2_max_1hll_sAs4p0
5013,0.0,14662.18168263524,14662.18168263524,0.0,0.0,pvalloc_29nbfs_LRG2_max_1hll_sAs4p0
5014,0.0,16274.799124460178,16274.799124460178,0.0,0.0,pvalloc_29nbfs_LRG2_max_1hll_sAs4p0
5015,0.0,15624.092956490873,15624.092956490873,0.0,0.0,pvalloc_29nbfs_LRG2_max_1hll_sAs4p0
5016,0.0,12724.18576973016,12724.18576973016,0.0,0.0,pvalloc_29nbfs_LRG2_max_1hll_sAs4p0
5017,0.0,10867.074894322574,10867.074894322574,0.0,0.0,pvalloc_29nbfs_LRG2_max_1hll_sAs4p0
5018,0.0,8769.371741640622,8769.371741640622,0.0,0.0,pvalloc_29nbfs_LRG2_max_1hll_sAs4p0
5019,0.0,7592.31461024244,7592.31461024244,0.0,0.0,pvalloc_29nbfs_LRG2_max_1hll_sAs4p0
5020,0.0,6804.494587055006,6804.494587055006,0.0,0.0,pvalloc_29nbfs_LRG2_max_1hll_sAs4p0
5021,0.0,6914.447201421453,6914.447201421453,0.0,0.0,pvalloc_29nbfs_LRG2_max_1hll_sAs4p0
5022,126.63923545606558,4156.735308755917,4158.307770229403,126.63923545606558,0.0,pvalloc_29nbfs_LRG2_max_1hll_sAs4p0
5023,10441.812914165252,2564.146952693221,11234.282792233893,10441.812914165252,0.0,pvalloc_29nbfs_LRG2_max_1hll_sAs4p0
5024,21693.972641855406,2749.429831840609,22115.787849897482,21693.972641855406,0.0,pvalloc_29nbfs_LRG2_max_1hll_sAs4p0
5025,18562.5790386269,3366.5547174968833,19408.57645201644,18562.5790386269,0.0,pvalloc_29nbfs_LRG2_max_1hll_sAs4p0
5026,30578.103976719216,3799.1059403145027,31189.611906997423,30578.103976719216,0.0,pvalloc_29nbfs_LRG2_max_1hll_sAs4p0
5027,65870.53437713845,3646.4696410715715,66028.60945851465,61456.28391855652,4414.250458581956,pvalloc_29nbfs_LRG2_max_1hll_sAs4p0
5028,78977.08529041526,5326.62723779093,79303.27596867923,69861.67198523034,9115.413305184942,pvalloc_29nbfs_LRG2_max_1hll_sAs4p0
5029,52067.06586877726,5045.41427602029,52600.33522359374,50739.48919300527,1327.5766757719866,pvalloc_29nbfs_LRG2_max_1hll_sAs4p0
5030,22718.673586630233,5836.909562745256,24592.56838215615,22718.673586630233,0.0,pvalloc_29nbfs_LRG2_max_1hll_sAs4p0
5031,25368.590447311497,4959.700924973027,26613.865239824085,25368.590447311497,0.0,pvalloc_29nbfs_LRG2_max_1hll_sAs4p0
5032,33761.25637090244,4039.016230652158,34348.594642873984,33719.92114630808,41.33522459435926,pvalloc_29nbfs_LRG2_max_1hll_sAs4p0
5033,26716.125521736594,4129.336037755214,27520.257456204363,26716.125521736594,0.0,pvalloc_29nbfs_LRG2_max_1hll_sAs4p0
5034,16599.206692392017,4723.398894259855,18221.73613504796,16599.206692392017,0.0,pvalloc_29nbfs_LRG2_max_1hll_sAs4p0
5035,10220.882571348902,5390.2107016717355,12756.905456126891,10220.882571348902,0.0,pvalloc_29nbfs_LRG2_max_1hll_sAs4p0
5036,10.577084658176796,10990.550155212033,10990.562590361187,10.577084658176796,0.0,pvalloc_29nbfs_LRG2_max_1hll_sAs4p0
5037,0.0,15623.399766375915,15623.399766375915,0.0,0.0,pvalloc_29nbfs_LRG2_max_1hll_sAs4p0
5038,0.0,16022.715362504956,16022.715362504956,0.0,0.0,pvalloc_29nbfs_LRG2_max_1hll_sAs4p0
5039,0.0,16439.75171535185,16439.75171535185,0.0,0.0,pvalloc_29nbfs_LRG2_max_1hll_sAs4p0
5040,0.0,12326.556850038323,12326.556850038323,0.0,0.0,pvalloc_29nbfs_LRG2_max_1hll_sAs4p0
5041,0.0,9488.472208125195,9488.472208125195,0.0,0.0,pvalloc_29nbfs_LRG2_max_1hll_sAs4p0
5042,0.0,8024.4353338224,8024.4353338224,0.0,0.0,pvalloc_29nbfs_LRG2_max_1hll_sAs4p0
5043,0.0,7253.657469496068,7253.657469496068,0.0,0.0,pvalloc_29nbfs_LRG2_max_1hll_sAs4p0
5044,0.0,6638.189465394041,6638.189465394041,0.0,0.0,pvalloc_29nbfs_LRG2_max_1hll_sAs4p0
5045,0.0,6441.096729282571,6441.096729282571,0.0,0.0,pvalloc_29nbfs_LRG2_max_1hll_sAs4p0
5046,127.20575597787263,4133.299901562012,4134.851191295579,127.20575597787263,0.0,pvalloc_29nbfs_LRG2_max_1hll_sAs4p0
5047,11297.217074142858,2640.916117422722,12117.7643764658,11297.217074142858,0.0,pvalloc_29nbfs_LRG2_max_1hll_sAs4p0
5048,32391.310165133204,2959.926401617258,32670.48087065634,32391.310165133204,0.0,pvalloc_29nbfs_LRG2_max_1hll_sAs4p0
5049,53149.442727621514,3327.5625225294907,53317.918702807874,51771.17423860474,1378.2684890167752,pvalloc_29nbfs_LRG2_max_1hll_sAs4p0
5050,72244.04805011301,3409.212725336884,72343.39940930605,65795.31049182768,6448.737558285382,pvalloc_29nbfs_LRG2_max_1hll_sAs4p0
5051,65851.51805851646,3814.1373509484874,66021.24860457971,61474.08898345014,4377.429075066321,pvalloc_29nbfs_LRG2_max_1hll_sAs4p0
5052,60339.622883214,4447.951411042163,60634.3912213795,57427.77707133678,2911.845811877215,pvalloc_29nbfs_LRG2_max_1hll_sAs4p0
5053,66927.83522860451,4710.724703637478,67215.76960355112,62174.25236056722,4753.582868037446,pvalloc_29nbfs_LRG2_max_1hll_sAs4p0
5054,68053.71094067622,4590.49086488143,68328.39201766314,62861.68017643604,5192.03076424023,pvalloc_29nbfs_LRG2_max_1hll_sAs4p0
5055,57562.52071816626,4863.258508752926,57975.46005446889,55201.44371931992,2361.0769988463385,pvalloc_29nbfs_LRG2_max_1hll_sAs4p0
5056,51412.96572894221,4304.8893518948125,51773.01156560363,50223.636753035884,1189.3289759063155,pvalloc_29nbfs_LRG2_max_1hll_sAs4p0
5057,34347.28293381633,3725.0356937142874,34835.56233083356,34303.93287898777,43.35005482855905,pvalloc_29nbfs_LRG2_max_1hll_sAs4p0
5058,12129.957398514905,3720.72551662022,13406.540592753672,12129.957398514905,0.0,pvalloc_29nbfs_LRG2_max_1hll_sAs4p0
5059,6180.308976300028,4370.776169745536,8408.562193614174,6180.308976300028,0.0,pvalloc_29nbfs_LRG2_max_1hll_sAs4p0
5060,213.13749914454485,7653.306194106436,7655.896351002164,213.13749914454485,0.0,pvalloc_29nbfs_LRG2_max_1hll_sAs4p0
5061,0.0,12442.644294585478,12442.644294585478,0.0,0.0,pvalloc_29nbfs_LRG2_max_1hll_sAs4p0
5062,0.0,12652.578225358759,12652.578225358759,0.0,0.0,pvalloc_29nbfs_LRG2_max_1hll_sAs4p0
5063,0.0,12878.862779430521,12878.862779430521,0.0,0.0,pvalloc_29nbfs_LRG2_max_1hll_sAs4p0
5064,0.0,12350.75565968853,12350.75565968853,0.0,0.0,pvalloc_29nbfs_LRG2_max_1hll_sAs4p0
5065,0.0,11097.685205202353,11097.685205202353,0.0,0.0,pvalloc_29nbfs_LRG2_max_1hll_sAs4p0
5066,0.0,9294.124150992036,9294.124150992036,0.0,0.0,pvalloc_29nbfs_LRG2_max_1hll_sAs4p0
5067,0.0,7868.847255381626,7868.847255381626,0.0,0.0,pvalloc_29nbfs_LRG2_max_1hll_sAs4p0
5068,0.0,6865.793803809358,6865.793803809358,0.0,0.0,pvalloc_29nbfs_LRG2_max_1hll_sAs4p0
5069,0.0,7046.117084101745,7046.117084101745,0.0,0.0,pvalloc_29nbfs_LRG2_max_1hll_sAs4p0
5070,117.94939055516036,4242.92206665086,4244.369030821425,117.94939055516036,0.0,pvalloc_29nbfs_LRG2_max_1hll_sAs4p0
5071,13182.319462191183,2495.248302376884,13790.48503584462,13182.319462191183,0.0,pvalloc_29nbfs_LRG2_max_1hll_sAs4p0
5072,30184.454907312786,2796.641011214852,30457.007044991937,30184.454907312786,0.0,pvalloc_29nbfs_LRG2_max_1hll_sAs4p0
5073,52411.28726589309,3196.017606933198,52567.801536727304,51123.95470985754,1287.3325560355552,pvalloc_29nbfs_LRG2_max_1hll_sAs4p0
5074,69815.48127497875,3484.2931533394612,69948.49918575946,64159.24376908374,5656.237505894827,pvalloc_29nbfs_LRG2_max_1hll_sAs4p0
5075,80386.7707212639,3902.002016610821,80531.31356154272,70543.80701456369,9842.96370670026,pvalloc_29nbfs_LRG2_max_1hll_sAs4p0
5076,70891.96692589526,4438.176984741597,71116.97854887958,64835.26861841686,6056.698307478395,pvalloc_29nbfs_LRG2_max_1hll_sAs4p0
5077,62712.25475106776,4864.053905759338,63062.133334046455,59165.00702395573,3547.2477271120333,pvalloc_29nbfs_LRG2_max_1hll_sAs4p0
5078,53278.950261756734,5048.40863708216,53812.3913760956,51720.692537845105,1558.2577239116388,pvalloc_29nbfs_LRG2_max_1hll_sAs4p0
5079,33087.934906630566,5064.236643833722,34069.31244941886,33059.95359408275,27.98131254782072,pvalloc_29nbfs_LRG2_max_1hll_sAs4p0
5080,36288.44211714346,4694.131123489344,37028.27690076416,36184.22084860581,104.22126853765747,pvalloc_29nbfs_LRG2_max_1hll_sAs4p0
5081,28592.278265124387,4457.270408236032,29462.074714481605,28592.278265124387,0.0,pvalloc_29nbfs_LRG2_max_1hll_sAs4p0
5082,16326.0104691682,4413.761320484321,17741.739318404918,16326.0104691682,0.0,pvalloc_29nbfs_LRG2_max_1hll_sAs4p0
5083,8594.390930505462,4733.15522726994,10818.796201963318,8594.390930505462,0.0,pvalloc_29nbfs_LRG2_max_1hll_sAs4p0
5084,45.21955350322715,9038.757462652185,9039.034472683115,45.21955350322715,0.0,pvalloc_29nbfs_LRG2_max_1hll_sAs4p0
5085,0.0,14038.884071464148,14038.884071464148,0.0,0.0,pvalloc_29nbfs_LRG2_max_1hll_sAs4p0
5086,0.0,16707.678657408916,16707.678657408916,0.0,0.0,pvalloc_29nbfs_LRG2_max_1hll_sAs4p0
5087,0.0,14798.423471834052,14798.423471834052,0.0,0.0,pvalloc_29nbfs_LRG2_max_1hll_sAs4p0
5088,0.0,12920.99292829493,12920.99292829493,0.0,0.0,pvalloc_29nbfs_LRG2_max_1hll_sAs4p0
5089,0.0,9900.944565301277,9900.944565301277,0.0,0.0,pvalloc_29nbfs_LRG2_max_1hll_sAs4p0
5090,0.0,9389.78590368506,9389.78590368506,0.0,0.0,pvalloc_29nbfs_LRG2_max_1hll_sAs4p0
5091,0.0,7401.546438254427,7401.546438254427,0.0,0.0,pvalloc_29nbfs_LRG2_max_1hll_sAs4p0
5092,0.0,6692.067790682453,6692.067790682453,0.0,0.0,pvalloc_29nbfs_LRG2_max_1hll_sAs4p0
5093,0.0,6497.448685059625,6497.448685059625,0.0,0.0,pvalloc_29nbfs_LRG2_max_1hll_sAs4p0
5094,300.5952828858612,3841.291876658645,3845.2003206257004,300.5952828858612,0.0,pvalloc_29nbfs_LRG2_max_1hll_sAs4p0
5095,14806.737848874724,2371.843424005676,15273.977617780683,14806.737848874724,0.0,pvalloc_29nbfs_LRG2_max_1hll_sAs4p0
5096,34810.39689052617,2366.7631033281878,34947.621612003386,34781.14898515024,29.24790537593458,pvalloc_29nbfs_LRG2_max_1hll_sAs4p0
5097,56900.20628516485,2793.915193535223,56994.70475949168,54847.30172340275,2052.9045617620995,pvalloc_29nbfs_LRG2_max_1hll_sAs4p0
5098,73793.03400904259,2917.929389296991,73869.1895121038,66759.38183091981,7033.6521781227475,pvalloc_29nbfs_LRG2_max_1hll_sAs4p0
5099,89276.70389593736,3507.762915087897,89377.50635677317,75292.70097801415,13984.002917923193,pvalloc_29nbfs_LRG2_max_1hll_sAs4p0
5100,75380.10235750178,4903.184136094813,75636.36500176555,67650.93268161666,7729.1696758852395,pvalloc_29nbfs_LRG2_max_1hll_sAs4p0
5101,66116.715288659,5574.820640684662,66584.33811560391,61530.27146377541,4586.443824883552,pvalloc_29nbfs_LRG2_max_1hll_sAs4p0
5102,71201.4292438272,5661.451629830601,71664.70643482258,64862.971131321676,6338.458112505449,pvalloc_29nbfs_LRG2_max_1hll_sAs4p0
5103,64998.45841259742,5144.606580152402,65420.921532631924,60696.75279896532,4301.705613632095,pvalloc_29nbfs_LRG2_max_1hll_sAs4p0
5104,61190.66523396718,4940.800141696036,61620.67787940776,57901.37533922193,3289.289894745242,pvalloc_29nbfs_LRG2_max_1hll_sAs4p0
5105,25875.62581458569,4797.396239840668,26941.443146307312,25875.62581458569,0.0,pvalloc_29nbfs_LRG2_max_1hll_sAs4p0
5106,6549.071624299797,5128.141460159454,9135.281810050963,6549.071624299797,0.0,pvalloc_29nbfs_LRG2_max_1hll_sAs4p0
5107,1418.896238761125,6931.664602208271,7053.515791133425,1418.896238761125,0.0,pvalloc_29nbfs_LRG2_max_1hll_sAs4p0
5108,0.5349599757679631,11343.737169330974,11343.737169330974,0.5349599757679631,0.0,pvalloc_29nbfs_LRG2_max_1hll_sAs4p0
5109,0.0,13173.891725783153,13173.891725783153,0.0,0.0,pvalloc_29nbfs_LRG2_max_1hll_sAs4p0
5110,0.0,13106.449704799226,13106.449704799226,0.0,0.0,pvalloc_29nbfs_LRG2_max_1hll_sAs4p0
5111,0.0,12603.245316458499,12603.245316458499,0.0,0.0,pvalloc_29nbfs_LRG2_max_1hll_sAs4p0
5112,0.0,10413.182078012229,10413.182078012229,0.0,0.0,pvalloc_29nbfs_LRG2_max_1hll_sAs4p0
5113,0.0,8993.403916155024,8993.403916155024,0.0,0.0,pvalloc_29nbfs_LRG2_max_1hll_sAs4p0
5114,0.0,7817.172615127089,7817.172615127089,0.0,0.0,pvalloc_29nbfs_LRG2_max_1hll_sAs4p0
5115,0.0,7187.960258470543,7187.960258470543,0.0,0.0,pvalloc_29nbfs_LRG2_max_1hll_sAs4p0
5116,0.0,6597.782238100715,6597.782238100715,0.0,0.0,pvalloc_29nbfs_LRG2_max_1hll_sAs4p0
5117,0.0,6653.5821695844115,6653.5821695844115,0.0,0.0,pvalloc_29nbfs_LRG2_max_1hll_sAs4p0
5118,143.82445410252527,4119.326132720673,4121.010935838972,143.82445410252527,0.0,pvalloc_29nbfs_LRG2_max_1hll_sAs4p0
5119,10270.52575829478,2358.6537437156867,10950.692094555125,10270.52575829478,0.0,pvalloc_29nbfs_LRG2_max_1hll_sAs4p0
5120,31159.913294184043,2382.419432495409,31329.162222216182,31159.913294184043,0.0,pvalloc_29nbfs_LRG2_max_1hll_sAs4p0
5121,54459.417862055576,2713.4538076608455,54556.47643800719,52872.1129991506,1587.3048629049686,pvalloc_29nbfs_LRG2_max_1hll_sAs4p0
5122,70453.24999461112,3179.50744990495,70549.75073457857,64647.96022886797,5805.289765743223,pvalloc_29nbfs_LRG2_max_1hll_sAs4p0
5123,88946.10925629623,3493.8226135735085,89030.29720981771,75205.94546685246,13740.163789443817,pvalloc_29nbfs_LRG2_max_1hll_sAs4p0
5124,88537.38062612966,4692.1814428354755,88703.04018964281,75039.33596050342,13498.044665626172,pvalloc_29nbfs_LRG2_max_1hll_sAs4p0
5125,88459.41962756886,5520.702274431948,88724.86833968897,74922.84147802548,13536.578149543426,pvalloc_29nbfs_LRG2_max_1hll_sAs4p0
5126,82188.0591494003,5401.233007151653,82479.82230043835,71509.94699855325,10678.112150847075,pvalloc_29nbfs_LRG2_max_1hll_sAs4p0
5127,77625.97868542468,5317.235711417741,77945.00216383087,68895.54559008095,8730.43309534369,pvalloc_29nbfs_LRG2_max_1hll_sAs4p0
5128,68753.39251291487,4485.530323070508,69011.56193489628,63355.44693230145,5397.945580613451,pvalloc_29nbfs_LRG2_max_1hll_sAs4p0
5129,50420.651162509115,4326.8895075994105,50805.455122551604,49391.79332440178,1028.8578381073305,pvalloc_29nbfs_LRG2_max_1hll_sAs4p0
5130,30857.44959457,4874.762625380432,31805.193756918186,30857.44959457,0.0,pvalloc_29nbfs_LRG2_max_1hll_sAs4p0
5131,12204.050638313807,4979.073741841633,14329.439183924307,12204.050638313807,0.0,pvalloc_29nbfs_LRG2_max_1hll_sAs4p0
5132,1.3703770553726458,11936.267289858011,11936.267289858011,1.3703770553726458,0.0,pvalloc_29nbfs_LRG2_max_1hll_sAs4p0
5133,0.0,18228.216139042954,18228.216139042954,0.0,0.0,pvalloc_29nbfs_LRG2_max_1hll_sAs4p0
5134,0.0,18162.49636171034,18162.49636171034,0.0,0.0,pvalloc_29nbfs_LRG2_max_1hll_sAs4p0
5135,0.0,15581.301938822113,15581.301938822113,0.0,0.0,pvalloc_29nbfs_LRG2_max_1hll_sAs4p0
5136,0.0,13660.518661518498,13660.518661518498,0.0,0.0,pvalloc_29nbfs_LRG2_max_1hll_sAs4p0
5137,0.0,10358.480128423344,10358.480128423344,0.0,0.0,pvalloc_29nbfs_LRG2_max_1hll_sAs4p0
5138,0.0,8828.47113398323,8828.47113398323,0.0,0.0,pvalloc_29nbfs_LRG2_max_1hll_sAs4p0
5139,0.0,7213.798405873982,7213.798405873982,0.0,0.0,pvalloc_29nbfs_LRG2_max_1hll_sAs4p0
5140,0.0,6479.031429122138,6479.031429122138,0.0,0.0,pvalloc_29nbfs_LRG2_max_1hll_sAs4p0
5141,0.0,6403.16258096044,6403.16258096044,0.0,0.0,pvalloc_29nbfs_LRG2_max_1hll_sAs4p0
5142,125.65296707961066,4161.556878175798,4162.936963301137,125.65296707961066,0.0,pvalloc_29nbfs_LRG2_max_1hll_sAs4p0
5143,13309.863583866634,2354.877350194277,13829.204883428467,13309.863583866634,0.0,pvalloc_29nbfs_LRG2_max_1hll_sAs4p0
5144,33121.66996213581,2663.1958133823514,33320.67564322333,33121.66996213581,0.0,pvalloc_29nbfs_LRG2_max_1hll_sAs4p0
5145,53988.46365642253,3207.81547495218,54130.55512372968,52483.275355051075,1505.1883013714662,pvalloc_29nbfs_LRG2_max_1hll_sAs4p0
5146,74382.27135961394,3328.109655557001,74479.20173713237,67151.55070781216,7230.720651801799,pvalloc_29nbfs_LRG2_max_1hll_sAs4p0
5147,87670.519932982,4249.648808252041,87795.27067900867,74622.82788839532,13047.692044586669,pvalloc_29nbfs_LRG2_max_1hll_sAs4p0
5148,83286.24551467151,5795.195785870495,83652.74471207285,72375.19705583036,10911.048458841111,pvalloc_29nbfs_LRG2_max_1hll_sAs4p0
5149,88107.2769095185,5321.779168708542,88348.78002067994,74828.84081887534,13278.43609064313,pvalloc_29nbfs_LRG2_max_1hll_sAs4p0
5150,87711.27785826186,4495.761960089766,87903.03893901424,74421.51773854622,13289.760119715664,pvalloc_29nbfs_LRG2_max_1hll_sAs4p0
5151,75880.35866451707,5025.220253122533,76151.83825471261,67938.02920640538,7942.329458111669,pvalloc_29nbfs_LRG2_max_1hll_sAs4p0
5152,63217.64903777274,4265.465668963229,63462.89652524061,59543.063981226675,3674.585056546046,pvalloc_29nbfs_LRG2_max_1hll_sAs4p0
5153,45939.93540893261,3930.277535296597,46267.101855092296,45502.44100304134,437.4944058912559,pvalloc_29nbfs_LRG2_max_1hll_sAs4p0
5154,30687.164088784783,3930.9102326948537,31274.904241637974,30687.164088784783,0.0,pvalloc_29nbfs_LRG2_max_1hll_sAs4p0
5155,10173.032339423824,5607.975767638477,12946.88498396129,10173.032339423824,0.0,pvalloc_29nbfs_LRG2_max_1hll_sAs4p0
5156,0.9972178902023596,13203.216726095323,13203.216726095323,0.9972178902023596,0.0,pvalloc_29nbfs_LRG2_max_1hll_sAs4p0
5157,0.0,16656.158247084175,16656.158247084175,0.0,0.0,pvalloc_29nbfs_LRG2_max_1hll_sAs4p0
5158,0.0,16956.66673318879,16956.66673318879,0.0,0.0,pvalloc_29nbfs_LRG2_max_1hll_sAs4p0
5159,0.0,13878.197386105796,13878.197386105796,0.0,0.0,pvalloc_29nbfs_LRG2_max_1hll_sAs4p0
5160,0.0,13359.709264488025,13359.709264488025,0.0,0.0,pvalloc_29nbfs_LRG2_max_1hll_sAs4p0
5161,0.0,9823.421723926976,9823.421723926976,0.0,0.0,pvalloc_29nbfs_LRG2_max_1hll_sAs4p0
5162,0.0,8004.918441437759,8004.918441437759,0.0,0.0,pvalloc_29nbfs_LRG2_max_1hll_sAs4p0
5163,0.0,7279.771629046193,7279.771629046193,0.0,0.0,pvalloc_29nbfs_LRG2_max_1hll_sAs4p0
5164,0.0,6702.512682378077,6702.512682378077,0.0,0.0,pvalloc_29nbfs_LRG2_max_1hll_sAs4p0
5165,0.0,6398.764586689275,6398.764586689275,0.0,0.0,pvalloc_29nbfs_LRG2_max_1hll_sAs4p0
5166,103.09588686129284,4348.640571232859,4349.741235305112,103.09588686129284,0.0,pvalloc_29nbfs_LRG2_max_1hll_sAs4p0
5167,12664.622394487253,2548.1389945659216,13329.65697116494,12664.622394487253,0.0,pvalloc_29nbfs_LRG2_max_1hll_sAs4p0
5168,33069.77160878644,2920.5288084297385,33324.89084174247,33069.77160878644,0.0,pvalloc_29nbfs_LRG2_max_1hll_sAs4p0
5169,54922.976728529306,3160.622421326607,55055.32009691876,53248.28851290115,1674.6882156281722,pvalloc_29nbfs_LRG2_max_1hll_sAs4p0
5170,74952.01830193684,3061.327049074652,75036.23058410196,67471.28265610395,7480.735645832856,pvalloc_29nbfs_LRG2_max_1hll_sAs4p0
5171,89763.02403886049,3765.1941295150464,89862.82056804148,75623.59552256372,14139.428516296772,pvalloc_29nbfs_LRG2_max_1hll_sAs4p0
5172,84046.04313086403,4277.752687985266,84205.5327951209,72612.7389293363,11433.304201527733,pvalloc_29nbfs_LRG2_max_1hll_sAs4p0
5173,78330.88326137848,4586.16417402477,78545.66399164524,69381.28152892861,8949.601732449935,pvalloc_29nbfs_LRG2_max_1hll_sAs4p0
5174,88625.21383640979,4540.778246455698,88813.62957555756,74912.23915229818,13712.974684111623,pvalloc_29nbfs_LRG2_max_1hll_sAs4p0
5175,76373.17785527953,4722.1012430165565,76620.06973531387,68190.16848697922,8183.009368300284,pvalloc_29nbfs_LRG2_max_1hll_sAs4p0
5176,61172.53807373804,4537.159612930451,61478.27949534892,57990.99846072775,3181.5396130103063,pvalloc_29nbfs_LRG2_max_1hll_sAs4p0
5177,41844.48473221967,4211.182365453884,42318.88315883574,41631.80615292686,212.67857929281473,pvalloc_29nbfs_LRG2_max_1hll_sAs4p0
5178,22928.96616681863,4132.275651351289,23849.126508820096,22928.96616681863,0.0,pvalloc_29nbfs_LRG2_max_1hll_sAs4p0
5179,9386.344469687727,4312.483105187747,11204.425326018812,9386.344469687727,0.0,pvalloc_29nbfs_LRG2_max_1hll_sAs4p0
5180,20.143816169112903,9583.610774079303,9583.767735470727,20.143816169112903,0.0,pvalloc_29nbfs_LRG2_max_1hll_sAs4p0
5181,0.0,17958.547144614713,17958.547144614713,0.0,0.0,pvalloc_29nbfs_LRG2_max_1hll_sAs4p0
5182,0.0,15508.105894089558,15508.105894089558,0.0,0.0,pvalloc_29nbfs_LRG2_max_1hll_sAs4p0
5183,0.0,14273.897403473246,14273.897403473246,0.0,0.0,pvalloc_29nbfs_LRG2_max_1hll_sAs4p0
5184,0.0,13200.332246555769,13200.332246555769,0.0,0.0,pvalloc_29nbfs_LRG2_max_1hll_sAs4p0
5185,0.0,9638.325646422078,9638.325646422078,0.0,0.0,pvalloc_29nbfs_LRG2_max_1hll_sAs4p0
5186,0.0,8321.584507793394,8321.584507793394,0.0,0.0,pvalloc_29nbfs_LRG2_max_1hll_sAs4p0
5187,0.0,7169.817360127395,7169.817360127395,0.0,0.0,pvalloc_29nbfs_LRG2_max_1hll_sAs4p0
5188,0.0,7079.928698781938,7079.928698781938,0.0,0.0,pvalloc_29nbfs_LRG2_max_1hll_sAs4p0
5189,0.0,6529.334832922408,6529.334832922408,0.0,0.0,pvalloc_29nbfs_LRG2_max_1hll_sAs4p0
5190,43.78396490723443,4768.002032976116,4768.49841517188,43.78396490723443,0.0,pvalloc_29nbfs_LRG2_max_1hll_sAs4p0
5191,10379.393107567685,2502.3112182082727,11129.486082881649,10379.393107567685,0.0,pvalloc_29nbfs_LRG2_max_1hll_sAs4p0
5192,27615.114482724344,2857.157819230127,27936.970035982053,27615.114482724344,0.0,pvalloc_29nbfs_LRG2_max_1hll_sAs4p0
5193,49199.28674076932,3114.978192545538,49354.40600528318,48461.94269998812,737.344040781213,pvalloc_29nbfs_LRG2_max_1hll_sAs4p0
5194,62326.470955041565,3395.826079600458,62460.685669813654,58970.863542667335,3355.607412374208,pvalloc_29nbfs_LRG2_max_1hll_sAs4p0
5195,70884.35382040562,4074.5881747982185,71053.50502334106,64940.99262556686,5943.3611948387415,pvalloc_29nbfs_LRG2_max_1hll_sAs4p0
5196,68357.66486428873,5045.847992509146,68694.2126421882,63288.72348095837,5068.941383330343,pvalloc_29nbfs_LRG2_max_1hll_sAs4p0
5197,72589.05121497253,4919.528196780309,72864.62726813169,65922.89156305866,6666.159651913917,pvalloc_29nbfs_LRG2_max_1hll_sAs4p0
5198,71339.05917616232,5431.2786348890295,71709.91744644006,65110.28080909948,6228.778367062855,pvalloc_29nbfs_LRG2_max_1hll_sAs4p0
5199,70447.8088981095,4903.507069325726,70746.83451247995,64497.71533352862,5950.093564580818,pvalloc_29nbfs_LRG2_max_1hll_sAs4p0
5200,42359.06172126903,3815.193937291911,42729.76531276438,42126.00898639701,233.05273487201669,pvalloc_29nbfs_LRG2_max_1hll_sAs4p0
5201,27218.639773735948,3804.894243021502,27865.278277951176,27218.639773735948,0.0,pvalloc_29nbfs_LRG2_max_1hll_sAs4p0
5202,13101.445498172612,4327.705272441032,14762.699872940644,13101.445498172612,0.0,pvalloc_29nbfs_LRG2_max_1hll_sAs4p0
5203,8222.659193915342,4806.484031206159,10542.047377186365,8222.659193915342,0.0,pvalloc_29nbfs_LRG2_max_1hll_sAs4p0
5204,0.0,15090.540036086108,15090.540036086108,0.0,0.0,pvalloc_29nbfs_LRG2_max_1hll_sAs4p0
5205,0.0,15791.348827533153,15791.348827533153,0.0,0.0,pvalloc_29nbfs_LRG2_max_1hll_sAs4p0
5206,0.0,15247.755727980577,15247.755727980577,0.0,0.0,pvalloc_29nbfs_LRG2_max_1hll_sAs4p0
5207,0.0,15008.225250668323,15008.225250668323,0.0,0.0,pvalloc_29nbfs_LRG2_max_1hll_sAs4p0
5208,0.0,12069.433844123949,12069.433844123949,0.0,0.0,pvalloc_29nbfs_LRG2_max_1hll_sAs4p0
5209,0.0,11145.876780548275,11145.876780548275,0.0,0.0,pvalloc_29nbfs_LRG2_max_1hll_sAs4p0
5210,0.0,8940.899584908117,8940.899584908117,0.0,0.0,pvalloc_29nbfs_LRG2_max_1hll_sAs4p0
5211,0.0,7874.8958073584245,7874.8958073584245,0.0,0.0,pvalloc_29nbfs_LRG2_max_1hll_sAs4p0
5212,0.0,7043.644556647981,7043.644556647981,0.0,0.0,pvalloc_29nbfs_LRG2_max_1hll_sAs4p0
5213,0.0,7125.558647681808,7125.558647681808,0.0,0.0,pvalloc_29nbfs_LRG2_max_1hll_sAs4p0
5214,3.6204118106310874,5733.986692936901,5734.058376232714,3.6204118106310874,0.0,pvalloc_29nbfs_LRG2_max_1hll_sAs4p0
5215,1654.7239731528925,3023.6256087200236,3676.1512134791906,1654.7239731528925,0.0,pvalloc_29nbfs_LRG2_max_1hll_sAs4p0
5216,6112.952902846885,2945.324503049874,7460.211956444528,6112.952902846885,0.0,pvalloc_29nbfs_LRG2_max_1hll_sAs4p0
5217,12207.006714969913,3187.894192895893,13276.492760217327,12207.006714969913,0.0,pvalloc_29nbfs_LRG2_max_1hll_sAs4p0
5218,23896.60629893039,3307.5529751936947,24456.425195553362,23896.60629893039,0.0,pvalloc_29nbfs_LRG2_max_1hll_sAs4p0
5219,28435.474745298645,3946.1406353556763,29103.5110184818,28435.474745298645,0.0,pvalloc_29nbfs_LRG2_max_1hll_sAs4p0
5220,21057.306672929575,5082.805885166917,22721.23402301884,21057.306672929575,0.0,pvalloc_29nbfs_LRG2_max_1hll_sAs4p0
5221,45703.23457619862,4532.499320574463,46209.25562337786,45248.820141333825,454.4144348647864,pvalloc_29nbfs_LRG2_max_1hll_sAs4p0
5222,60423.40065670644,4698.888206071401,60778.29924699505,57386.86246256522,3036.5381941412234,pvalloc_29nbfs_LRG2_max_1hll_sAs4p0
5223,47450.14698601562,4724.81059092704,47968.24873823871,46833.622176190205,616.5248098254191,pvalloc_29nbfs_LRG2_max_1hll_sAs4p0
5224,47807.39706321422,4121.418498964119,48174.03611788208,47167.50505520212,639.8920080120902,pvalloc_29nbfs_LRG2_max_1hll_sAs4p0
5225,35805.11908867764,4199.729254264276,36379.86751131684,35736.93338178128,68.1857068963626,pvalloc_29nbfs_LRG2_max_1hll_sAs4p0
5226,24960.014274524136,4094.321945234974,25779.779174656724,24960.014274524136,0.0,pvalloc_29nbfs_LRG2_max_1hll_sAs4p0
5227,10272.648800857307,4773.757756507238,12375.416442648393,10272.648800857307,0.0,pvalloc_29nbfs_LRG2_max_1hll_sAs4p0
5228,0.24735147892331236,12343.232127618494,12343.232127618494,0.24735147892331236,0.0,pvalloc_29nbfs_LRG2_max_1hll_sAs4p0
5229,0.0,17463.787611216965,17463.787611216965,0.0,0.0,pvalloc_29nbfs_LRG2_max_1hll_sAs4p0
5230,0.0,16776.245765136624,16776.245765136624,0.0,0.0,pvalloc_29nbfs_LRG2_max_1hll_sAs4p0
5231,0.0,13863.094861205216,13863.094861205216,0.0,0.0,pvalloc_29nbfs_LRG2_max_1hll_sAs4p0
5232,0.0,12379.083196074876,12379.083196074876,0.0,0.0,pvalloc_29nbfs_LRG2_max_1hll_sAs4p0
5233,0.0,10840.796451126309,10840.796451126309,0.0,0.0,pvalloc_29nbfs_LRG2_max_1hll_sAs4p0
5234,0.0,8839.193140860432,8839.193140860432,0.0,0.0,pvalloc_29nbfs_LRG2_max_1hll_sAs4p0
5235,0.0,7691.549078353807,7691.549078353807,0.0,0.0,pvalloc_29nbfs_LRG2_max_1hll_sAs4p0
5236,0.0,6881.18871406951,6881.18871406951,0.0,0.0,pvalloc_29nbfs_LRG2_max_1hll_sAs4p0
5237,0.0,7020.828203404437,7020.828203404437,0.0,0.0,pvalloc_29nbfs_LRG2_max_1hll_sAs4p0
5238,66.53222236434836,4740.7025777691815,4741.3869405863825,66.53222236434836,0.0,pvalloc_29nbfs_LRG2_max_1hll_sAs4p0
5239,11463.78572755617,2608.629494978951,12194.820918693578,11463.78572755617,0.0,pvalloc_29nbfs_LRG2_max_1hll_sAs4p0
5240,24409.994412919863,2926.9704532099427,24814.343075164983,24409.994412919863,0.0,pvalloc_29nbfs_LRG2_max_1hll_sAs4p0
5241,48309.552595707464,3153.174992472338,48475.18953114694,47676.38451836864,633.1680773388223,pvalloc_29nbfs_LRG2_max_1hll_sAs4p0
5242,62268.27620319903,3597.647989274335,62421.57686681411,58925.95554539649,3342.3206578025397,pvalloc_29nbfs_LRG2_max_1hll_sAs4p0
5243,68824.22682538562,3909.741766965568,68990.69061799509,63529.0447486482,5295.182076737358,pvalloc_29nbfs_LRG2_max_1hll_sAs4p0
5244,56486.5275527762,4417.981603696379,56802.7849498874,54430.4696847832,2056.0578679929936,pvalloc_29nbfs_LRG2_max_1hll_sAs4p0
5245,54917.61638145997,4932.525629210634,55367.03349856339,53140.91889011502,1776.69749134495,pvalloc_29nbfs_LRG2_max_1hll_sAs4p0
5246,51256.68520044375,4986.692194922298,51804.10118474365,50050.86594217173,1205.8192582720033,pvalloc_29nbfs_LRG2_max_1hll_sAs4p0
5247,51000.57337790224,4681.21562390617,51475.36923204273,49849.67000729649,1150.9033706057635,pvalloc_29nbfs_LRG2_max_1hll_sAs4p0
5248,43375.78805580597,4129.470201487509,43832.108286206516,43078.979407929866,296.8086478761024,pvalloc_29nbfs_LRG2_max_1hll_sAs4p0
5249,35407.42460068089,4003.8621676809425,35941.89246275023,35346.02390028744,61.40070039345551,pvalloc_29nbfs_LRG2_max_1hll_sAs4p0
5250,18128.449158102598,4538.957476347256,19494.839716211973,18128.449158102598,0.0,pvalloc_29nbfs_LRG2_max_1hll_sAs4p0
5251,8336.354499608917,5133.776026714761,10856.849327637907,8336.354499608917,0.0,pvalloc_29nbfs_LRG2_max_1hll_sAs4p0
5252,0.0,18999.875043899116,18999.875043899116,0.0,0.0,pvalloc_29nbfs_LRG2_max_1hll_sAs4p0
5253,0.0,19290.580116971654,19290.580116971654,0.0,0.0,pvalloc_29nbfs_LRG2_max_1hll_sAs4p0
5254,0.0,16835.268381474212,16835.268381474212,0.0,0.0,pvalloc_29nbfs_LRG2_max_1hll_sAs4p0
5255,0.0,14924.78827852718,14924.78827852718,0.0,0.0,pvalloc_29nbfs_LRG2_max_1hll_sAs4p0
5256,0.0,13381.168060104115,13381.168060104115,0.0,0.0,pvalloc_29nbfs_LRG2_max_1hll_sAs4p0
5257,0.0,10539.960012448035,10539.960012448035,0.0,0.0,pvalloc_29nbfs_LRG2_max_1hll_sAs4p0
5258,0.0,8429.066249258418,8429.066249258418,0.0,0.0,pvalloc_29nbfs_LRG2_max_1hll_sAs4p0
5259,0.0,7662.686930720702,7662.686930720702,0.0,0.0,pvalloc_29nbfs_LRG2_max_1hll_sAs4p0
5260,0.0,6987.56971605249,6987.56971605249,0.0,0.0,pvalloc_29nbfs_LRG2_max_1hll_sAs4p0
5261,0.0,6946.060646242223,6946.060646242223,0.0,0.0,pvalloc_29nbfs_LRG2_max_1hll_sAs4p0
5262,58.78251381551589,4987.2818638393555,4987.9049327665,58.78251381551589,0.0,pvalloc_29nbfs_LRG2_max_1hll_sAs4p0
5263,12692.463280546417,2562.932825199699,13331.062650519447,12692.463280546417,0.0,pvalloc_29nbfs_LRG2_max_1hll_sAs4p0
5264,33511.86312345353,2856.088072733212,33747.62535631469,33507.897293936316,3.9658295172102385,pvalloc_29nbfs_LRG2_max_1hll_sAs4p0
5265,56208.62901365058,2947.183020676219,56321.23187442806,54286.427767612615,1922.201246037963,pvalloc_29nbfs_LRG2_max_1hll_sAs4p0
5266,75238.71254837178,3724.4314294147343,75355.5514873301,67687.19810085132,7551.514447520541,pvalloc_29nbfs_LRG2_max_1hll_sAs4p0
5267,88843.31874852582,4800.249677078444,89013.9672698695,75243.59722855392,13599.721519971907,pvalloc_29nbfs_LRG2_max_1hll_sAs4p0
5268,86136.74255045569,5848.259500636707,86470.72650502044,73824.68783095914,12312.05471949668,pvalloc_29nbfs_LRG2_max_1hll_sAs4p0
5269,91034.24810547166,5814.743255003741,91324.41717640033,76244.46580423143,14789.782301240193,pvalloc_29nbfs_LRG2_max_1hll_sAs4p0
5270,91519.16242732634,5228.56326227372,91788.36974955416,76221.82652329326,15297.335904033098,pvalloc_29nbfs_LRG2_max_1hll_sAs4p0
5271,83061.26506683021,5020.183583893827,83322.9614315158,71934.25466206415,11127.010404766113,pvalloc_29nbfs_LRG2_max_1hll_sAs4p0
5272,69202.88217532265,4778.521411766138,69490.62934609155,63671.03645272097,5531.845722601594,pvalloc_29nbfs_LRG2_max_1hll_sAs4p0
5273,52133.56116137011,4342.842772106798,52508.852086400184,50818.165132771894,1315.3960285982107,pvalloc_29nbfs_LRG2_max_1hll_sAs4p0
5274,31268.27159962011,4442.931947604699,32031.9960771987,31268.27159962011,0.0,pvalloc_29nbfs_LRG2_max_1hll_sAs4p0
5275,12677.501480986617,4709.077650743515,14450.722315792924,12677.501480986617,0.0,pvalloc_29nbfs_LRG2_max_1hll_sAs4p0
5276,0.001144878417680309,16107.71016363239,16107.71016363239,0.001144878417680309,0.0,pvalloc_29nbfs_LRG2_max_1hll_sAs4p0
5277,0.0,16661.54003587522,16661.54003587522,0.0,0.0,pvalloc_29nbfs_LRG2_max_1hll_sAs4p0
5278,0.0,16071.87963882066,16071.87963882066,0.0,0.0,pvalloc_29nbfs_LRG2_max_1hll_sAs4p0
5279,0.0,16513.61501158644,16513.61501158644,0.0,0.0,pvalloc_29nbfs_LRG2_max_1hll_sAs4p0
5280,0.0,14223.402737580198,14223.402737580198,0.0,0.0,pvalloc_29nbfs_LRG2_max_1hll_sAs4p0
5281,0.0,10189.901163932846,10189.901163932846,0.0,0.0,pvalloc_29nbfs_LRG2_max_1hll_sAs4p0
5282,0.0,9219.908618123189,9219.908618123189,0.0,0.0,pvalloc_29nbfs_LRG2_max_1hll_sAs4p0
5283,0.0,8077.212368111325,8077.212368111325,0.0,0.0,pvalloc_29nbfs_LRG2_max_1hll_sAs4p0
5284,0.0,7416.388772703773,7416.388772703773,0.0,0.0,pvalloc_29nbfs_LRG2_max_1hll_sAs4p0
5285,0.0,7104.393955178767,7104.393955178767,0.0,0.0,pvalloc_29nbfs_LRG2_max_1hll_sAs4p0
5286,19.601610834845335,5505.227092006965,5505.489620741601,19.601610834845335,0.0,pvalloc_29nbfs_LRG2_max_1hll_sAs4p0
5287,11801.825063399543,2604.473289447648,12508.420151719532,11801.825063399543,0.0,pvalloc_29nbfs_LRG2_max_1hll_sAs4p0
5288,33678.30857101431,2762.7785985429687,33893.90804380624,33672.01022465041,6.29834636390558,pvalloc_29nbfs_LRG2_max_1hll_sAs4p0
5289,55895.66913325469,2764.96418888352,55996.70973894411,54033.021095229735,1862.6480380249527,pvalloc_29nbfs_LRG2_max_1hll_sAs4p0
5290,74196.10834231538,3621.4394213068563,74306.1525071984,67060.82014117212,7135.288201143197,pvalloc_29nbfs_LRG2_max_1hll_sAs4p0
5291,90231.5214082097,4049.8523066050416,90353.8401068538,75845.22465654265,14386.296751667043,pvalloc_29nbfs_LRG2_max_1hll_sAs4p0
5292,85629.67215516703,5619.1073631558465,85931.41731577509,73560.86392188276,12068.808233284224,pvalloc_29nbfs_LRG2_max_1hll_sAs4p0
5293,91383.24545195163,5532.834418947364,91643.1042294762,76308.49393418412,15074.751517767556,pvalloc_29nbfs_LRG2_max_1hll_sAs4p0
5294,86761.9133790537,6652.6318347949355,87217.62365470552,73914.4665737344,12847.446805319318,pvalloc_29nbfs_LRG2_max_1hll_sAs4p0
5295,80021.09470125964,6058.469321227352,80443.44536899703,70233.01277645187,9788.081924807717,pvalloc_29nbfs_LRG2_max_1hll_sAs4p0
5296,65455.6591625961,6116.475196625431,66043.35688075249,61114.20136618633,4341.457796409786,pvalloc_29nbfs_LRG2_max_1hll_sAs4p0
5297,49704.79977334757,5439.2696848227215,50395.56953450376,48732.50994555215,972.2898277954275,pvalloc_29nbfs_LRG2_max_1hll_sAs4p0
5298,29314.41350401741,5433.006416524086,30518.620623430317,29314.41350401741,0.0,pvalloc_29nbfs_LRG2_max_1hll_sAs4p0
5299,8811.342907915729,6468.431664205625,12182.902156778418,8811.342907915729,0.0,pvalloc_29nbfs_LRG2_max_1hll_sAs4p0
5300,0.002782290935076717,16914.70623116802,16914.70623116802,0.002782290935076717,0.0,pvalloc_29nbfs_LRG2_max_1hll_sAs4p0
5301,0.0,19664.8737674663,19664.8737674663,0.0,0.0,pvalloc_29nbfs_LRG2_max_1hll_sAs4p0
5302,0.0,21717.297616531436,21717.297616531436,0.0,0.0,pvalloc_29nbfs_LRG2_max_1hll_sAs4p0
5303,0.0,17214.825474050005,17214.825474050005,0.0,0.0,pvalloc_29nbfs_LRG2_max_1hll_sAs4p0
5304,0.0,12578.207549128692,12578.207549128692,0.0,0.0,pvalloc_29nbfs_LRG2_max_1hll_sAs4p0
5305,0.0,10294.109997870488,10294.109997870488,0.0,0.0,pvalloc_29nbfs_LRG2_max_1hll_sAs4p0
5306,0.0,8325.709247505114,8325.709247505114,0.0,0.0,pvalloc_29nbfs_LRG2_max_1hll_sAs4p0
5307,0.0,7293.515981600716,7293.515981600716,0.0,0.0,pvalloc_29nbfs_LRG2_max_1hll_sAs4p0
5308,0.0,6735.774478834689,6735.774478834689,0.0,0.0,pvalloc_29nbfs_LRG2_max_1hll_sAs4p0
5309,0.0,6710.483943585054,6710.483943585054,0.0,0.0,pvalloc_29nbfs_LRG2_max_1hll_sAs4p0
5310,30.296980229359676,4984.722729015338,4985.1078544560105,30.296980229359676,0.0,pvalloc_29nbfs_LRG2_max_1hll_sAs4p0
5311,11753.92312544062,2510.5285450673578,12421.270386404163,11753.92312544062,0.0,pvalloc_29nbfs_LRG2_max_1hll_sAs4p0
5312,32875.47425194903,2874.3430129922326,33123.917137525335,32875.47425194903,0.0,pvalloc_29nbfs_LRG2_max_1hll_sAs4p0
5313,54825.12045520719,3219.7967702030314,54965.86149436866,53159.342637830225,1665.7778173769584,pvalloc_29nbfs_LRG2_max_1hll_sAs4p0
5314,74970.88897003149,3688.728751812052,75096.8765185478,67490.11997568322,7480.768994348186,pvalloc_29nbfs_LRG2_max_1hll_sAs4p0
5315,91206.84040397324,3849.741622492105,91319.29406081961,76300.8627483453,14905.977655627887,pvalloc_29nbfs_LRG2_max_1hll_sAs4p0
5316,85250.89318752546,5913.174864216828,85600.48935936592,73343.46663818673,11907.42654933867,pvalloc_29nbfs_LRG2_max_1hll_sAs4p0
5317,90975.83870817638,5415.217050768421,91215.99392113747,76186.01887253318,14789.819835643204,pvalloc_29nbfs_LRG2_max_1hll_sAs4p0
5318,88579.62751281874,5553.044347199554,88851.47132091378,74910.93938622715,13668.688126591578,pvalloc_29nbfs_LRG2_max_1hll_sAs4p0
5319,82033.63754797186,4917.02874436368,82266.94958009585,71436.27313365882,10597.364414313039,pvalloc_29nbfs_LRG2_max_1hll_sAs4p0
5320,67950.76305273111,4825.656228071658,68249.12319339333,62840.71969593235,5110.043356798824,pvalloc_29nbfs_LRG2_max_1hll_sAs4p0
5321,50066.60756289862,4697.473178746096,50523.4589738061,49105.34643217477,961.2611307238328,pvalloc_29nbfs_LRG2_max_1hll_sAs4p0
5322,31974.09998999302,3954.6107700371767,32567.83786161456,31974.09998999302,0.0,pvalloc_29nbfs_LRG2_max_1hll_sAs4p0
5323,10839.369781800306,4742.0631959356815,12906.291331851244,10839.369781800306,0.0,pvalloc_29nbfs_LRG2_max_1hll_sAs4p0
5324,0.6195925484908442,11780.103515969997,11780.103515969997,0.6195925484908442,0.0,pvalloc_29nbfs_LRG2_max_1hll_sAs4p0
5325,0.0,17798.4514230697,17798.4514230697,0.0,0.0,pvalloc_29nbfs_LRG2_max_1hll_sAs4p0
5326,0.0,19605.334016129706,19605.334016129706,0.0,0.0,pvalloc_29nbfs_LRG2_max_1hll_sAs4p0
5327,0.0,17993.339244710096,17993.339244710096,0.0,0.0,pvalloc_29nbfs_LRG2_max_1hll_sAs4p0
5328,0.0,14499.905393880888,14499.905393880888,0.0,0.0,pvalloc_29nbfs_LRG2_max_1hll_sAs4p0
5329,0.0,10706.798579119697,10706.798579119697,0.0,0.0,pvalloc_29nbfs_LRG2_max_1hll_sAs4p0
5330,0.0,8691.305275136961,8691.305275136961,0.0,0.0,pvalloc_29nbfs_LRG2_max_1hll_sAs4p0
5331,0.0,7299.838339654399,7299.838339654399,0.0,0.0,pvalloc_29nbfs_LRG2_max_1hll_sAs4p0
5332,0.0,6942.4868277889755,6942.4868277889755,0.0,0.0,pvalloc_29nbfs_LRG2_max_1hll_sAs4p0
5333,0.0,6828.1340130815815,6828.1340130815815,0.0,0.0,pvalloc_29nbfs_LRG2_max_1hll_sAs4p0
5334,10.245888339617528,5417.679365303874,5417.814955884276,10.245888339617528,0.0,pvalloc_29nbfs_LRG2_max_1hll_sAs4p0
5335,10507.680186475714,2805.8446430449526,11440.636490719444,10507.680186475714,0.0,pvalloc_29nbfs_LRG2_max_1hll_sAs4p0
5336,31594.2091088621,3234.4559334926375,31948.936967103844,31594.2091088621,0.0,pvalloc_29nbfs_LRG2_max_1hll_sAs4p0
5337,53936.12599501064,3412.6619645954197,54104.84875629256,52421.11645496431,1515.0095400463365,pvalloc_29nbfs_LRG2_max_1hll_sAs4p0
5338,73886.91836848682,3725.5701144660643,74014.31523206209,66840.0204491116,7046.897919375245,pvalloc_29nbfs_LRG2_max_1hll_sAs4p0
5339,89062.91075544171,4023.0972807349976,89180.14428293021,75281.765619861,13781.14513558077,pvalloc_29nbfs_LRG2_max_1hll_sAs4p0
5340,84377.29055961997,5740.348800628143,84725.62712087292,72969.38517836713,11407.90538125286,pvalloc_29nbfs_LRG2_max_1hll_sAs4p0
5341,88675.90527286571,5708.708569893001,88967.09096815735,75102.84856407205,13573.05670879361,pvalloc_29nbfs_LRG2_max_1hll_sAs4p0
5342,85487.93209043035,6552.657686861692,85945.01593123395,73437.60677636157,12050.325314068823,pvalloc_29nbfs_LRG2_max_1hll_sAs4p0
5343,80366.20900796913,5459.185744097334,80676.55116337193,70492.2193194069,9873.989688562207,pvalloc_29nbfs_LRG2_max_1hll_sAs4p0
5344,68396.89132123778,4524.343953604581,68654.71736410829,63132.57705829659,5264.314262941271,pvalloc_29nbfs_LRG2_max_1hll_sAs4p0
5345,48974.47918342846,4481.467709814137,49396.549866420355,48184.07004096026,790.4091424682005,pvalloc_29nbfs_LRG2_max_1hll_sAs4p0
5346,29296.44288616904,4463.895196396934,30123.302790314196,29296.44288616904,0.0,pvalloc_29nbfs_LRG2_max_1hll_sAs4p0
5347,7445.680167941306,6365.364580035529,10948.97029985506,7445.680167941306,0.0,pvalloc_29nbfs_LRG2_max_1hll_sAs4p0
5348,0.0,15989.400003517516,15989.400003517516,0.0,0.0,pvalloc_29nbfs_LRG2_max_1hll_sAs4p0
5349,0.0,16826.71504393423,16826.71504393423,0.0,0.0,pvalloc_29nbfs_LRG2_max_1hll_sAs4p0
5350,0.0,17455.218388780384,17455.218388780384,0.0,0.0,pvalloc_29nbfs_LRG2_max_1hll_sAs4p0
5351,0.0,17312.601875985758,17312.601875985758,0.0,0.0,pvalloc_29nbfs_LRG2_max_1hll_sAs4p0
5352,0.0,14414.143741518079,14414.143741518079,0.0,0.0,pvalloc_29nbfs_LRG2_max_1hll_sAs4p0
5353,0.0,9954.17201230051,9954.17201230051,0.0,0.0,pvalloc_29nbfs_LRG2_max_1hll_sAs4p0
5354,0.0,8448.308232531268,8448.308232531268,0.0,0.0,pvalloc_29nbfs_LRG2_max_1hll_sAs4p0
5355,0.0,7461.470557932398,7461.470557932398,0.0,0.0,pvalloc_29nbfs_LRG2_max_1hll_sAs4p0
5356,0.0,6904.553782501744,6904.553782501744,0.0,0.0,pvalloc_29nbfs_LRG2_max_1hll_sAs4p0
5357,0.0,6785.528064411384,6785.528064411384,0.0,0.0,pvalloc_29nbfs_LRG2_max_1hll_sAs4p0
5358,16.193668601571527,5397.943045316313,5398.173009192471,16.193668601571527,0.0,pvalloc_29nbfs_LRG2_max_1hll_sAs4p0
5359,10624.581108931061,2700.3694551394797,11466.776727049879,10624.581108931061,0.0,pvalloc_29nbfs_LRG2_max_1hll_sAs4p0
5360,31821.272214281777,3036.5769554672997,32121.564694595654,31821.272214281777,0.0,pvalloc_29nbfs_LRG2_max_1hll_sAs4p0
5361,51637.65886587776,4021.6746483440766,51941.174634960524,50514.06785070976,1123.5910151680046,pvalloc_29nbfs_LRG2_max_1hll_sAs4p0
5362,72724.92179200299,4119.578883405949,72889.50672826974,66139.8856778281,6585.036114174903,pvalloc_29nbfs_LRG2_max_1hll_sAs4p0
5363,86950.31473100345,4994.825521559483,87159.32500185922,74317.78927341284,12632.525457590596,pvalloc_29nbfs_LRG2_max_1hll_sAs4p0
5364,84905.41303527377,5829.791991228156,85266.28297002417,73253.23650722072,11652.17652805302,pvalloc_29nbfs_LRG2_max_1hll_sAs4p0
5365,87859.41965538675,6394.180056501901,88292.56446493628,74773.0355997868,13086.384055599994,pvalloc_29nbfs_LRG2_max_1hll_sAs4p0
5366,90091.15736367312,5273.566967305251,90329.28332029245,75676.6474248771,14414.50993879599,pvalloc_29nbfs_LRG2_max_1hll_sAs4p0
5367,81547.8272792602,4898.519291435612,81774.65926700414,71196.09812055262,10351.729158707609,pvalloc_29nbfs_LRG2_max_1hll_sAs4p0
5368,67797.89188802724,4601.349443562711,68054.84589242468,62803.350352089445,4994.54153593779,pvalloc_29nbfs_LRG2_max_1hll_sAs4p0
5369,48937.8384159695,4696.804259575566,49400.606526434094,48176.800876284564,761.0375396849358,pvalloc_29nbfs_LRG2_max_1hll_sAs4p0
5370,28014.569906596247,4838.657219407505,29080.959815614664,28014.569906596247,0.0,pvalloc_29nbfs_LRG2_max_1hll_sAs4p0
5371,9369.534638236604,5175.952566921613,11830.52166462538,9369.534638236604,0.0,pvalloc_29nbfs_LRG2_max_1hll_sAs4p0
5372,0.0,16855.524798762483,16855.524798762483,0.0,0.0,pvalloc_29nbfs_LRG2_max_1hll_sAs4p0
5373,0.0,17345.89249504484,17345.89249504484,0.0,0.0,pvalloc_29nbfs_LRG2_max_1hll_sAs4p0
5374,0.0,16579.52219038973,16579.52219038973,0.0,0.0,pvalloc_29nbfs_LRG2_max_1hll_sAs4p0
5375,0.0,15251.446364993699,15251.446364993699,0.0,0.0,pvalloc_29nbfs_LRG2_max_1hll_sAs4p0
5376,0.0,13188.262672566276,13188.262672566276,0.0,0.0,pvalloc_29nbfs_LRG2_max_1hll_sAs4p0
5377,0.0,11323.925666493667,11323.925666493667,0.0,0.0,pvalloc_29nbfs_LRG2_max_1hll_sAs4p0
5378,0.0,9734.491596408214,9734.491596408214,0.0,0.0,pvalloc_29nbfs_LRG2_max_1hll_sAs4p0
5379,0.0,8493.11069650855,8493.11069650855,0.0,0.0,pvalloc_29nbfs_LRG2_max_1hll_sAs4p0
5380,0.0,7434.255107382792,7434.255107382792,0.0,0.0,pvalloc_29nbfs_LRG2_max_1hll_sAs4p0
5381,0.0,7087.350693282778,7087.350693282778,0.0,0.0,pvalloc_29nbfs_LRG2_max_1hll_sAs4p0
5382,6.529964118658085,5749.314110668884,5749.413501478724,6.529964118658085,0.0,pvalloc_29nbfs_LRG2_max_1hll_sAs4p0
5383,10255.568893771642,2774.5628106877466,11159.660937296498,10255.568893771642,0.0,pvalloc_29nbfs_LRG2_max_1hll_sAs4p0
5384,32075.657654013332,2885.5975678567597,32343.243409837123,32075.657654013332,0.0,pvalloc_29nbfs_LRG2_max_1hll_sAs4p0
5385,54209.72672834001,3221.0019252184748,54355.388619348414,52641.82878680677,1567.8979415332503,pvalloc_29nbfs_LRG2_max_1hll_sAs4p0
5386,72816.58982069248,3905.2343085973303,72956.45501221465,66189.21021295252,6627.379607740023,pvalloc_29nbfs_LRG2_max_1hll_sAs4p0
5387,88434.06629636815,4434.799053045122,88581.82610885613,74966.76198743636,13467.304308931729,pvalloc_29nbfs_LRG2_max_1hll_sAs4p0
5388,85526.17138054983,5516.983424605886,85811.40794215744,73491.50521526123,12034.666165288605,pvalloc_29nbfs_LRG2_max_1hll_sAs4p0
5389,89260.56263764677,5835.614845979649,89563.40786671625,75344.06807072539,13916.494566921347,pvalloc_29nbfs_LRG2_max_1hll_sAs4p0
5390,85627.13419673865,6239.883742034141,86016.00316080145,73454.58550892051,12172.548687818095,pvalloc_29nbfs_LRG2_max_1hll_sAs4p0
5391,78829.84043269628,5603.983191981861,79166.47583966864,69677.54779759941,9152.292635096914,pvalloc_29nbfs_LRG2_max_1hll_sAs4p0
5392,64787.89560952675,5314.591717608398,65196.331127063924,60744.4653042653,4043.430305261448,pvalloc_29nbfs_LRG2_max_1hll_sAs4p0
5393,46005.7121734792,5338.34977342965,46716.879407894696,45561.41766246868,444.29451101051325,pvalloc_29nbfs_LRG2_max_1hll_sAs4p0
5394,27036.684828381214,4953.941191345584,28202.079037165655,27036.684828381214,0.0,pvalloc_29nbfs_LRG2_max_1hll_sAs4p0
5395,6323.271900294319,7005.354504847363,10432.069454220955,6323.271900294319,0.0,pvalloc_29nbfs_LRG2_max_1hll_sAs4p0
5396,0.0,17145.626040053045,17145.626040053045,0.0,0.0,pvalloc_29nbfs_LRG2_max_1hll_sAs4p0
5397,0.0,18592.2121303555,18592.2121303555,0.0,0.0,pvalloc_29nbfs_LRG2_max_1hll_sAs4p0
5398,0.0,17959.280865600802,17959.280865600802,0.0,0.0,pvalloc_29nbfs_LRG2_max_1hll_sAs4p0
5399,0.0,15321.147510146637,15321.147510146637,0.0,0.0,pvalloc_29nbfs_LRG2_max_1hll_sAs4p0
5400,0.0,13722.161589340785,13722.161589340785,0.0,0.0,pvalloc_29nbfs_LRG2_max_1hll_sAs4p0
5401,0.0,10430.229263731499,10430.229263731499,0.0,0.0,pvalloc_29nbfs_LRG2_max_1hll_sAs4p0
5402,0.0,8829.571873465273,8829.571873465273,0.0,0.0,pvalloc_29nbfs_LRG2_max_1hll_sAs4p0
5403,0.0,7657.188196967489,7657.188196967489,0.0,0.0,pvalloc_29nbfs_LRG2_max_1hll_sAs4p0
5404,0.0,7455.696363549953,7455.696363549953,0.0,0.0,pvalloc_29nbfs_LRG2_max_1hll_sAs4p0
5405,0.0,7031.549107246735,7031.549107246735,0.0,0.0,pvalloc_29nbfs_LRG2_max_1hll_sAs4p0
5406,1.9974961529716502,6089.583773184345,6089.631124176876,1.9974961529716502,0.0,pvalloc_29nbfs_LRG2_max_1hll_sAs4p0
5407,10248.365256505627,2615.9401287482033,11051.883136235487,10248.365256505627,0.0,pvalloc_29nbfs_LRG2_max_1hll_sAs4p0
5408,29310.50526323886,3029.0674918117475,29649.298240231736,29310.50526323886,0.0,pvalloc_29nbfs_LRG2_max_1hll_sAs4p0
5409,48772.71823331035,3991.448491897063,49089.399421982984,48079.0874525118,693.6307807985501,pvalloc_29nbfs_LRG2_max_1hll_sAs4p0
5410,67058.08661280636,3842.819009628689,67220.05263257696,62355.40128799529,4702.68532481097,pvalloc_29nbfs_LRG2_max_1hll_sAs4p0
5411,74859.71795528468,4142.302831977268,75031.72492721862,67363.98426442477,7495.733690859909,pvalloc_29nbfs_LRG2_max_1hll_sAs4p0
5412,63317.05179236029,5462.649624865376,63796.7990650221,59691.83761975367,3625.2141726066243,pvalloc_29nbfs_LRG2_max_1hll_sAs4p0
5413,62783.72509425479,6093.953556123873,63413.754668657326,59244.39819915912,3539.326895095686,pvalloc_29nbfs_LRG2_max_1hll_sAs4p0
5414,57285.848048689215,6035.483029552794,58008.9243704106,54914.88374464607,2370.9643040431574,pvalloc_29nbfs_LRG2_max_1hll_sAs4p0
5415,46214.51971466374,5488.462993294963,46973.05464713237,45702.574594429214,511.9451202345224,pvalloc_29nbfs_LRG2_max_1hll_sAs4p0
5416,34375.65051717218,5014.306835476574,35265.65033629201,34326.13916877177,49.51134840040527,pvalloc_29nbfs_LRG2_max_1hll_sAs4p0
5417,27444.705468447322,4820.438971777105,28497.54703206883,27444.705468447322,0.0,pvalloc_29nbfs_LRG2_max_1hll_sAs4p0
5418,11361.601722780784,5234.049969702617,13695.230122244126,11361.601722780784,0.0,pvalloc_29nbfs_LRG2_max_1hll_sAs4p0
5419,2517.9240778758867,6574.768930551947,7235.649660922156,2517.9240778758867,0.0,pvalloc_29nbfs_LRG2_max_1hll_sAs4p0
5420,0.0,14157.204147667777,14157.204147667777,0.0,0.0,pvalloc_29nbfs_LRG2_max_1hll_sAs4p0
5421,0.0,16175.317955120869,16175.317955120869,0.0,0.0,pvalloc_29nbfs_LRG2_max_1hll_sAs4p0
5422,0.0,16617.529616008724,16617.529616008724,0.0,0.0,pvalloc_29nbfs_LRG2_max_1hll_sAs4p0
5423,0.0,15583.466132818583,15583.466132818583,0.0,0.0,pvalloc_29nbfs_LRG2_max_1hll_sAs4p0
5424,0.0,13573.678772779584,13573.678772779584,0.0,0.0,pvalloc_29nbfs_LRG2_max_1hll_sAs4p0
4920,0.0,11113.463869085279,11113.463869085279,0.0,0.0,pvalloc_29nbfs_LRG2_max_1hll_sAs6p0
4921,0.0,10737.831728562107,10737.831728562107,0.0,0.0,pvalloc_29nbfs_LRG2_max_1hll_sAs6p0
4922,0.0,10105.311448681487,10105.311448681487,0.0,0.0,pvalloc_29nbfs_LRG2_max_1hll_sAs6p0
4923,0.0,8120.094880445638,8120.094880445638,0.0,0.0,pvalloc_29nbfs_LRG2_max_1hll_sAs6p0
4924,0.0,7251.733657230992,7251.733657230992,0.0,0.0,pvalloc_29nbfs_LRG2_max_1hll_sAs6p0
4925,0.0,6971.07516934519,6971.07516934519,0.0,0.0,pvalloc_29nbfs_LRG2_max_1hll_sAs6p0
4926,823.6434981720203,3596.0882265514447,3690.5900095172246,823.6434981720203,0.0,pvalloc_29nbfs_LRG2_max_1hll_sAs6p0
4927,15762.473553996906,2536.1913312478923,16270.089993798641,15762.473553996906,0.0,pvalloc_29nbfs_LRG2_max_1hll_sAs6p0
4928,35996.46397895931,2697.8559128532515,36182.10187001166,35929.6699164827,66.79406247661097,pvalloc_29nbfs_LRG2_max_1hll_sAs6p0
4929,55371.51358767354,3338.0099559422088,55527.88415080286,53605.21949204825,1766.294095625282,pvalloc_29nbfs_LRG2_max_1hll_sAs6p0
4930,74394.74766534855,3562.8937801351617,74508.45795541446,67098.37359656116,7296.374068787388,pvalloc_29nbfs_LRG2_max_1hll_sAs6p0
4931,89322.55342358169,4072.257286642226,89451.35841384325,75345.38389881782,13977.16952476387,pvalloc_29nbfs_LRG2_max_1hll_sAs6p0
4932,74225.60542898664,5133.687360600889,74533.6662917543,66962.32717667693,7263.278252309672,pvalloc_29nbfs_LRG2_max_1hll_sAs6p0
4933,61771.56445464322,6642.76337265042,62618.939233698766,58537.84861937038,3233.7158352728466,pvalloc_29nbfs_LRG2_max_1hll_sAs6p0
4934,58395.670752417696,5487.880727097081,58939.80091495955,55855.239574368534,2540.4311780491607,pvalloc_29nbfs_LRG2_max_1hll_sAs6p0
4935,50984.00666661018,5066.8572251072455,51551.82156016726,49815.90536376216,1168.1013028480133,pvalloc_29nbfs_LRG2_max_1hll_sAs6p0
4936,50367.45874214773,4815.548456752954,50881.6594817211,49309.141249123044,1058.3174930246691,pvalloc_29nbfs_LRG2_max_1hll_sAs6p0
4937,34087.82133064203,4267.080684146038,34737.72926433818,34045.51214784563,42.30918279641412,pvalloc_29nbfs_LRG2_max_1hll_sAs6p0
4938,16345.043120201033,3926.2944650089153,17456.647922284865,16345.043120201033,0.0,pvalloc_29nbfs_LRG2_max_1hll_sAs6p0
4939,7180.639917903599,5152.080611173758,9874.323699371864,7180.639917903599,0.0,pvalloc_29nbfs_LRG2_max_1hll_sAs6p0
4940,296.2225014964066,8837.22960616309,8840.676972636258,296.2225014964066,0.0,pvalloc_29nbfs_LRG2_max_1hll_sAs6p0
4941,0.0,12714.325160437364,12714.325160437364,0.0,0.0,pvalloc_29nbfs_LRG2_max_1hll_sAs6p0
4942,0.0,13844.117670126652,13844.117670126652,0.0,0.0,pvalloc_29nbfs_LRG2_max_1hll_sAs6p0
4943,0.0,13190.081500942473,13190.081500942473,0.0,0.0,pvalloc_29nbfs_LRG2_max_1hll_sAs6p0
4944,0.0,15734.473543662869,15734.473543662869,0.0,0.0,pvalloc_29nbfs_LRG2_max_1hll_sAs6p0
4945,0.0,11843.652935827873,11843.652935827873,0.0,0.0,pvalloc_29nbfs_LRG2_max_1hll_sAs6p0
4946,0.0,9148.163406638314,9148.163406638314,0.0,0.0,pvalloc_29nbfs_LRG2_max_1hll_sAs6p0
4947,0.0,7889.191632688863,7889.191632688863,0.0,0.0,pvalloc_29nbfs_LRG2_max_1hll_sAs6p0
4948,0.0,7842.183829125385,7842.183829125385,0.0,0.0,pvalloc_29nbfs_LRG2_max_1hll_sAs6p0
4949,0.0,6888.334696423669,6888.334696423669,0.0,0.0,pvalloc_29nbfs_LRG2_max_1hll_sAs6p0
4950,7.656092167674284,5201.392612365413,5201.409924728367,7.656092167674284,0.0,pvalloc_29nbfs_LRG2_max_1hll_sAs6p0
4951,9124.504325184243,2539.447791851316,9970.357679479739,9124.504325184243,0.0,pvalloc_29nbfs_LRG2_max_1hll_sAs6p0
4952,30304.161215864307,2554.0898391111964,30517.7702418071,30304.161215864307,0.0,pvalloc_29nbfs_LRG2_max_1hll_sAs6p0
4953,54008.14240428531,3006.7017408265624,54132.10365156722,52474.67714794575,1533.4652563395507,pvalloc_29nbfs_LRG2_max_1hll_sAs6p0
4954,75428.68228751028,3368.763646896045,75524.66992334905,67730.45598932827,7698.226298181959,pvalloc_29nbfs_LRG2_max_1hll_sAs6p0
4955,86712.01956362264,3615.8598365599937,86818.71148427659,73963.16109030363,12748.858473319115,pvalloc_29nbfs_LRG2_max_1hll_sAs6p0
4956,74741.5337632437,4604.504951001683,74967.34310439505,67280.70813717083,7460.825626072877,pvalloc_29nbfs_LRG2_max_1hll_sAs6p0
4957,50054.32323330371,4868.01098611538,50569.90317764804,49066.20838018743,988.1148531162648,pvalloc_29nbfs_LRG2_max_1hll_sAs6p0
4958,60900.42146839744,5005.918035061584,61343.55365834053,57685.05172993521,3215.369738462239,pvalloc_29nbfs_LRG2_max_1hll_sAs6p0
4959,48574.80249186888,5048.742275978147,49211.810224107016,47753.044852848,821.7576390208864,pvalloc_29nbfs_LRG2_max_1hll_sAs6p0
4960,44659.589255088606,4723.5810098681495,45276.408969024116,44238.97775279897,420.6115022896311,pvalloc_29nbfs_LRG2_max_1hll_sAs6p0
4961,35982.0740049666,4805.404580275497,36785.95345380543,35884.274296249045,97.7997087175512,pvalloc_29nbfs_LRG2_max_1hll_sAs6p0
4962,19841.75145852214,4687.3363101152245,21185.589915987883,19841.75145852214,0.0,pvalloc_29nbfs_LRG2_max_1hll_sAs6p0
4963,9130.90881403201,6050.746859935421,12244.985830447453,9130.90881403201,0.0,pvalloc_29nbfs_LRG2_max_1hll_sAs6p0
4964,3.6097355187144116,11428.058718258875,11428.058718258875,3.6097355187144116,0.0,pvalloc_29nbfs_LRG2_max_1hll_sAs6p0
4965,0.0,21698.627529472968,21698.627529472968,0.0,0.0,pvalloc_29nbfs_LRG2_max_1hll_sAs6p0
4966,0.0,15054.668580548847,15054.668580548847,0.0,0.0,pvalloc_29nbfs_LRG2_max_1hll_sAs6p0
4967,0.0,14761.300435221638,14761.300435221638,0.0,0.0,pvalloc_29nbfs_LRG2_max_1hll_sAs6p0
4968,0.0,12492.279958567413,12492.279958567413,0.0,0.0,pvalloc_29nbfs_LRG2_max_1hll_sAs6p0
4969,0.0,10052.53214512163,10052.53214512163,0.0,0.0,pvalloc_29nbfs_LRG2_max_1hll_sAs6p0
4970,0.0,8034.332061846784,8034.332061846784,0.0,0.0,pvalloc_29nbfs_LRG2_max_1hll_sAs6p0
4971,0.0,7219.022230515399,7219.022230515399,0.0,0.0,pvalloc_29nbfs_LRG2_max_1hll_sAs6p0
4972,0.0,6689.043790452775,6689.043790452775,0.0,0.0,pvalloc_29nbfs_LRG2_max_1hll_sAs6p0
4973,0.0,6426.52820091012,6426.52820091012,0.0,0.0,pvalloc_29nbfs_LRG2_max_1hll_sAs6p0
4974,161.0819579321265,3989.3361367226134,3991.2858850627963,161.0819579321265,0.0,pvalloc_29nbfs_LRG2_max_1hll_sAs6p0
4975,10203.59478969176,2534.103749463299,10986.153118783117,10203.59478969176,0.0,pvalloc_29nbfs_LRG2_max_1hll_sAs6p0
4976,3135.0882353181587,2922.207503710443,4786.738249244801,3135.0882353181587,0.0,pvalloc_29nbfs_LRG2_max_1hll_sAs6p0
4977,18339.23102031781,3138.7820022956885,19031.860391532202,18339.23102031781,0.0,pvalloc_29nbfs_LRG2_max_1hll_sAs6p0
4978,36178.68011769615,3432.590463400803,36534.53259783705,36087.25083344369,91.42928425246299,pvalloc_29nbfs_LRG2_max_1hll_sAs6p0
4979,57344.3479089508,3908.8146211102817,57576.122082324,55094.1682514981,2250.1796574526848,pvalloc_29nbfs_LRG2_max_1hll_sAs6p0
4980,59627.00880802544,4677.6294797463515,59973.91601267307,56861.68483623239,2765.323971793053,pvalloc_29nbfs_LRG2_max_1hll_sAs6p0
4981,62950.871524717266,5377.908135587619,63411.19012977045,59358.30319010111,3592.568334616158,pvalloc_29nbfs_LRG2_max_1hll_sAs6p0
4982,47639.49848311827,4926.108399078266,48242.81013652267,46953.42504970661,686.0734334116685,pvalloc_29nbfs_LRG2_max_1hll_sAs6p0
4983,52865.86563450932,5535.591128726822,53511.673452933916,51411.76218949262,1454.103445016708,pvalloc_29nbfs_LRG2_max_1hll_sAs6p0
4984,42940.45466721472,4886.006910187742,43585.44222198699,42659.4431855927,281.01148162203407,pvalloc_29nbfs_LRG2_max_1hll_sAs6p0
4985,28499.73052047063,4366.934161813618,29334.06197598843,28499.73052047063,0.0,pvalloc_29nbfs_LRG2_max_1hll_sAs6p0
4986,22526.153728524234,4916.676536487965,23927.443232732945,22526.153728524234,0.0,pvalloc_29nbfs_LRG2_max_1hll_sAs6p0
4987,9974.961724661709,5114.4011977398395,12425.627101238862,9974.961724661709,0.0,pvalloc_29nbfs_LRG2_max_1hll_sAs6p0
4988,1.7539166958397245,11602.458594633024,11602.458594633024,1.7539166958397245,0.0,pvalloc_29nbfs_LRG2_max_1hll_sAs6p0
4989,0.0,15306.207062822388,15306.207062822388,0.0,0.0,pvalloc_29nbfs_LRG2_max_1hll_sAs6p0
4990,0.0,18487.54111223772,18487.54111223772,0.0,0.0,pvalloc_29nbfs_LRG2_max_1hll_sAs6p0
4991,0.0,15678.910070087288,15678.910070087288,0.0,0.0,pvalloc_29nbfs_LRG2_max_1hll_sAs6p0
4992,0.0,12457.95010585332,12457.95010585332,0.0,0.0,pvalloc_29nbfs_LRG2_max_1hll_sAs6p0
4993,0.0,9566.57816566627,9566.57816566627,0.0,0.0,pvalloc_29nbfs_LRG2_max_1hll_sAs6p0
4994,0.0,8172.598108657662,8172.598108657662,0.0,0.0,pvalloc_29nbfs_LRG2_max_1hll_sAs6p0
4995,0.0,7275.373634775014,7275.373634775014,0.0,0.0,pvalloc_29nbfs_LRG2_max_1hll_sAs6p0
4996,0.0,6657.432000184344,6657.432000184344,0.0,0.0,pvalloc_29nbfs_LRG2_max_1hll_sAs6p0
4997,0.0,6227.23729493923,6227.23729493923,0.0,0.0,pvalloc_29nbfs_LRG2_max_1hll_sAs6p0
4998,409.3061721869829,3581.494781534848,3598.472750361613,409.3061721869829,0.0,pvalloc_29nbfs_LRG2_max_1hll_sAs6p0
4999,14924.532683981157,2526.1779602646516,15468.94553657753,14924.532683981157,0.0,pvalloc_29nbfs_LRG2_max_1hll_sAs6p0
5000,33569.20515608659,2776.500978126616,33794.782115269685,33558.64232973793,10.562826348657325,pvalloc_29nbfs_LRG2_max_1hll_sAs6p0
5001,52011.34547147417,3114.4891870637935,52157.87744348057,50799.14036225399,1212.2051092201789,pvalloc_29nbfs_LRG2_max_1hll_sAs6p0
5002,65704.7746423847,3225.165927995757,65821.3813116476,61383.37995681675,4321.394685567901,pvalloc_29nbfs_LRG2_max_1hll_sAs6p0
5003,85570.35047593145,3940.294280964563,85694.87977086559,73406.18139442119,12164.169081510254,pvalloc_29nbfs_LRG2_max_1hll_sAs6p0
5004,83663.03260124534,4478.024022636702,83833.64054345294,72400.91387407981,11262.118727165547,pvalloc_29nbfs_LRG2_max_1hll_sAs6p0
5005,90121.70663089848,4606.443450376724,90298.21268772845,75711.89463783847,14409.811993059966,pvalloc_29nbfs_LRG2_max_1hll_sAs6p0
5006,83921.7632798123,4591.8476520944905,84127.40275349838,72422.16144426935,11499.601835542973,pvalloc_29nbfs_LRG2_max_1hll_sAs6p0
5007,70148.0918153588,4609.389061474799,70408.7937331656,64297.38057448121,5850.711240877576,pvalloc_29nbfs_LRG2_max_1hll_sAs6p0
5008,55305.08148049702,4087.62567494415,55599.623457295325,53412.69098945858,1892.3904910384433,pvalloc_29nbfs_LRG2_max_1hll_sAs6p0
5009,32732.296691994332,3834.309684358589,33280.16504189016,32724.220674448366,8.076017545966067,pvalloc_29nbfs_LRG2_max_1hll_sAs6p0
5010,13740.380812328829,3958.1031876612487,15069.903268321214,13740.380812328829,0.0,pvalloc_29nbfs_LRG2_max_1hll_sAs6p0
5011,2513.049511568388,6083.098902872937,6860.096836091276,2513.049511568388,0.0,pvalloc_29nbfs_LRG2_max_1hll_sAs6p0
5012,0.024958675141344665,13827.230041446674,13827.230041446674,0.024958675141344665,0.0,pvalloc_29nbfs_LRG2_max_1hll_sAs6p0
5013,0.0,14662.181682635239,14662.181682635239,0.0,0.0,pvalloc_29nbfs_LRG2_max_1hll_sAs6p0
5014,0.0,16274.799124460178,16274.799124460178,0.0,0.0,pvalloc_29nbfs_LRG2_max_1hll_sAs6p0
5015,0.0,15624.09295649087,15624.09295649087,0.0,0.0,pvalloc_29nbfs_LRG2_max_1hll_sAs6p0
5016,0.0,12724.18576973016,12724.18576973016,0.0,0.0,pvalloc_29nbfs_LRG2_max_1hll_sAs6p0
5017,0.0,10867.074894322572,10867.074894322572,0.0,0.0,pvalloc_29nbfs_LRG2_max_1hll_sAs6p0
5018,0.0,8769.371741640622,8769.371741640622,0.0,0.0,pvalloc_29nbfs_LRG2_max_1hll_sAs6p0
5019,0.0,7592.31461024244,7592.31461024244,0.0,0.0,pvalloc_29nbfs_LRG2_max_1hll_sAs6p0
5020,0.0,6804.494587055007,6804.494587055007,0.0,0.0,pvalloc_29nbfs_LRG2_max_1hll_sAs6p0
5021,0.0,6914.447201421454,6914.447201421454,0.0,0.0,pvalloc_29nbfs_LRG2_max_1hll_sAs6p0
5022,126.54384535367453,4156.845489760596,4158.417951234082,126.54384535367453,0.0,pvalloc_29nbfs_LRG2_max_1hll_sAs6p0
5023,10441.557148091359,2564.2618344597763,11234.183783498263,10441.557148091359,0.0,pvalloc_29nbfs_LRG2_max_1hll_sAs6p0
5024,21693.544136833785,2749.4774209013967,22115.824620033913,21693.544136833785,0.0,pvalloc_29nbfs_LRG2_max_1hll_sAs6p0
5025,18562.210131497024,3366.624199766405,19408.87609816916,18562.210131497024,0.0,pvalloc_29nbfs_LRG2_max_1hll_sAs6p0
5026,30577.54782403076,3799.1989657806635,31189.478140220297,30577.54782403076,0.0,pvalloc_29nbfs_LRG2_max_1hll_sAs6p0
5027,65869.37760899587,3646.5329137646713,66027.38241150868,61455.80571451227,4413.5718944836,pvalloc_29nbfs_LRG2_max_1hll_sAs6p0
5028,78975.54654145788,5326.767160392926,79302.8565874347,69860.71071597018,9114.8358254877,pvalloc_29nbfs_LRG2_max_1hll_sAs6p0
5029,52066.25559354745,5045.507301486451,52600.00794727734,50738.22696753597,1328.028626011479,pvalloc_29nbfs_LRG2_max_1hll_sAs6p0
5030,22718.42157936226,5837.084275945404,24592.735605816986,22718.42157936226,0.0,pvalloc_29nbfs_LRG2_max_1hll_sAs6p0
5031,25368.36279897536,4959.987364746928,26613.855996755683,25368.36279897536,0.0,pvalloc_29nbfs_LRG2_max_1hll_sAs6p0
5032,33760.69464084688,4039.0722765735068,34348.867110474974,33719.189001759674,41.505639087197665,pvalloc_29nbfs_LRG2_max_1hll_sAs6p0
5033,26715.590773956756,4129.399947282909,27520.534408783213,26715.590773956756,0.0,pvalloc_29nbfs_LRG2_max_1hll_sAs6p0
5034,16598.60655581342,4723.296024006431,18221.29905645326,16598.60655581342,0.0,pvalloc_29nbfs_LRG2_max_1hll_sAs6p0
5035,10220.478664570272,5390.287977796062,12755.936130701795,10220.478664570272,0.0,pvalloc_29nbfs_LRG2_max_1hll_sAs6p0
5036,10.587190288709442,10990.814635973076,10990.82707112223,10.587190288709442,0.0,pvalloc_29nbfs_LRG2_max_1hll_sAs6p0
5037,0.0,15623.399766375918,15623.399766375918,0.0,0.0,pvalloc_29nbfs_LRG2_max_1hll_sAs6p0
5038,0.0,16022.715362504954,16022.715362504954,0.0,0.0,pvalloc_29nbfs_LRG2_max_1hll_sAs6p0
5039,0.0,16439.75171535185,16439.75171535185,0.0,0.0,pvalloc_29nbfs_LRG2_max_1hll_sAs6p0
5040,0.0,12326.556850038325,12326.556850038325,0.0,0.0,pvalloc_29nbfs_LRG2_max_1hll_sAs6p0
5041,0.0,9488.472208125193,9488.472208125193,0.0,0.0,pvalloc_29nbfs_LRG2_max_1hll_sAs6p0
5042,0.0,8024.435333822398,8024.435333822398,0.0,0.0,pvalloc_29nbfs_LRG2_max_1hll_sAs6p0
5043,0.0,7253.657469496068,7253.657469496068,0.0,0.0,pvalloc_29nbfs_LRG2_max_1hll_sAs6p0
5044,0.0,6638.189465394041,6638.189465394041,0.0,0.0,pvalloc_29nbfs_LRG2_max_1hll_sAs6p0
5045,0.0,6441.096729282572,6441.096729282572,0.0,0.0,pvalloc_29nbfs_LRG2_max_1hll_sAs6p0
5046,127.10045063659675,4133.408871744492,4134.9601614780595,127.10045063659675,0.0,pvalloc_29nbfs_LRG2_max_1hll_sAs6p0
5047,11296.905430189556,2641.030379236636,12117.60745896797,11296.905430189556,0.0,pvalloc_29nbfs_LRG2_max_1hll_sAs6p0
5048,32390.548854018547,2959.989289907605,32670.14501498567,32390.548854018547,0.0,pvalloc_29nbfs_LRG2_max_1hll_sAs6p0
5049,53148.277232833934,3327.6401718855427,53316.935442051596,51770.02508635374,1378.252146480197,pvalloc_29nbfs_LRG2_max_1hll_sAs6p0
5050,72242.51399463577,3409.28806827642,72342.04179246235,65793.1050752729,6449.408919362934,pvalloc_29nbfs_LRG2_max_1hll_sAs6p0
5051,65850.18074349045,3814.210079949304,66019.98610428674,61473.410317482376,4376.77042600803,pvalloc_29nbfs_LRG2_max_1hll_sAs6p0
5052,60338.4225468995,4448.040592480797,60633.73513970334,57426.27756330342,2912.144983596092,pvalloc_29nbfs_LRG2_max_1hll_sAs6p0
5053,66926.50596474684,4710.812347465101,67214.71812697504,62173.63458249817,4752.871382248743,pvalloc_29nbfs_LRG2_max_1hll_sAs6p0
5054,68052.26090021846,4590.552523082969,68326.92259285825,62861.12561659636,5191.135283622128,pvalloc_29nbfs_LRG2_max_1hll_sAs6p0
5055,57561.29893049643,4863.330853350991,57974.5300398444,55200.62231189007,2360.6766186063523,pvalloc_29nbfs_LRG2_max_1hll_sAs6p0
5056,51411.879521407325,4304.954085318373,51772.16939047657,50222.608667315675,1189.2708540916517,pvalloc_29nbfs_LRG2_max_1hll_sAs6p0
5057,34346.554489526905,3725.0783624198416,34835.52801831338,34303.03397907915,43.52051044776357,pvalloc_29nbfs_LRG2_max_1hll_sAs6p0
5058,12129.572701968036,3720.706977884921,13406.283286619719,12129.572701968036,0.0,pvalloc_29nbfs_LRG2_max_1hll_sAs6p0
5059,6179.798296806648,4370.574863788573,8407.91436526778,6179.798296806648,0.0,pvalloc_29nbfs_LRG2_max_1hll_sAs6p0
5060,213.11857392043052,7653.520451451074,7656.110608346802,213.11857392043052,0.0,pvalloc_29nbfs_LRG2_max_1hll_sAs6p0
5061,0.0,12442.644294585474,12442.644294585474,0.0,0.0,pvalloc_29nbfs_LRG2_max_1hll_sAs6p0
5062,0.0,12652.578225358759,12652.578225358759,0.0,0.0,pvalloc_29nbfs_LRG2_max_1hll_sAs6p0
5063,0.0,12878.862779430521,12878.862779430521,0.0,0.0,pvalloc_29nbfs_LRG2_max_1hll_sAs6p0
5064,0.0,12350.755659688533,12350.755659688533,0.0,0.0,pvalloc_29nbfs_LRG2_max_1hll_sAs6p0
5065,0.0,11097.685205202353,11097.685205202353,0.0,0.0,pvalloc_29nbfs_LRG2_max_1hll_sAs6p0
5066,0.0,9294.124150992038,9294.124150992038,0.0,0.0,pvalloc_29nbfs_LRG2_max_1hll_sAs6p0
5067,0.0,7868.847255381625,7868.847255381625,0.0,0.0,pvalloc_29nbfs_LRG2_max_1hll_sAs6p0
5068,0.0,6865.793803809358,6865.793803809358,0.0,0.0,pvalloc_29nbfs_LRG2_max_1hll_sAs6p0
5069,0.0,7046.117084101745,7046.117084101745,0.0,0.0,pvalloc_29nbfs_LRG2_max_1hll_sAs6p0
5070,117.85136134045351,4243.032410266638,4244.479374437204,117.85136134045351,0.0,pvalloc_29nbfs_LRG2_max_1hll_sAs6p0
5071,13181.92893490197,2495.3048623520203,13790.193701848708,13181.92893490197,0.0,pvalloc_29nbfs_LRG2_max_1hll_sAs6p0
5072,30183.770306401035,2796.688677156191,30456.53989142561,30183.770306401035,0.0,pvalloc_29nbfs_LRG2_max_1hll_sAs6p0
5073,52410.153991843756,3196.0727302879404,52566.72940542021,51122.91833852804,1287.2356533157194,pvalloc_29nbfs_LRG2_max_1hll_sAs6p0
5074,69814.00980447509,3484.3505062301692,69947.19767203131,64157.84557288176,5656.164231593386,pvalloc_29nbfs_LRG2_max_1hll_sAs6p0
5075,80385.09786398352,3902.0651355428204,80529.83541011713,70543.2761421272,9841.821721856313,pvalloc_29nbfs_LRG2_max_1hll_sAs6p0
5076,70890.50496130057,4438.254634097648,71115.45970408285,64833.200372506944,6057.304588793689,pvalloc_29nbfs_LRG2_max_1hll_sAs6p0
5077,62710.965955738364,4864.1415495869605,63061.42275423815,59164.06741807701,3546.8985376613564,pvalloc_29nbfs_LRG2_max_1hll_sAs6p0
5078,53277.917906600036,5048.476138205539,53811.712095596675,51719.32874015882,1558.5891664412197,pvalloc_29nbfs_LRG2_max_1hll_sAs6p0
5079,33087.33260831989,5064.318121994692,34069.66144699095,33059.17320903138,28.15939928851526,pvalloc_29nbfs_LRG2_max_1hll_sAs6p0
5080,36287.77070073571,4694.196010674004,37028.5901949839,36183.362996978634,104.40770375706768,pvalloc_29nbfs_LRG2_max_1hll_sAs6p0
5081,28591.666021136854,4457.3381633593235,29462.324581748413,28591.666021136854,0.0,pvalloc_29nbfs_LRG2_max_1hll_sAs6p0
5082,16325.517465629166,4413.751165556356,17741.376221964434,16325.517465629166,0.0,pvalloc_29nbfs_LRG2_max_1hll_sAs6p0
5083,8593.77549462511,4732.944012156135,10817.725676551798,8593.77549462511,0.0,pvalloc_29nbfs_LRG2_max_1hll_sAs6p0
5084,45.235132861413284,9039.006701059463,9039.283711090393,45.235132861413284,0.0,pvalloc_29nbfs_LRG2_max_1hll_sAs6p0
5085,0.0,14038.884071464148,14038.884071464148,0.0,0.0,pvalloc_29nbfs_LRG2_max_1hll_sAs6p0
5086,0.0,16707.678657408913,16707.678657408913,0.0,0.0,pvalloc_29nbfs_LRG2_max_1hll_sAs6p0
5087,0.0,14798.423471834054,14798.423471834054,0.0,0.0,pvalloc_29nbfs_LRG2_max_1hll_sAs6p0
5088,0.0,12920.992928294934,12920.992928294934,0.0,0.0,pvalloc_29nbfs_LRG2_max_1hll_sAs6p0
5089,0.0,9900.944565301277,9900.944565301277,0.0,0.0,pvalloc_29nbfs_LRG2_max_1hll_sAs6p0
5090,0.0,9389.785903685059,9389.785903685059,0.0,0.0,pvalloc_29nbfs_LRG2_max_1hll_sAs6p0
5091,0.0,7401.546438254426,7401.546438254426,0.0,0.0,pvalloc_29nbfs_LRG2_max_1hll_sAs6p0
5092,0.0,6692.067790682455,6692.067790682455,0.0,0.0,pvalloc_29nbfs_LRG2_max_1hll_sAs6p0
5093,0.0,6497.448685059626,6497.448685059626,0.0,0.0,pvalloc_29nbfs_LRG2_max_1hll_sAs6p0
5094,300.5154194144378,3841.2126338393205,3845.118596455357,300.5154194144378,0.0,pvalloc_29nbfs_LRG2_max_1hll_sAs6p0
5095,14806.471400243781,2371.8770136717717,15274.106582498918,14806.471400243781,0.0,pvalloc_29nbfs_LRG2_max_1hll_sAs6p0
5096,34809.78741571544,2366.799390948046,34946.95998870498,34780.37661235805,29.410803357377915,pvalloc_29nbfs_LRG2_max_1hll_sAs6p0
5097,56899.24190806034,2793.9695480844593,56993.86459620679,54846.71313886613,2052.528769194218,pvalloc_29nbfs_LRG2_max_1hll_sAs6p0
5098,73791.76698479756,2917.9759789106224,73868.08900287139,66757.41722973324,7034.349755064329,pvalloc_29nbfs_LRG2_max_1hll_sAs6p0
5099,89275.22239283411,3507.8095047015286,89376.2040688277,75291.98620649076,13983.236186343347,pvalloc_29nbfs_LRG2_max_1hll_sAs6p0
5100,75378.79239784794,4903.267935894908,75634.93561107543,67649.16000561825,7729.632392229692,pvalloc_29nbfs_LRG2_max_1hll_sAs6p0
5101,66115.4811982576,5574.900596457232,66583.41356468594,61529.66970747691,4585.811490780638,pvalloc_29nbfs_LRG2_max_1hll_sAs6p0
5102,71200.11966594525,5661.512442346082,71663.25904554772,64861.75493178484,6338.364734160199,pvalloc_29nbfs_LRG2_max_1hll_sAs6p0
5103,64997.27287618154,5144.659704612831,65419.54898494516,60696.71949344914,4300.553382732409,pvalloc_29nbfs_LRG2_max_1hll_sAs6p0
5104,61189.587170637715,4940.846270026364,61619.673827943465,57900.82406685645,3288.7631037812635,pvalloc_29nbfs_LRG2_max_1hll_sAs6p0
5105,25874.84942001291,4797.277653850578,26940.84581032067,25874.84942001291,0.0,pvalloc_29nbfs_LRG2_max_1hll_sAs6p0
5106,6548.483559444768,5127.888208619425,9134.620957865465,6548.483559444768,0.0,pvalloc_29nbfs_LRG2_max_1hll_sAs6p0
5107,1418.7091378668879,6931.640139137003,7053.302957584527,1418.7091378668879,0.0,pvalloc_29nbfs_LRG2_max_1hll_sAs6p0
5108,0.53988999917935,11343.734660399296,11343.734660399296,0.53988999917935,0.0,pvalloc_29nbfs_LRG2_max_1hll_sAs6p0
5109,0.0,13173.89172578315,13173.89172578315,0.0,0.0,pvalloc_29nbfs_LRG2_max_1hll_sAs6p0
5110,0.0,13106.449704799224,13106.449704799224,0.0,0.0,pvalloc_29nbfs_LRG2_max_1hll_sAs6p0
5111,0.0,12603.245316458497,12603.245316458497,0.0,0.0,pvalloc_29nbfs_LRG2_max_1hll_sAs6p0
5112,0.0,10413.182078012225,10413.182078012225,0.0,0.0,pvalloc_29nbfs_LRG2_max_1hll_sAs6p0
5113,0.0,8993.403916155024,8993.403916155024,0.0,0.0,pvalloc_29nbfs_LRG2_max_1hll_sAs6p0
5114,0.0,7817.172615127088,7817.172615127088,0.0,0.0,pvalloc_29nbfs_LRG2_max_1hll_sAs6p0
5115,0.0,7187.960258470543,7187.960258470543,0.0,0.0,pvalloc_29nbfs_LRG2_max_1hll_sAs6p0
5116,0.0,6597.782238100716,6597.782238100716,0.0,0.0,pvalloc_29nbfs_LRG2_max_1hll_sAs6p0
5117,0.0,6653.5821695844115,6653.5821695844115,0.0,0.0,pvalloc_29nbfs_LRG2_max_1hll_sAs6p0
5118,143.7745117050726,4119.2796749706395,4120.964478088938,143.7745117050726,0.0,pvalloc_29nbfs_LRG2_max_1hll_sAs6p0
5119,10270.330493258027,2358.761727538958,10950.612444542174,10270.330493258027,0.0,pvalloc_29nbfs_LRG2_max_1hll_sAs6p0
5120,31159.29883687459,2382.456412040222,31328.687837108035,31159.29883687459,0.0,pvalloc_29nbfs_LRG2_max_1hll_sAs6p0
5121,54458.47744978883,2713.503626257599,54555.65541091318,52870.8751169842,1587.602332804623,pvalloc_29nbfs_LRG2_max_1hll_sAs6p0
5122,70451.91913760552,3179.5666479288716,70548.5843914271,64645.88683567859,5806.032301926811,pvalloc_29nbfs_LRG2_max_1hll_sAs6p0
5123,88944.58011744499,3493.8833492084404,89028.9685040659,75206.02214654704,13738.557970897951,pvalloc_29nbfs_LRG2_max_1hll_sAs6p0
5124,88535.93400461765,4692.284462773207,88701.39391010038,75039.3624986826,13496.57150593505,pvalloc_29nbfs_LRG2_max_1hll_sAs6p0
5125,88457.9291607752,5520.811444813725,88723.19090587914,74922.8130590995,13535.116101675705,pvalloc_29nbfs_LRG2_max_1hll_sAs6p0
5126,82186.54397723226,5401.319882173769,82478.37166348852,71509.25716814373,10677.286809088524,pvalloc_29nbfs_LRG2_max_1hll_sAs6p0
5127,77624.59957467717,5317.307594732502,77943.59417424232,68893.36732939107,8731.232245286068,pvalloc_29nbfs_LRG2_max_1hll_sAs6p0
5128,68752.20717960014,4485.586368991856,69010.50550212279,63354.98858197043,5397.218597629647,pvalloc_29nbfs_LRG2_max_1hll_sAs6p0
5129,50419.727123064644,4326.945169118007,50804.768628238875,49390.86255142467,1028.8645716399878,pvalloc_29nbfs_LRG2_max_1hll_sAs6p0
5130,30856.888611190843,4874.842520017582,31805.527752639828,30856.888611190843,0.0,pvalloc_29nbfs_LRG2_max_1hll_sAs6p0
5131,12203.880240675284,4979.268836289983,14329.193308293918,12203.880240675284,0.0,pvalloc_29nbfs_LRG2_max_1hll_sAs6p0
5132,1.3733485330409234,11936.320260012671,11936.320260012671,1.3733485330409234,0.0,pvalloc_29nbfs_LRG2_max_1hll_sAs6p0
5133,0.0,18228.216139042957,18228.216139042957,0.0,0.0,pvalloc_29nbfs_LRG2_max_1hll_sAs6p0
5134,0.0,18162.496361710335,18162.496361710335,0.0,0.0,pvalloc_29nbfs_LRG2_max_1hll_sAs6p0
5135,0.0,15581.301938822111,15581.301938822111,0.0,0.0,pvalloc_29nbfs_LRG2_max_1hll_sAs6p0
5136,0.0,13660.518661518496,13660.518661518496,0.0,0.0,pvalloc_29nbfs_LRG2_max_1hll_sAs6p0
5137,0.0,10358.480128423342,10358.480128423342,0.0,0.0,pvalloc_29nbfs_LRG2_max_1hll_sAs6p0
5138,0.0,8828.47113398323,8828.47113398323,0.0,0.0,pvalloc_29nbfs_LRG2_max_1hll_sAs6p0
5139,0.0,7213.798405873982,7213.798405873982,0.0,0.0,pvalloc_29nbfs_LRG2_max_1hll_sAs6p0
5140,0.0,6479.031429122138,6479.031429122138,0.0,0.0,pvalloc_29nbfs_LRG2_max_1hll_sAs6p0
5141,0.0,6403.16258096044,6403.16258096044,0.0,0.0,pvalloc_29nbfs_LRG2_max_1hll_sAs6p0
5142,125.61730445821739,4161.514374213398,4162.894459338737,125.61730445821739,0.0,pvalloc_29nbfs_LRG2_max_1hll_sAs6p0
5143,13309.621271479335,2354.912444810657,13829.366097281418,13309.621271479335,0.0,pvalloc_29nbfs_LRG2_max_1hll_sAs6p0
5144,33121.08765821411,2663.245939501308,33320.37753801491,33121.08765821411,0.0,pvalloc_29nbfs_LRG2_max_1hll_sAs6p0
5145,53987.55908145171,3207.886205058683,54129.31565342657,52481.9866589853,1505.5724224664164,pvalloc_29nbfs_LRG2_max_1hll_sAs6p0
5146,74381.06017348585,3328.1738508167073,74478.15887454904,67149.69217071895,7231.3680027669,pvalloc_29nbfs_LRG2_max_1hll_sAs6p0
5147,87669.10099871432,4249.746446551236,87794.03229043116,74622.69161964003,13046.409379074323,pvalloc_29nbfs_LRG2_max_1hll_sAs6p0
5148,83284.89773001814,5795.354928610127,83652.04963549279,72374.75547085551,10910.142259162714,pvalloc_29nbfs_LRG2_max_1hll_sAs6p0
5149,88105.83325639089,5321.902177589416,88346.7778511506,74828.59027702638,13277.242979364524,pvalloc_29nbfs_LRG2_max_1hll_sAs6p0
5150,87709.82148645134,4495.820927472037,87901.76885978757,74421.64566800607,13288.175818445223,pvalloc_29nbfs_LRG2_max_1hll_sAs6p0
5151,75879.07799249311,5025.304821728133,76150.43688440898,67936.27652903856,7942.801463454569,pvalloc_29nbfs_LRG2_max_1hll_sAs6p0
5152,63216.533976171806,4265.528403492476,63461.83163735287,59542.4014952507,3674.132480921102,pvalloc_29nbfs_LRG2_max_1hll_sAs6p0
5153,45939.128204155255,3930.3453439421796,46266.509930883214,45500.42878057195,438.69942358330235,pvalloc_29nbfs_LRG2_max_1hll_sAs6p0
5154,30686.61797158641,3930.979886473649,31275.053781801285,30686.61797158641,0.0,pvalloc_29nbfs_LRG2_max_1hll_sAs6p0
5155,10173.164297185444,5608.448074792192,12946.938628714468,10173.164297185444,0.0,pvalloc_29nbfs_LRG2_max_1hll_sAs6p0
5156,0.9919247249657315,13203.253175045687,13203.253175045687,0.9919247249657315,0.0,pvalloc_29nbfs_LRG2_max_1hll_sAs6p0
5157,0.0,16656.158247084175,16656.158247084175,0.0,0.0,pvalloc_29nbfs_LRG2_max_1hll_sAs6p0
5158,0.0,16956.66673318879,16956.66673318879,0.0,0.0,pvalloc_29nbfs_LRG2_max_1hll_sAs6p0
5159,0.0,13878.197386105796,13878.197386105796,0.0,0.0,pvalloc_29nbfs_LRG2_max_1hll_sAs6p0
5160,0.0,13359.709264488023,13359.709264488023,0.0,0.0,pvalloc_29nbfs_LRG2_max_1hll_sAs6p0
5161,0.0,9823.421723926976,9823.421723926976,0.0,0.0,pvalloc_29nbfs_LRG2_max_1hll_sAs6p0
5162,0.0,8004.918441437759,8004.918441437759,0.0,0.0,pvalloc_29nbfs_LRG2_max_1hll_sAs6p0
5163,0.0,7279.771629046192,7279.771629046192,0.0,0.0,pvalloc_29nbfs_LRG2_max_1hll_sAs6p0
5164,0.0,6702.512682378077,6702.512682378077,0.0,0.0,pvalloc_29nbfs_LRG2_max_1hll_sAs6p0
5165,0.0,6398.7645866892735,6398.7645866892735,0.0,0.0,pvalloc_29nbfs_LRG2_max_1hll_sAs6p0
5166,103.08431770672829,4348.620606180389,4349.721270252642,103.08431770672829,0.0,pvalloc_29nbfs_LRG2_max_1hll_sAs6p0
5167,12664.395501705565,2548.1851613761946,13329.559924826443,12664.395501705565,0.0,pvalloc_29nbfs_LRG2_max_1hll_sAs6p0
5168,33069.2112698052,2920.5887752591643,33324.59337022061,33069.2112698052,0.0,pvalloc_29nbfs_LRG2_max_1hll_sAs6p0
5169,54922.06866371557,3160.686232183561,55054.20149932503,53247.023133429815,1675.045530285759,pvalloc_29nbfs_LRG2_max_1hll_sAs6p0
5170,74950.78799452535,3061.377098313058,75035.16823360459,67469.72881445993,7481.059180065424,pvalloc_29nbfs_LRG2_max_1hll_sAs6p0
5171,89761.5716944915,3765.2639370549427,89861.56920837384,75622.83924574168,14138.732448749866,pvalloc_29nbfs_LRG2_max_1hll_sAs6p0
5172,84044.6938092654,4277.828799730307,84204.36258522641,72612.57300306838,11432.12080619707,pvalloc_29nbfs_LRG2_max_1hll_sAs6p0
5173,78329.49968222706,4586.233827803564,78544.5999954623,69379.10943367716,8950.390248549893,pvalloc_29nbfs_LRG2_max_1hll_sAs6p0
5174,88623.76930170221,4540.842595476505,88812.37292344091,74911.48842104973,13712.2808806525,pvalloc_29nbfs_LRG2_max_1hll_sAs6p0
5175,76371.89490870808,4722.165668917914,76619.06929614971,68188.49541836411,8183.399490343975,pvalloc_29nbfs_LRG2_max_1hll_sAs6p0
5176,61171.48656219431,4537.22557644282,61476.92928868288,57990.398910926284,3181.0876512680343,pvalloc_29nbfs_LRG2_max_1hll_sAs6p0
5177,41843.73430823657,4211.238872658535,42318.91890900484,41630.84969080039,212.88461743619155,pvalloc_29nbfs_LRG2_max_1hll_sAs6p0
5178,22928.530321750553,4132.348453893063,23849.366330115812,22928.530321750553,0.0,pvalloc_29nbfs_LRG2_max_1hll_sAs6p0
5179,9385.866188818327,4312.263319590028,11203.571806022024,9385.866188818327,0.0,pvalloc_29nbfs_LRG2_max_1hll_sAs6p0
5180,20.16547087068701,9583.654893630877,9583.811855022303,20.16547087068701,0.0,pvalloc_29nbfs_LRG2_max_1hll_sAs6p0
5181,0.0,17958.547144614717,17958.547144614717,0.0,0.0,pvalloc_29nbfs_LRG2_max_1hll_sAs6p0
5182,0.0,15508.105894089558,15508.105894089558,0.0,0.0,pvalloc_29nbfs_LRG2_max_1hll_sAs6p0
5183,0.0,14273.897403473247,14273.897403473247,0.0,0.0,pvalloc_29nbfs_LRG2_max_1hll_sAs6p0
5184,0.0,13200.33224655577,13200.33224655577,0.0,0.0,pvalloc_29nbfs_LRG2_max_1hll_sAs6p0
5185,0.0,9638.325646422078,9638.325646422078,0.0,0.0,pvalloc_29nbfs_LRG2_max_1hll_sAs6p0
5186,0.0,8321.584507793394,8321.584507793394,0.0,0.0,pvalloc_29nbfs_LRG2_max_1hll_sAs6p0
5187,0.0,7169.817360127395,7169.817360127395,0.0,0.0,pvalloc_29nbfs_LRG2_max_1hll_sAs6p0
5188,0.0,7079.928698781937,7079.928698781937,0.0,0.0,pvalloc_29nbfs_LRG2_max_1hll_sAs6p0
5189,0.0,6529.334832922408,6529.334832922408,0.0,0.0,pvalloc_29nbfs_LRG2_max_1hll_sAs6p0
5190,43.80481749286404,4768.005494310895,4768.501876506659,43.80481749286404,0.0,pvalloc_29nbfs_LRG2_max_1hll_sAs6p0
5191,10379.263925788438,2502.4241075997347,11129.457804063959,10379.263925788438,0.0,pvalloc_29nbfs_LRG2_max_1hll_sAs6p0
5192,27614.51966753955,2857.2129425848693,27936.66264034286,27614.51966753955,0.0,pvalloc_29nbfs_LRG2_max_1hll_sAs6p0
5193,49198.40337306725,3115.0426184468956,49353.4661609265,48461.23157930808,737.1717937591678,pvalloc_29nbfs_LRG2_max_1hll_sAs6p0
5194,62325.35208812576,3395.8903517407152,62459.574688330424,58970.19775482148,3355.15433330428,pvalloc_29nbfs_LRG2_max_1hll_sAs6p0
5195,70883.06511858536,4074.6773562368526,71051.78108418634,64938.78632772156,5944.278790863789,pvalloc_29nbfs_LRG2_max_1hll_sAs6p0
5196,68356.36289897517,5045.968694973505,68693.81123732326,63287.17724460816,5069.185654366926,pvalloc_29nbfs_LRG2_max_1hll_sAs6p0
5197,72587.54433298111,4919.61968463546,72863.06000658723,65920.49821367698,6667.046119304075,pvalloc_29nbfs_LRG2_max_1hll_sAs6p0
5198,71337.63122635096,5431.374735577213,71709.07353304898,65107.947347316076,6229.683879034876,pvalloc_29nbfs_LRG2_max_1hll_sAs6p0
5199,70446.52804338191,4903.575954299015,70745.52288536963,64496.37351351514,5950.154529866803,pvalloc_29nbfs_LRG2_max_1hll_sAs6p0
5200,42358.128644197175,3815.2424489193068,42729.15252422451,42124.1191930102,234.00945118697138,pvalloc_29nbfs_LRG2_max_1hll_sAs6p0
5201,27217.94709464967,3804.939278338182,27865.308817519526,27217.94709464967,0.0,pvalloc_29nbfs_LRG2_max_1hll_sAs6p0
5202,13101.128842504058,4327.835440652445,14762.441539962529,13101.128842504058,0.0,pvalloc_29nbfs_LRG2_max_1hll_sAs6p0
5203,8222.259878146173,4806.383883269679,10541.219930264431,8222.259878146173,0.0,pvalloc_29nbfs_LRG2_max_1hll_sAs6p0
5204,0.0,15090.533234801018,15090.533234801018,0.0,0.0,pvalloc_29nbfs_LRG2_max_1hll_sAs6p0
5205,0.0,15791.34882753315,15791.34882753315,0.0,0.0,pvalloc_29nbfs_LRG2_max_1hll_sAs6p0
5206,0.0,15247.755727980577,15247.755727980577,0.0,0.0,pvalloc_29nbfs_LRG2_max_1hll_sAs6p0
5207,0.0,15008.225250668322,15008.225250668322,0.0,0.0,pvalloc_29nbfs_LRG2_max_1hll_sAs6p0
5208,0.0,12069.433844123947,12069.433844123947,0.0,0.0,pvalloc_29nbfs_LRG2_max_1hll_sAs6p0
5209,0.0,11145.876780548275,11145.876780548275,0.0,0.0,pvalloc_29nbfs_LRG2_max_1hll_sAs6p0
5210,0.0,8940.899584908115,8940.899584908115,0.0,0.0,pvalloc_29nbfs_LRG2_max_1hll_sAs6p0
5211,0.0,7874.895807358424,7874.895807358424,0.0,0.0,pvalloc_29nbfs_LRG2_max_1hll_sAs6p0
5212,0.0,7043.644556647981,7043.644556647981,0.0,0.0,pvalloc_29nbfs_LRG2_max_1hll_sAs6p0
5213,0.0,7125.558647681809,7125.558647681809,0.0,0.0,pvalloc_29nbfs_LRG2_max_1hll_sAs6p0
5214,3.6279886662878402,5733.9578197642495,5734.029503060064,3.6279886662878402,0.0,pvalloc_29nbfs_LRG2_max_1hll_sAs6p0
5215,1654.5592029749732,3023.58166056848,3676.1563241970425,1654.5592029749732,0.0,pvalloc_29nbfs_LRG2_max_1hll_sAs6p0
5216,6112.73443797509,2945.3385678314094,7459.874271520148,6112.73443797509,0.0,pvalloc_29nbfs_LRG2_max_1hll_sAs6p0
5217,12206.710422576372,3188.0196663276333,13276.308101233404,12206.710422576372,0.0,pvalloc_29nbfs_LRG2_max_1hll_sAs6p0
5218,23895.939727726578,3307.611865695414,24456.365725567844,23895.939727726578,0.0,pvalloc_29nbfs_LRG2_max_1hll_sAs6p0
5219,28434.70115346943,3946.2112885816296,29103.455212428562,28434.70115346943,0.0,pvalloc_29nbfs_LRG2_max_1hll_sAs6p0
5220,21056.6912754017,5082.897791062243,22720.834650837798,21056.6912754017,0.0,pvalloc_29nbfs_LRG2_max_1hll_sAs6p0
5221,45702.01916560617,4532.55936428444,46208.89381673433,45246.33169645148,455.6874691546948,pvalloc_29nbfs_LRG2_max_1hll_sAs6p0
5222,60422.00244326111,4698.951478764499,60776.82717537803,57385.231694612405,3036.7707486486943,pvalloc_29nbfs_LRG2_max_1hll_sAs6p0
5223,47449.11944095942,4724.879322139229,47968.06335839794,46831.38745986378,617.7319810956373,pvalloc_29nbfs_LRG2_max_1hll_sAs6p0
5224,47806.39933767559,4121.474314243816,48173.2655401027,47166.569611569255,639.8297261063414,pvalloc_29nbfs_LRG2_max_1hll_sAs6p0
5225,35804.42703448613,4199.7892210937025,36380.06152606853,35736.058909683255,68.36812480286989,pvalloc_29nbfs_LRG2_max_1hll_sAs6p0
5226,24959.49977674835,4094.3780899458534,25779.9121866288,24959.49977674835,0.0,pvalloc_29nbfs_LRG2_max_1hll_sAs6p0
5227,10272.484007918369,4773.897977127428,12375.045506764425,10272.484007918369,0.0,pvalloc_29nbfs_LRG2_max_1hll_sAs6p0
5228,0.24485689228101296,12343.228970864237,12343.228970864237,0.24485689228101296,0.0,pvalloc_29nbfs_LRG2_max_1hll_sAs6p0
5229,0.0,17463.787611216965,17463.787611216965,0.0,0.0,pvalloc_29nbfs_LRG2_max_1hll_sAs6p0
5230,0.0,16776.245765136617,16776.245765136617,0.0,0.0,pvalloc_29nbfs_LRG2_max_1hll_sAs6p0
5231,0.0,13863.094861205218,13863.094861205218,0.0,0.0,pvalloc_29nbfs_LRG2_max_1hll_sAs6p0
5232,0.0,12379.083196074876,12379.083196074876,0.0,0.0,pvalloc_29nbfs_LRG2_max_1hll_sAs6p0
5233,0.0,10840.796451126313,10840.796451126313,0.0,0.0,pvalloc_29nbfs_LRG2_max_1hll_sAs6p0
5234,0.0,8839.193140860432,8839.193140860432,0.0,0.0,pvalloc_29nbfs_LRG2_max_1hll_sAs6p0
5235,0.0,7691.549078353807,7691.549078353807,0.0,0.0,pvalloc_29nbfs_LRG2_max_1hll_sAs6p0
5236,0.0,6881.18871406951,6881.18871406951,0.0,0.0,pvalloc_29nbfs_LRG2_max_1hll_sAs6p0
5237,0.0,7020.828203404438,7020.828203404438,0.0,0.0,pvalloc_29nbfs_LRG2_max_1hll_sAs6p0
5238,66.55190698142356,4740.706196154959,4741.390558972162,66.55190698142356,0.0,pvalloc_29nbfs_LRG2_max_1hll_sAs6p0
5239,11463.648678045045,2608.7428737664254,12194.81309578583,11463.648678045045,0.0,pvalloc_29nbfs_LRG2_max_1hll_sAs6p0
5240,24409.522549957033,2927.0262684896397,24814.363656124937,24409.522549957033,0.0,pvalloc_29nbfs_LRG2_max_1hll_sAs6p0
5241,48308.685029735745,3153.231960960293,48474.264897435256,47674.61916721954,634.0658625162057,pvalloc_29nbfs_LRG2_max_1hll_sAs6p0
5242,62267.03036162886,3597.7197188279947,62420.10005879996,58925.103037996305,3341.9273236325425,pvalloc_29nbfs_LRG2_max_1hll_sAs6p0
5243,68822.88723237875,3909.8124201915202,68989.23696263315,63528.393441148786,5294.493791229993,pvalloc_29nbfs_LRG2_max_1hll_sAs6p0
5244,56485.355379509594,4418.060021857937,56802.12715133482,54429.60267488991,2055.7527046196815,pvalloc_29nbfs_LRG2_max_1hll_sAs6p0
5245,54916.339469991166,4932.60942901073,55366.034378630655,53139.13672408593,1777.202745905226,pvalloc_29nbfs_LRG2_max_1hll_sAs6p0
5246,51255.4788143721,4986.753853123836,51803.7429516646,50049.648006231604,1205.8308081404975,pvalloc_29nbfs_LRG2_max_1hll_sAs6p0
5247,50999.45418401073,4681.271439185866,51475.063895580926,49848.555980794874,1150.8982032158513,pvalloc_29nbfs_LRG2_max_1hll_sAs6p0
5248,43374.785958913824,4129.513100834714,43831.83702656748,43076.52854100905,298.2574179047765,pvalloc_29nbfs_LRG2_max_1hll_sAs6p0
5249,35406.61414853877,4003.9141389331126,35941.76902755979,35345.029074401835,61.585074136941444,pvalloc_29nbfs_LRG2_max_1hll_sAs6p0
5250,18127.791005772175,4538.8480315036395,19494.49810825471,18127.791005772175,0.0,pvalloc_29nbfs_LRG2_max_1hll_sAs6p0
5251,8335.872713238361,5133.6179230213365,10856.005374583043,8335.872713238361,0.0,pvalloc_29nbfs_LRG2_max_1hll_sAs6p0
5252,0.0,18999.87320904147,18999.87320904147,0.0,0.0,pvalloc_29nbfs_LRG2_max_1hll_sAs6p0
5253,0.0,19290.580116971654,19290.580116971654,0.0,0.0,pvalloc_29nbfs_LRG2_max_1hll_sAs6p0
5254,0.0,16835.268381474216,16835.268381474216,0.0,0.0,pvalloc_29nbfs_LRG2_max_1hll_sAs6p0
5255,0.0,14924.78827852718,14924.78827852718,0.0,0.0,pvalloc_29nbfs_LRG2_max_1hll_sAs6p0
5256,0.0,13381.168060104113,13381.168060104113,0.0,0.0,pvalloc_29nbfs_LRG2_max_1hll_sAs6p0
5257,0.0,10539.960012448035,10539.960012448035,0.0,0.0,pvalloc_29nbfs_LRG2_max_1hll_sAs6p0
5258,0.0,8429.066249258418,8429.066249258418,0.0,0.0,pvalloc_29nbfs_LRG2_max_1hll_sAs6p0
5259,0.0,7662.686930720701,7662.686930720701,0.0,0.0,pvalloc_29nbfs_LRG2_max_1hll_sAs6p0
5260,0.0,6987.5697160524915,6987.5697160524915,0.0,0.0,pvalloc_29nbfs_LRG2_max_1hll_sAs6p0
5261,0.0,6946.060646242223,6946.060646242223,0.0,0.0,pvalloc_29nbfs_LRG2_max_1hll_sAs6p0
5262,58.80264772277476,4987.282525796954,4987.9055947240995,58.80264772277476,0.0,pvalloc_29nbfs_LRG2_max_1hll_sAs6p0
5263,12692.320745882887,2563.0534233743588,13330.986541563596,12692.320745882887,0.0,pvalloc_29nbfs_LRG2_max_1hll_sAs6p0
5264,33511.29283118334,2856.1421197602463,33747.1859243919,33507.25058670964,4.04224447370143,pvalloc_29nbfs_LRG2_max_1hll_sAs6p0
5265,56207.69994303939,2947.237298344905,56320.42523647313,54285.75935361572,1921.9405894236813,pvalloc_29nbfs_LRG2_max_1hll_sAs6p0
5266,75237.49805358058,3724.5136916038196,75354.49234445681,67685.52271737081,7551.975336209756,pvalloc_29nbfs_LRG2_max_1hll_sAs6p0
5267,88841.89533589776,4800.367304320781,89012.11344313734,75243.57249524699,13598.322840650777,pvalloc_29nbfs_LRG2_max_1hll_sAs6p0
5268,86135.35827411628,5848.402498460724,86470.12308271915,73824.34460313975,12311.013670976476,pvalloc_29nbfs_LRG2_max_1hll_sAs6p0
5269,91032.781198086,5814.864726273604,91322.7220318953,76243.50070391672,14789.280494169314,pvalloc_29nbfs_LRG2_max_1hll_sAs6p0
5270,91517.67111154075,5228.620153881126,91787.49229776445,76220.72049303466,15296.9506185061,pvalloc_29nbfs_LRG2_max_1hll_sAs6p0
5271,83059.90980513048,5020.2476253924315,83322.1681670675,71933.77316058389,11126.136644546581,pvalloc_29nbfs_LRG2_max_1hll_sAs6p0
5272,69201.73867241152,4778.587682800709,69489.45531583036,63670.50819107488,5531.230481336598,pvalloc_29nbfs_LRG2_max_1hll_sAs6p0
5273,52132.67806627306,4342.893513270159,52508.19808415587,50817.296860428425,1315.3812058446288,pvalloc_29nbfs_LRG2_max_1hll_sAs6p0
5274,31267.70774198655,4442.982730817651,32032.25730509799,31267.70774198655,0.0,pvalloc_29nbfs_LRG2_max_1hll_sAs6p0
5275,12677.233179557234,4709.127985417996,14450.414890787592,12677.233179557234,0.0,pvalloc_29nbfs_LRG2_max_1hll_sAs6p0
5276,0.001144878417680309,16107.722402909681,16107.722402909681,0.001144878417680309,0.0,pvalloc_29nbfs_LRG2_max_1hll_sAs6p0
5277,0.0,16661.54003587522,16661.54003587522,0.0,0.0,pvalloc_29nbfs_LRG2_max_1hll_sAs6p0
5278,0.0,16071.879638820657,16071.879638820657,0.0,0.0,pvalloc_29nbfs_LRG2_max_1hll_sAs6p0
5279,0.0,16513.61501158644,16513.61501158644,0.0,0.0,pvalloc_29nbfs_LRG2_max_1hll_sAs6p0
5280,0.0,14223.402737580194,14223.402737580194,0.0,0.0,pvalloc_29nbfs_LRG2_max_1hll_sAs6p0
5281,0.0,10189.901163932846,10189.901163932846,0.0,0.0,pvalloc_29nbfs_LRG2_max_1hll_sAs6p0
5282,0.0,9219.908618123189,9219.908618123189,0.0,0.0,pvalloc_29nbfs_LRG2_max_1hll_sAs6p0
5283,0.0,8077.212368111325,8077.212368111325,0.0,0.0,pvalloc_29nbfs_LRG2_max_1hll_sAs6p0
5284,0.0,7416.3887727037745,7416.3887727037745,0.0,0.0,pvalloc_29nbfs_LRG2_max_1hll_sAs6p0
5285,0.0,7104.393955178766,7104.393955178766,0.0,0.0,pvalloc_29nbfs_LRG2_max_1hll_sAs6p0
5286,19.62585123176547,5505.226117031234,5505.488645765869,19.62585123176547,0.0,pvalloc_29nbfs_LRG2_max_1hll_sAs6p0
5287,11801.689746521013,2604.587773017361,12508.377097313825,11801.689746521013,0.0,pvalloc_29nbfs_LRG2_max_1hll_sAs6p0
5288,33677.73896518441,2762.8252650371505,33893.49536052079,33671.36473773033,6.374227454082188,pvalloc_29nbfs_LRG2_max_1hll_sAs6p0
5289,55894.74903389244,2765.0119317054096,55995.91048235134,54032.38205073052,1862.3669831619063,pvalloc_29nbfs_LRG2_max_1hll_sAs6p0
5290,74194.90687423325,3621.5201458849306,74305.10427983131,67059.0482053903,7135.858668842981,pvalloc_29nbfs_LRG2_max_1hll_sAs6p0
5291,90230.06740996834,4049.9269576196234,90352.5888339815,75844.42362874575,14385.643781222585,pvalloc_29nbfs_LRG2_max_1hll_sAs6p0
5292,85628.29393127435,5619.244979341324,85929.87899389355,73560.50262309478,12067.791308179616,pvalloc_29nbfs_LRG2_max_1hll_sAs6p0
5293,91381.768024318,5532.92667560802,91641.7382019724,76307.49210752011,15074.275916797917,pvalloc_29nbfs_LRG2_max_1hll_sAs6p0
5294,86760.49535296983,6652.746386815251,87216.6245986171,73914.27705828122,12846.218294688577,pvalloc_29nbfs_LRG2_max_1hll_sAs6p0
5295,80019.77643230968,6058.556965054975,80441.96779013802,70231.46127653166,9788.315155778038,pvalloc_29nbfs_LRG2_max_1hll_sAs6p0
5296,65454.56531273621,6116.577447757659,66042.5901300202,61113.59539901499,4340.969913721216,pvalloc_29nbfs_LRG2_max_1hll_sAs6p0
5297,49703.94478057548,5439.339876765371,50395.656224027334,48731.983562485446,971.9612180900447,pvalloc_29nbfs_LRG2_max_1hll_sAs6p0
5298,29314.0512250258,5433.252083168533,30518.30775582626,29314.0512250258,0.0,pvalloc_29nbfs_LRG2_max_1hll_sAs6p0
5299,8811.024841926872,6468.411847372686,12182.223983103402,8811.024841926872,0.0,pvalloc_29nbfs_LRG2_max_1hll_sAs6p0
5300,0.006800150706788646,16914.71792341838,16914.71792341838,0.006800150706788646,0.0,pvalloc_29nbfs_LRG2_max_1hll_sAs6p0
5301,0.0,19664.8737674663,19664.8737674663,0.0,0.0,pvalloc_29nbfs_LRG2_max_1hll_sAs6p0
5302,0.0,21717.297616531436,21717.297616531436,0.0,0.0,pvalloc_29nbfs_LRG2_max_1hll_sAs6p0
5303,0.0,17214.825474050005,17214.825474050005,0.0,0.0,pvalloc_29nbfs_LRG2_max_1hll_sAs6p0
5304,0.0,12578.207549128694,12578.207549128694,0.0,0.0,pvalloc_29nbfs_LRG2_max_1hll_sAs6p0
5305,0.0,10294.109997870488,10294.109997870488,0.0,0.0,pvalloc_29nbfs_LRG2_max_1hll_sAs6p0
5306,0.0,8325.709247505114,8325.709247505114,0.0,0.0,pvalloc_29nbfs_LRG2_max_1hll_sAs6p0
5307,0.0,7293.515981600716,7293.515981600716,0.0,0.0,pvalloc_29nbfs_LRG2_max_1hll_sAs6p0
5308,0.0,6735.774478834689,6735.774478834689,0.0,0.0,pvalloc_29nbfs_LRG2_max_1hll_sAs6p0
5309,0.0,6710.483943585053,6710.483943585053,0.0,0.0,pvalloc_29nbfs_LRG2_max_1hll_sAs6p0
5310,30.313115944923304,4984.710228821008,4985.095354261681,30.313115944923304,0.0,pvalloc_29nbfs_LRG2_max_1hll_sAs6p0
5311,11753.792858392982,2510.6462186872755,12421.22873023247,11753.792858392982,0.0,pvalloc_29nbfs_LRG2_max_1hll_sAs6p0
5312,32874.91081305212,2874.3927547084363,33123.513064017076,32874.91081305212,0.0,pvalloc_29nbfs_LRG2_max_1hll_sAs6p0
5313,54824.214424985665,3219.858582165671,54964.74528558769,53158.08757907768,1666.1268459079986,pvalloc_29nbfs_LRG2_max_1hll_sAs6p0
5314,74969.67402496094,3688.799405038004,75095.82244351621,67488.49280091566,7481.181224045291,pvalloc_29nbfs_LRG2_max_1hll_sAs6p0
5315,91205.37340467423,3849.8048183046544,91318.03027828224,76299.96836836002,14905.405036314276,pvalloc_29nbfs_LRG2_max_1hll_sAs6p0
5316,85249.51790266337,5913.317093235339,85599.92934898038,73343.09145583153,11906.426446831827,pvalloc_29nbfs_LRG2_max_1hll_sAs6p0
5317,90974.37358143089,5415.321608317164,91214.17518034285,76184.98797353689,14789.385607893957,pvalloc_29nbfs_LRG2_max_1hll_sAs6p0
5318,88578.19662187592,5553.140447887737,88850.14266534854,74910.99659570165,13667.20002617427,pvalloc_29nbfs_LRG2_max_1hll_sAs6p0
5319,82032.30740700761,4917.105624914227,82265.95103931219,71435.74295749799,10596.564449509582,pvalloc_29nbfs_LRG2_max_1hll_sAs6p0
5320,67949.64292647493,4825.728572669723,68247.8094427892,62840.25822380145,5109.384702673504,pvalloc_29nbfs_LRG2_max_1hll_sAs6p0
5321,50065.76288887237,4697.550059296642,50522.866350809396,49104.40861668,961.3542721923764,pvalloc_29nbfs_LRG2_max_1hll_sAs6p0
5322,31973.52959548292,3954.65166876835,32567.956214685135,31973.52959548292,0.0,pvalloc_29nbfs_LRG2_max_1hll_sAs6p0
5323,10839.251911726029,4742.2506295753,12906.021684127347,10839.251911726029,0.0,pvalloc_29nbfs_LRG2_max_1hll_sAs6p0
5324,0.6236049522747649,11780.107969028184,11780.107969028184,0.6236049522747649,0.0,pvalloc_29nbfs_LRG2_max_1hll_sAs6p0
5325,0.0,17798.451423069702,17798.451423069702,0.0,0.0,pvalloc_29nbfs_LRG2_max_1hll_sAs6p0
5326,0.0,19605.334016129706,19605.334016129706,0.0,0.0,pvalloc_29nbfs_LRG2_max_1hll_sAs6p0
5327,0.0,17993.339244710103,17993.339244710103,0.0,0.0,pvalloc_29nbfs_LRG2_max_1hll_sAs6p0
5328,0.0,14499.905393880885,14499.905393880885,0.0,0.0,pvalloc_29nbfs_LRG2_max_1hll_sAs6p0
5329,0.0,10706.798579119697,10706.798579119697,0.0,0.0,pvalloc_29nbfs_LRG2_max_1hll_sAs6p0
5330,0.0,8691.305275136961,8691.305275136961,0.0,0.0,pvalloc_29nbfs_LRG2_max_1hll_sAs6p0
5331,0.0,7299.838339654398,7299.838339654398,0.0,0.0,pvalloc_29nbfs_LRG2_max_1hll_sAs6p0
5332,0.0,6942.4868277889755,6942.4868277889755,0.0,0.0,pvalloc_29nbfs_LRG2_max_1hll_sAs6p0
5333,0.0,6828.1340130815815,6828.1340130815815,0.0,0.0,pvalloc_29nbfs_LRG2_max_1hll_sAs6p0
5334,10.257331042007655,5417.660643247797,5417.7962338282,10.257331042007655,0.0,pvalloc_29nbfs_LRG2_max_1hll_sAs6p0
5335,10507.559212269938,2805.9638564588263,11440.69180587144,10507.559212269938,0.0,pvalloc_29nbfs_LRG2_max_1hll_sAs6p0
5336,31593.664458114472,3234.520743796749,31948.718929524934,31593.664458114472,0.0,pvalloc_29nbfs_LRG2_max_1hll_sAs6p0
5337,53935.232309619605,3412.7305420465063,54103.891709670825,52419.847082545035,1515.3852270745783,pvalloc_29nbfs_LRG2_max_1hll_sAs6p0
5338,73885.71298133812,3725.6456880472515,74013.26934583546,66837.98126639822,7047.731714939894,pvalloc_29nbfs_LRG2_max_1hll_sAs6p0
5339,89061.46126938234,4023.1764677020615,89178.8959063341,75281.86575213948,13779.5955172429,pvalloc_29nbfs_LRG2_max_1hll_sAs6p0
5340,84375.93644108129,5740.507174562269,84724.93164563173,72968.93876448076,11406.997676600537,pvalloc_29nbfs_LRG2_max_1hll_sAs6p0
5341,88674.46353897321,5708.838498023426,88965.13161964626,75102.77970368227,13571.683835290947,pvalloc_29nbfs_LRG2_max_1hll_sAs6p0
5342,85486.5550260224,6552.81067915728,85944.75669738374,73437.20512771138,12049.349898311051,pvalloc_29nbfs_LRG2_max_1hll_sAs6p0
5343,80364.90672963322,5459.272619119451,80675.12031441949,70491.6662285934,9873.240501039816,pvalloc_29nbfs_LRG2_max_1hll_sAs6p0
5344,68395.76898138023,4524.405150522817,68653.65960709906,63132.15394015845,5263.615041221829,pvalloc_29nbfs_LRG2_max_1hll_sAs6p0
5345,48973.641678006665,4481.5378248762345,49395.954518573446,48183.54439031138,790.0972876952864,pvalloc_29nbfs_LRG2_max_1hll_sAs6p0
5346,29295.917755069524,4463.964055447184,30123.51213678451,29295.917755069524,0.0,pvalloc_29nbfs_LRG2_max_1hll_sAs6p0
5347,7445.534271990097,6365.514374969635,10948.956116482785,7445.534271990097,0.0,pvalloc_29nbfs_LRG2_max_1hll_sAs6p0
5348,0.0,15989.39461791475,15989.39461791475,0.0,0.0,pvalloc_29nbfs_LRG2_max_1hll_sAs6p0
5349,0.0,16826.71504393423,16826.71504393423,0.0,0.0,pvalloc_29nbfs_LRG2_max_1hll_sAs6p0
5350,0.0,17455.218388780384,17455.218388780384,0.0,0.0,pvalloc_29nbfs_LRG2_max_1hll_sAs6p0
5351,0.0,17312.601875985758,17312.601875985758,0.0,0.0,pvalloc_29nbfs_LRG2_max_1hll_sAs6p0
5352,0.0,14414.143741518079,14414.143741518079,0.0,0.0,pvalloc_29nbfs_LRG2_max_1hll_sAs6p0
5353,0.0,9954.172012300509,9954.172012300509,0.0,0.0,pvalloc_29nbfs_LRG2_max_1hll_sAs6p0
5354,0.0,8448.308232531268,8448.308232531268,0.0,0.0,pvalloc_29nbfs_LRG2_max_1hll_sAs6p0
5355,0.0,7461.470557932398,7461.470557932398,0.0,0.0,pvalloc_29nbfs_LRG2_max_1hll_sAs6p0
5356,0.0,6904.553782501744,6904.553782501744,0.0,0.0,pvalloc_29nbfs_LRG2_max_1hll_sAs6p0
5357,0.0,6785.528064411385,6785.528064411385,0.0,0.0,pvalloc_29nbfs_LRG2_max_1hll_sAs6p0
5358,16.20903548461513,5397.923892957461,5398.153856833619,16.20903548461513,0.0,pvalloc_29nbfs_LRG2_max_1hll_sAs6p0
5359,10624.416159688426,2700.440973955135,11466.796116551119,10624.416159688426,0.0,pvalloc_29nbfs_LRG2_max_1hll_sAs6p0
5360,31820.72562963266,3036.632078822042,32121.28336651063,31820.72562963266,0.0,pvalloc_29nbfs_LRG2_max_1hll_sAs6p0
5361,51636.803020365114,4021.7792058928203,51941.00755929679,50513.01622079432,1123.7867995707898,pvalloc_29nbfs_LRG2_max_1hll_sAs6p0
5362,72723.74018839787,4119.675752899637,72887.86917455177,66137.78271524538,6585.957473152603,pvalloc_29nbfs_LRG2_max_1hll_sAs6p0
5363,86948.92201936683,4994.960831328445,87157.42687494912,74317.45258689209,12631.469432474729,pvalloc_29nbfs_LRG2_max_1hll_sAs6p0
5364,84904.05781814746,5829.9534403843045,85265.59084761348,73252.82313920371,11651.234678943685,pvalloc_29nbfs_LRG2_max_1hll_sAs6p0
5365,87858.01724091037,6394.351500129621,88292.31648893142,74772.66781981333,13085.34942109702,pvalloc_29nbfs_LRG2_max_1hll_sAs6p0
5366,90089.71021192179,5273.6546111328735,90327.7492233986,75675.82438035701,14413.885831564847,pvalloc_29nbfs_LRG2_max_1hll_sAs6p0
5367,81546.50663634534,4898.602322430203,81773.34926722985,71195.54978453394,10350.956851811434,pvalloc_29nbfs_LRG2_max_1hll_sAs6p0
5368,67796.78286689188,4601.430936946291,68053.62871046294,62802.862859959896,4993.92000693195,pvalloc_29nbfs_LRG2_max_1hll_sAs6p0
5369,48937.01776959903,4696.896516236223,49400.20213188752,48176.1868182758,760.8309513232446,pvalloc_29nbfs_LRG2_max_1hll_sAs6p0
5370,28014.07809919291,4838.75744581864,29081.234693098657,28014.07809919291,0.0,pvalloc_29nbfs_LRG2_max_1hll_sAs6p0
5371,9369.241812666698,5175.947993114291,11829.694283847844,9369.241812666698,0.0,pvalloc_29nbfs_LRG2_max_1hll_sAs6p0
5372,0.0,16855.51250470459,16855.51250470459,0.0,0.0,pvalloc_29nbfs_LRG2_max_1hll_sAs6p0
5373,0.0,17345.89249504484,17345.89249504484,0.0,0.0,pvalloc_29nbfs_LRG2_max_1hll_sAs6p0
5374,0.0,16579.52219038973,16579.52219038973,0.0,0.0,pvalloc_29nbfs_LRG2_max_1hll_sAs6p0
5375,0.0,15251.446364993697,15251.446364993697,0.0,0.0,pvalloc_29nbfs_LRG2_max_1hll_sAs6p0
5376,0.0,13188.262672566276,13188.262672566276,0.0,0.0,pvalloc_29nbfs_LRG2_max_1hll_sAs6p0
5377,0.0,11323.925666493666,11323.925666493666,0.0,0.0,pvalloc_29nbfs_LRG2_max_1hll_sAs6p0
5378,0.0,9734.491596408214,9734.491596408214,0.0,0.0,pvalloc_29nbfs_LRG2_max_1hll_sAs6p0
5379,0.0,8493.110696508547,8493.110696508547,0.0,0.0,pvalloc_29nbfs_LRG2_max_1hll_sAs6p0
5380,0.0,7434.255107382792,7434.255107382792,0.0,0.0,pvalloc_29nbfs_LRG2_max_1hll_sAs6p0
5381,0.0,7087.35069328278,7087.35069328278,0.0,0.0,pvalloc_29nbfs_LRG2_max_1hll_sAs6p0
5382,6.536169110956029,5749.283500440977,5749.382891250818,6.536169110956029,0.0,pvalloc_29nbfs_LRG2_max_1hll_sAs6p0
5383,10255.282854229188,2774.509519642226,11159.555086059965,10255.282854229188,0.0,pvalloc_29nbfs_LRG2_max_1hll_sAs6p0
5384,32075.104962862606,2885.6410053678187,32342.852385971055,32075.104962862606,0.0,pvalloc_29nbfs_LRG2_max_1hll_sAs6p0
5385,54208.827474611244,3221.059354989732,54354.339412137626,52640.599693233686,1568.2277813775681,pvalloc_29nbfs_LRG2_max_1hll_sAs6p0
5386,72815.40860424985,3905.321952424953,72954.99621058178,66187.14849060953,6628.260113640427,pvalloc_29nbfs_LRG2_max_1hll_sAs6p0
5387,88432.6435500878,4434.891309705777,88580.59311584425,74966.8216547692,13465.821895318571,pvalloc_29nbfs_LRG2_max_1hll_sAs6p0
5388,85524.79565775904,5517.11489034732,85809.53109559795,73491.16343418128,12033.63222357774,pvalloc_29nbfs_LRG2_max_1hll_sAs6p0
5389,89259.123981165,5835.735548444006,89561.8588983017,75344.04052400334,13915.083457161685,pvalloc_29nbfs_LRG2_max_1hll_sAs6p0
5390,85625.74675732946,6240.0152077755765,86015.49943764911,73454.27635787948,12171.470399449938,pvalloc_29nbfs_LRG2_max_1hll_sAs6p0
5391,78828.5549791397,5604.084674308582,79165.26929444053,69675.5231010244,9153.031878115251,pvalloc_29nbfs_LRG2_max_1hll_sAs6p0
5392,64786.82737327776,5314.700887990173,65195.75621197655,60743.964315781304,4042.8630574964704,pvalloc_29nbfs_LRG2_max_1hll_sAs6p0
5393,46004.93566974985,5338.472782310524,46716.49945086355,45559.35442903999,445.5812407098677,pvalloc_29nbfs_LRG2_max_1hll_sAs6p0
5394,27036.20406319495,4954.044373493431,28202.4783949874,27036.20406319495,0.0,pvalloc_29nbfs_LRG2_max_1hll_sAs6p0
5395,6322.888488736668,7005.239885733697,10431.982637665647,6322.888488736668,0.0,pvalloc_29nbfs_LRG2_max_1hll_sAs6p0
5396,0.0,17145.61374599515,17145.61374599515,0.0,0.0,pvalloc_29nbfs_LRG2_max_1hll_sAs6p0
5397,0.0,18592.212130355496,18592.212130355496,0.0,0.0,pvalloc_29nbfs_LRG2_max_1hll_sAs6p0
5398,0.0,17959.2808656008,17959.2808656008,0.0,0.0,pvalloc_29nbfs_LRG2_max_1hll_sAs6p0
5399,0.0,15321.147510146637,15321.147510146637,0.0,0.0,pvalloc_29nbfs_LRG2_max_1hll_sAs6p0
5400,0.0,13722.161589340783,13722.161589340783,0.0,0.0,pvalloc_29nbfs_LRG2_max_1hll_sAs6p0
5401,0.0,10430.229263731497,10430.229263731497,0.0,0.0,pvalloc_29nbfs_LRG2_max_1hll_sAs6p0
5402,0.0,8829.571873465273,8829.571873465273,0.0,0.0,pvalloc_29nbfs_LRG2_max_1hll_sAs6p0
5403,0.0,7657.188196967489,7657.188196967489,0.0,0.0,pvalloc_29nbfs_LRG2_max_1hll_sAs6p0
5404,0.0,7455.696363549953,7455.696363549953,0.0,0.0,pvalloc_29nbfs_LRG2_max_1hll_sAs6p0
5405,0.0,7031.549107246737,7031.549107246737,0.0,0.0,pvalloc_29nbfs_LRG2_max_1hll_sAs6p0
5406,2.009689866304588,6089.557337537913,6089.604688530443,2.009689866304588,0.0,pvalloc_29nbfs_LRG2_max_1hll_sAs6p0
5407,10248.075333979259,2615.879549082572,11051.745274467274,10248.075333979259,0.0,pvalloc_29nbfs_LRG2_max_1hll_sAs6p0
5408,29309.952321364126,3029.1237683747477,29649.035331771713,29309.952321364126,0.0,pvalloc_29nbfs_LRG2_max_1hll_sAs6p0
5409,48771.83180864211,3991.5445925852464,49089.102771453334,48077.252630124254,694.5791785178566,pvalloc_29nbfs_LRG2_max_1hll_sAs6p0
5410,67056.82075927645,3842.8938912849217,67218.53520844392,62354.781873857086,4702.0388854193625,pvalloc_29nbfs_LRG2_max_1hll_sAs6p0
5411,74858.14817624092,4142.376637305794,75030.10525331338,67361.59943621443,7496.548740026438,pvalloc_29nbfs_LRG2_max_1hll_sAs6p0
5412,63315.52324451009,5462.7810906068125,63796.08251814202,59690.497801331854,3625.0254431782278,pvalloc_29nbfs_LRG2_max_1hll_sAs6p0
5413,62782.167844138676,6094.090403503847,63412.84207807895,59243.00937472588,3539.1584694128155,pvalloc_29nbfs_LRG2_max_1hll_sAs6p0
5414,57284.44386741032,6035.569135769406,58008.59780100346,54913.78645289988,2370.6574145104405,pvalloc_29nbfs_LRG2_max_1hll_sAs6p0
5415,46213.205031709695,5488.551405928093,46972.83326241222,45699.93949494964,513.2655367600462,pvalloc_29nbfs_LRG2_max_1hll_sAs6p0
5416,34374.62546639186,5014.369143860576,35265.594731490455,34324.91655606708,49.708910324771296,pvalloc_29nbfs_LRG2_max_1hll_sAs6p0
5417,27443.921712122672,4820.509680726535,28497.235096100452,27443.921712122672,0.0,pvalloc_29nbfs_LRG2_max_1hll_sAs6p0
5418,11361.235215360002,5234.183672279534,13694.660458544604,11361.235215360002,0.0,pvalloc_29nbfs_LRG2_max_1hll_sAs6p0
5419,2517.577215458312,6574.667359334284,7235.606494661515,2517.577215458312,0.0,pvalloc_29nbfs_LRG2_max_1hll_sAs6p0
5420,0.0,14157.154080225086,14157.154080225086,0.0,0.0,pvalloc_29nbfs_LRG2_max_1hll_sAs6p0
5421,0.0,16175.317955120869,16175.317955120869,0.0,0.0,pvalloc_29nbfs_LRG2_max_1hll_sAs6p0
5422,0.0,16617.529616008724,16617.529616008724,0.0,0.0,pvalloc_29nbfs_LRG2_max_1hll_sAs6p0
5423,0.0,15583.466132818583,15583.466132818583,0.0,0.0,pvalloc_29nbfs_LRG2_max_1hll_sAs6p0
5424,0.0,13573.678772779584,13573.678772779584,0.0,0.0,pvalloc_29nbfs_LRG2_max_1hll_sAs6p0
4920,0.0,11113.463869085279,11113.463869085279,0.0,0.0,pvalloc_29nbfs_LRG2_max_1hll_sBs0p4
4921,0.0,10737.831728562103,10737.831728562103,0.0,0.0,pvalloc_29nbfs_LRG2_max_1hll_sBs0p4
4922,0.0,10105.311448681487,10105.311448681487,0.0,0.0,pvalloc_29nbfs_LRG2_max_1hll_sBs0p4
4923,0.0,8120.0948804456375,8120.0948804456375,0.0,0.0,pvalloc_29nbfs_LRG2_max_1hll_sBs0p4
4924,0.0,7251.733657230992,7251.733657230992,0.0,0.0,pvalloc_29nbfs_LRG2_max_1hll_sBs0p4
4925,0.0,6971.075169345189,6971.075169345189,0.0,0.0,pvalloc_29nbfs_LRG2_max_1hll_sBs0p4
4926,823.3395930423515,3596.4102219315587,3691.0340876772,823.3395930423515,0.0,pvalloc_29nbfs_LRG2_max_1hll_sBs0p4
4927,15759.484346581932,2536.2947479150553,16267.36474451188,15759.484346581932,0.0,pvalloc_29nbfs_LRG2_max_1hll_sBs0p4
4928,35990.15421186678,2697.810937731181,36175.897724028095,35923.47685011911,66.6773617476664,pvalloc_29nbfs_LRG2_max_1hll_sBs0p4
4929,55361.93188879393,3337.936688777538,55518.42545487863,53598.61750051486,1763.3143882790764,pvalloc_29nbfs_LRG2_max_1hll_sBs0p4
4930,74382.23958783665,3562.8215124176477,74496.01588441848,67094.71058791019,7287.5289999264305,pvalloc_29nbfs_LRG2_max_1hll_sBs0p4
4931,89307.68368926275,4072.1838657164535,89436.5669664697,75342.1237994313,13965.559889831478,pvalloc_29nbfs_LRG2_max_1hll_sBs0p4
4932,74212.51220284544,5133.575883802597,74520.90418304637,66958.50713939927,7254.0050634461895,pvalloc_29nbfs_LRG2_max_1hll_sBs0p4
4933,61759.65282764574,6642.592697828205,62607.54504598507,58532.5224337629,3227.1303938828464,pvalloc_29nbfs_LRG2_max_1hll_sBs0p4
4934,58385.003046047605,5487.784626408899,58930.005390944956,55847.160618143,2537.842427904601,pvalloc_29nbfs_LRG2_max_1hll_sBs0p4
4935,50974.63025996171,5066.783650420372,51543.24189091041,49808.67523506783,1165.955024893893,pvalloc_29nbfs_LRG2_max_1hll_sBs0p4
4936,50358.426178456786,4815.485184059853,50873.18113648105,49302.169463803584,1056.2567146531933,pvalloc_29nbfs_LRG2_max_1hll_sBs0p4
4937,34081.58542858727,4267.244587862379,34732.066192477076,34039.39235173871,42.193076848563635,pvalloc_29nbfs_LRG2_max_1hll_sBs0p4
4938,16341.662384524376,3926.43218983624,17453.785523086175,16341.662384524376,0.0,pvalloc_29nbfs_LRG2_max_1hll_sBs0p4
4939,7178.6060808121665,5152.52468042363,9873.002844497905,7178.6060808121665,0.0,pvalloc_29nbfs_LRG2_max_1hll_sBs0p4
4940,296.1460759650475,8838.137453253199,8841.584819726368,296.1460759650475,0.0,pvalloc_29nbfs_LRG2_max_1hll_sBs0p4
4941,0.0,12714.325160437362,12714.325160437362,0.0,0.0,pvalloc_29nbfs_LRG2_max_1hll_sBs0p4
4942,0.0,13844.117670126652,13844.117670126652,0.0,0.0,pvalloc_29nbfs_LRG2_max_1hll_sBs0p4
4943,0.0,13190.081500942473,13190.081500942473,0.0,0.0,pvalloc_29nbfs_LRG2_max_1hll_sBs0p4
4944,0.0,15734.473543662867,15734.473543662867,0.0,0.0,pvalloc_29nbfs_LRG2_max_1hll_sBs0p4
4945,0.0,11843.652935827871,11843.652935827871,0.0,0.0,pvalloc_29nbfs_LRG2_max_1hll_sBs0p4
4946,0.0,9148.163406638314,9148.163406638314,0.0,0.0,pvalloc_29nbfs_LRG2_max_1hll_sBs0p4
4947,0.0,7889.191632688864,7889.191632688864,0.0,0.0,pvalloc_29nbfs_LRG2_max_1hll_sBs0p4
4948,0.0,7842.183829125383,7842.183829125383,0.0,0.0,pvalloc_29nbfs_LRG2_max_1hll_sBs0p4
4949,0.0,6888.334696423669,6888.334696423669,0.0,0.0,pvalloc_29nbfs_LRG2_max_1hll_sBs0p4
4950,7.65013448543948,5201.646692915503,5201.664005278458,7.65013448543948,0.0,pvalloc_29nbfs_LRG2_max_1hll_sBs0p4
4951,9122.441104510835,2539.480567004653,9968.573097240442,9122.441104510835,0.0,pvalloc_29nbfs_LRG2_max_1hll_sBs0p4
4952,30298.770513486365,2554.0492461805075,30512.76751832136,30298.770513486365,0.0,pvalloc_29nbfs_LRG2_max_1hll_sBs0p4
4953,53998.8791784498,3006.6416202360356,54123.03363652292,52467.996759327776,1530.8824191220247,pvalloc_29nbfs_LRG2_max_1hll_sBs0p4
4954,75416.07475717431,3368.696453294867,75512.12900418778,67726.76263266228,7689.312124511973,pvalloc_29nbfs_LRG2_max_1hll_sBs0p4
4955,86697.65595709723,3615.8027143109384,86804.50903345156,73958.76016285481,12738.895794242502,pvalloc_29nbfs_LRG2_max_1hll_sBs0p4
4956,74728.48682405482,4604.406543896984,74954.46418980593,67276.89990848879,7451.586915566086,pvalloc_29nbfs_LRG2_max_1hll_sBs0p4
4957,50045.03197205564,4867.927955120791,50561.39886801976,49059.05165749326,985.9803145623761,pvalloc_29nbfs_LRG2_max_1hll_sBs0p4
4958,60889.62331111099,5005.861912259686,61333.34408669639,57680.26587410868,3209.357437002313,pvalloc_29nbfs_LRG2_max_1hll_sBs0p4
4959,48565.840211266994,5048.688283200418,49203.45434306273,47745.15642380084,820.6837874661327,pvalloc_29nbfs_LRG2_max_1hll_sBs0p4
4960,44651.398935517136,4723.534544901978,45268.76606656453,44231.53440444339,419.86453107376406,pvalloc_29nbfs_LRG2_max_1hll_sBs0p4
4961,35975.51749098879,4805.653918630076,36779.78683882447,35877.83996000053,97.67753098824954,pvalloc_29nbfs_LRG2_max_1hll_sBs0p4
4962,19837.60067868336,4687.506354502185,21182.069515556268,19837.60067868336,0.0,pvalloc_29nbfs_LRG2_max_1hll_sBs0p4
4963,9128.110907008948,6051.046227863909,12242.944039266684,9128.110907008948,0.0,pvalloc_29nbfs_LRG2_max_1hll_sBs0p4
4964,3.5912976078649157,11428.612489315432,11428.612489315432,3.5912976078649157,0.0,pvalloc_29nbfs_LRG2_max_1hll_sBs0p4
4965,0.0,21698.62752947297,21698.62752947297,0.0,0.0,pvalloc_29nbfs_LRG2_max_1hll_sBs0p4
4966,0.0,15054.668580548845,15054.668580548845,0.0,0.0,pvalloc_29nbfs_LRG2_max_1hll_sBs0p4
4967,0.0,14761.300435221636,14761.300435221636,0.0,0.0,pvalloc_29nbfs_LRG2_max_1hll_sBs0p4
4968,0.0,12492.279958567411,12492.279958567411,0.0,0.0,pvalloc_29nbfs_LRG2_max_1hll_sBs0p4
4969,0.0,10052.532145121631,10052.532145121631,0.0,0.0,pvalloc_29nbfs_LRG2_max_1hll_sBs0p4
4970,0.0,8034.332061846784,8034.332061846784,0.0,0.0,pvalloc_29nbfs_LRG2_max_1hll_sBs0p4
4971,0.0,7219.022230515399,7219.022230515399,0.0,0.0,pvalloc_29nbfs_LRG2_max_1hll_sBs0p4
4972,0.0,6689.043790452775,6689.043790452775,0.0,0.0,pvalloc_29nbfs_LRG2_max_1hll_sBs0p4
4973,0.0,6426.528200910121,6426.528200910121,0.0,0.0,pvalloc_29nbfs_LRG2_max_1hll_sBs0p4
4974,160.995269638502,3989.6593009220765,3991.6090492622593,160.995269638502,0.0,pvalloc_29nbfs_LRG2_max_1hll_sBs0p4
4975,10201.309033220345,2534.099414103599,10984.194345808788,10201.309033220345,0.0,pvalloc_29nbfs_LRG2_max_1hll_sBs0p4
4976,3134.4699355836206,2922.8163224047094,4786.477374145365,3134.4699355836206,0.0,pvalloc_29nbfs_LRG2_max_1hll_sBs0p4
4977,18335.55754828129,3138.896520927544,19028.599054940816,18335.55754828129,0.0,pvalloc_29nbfs_LRG2_max_1hll_sBs0p4
4978,36171.91873444154,3432.5341868378036,36528.34110887105,36080.60776798633,91.3109664552141,pvalloc_29nbfs_LRG2_max_1hll_sBs0p4
4979,57334.191552283926,3908.747273748002,57566.05593572981,55086.4575747998,2247.7339774841057,pvalloc_29nbfs_LRG2_max_1hll_sBs0p4
4980,59616.24215218492,4677.538760696707,59963.53267854473,56854.463075421954,2761.7790767629704,pvalloc_29nbfs_LRG2_max_1hll_sBs0p4
4981,62939.321450932264,5377.796658789327,63400.15074729999,59353.35023121743,3585.9712197148538,pvalloc_29nbfs_LRG2_max_1hll_sBs0p4
4982,47630.61693937228,4926.047139990273,48234.70675321724,46946.06546616554,684.5514732067352,pvalloc_29nbfs_LRG2_max_1hll_sBs0p4
4983,52855.88065807405,5535.483495956056,53502.510299595626,51404.59024343474,1451.2904146393166,pvalloc_29nbfs_LRG2_max_1hll_sBs0p4
4984,42932.2193863229,4885.914653527086,43577.88885449076,42651.655804412345,280.563581910553,pvalloc_29nbfs_LRG2_max_1hll_sBs0p4
4985,28494.26449496491,4367.117536318174,29329.080061785156,28494.26449496491,0.0,pvalloc_29nbfs_LRG2_max_1hll_sBs0p4
4986,22521.169101998574,4916.595842005265,23923.15619654766,22521.169101998574,0.0,pvalloc_29nbfs_LRG2_max_1hll_sBs0p4
4987,9972.184038845413,5114.654090637987,12423.468418500806,9972.184038845413,0.0,pvalloc_29nbfs_LRG2_max_1hll_sBs0p4
4988,1.7529642328198085,11603.10984604143,11603.10984604143,1.7529642328198085,0.0,pvalloc_29nbfs_LRG2_max_1hll_sBs0p4
4989,0.0,15306.207062822388,15306.207062822388,0.0,0.0,pvalloc_29nbfs_LRG2_max_1hll_sBs0p4
4990,0.0,18487.541112237723,18487.541112237723,0.0,0.0,pvalloc_29nbfs_LRG2_max_1hll_sBs0p4
4991,0.0,15678.910070087288,15678.910070087288,0.0,0.0,pvalloc_29nbfs_LRG2_max_1hll_sBs0p4
4992,0.0,12457.950105853319,12457.950105853319,0.0,0.0,pvalloc_29nbfs_LRG2_max_1hll_sBs0p4
4993,0.0,9566.578165666264,9566.578165666264,0.0,0.0,pvalloc_29nbfs_LRG2_max_1hll_sBs0p4
4994,0.0,8172.598108657662,8172.598108657662,0.0,0.0,pvalloc_29nbfs_LRG2_max_1hll_sBs0p4
4995,0.0,7275.373634775014,7275.373634775014,0.0,0.0,pvalloc_29nbfs_LRG2_max_1hll_sBs0p4
4996,0.0,6657.432000184344,6657.432000184344,0.0,0.0,pvalloc_29nbfs_LRG2_max_1hll_sBs0p4
4997,0.0,6227.237294939229,6227.237294939229,0.0,0.0,pvalloc_29nbfs_LRG2_max_1hll_sBs0p4
4998,409.0784985744876,3581.813545137155,3598.7674634668188,409.0784985744876,0.0,pvalloc_29nbfs_LRG2_max_1hll_sBs0p4
4999,14921.632364656405,2526.2720224072273,15466.342927307274,14921.632364656405,0.0,pvalloc_29nbfs_LRG2_max_1hll_sBs0p4
5000,33563.22996540069,2776.4563874072987,33789.24135870682,33552.77663275447,10.453332646227182,pvalloc_29nbfs_LRG2_max_1hll_sBs0p4
5001,52002.37087185875,3114.4302965620745,52148.991613212194,50792.208307425266,1210.162564433489,pvalloc_29nbfs_LRG2_max_1hll_sBs0p4
5002,65693.71989214579,3225.1089595078024,65810.38530527217,61379.301525513016,4314.418366632739,pvalloc_29nbfs_LRG2_max_1hll_sBs0p4
5003,85556.00009924806,3940.220475636037,85680.60537795463,73401.78856561199,12154.211533636053,pvalloc_29nbfs_LRG2_max_1hll_sBs0p4
5004,83648.78571949671,4477.932534781551,83819.68916764132,72396.80790249599,11251.977817000734,pvalloc_29nbfs_LRG2_max_1hll_sBs0p4
5005,90106.5879280735,4606.363494604157,90283.17341462054,75708.63706975951,14397.950858313985,pvalloc_29nbfs_LRG2_max_1hll_sBs0p4
5006,83907.65320435376,4591.780458493313,84113.286721608,72418.0876164655,11489.565587888244,pvalloc_29nbfs_LRG2_max_1hll_sBs0p4
5007,70136.10006658296,4609.322867320778,70397.02740424378,64293.933161095294,5842.16690548753,pvalloc_29nbfs_LRG2_max_1hll_sBs0p4
5008,55295.51386419382,4087.5772401973054,55590.62279041594,53405.41759740378,1890.0962667900349,pvalloc_29nbfs_LRG2_max_1hll_sBs0p4
5009,32726.261276653826,3834.341667112193,33274.656615199936,32718.190862748448,8.070413905378416,pvalloc_29nbfs_LRG2_max_1hll_sBs0p4
5010,13737.196445060847,3958.1483473416324,15067.140888812011,13737.196445060847,0.0,pvalloc_29nbfs_LRG2_max_1hll_sBs0p4
5011,2512.277804783894,6084.040177474493,6859.758866451968,2512.277804783894,0.0,pvalloc_29nbfs_LRG2_max_1hll_sBs0p4
5012,0.024958675141344665,13827.49131271163,13827.49131271163,0.024958675141344665,0.0,pvalloc_29nbfs_LRG2_max_1hll_sBs0p4
5013,0.0,14662.181682635239,14662.181682635239,0.0,0.0,pvalloc_29nbfs_LRG2_max_1hll_sBs0p4
5014,0.0,16274.799124460178,16274.799124460178,0.0,0.0,pvalloc_29nbfs_LRG2_max_1hll_sBs0p4
5015,0.0,15624.09295649087,15624.09295649087,0.0,0.0,pvalloc_29nbfs_LRG2_max_1hll_sBs0p4
5016,0.0,12724.185769730162,12724.185769730162,0.0,0.0,pvalloc_29nbfs_LRG2_max_1hll_sBs0p4
5017,0.0,10867.074894322572,10867.074894322572,0.0,0.0,pvalloc_29nbfs_LRG2_max_1hll_sBs0p4
5018,0.0,8769.371741640622,8769.371741640622,0.0,0.0,pvalloc_29nbfs_LRG2_max_1hll_sBs0p4
5019,0.0,7592.31461024244,7592.31461024244,0.0,0.0,pvalloc_29nbfs_LRG2_max_1hll_sBs0p4
5020,0.0,6804.494587055006,6804.494587055006,0.0,0.0,pvalloc_29nbfs_LRG2_max_1hll_sBs0p4
5021,0.0,6914.447201421453,6914.447201421453,0.0,0.0,pvalloc_29nbfs_LRG2_max_1hll_sBs0p4
5022,126.47971398243074,4157.211616987759,4158.7840784612445,126.47971398243074,0.0,pvalloc_29nbfs_LRG2_max_1hll_sBs0p4
5023,10439.16502848318,2564.218879588058,11232.111301548763,10439.16502848318,0.0,pvalloc_29nbfs_LRG2_max_1hll_sBs0p4
5024,21689.24914391934,2749.4305466705946,22111.887327874265,21689.24914391934,0.0,pvalloc_29nbfs_LRG2_max_1hll_sBs0p4
5025,18558.184593280705,3366.639235059588,19405.287294749,18558.184593280705,0.0,pvalloc_29nbfs_LRG2_max_1hll_sBs0p4
5026,30571.332277167527,3799.1059403145005,31183.86695057334,30571.332277167527,0.0,pvalloc_29nbfs_LRG2_max_1hll_sBs0p4
5027,65857.94247474885,3646.469641071572,66016.18867864578,61451.5852060308,4406.3572687180385,pvalloc_29nbfs_LRG2_max_1hll_sBs0p4
5028,78961.40796313099,5326.627237790931,79289.1352749321,69856.49118277,9104.916780360958,pvalloc_29nbfs_LRG2_max_1hll_sBs0p4
5029,52056.38728895241,5045.41427602029,52590.8785638596,50731.12191535491,1325.2653735974834,pvalloc_29nbfs_LRG2_max_1hll_sBs0p4
5030,22713.083936580177,5837.134627072271,24587.974223133264,22713.083936580177,0.0,pvalloc_29nbfs_LRG2_max_1hll_sBs0p4
5031,25362.821357979115,4959.90830855495,26609.11516132291,25362.821357979115,0.0,pvalloc_29nbfs_LRG2_max_1hll_sBs0p4
5032,33754.17958655645,4039.017245305471,34342.872266496546,33712.786793183266,41.392793373189306,pvalloc_29nbfs_LRG2_max_1hll_sBs0p4
5033,26710.392727825158,4129.568966147846,27515.79585214013,26710.392727825158,0.0,pvalloc_29nbfs_LRG2_max_1hll_sBs0p4
5034,16594.723100934727,4723.341901711882,18217.90819954663,16594.723100934727,0.0,pvalloc_29nbfs_LRG2_max_1hll_sBs0p4
5035,10217.809481273534,5390.6347097873095,12754.114618506397,10217.809481273534,0.0,pvalloc_29nbfs_LRG2_max_1hll_sBs0p4
5036,10.563946304688988,10991.525835779627,10991.538270928782,10.563946304688988,0.0,pvalloc_29nbfs_LRG2_max_1hll_sBs0p4
5037,0.0,15623.399766375918,15623.399766375918,0.0,0.0,pvalloc_29nbfs_LRG2_max_1hll_sBs0p4
5038,0.0,16022.715362504956,16022.715362504956,0.0,0.0,pvalloc_29nbfs_LRG2_max_1hll_sBs0p4
5039,0.0,16439.75171535185,16439.75171535185,0.0,0.0,pvalloc_29nbfs_LRG2_max_1hll_sBs0p4
5040,0.0,12326.556850038327,12326.556850038327,0.0,0.0,pvalloc_29nbfs_LRG2_max_1hll_sBs0p4
5041,0.0,9488.472208125191,9488.472208125191,0.0,0.0,pvalloc_29nbfs_LRG2_max_1hll_sBs0p4
5042,0.0,8024.4353338224,8024.4353338224,0.0,0.0,pvalloc_29nbfs_LRG2_max_1hll_sBs0p4
5043,0.0,7253.657469496068,7253.657469496068,0.0,0.0,pvalloc_29nbfs_LRG2_max_1hll_sBs0p4
5044,0.0,6638.189465394041,6638.189465394041,0.0,0.0,pvalloc_29nbfs_LRG2_max_1hll_sBs0p4
5045,0.0,6441.096729282571,6441.096729282571,0.0,0.0,pvalloc_29nbfs_LRG2_max_1hll_sBs0p4
5046,127.0420982988744,4133.799140610481,4135.3504303440495,127.0420982988744,0.0,pvalloc_29nbfs_LRG2_max_1hll_sBs0p4
5047,11294.293350302161,2640.941954175645,12115.326521586407,11294.293350302161,0.0,pvalloc_29nbfs_LRG2_max_1hll_sBs0p4
5048,32384.608907278944,2959.926401617258,32664.42420201205,32384.608907278944,0.0,pvalloc_29nbfs_LRG2_max_1hll_sBs0p4
5049,53139.00427126514,3327.5625225294907,53307.97671603792,51762.87607118632,1376.1282000788265,pvalloc_29nbfs_LRG2_max_1hll_sBs0p4
5050,72230.33435306184,3409.2127253368835,72329.92643386142,65789.29557104518,6441.038782016814,pvalloc_29nbfs_LRG2_max_1hll_sBs0p4
5051,65838.84344779016,3814.1373509484874,66008.88476939297,61469.23244450707,4369.6110032831575,pvalloc_29nbfs_LRG2_max_1hll_sBs0p4
5052,60327.67522672337,4447.951411042163,60623.365230517185,57421.238821554,2906.436405169355,pvalloc_29nbfs_LRG2_max_1hll_sBs0p4
5053,66914.72137032698,4710.724703637478,67203.03377903803,62169.39480350513,4745.326566821884,pvalloc_29nbfs_LRG2_max_1hll_sBs0p4
5054,68040.62359021288,4590.49086488143,68315.61409791492,62857.23954577548,5183.384044437393,pvalloc_29nbfs_LRG2_max_1hll_sBs0p4
5055,57551.10544354811,4863.258508752926,57964.89226943782,55192.88587739677,2358.219566151343,pvalloc_29nbfs_LRG2_max_1hll_sBs0p4
5056,51402.75990657918,4304.8893518948125,51763.574186466496,50215.57049626756,1187.189410311611,pvalloc_29nbfs_LRG2_max_1hll_sBs0p4
5057,34340.27101064185,3725.03681785065,34829.77451727191,34296.86437951893,43.40663112292958,pvalloc_29nbfs_LRG2_max_1hll_sBs0p4
5058,12126.893423123127,3720.901667277437,13404.03744883826,12126.893423123127,0.0,pvalloc_29nbfs_LRG2_max_1hll_sBs0p4
5059,6178.509900959864,4371.319074908515,8407.039393223913,6178.509900959864,0.0,pvalloc_29nbfs_LRG2_max_1hll_sBs0p4
5060,213.0048523412393,7653.9965216238725,7656.5866785196,213.0048523412393,0.0,pvalloc_29nbfs_LRG2_max_1hll_sBs0p4
5061,0.0,12442.644294585476,12442.644294585476,0.0,0.0,pvalloc_29nbfs_LRG2_max_1hll_sBs0p4
5062,0.0,12652.578225358759,12652.578225358759,0.0,0.0,pvalloc_29nbfs_LRG2_max_1hll_sBs0p4
5063,0.0,12878.862779430521,12878.862779430521,0.0,0.0,pvalloc_29nbfs_LRG2_max_1hll_sBs0p4
5064,0.0,12350.755659688533,12350.755659688533,0.0,0.0,pvalloc_29nbfs_LRG2_max_1hll_sBs0p4
5065,0.0,11097.685205202353,11097.685205202353,0.0,0.0,pvalloc_29nbfs_LRG2_max_1hll_sBs0p4
5066,0.0,9294.124150992038,9294.124150992038,0.0,0.0,pvalloc_29nbfs_LRG2_max_1hll_sBs0p4
5067,0.0,7868.847255381625,7868.847255381625,0.0,0.0,pvalloc_29nbfs_LRG2_max_1hll_sBs0p4
5068,0.0,6865.793803809358,6865.793803809358,0.0,0.0,pvalloc_29nbfs_LRG2_max_1hll_sBs0p4
5069,0.0,7046.117084101745,7046.117084101745,0.0,0.0,pvalloc_29nbfs_LRG2_max_1hll_sBs0p4
5070,117.79233770915073,4243.402659917286,4244.849624087851,117.79233770915073,0.0,pvalloc_29nbfs_LRG2_max_1hll_sBs0p4
5071,13179.246122959843,2495.3432378534835,13788.052330448116,13179.246122959843,0.0,pvalloc_29nbfs_LRG2_max_1hll_sBs0p4
5072,30178.270684915842,2796.641011214852,30451.494036614986,30178.270684915842,0.0,pvalloc_29nbfs_LRG2_max_1hll_sBs0p4
5073,52401.163134261136,3196.017606933198,52557.87557899522,51115.97068309589,1285.1924511652442,pvalloc_29nbfs_LRG2_max_1hll_sBs0p4
5074,69802.30212138951,3484.2931533394612,69935.5520341506,64154.4469460577,5647.85517533172,pvalloc_29nbfs_LRG2_max_1hll_sBs0p4
5075,80371.66016281904,3902.0020166108206,80516.46879004993,70539.17526377125,9832.4848990478,pvalloc_29nbfs_LRG2_max_1hll_sBs0p4
5076,70878.29852644852,4438.176984741597,71103.31513854838,64830.10917107199,6048.1893553764285,pvalloc_29nbfs_LRG2_max_1hll_sBs0p4
5077,62699.84040850481,4864.053905759338,63050.66980265987,59159.27675981495,3540.5636486898807,pvalloc_29nbfs_LRG2_max_1hll_sBs0p4
5078,53268.26523850143,5048.408637082159,53802.85419808212,51712.368860215174,1555.8963782862575,pvalloc_29nbfs_LRG2_max_1hll_sBs0p4
5079,33080.85705501192,5064.524900109421,34063.79332408614,33052.81586166689,28.041193345027125,pvalloc_29nbfs_LRG2_max_1hll_sBs0p4
5080,36281.02734642511,4694.404540903127,37022.40409938232,36176.74355457933,104.28379184578512,pvalloc_29nbfs_LRG2_max_1hll_sBs0p4
5081,28586.154166735178,4457.5197105510415,29457.304496292963,28586.154166735178,0.0,pvalloc_29nbfs_LRG2_max_1hll_sBs0p4
5082,16321.832676280565,4413.795721051324,17738.247988895964,16321.832676280565,0.0,pvalloc_29nbfs_LRG2_max_1hll_sBs0p4
5083,8591.731245685,4733.438081468864,10816.397685470305,8591.731245685,0.0,pvalloc_29nbfs_LRG2_max_1hll_sBs0p4
5084,45.249955179532535,9039.568178683256,9039.845188714185,45.249955179532535,0.0,pvalloc_29nbfs_LRG2_max_1hll_sBs0p4
5085,0.0,14038.884071464146,14038.884071464146,0.0,0.0,pvalloc_29nbfs_LRG2_max_1hll_sBs0p4
5086,0.0,16707.678657408913,16707.678657408913,0.0,0.0,pvalloc_29nbfs_LRG2_max_1hll_sBs0p4
5087,0.0,14798.423471834052,14798.423471834052,0.0,0.0,pvalloc_29nbfs_LRG2_max_1hll_sBs0p4
5088,0.0,12920.992928294934,12920.992928294934,0.0,0.0,pvalloc_29nbfs_LRG2_max_1hll_sBs0p4
5089,0.0,9900.944565301277,9900.944565301277,0.0,0.0,pvalloc_29nbfs_LRG2_max_1hll_sBs0p4
5090,0.0,9389.785903685059,9389.785903685059,0.0,0.0,pvalloc_29nbfs_LRG2_max_1hll_sBs0p4
5091,0.0,7401.546438254427,7401.546438254427,0.0,0.0,pvalloc_29nbfs_LRG2_max_1hll_sBs0p4
5092,0.0,6692.067790682453,6692.067790682453,0.0,0.0,pvalloc_29nbfs_LRG2_max_1hll_sBs0p4
5093,0.0,6497.448685059625,6497.448685059625,0.0,0.0,pvalloc_29nbfs_LRG2_max_1hll_sBs0p4
5094,300.432123697508,3841.6559821783417,3845.5600695921325,300.432123697508,0.0,pvalloc_29nbfs_LRG2_max_1hll_sBs0p4
5095,14803.643199759437,2371.968943769667,15271.517400467425,14803.643199759437,0.0,pvalloc_29nbfs_LRG2_max_1hll_sBs0p4
5096,34803.809787481216,2366.763103328188,34941.01598067342,34774.51412030814,29.29566717308137,pvalloc_29nbfs_LRG2_max_1hll_sBs0p4
5097,56889.73057614905,2793.9151935352234,56984.398238806985,54839.57804100757,2050.1525351414775,pvalloc_29nbfs_LRG2_max_1hll_sBs0p4
5098,73779.74294719112,2917.929389296991,73856.20225763948,66753.7754563972,7025.967490793958,pvalloc_29nbfs_LRG2_max_1hll_sBs0p4
5099,89260.7760006872,3507.762915087897,89361.92307233541,75289.29489645647,13971.481104230721,pvalloc_29nbfs_LRG2_max_1hll_sBs0p4
5100,75365.95243810017,4903.184136094813,75622.26217135017,67645.1524662954,7720.7999718047095,pvalloc_29nbfs_LRG2_max_1hll_sBs0p4
5101,66103.95693058916,5574.820640684662,66572.50823687637,61525.93898343966,4578.017947149472,pvalloc_29nbfs_LRG2_max_1hll_sBs0p4
5102,71187.95951022713,5661.4516298306,71651.79255507646,64857.004759671654,6330.95475055549,pvalloc_29nbfs_LRG2_max_1hll_sBs0p4
5103,64986.18806749476,5144.606580152402,65409.21079414156,60691.9006733401,4294.2873941546495,pvalloc_29nbfs_LRG2_max_1hll_sBs0p4
5104,61179.1657964143,4940.800141696037,61609.95105609164,57895.798756134674,3283.3670402796015,pvalloc_29nbfs_LRG2_max_1hll_sBs0p4
5105,25870.05625460301,4797.4950895965385,26936.688560779592,25870.05625460301,0.0,pvalloc_29nbfs_LRG2_max_1hll_sBs0p4
5106,6547.614353904558,5129.036618395941,9134.436584204283,6547.614353904558,0.0,pvalloc_29nbfs_LRG2_max_1hll_sBs0p4
5107,1418.1959562746144,6932.235695365061,7054.072135671285,1418.1959562746144,0.0,pvalloc_29nbfs_LRG2_max_1hll_sBs0p4
5108,0.5401617135429702,11344.10640620509,11344.10640620509,0.5401617135429702,0.0,pvalloc_29nbfs_LRG2_max_1hll_sBs0p4
5109,0.0,13173.891725783154,13173.891725783154,0.0,0.0,pvalloc_29nbfs_LRG2_max_1hll_sBs0p4
5110,0.0,13106.449704799224,13106.449704799224,0.0,0.0,pvalloc_29nbfs_LRG2_max_1hll_sBs0p4
5111,0.0,12603.245316458499,12603.245316458499,0.0,0.0,pvalloc_29nbfs_LRG2_max_1hll_sBs0p4
5112,0.0,10413.182078012227,10413.182078012227,0.0,0.0,pvalloc_29nbfs_LRG2_max_1hll_sBs0p4
5113,0.0,8993.403916155026,8993.403916155026,0.0,0.0,pvalloc_29nbfs_LRG2_max_1hll_sBs0p4
5114,0.0,7817.172615127088,7817.172615127088,0.0,0.0,pvalloc_29nbfs_LRG2_max_1hll_sBs0p4
5115,0.0,7187.960258470543,7187.960258470543,0.0,0.0,pvalloc_29nbfs_LRG2_max_1hll_sBs0p4
5116,0.0,6597.782238100716,6597.782238100716,0.0,0.0,pvalloc_29nbfs_LRG2_max_1hll_sBs0p4
5117,0.0,6653.582169584411,6653.582169584411,0.0,0.0,pvalloc_29nbfs_LRG2_max_1hll_sBs0p4
5118,143.76763202713437,4119.7293332935105,4121.4141364118095,143.76763202713437,0.0,pvalloc_29nbfs_LRG2_max_1hll_sBs0p4
5119,10268.05989007719,2358.7481918307517,10948.699134916938,10268.05989007719,0.0,pvalloc_29nbfs_LRG2_max_1hll_sBs0p4
5120,31153.85720764406,2382.419432495409,31323.542322915575,31153.85720764406,0.0,pvalloc_29nbfs_LRG2_max_1hll_sBs0p4
5121,54449.37898875694,2713.453807660845,54546.600151981926,52864.41923381485,1584.9597549420905,pvalloc_29nbfs_LRG2_max_1hll_sBs0p4
5122,70440.2509665811,3179.5074499049497,70537.04897412444,64642.099397859885,5798.15156872119,pvalloc_29nbfs_LRG2_max_1hll_sBs0p4
5123,88930.07358726837,3493.8226135735085,89014.62776357599,75201.73453831373,13728.339048954726,pvalloc_29nbfs_LRG2_max_1hll_sBs0p4
5124,88521.00541069426,4692.1814428354755,88686.64078903566,75035.11391397857,13485.891496715667,pvalloc_29nbfs_LRG2_max_1hll_sBs0p4
5125,88442.8343107336,5520.702274431948,88708.21788503736,74918.36438872122,13524.46992201242,pvalloc_29nbfs_LRG2_max_1hll_sBs0p4
5126,82172.5668384093,5401.233007151652,82464.60811942273,71505.0566634121,10667.510174997155,pvalloc_29nbfs_LRG2_max_1hll_sBs0p4
5127,77611.44331224797,5317.235711417743,77930.8709987005,68889.51839780321,8721.924914444762,pvalloc_29nbfs_LRG2_max_1hll_sBs0p4
5128,68740.64140552051,4485.530323070508,68999.05329608356,63351.231667614855,5389.409737905642,pvalloc_29nbfs_LRG2_max_1hll_sBs0p4
5129,50410.95067562021,4326.8895075994105,50796.44161145408,49384.19741201929,1026.7532636009223,pvalloc_29nbfs_LRG2_max_1hll_sBs0p4
5130,30851.03035833784,4875.0227573772,31800.28624135682,30851.03035833784,0.0,pvalloc_29nbfs_LRG2_max_1hll_sBs0p4
5131,12200.756827091458,4979.450381447437,14326.46720139427,12200.756827091458,0.0,pvalloc_29nbfs_LRG2_max_1hll_sBs0p4
5132,1.3764510195729667,11937.023901000131,11937.023901000131,1.3764510195729667,0.0,pvalloc_29nbfs_LRG2_max_1hll_sBs0p4
5133,0.0,18228.216139042957,18228.216139042957,0.0,0.0,pvalloc_29nbfs_LRG2_max_1hll_sBs0p4
5134,0.0,18162.49636171034,18162.49636171034,0.0,0.0,pvalloc_29nbfs_LRG2_max_1hll_sBs0p4
5135,0.0,15581.301938822113,15581.301938822113,0.0,0.0,pvalloc_29nbfs_LRG2_max_1hll_sBs0p4
5136,0.0,13660.5186615185,13660.5186615185,0.0,0.0,pvalloc_29nbfs_LRG2_max_1hll_sBs0p4
5137,0.0,10358.480128423342,10358.480128423342,0.0,0.0,pvalloc_29nbfs_LRG2_max_1hll_sBs0p4
5138,0.0,8828.47113398323,8828.47113398323,0.0,0.0,pvalloc_29nbfs_LRG2_max_1hll_sBs0p4
5139,0.0,7213.798405873981,7213.798405873981,0.0,0.0,pvalloc_29nbfs_LRG2_max_1hll_sBs0p4
5140,0.0,6479.031429122139,6479.031429122139,0.0,0.0,pvalloc_29nbfs_LRG2_max_1hll_sBs0p4
5141,0.0,6403.16258096044,6403.16258096044,0.0,0.0,pvalloc_29nbfs_LRG2_max_1hll_sBs0p4
5142,125.60443176399811,4161.963884380083,4163.343969505423,125.60443176399811,0.0,pvalloc_29nbfs_LRG2_max_1hll_sBs0p4
5143,13307.002237862504,2354.9933823696524,13827.004507740998,13307.002237862504,0.0,pvalloc_29nbfs_LRG2_max_1hll_sBs0p4
5144,33115.21564990655,2663.1958133823514,33314.66477302788,33115.21564990655,0.0,pvalloc_29nbfs_LRG2_max_1hll_sBs0p4
5145,53978.30227472061,3207.8154749521805,54120.13609931784,52475.430375894255,1502.8718988263463,pvalloc_29nbfs_LRG2_max_1hll_sBs0p4
5146,74368.75965379734,3328.109655557001,74465.99879850488,67145.75762287377,7223.002030923635,pvalloc_29nbfs_LRG2_max_1hll_sBs0p4
5147,87654.404320353,4249.648808252041,87779.40935103418,74618.38024045246,13036.024079900557,pvalloc_29nbfs_LRG2_max_1hll_sBs0p4
5148,83270.17370565706,5795.1957858704955,83637.70859975077,72370.58606135723,10899.58764429987,pvalloc_29nbfs_LRG2_max_1hll_sBs0p4
5149,88090.72278241148,5321.779168708542,88331.78833549326,74824.25206355806,13266.470718853416,pvalloc_29nbfs_LRG2_max_1hll_sBs0p4
5150,87695.37570674777,4495.761960089767,87887.38994207687,74417.37108333394,13278.004623413744,pvalloc_29nbfs_LRG2_max_1hll_sBs0p4
5151,75866.1423586667,5025.220253122533,76137.55754684334,67932.23104784214,7933.911310824554,pvalloc_29nbfs_LRG2_max_1hll_sBs0p4
5152,63205.784658283446,4265.46566896323,63451.25076536182,59537.440844485594,3668.3438137978724,pvalloc_29nbfs_LRG2_max_1hll_sBs0p4
5153,45931.002270296776,3930.2775352965964,46258.94553524112,45495.196822197286,435.80544809948043,pvalloc_29nbfs_LRG2_max_1hll_sBs0p4
5154,30680.782754643442,3930.9112670954405,31269.707586946395,30680.782754643442,0.0,pvalloc_29nbfs_LRG2_max_1hll_sBs0p4
5155,10169.796358110958,5608.337118630046,12943.99725679356,10169.796358110958,0.0,pvalloc_29nbfs_LRG2_max_1hll_sBs0p4
5156,0.9985816669906296,13204.034052208468,13204.034052208468,0.9985816669906296,0.0,pvalloc_29nbfs_LRG2_max_1hll_sBs0p4
5157,0.0,16656.158247084175,16656.158247084175,0.0,0.0,pvalloc_29nbfs_LRG2_max_1hll_sBs0p4
5158,0.0,16956.66673318879,16956.66673318879,0.0,0.0,pvalloc_29nbfs_LRG2_max_1hll_sBs0p4
5159,0.0,13878.197386105798,13878.197386105798,0.0,0.0,pvalloc_29nbfs_LRG2_max_1hll_sBs0p4
5160,0.0,13359.709264488023,13359.709264488023,0.0,0.0,pvalloc_29nbfs_LRG2_max_1hll_sBs0p4
5161,0.0,9823.421723926976,9823.421723926976,0.0,0.0,pvalloc_29nbfs_LRG2_max_1hll_sBs0p4
5162,0.0,8004.918441437758,8004.918441437758,0.0,0.0,pvalloc_29nbfs_LRG2_max_1hll_sBs0p4
5163,0.0,7279.771629046192,7279.771629046192,0.0,0.0,pvalloc_29nbfs_LRG2_max_1hll_sBs0p4
5164,0.0,6702.512682378076,6702.512682378076,0.0,0.0,pvalloc_29nbfs_LRG2_max_1hll_sBs0p4
5165,0.0,6398.7645866892735,6398.7645866892735,0.0,0.0,pvalloc_29nbfs_LRG2_max_1hll_sBs0p4
5166,103.0913609574887,4349.06804790788,4350.168711980133,103.0913609574887,0.0,pvalloc_29nbfs_LRG2_max_1hll_sBs0p4
5167,12661.703088707132,2548.195485055693,13327.307890405826,12661.703088707132,0.0,pvalloc_29nbfs_LRG2_max_1hll_sBs0p4
5168,33063.23641524319,2920.528808429738,33319.1003579423,33063.23641524319,0.0,pvalloc_29nbfs_LRG2_max_1hll_sBs0p4
5169,54912.731301694264,3160.622421326607,55045.04153664005,53240.4035619852,1672.327739709067,pvalloc_29nbfs_LRG2_max_1hll_sBs0p4
5170,74938.54743225459,3061.327049074652,75023.06756165146,67465.8844839134,7472.662948341205,pvalloc_29nbfs_LRG2_max_1hll_sBs0p4
5171,89746.842426301,3765.194129515046,89847.00841825777,75620.25041636219,14126.592009938802,pvalloc_29nbfs_LRG2_max_1hll_sBs0p4
5172,84030.71103967092,4277.752687985267,84190.44432953723,72608.89021546273,11421.820824208202,pvalloc_29nbfs_LRG2_max_1hll_sBs0p4
5173,78316.36626446221,4586.164174024769,78531.41836006742,69375.26733402727,8941.098930434993,pvalloc_29nbfs_LRG2_max_1hll_sBs0p4
5174,88609.14131553605,4540.778246455698,88797.81247881071,74908.3188517343,13700.82246380176,pvalloc_29nbfs_LRG2_max_1hll_sBs0p4
5175,76359.08319674118,4722.101243016557,76606.23752266448,68184.48096573634,8174.602231004852,pvalloc_29nbfs_LRG2_max_1hll_sBs0p4
5176,61160.983507403755,4537.159612930451,61467.00816059595,57985.34099371976,3175.642513683986,pvalloc_29nbfs_LRG2_max_1hll_sBs0p4
5177,41836.26856553743,4211.183690721234,42312.04611866741,41623.52930773521,212.73925780221822,pvalloc_29nbfs_LRG2_max_1hll_sBs0p4
5178,22924.049564906923,4132.47421931684,23845.323580094442,22924.049564906923,0.0,pvalloc_29nbfs_LRG2_max_1hll_sBs0p4
5179,9383.678655020896,4312.595877954244,11201.967829461715,9383.678655020896,0.0,pvalloc_29nbfs_LRG2_max_1hll_sBs0p4
5180,20.180824561782334,9584.319751345713,9584.476712737136,20.180824561782334,0.0,pvalloc_29nbfs_LRG2_max_1hll_sBs0p4
5181,0.0,17958.547144614713,17958.547144614713,0.0,0.0,pvalloc_29nbfs_LRG2_max_1hll_sBs0p4
5182,0.0,15508.105894089558,15508.105894089558,0.0,0.0,pvalloc_29nbfs_LRG2_max_1hll_sBs0p4
5183,0.0,14273.897403473246,14273.897403473246,0.0,0.0,pvalloc_29nbfs_LRG2_max_1hll_sBs0p4
5184,0.0,13200.332246555769,13200.332246555769,0.0,0.0,pvalloc_29nbfs_LRG2_max_1hll_sBs0p4
5185,0.0,9638.325646422078,9638.325646422078,0.0,0.0,pvalloc_29nbfs_LRG2_max_1hll_sBs0p4
5186,0.0,8321.584507793394,8321.584507793394,0.0,0.0,pvalloc_29nbfs_LRG2_max_1hll_sBs0p4
5187,0.0,7169.817360127393,7169.817360127393,0.0,0.0,pvalloc_29nbfs_LRG2_max_1hll_sBs0p4
5188,0.0,7079.928698781938,7079.928698781938,0.0,0.0,pvalloc_29nbfs_LRG2_max_1hll_sBs0p4
5189,0.0,6529.334832922409,6529.334832922409,0.0,0.0,pvalloc_29nbfs_LRG2_max_1hll_sBs0p4
5190,43.81170043300324,4768.366721819464,4768.863104015228,43.81170043300324,0.0,pvalloc_29nbfs_LRG2_max_1hll_sBs0p4
5191,10376.894718778882,2502.372208039426,11127.456061452147,10376.894718778882,0.0,pvalloc_29nbfs_LRG2_max_1hll_sBs0p4
5192,27609.400113400894,2857.1578192301267,27931.941206120762,27609.400113400894,0.0,pvalloc_29nbfs_LRG2_max_1hll_sBs0p4
5193,49189.92433006829,3114.9781925455377,49345.05984203448,48453.99074235389,735.9335877143861,pvalloc_29nbfs_LRG2_max_1hll_sBs0p4
5194,62314.847936654165,3395.826079600458,62449.12022613336,58965.150823705284,3349.6971129488697,pvalloc_29nbfs_LRG2_max_1hll_sBs0p4
5195,70870.97540284386,4074.588174798219,71039.81351825708,64934.99553389823,5935.979868945595,pvalloc_29nbfs_LRG2_max_1hll_sBs0p4
5196,68344.27206294528,5045.847992509145,68682.04325856478,63283.05649769808,5061.215565247135,pvalloc_29nbfs_LRG2_max_1hll_sBs0p4
5197,72575.03794337777,4919.528196780309,72850.60516918663,65916.78198309708,6658.255960280618,pvalloc_29nbfs_LRG2_max_1hll_sBs0p4
5198,71325.2072839199,5431.2786348890295,71696.81962284511,65104.242085494974,6220.965198424978,pvalloc_29nbfs_LRG2_max_1hll_sBs0p4
5199,70434.53858801952,4903.507069325726,70733.9106682979,64491.537817826575,5943.000770192957,pvalloc_29nbfs_LRG2_max_1hll_sBs0p4
5200,42350.684721380734,3815.193937291912,42722.12349645144,42117.09529004771,233.58943133302643,pvalloc_29nbfs_LRG2_max_1hll_sBs0p4
5201,27213.011491040448,3805.1169731148634,27860.690568294398,27213.011491040448,0.0,pvalloc_29nbfs_LRG2_max_1hll_sBs0p4
5202,13097.887141842893,4327.857843270739,14759.631815981962,13097.887141842893,0.0,pvalloc_29nbfs_LRG2_max_1hll_sBs0p4
5203,8219.999696314106,4806.660567223662,10539.65134976425,8219.999696314106,0.0,pvalloc_29nbfs_LRG2_max_1hll_sBs0p4
5204,0.0,15090.881751114079,15090.881751114079,0.0,0.0,pvalloc_29nbfs_LRG2_max_1hll_sBs0p4
5205,0.0,15791.348827533155,15791.348827533155,0.0,0.0,pvalloc_29nbfs_LRG2_max_1hll_sBs0p4
5206,0.0,15247.75572798058,15247.75572798058,0.0,0.0,pvalloc_29nbfs_LRG2_max_1hll_sBs0p4
5207,0.0,15008.22525066832,15008.22525066832,0.0,0.0,pvalloc_29nbfs_LRG2_max_1hll_sBs0p4
5208,0.0,12069.433844123943,12069.433844123943,0.0,0.0,pvalloc_29nbfs_LRG2_max_1hll_sBs0p4
5209,0.0,11145.876780548275,11145.876780548275,0.0,0.0,pvalloc_29nbfs_LRG2_max_1hll_sBs0p4
5210,0.0,8940.899584908115,8940.899584908115,0.0,0.0,pvalloc_29nbfs_LRG2_max_1hll_sBs0p4
5211,0.0,7874.895807358424,7874.895807358424,0.0,0.0,pvalloc_29nbfs_LRG2_max_1hll_sBs0p4
5212,0.0,7043.644556647981,7043.644556647981,0.0,0.0,pvalloc_29nbfs_LRG2_max_1hll_sBs0p4
5213,0.0,7125.558647681807,7125.558647681807,0.0,0.0,pvalloc_29nbfs_LRG2_max_1hll_sBs0p4
5214,3.6404897141964856,5734.183818402284,5734.255501698098,3.6404897141964856,0.0,pvalloc_29nbfs_LRG2_max_1hll_sBs0p4
5215,1654.1309486878765,3024.0894479981393,3676.1133730052484,1654.1309486878765,0.0,pvalloc_29nbfs_LRG2_max_1hll_sBs0p4
5216,6111.11083436824,2945.5052600025497,7458.630567422652,6111.11083436824,0.0,pvalloc_29nbfs_LRG2_max_1hll_sBs0p4
5217,12203.820348486068,3187.9722887607422,13273.784331279301,12203.820348486068,0.0,pvalloc_29nbfs_LRG2_max_1hll_sBs0p4
5218,23891.305010137465,3307.5883948600167,24452.10362373905,23891.305010137465,0.0,pvalloc_29nbfs_LRG2_max_1hll_sBs0p4
5219,28429.209254445886,3946.1932981739196,29098.403828239447,28429.209254445886,0.0,pvalloc_29nbfs_LRG2_max_1hll_sBs0p4
5220,21051.872629617585,5082.8855431391285,22716.62413113422,21051.872629617585,0.0,pvalloc_29nbfs_LRG2_max_1hll_sBs0p4
5221,45693.8486727647,4532.499320574463,46201.38455945181,45239.612346553746,454.23632621096925,pvalloc_29nbfs_LRG2_max_1hll_sBs0p4
5222,60411.56738631235,4698.8882060714,60766.9955102589,57380.34503614036,3031.22235017198,pvalloc_29nbfs_LRG2_max_1hll_sBs0p4
5223,47440.615180603425,4724.81059092704,47960.227692074695,46826.12813831345,614.4870422899799,pvalloc_29nbfs_LRG2_max_1hll_sBs0p4
5224,47798.03433552507,4121.418498964119,48165.33303950173,47159.93115394223,638.1031815828353,pvalloc_29nbfs_LRG2_max_1hll_sBs0p4
5225,35797.846214148776,4199.732726857848,36374.05105136335,35729.60529266256,68.2409214862081,pvalloc_29nbfs_LRG2_max_1hll_sBs0p4
5226,24954.779927354615,4094.5323810768414,25775.591434764825,24954.779927354615,0.0,pvalloc_29nbfs_LRG2_max_1hll_sBs0p4
5227,10269.813267249956,4774.101555644787,12372.958583342883,10269.813267249956,0.0,pvalloc_29nbfs_LRG2_max_1hll_sBs0p4
5228,0.25078140291015705,12343.693783299133,12343.693783299133,0.25078140291015705,0.0,pvalloc_29nbfs_LRG2_max_1hll_sBs0p4
5229,0.0,17463.78761121696,17463.78761121696,0.0,0.0,pvalloc_29nbfs_LRG2_max_1hll_sBs0p4
5230,0.0,16776.24576513662,16776.24576513662,0.0,0.0,pvalloc_29nbfs_LRG2_max_1hll_sBs0p4
5231,0.0,13863.094861205216,13863.094861205216,0.0,0.0,pvalloc_29nbfs_LRG2_max_1hll_sBs0p4
5232,0.0,12379.083196074876,12379.083196074876,0.0,0.0,pvalloc_29nbfs_LRG2_max_1hll_sBs0p4
5233,0.0,10840.79645112631,10840.79645112631,0.0,0.0,pvalloc_29nbfs_LRG2_max_1hll_sBs0p4
5234,0.0,8839.193140860432,8839.193140860432,0.0,0.0,pvalloc_29nbfs_LRG2_max_1hll_sBs0p4
5235,0.0,7691.549078353807,7691.549078353807,0.0,0.0,pvalloc_29nbfs_LRG2_max_1hll_sBs0p4
5236,0.0,6881.188714069509,6881.188714069509,0.0,0.0,pvalloc_29nbfs_LRG2_max_1hll_sBs0p4
5237,0.0,7020.828203404438,7020.828203404438,0.0,0.0,pvalloc_29nbfs_LRG2_max_1hll_sBs0p4
5238,66.55993816515641,4741.090683909624,4741.775046726825,66.55993816515641,0.0,pvalloc_29nbfs_LRG2_max_1hll_sBs0p4
5239,11461.172158004289,2608.748930997144,12192.718271224157,11461.172158004289,0.0,pvalloc_29nbfs_LRG2_max_1hll_sBs0p4
5240,24404.878935457196,2926.9704532099427,24810.094839248828,24404.878935457196,0.0,pvalloc_29nbfs_LRG2_max_1hll_sBs0p4
5241,48300.39055766226,3153.174992472337,48465.993296949826,47668.86414292287,631.5264147393912,pvalloc_29nbfs_LRG2_max_1hll_sBs0p4
5242,62256.43368248257,3597.6479892743346,62409.709006820325,58920.24718896508,3336.186493517501,pvalloc_29nbfs_LRG2_max_1hll_sBs0p4
5243,68811.26309680623,3909.741766965568,68977.70140920965,63524.629712011025,5286.633384795253,pvalloc_29nbfs_LRG2_max_1hll_sBs0p4
5244,56475.461894799446,4417.981603696378,56792.547698653434,54422.22785876026,2053.234036039173,pvalloc_29nbfs_LRG2_max_1hll_sBs0p4
5245,54906.54903560033,4932.525629210636,55356.97644317251,53132.54604472214,1774.0029908781942,pvalloc_29nbfs_LRG2_max_1hll_sBs0p4
5246,51246.401654342866,4986.693829464236,51795.242888445384,50042.78047278599,1203.6211815568727,pvalloc_29nbfs_LRG2_max_1hll_sBs0p4
5247,50990.513959564705,4681.21562390617,51466.6178992458,49841.78118719733,1148.732772367372,pvalloc_29nbfs_LRG2_max_1hll_sBs0p4
5248,43367.17825624961,4129.471574354517,43824.65615219176,43069.67188563806,297.5063706115506,pvalloc_29nbfs_LRG2_max_1hll_sBs0p4
5249,35400.166815467615,4003.8633293531475,35935.83970898872,35338.705679846855,61.46113562076414,pvalloc_29nbfs_LRG2_max_1hll_sBs0p4
5250,18123.860649957915,4538.903796115153,19491.142406373867,18123.860649957915,0.0,pvalloc_29nbfs_LRG2_max_1hll_sBs0p4
5251,8333.503730263377,5133.876827555717,10854.349401833288,8333.503730263377,0.0,pvalloc_29nbfs_LRG2_max_1hll_sBs0p4
5252,0.0,19000.287011130524,19000.287011130524,0.0,0.0,pvalloc_29nbfs_LRG2_max_1hll_sBs0p4
5253,0.0,19290.580116971658,19290.580116971658,0.0,0.0,pvalloc_29nbfs_LRG2_max_1hll_sBs0p4
5254,0.0,16835.268381474212,16835.268381474212,0.0,0.0,pvalloc_29nbfs_LRG2_max_1hll_sBs0p4
5255,0.0,14924.78827852718,14924.78827852718,0.0,0.0,pvalloc_29nbfs_LRG2_max_1hll_sBs0p4
5256,0.0,13381.168060104112,13381.168060104112,0.0,0.0,pvalloc_29nbfs_LRG2_max_1hll_sBs0p4
5257,0.0,10539.960012448035,10539.960012448035,0.0,0.0,pvalloc_29nbfs_LRG2_max_1hll_sBs0p4
5258,0.0,8429.066249258418,8429.066249258418,0.0,0.0,pvalloc_29nbfs_LRG2_max_1hll_sBs0p4
5259,0.0,7662.686930720702,7662.686930720702,0.0,0.0,pvalloc_29nbfs_LRG2_max_1hll_sBs0p4
5260,0.0,6987.569716052491,6987.569716052491,0.0,0.0,pvalloc_29nbfs_LRG2_max_1hll_sBs0p4
5261,0.0,6946.060646242223,6946.060646242223,0.0,0.0,pvalloc_29nbfs_LRG2_max_1hll_sBs0p4
5262,58.811284778756786,4987.646677267052,4988.269746194197,58.811284778756786,0.0,pvalloc_29nbfs_LRG2_max_1hll_sBs0p4
5263,12689.699492620763,2563.0772517038326,13328.841954177191,12689.699492620763,0.0,pvalloc_29nbfs_LRG2_max_1hll_sBs0p4
5264,33505.305138978656,2856.0880727332114,33741.68166343818,33501.37153461651,3.933604362140386,pvalloc_29nbfs_LRG2_max_1hll_sBs0p4
5265,56198.272795976605,2947.1830206762193,56311.04256071252,54278.68769844548,1919.5850975311237,pvalloc_29nbfs_LRG2_max_1hll_sBs0p4
5266,75224.87321576757,3724.4314294147343,75341.93113291876,67681.56369553231,7543.309520235246,pvalloc_29nbfs_LRG2_max_1hll_sBs0p4
5267,88826.78909111132,4800.249677078445,88997.28995335774,75239.29736452118,13587.491726590204,pvalloc_29nbfs_LRG2_max_1hll_sBs0p4
5268,86120.3179011136,5848.259500636706,86455.48464655399,73820.1283799361,12300.189521177463,pvalloc_29nbfs_LRG2_max_1hll_sBs0p4
5269,91017.1679212401,5814.74325500374,91307.2327734129,76240.79470984565,14776.373211394393,pvalloc_29nbfs_LRG2_max_1hll_sBs0p4
5270,91502.557442594,5228.563262273721,91772.39057738874,76217.66137539913,15284.896067194843,pvalloc_29nbfs_LRG2_max_1hll_sBs0p4
5271,83046.05035179321,5020.183583893827,83308.31999649807,71929.8839218009,11116.166429992436,pvalloc_29nbfs_LRG2_max_1hll_sBs0p4
5272,69189.98904085979,4778.521411766137,69478.09324817809,63665.80293330134,5524.1861075584675,pvalloc_29nbfs_LRG2_max_1hll_sBs0p4
5273,52123.68545418842,4342.842772106798,52499.68920331578,50810.457858040456,1313.227596147963,pvalloc_29nbfs_LRG2_max_1hll_sBs0p4
5274,31262.06457189732,4443.183640903087,32026.96902569767,31262.06457189732,0.0,pvalloc_29nbfs_LRG2_max_1hll_sBs0p4
5275,12674.297869261403,4709.314207665746,14448.015439816503,12674.297869261403,0.0,pvalloc_29nbfs_LRG2_max_1hll_sBs0p4
5276,0.001144878417680309,16108.287148276826,16108.287148276826,0.001144878417680309,0.0,pvalloc_29nbfs_LRG2_max_1hll_sBs0p4
5277,0.0,16661.54003587522,16661.54003587522,0.0,0.0,pvalloc_29nbfs_LRG2_max_1hll_sBs0p4
5278,0.0,16071.87963882066,16071.87963882066,0.0,0.0,pvalloc_29nbfs_LRG2_max_1hll_sBs0p4
5279,0.0,16513.61501158644,16513.61501158644,0.0,0.0,pvalloc_29nbfs_LRG2_max_1hll_sBs0p4
5280,0.0,14223.402737580198,14223.402737580198,0.0,0.0,pvalloc_29nbfs_LRG2_max_1hll_sBs0p4
5281,0.0,10189.901163932846,10189.901163932846,0.0,0.0,pvalloc_29nbfs_LRG2_max_1hll_sBs0p4
5282,0.0,9219.908618123189,9219.908618123189,0.0,0.0,pvalloc_29nbfs_LRG2_max_1hll_sBs0p4
5283,0.0,8077.212368111325,8077.212368111325,0.0,0.0,pvalloc_29nbfs_LRG2_max_1hll_sBs0p4
5284,0.0,7416.388772703772,7416.388772703772,0.0,0.0,pvalloc_29nbfs_LRG2_max_1hll_sBs0p4
5285,0.0,7104.393955178768,7104.393955178768,0.0,0.0,pvalloc_29nbfs_LRG2_max_1hll_sBs0p4
5286,19.63641132764921,5505.551139746274,5505.813668480911,19.63641132764921,0.0,pvalloc_29nbfs_LRG2_max_1hll_sBs0p4
5287,11799.168565121023,2604.5922147832284,12506.241763393482,11799.168565121023,0.0,pvalloc_29nbfs_LRG2_max_1hll_sBs0p4
5288,33671.79616840275,2762.7785985429687,33887.96486584856,33665.529877985275,6.266290417469975,pvalloc_29nbfs_LRG2_max_1hll_sBs0p4
5289,55885.446497351215,2764.9641888835195,55986.65187059353,54025.398624161804,1860.0478731894027,pvalloc_29nbfs_LRG2_max_1hll_sBs0p4
5290,74182.46621854755,3621.4394213068563,74292.7263762365,67055.09366777567,7127.372550771792,pvalloc_29nbfs_LRG2_max_1hll_sBs0p4
5291,90215.18816867696,4049.8523066050425,90337.87976986756,75841.8344810824,14373.353687594512,pvalloc_29nbfs_LRG2_max_1hll_sBs0p4
5292,85613.4051937984,5619.1073631558465,85915.43587430131,73556.39190501368,12057.013288784714,pvalloc_29nbfs_LRG2_max_1hll_sBs0p4
5293,91366.36397937076,5532.834418947364,91626.53559588644,76304.85989737096,15061.504081999828,pvalloc_29nbfs_LRG2_max_1hll_sBs0p4
5294,86745.44841789389,6652.631834794937,87202.27953285533,73909.76739086077,12835.681027033064,pvalloc_29nbfs_LRG2_max_1hll_sBs0p4
5295,80006.03838605568,6058.469321227352,80428.98724356547,70227.14653811167,9778.891847944042,pvalloc_29nbfs_LRG2_max_1hll_sBs0p4
5296,65442.905339846526,6116.475196625432,66031.78369375358,61109.459474685245,4333.445865161301,pvalloc_29nbfs_LRG2_max_1hll_sBs0p4
5297,49695.00555683601,5439.2712637170425,50387.43389360149,48724.34309448923,970.6624623467737,pvalloc_29nbfs_LRG2_max_1hll_sBs0p4
5298,29308.379343427936,5433.351777039215,30513.48279231255,29308.379343427936,0.0,pvalloc_29nbfs_LRG2_max_1hll_sBs0p4
5299,8808.0622336095,6468.521908405653,12179.878469058473,8808.0622336095,0.0,pvalloc_29nbfs_LRG2_max_1hll_sBs0p4
5300,0.006800150706788702,16915.285517657838,16915.285517657838,0.006800150706788702,0.0,pvalloc_29nbfs_LRG2_max_1hll_sBs0p4
5301,0.0,19664.8737674663,19664.8737674663,0.0,0.0,pvalloc_29nbfs_LRG2_max_1hll_sBs0p4
5302,0.0,21717.29761653144,21717.29761653144,0.0,0.0,pvalloc_29nbfs_LRG2_max_1hll_sBs0p4
5303,0.0,17214.82547405001,17214.82547405001,0.0,0.0,pvalloc_29nbfs_LRG2_max_1hll_sBs0p4
5304,0.0,12578.207549128694,12578.207549128694,0.0,0.0,pvalloc_29nbfs_LRG2_max_1hll_sBs0p4
5305,0.0,10294.109997870488,10294.109997870488,0.0,0.0,pvalloc_29nbfs_LRG2_max_1hll_sBs0p4
5306,0.0,8325.709247505114,8325.709247505114,0.0,0.0,pvalloc_29nbfs_LRG2_max_1hll_sBs0p4
5307,0.0,7293.515981600715,7293.515981600715,0.0,0.0,pvalloc_29nbfs_LRG2_max_1hll_sBs0p4
5308,0.0,6735.77447883469,6735.77447883469,0.0,0.0,pvalloc_29nbfs_LRG2_max_1hll_sBs0p4
5309,0.0,6710.483943585054,6710.483943585054,0.0,0.0,pvalloc_29nbfs_LRG2_max_1hll_sBs0p4
5310,30.330557155008723,4985.021703519124,4985.406828959797,30.330557155008723,0.0,pvalloc_29nbfs_LRG2_max_1hll_sBs0p4
5311,11751.31659641931,2510.675439683317,12419.14086763162,11751.31659641931,0.0,pvalloc_29nbfs_LRG2_max_1hll_sBs0p4
5312,32869.04826733506,2874.3430129922326,33118.099565635195,32869.04826733506,0.0,pvalloc_29nbfs_LRG2_max_1hll_sBs0p4
5313,54814.897819303726,3219.796770203031,54955.60568189019,53151.481096025826,1663.4167232778987,pvalloc_29nbfs_LRG2_max_1hll_sBs0p4
5314,74957.18163728803,3688.728751812052,75083.3881796373,67484.5719662671,7472.609671020886,pvalloc_29nbfs_LRG2_max_1hll_sBs0p4
5315,91190.46395544153,3849.741622492105,91303.29149476995,76297.41293551907,14893.051019922512,pvalloc_29nbfs_LRG2_max_1hll_sBs0p4
5316,85234.60642617776,5913.174864216829,85585.41653655282,73338.97570766872,11895.630718509077,pvalloc_29nbfs_LRG2_max_1hll_sBs0p4
5317,90958.95723559546,5415.217050768421,91199.04711545976,76182.35576338762,14776.601472207773,pvalloc_29nbfs_LRG2_max_1hll_sBs0p4
5318,88563.18377535678,5553.044347199553,88835.3215871271,74906.5605898826,13656.62318547418,pvalloc_29nbfs_LRG2_max_1hll_sBs0p4
5319,82018.52325654909,4917.02874436368,82252.11504202012,71431.5816209129,10586.941635636198,pvalloc_29nbfs_LRG2_max_1hll_sBs0p4
5320,67938.02974181993,4825.656228071658,68236.35856546903,62836.487956021934,5101.54178579802,pvalloc_29nbfs_LRG2_max_1hll_sBs0p4
5321,50056.83227933131,4697.473178746095,50514.59135814889,49097.63639374582,959.1958855854823,pvalloc_29nbfs_LRG2_max_1hll_sBs0p4
5322,31967.931542635768,3954.8614437428178,32562.83781218114,31967.931542635768,0.0,pvalloc_29nbfs_LRG2_max_1hll_sBs0p4
5323,10836.391117416217,4742.391909383327,12903.593859463404,10836.391117416217,0.0,pvalloc_29nbfs_LRG2_max_1hll_sBs0p4
5324,0.622298994471217,11780.633358542453,11780.633358542453,0.622298994471217,0.0,pvalloc_29nbfs_LRG2_max_1hll_sBs0p4
5325,0.0,17798.4514230697,17798.4514230697,0.0,0.0,pvalloc_29nbfs_LRG2_max_1hll_sBs0p4
5326,0.0,19605.334016129706,19605.334016129706,0.0,0.0,pvalloc_29nbfs_LRG2_max_1hll_sBs0p4
5327,0.0,17993.339244710096,17993.339244710096,0.0,0.0,pvalloc_29nbfs_LRG2_max_1hll_sBs0p4
5328,0.0,14499.905393880885,14499.905393880885,0.0,0.0,pvalloc_29nbfs_LRG2_max_1hll_sBs0p4
5329,0.0,10706.798579119697,10706.798579119697,0.0,0.0,pvalloc_29nbfs_LRG2_max_1hll_sBs0p4
5330,0.0,8691.305275136961,8691.305275136961,0.0,0.0,pvalloc_29nbfs_LRG2_max_1hll_sBs0p4
5331,0.0,7299.838339654399,7299.838339654399,0.0,0.0,pvalloc_29nbfs_LRG2_max_1hll_sBs0p4
5332,0.0,6942.4868277889755,6942.4868277889755,0.0,0.0,pvalloc_29nbfs_LRG2_max_1hll_sBs0p4
5333,0.0,6828.134013081582,6828.134013081582,0.0,0.0,pvalloc_29nbfs_LRG2_max_1hll_sBs0p4
5334,10.271655391629098,5417.947430638821,5418.083021219222,10.271655391629098,0.0,pvalloc_29nbfs_LRG2_max_1hll_sBs0p4
5335,10505.06329128898,2805.9143806102356,11438.456004651149,10505.06329128898,0.0,pvalloc_29nbfs_LRG2_max_1hll_sBs0p4
5336,31587.82712420177,3234.455933492638,31943.329516590406,31587.82712420177,0.0,pvalloc_29nbfs_LRG2_max_1hll_sBs0p4
5337,53925.969359037605,3412.661964595419,54094.70570459918,52413.28350959905,1512.6858494385478,pvalloc_29nbfs_LRG2_max_1hll_sBs0p4
5338,73873.34066273988,3725.5701144660643,74000.9546276304,66834.22680002726,7039.113862712587,pvalloc_29nbfs_LRG2_max_1hll_sBs0p4
5339,89046.72677001786,4023.097280734998,89164.3298202603,75277.66160284761,13769.065167170183,pvalloc_29nbfs_LRG2_max_1hll_sBs0p4
5340,84361.06319820975,5740.348800628143,84710.44489385189,72964.58564899344,11396.477549216295,pvalloc_29nbfs_LRG2_max_1hll_sBs0p4
5341,88659.15741712341,5708.708569893001,88950.19565731635,75098.45650488128,13560.700912242073,pvalloc_29nbfs_LRG2_max_1hll_sBs0p4
5342,85471.42966489017,6552.65768686169,85929.93469280055,73433.03239272538,12038.397272164852,pvalloc_29nbfs_LRG2_max_1hll_sBs0p4
5343,80351.2163638585,5459.185744097334,80661.48731166942,70487.53552304306,9863.680840815443,pvalloc_29nbfs_LRG2_max_1hll_sBs0p4
5344,68384.2188339827,4524.343953604582,68642.2860627032,63128.40028344726,5255.818550535478,pvalloc_29nbfs_LRG2_max_1hll_sBs0p4
5345,48964.95845215254,4481.4677098141365,49387.92195732951,48176.12350934635,788.8349428062031,pvalloc_29nbfs_LRG2_max_1hll_sBs0p4
5346,29290.427555795184,4464.139163534225,30118.467763285014,29290.427555795184,0.0,pvalloc_29nbfs_LRG2_max_1hll_sBs0p4
5347,7442.60745470634,6365.510453770232,10946.51272623095,7442.60745470634,0.0,pvalloc_29nbfs_LRG2_max_1hll_sBs0p4
5348,0.0,15989.879056718668,15989.879056718668,0.0,0.0,pvalloc_29nbfs_LRG2_max_1hll_sBs0p4
5349,0.0,16826.71504393423,16826.71504393423,0.0,0.0,pvalloc_29nbfs_LRG2_max_1hll_sBs0p4
5350,0.0,17455.218388780388,17455.218388780388,0.0,0.0,pvalloc_29nbfs_LRG2_max_1hll_sBs0p4
5351,0.0,17312.601875985758,17312.601875985758,0.0,0.0,pvalloc_29nbfs_LRG2_max_1hll_sBs0p4
5352,0.0,14414.143741518079,14414.143741518079,0.0,0.0,pvalloc_29nbfs_LRG2_max_1hll_sBs0p4
5353,0.0,9954.172012300509,9954.172012300509,0.0,0.0,pvalloc_29nbfs_LRG2_max_1hll_sBs0p4
5354,0.0,8448.30823253127,8448.30823253127,0.0,0.0,pvalloc_29nbfs_LRG2_max_1hll_sBs0p4
5355,0.0,7461.470557932399,7461.470557932399,0.0,0.0,pvalloc_29nbfs_LRG2_max_1hll_sBs0p4
5356,0.0,6904.553782501744,6904.553782501744,0.0,0.0,pvalloc_29nbfs_LRG2_max_1hll_sBs0p4
5357,0.0,6785.528064411384,6785.528064411384,0.0,0.0,pvalloc_29nbfs_LRG2_max_1hll_sBs0p4
5358,16.221086662170777,5398.188704499626,5398.418668375783,16.221086662170777,0.0,pvalloc_29nbfs_LRG2_max_1hll_sBs0p4
5359,10621.986248115802,2700.417227122593,11464.622225970077,10621.986248115802,0.0,pvalloc_29nbfs_LRG2_max_1hll_sBs0p4
5360,31814.957020506678,3036.5769554672997,32115.96720646081,31814.957020506678,0.0,pvalloc_29nbfs_LRG2_max_1hll_sBs0p4
5361,51627.52422988158,4021.674648344077,51932.022429219796,50505.996420865216,1121.5278090163602,pvalloc_29nbfs_LRG2_max_1hll_sBs0p4
5362,72711.32366818878,4119.578883405949,72875.55340763732,66134.02013004842,6577.303538140449,pvalloc_29nbfs_LRG2_max_1hll_sBs0p4
5363,86933.93907342682,4994.825521559483,87142.80660663775,74313.43030083206,12620.50877259475,pvalloc_29nbfs_LRG2_max_1hll_sBs0p4
5364,84889.06900956681,5829.791991228157,85250.99115697897,73248.84729688006,11640.221712686756,pvalloc_29nbfs_LRG2_max_1hll_sBs0p4
5365,87842.42151850901,6394.180056501903,88277.16531418433,74768.19999051433,13074.221527994721,pvalloc_29nbfs_LRG2_max_1hll_sBs0p4
5366,90074.5764500757,5273.566967305251,90312.6175187502,75673.00866124373,14401.567788832048,pvalloc_29nbfs_LRG2_max_1hll_sBs0p4
5367,81532.75258779585,4898.519291435613,81759.77564900294,71191.3994107648,10341.353177031102,pvalloc_29nbfs_LRG2_max_1hll_sBs0p4
5368,67785.15928897551,4601.349443562711,68042.05529489511,62799.09205804351,4986.067230931963,pvalloc_29nbfs_LRG2_max_1hll_sBs0p4
5369,48928.143044178025,4696.804259575566,49392.01691414404,48168.489125231834,759.6539189462014,pvalloc_29nbfs_LRG2_max_1hll_sBs0p4
5370,28008.565315399144,4838.911213862179,29076.388344721392,28008.565315399144,0.0,pvalloc_29nbfs_LRG2_max_1hll_sBs0p4
5371,9366.697642122328,5176.246157869723,11827.908000614372,9366.697642122328,0.0,pvalloc_29nbfs_LRG2_max_1hll_sBs0p4
5372,0.0,16855.932477320857,16855.932477320857,0.0,0.0,pvalloc_29nbfs_LRG2_max_1hll_sBs0p4
5373,0.0,17345.89249504484,17345.89249504484,0.0,0.0,pvalloc_29nbfs_LRG2_max_1hll_sBs0p4
5374,0.0,16579.52219038973,16579.52219038973,0.0,0.0,pvalloc_29nbfs_LRG2_max_1hll_sBs0p4
5375,0.0,15251.446364993699,15251.446364993699,0.0,0.0,pvalloc_29nbfs_LRG2_max_1hll_sBs0p4
5376,0.0,13188.262672566276,13188.262672566276,0.0,0.0,pvalloc_29nbfs_LRG2_max_1hll_sBs0p4
5377,0.0,11323.925666493667,11323.925666493667,0.0,0.0,pvalloc_29nbfs_LRG2_max_1hll_sBs0p4
5378,0.0,9734.491596408214,9734.491596408214,0.0,0.0,pvalloc_29nbfs_LRG2_max_1hll_sBs0p4
5379,0.0,8493.110696508547,8493.110696508547,0.0,0.0,pvalloc_29nbfs_LRG2_max_1hll_sBs0p4
5380,0.0,7434.255107382791,7434.255107382791,0.0,0.0,pvalloc_29nbfs_LRG2_max_1hll_sBs0p4
5381,0.0,7087.350693282779,7087.350693282779,0.0,0.0,pvalloc_29nbfs_LRG2_max_1hll_sBs0p4
5382,6.546798685475385,5749.525736140547,5749.625126950388,6.546798685475385,0.0,pvalloc_29nbfs_LRG2_max_1hll_sBs0p4
5383,10252.896786021298,2774.489335782148,11157.422145820074,10252.896786021298,0.0,pvalloc_29nbfs_LRG2_max_1hll_sBs0p4
5384,32069.408460168735,2885.5975678567597,32337.58595458469,32069.408460168735,0.0,pvalloc_29nbfs_LRG2_max_1hll_sBs0p4
5385,54199.63609229753,3221.001925218474,54345.32501138227,52634.079030393645,1565.557061903885,pvalloc_29nbfs_LRG2_max_1hll_sBs0p4
5386,72803.08048774047,3905.23430859733,72942.90367195036,66183.4096459675,6619.67084177302,pvalloc_29nbfs_LRG2_max_1hll_sBs0p4
5387,88417.84463862906,4434.799053045122,88565.8625733279,74962.44514335511,13455.399495273967,pvalloc_29nbfs_LRG2_max_1hll_sBs0p4
5388,85509.98433095725,5516.983424605885,85795.07756566358,73487.07228445217,12022.912046505035,pvalloc_29nbfs_LRG2_max_1hll_sBs0p4
5389,89243.78087682062,5835.614845979649,89546.6377130522,75339.70220716782,13904.0786696528,pvalloc_29nbfs_LRG2_max_1hll_sBs0p4
5390,85610.80854729206,6239.8837420341415,86000.82388357447,73450.08566335162,12160.722883940396,pvalloc_29nbfs_LRG2_max_1hll_sBs0p4
5391,78814.96374102328,5603.98319198186,79151.76981113586,69671.58379538041,9143.379945642828,pvalloc_29nbfs_LRG2_max_1hll_sBs0p4
5392,64775.34049842784,5314.591717608397,65184.66857442198,60738.82878843672,4036.5117099911286,pvalloc_29nbfs_LRG2_max_1hll_sBs0p4
5393,45996.17520152079,5338.34977342965,46708.5766400916,45553.533864747544,442.64133677325367,pvalloc_29nbfs_LRG2_max_1hll_sBs0p4
5394,27030.671775065915,4954.0686356665965,28197.708496817788,27030.671775065915,0.0,pvalloc_29nbfs_LRG2_max_1hll_sBs0p4
5395,6320.402822006105,7005.568245416331,10429.911014075718,6320.402822006105,0.0,pvalloc_29nbfs_LRG2_max_1hll_sBs0p4
5396,0.0,17146.033718611423,17146.033718611423,0.0,0.0,pvalloc_29nbfs_LRG2_max_1hll_sBs0p4
5397,0.0,18592.212130355496,18592.212130355496,0.0,0.0,pvalloc_29nbfs_LRG2_max_1hll_sBs0p4
5398,0.0,17959.2808656008,17959.2808656008,0.0,0.0,pvalloc_29nbfs_LRG2_max_1hll_sBs0p4
5399,0.0,15321.147510146635,15321.147510146635,0.0,0.0,pvalloc_29nbfs_LRG2_max_1hll_sBs0p4
5400,0.0,13722.161589340783,13722.161589340783,0.0,0.0,pvalloc_29nbfs_LRG2_max_1hll_sBs0p4
5401,0.0,10430.229263731497,10430.229263731497,0.0,0.0,pvalloc_29nbfs_LRG2_max_1hll_sBs0p4
5402,0.0,8829.571873465273,8829.571873465273,0.0,0.0,pvalloc_29nbfs_LRG2_max_1hll_sBs0p4
5403,0.0,7657.188196967489,7657.188196967489,0.0,0.0,pvalloc_29nbfs_LRG2_max_1hll_sBs0p4
5404,0.0,7455.696363549953,7455.696363549953,0.0,0.0,pvalloc_29nbfs_LRG2_max_1hll_sBs0p4
5405,0.0,7031.549107246735,7031.549107246735,0.0,0.0,pvalloc_29nbfs_LRG2_max_1hll_sBs0p4
5406,2.014105323504995,6089.7767070689715,6089.824058061504,2.014105323504995,0.0,pvalloc_29nbfs_LRG2_max_1hll_sBs0p4
5407,10245.755169567172,2615.863465678849,11049.724526537844,10245.755169567172,0.0,pvalloc_29nbfs_LRG2_max_1hll_sBs0p4
5408,29304.54983188309,3029.0674918117475,29644.03112373562,29304.54983188309,0.0,pvalloc_29nbfs_LRG2_max_1hll_sBs0p4
5409,48763.04465911459,3991.448491897063,49080.6284886669,48071.039442199566,692.0052169150206,pvalloc_29nbfs_LRG2_max_1hll_sBs0p4
5410,67045.4467029986,3842.8190096286885,67207.3799648364,62351.09794567293,4694.3487573256525,pvalloc_29nbfs_LRG2_max_1hll_sBs0p4
5411,74845.53918873567,4142.302831977269,75017.52721673732,67357.85269698074,7487.6864917549465,pvalloc_29nbfs_LRG2_max_1hll_sBs0p4
5412,63304.01401837147,5462.6496248653775,63785.00195501688,59685.2959446818,3618.7180736896753,pvalloc_29nbfs_LRG2_max_1hll_sBs0p4
5413,62770.59815431868,6093.953556123874,63402.16094010463,59237.78744856196,3532.810705756715,pvalloc_29nbfs_LRG2_max_1hll_sBs0p4
5414,57274.1021139814,6035.484890670649,57999.075160106506,54906.106245512805,2367.9958684685917,pvalloc_29nbfs_LRG2_max_1hll_sBs0p4
5415,46204.58996736469,5488.464558838516,46964.92587307926,45694.459678734675,510.13028863001097,pvalloc_29nbfs_LRG2_max_1hll_sBs0p4
5416,34368.326741242665,5014.592527651333,35259.664269677065,34318.74315577595,49.583585466716556,pvalloc_29nbfs_LRG2_max_1hll_sBs0p4
5417,27438.537413503527,4820.6058035155065,28492.38152350277,27438.537413503527,0.0,pvalloc_29nbfs_LRG2_max_1hll_sBs0p4
5418,11358.199310600146,5234.339528643687,13692.260887376744,11358.199310600146,0.0,pvalloc_29nbfs_LRG2_max_1hll_sBs0p4
5419,2516.793149253809,6575.578786485291,7235.2947327588,2516.793149253809,0.0,pvalloc_29nbfs_LRG2_max_1hll_sBs0p4
5420,0.0,14157.311065510426,14157.311065510426,0.0,0.0,pvalloc_29nbfs_LRG2_max_1hll_sBs0p4
5421,0.0,16175.317955120869,16175.317955120869,0.0,0.0,pvalloc_29nbfs_LRG2_max_1hll_sBs0p4
5422,0.0,16617.529616008727,16617.529616008727,0.0,0.0,pvalloc_29nbfs_LRG2_max_1hll_sBs0p4
5423,0.0,15583.466132818583,15583.466132818583,0.0,0.0,pvalloc_29nbfs_LRG2_max_1hll_sBs0p4
5424,0.0,13573.678772779584,13573.678772779584,0.0,0.0,pvalloc_29nbfs_LRG2_max_1hll_sBs0p4
4920,0.0,11113.463869085279,11113.463869085279,0.0,0.0,pvalloc_29nbfs_LRG2_max_1hll_sBs0p6
4921,0.0,10737.831728562103,10737.831728562103,0.0,0.0,pvalloc_29nbfs_LRG2_max_1hll_sBs0p6
4922,0.0,10105.311448681487,10105.311448681487,0.0,0.0,pvalloc_29nbfs_LRG2_max_1hll_sBs0p6
4923,0.0,8120.094880445637,8120.094880445637,0.0,0.0,pvalloc_29nbfs_LRG2_max_1hll_sBs0p6
4924,0.0,7251.733657230992,7251.733657230992,0.0,0.0,pvalloc_29nbfs_LRG2_max_1hll_sBs0p6
4925,0.0,6971.075169345189,6971.075169345189,0.0,0.0,pvalloc_29nbfs_LRG2_max_1hll_sBs0p6
4926,823.3320200723372,3596.1409771210137,3690.8052520779347,823.3320200723372,0.0,pvalloc_29nbfs_LRG2_max_1hll_sBs0p6
4927,15760.14465154221,2536.006835577762,16268.208343415301,15760.14465154221,0.0,pvalloc_29nbfs_LRG2_max_1hll_sBs0p6
4928,35991.89544276034,2697.6738706924925,36178.13697321031,35925.354186232114,66.54125652822535,pvalloc_29nbfs_LRG2_max_1hll_sBs0p6
4929,55364.5392685882,3337.713398370922,55520.12118709238,53597.39221469443,1767.1470538937665,pvalloc_29nbfs_LRG2_max_1hll_sBs0p6
4930,74385.7102350928,3562.601267945224,74498.81700644587,67092.77673764329,7292.933497449579,pvalloc_29nbfs_LRG2_max_1hll_sBs0p6
4931,89311.84464414266,4071.960106704577,89439.9326618963,75338.01371763066,13973.830926512037,pvalloc_29nbfs_LRG2_max_1hll_sBs0p6
4932,74216.01021521125,5133.236144988752,74522.76582438387,66956.4789904677,7259.531224743507,pvalloc_29nbfs_LRG2_max_1hll_sBs0p6
4933,61762.60115254936,6642.07254598908,62611.11472984047,58528.66083350946,3233.9403190399094,pvalloc_29nbfs_LRG2_max_1hll_sBs0p6
4934,58387.83356832788,5487.491748121102,58933.25616052712,55846.055783305266,2541.7777850226157,pvalloc_29nbfs_LRG2_max_1hll_sBs0p6
4935,50977.147102807976,5066.559422803236,51546.281872948915,49808.43652259846,1168.7105802095139,pvalloc_29nbfs_LRG2_max_1hll_sBs0p6
4936,50360.89354868398,4815.292352995168,50876.29779639634,49301.919928922085,1058.973619761874,pvalloc_29nbfs_LRG2_max_1hll_sBs0p6
4937,34083.03868337778,4266.798568036831,34733.51687066598,34040.984127103344,42.054556274441325,pvalloc_29nbfs_LRG2_max_1hll_sBs0p6
4938,16342.391657913517,3926.101854351664,17454.712948179,16342.391657913517,0.0,pvalloc_29nbfs_LRG2_max_1hll_sBs0p6
4939,7179.094813666331,5152.247748100354,9873.550190650758,7179.094813666331,0.0,pvalloc_29nbfs_LRG2_max_1hll_sBs0p6
4940,296.15904283126395,8837.770102583932,8841.217469057101,296.15904283126395,0.0,pvalloc_29nbfs_LRG2_max_1hll_sBs0p6
4941,0.0,12714.325160437365,12714.325160437365,0.0,0.0,pvalloc_29nbfs_LRG2_max_1hll_sBs0p6
4942,0.0,13844.117670126652,13844.117670126652,0.0,0.0,pvalloc_29nbfs_LRG2_max_1hll_sBs0p6
4943,0.0,13190.081500942473,13190.081500942473,0.0,0.0,pvalloc_29nbfs_LRG2_max_1hll_sBs0p6
4944,0.0,15734.473543662869,15734.473543662869,0.0,0.0,pvalloc_29nbfs_LRG2_max_1hll_sBs0p6
4945,0.0,11843.652935827871,11843.652935827871,0.0,0.0,pvalloc_29nbfs_LRG2_max_1hll_sBs0p6
4946,0.0,9148.163406638314,9148.163406638314,0.0,0.0,pvalloc_29nbfs_LRG2_max_1hll_sBs0p6
4947,0.0,7889.191632688864,7889.191632688864,0.0,0.0,pvalloc_29nbfs_LRG2_max_1hll_sBs0p6
4948,0.0,7842.183829125384,7842.183829125384,0.0,0.0,pvalloc_29nbfs_LRG2_max_1hll_sBs0p6
4949,0.0,6888.334696423668,6888.334696423668,0.0,0.0,pvalloc_29nbfs_LRG2_max_1hll_sBs0p6
4950,7.630608525120837,5201.47243867848,5201.489751041434,7.630608525120837,0.0,pvalloc_29nbfs_LRG2_max_1hll_sBs0p6
4951,9122.89242752871,2539.2762777029716,9969.202470894728,9122.89242752871,0.0,pvalloc_29nbfs_LRG2_max_1hll_sBs0p6
4952,30300.255815321936,2553.925534391742,30514.580350610617,30300.255815321936,0.0,pvalloc_29nbfs_LRG2_max_1hll_sBs0p6
4953,54001.43173019394,3006.45839557919,54125.05809585341,52467.61223832871,1533.819491865235,pvalloc_29nbfs_LRG2_max_1hll_sBs0p6
4954,75419.59022504902,3368.49167279604,75514.96996257716,67724.81147807986,7694.778746969091,pvalloc_29nbfs_LRG2_max_1hll_sBs0p6
4955,86701.71157173328,3615.628627456672,86807.87196417821,73955.97374135311,12745.737830380107,pvalloc_29nbfs_LRG2_max_1hll_sBs0p6
4956,74732.00766163466,4604.10663653028,74956.75211459424,67274.87233344825,7457.135328186381,pvalloc_29nbfs_LRG2_max_1hll_sBs0p6
4957,50047.49008719895,4867.674908280133,50564.205185513405,49058.81872650782,988.671360691127,pvalloc_29nbfs_LRG2_max_1hll_sBs0p6
4958,60892.609593413166,5005.690871339612,61337.23957942933,57676.70247307934,3215.9071203338017,pvalloc_29nbfs_LRG2_max_1hll_sBs0p6
4959,48568.2117236699,5048.4468158674445,49206.43868573511,47745.718912513286,822.4928111566173,pvalloc_29nbfs_LRG2_max_1hll_sBs0p6
4960,44653.58188185601,4723.320478206426,45271.51103191886,44234.0432838406,419.5385980154163,pvalloc_29nbfs_LRG2_max_1hll_sBs0p6
4961,35977.01006753231,4805.135178126044,36781.644157134084,35879.47965074101,97.53041679130638,pvalloc_29nbfs_LRG2_max_1hll_sBs0p6
4962,19838.397798274254,4687.010429218498,21183.102232430494,19838.397798274254,0.0,pvalloc_29nbfs_LRG2_max_1hll_sBs0p6
4963,9128.424065709365,6050.414529747491,12243.635976582755,9128.424065709365,0.0,pvalloc_29nbfs_LRG2_max_1hll_sBs0p6
4964,3.627228813333261,11428.406699404855,11428.406699404855,3.627228813333261,0.0,pvalloc_29nbfs_LRG2_max_1hll_sBs0p6
4965,0.0,21698.627529472968,21698.627529472968,0.0,0.0,pvalloc_29nbfs_LRG2_max_1hll_sBs0p6
4966,0.0,15054.668580548847,15054.668580548847,0.0,0.0,pvalloc_29nbfs_LRG2_max_1hll_sBs0p6
4967,0.0,14761.300435221638,14761.300435221638,0.0,0.0,pvalloc_29nbfs_LRG2_max_1hll_sBs0p6
4968,0.0,12492.27995856741,12492.27995856741,0.0,0.0,pvalloc_29nbfs_LRG2_max_1hll_sBs0p6
4969,0.0,10052.532145121631,10052.532145121631,0.0,0.0,pvalloc_29nbfs_LRG2_max_1hll_sBs0p6
4970,0.0,8034.332061846783,8034.332061846783,0.0,0.0,pvalloc_29nbfs_LRG2_max_1hll_sBs0p6
4971,0.0,7219.022230515399,7219.022230515399,0.0,0.0,pvalloc_29nbfs_LRG2_max_1hll_sBs0p6
4972,0.0,6689.043790452775,6689.043790452775,0.0,0.0,pvalloc_29nbfs_LRG2_max_1hll_sBs0p6
4973,0.0,6426.52820091012,6426.52820091012,0.0,0.0,pvalloc_29nbfs_LRG2_max_1hll_sBs0p6
4974,161.01048874308285,3989.478739153175,3991.4284874933587,161.01048874308285,0.0,pvalloc_29nbfs_LRG2_max_1hll_sBs0p6
4975,10201.776990604196,2533.859184756463,10984.811447201713,10201.776990604196,0.0,pvalloc_29nbfs_LRG2_max_1hll_sBs0p6
4976,3134.2805803896067,2922.2404043798847,4786.836115036423,3134.2805803896067,0.0,pvalloc_29nbfs_LRG2_max_1hll_sBs0p6
4977,18336.332631360492,3138.5329110104867,19029.53854724857,18336.332631360492,0.0,pvalloc_29nbfs_LRG2_max_1hll_sBs0p6
4978,36173.726044120885,3432.362677312469,36530.421034280596,36082.559059865205,91.16698425568092,pvalloc_29nbfs_LRG2_max_1hll_sBs0p6
4979,57336.95799711509,3908.5420246439144,57569.3035393782,55085.43206710752,2251.525930007567,pvalloc_29nbfs_LRG2_max_1hll_sBs0p6
4980,59619.10963299102,4677.262283593027,59967.04884090903,56852.90152947158,2766.208103519438,pvalloc_29nbfs_LRG2_max_1hll_sBs0p6
4981,62942.34833388777,5377.456919975482,63403.60008682398,59349.70939739415,3592.638936493606,pvalloc_29nbfs_LRG2_max_1hll_sBs0p6
4982,47632.93916139284,4925.785642461466,48237.47126996601,46946.6371796674,686.3019817254351,pvalloc_29nbfs_LRG2_max_1hll_sBs0p6
4983,52858.463526753636,5535.155472273724,53505.423253113106,51404.20170808682,1454.2618186668183,pvalloc_29nbfs_LRG2_max_1hll_sBs0p6
4984,42934.34202597242,4885.6334903708,43580.23967935558,42654.05265141454,280.28937455787957,pvalloc_29nbfs_LRG2_max_1hll_sBs0p6
4985,28495.435191991644,4366.610418616043,29330.530299909122,28495.435191991644,0.0,pvalloc_29nbfs_LRG2_max_1hll_sBs0p6
4986,22522.228795822288,4916.184953151818,23924.347309590226,22522.228795822288,0.0,pvalloc_29nbfs_LRG2_max_1hll_sBs0p6
4987,9972.624921586623,5114.168121583041,12424.100541362439,9972.624921586623,0.0,pvalloc_29nbfs_LRG2_max_1hll_sBs0p6
4988,1.784951020394866,11602.872543930518,11602.872543930518,1.784951020394866,0.0,pvalloc_29nbfs_LRG2_max_1hll_sBs0p6
4989,0.0,15306.207062822388,15306.207062822388,0.0,0.0,pvalloc_29nbfs_LRG2_max_1hll_sBs0p6
4990,0.0,18487.541112237723,18487.541112237723,0.0,0.0,pvalloc_29nbfs_LRG2_max_1hll_sBs0p6
4991,0.0,15678.910070087286,15678.910070087286,0.0,0.0,pvalloc_29nbfs_LRG2_max_1hll_sBs0p6
4992,0.0,12457.95010585332,12457.95010585332,0.0,0.0,pvalloc_29nbfs_LRG2_max_1hll_sBs0p6
4993,0.0,9566.57816566627,9566.57816566627,0.0,0.0,pvalloc_29nbfs_LRG2_max_1hll_sBs0p6
4994,0.0,8172.598108657664,8172.598108657664,0.0,0.0,pvalloc_29nbfs_LRG2_max_1hll_sBs0p6
4995,0.0,7275.373634775014,7275.373634775014,0.0,0.0,pvalloc_29nbfs_LRG2_max_1hll_sBs0p6
4996,0.0,6657.432000184343,6657.432000184343,0.0,0.0,pvalloc_29nbfs_LRG2_max_1hll_sBs0p6
4997,0.0,6227.237294939231,6227.237294939231,0.0,0.0,pvalloc_29nbfs_LRG2_max_1hll_sBs0p6
4998,409.0078096729638,3581.506090160283,3598.4950993663115,409.0078096729638,0.0,pvalloc_29nbfs_LRG2_max_1hll_sBs0p6
4999,14922.254230017807,2525.9744096942727,15467.110386164888,14922.254230017807,0.0,pvalloc_29nbfs_LRG2_max_1hll_sBs0p6
5000,33564.87082061107,2776.320491881761,33791.26366868261,33554.545878847784,10.324941763279298,pvalloc_29nbfs_LRG2_max_1hll_sBs0p6
5001,52004.841675100564,3114.2508207473124,52150.750951802496,50791.96156680678,1212.8801082937762,pvalloc_29nbfs_LRG2_max_1hll_sBs0p6
5002,65696.80957600019,3224.9353412587966,65812.8841576519,61376.45086502113,4320.358710979017,pvalloc_29nbfs_LRG2_max_1hll_sBs0p6
5003,85559.99811391311,3939.99554511101,85683.83965967872,73399.00809436008,12160.990019553112,pvalloc_29nbfs_LRG2_max_1hll_sBs0p6
5004,83652.69358467309,4477.653714651569,83822.79264217845,72394.5751224541,11258.118462218948,pvalloc_29nbfs_LRG2_max_1hll_sBs0p6
5005,90110.79638142457,4606.119819868709,90286.57452694057,75704.4573044221,14406.339077002474,pvalloc_29nbfs_LRG2_max_1hll_sBs0p6
5006,83911.60344102993,4591.575677994485,84116.16566990956,72415.87302440274,11495.730416627157,pvalloc_29nbfs_LRG2_max_1hll_sBs0p6
5007,70139.43304503798,4609.121132756143,70401.08639431445,64290.32364591759,5849.109399120416,pvalloc_29nbfs_LRG2_max_1hll_sBs0p6
5008,55298.186986397995,4087.4296295402555,55594.34661407822,53404.11759847739,1894.0693879206024,pvalloc_29nbfs_LRG2_max_1hll_sBs0p6
5009,32727.78900506077,3834.0680571161124,33276.48247474216,32719.835158349666,7.953846711102585,pvalloc_29nbfs_LRG2_max_1hll_sBs0p6
5010,13737.90434629276,3957.8834333184996,15068.074562493972,13737.90434629276,0.0,pvalloc_29nbfs_LRG2_max_1hll_sBs0p6
5011,2511.996574578925,6083.134381439758,6860.151603371717,2511.996574578925,0.0,pvalloc_29nbfs_LRG2_max_1hll_sBs0p6
5012,0.024958675141344665,13827.339278272806,13827.339278272806,0.024958675141344665,0.0,pvalloc_29nbfs_LRG2_max_1hll_sBs0p6
5013,0.0,14662.181682635239,14662.181682635239,0.0,0.0,pvalloc_29nbfs_LRG2_max_1hll_sBs0p6
5014,0.0,16274.799124460178,16274.799124460178,0.0,0.0,pvalloc_29nbfs_LRG2_max_1hll_sBs0p6
5015,0.0,15624.092956490873,15624.092956490873,0.0,0.0,pvalloc_29nbfs_LRG2_max_1hll_sBs0p6
5016,0.0,12724.18576973016,12724.18576973016,0.0,0.0,pvalloc_29nbfs_LRG2_max_1hll_sBs0p6
5017,0.0,10867.074894322572,10867.074894322572,0.0,0.0,pvalloc_29nbfs_LRG2_max_1hll_sBs0p6
5018,0.0,8769.371741640622,8769.371741640622,0.0,0.0,pvalloc_29nbfs_LRG2_max_1hll_sBs0p6
5019,0.0,7592.314610242441,7592.314610242441,0.0,0.0,pvalloc_29nbfs_LRG2_max_1hll_sBs0p6
5020,0.0,6804.494587055008,6804.494587055008,0.0,0.0,pvalloc_29nbfs_LRG2_max_1hll_sBs0p6
5021,0.0,6914.447201421454,6914.447201421454,0.0,0.0,pvalloc_29nbfs_LRG2_max_1hll_sBs0p6
5022,126.4641597709636,4156.996907657955,4158.56936913144,126.4641597709636,0.0,pvalloc_29nbfs_LRG2_max_1hll_sBs0p6
5023,10439.644095325873,2563.971651775435,11232.727665328448,10439.644095325873,0.0,pvalloc_29nbfs_LRG2_max_1hll_sBs0p6
5024,21690.335938667624,2749.249458604283,22113.199504671524,21690.335938667624,0.0,pvalloc_29nbfs_LRG2_max_1hll_sBs0p6
5025,18559.068110980556,3366.3172524262563,19406.333149262362,18559.068110980556,0.0,pvalloc_29nbfs_LRG2_max_1hll_sBs0p6
5026,30572.859647270812,3798.822434131915,31185.77652495085,30572.859647270812,0.0,pvalloc_29nbfs_LRG2_max_1hll_sBs0p6
5027,65861.0916899441,3646.276810006887,66018.58921979772,61448.65501234707,4412.436677597046,pvalloc_29nbfs_LRG2_max_1hll_sBs0p6
5028,78965.10815465635,5326.200807003898,79290.46044284568,69853.97806339998,9111.13009125638,pvalloc_29nbfs_LRG2_max_1hll_sBs0p6
5029,52058.95998370682,5045.130769837702,52593.92025558192,50730.77645282591,1328.183530880929,pvalloc_29nbfs_LRG2_max_1hll_sBs0p6
5030,22714.058300626133,5836.532443878489,24589.426164019253,22714.058300626133,0.0,pvalloc_29nbfs_LRG2_max_1hll_sBs0p6
5031,25364.034835488532,4959.513880337986,26610.397125234857,25364.034835488532,0.0,pvalloc_29nbfs_LRG2_max_1hll_sBs0p6
5032,33755.85592213162,4038.795261400797,34344.77606401423,33714.60171598273,41.25420614888833,pvalloc_29nbfs_LRG2_max_1hll_sBs0p6
5033,26711.494060253266,4129.0786291730155,27517.212250055803,26711.494060253266,0.0,pvalloc_29nbfs_LRG2_max_1hll_sBs0p6
5034,16595.51733940843,4722.957143429426,18219.058179997974,16595.51733940843,0.0,pvalloc_29nbfs_LRG2_max_1hll_sBs0p6
5035,10218.156307012354,5390.05612438062,12754.689627519598,10218.156307012354,0.0,pvalloc_29nbfs_LRG2_max_1hll_sBs0p6
5036,10.619627134370207,10991.28451343242,10991.296948581576,10.619627134370207,0.0,pvalloc_29nbfs_LRG2_max_1hll_sBs0p6
5037,0.0,15623.399766375918,15623.399766375918,0.0,0.0,pvalloc_29nbfs_LRG2_max_1hll_sBs0p6
5038,0.0,16022.715362504954,16022.715362504954,0.0,0.0,pvalloc_29nbfs_LRG2_max_1hll_sBs0p6
5039,0.0,16439.75171535185,16439.75171535185,0.0,0.0,pvalloc_29nbfs_LRG2_max_1hll_sBs0p6
5040,0.0,12326.556850038325,12326.556850038325,0.0,0.0,pvalloc_29nbfs_LRG2_max_1hll_sBs0p6
5041,0.0,9488.472208125191,9488.472208125191,0.0,0.0,pvalloc_29nbfs_LRG2_max_1hll_sBs0p6
5042,0.0,8024.4353338224,8024.4353338224,0.0,0.0,pvalloc_29nbfs_LRG2_max_1hll_sBs0p6
5043,0.0,7253.657469496068,7253.657469496068,0.0,0.0,pvalloc_29nbfs_LRG2_max_1hll_sBs0p6
5044,0.0,6638.189465394041,6638.189465394041,0.0,0.0,pvalloc_29nbfs_LRG2_max_1hll_sBs0p6
5045,0.0,6441.096729282571,6441.096729282571,0.0,0.0,pvalloc_29nbfs_LRG2_max_1hll_sBs0p6
5046,127.01136638985903,4133.5610648632155,4135.112354596784,127.01136638985903,0.0,pvalloc_29nbfs_LRG2_max_1hll_sBs0p6
5047,11294.830931908627,2640.697923656321,12115.982787690138,11294.830931908627,0.0,pvalloc_29nbfs_LRG2_max_1hll_sBs0p6
5048,32386.181103284798,2959.7347420657243,32666.232154808316,32386.181103284798,0.0,pvalloc_29nbfs_LRG2_max_1hll_sBs0p6
5049,53141.50645377953,3327.3258768729506,53309.41481452558,51762.612049749594,1378.89440402994,pvalloc_29nbfs_LRG2_max_1hll_sBs0p6
5050,72233.69816182263,3408.9831087592515,72332.68534451835,65787.438369983,6446.259791839662,pvalloc_29nbfs_LRG2_max_1hll_sBs0p6
5051,65841.95711968803,3813.9157006602827,66011.03902068727,61466.31566732064,4375.641452367436,pvalloc_29nbfs_LRG2_max_1hll_sBs0p6
5052,60330.55251631479,4447.679619991088,60626.890500225614,57417.74269451755,2912.809821797232,pvalloc_29nbfs_LRG2_max_1hll_sBs0p6
5053,66917.90811197796,4710.457598639008,67207.0694478198,62166.37724609898,4751.5308658790345,pvalloc_29nbfs_LRG2_max_1hll_sBs0p6
5054,68043.86730177263,4590.30295417198,68320.29221248325,62854.142586079215,5189.724715693418,pvalloc_29nbfs_LRG2_max_1hll_sBs0p6
5055,57553.885087701936,4863.038029977873,57968.50087043103,55191.8140203378,2362.0710673641397,pvalloc_29nbfs_LRG2_max_1hll_sBs0p6
5056,51405.24841251748,4304.692069080153,51766.77667605136,50215.31759952627,1189.930812991212,pvalloc_29nbfs_LRG2_max_1hll_sBs0p6
5057,34341.940551930704,3724.8500804755763,34831.73837169264,34298.66913909544,43.27141283526623,pvalloc_29nbfs_LRG2_max_1hll_sBs0p6
5058,12127.505869922958,3720.6449452523125,13404.796251587926,12127.505869922958,0.0,pvalloc_29nbfs_LRG2_max_1hll_sBs0p6
5059,6178.438120209671,4370.614415185307,8407.590901332966,6178.438120209671,0.0,pvalloc_29nbfs_LRG2_max_1hll_sBs0p6
5060,212.88472727862856,7653.628039496551,7656.218196392278,212.88472727862856,0.0,pvalloc_29nbfs_LRG2_max_1hll_sBs0p6
5061,0.0,12442.644294585478,12442.644294585478,0.0,0.0,pvalloc_29nbfs_LRG2_max_1hll_sBs0p6
5062,0.0,12652.57822535876,12652.57822535876,0.0,0.0,pvalloc_29nbfs_LRG2_max_1hll_sBs0p6
5063,0.0,12878.862779430523,12878.862779430523,0.0,0.0,pvalloc_29nbfs_LRG2_max_1hll_sBs0p6
5064,0.0,12350.755659688533,12350.755659688533,0.0,0.0,pvalloc_29nbfs_LRG2_max_1hll_sBs0p6
5065,0.0,11097.685205202353,11097.685205202353,0.0,0.0,pvalloc_29nbfs_LRG2_max_1hll_sBs0p6
5066,0.0,9294.124150992038,9294.124150992038,0.0,0.0,pvalloc_29nbfs_LRG2_max_1hll_sBs0p6
5067,0.0,7868.8472553816255,7868.8472553816255,0.0,0.0,pvalloc_29nbfs_LRG2_max_1hll_sBs0p6
5068,0.0,6865.793803809358,6865.793803809358,0.0,0.0,pvalloc_29nbfs_LRG2_max_1hll_sBs0p6
5069,0.0,7046.1170841017465,7046.1170841017465,0.0,0.0,pvalloc_29nbfs_LRG2_max_1hll_sBs0p6
5070,117.78545842931928,4243.194517214059,4244.641481384624,117.78545842931928,0.0,pvalloc_29nbfs_LRG2_max_1hll_sBs0p6
5071,13179.803857427763,2495.0617788455615,13788.64271887826,13179.803857427763,0.0,pvalloc_29nbfs_LRG2_max_1hll_sBs0p6
5072,30179.759706748315,2796.4957435841047,30453.24578275893,30179.759706748315,0.0,pvalloc_29nbfs_LRG2_max_1hll_sBs0p6
5073,52403.65502059459,3195.8496119473175,52559.69045623476,51115.71856553473,1287.9364550598698,pvalloc_29nbfs_LRG2_max_1hll_sBs0p6
5074,69805.58453747504,3484.1183635773045,69938.20796369785,64151.47110469216,5654.11343278279,pvalloc_29nbfs_LRG2_max_1hll_sBs0p6
5075,80375.43034317924,3901.809654151396,80519.52126841126,70536.77775582754,9838.65258735174,pvalloc_29nbfs_LRG2_max_1hll_sBs0p6
5076,70881.65091758472,4437.940339085057,71105.80625803866,64827.33300539732,6054.317912187261,pvalloc_29nbfs_LRG2_max_1hll_sBs0p6
5077,62702.83871579382,4863.786800760867,63054.33171446139,59155.75580621293,3547.0829095808886,pvalloc_29nbfs_LRG2_max_1hll_sBs0p6
5078,53270.886736581255,5048.20291937281,53805.99846727084,51711.99037529268,1558.8963612885714,pvalloc_29nbfs_LRG2_max_1hll_sBs0p6
5079,33082.213137519044,5063.912722329456,34065.49462119195,33054.315827376486,27.897310142568642,pvalloc_29nbfs_LRG2_max_1hll_sBs0p6
5080,36282.54889180054,4693.876372136855,37023.96922091019,36178.41517431294,104.13371748759897,pvalloc_29nbfs_LRG2_max_1hll_sBs0p6
5081,28587.32229518708,4456.995394180816,29458.801149450876,28587.32229518708,0.0,pvalloc_29nbfs_LRG2_max_1hll_sBs0p6
5082,16322.649822264191,4413.491311097626,17739.33705811644,16322.649822264191,0.0,pvalloc_29nbfs_LRG2_max_1hll_sBs0p6
5083,8592.109549953058,4733.033332960474,10816.96228820736,8592.109549953058,0.0,pvalloc_29nbfs_LRG2_max_1hll_sBs0p6
5084,45.19405738280558,9039.276057842048,9039.553067872977,45.19405738280558,0.0,pvalloc_29nbfs_LRG2_max_1hll_sBs0p6
5085,0.0,14038.884071464148,14038.884071464148,0.0,0.0,pvalloc_29nbfs_LRG2_max_1hll_sBs0p6
5086,0.0,16707.67865740891,16707.67865740891,0.0,0.0,pvalloc_29nbfs_LRG2_max_1hll_sBs0p6
5087,0.0,14798.423471834056,14798.423471834056,0.0,0.0,pvalloc_29nbfs_LRG2_max_1hll_sBs0p6
5088,0.0,12920.992928294934,12920.992928294934,0.0,0.0,pvalloc_29nbfs_LRG2_max_1hll_sBs0p6
5089,0.0,9900.944565301277,9900.944565301277,0.0,0.0,pvalloc_29nbfs_LRG2_max_1hll_sBs0p6
5090,0.0,9389.785903685059,9389.785903685059,0.0,0.0,pvalloc_29nbfs_LRG2_max_1hll_sBs0p6
5091,0.0,7401.546438254426,7401.546438254426,0.0,0.0,pvalloc_29nbfs_LRG2_max_1hll_sBs0p6
5092,0.0,6692.067790682455,6692.067790682455,0.0,0.0,pvalloc_29nbfs_LRG2_max_1hll_sBs0p6
5093,0.0,6497.448685059625,6497.448685059625,0.0,0.0,pvalloc_29nbfs_LRG2_max_1hll_sBs0p6
5094,300.41418239476235,3841.460288541356,3845.3670153921867,300.41418239476235,0.0,pvalloc_29nbfs_LRG2_max_1hll_sBs0p6
5095,14804.243346066576,2371.704032073449,15272.243574905202,14804.243346066576,0.0,pvalloc_29nbfs_LRG2_max_1hll_sBs0p6
5096,34805.45189481136,2366.652512486716,34943.22627769666,34776.27997244203,29.171922369325443,pvalloc_29nbfs_LRG2_max_1hll_sBs0p6
5097,56892.34603437511,2793.749541575645,56986.54046465913,54838.59753611357,2053.748498261537,pvalloc_29nbfs_LRG2_max_1hll_sBs0p6
5098,73783.12358059631,2917.7874019030673,73859.02689003375,66752.14735941717,7030.976221179148,pvalloc_29nbfs_LRG2_max_1hll_sBs0p6
5099,89264.85872426536,3507.620927693973,89365.34017644844,75285.61129568073,13979.247428584595,pvalloc_29nbfs_LRG2_max_1hll_sBs0p6
5100,75369.44585001207,4902.9287462278535,75624.7981869499,67643.96616130225,7725.479688709871,pvalloc_29nbfs_LRG2_max_1hll_sBs0p6
5101,66107.08741475685,5574.576965949215,66576.36836723344,61522.8846525184,4584.202762238509,pvalloc_29nbfs_LRG2_max_1hll_sBs0p6
5102,71191.33793547768,5661.266296450081,71656.28814849143,64854.57179606654,6336.766139411055,pvalloc_29nbfs_LRG2_max_1hll_sBs0p6
5103,64989.27477850553,5144.444677034908,65413.34868137625,60689.31095356508,4299.963824940439,pvalloc_29nbfs_LRG2_max_1hll_sBs0p6
5104,61182.07493917129,4940.659560117894,61613.823882568446,57892.67327330289,3289.4016658683945,pvalloc_29nbfs_LRG2_max_1hll_sBs0p6
5105,25871.07268742086,4797.01535686359,26937.63959559383,25871.07268742086,0.0,pvalloc_29nbfs_LRG2_max_1hll_sBs0p6
5106,6547.281826362622,5128.058557929918,9135.00384250532,6547.281826362622,0.0,pvalloc_29nbfs_LRG2_max_1hll_sBs0p6
5107,1418.3307143615564,6931.9835387909225,7053.936052621682,1418.3307143615564,0.0,pvalloc_29nbfs_LRG2_max_1hll_sBs0p6
5108,0.5486124905704926,11343.98793473613,11343.98793473613,0.5486124905704926,0.0,pvalloc_29nbfs_LRG2_max_1hll_sBs0p6
5109,0.0,13173.891725783154,13173.891725783154,0.0,0.0,pvalloc_29nbfs_LRG2_max_1hll_sBs0p6
5110,0.0,13106.449704799226,13106.449704799226,0.0,0.0,pvalloc_29nbfs_LRG2_max_1hll_sBs0p6
5111,0.0,12603.245316458499,12603.245316458499,0.0,0.0,pvalloc_29nbfs_LRG2_max_1hll_sBs0p6
5112,0.0,10413.182078012227,10413.182078012227,0.0,0.0,pvalloc_29nbfs_LRG2_max_1hll_sBs0p6
5113,0.0,8993.403916155026,8993.403916155026,0.0,0.0,pvalloc_29nbfs_LRG2_max_1hll_sBs0p6
5114,0.0,7817.172615127088,7817.172615127088,0.0,0.0,pvalloc_29nbfs_LRG2_max_1hll_sBs0p6
5115,0.0,7187.960258470542,7187.960258470542,0.0,0.0,pvalloc_29nbfs_LRG2_max_1hll_sBs0p6
5116,0.0,6597.782238100716,6597.782238100716,0.0,0.0,pvalloc_29nbfs_LRG2_max_1hll_sBs0p6
5117,0.0,6653.5821695844115,6653.5821695844115,0.0,0.0,pvalloc_29nbfs_LRG2_max_1hll_sBs0p6
5118,143.72843037656514,4119.533836061008,4121.218639179306,143.72843037656514,0.0,pvalloc_29nbfs_LRG2_max_1hll_sBs0p6
5119,10268.483572362751,2358.4895145614014,10949.230748967837,10268.483572362751,0.0,pvalloc_29nbfs_LRG2_max_1hll_sBs0p6
5120,31155.349799044387,2382.3067329302644,31325.406410023712,31155.349799044387,0.0,pvalloc_29nbfs_LRG2_max_1hll_sBs0p6
5121,54451.89109200788,2713.301979556451,54548.65826619255,52864.02645539911,1587.8646366087755,pvalloc_29nbfs_LRG2_max_1hll_sBs0p6
5122,70443.50307891265,3179.327036879667,70539.75718960818,64640.56659076486,5802.936488147759,pvalloc_29nbfs_LRG2_max_1hll_sBs0p6
5123,88934.13536710544,3493.637514495621,89018.07923869914,75199.08078212298,13735.054584982507,pvalloc_29nbfs_LRG2_max_1hll_sBs0p6
5124,88525.03585363277,4691.867477310957,88690.06684856249,75031.866393852,13493.169459780722,pvalloc_29nbfs_LRG2_max_1hll_sBs0p6
5125,88446.89789963403,5520.369564697011,88711.22975005682,74915.6187866253,13531.279113008737,pvalloc_29nbfs_LRG2_max_1hll_sBs0p6
5126,82176.39610423404,5400.968245179484,82468.16091021721,71502.76541002633,10673.630694207663,pvalloc_29nbfs_LRG2_max_1hll_sBs0p6
5127,77615.07248596416,5317.01663845847,77935.94514019597,68888.27174421777,8726.800741746416,pvalloc_29nbfs_LRG2_max_1hll_sBs0p6
5128,68743.85170261118,4485.359516453064,69003.19688327012,63348.15611570663,5395.69558690457,pvalloc_29nbfs_LRG2_max_1hll_sBs0p6
5129,50413.351545555844,4326.719872495119,50799.439049241795,49383.89843673744,1029.4531088183976,pvalloc_29nbfs_LRG2_max_1hll_sBs0p6
5130,30852.2287763089,4874.44361886177,31801.596729571473,30852.2287763089,0.0,pvalloc_29nbfs_LRG2_max_1hll_sBs0p6
5131,12201.341047395976,4979.05320030572,14327.28951020816,12201.341047395976,0.0,pvalloc_29nbfs_LRG2_max_1hll_sBs0p6
5132,1.3882065846102039,11936.795673578828,11936.795673578828,1.3882065846102039,0.0,pvalloc_29nbfs_LRG2_max_1hll_sBs0p6
5133,0.0,18228.216139042957,18228.216139042957,0.0,0.0,pvalloc_29nbfs_LRG2_max_1hll_sBs0p6
5134,0.0,18162.496361710335,18162.496361710335,0.0,0.0,pvalloc_29nbfs_LRG2_max_1hll_sBs0p6
5135,0.0,15581.301938822111,15581.301938822111,0.0,0.0,pvalloc_29nbfs_LRG2_max_1hll_sBs0p6
5136,0.0,13660.5186615185,13660.5186615185,0.0,0.0,pvalloc_29nbfs_LRG2_max_1hll_sBs0p6
5137,0.0,10358.480128423342,10358.480128423342,0.0,0.0,pvalloc_29nbfs_LRG2_max_1hll_sBs0p6
5138,0.0,8828.47113398323,8828.47113398323,0.0,0.0,pvalloc_29nbfs_LRG2_max_1hll_sBs0p6
5139,0.0,7213.798405873982,7213.798405873982,0.0,0.0,pvalloc_29nbfs_LRG2_max_1hll_sBs0p6
5140,0.0,6479.031429122138,6479.031429122138,0.0,0.0,pvalloc_29nbfs_LRG2_max_1hll_sBs0p6
5141,0.0,6403.162580960438,6403.162580960438,0.0,0.0,pvalloc_29nbfs_LRG2_max_1hll_sBs0p6
5142,125.56770667997519,4161.771792703543,4163.151877828881,125.56770667997519,0.0,pvalloc_29nbfs_LRG2_max_1hll_sBs0p6
5143,13307.545707856636,2354.736085467687,13827.664983526598,13307.545707856636,0.0,pvalloc_29nbfs_LRG2_max_1hll_sBs0p6
5144,33116.780537223145,2663.0430480674363,33316.50929693309,33116.780537223145,0.0,pvalloc_29nbfs_LRG2_max_1hll_sBs0p6
5145,53980.78633202197,3207.5999165323624,54122.19589859299,52475.03213826712,1505.7541937548474,pvalloc_29nbfs_LRG2_max_1hll_sBs0p6
5146,74372.15229893963,3327.914012860753,74468.82629035987,67144.70072152169,7227.451577418026,pvalloc_29nbfs_LRG2_max_1hll_sBs0p6
5147,87658.38474783117,4249.351243911639,87782.62265262623,74615.25964875899,13043.125099072215,pvalloc_29nbfs_LRG2_max_1hll_sBs0p6
5148,83273.95454268188,5794.710779425904,83639.51592303171,72368.4974605976,10905.45708208429,pvalloc_29nbfs_LRG2_max_1hll_sBs0p6
5149,88094.73964025866,5321.404284500161,88335.1652634751,74820.96681949863,13273.772820760021,pvalloc_29nbfs_LRG2_max_1hll_sBs0p6
5150,87699.41393156422,4495.582249972375,87890.71480651361,74414.73872171398,13284.675209850291,pvalloc_29nbfs_LRG2_max_1hll_sBs0p6
5151,75869.65528043584,5024.962520229271,76140.56439855766,67931.04016121231,7938.615119223482,pvalloc_29nbfs_LRG2_max_1hll_sBs0p6
5152,63208.73741659324,4265.274478016956,63455.12785923763,59534.21195494388,3674.5254616493603,pvalloc_29nbfs_LRG2_max_1hll_sBs0p6
5153,45933.167009491866,3930.070880376728,46261.46282226347,45495.87262769492,437.2943817969513,pvalloc_29nbfs_LRG2_max_1hll_sBs0p6
5154,30682.21689661144,3930.6468156082215,31271.1690265176,30682.21689661144,0.0,pvalloc_29nbfs_LRG2_max_1hll_sBs0p6
5155,10170.436769615857,5608.013233765054,12944.927891353585,10170.436769615857,0.0,pvalloc_29nbfs_LRG2_max_1hll_sBs0p6
5156,1.0120402715541088,13203.786321415802,13203.786321415802,1.0120402715541088,0.0,pvalloc_29nbfs_LRG2_max_1hll_sBs0p6
5157,0.0,16656.158247084175,16656.158247084175,0.0,0.0,pvalloc_29nbfs_LRG2_max_1hll_sBs0p6
5158,0.0,16956.66673318879,16956.66673318879,0.0,0.0,pvalloc_29nbfs_LRG2_max_1hll_sBs0p6
5159,0.0,13878.197386105796,13878.197386105796,0.0,0.0,pvalloc_29nbfs_LRG2_max_1hll_sBs0p6
5160,0.0,13359.709264488023,13359.709264488023,0.0,0.0,pvalloc_29nbfs_LRG2_max_1hll_sBs0p6
5161,0.0,9823.421723926976,9823.421723926976,0.0,0.0,pvalloc_29nbfs_LRG2_max_1hll_sBs0p6
5162,0.0,8004.918441437759,8004.918441437759,0.0,0.0,pvalloc_29nbfs_LRG2_max_1hll_sBs0p6
5163,0.0,7279.771629046192,7279.771629046192,0.0,0.0,pvalloc_29nbfs_LRG2_max_1hll_sBs0p6
5164,0.0,6702.512682378077,6702.512682378077,0.0,0.0,pvalloc_29nbfs_LRG2_max_1hll_sBs0p6
5165,0.0,6398.764586689275,6398.764586689275,0.0,0.0,pvalloc_29nbfs_LRG2_max_1hll_sBs0p6
5166,103.0507434673273,4348.879622016964,4349.980286089218,103.0507434673273,0.0,pvalloc_29nbfs_LRG2_max_1hll_sBs0p6
5167,12662.286130517456,2547.977661689028,13327.895101301803,12662.286130517456,0.0,pvalloc_29nbfs_LRG2_max_1hll_sBs0p6
5168,33064.795150540784,2920.346052378153,33320.80222370991,33064.795150540784,0.0,pvalloc_29nbfs_LRG2_max_1hll_sBs0p6
5169,54915.2600883882,3160.4279501435094,55047.10457451979,53240.00165585572,1675.2584325324688,pvalloc_29nbfs_LRG2_max_1hll_sBs0p6
5170,74941.97129429238,3061.174518062368,75025.92796503866,67464.75641763776,7477.214876654656,pvalloc_29nbfs_LRG2_max_1hll_sBs0p6
5171,89750.9252186717,3764.981382726791,89850.41505324651,75615.97520958981,14134.95000908186,pvalloc_29nbfs_LRG2_max_1hll_sBs0p6
5172,84034.55059032312,4277.5207283813315,84193.5963085194,72606.67556374986,11427.875026573303,pvalloc_29nbfs_LRG2_max_1hll_sBs0p6
5173,78319.99688029996,4585.951895841774,78534.342819936,69374.02214587572,8945.97473442425,pvalloc_29nbfs_LRG2_max_1hll_sBs0p6
5174,88613.21100347748,4540.582135154189,88801.16152685878,74905.04545219526,13708.16555128225,pvalloc_29nbfs_LRG2_max_1hll_sBs0p6
5175,76362.62609749255,4721.904897412418,76609.09710214482,68183.30044317825,8179.325654314296,pvalloc_29nbfs_LRG2_max_1hll_sBs0p6
5176,61163.84825804679,4536.958581273708,61470.9398484032,57982.1975588387,3181.6506992080986,pvalloc_29nbfs_LRG2_max_1hll_sBs0p6
5177,41838.21156874928,4210.94463418757,42314.22468449886,41625.628334699206,212.58323405006638,pvalloc_29nbfs_LRG2_max_1hll_sBs0p6
5178,22924.975816081424,4132.038785969493,23846.434607380965,22924.975816081424,0.0,pvalloc_29nbfs_LRG2_max_1hll_sBs0p6
5179,9384.085072093361,4312.254121011009,11202.494982365157,9384.085072093361,0.0,pvalloc_29nbfs_LRG2_max_1hll_sBs0p6
5180,20.167156386840585,9584.087002819542,9584.243964210968,20.167156386840585,0.0,pvalloc_29nbfs_LRG2_max_1hll_sBs0p6
5181,0.0,17958.547144614713,17958.547144614713,0.0,0.0,pvalloc_29nbfs_LRG2_max_1hll_sBs0p6
5182,0.0,15508.105894089558,15508.105894089558,0.0,0.0,pvalloc_29nbfs_LRG2_max_1hll_sBs0p6
5183,0.0,14273.897403473246,14273.897403473246,0.0,0.0,pvalloc_29nbfs_LRG2_max_1hll_sBs0p6
5184,0.0,13200.332246555769,13200.332246555769,0.0,0.0,pvalloc_29nbfs_LRG2_max_1hll_sBs0p6
5185,0.0,9638.325646422076,9638.325646422076,0.0,0.0,pvalloc_29nbfs_LRG2_max_1hll_sBs0p6
5186,0.0,8321.584507793394,8321.584507793394,0.0,0.0,pvalloc_29nbfs_LRG2_max_1hll_sBs0p6
5187,0.0,7169.817360127392,7169.817360127392,0.0,0.0,pvalloc_29nbfs_LRG2_max_1hll_sBs0p6
5188,0.0,7079.928698781937,7079.928698781937,0.0,0.0,pvalloc_29nbfs_LRG2_max_1hll_sBs0p6
5189,0.0,6529.334832922408,6529.334832922408,0.0,0.0,pvalloc_29nbfs_LRG2_max_1hll_sBs0p6
5190,43.77609117040981,4768.212405625329,4768.708787821093,43.77609117040981,0.0,pvalloc_29nbfs_LRG2_max_1hll_sBs0p6
5191,10377.338859421954,2502.126714941522,11128.02164166988,10377.338859421954,0.0,pvalloc_29nbfs_LRG2_max_1hll_sBs0p6
5192,27610.74318474,2856.9898242442473,27933.408252805722,27610.74318474,0.0,pvalloc_29nbfs_LRG2_max_1hll_sBs0p6
5193,49192.210249320255,3114.7818469413987,49346.72290360292,48454.41371168624,737.7965376340005,pvalloc_29nbfs_LRG2_max_1hll_sBs0p6
5194,62317.7299021317,3395.6302026015796,62451.607773622905,58962.00290362012,3355.7269985115818,pvalloc_29nbfs_LRG2_max_1hll_sBs0p6
5195,70874.2424531404,4074.3163837471434,71042.50033802318,64933.32101917275,5940.921433967636,pvalloc_29nbfs_LRG2_max_1hll_sBs0p6
5196,68347.44027441808,5045.480137379673,68684.0645259688,63280.3077625743,5067.1325118438735,pvalloc_29nbfs_LRG2_max_1hll_sBs0p6
5197,72578.44497699504,4919.249376650328,72854.01534170595,65915.08233277146,6663.362644223573,pvalloc_29nbfs_LRG2_max_1hll_sBs0p6
5198,71328.5648252094,5430.985756601233,71700.99463565464,65102.55784607876,6226.006979130713,pvalloc_29nbfs_LRG2_max_1hll_sBs0p6
5199,70437.83985792575,4903.297134169033,70738.49773750226,64489.1011074707,5948.738750455012,pvalloc_29nbfs_LRG2_max_1hll_sBs0p6
5200,42352.7414979336,3815.046092332231,42724.669131416806,42119.53099124935,233.2105066842596,pvalloc_29nbfs_LRG2_max_1hll_sBs0p6
5201,27214.12509751342,3804.693804117715,27861.85504767515,27214.12509751342,0.0,pvalloc_29nbfs_LRG2_max_1hll_sBs0p6
5202,13098.53780599551,4327.527172243399,14760.590388439914,13098.53780599551,0.0,pvalloc_29nbfs_LRG2_max_1hll_sBs0p6
5203,8220.444376208008,4806.3462102624335,10540.242314546465,8220.444376208008,0.0,pvalloc_29nbfs_LRG2_max_1hll_sBs0p6
5204,0.0,15090.76192401954,15090.76192401954,0.0,0.0,pvalloc_29nbfs_LRG2_max_1hll_sBs0p6
5205,0.0,15791.348827533153,15791.348827533153,0.0,0.0,pvalloc_29nbfs_LRG2_max_1hll_sBs0p6
5206,0.0,15247.755727980579,15247.755727980579,0.0,0.0,pvalloc_29nbfs_LRG2_max_1hll_sBs0p6
5207,0.0,15008.22525066832,15008.22525066832,0.0,0.0,pvalloc_29nbfs_LRG2_max_1hll_sBs0p6
5208,0.0,12069.433844123945,12069.433844123945,0.0,0.0,pvalloc_29nbfs_LRG2_max_1hll_sBs0p6
5209,0.0,11145.876780548273,11145.876780548273,0.0,0.0,pvalloc_29nbfs_LRG2_max_1hll_sBs0p6
5210,0.0,8940.899584908117,8940.899584908117,0.0,0.0,pvalloc_29nbfs_LRG2_max_1hll_sBs0p6
5211,0.0,7874.895807358424,7874.895807358424,0.0,0.0,pvalloc_29nbfs_LRG2_max_1hll_sBs0p6
5212,0.0,7043.644556647981,7043.644556647981,0.0,0.0,pvalloc_29nbfs_LRG2_max_1hll_sBs0p6
5213,0.0,7125.558647681807,7125.558647681807,0.0,0.0,pvalloc_29nbfs_LRG2_max_1hll_sBs0p6
5214,3.6272002220063113,5734.108128886396,5734.17981218221,3.6272002220063113,0.0,pvalloc_29nbfs_LRG2_max_1hll_sBs0p6
5215,1654.0066287530944,3023.6451226573913,3676.2965254845903,1654.0066287530944,0.0,pvalloc_29nbfs_LRG2_max_1hll_sBs0p6
5216,6111.466935842405,2945.3187909588246,7459.027631855647,6111.466935842405,0.0,pvalloc_29nbfs_LRG2_max_1hll_sBs0p6
5217,12204.360452880972,3187.650087016686,13274.550937418044,12204.360452880972,0.0,pvalloc_29nbfs_LRG2_max_1hll_sBs0p6
5218,23892.445303172637,3307.331260887587,24453.431202026884,23892.445303172637,0.0,pvalloc_29nbfs_LRG2_max_1hll_sBs0p6
5219,28430.545352518395,3945.875443635427,29099.956957432656,28430.545352518395,0.0,pvalloc_29nbfs_LRG2_max_1hll_sBs0p6
5220,21052.895469330386,5082.461054590834,22717.86575964605,21052.895469330386,0.0,pvalloc_29nbfs_LRG2_max_1hll_sBs0p6
5221,45696.1128565178,4532.316330220248,46203.93947519298,45241.912503001244,454.20035351655645,pvalloc_29nbfs_LRG2_max_1hll_sBs0p6
5222,60414.47497690379,4698.695375006716,60770.8909997556,57377.055268654076,3037.4197082497176,pvalloc_29nbfs_LRG2_max_1hll_sBs0p6
5223,47442.91526124801,4724.601124375608,47962.81096069578,46826.536022997454,616.3792382505596,pvalloc_29nbfs_LRG2_max_1hll_sBs0p6
5224,47800.332328790646,4121.248395254566,48168.21043146014,47160.19364556713,640.1386832235187,pvalloc_29nbfs_LRG2_max_1hll_sBs0p6
5225,35799.530804651054,4199.488514257805,36375.62972918714,35731.42875762736,68.10204702370754,pvalloc_29nbfs_LRG2_max_1hll_sBs0p6
5226,24955.781942581587,4094.0892806237252,25776.789435636736,24955.781942581587,0.0,pvalloc_29nbfs_LRG2_max_1hll_sBs0p6
5227,10270.277617328631,4773.712742508695,12373.482843566077,10270.277617328631,0.0,pvalloc_29nbfs_LRG2_max_1hll_sBs0p6
5228,0.2569752743162036,12343.5440440902,12343.5440440902,0.2569752743162036,0.0,pvalloc_29nbfs_LRG2_max_1hll_sBs0p6
5229,0.0,17463.787611216965,17463.787611216965,0.0,0.0,pvalloc_29nbfs_LRG2_max_1hll_sBs0p6
5230,0.0,16776.245765136617,16776.245765136617,0.0,0.0,pvalloc_29nbfs_LRG2_max_1hll_sBs0p6
5231,0.0,13863.094861205218,13863.094861205218,0.0,0.0,pvalloc_29nbfs_LRG2_max_1hll_sBs0p6
5232,0.0,12379.083196074875,12379.083196074875,0.0,0.0,pvalloc_29nbfs_LRG2_max_1hll_sBs0p6
5233,0.0,10840.79645112631,10840.79645112631,0.0,0.0,pvalloc_29nbfs_LRG2_max_1hll_sBs0p6
5234,0.0,8839.193140860432,8839.193140860432,0.0,0.0,pvalloc_29nbfs_LRG2_max_1hll_sBs0p6
5235,0.0,7691.549078353806,7691.549078353806,0.0,0.0,pvalloc_29nbfs_LRG2_max_1hll_sBs0p6
5236,0.0,6881.18871406951,6881.18871406951,0.0,0.0,pvalloc_29nbfs_LRG2_max_1hll_sBs0p6
5237,0.0,7020.828203404438,7020.828203404438,0.0,0.0,pvalloc_29nbfs_LRG2_max_1hll_sBs0p6
5238,66.51132628231511,4740.9158621032375,4741.600224920439,66.51132628231511,0.0,pvalloc_29nbfs_LRG2_max_1hll_sBs0p6
5239,11461.592221181992,2608.432420105142,12193.254711880718,11461.592221181992,0.0,pvalloc_29nbfs_LRG2_max_1hll_sBs0p6
5240,24406.069491898354,2926.8003495003904,24811.429916638004,24406.069491898354,0.0,pvalloc_29nbfs_LRG2_max_1hll_sBs0p6
5241,48302.646709669745,3153.0013742233314,48467.66445905493,47669.52509378704,633.1216158827142,pvalloc_29nbfs_LRG2_max_1hll_sBs0p6
5242,62259.33701078841,3597.429384920323,62412.06438003308,58917.05930661495,3342.2777041734603,pvalloc_29nbfs_LRG2_max_1hll_sBs0p6
5243,68814.46805927424,3909.5264428483806,68980.46435053072,63521.5510399764,5292.917019297774,pvalloc_29nbfs_LRG2_max_1hll_sBs0p6
5244,56478.13722192983,4417.742615013537,56795.68398550497,54421.190419039696,2056.9468028901406,pvalloc_29nbfs_LRG2_max_1hll_sBs0p6
5245,54909.19486801165,4932.270239343676,55360.09347036778,53131.28340734107,1777.9114606705775,pvalloc_29nbfs_LRG2_max_1hll_sBs0p6
5246,51248.88580091893,4986.4814384736865,51798.27464125654,50042.451467815416,1206.4343331035093,pvalloc_29nbfs_LRG2_max_1hll_sBs0p6
5247,50992.98947623022,4681.045520196617,51469.64715990812,49841.47996465632,1151.5095115739189,pvalloc_29nbfs_LRG2_max_1hll_sBs0p6
5248,43369.23978096897,4129.271588545403,43827.19553205985,43072.04547075689,297.1943102120767,pvalloc_29nbfs_LRG2_max_1hll_sBs0p6
5249,35401.86023537298,4003.6463481195447,35937.75266419104,35340.541212848424,61.31902252455404,pvalloc_29nbfs_LRG2_max_1hll_sBs0p6
5250,18124.686586462092,4538.533317002592,19492.153220442644,18124.686586462092,0.0,pvalloc_29nbfs_LRG2_max_1hll_sBs0p6
5251,8334.235608785817,5133.820767638942,10855.238784934538,8334.235608785817,0.0,pvalloc_29nbfs_LRG2_max_1hll_sBs0p6
5252,0.0,19000.14567499367,19000.14567499367,0.0,0.0,pvalloc_29nbfs_LRG2_max_1hll_sBs0p6
5253,0.0,19290.580116971654,19290.580116971654,0.0,0.0,pvalloc_29nbfs_LRG2_max_1hll_sBs0p6
5254,0.0,16835.26838147422,16835.26838147422,0.0,0.0,pvalloc_29nbfs_LRG2_max_1hll_sBs0p6
5255,0.0,14924.78827852718,14924.78827852718,0.0,0.0,pvalloc_29nbfs_LRG2_max_1hll_sBs0p6
5256,0.0,13381.168060104115,13381.168060104115,0.0,0.0,pvalloc_29nbfs_LRG2_max_1hll_sBs0p6
5257,0.0,10539.960012448035,10539.960012448035,0.0,0.0,pvalloc_29nbfs_LRG2_max_1hll_sBs0p6
5258,0.0,8429.066249258418,8429.066249258418,0.0,0.0,pvalloc_29nbfs_LRG2_max_1hll_sBs0p6
5259,0.0,7662.686930720701,7662.686930720701,0.0,0.0,pvalloc_29nbfs_LRG2_max_1hll_sBs0p6
5260,0.0,6987.56971605249,6987.56971605249,0.0,0.0,pvalloc_29nbfs_LRG2_max_1hll_sBs0p6
5261,0.0,6946.060646242223,6946.060646242223,0.0,0.0,pvalloc_29nbfs_LRG2_max_1hll_sBs0p6
5262,58.76262390559405,4987.479485920642,4988.102554847787,58.76262390559405,0.0,pvalloc_29nbfs_LRG2_max_1hll_sBs0p6
5263,12690.174640195875,2562.7689831613984,13329.36009677523,12690.174640195875,0.0,pvalloc_29nbfs_LRG2_max_1hll_sBs0p6
5264,33506.88771555173,2855.923357984155,33743.53527420197,33502.966031499076,3.9216840526553938,pvalloc_29nbfs_LRG2_max_1hll_sBs0p6
5265,56200.85983262343,2947.0176030192715,56313.161982880854,54277.42205798408,1923.4377746393486,pvalloc_29nbfs_LRG2_max_1hll_sBs0p6
5266,75228.29868391443,3724.1807256003804,75344.69676126608,67680.40529599522,7547.893387919202,pvalloc_29nbfs_LRG2_max_1hll_sBs0p6
5267,88830.81997876294,4799.89119405418,89000.57595306807,75235.99468239407,13594.825296368885,pvalloc_29nbfs_LRG2_max_1hll_sBs0p6
5268,86124.24291846022,5847.823697744466,86457.34852760576,73818.00992299305,12306.232995467191,pvalloc_29nbfs_LRG2_max_1hll_sBs0p6
5269,91021.33212931281,5814.373056847965,91310.3985196779,76236.25516052483,14785.076968787982,pvalloc_29nbfs_LRG2_max_1hll_sBs0p6
5270,91506.79212402612,5228.389878327345,91775.50364311342,76213.84706928935,15292.945054736758,pvalloc_29nbfs_LRG2_max_1hll_sBs0p6
5271,83049.89501429323,5019.988409802839,83311.13693768281,71927.41509277445,11122.479921518785,pvalloc_29nbfs_LRG2_max_1hll_sBs0p6
5272,69193.21130652429,4778.319442898873,69482.56691872043,63663.74327404528,5529.4680324790415,pvalloc_29nbfs_LRG2_max_1hll_sBs0p6
5273,52126.15537675771,4342.688132370842,52502.73315685097,50810.14883943794,1316.006537319765,pvalloc_29nbfs_LRG2_max_1hll_sBs0p6
5274,31263.304865519734,4442.704107356342,32028.252811195805,31263.304865519734,0.0,pvalloc_29nbfs_LRG2_max_1hll_sBs0p6
5275,12674.825632469663,4708.918421736395,14448.580692181302,12674.825632469663,0.0,pvalloc_29nbfs_LRG2_max_1hll_sBs0p6
5276,0.001144878417680309,16108.095904549122,16108.095904549122,0.001144878417680309,0.0,pvalloc_29nbfs_LRG2_max_1hll_sBs0p6
5277,0.0,16661.54003587522,16661.54003587522,0.0,0.0,pvalloc_29nbfs_LRG2_max_1hll_sBs0p6
5278,0.0,16071.87963882066,16071.87963882066,0.0,0.0,pvalloc_29nbfs_LRG2_max_1hll_sBs0p6
5279,0.0,16513.615011586437,16513.615011586437,0.0,0.0,pvalloc_29nbfs_LRG2_max_1hll_sBs0p6
5280,0.0,14223.4027375802,14223.4027375802,0.0,0.0,pvalloc_29nbfs_LRG2_max_1hll_sBs0p6
5281,0.0,10189.901163932846,10189.901163932846,0.0,0.0,pvalloc_29nbfs_LRG2_max_1hll_sBs0p6
5282,0.0,9219.908618123189,9219.908618123189,0.0,0.0,pvalloc_29nbfs_LRG2_max_1hll_sBs0p6
5283,0.0,8077.212368111325,8077.212368111325,0.0,0.0,pvalloc_29nbfs_LRG2_max_1hll_sBs0p6
5284,0.0,7416.388772703772,7416.388772703772,0.0,0.0,pvalloc_29nbfs_LRG2_max_1hll_sBs0p6
5285,0.0,7104.393955178769,7104.393955178769,0.0,0.0,pvalloc_29nbfs_LRG2_max_1hll_sBs0p6
5286,19.61715310328559,5505.428420350899,5505.690949085533,19.61715310328559,0.0,pvalloc_29nbfs_LRG2_max_1hll_sBs0p6
5287,11799.59263013874,2604.2679092234985,12506.788138210663,11799.59263013874,0.0,pvalloc_29nbfs_LRG2_max_1hll_sBs0p6
5288,33673.38963808233,2762.636376846415,33889.82431453281,33667.13520123162,6.254436850702746,pvalloc_29nbfs_LRG2_max_1hll_sBs0p6
5289,55888.0184533219,2764.818686950143,55988.76218374727,54024.14953768668,1863.8689156352045,pvalloc_29nbfs_LRG2_max_1hll_sBs0p6
5290,74185.84368158574,3621.1934035451077,74295.45326150239,67053.445344234,7132.398337351733,pvalloc_29nbfs_LRG2_max_1hll_sBs0p6
5291,90219.29729119717,4049.624798751082,90341.30643368085,75837.4946749532,14381.80261624401,pvalloc_29nbfs_LRG2_max_1hll_sBs0p6
5292,85617.30445448619,5618.68796144772,85918.14084724075,73554.30126963911,12063.003184847108,pvalloc_29nbfs_LRG2_max_1hll_sBs0p6
5293,91370.56462464844,5532.553255791078,91629.61506993667,76300.30875122563,15070.255873422879,pvalloc_29nbfs_LRG2_max_1hll_sBs0p6
5294,86749.47061139153,6652.282723875885,87207.2862405989,73907.06328263255,12842.407328758958,pvalloc_29nbfs_LRG2_max_1hll_sBs0p6
5295,80009.76900403145,6058.202216228881,80433.9689063479,70225.89466872982,9783.874335301693,pvalloc_29nbfs_LRG2_max_1hll_sBs0p6
5296,65445.98114669194,6116.163574127217,66035.39469369609,61106.46479031701,4339.516356374923,pvalloc_29nbfs_LRG2_max_1hll_sBs0p6
5297,49697.31555166954,5438.97770882725,50390.00466376136,48724.790549542755,972.5250021267921,pvalloc_29nbfs_LRG2_max_1hll_sBs0p6
5298,29309.366294579762,5432.639957830261,30514.472315549436,29309.366294579762,0.0,pvalloc_29nbfs_LRG2_max_1hll_sBs0p6
5299,8808.871444182403,6468.4167428051505,12180.963625322893,8808.871444182403,0.0,pvalloc_29nbfs_LRG2_max_1hll_sBs0p6
5300,0.006800150706788702,16915.094176363702,16915.094176363702,0.006800150706788702,0.0,pvalloc_29nbfs_LRG2_max_1hll_sBs0p6
5301,0.0,19664.8737674663,19664.8737674663,0.0,0.0,pvalloc_29nbfs_LRG2_max_1hll_sBs0p6
5302,0.0,21717.297616531436,21717.297616531436,0.0,0.0,pvalloc_29nbfs_LRG2_max_1hll_sBs0p6
5303,0.0,17214.825474050005,17214.825474050005,0.0,0.0,pvalloc_29nbfs_LRG2_max_1hll_sBs0p6
5304,0.0,12578.207549128694,12578.207549128694,0.0,0.0,pvalloc_29nbfs_LRG2_max_1hll_sBs0p6
5305,0.0,10294.109997870488,10294.109997870488,0.0,0.0,pvalloc_29nbfs_LRG2_max_1hll_sBs0p6
5306,0.0,8325.709247505114,8325.709247505114,0.0,0.0,pvalloc_29nbfs_LRG2_max_1hll_sBs0p6
5307,0.0,7293.515981600716,7293.515981600716,0.0,0.0,pvalloc_29nbfs_LRG2_max_1hll_sBs0p6
5308,0.0,6735.774478834691,6735.774478834691,0.0,0.0,pvalloc_29nbfs_LRG2_max_1hll_sBs0p6
5309,0.0,6710.483943585052,6710.483943585052,0.0,0.0,pvalloc_29nbfs_LRG2_max_1hll_sBs0p6
5310,30.30432309836399,4984.900380027415,4985.285505468089,30.30432309836399,0.0,pvalloc_29nbfs_LRG2_max_1hll_sBs0p6
5311,11751.715698828759,2510.3320206287685,12419.577906443346,11751.715698828759,0.0,pvalloc_29nbfs_LRG2_max_1hll_sBs0p6
5312,32870.60887017487,2874.191419190469,33119.920349470056,32870.60887017487,0.0,pvalloc_29nbfs_LRG2_max_1hll_sBs0p6
5313,54817.42689789306,3219.6083908883206,54957.67012977446,53150.93715546758,1666.4897424254725,pvalloc_29nbfs_LRG2_max_1hll_sBs0p6
5314,74960.60739045148,3688.5134276948634,75086.19762296803,67483.42458177496,7477.182808676465,pvalloc_29nbfs_LRG2_max_1hll_sBs0p6
5315,91194.619736421,3849.54902573005,91306.76302147038,76292.99920844295,14901.620527978075,pvalloc_29nbfs_LRG2_max_1hll_sBs0p6
5316,85238.49689290985,5912.74140435089,85587.205279942,73336.88252619821,11901.614366711701,pvalloc_29nbfs_LRG2_max_1hll_sBs0p6
5317,90963.12039245242,5414.898399191298,91202.45153853857,76177.80461724238,14785.315775209983,pvalloc_29nbfs_LRG2_max_1hll_sBs0p6
5318,88567.2570257364,5552.751468911757,88838.28295984109,74903.83828057001,13663.418745166367,pvalloc_29nbfs_LRG2_max_1hll_sBs0p6
5319,82022.3025579523,4916.794441733443,82255.16311384828,71429.3480282489,10592.954529703436,pvalloc_29nbfs_LRG2_max_1hll_sBs0p6
5320,67941.19147241281,4825.435749296604,68240.80791804321,62833.40164746643,5107.789824946506,pvalloc_29nbfs_LRG2_max_1hll_sBs0p6
5321,50059.196306448786,4697.238876115857,50517.37150606436,49097.33068777416,961.865618674628,pvalloc_29nbfs_LRG2_max_1hll_sBs0p6
5322,31969.195077067026,3954.415679409162,32564.134227259958,31969.195077067026,0.0,pvalloc_29nbfs_LRG2_max_1hll_sBs0p6
5323,10836.971482305218,4742.083770674827,12904.413252797664,10836.971482305218,0.0,pvalloc_29nbfs_LRG2_max_1hll_sBs0p6
5324,0.6374144461497078,11780.470638450675,11780.470638450675,0.6374144461497078,0.0,pvalloc_29nbfs_LRG2_max_1hll_sBs0p6
5325,0.0,17798.4514230697,17798.4514230697,0.0,0.0,pvalloc_29nbfs_LRG2_max_1hll_sBs0p6
5326,0.0,19605.334016129706,19605.334016129706,0.0,0.0,pvalloc_29nbfs_LRG2_max_1hll_sBs0p6
5327,0.0,17993.3392447101,17993.3392447101,0.0,0.0,pvalloc_29nbfs_LRG2_max_1hll_sBs0p6
5328,0.0,14499.905393880888,14499.905393880888,0.0,0.0,pvalloc_29nbfs_LRG2_max_1hll_sBs0p6
5329,0.0,10706.798579119699,10706.798579119699,0.0,0.0,pvalloc_29nbfs_LRG2_max_1hll_sBs0p6
5330,0.0,8691.305275136961,8691.305275136961,0.0,0.0,pvalloc_29nbfs_LRG2_max_1hll_sBs0p6
5331,0.0,7299.838339654399,7299.838339654399,0.0,0.0,pvalloc_29nbfs_LRG2_max_1hll_sBs0p6
5332,0.0,6942.4868277889755,6942.4868277889755,0.0,0.0,pvalloc_29nbfs_LRG2_max_1hll_sBs0p6
5333,0.0,6828.1340130815815,6828.1340130815815,0.0,0.0,pvalloc_29nbfs_LRG2_max_1hll_sBs0p6
5334,10.251945522007983,5417.840891067452,5417.976481647853,10.251945522007983,0.0,pvalloc_29nbfs_LRG2_max_1hll_sBs0p6
5335,10505.492094296453,2805.6181603535347,11439.092974773976,10505.492094296453,0.0,pvalloc_29nbfs_LRG2_max_1hll_sBs0p6
5336,31589.33010549921,3234.258416375347,31944.96301027281,31589.33010549921,0.0,pvalloc_29nbfs_LRG2_max_1hll_sBs0p6
5337,53928.46027165521,3412.452966649247,54096.49019517648,52412.885330027886,1515.5749416273252,pvalloc_29nbfs_LRG2_max_1hll_sBs0p6
5338,73876.71617843333,3725.339794980541,74003.71949474415,66832.55934489571,7044.1568335375605,pvalloc_29nbfs_LRG2_max_1hll_sBs0p6
5339,89050.78083004631,4022.855949025854,89167.70762197142,75274.4522382709,13776.328591775411,pvalloc_29nbfs_LRG2_max_1hll_sBs0p6
5340,84364.88866878334,5739.866137209854,84712.27788876105,72962.75488449096,11402.133784292344,pvalloc_29nbfs_LRG2_max_1hll_sBs0p6
5341,88663.20609511298,5708.3125984479,88953.30915268867,75095.11024324707,13568.095851865959,pvalloc_29nbfs_LRG2_max_1hll_sBs0p6
5342,85475.34536815621,6552.19142462752,85933.75666763444,73430.91147325793,12044.433894898271,pvalloc_29nbfs_LRG2_max_1hll_sBs0p6
5343,80354.93379761284,5458.920982125165,80665.90022419355,70485.31996060748,9869.613837005354,pvalloc_29nbfs_LRG2_max_1hll_sBs0p6
5344,68387.39883430366,4524.157448710913,68646.24411527814,63125.327727008626,5262.071107294946,pvalloc_29nbfs_LRG2_max_1hll_sBs0p6
5345,48967.27448636876,4481.2540258153595,49390.63439564612,48176.636864249216,790.6376221195391,pvalloc_29nbfs_LRG2_max_1hll_sBs0p6
5346,29291.570155294554,4463.614489432516,30119.814688393646,29291.570155294554,0.0,pvalloc_29nbfs_LRG2_max_1hll_sBs0p6
5347,7443.101309683951,6365.139152463608,10946.83582719209,7443.101309683951,0.0,pvalloc_29nbfs_LRG2_max_1hll_sBs0p6
5348,0.0,15989.716034051284,15989.716034051284,0.0,0.0,pvalloc_29nbfs_LRG2_max_1hll_sBs0p6
5349,0.0,16826.715043934226,16826.715043934226,0.0,0.0,pvalloc_29nbfs_LRG2_max_1hll_sBs0p6
5350,0.0,17455.218388780384,17455.218388780384,0.0,0.0,pvalloc_29nbfs_LRG2_max_1hll_sBs0p6
5351,0.0,17312.601875985758,17312.601875985758,0.0,0.0,pvalloc_29nbfs_LRG2_max_1hll_sBs0p6
5352,0.0,14414.143741518077,14414.143741518077,0.0,0.0,pvalloc_29nbfs_LRG2_max_1hll_sBs0p6
5353,0.0,9954.17201230051,9954.17201230051,0.0,0.0,pvalloc_29nbfs_LRG2_max_1hll_sBs0p6
5354,0.0,8448.308232531268,8448.308232531268,0.0,0.0,pvalloc_29nbfs_LRG2_max_1hll_sBs0p6
5355,0.0,7461.470557932399,7461.470557932399,0.0,0.0,pvalloc_29nbfs_LRG2_max_1hll_sBs0p6
5356,0.0,6904.553782501743,6904.553782501743,0.0,0.0,pvalloc_29nbfs_LRG2_max_1hll_sBs0p6
5357,0.0,6785.528064411384,6785.528064411384,0.0,0.0,pvalloc_29nbfs_LRG2_max_1hll_sBs0p6
5358,16.198925461284762,5398.0884620792585,5398.318425955416,16.198925461284762,0.0,pvalloc_29nbfs_LRG2_max_1hll_sBs0p6
5359,10622.415982153792,2700.1336361232684,11465.247455931567,10622.415982153792,0.0,pvalloc_29nbfs_LRG2_max_1hll_sBs0p6
5360,31816.47202573568,3036.40896048142,32117.63665864368,31816.47202573568,0.0,pvalloc_29nbfs_LRG2_max_1hll_sBs0p6
5361,51629.89963975475,4021.355996766954,51933.83993261422,50505.68232723568,1124.2173125190845,pvalloc_29nbfs_LRG2_max_1hll_sBs0p6
5362,72714.64022944793,4119.28366209185,72878.30879200864,66132.34985960796,6582.2903698400005,pvalloc_29nbfs_LRG2_max_1hll_sBs0p6
5363,86937.87512767929,4994.413148930265,87145.82685683933,74310.75709963756,12627.118028041748,pvalloc_29nbfs_LRG2_max_1hll_sBs0p6
5364,84892.91682592656,5829.299955704658,85252.83227623395,73246.2102413682,11646.70658455845,pvalloc_29nbfs_LRG2_max_1hll_sBs0p6
5365,87846.41254996927,6393.657561636473,88278.588568857,74764.82545727746,13081.587092691821,pvalloc_29nbfs_LRG2_max_1hll_sBs0p6
5366,90078.71241161188,5273.29986230678,90316.3584065021,75669.16966139266,14409.54275021929,pvalloc_29nbfs_LRG2_max_1hll_sBs0p6
5367,81536.50261658455,4898.266244594955,81762.62815571744,71189.17165861746,10347.330957967111,pvalloc_29nbfs_LRG2_max_1hll_sBs0p6
5368,67788.29318178176,4601.101082774658,68045.07039421202,62796.00531922195,4992.287862559735,pvalloc_29nbfs_LRG2_max_1hll_sBs0p6
5369,48930.43919818746,4696.5230964192815,49394.526018625904,48169.03821592163,761.400982265839,pvalloc_29nbfs_LRG2_max_1hll_sBs0p6
5370,28009.64278883416,4838.321369469762,29077.57607475873,28009.64278883416,0.0,pvalloc_29nbfs_LRG2_max_1hll_sBs0p6
5371,9366.957480206922,5175.664236123784,11828.376372624143,9366.957480206922,0.0,pvalloc_29nbfs_LRG2_max_1hll_sBs0p6
5372,0.0,16855.791878658718,16855.791878658718,0.0,0.0,pvalloc_29nbfs_LRG2_max_1hll_sBs0p6
5373,0.0,17345.892495044838,17345.892495044838,0.0,0.0,pvalloc_29nbfs_LRG2_max_1hll_sBs0p6
5374,0.0,16579.522190389725,16579.522190389725,0.0,0.0,pvalloc_29nbfs_LRG2_max_1hll_sBs0p6
5375,0.0,15251.446364993697,15251.446364993697,0.0,0.0,pvalloc_29nbfs_LRG2_max_1hll_sBs0p6
5376,0.0,13188.262672566276,13188.262672566276,0.0,0.0,pvalloc_29nbfs_LRG2_max_1hll_sBs0p6
5377,0.0,11323.92566649367,11323.92566649367,0.0,0.0,pvalloc_29nbfs_LRG2_max_1hll_sBs0p6
5378,0.0,9734.491596408214,9734.491596408214,0.0,0.0,pvalloc_29nbfs_LRG2_max_1hll_sBs0p6
5379,0.0,8493.110696508547,8493.110696508547,0.0,0.0,pvalloc_29nbfs_LRG2_max_1hll_sBs0p6
5380,0.0,7434.255107382792,7434.255107382792,0.0,0.0,pvalloc_29nbfs_LRG2_max_1hll_sBs0p6
5381,0.0,7087.350693282779,7087.350693282779,0.0,0.0,pvalloc_29nbfs_LRG2_max_1hll_sBs0p6
5382,6.5352885353122865,5749.445096110728,5749.544486920568,6.5352885353122865,0.0,pvalloc_29nbfs_LRG2_max_1hll_sBs0p6
5383,10253.372725303765,2774.263648254159,11158.09011231133,10253.372725303765,0.0,pvalloc_29nbfs_LRG2_max_1hll_sBs0p6
5384,32070.941532057248,2885.4651868706756,32339.390469912498,32070.941532057248,0.0,pvalloc_29nbfs_LRG2_max_1hll_sBs0p6
5385,54202.14343145624,3220.8269011536877,54347.331098281255,52633.68363848418,1568.4597929720596,pvalloc_29nbfs_LRG2_max_1hll_sBs0p6
5386,72806.40181800183,3904.9672035988606,72945.63329252115,66181.75013121094,6624.651686790895,pvalloc_29nbfs_LRG2_max_1hll_sBs0p6
5387,88421.87095856077,4434.517889888836,88569.16098430906,74959.56631739676,13462.304641163946,pvalloc_29nbfs_LRG2_max_1hll_sBs0p6
5388,85513.88132327341,5516.582767108181,85798.0709078014,73484.99192314764,12028.88940012575,pvalloc_29nbfs_LRG2_max_1hll_sBs0p6
5389,89247.86855334132,5835.246990850176,89549.61286468024,75336.34869113077,13911.519862210514,pvalloc_29nbfs_LRG2_max_1hll_sBs0p6
5390,85614.74238902281,6239.483084536436,86004.43861943719,73447.97999755877,12166.762391464015,pvalloc_29nbfs_LRG2_max_1hll_sBs0p6
5391,78818.60489515969,5603.673912509947,79156.43054582574,69670.40874581266,9148.19614934705,pvalloc_29nbfs_LRG2_max_1hll_sBs0p6
5392,64778.342620242125,5314.259007873459,65188.1670219748,60736.07497373059,4042.267646511525,pvalloc_29nbfs_LRG2_max_1hll_sBs0p6
5393,45998.33552086148,5337.974889221269,46711.12512824445,45554.253841773505,444.08167908797435,pvalloc_29nbfs_LRG2_max_1hll_sBs0p6
5394,27031.863513897966,4953.6246861101035,28199.074980894977,27031.863513897966,0.0,pvalloc_29nbfs_LRG2_max_1hll_sBs0p6
5395,6320.853273861387,7005.180913521812,10430.28114728993,6320.853273861387,0.0,pvalloc_29nbfs_LRG2_max_1hll_sBs0p6
5396,0.0,17145.893119949294,17145.893119949294,0.0,0.0,pvalloc_29nbfs_LRG2_max_1hll_sBs0p6
5397,0.0,18592.212130355496,18592.212130355496,0.0,0.0,pvalloc_29nbfs_LRG2_max_1hll_sBs0p6
5398,0.0,17959.2808656008,17959.2808656008,0.0,0.0,pvalloc_29nbfs_LRG2_max_1hll_sBs0p6
5399,0.0,15321.147510146637,15321.147510146637,0.0,0.0,pvalloc_29nbfs_LRG2_max_1hll_sBs0p6
5400,0.0,13722.161589340783,13722.161589340783,0.0,0.0,pvalloc_29nbfs_LRG2_max_1hll_sBs0p6
5401,0.0,10430.229263731497,10430.229263731497,0.0,0.0,pvalloc_29nbfs_LRG2_max_1hll_sBs0p6
5402,0.0,8829.571873465273,8829.571873465273,0.0,0.0,pvalloc_29nbfs_LRG2_max_1hll_sBs0p6
5403,0.0,7657.188196967489,7657.188196967489,0.0,0.0,pvalloc_29nbfs_LRG2_max_1hll_sBs0p6
5404,0.0,7455.696363549953,7455.696363549953,0.0,0.0,pvalloc_29nbfs_LRG2_max_1hll_sBs0p6
5405,0.0,7031.549107246735,7031.549107246735,0.0,0.0,pvalloc_29nbfs_LRG2_max_1hll_sBs0p6
5406,2.0058338968265748,6089.70615322046,6089.753504212992,2.0058338968265748,0.0,pvalloc_29nbfs_LRG2_max_1hll_sBs0p6
5407,10246.23749721016,2615.661762992114,11050.360819146066,10246.23749721016,0.0,pvalloc_29nbfs_LRG2_max_1hll_sBs0p6
5408,29305.961003116492,3028.8959822864135,29645.571127962205,29305.961003116492,0.0,pvalloc_29nbfs_LRG2_max_1hll_sBs0p6
5409,48765.3157367091,3991.1556136092668,49083.12886227438,48071.734223007836,693.5815137012736,pvalloc_29nbfs_LRG2_max_1hll_sBs0p6
5410,67048.55787404263,3842.5907988668378,67209.91127176618,62348.08548146372,4700.472392578886,pvalloc_29nbfs_LRG2_max_1hll_sBs0p6
5411,74849.04150110048,4142.077901452241,75020.63899171604,67356.1340901508,7492.907410949642,pvalloc_29nbfs_LRG2_max_1hll_sBs0p6
5412,63307.02211490693,5462.248967367671,63788.31900701102,59681.83957152868,3625.182543378252,pvalloc_29nbfs_LRG2_max_1hll_sBs0p6
5413,62773.6102873088,6093.536497442052,63405.43348909313,59234.31314881895,3539.2971384898556,pvalloc_29nbfs_LRG2_max_1hll_sBs0p6
5414,57276.819083944276,6035.128600289156,58002.15115094081,54904.91142720389,2371.9076567403754,pvalloc_29nbfs_LRG2_max_1hll_sBs0p6
5415,46206.823697766966,5488.116147614097,46967.26472046852,45695.040523070275,511.7831746966881,pvalloc_29nbfs_LRG2_max_1hll_sBs0p6
5416,34369.749582817596,5014.035824576548,35261.18509317133,34320.32102332935,49.42855948824774,pvalloc_29nbfs_LRG2_max_1hll_sBs0p6
5417,27439.670603022973,4820.082909972553,28493.741844522614,27439.670603022973,0.0,pvalloc_29nbfs_LRG2_max_1hll_sBs0p6
5418,11358.876662158495,5234.047355991632,13693.127942491912,11358.876662158495,0.0,pvalloc_29nbfs_LRG2_max_1hll_sBs0p6
5419,2516.5440388335423,6574.74813005413,7235.550062545191,2516.5440388335423,0.0,pvalloc_29nbfs_LRG2_max_1hll_sBs0p6
5420,0.0,14157.278738999263,14157.278738999263,0.0,0.0,pvalloc_29nbfs_LRG2_max_1hll_sBs0p6
5421,0.0,16175.317955120869,16175.317955120869,0.0,0.0,pvalloc_29nbfs_LRG2_max_1hll_sBs0p6
5422,0.0,16617.529616008724,16617.529616008724,0.0,0.0,pvalloc_29nbfs_LRG2_max_1hll_sBs0p6
5423,0.0,15583.466132818583,15583.466132818583,0.0,0.0,pvalloc_29nbfs_LRG2_max_1hll_sBs0p6
5424,0.0,13573.678772779584,13573.678772779584,0.0,0.0,pvalloc_29nbfs_LRG2_max_1hll_sBs0p6
4920,0.0,11113.463869085279,11113.463869085279,0.0,0.0,pvalloc_29nbfs_LRG2_max_1hll_sBs0p8
4921,0.0,10737.831728562103,10737.831728562103,0.0,0.0,pvalloc_29nbfs_LRG2_max_1hll_sBs0p8
4922,0.0,10105.311448681485,10105.311448681485,0.0,0.0,pvalloc_29nbfs_LRG2_max_1hll_sBs0p8
4923,0.0,8120.094880445637,8120.094880445637,0.0,0.0,pvalloc_29nbfs_LRG2_max_1hll_sBs0p8
4924,0.0,7251.733657230991,7251.733657230991,0.0,0.0,pvalloc_29nbfs_LRG2_max_1hll_sBs0p8
4925,0.0,6971.07516934519,6971.07516934519,0.0,0.0,pvalloc_29nbfs_LRG2_max_1hll_sBs0p8
4926,823.5918546919761,3596.3004788003054,3690.9543090218003,823.5918546919761,0.0,pvalloc_29nbfs_LRG2_max_1hll_sBs0p8
4927,15761.01883899068,2536.147442469972,16268.57716430122,15761.01883899068,0.0,pvalloc_29nbfs_LRG2_max_1hll_sBs0p8
4928,35993.37529373402,2697.6738706924925,36178.521131403795,35926.59722845768,66.778065276343,pvalloc_29nbfs_LRG2_max_1hll_sBs0p8
4929,55366.78470283975,3337.713398370922,55522.94668223476,53600.316848640796,1766.4678541989674,pvalloc_29nbfs_LRG2_max_1hll_sBs0p8
4930,74388.64792990692,3562.601267945224,74502.28276457627,67095.95949332396,7292.688436582984,pvalloc_29nbfs_LRG2_max_1hll_sBs0p8
4931,89315.34088079052,4071.9601067045774,89444.05648240075,75346.01206293817,13969.328817852338,pvalloc_29nbfs_LRG2_max_1hll_sBs0p8
4932,74219.05879101527,5133.236144988753,74526.37661681224,66959.75751303138,7259.30127798398,pvalloc_29nbfs_LRG2_max_1hll_sBs0p8
4933,61765.347589501434,6642.072545989079,62612.354505459225,58532.33259808862,3233.0149914128115,pvalloc_29nbfs_LRG2_max_1hll_sBs0p8
4934,58390.300751692885,5487.491748121104,58933.92742607573,55848.8636091423,2541.4371425505915,pvalloc_29nbfs_LRG2_max_1hll_sBs0p8
4935,50979.296489731234,5066.559422803236,51546.69214416249,49810.49877048439,1168.7977192468536,pvalloc_29nbfs_LRG2_max_1hll_sBs0p8
4936,50362.996121585806,4815.292352995168,50876.5196831366,49303.95641328918,1059.0397082966379,pvalloc_29nbfs_LRG2_max_1hll_sBs0p8
4937,34084.74131060737,4267.017233493296,34734.28863877084,34042.45097433405,42.29033627331751,pvalloc_29nbfs_LRG2_max_1hll_sBs0p8
4938,16342.75452853865,3925.6489926516347,17454.347014481482,16342.75452853865,0.0,pvalloc_29nbfs_LRG2_max_1hll_sBs0p8
4939,7179.219762617286,5151.7880649723675,9873.57643962531,7179.219762617286,0.0,pvalloc_29nbfs_LRG2_max_1hll_sBs0p8
4940,296.30214128480503,8837.760668598607,8841.208035071775,296.30214128480503,0.0,pvalloc_29nbfs_LRG2_max_1hll_sBs0p8
4941,0.0,12714.325160437364,12714.325160437364,0.0,0.0,pvalloc_29nbfs_LRG2_max_1hll_sBs0p8
4942,0.0,13844.11767012665,13844.11767012665,0.0,0.0,pvalloc_29nbfs_LRG2_max_1hll_sBs0p8
4943,0.0,13190.081500942473,13190.081500942473,0.0,0.0,pvalloc_29nbfs_LRG2_max_1hll_sBs0p8
4944,0.0,15734.473543662869,15734.473543662869,0.0,0.0,pvalloc_29nbfs_LRG2_max_1hll_sBs0p8
4945,0.0,11843.652935827873,11843.652935827873,0.0,0.0,pvalloc_29nbfs_LRG2_max_1hll_sBs0p8
4946,0.0,9148.163406638314,9148.163406638314,0.0,0.0,pvalloc_29nbfs_LRG2_max_1hll_sBs0p8
4947,0.0,7889.191632688864,7889.191632688864,0.0,0.0,pvalloc_29nbfs_LRG2_max_1hll_sBs0p8
4948,0.0,7842.183829125384,7842.183829125384,0.0,0.0,pvalloc_29nbfs_LRG2_max_1hll_sBs0p8
4949,0.0,6888.334696423669,6888.334696423669,0.0,0.0,pvalloc_29nbfs_LRG2_max_1hll_sBs0p8
4950,7.638864472080233,5201.439774247056,5201.45708661001,7.638864472080233,0.0,pvalloc_29nbfs_LRG2_max_1hll_sBs0p8
4951,9123.193015813134,2539.0784833259972,9969.117517581299,9123.193015813134,0.0,pvalloc_29nbfs_LRG2_max_1hll_sBs0p8
4952,30301.51842652802,2553.925534391742,30514.809816433743,30301.51842652802,0.0,pvalloc_29nbfs_LRG2_max_1hll_sBs0p8
4953,54003.59528799872,3006.45839557919,54127.643630181105,52469.679953802006,1533.9153341967174,pvalloc_29nbfs_LRG2_max_1hll_sBs0p8
4954,75422.55009657542,3368.49167279604,75518.46208049974,67728.01518071268,7694.534915862765,pvalloc_29nbfs_LRG2_max_1hll_sBs0p8
4955,86705.07126362482,3615.628627456672,86811.68034271916,73962.38240276926,12742.688860855584,pvalloc_29nbfs_LRG2_max_1hll_sBs0p8
4956,74735.0348323068,4604.10663653028,74960.42619810629,67278.11234324906,7456.922489057694,pvalloc_29nbfs_LRG2_max_1hll_sBs0p8
4957,50049.613157908745,4867.674908280133,50564.78903685122,49060.85316546852,988.7599924402307,pvalloc_29nbfs_LRG2_max_1hll_sBs0p8
4958,60895.08685981416,5005.6908713396115,61337.39270270993,57680.041940580624,3215.044919233537,pvalloc_29nbfs_LRG2_max_1hll_sBs0p8
4959,48570.24508220997,5048.4468158674445,49206.6199022178,47747.59964416788,822.6454380420931,pvalloc_29nbfs_LRG2_max_1hll_sBs0p8
4960,44655.45067400644,4723.320478206426,45271.690839479605,44236.011961216995,419.4387127894548,pvalloc_29nbfs_LRG2_max_1hll_sBs0p8
4961,35978.87705732813,4805.435792517283,36782.347032363905,35881.09845481064,97.77860251749138,pvalloc_29nbfs_LRG2_max_1hll_sBs0p8
4962,19838.981499903963,4686.593036631228,21182.912146207622,19838.981499903963,0.0,pvalloc_29nbfs_LRG2_max_1hll_sBs0p8
4963,9129.005654750326,6050.270279123724,12243.514489901145,9129.005654750326,0.0,pvalloc_29nbfs_LRG2_max_1hll_sBs0p8
4964,3.6317579798632726,11428.321773966947,11428.321773966947,3.6317579798632726,0.0,pvalloc_29nbfs_LRG2_max_1hll_sBs0p8
4965,0.0,21698.627529472968,21698.627529472968,0.0,0.0,pvalloc_29nbfs_LRG2_max_1hll_sBs0p8
4966,0.0,15054.668580548849,15054.668580548849,0.0,0.0,pvalloc_29nbfs_LRG2_max_1hll_sBs0p8
4967,0.0,14761.300435221638,14761.300435221638,0.0,0.0,pvalloc_29nbfs_LRG2_max_1hll_sBs0p8
4968,0.0,12492.279958567413,12492.279958567413,0.0,0.0,pvalloc_29nbfs_LRG2_max_1hll_sBs0p8
4969,0.0,10052.53214512163,10052.53214512163,0.0,0.0,pvalloc_29nbfs_LRG2_max_1hll_sBs0p8
4970,0.0,8034.332061846784,8034.332061846784,0.0,0.0,pvalloc_29nbfs_LRG2_max_1hll_sBs0p8
4971,0.0,7219.022230515399,7219.022230515399,0.0,0.0,pvalloc_29nbfs_LRG2_max_1hll_sBs0p8
4972,0.0,6689.043790452775,6689.043790452775,0.0,0.0,pvalloc_29nbfs_LRG2_max_1hll_sBs0p8
4973,0.0,6426.52820091012,6426.52820091012,0.0,0.0,pvalloc_29nbfs_LRG2_max_1hll_sBs0p8
4974,161.13167364758212,3989.5308491261476,3991.4805974663304,161.13167364758212,0.0,pvalloc_29nbfs_LRG2_max_1hll_sBs0p8
4975,10202.104303620208,2533.6478447981353,10984.722188632346,10202.104303620208,0.0,pvalloc_29nbfs_LRG2_max_1hll_sBs0p8
4976,3134.647508843708,2922.3209724347907,4786.649977828613,3134.647508843708,0.0,pvalloc_29nbfs_LRG2_max_1hll_sBs0p8
4977,18337.371932549428,3138.7001146116622,19029.914624243564,18337.371932549428,0.0,pvalloc_29nbfs_LRG2_max_1hll_sBs0p8
4978,36175.25603295983,3432.3626773124697,36530.8107556914,36083.84856399779,91.40746896204382,pvalloc_29nbfs_LRG2_max_1hll_sBs0p8
4979,57339.28540237442,3908.542024643915,57570.701371042895,55088.06361132603,2251.2217910483923,pvalloc_29nbfs_LRG2_max_1hll_sBs0p8
4980,59621.58259794041,4677.262283593027,59967.88737090892,56856.278391288906,2765.30420665149,pvalloc_29nbfs_LRG2_max_1hll_sBs0p8
4981,62944.99894534968,5377.456919975483,63404.7625242636,59352.63627636799,3592.3626689816915,pvalloc_29nbfs_LRG2_max_1hll_sBs0p8
4982,47634.94535023742,4925.785642461466,48237.840771334384,46948.44012934888,686.5052208885463,pvalloc_29nbfs_LRG2_max_1hll_sBs0p8
4983,52860.75064210725,5535.155472273724,53506.078776182156,51406.35472167854,1454.395920428711,pvalloc_29nbfs_LRG2_max_1hll_sBs0p8
4984,42936.22377631967,4885.633490370801,43580.802016824266,42655.9899386081,280.23383771157194,pvalloc_29nbfs_LRG2_max_1hll_sBs0p8
4985,28496.990274921834,4366.860771323463,29331.19184116947,28496.990274921834,0.0,pvalloc_29nbfs_LRG2_max_1hll_sBs0p8
4986,22523.53391373398,4916.339509479396,23925.072313237964,22523.53391373398,0.0,pvalloc_29nbfs_LRG2_max_1hll_sBs0p8
4987,9972.955633093019,5113.7857846534935,12423.51694679383,9972.955633093019,0.0,pvalloc_29nbfs_LRG2_max_1hll_sBs0p8
4988,1.7938492879774615,11602.779419841547,11602.779419841547,1.7938492879774615,0.0,pvalloc_29nbfs_LRG2_max_1hll_sBs0p8
4989,0.0,15306.207062822388,15306.207062822388,0.0,0.0,pvalloc_29nbfs_LRG2_max_1hll_sBs0p8
4990,0.0,18487.541112237723,18487.541112237723,0.0,0.0,pvalloc_29nbfs_LRG2_max_1hll_sBs0p8
4991,0.0,15678.91007008729,15678.91007008729,0.0,0.0,pvalloc_29nbfs_LRG2_max_1hll_sBs0p8
4992,0.0,12457.95010585332,12457.95010585332,0.0,0.0,pvalloc_29nbfs_LRG2_max_1hll_sBs0p8
4993,0.0,9566.57816566627,9566.57816566627,0.0,0.0,pvalloc_29nbfs_LRG2_max_1hll_sBs0p8
4994,0.0,8172.598108657664,8172.598108657664,0.0,0.0,pvalloc_29nbfs_LRG2_max_1hll_sBs0p8
4995,0.0,7275.373634775015,7275.373634775015,0.0,0.0,pvalloc_29nbfs_LRG2_max_1hll_sBs0p8
4996,0.0,6657.432000184344,6657.432000184344,0.0,0.0,pvalloc_29nbfs_LRG2_max_1hll_sBs0p8
4997,0.0,6227.237294939229,6227.237294939229,0.0,0.0,pvalloc_29nbfs_LRG2_max_1hll_sBs0p8
4998,409.2980531153771,3581.707781699444,3598.6520243587115,409.2980531153771,0.0,pvalloc_29nbfs_LRG2_max_1hll_sBs0p8
4999,14923.101011156714,2526.1105998292387,15467.442447261647,14923.101011156714,0.0,pvalloc_29nbfs_LRG2_max_1hll_sBs0p8
5000,33566.2653893927,2776.320491881761,33791.4944572045,33555.71819862501,10.547190767691575,pvalloc_29nbfs_LRG2_max_1hll_sBs0p8
5001,52006.93531593511,3114.2508207473124,52153.39806899718,50793.99358740558,1212.9417285295403,pvalloc_29nbfs_LRG2_max_1hll_sBs0p8
5002,65699.39782143659,3224.935341258796,65815.93903395547,61378.227697333816,4321.170124102755,pvalloc_29nbfs_LRG2_max_1hll_sBs0p8
5003,85563.35453553284,3939.99554511101,85687.8002784181,73404.3215986708,12159.032936862044,pvalloc_29nbfs_LRG2_max_1hll_sBs0p8
5004,83656.02728353266,4477.653714651569,83826.7729150909,72396.7061832507,11259.321100281993,pvalloc_29nbfs_LRG2_max_1hll_sBs0p8
5005,90114.34994445195,4606.119819868709,90290.76547301037,75712.58370763481,14401.766236817113,pvalloc_29nbfs_LRG2_max_1hll_sBs0p8
5006,83914.91314026984,4591.575677994486,84120.08499015156,72417.991828241,11496.921312028915,pvalloc_29nbfs_LRG2_max_1hll_sBs0p8
5007,70142.24556031813,4609.121132756143,70402.78258068263,64293.31083696911,5848.9347233488925,pvalloc_29nbfs_LRG2_max_1hll_sBs0p8
5008,55300.41762153499,4087.4296295402555,55594.6488231595,53407.110746130915,1893.306875404073,pvalloc_29nbfs_LRG2_max_1hll_sBs0p8
5009,32729.271461726836,3834.1456395966775,33276.87678140831,32721.13637139622,8.135090330617459,pvalloc_29nbfs_LRG2_max_1hll_sBs0p8
5010,13738.224024466394,3957.459239079319,15067.748140534131,13738.224024466394,0.0,pvalloc_29nbfs_LRG2_max_1hll_sBs0p8
5011,2512.9458159547107,6083.77646299208,6860.59021530798,2512.9458159547107,0.0,pvalloc_29nbfs_LRG2_max_1hll_sBs0p8
5012,0.024958675141344665,13827.292620916502,13827.292620916502,0.024958675141344665,0.0,pvalloc_29nbfs_LRG2_max_1hll_sBs0p8
5013,0.0,14662.181682635239,14662.181682635239,0.0,0.0,pvalloc_29nbfs_LRG2_max_1hll_sBs0p8
5014,0.0,16274.799124460178,16274.799124460178,0.0,0.0,pvalloc_29nbfs_LRG2_max_1hll_sBs0p8
5015,0.0,15624.092956490873,15624.092956490873,0.0,0.0,pvalloc_29nbfs_LRG2_max_1hll_sBs0p8
5016,0.0,12724.18576973016,12724.18576973016,0.0,0.0,pvalloc_29nbfs_LRG2_max_1hll_sBs0p8
5017,0.0,10867.074894322572,10867.074894322572,0.0,0.0,pvalloc_29nbfs_LRG2_max_1hll_sBs0p8
5018,0.0,8769.37174164062,8769.37174164062,0.0,0.0,pvalloc_29nbfs_LRG2_max_1hll_sBs0p8
5019,0.0,7592.31461024244,7592.31461024244,0.0,0.0,pvalloc_29nbfs_LRG2_max_1hll_sBs0p8
5020,0.0,6804.494587055006,6804.494587055006,0.0,0.0,pvalloc_29nbfs_LRG2_max_1hll_sBs0p8
5021,0.0,6914.447201421453,6914.447201421453,0.0,0.0,pvalloc_29nbfs_LRG2_max_1hll_sBs0p8
5022,126.59013817846251,4157.052487729522,4158.624949203007,126.59013817846251,0.0,pvalloc_29nbfs_LRG2_max_1hll_sBs0p8
5023,10440.018960567157,2563.7952082869033,11232.672730468996,10440.018960567157,0.0,pvalloc_29nbfs_LRG2_max_1hll_sBs0p8
5024,21691.30558669521,2749.249458604283,22113.50731657616,21691.30558669521,0.0,pvalloc_29nbfs_LRG2_max_1hll_sBs0p8
5025,18560.162077511326,3366.4932588257384,19406.674787187832,18560.162077511326,0.0,pvalloc_29nbfs_LRG2_max_1hll_sBs0p8
5026,30574.257949480838,3798.822434131916,31186.057545829437,30574.257949480838,0.0,pvalloc_29nbfs_LRG2_max_1hll_sBs0p8
5027,65863.71008301873,3646.2768100068865,66021.6840284734,61450.40483310095,4413.305249917793,pvalloc_29nbfs_LRG2_max_1hll_sBs0p8
5028,78968.37859650688,5326.200807003898,79294.86361268017,69857.162107934,9111.216488572893,pvalloc_29nbfs_LRG2_max_1hll_sBs0p8
5029,52061.17677034388,5045.130769837703,52594.409257957755,50732.82519328362,1328.3515770602685,pvalloc_29nbfs_LRG2_max_1hll_sBs0p8
5030,22714.814489771306,5836.091450207047,24589.165561374055,22714.814489771306,0.0,pvalloc_29nbfs_LRG2_max_1hll_sBs0p8
5031,25365.193006973783,4959.439513248851,26610.779024566382,25365.193006973783,0.0,pvalloc_29nbfs_LRG2_max_1hll_sBs0p8
5032,33757.31924437062,4038.795261400797,34345.16167686801,33715.835607855726,41.48363651488944,pvalloc_29nbfs_LRG2_max_1hll_sBs0p8
5033,26712.962455902267,4129.31500799348,27517.81585174747,26712.962455902267,0.0,pvalloc_29nbfs_LRG2_max_1hll_sBs0p8
5034,16596.07388076073,4722.603312184345,18218.88353219003,16596.07388076073,0.0,pvalloc_29nbfs_LRG2_max_1hll_sBs0p8
5035,10218.43799323488,5389.622865540726,12754.289191034937,10218.43799323488,0.0,pvalloc_29nbfs_LRG2_max_1hll_sBs0p8
5036,10.623392653191841,10991.17358521589,10991.186020365047,10.623392653191841,0.0,pvalloc_29nbfs_LRG2_max_1hll_sBs0p8
5037,0.0,15623.399766375918,15623.399766375918,0.0,0.0,pvalloc_29nbfs_LRG2_max_1hll_sBs0p8
5038,0.0,16022.715362504956,16022.715362504956,0.0,0.0,pvalloc_29nbfs_LRG2_max_1hll_sBs0p8
5039,0.0,16439.75171535185,16439.75171535185,0.0,0.0,pvalloc_29nbfs_LRG2_max_1hll_sBs0p8
5040,0.0,12326.556850038325,12326.556850038325,0.0,0.0,pvalloc_29nbfs_LRG2_max_1hll_sBs0p8
5041,0.0,9488.472208125195,9488.472208125195,0.0,0.0,pvalloc_29nbfs_LRG2_max_1hll_sBs0p8
5042,0.0,8024.435333822402,8024.435333822402,0.0,0.0,pvalloc_29nbfs_LRG2_max_1hll_sBs0p8
5043,0.0,7253.657469496067,7253.657469496067,0.0,0.0,pvalloc_29nbfs_LRG2_max_1hll_sBs0p8
5044,0.0,6638.189465394041,6638.189465394041,0.0,0.0,pvalloc_29nbfs_LRG2_max_1hll_sBs0p8
5045,0.0,6441.096729282571,6441.096729282571,0.0,0.0,pvalloc_29nbfs_LRG2_max_1hll_sBs0p8
5046,127.15413093464059,4133.629498917843,4135.180788651412,127.15413093464059,0.0,pvalloc_29nbfs_LRG2_max_1hll_sBs0p8
5047,11295.504911287217,2640.7717702606997,12116.2885043068,11295.504911287217,0.0,pvalloc_29nbfs_LRG2_max_1hll_sBs0p8
5048,32387.568318682675,2959.734742065724,32666.84918922793,32387.568318682675,0.0,pvalloc_29nbfs_LRG2_max_1hll_sBs0p8
5049,53143.67815889578,3327.3258768729506,53312.18999702046,51764.72670934294,1378.9514495528497,pvalloc_29nbfs_LRG2_max_1hll_sBs0p8
5050,72236.55736702296,3408.9831087592515,72336.01167406669,65790.56714411004,6445.99022291297,pvalloc_29nbfs_LRG2_max_1hll_sBs0p8
5051,65844.5965300398,3813.9157006602827,66014.20501180989,61468.11755646022,4376.4789735795675,pvalloc_29nbfs_LRG2_max_1hll_sBs0p8
5052,60333.04063412885,4447.679619991088,60627.75814061384,57421.19323344737,2911.847400681488,pvalloc_29nbfs_LRG2_max_1hll_sBs0p8
5053,66920.64096408237,4710.457598639008,67208.36794973993,62168.135636897794,4752.505327184589,pvalloc_29nbfs_LRG2_max_1hll_sBs0p8
5054,68046.59656696036,4590.30295417198,68321.08865461989,62856.04243125895,5190.554135701477,pvalloc_29nbfs_LRG2_max_1hll_sBs0p8
5055,57556.26275168629,4863.0380299778735,57968.6824691484,55194.533646774784,2361.729104911497,pvalloc_29nbfs_LRG2_max_1hll_sBs0p8
5056,51407.37204179443,4304.692069080153,51766.947652163384,50217.37491491865,1189.997126875769,pvalloc_29nbfs_LRG2_max_1hll_sBs0p8
5057,34343.39353026075,3724.8500804755763,34832.052611694315,34299.890896855286,43.5026334054686,pvalloc_29nbfs_LRG2_max_1hll_sBs0p8
5058,12127.715702066102,3720.193423518978,13404.426568197496,12127.715702066102,0.0,pvalloc_29nbfs_LRG2_max_1hll_sBs0p8
5059,6178.838762035983,4370.54004114027,8407.540238464575,6178.838762035983,0.0,pvalloc_29nbfs_LRG2_max_1hll_sBs0p8
5060,213.04246658518517,7653.6927020943385,7656.2828589900655,213.04246658518517,0.0,pvalloc_29nbfs_LRG2_max_1hll_sBs0p8
5061,0.0,12442.644294585474,12442.644294585474,0.0,0.0,pvalloc_29nbfs_LRG2_max_1hll_sBs0p8
5062,0.0,12652.578225358759,12652.578225358759,0.0,0.0,pvalloc_29nbfs_LRG2_max_1hll_sBs0p8
5063,0.0,12878.86277943052,12878.86277943052,0.0,0.0,pvalloc_29nbfs_LRG2_max_1hll_sBs0p8
5064,0.0,12350.755659688533,12350.755659688533,0.0,0.0,pvalloc_29nbfs_LRG2_max_1hll_sBs0p8
5065,0.0,11097.685205202353,11097.685205202353,0.0,0.0,pvalloc_29nbfs_LRG2_max_1hll_sBs0p8
5066,0.0,9294.124150992035,9294.124150992035,0.0,0.0,pvalloc_29nbfs_LRG2_max_1hll_sBs0p8
5067,0.0,7868.8472553816255,7868.8472553816255,0.0,0.0,pvalloc_29nbfs_LRG2_max_1hll_sBs0p8
5068,0.0,6865.793803809358,6865.793803809358,0.0,0.0,pvalloc_29nbfs_LRG2_max_1hll_sBs0p8
5069,0.0,7046.1170841017465,7046.1170841017465,0.0,0.0,pvalloc_29nbfs_LRG2_max_1hll_sBs0p8
5070,117.90164187048842,4243.239179014997,4244.686143185562,117.90164187048842,0.0,pvalloc_29nbfs_LRG2_max_1hll_sBs0p8
5071,13180.5736097686,2495.1855547808873,13789.028151290497,13180.5736097686,0.0,pvalloc_29nbfs_LRG2_max_1hll_sBs0p8
5072,30181.037702088484,2796.4957435841047,30453.547990420066,30181.037702088484,0.0,pvalloc_29nbfs_LRG2_max_1hll_sBs0p8
5073,52405.76034995924,3195.8496119473175,52562.17987140508,51117.76609257818,1287.9942573810595,pvalloc_29nbfs_LRG2_max_1hll_sBs0p8
5074,69808.33111687236,3484.1183635773045,69941.4490298374,64154.59391354814,5653.7372033242,pvalloc_29nbfs_LRG2_max_1hll_sBs0p8
5075,80378.5821618746,3901.809654151396,80523.24002851317,70539.5396652796,9839.042496595099,pvalloc_29nbfs_LRG2_max_1hll_sBs0p8
5076,70884.50140013114,4437.9403390850575,71109.3620059399,64830.57449131399,6053.926908817081,pvalloc_29nbfs_LRG2_max_1hll_sBs0p8
5077,62705.42549743774,4863.786800760867,63055.24610789423,59158.63494862983,3546.7905488079173,pvalloc_29nbfs_LRG2_max_1hll_sBs0p8
5078,53273.10883689892,5048.20291937281,53806.4262017778,51714.08505961204,1559.023777286872,pvalloc_29nbfs_LRG2_max_1hll_sBs0p8
5079,33084.03022671098,5064.205287994058,34066.23653935594,33055.892686779924,28.137539931058257,pvalloc_29nbfs_LRG2_max_1hll_sBs0p8
5080,36284.41362104813,4694.148636597418,37024.81686417978,36180.02814092879,104.38548011934347,pvalloc_29nbfs_LRG2_max_1hll_sBs0p8
5081,28588.893574954876,4457.248358878074,29459.46250858014,28588.893574954876,0.0,pvalloc_29nbfs_LRG2_max_1hll_sBs0p8
5082,16323.079097389205,4413.055025768112,17739.06931677382,16323.079097389205,0.0,pvalloc_29nbfs_LRG2_max_1hll_sBs0p8
5083,8592.254379272252,4732.579926131982,10816.525491625545,8592.254379272252,0.0,pvalloc_29nbfs_LRG2_max_1hll_sBs0p8
5084,45.171075700931645,9039.164949912134,9039.441959943064,45.171075700931645,0.0,pvalloc_29nbfs_LRG2_max_1hll_sBs0p8
5085,0.0,14038.884071464148,14038.884071464148,0.0,0.0,pvalloc_29nbfs_LRG2_max_1hll_sBs0p8
5086,0.0,16707.678657408913,16707.678657408913,0.0,0.0,pvalloc_29nbfs_LRG2_max_1hll_sBs0p8
5087,0.0,14798.423471834054,14798.423471834054,0.0,0.0,pvalloc_29nbfs_LRG2_max_1hll_sBs0p8
5088,0.0,12920.992928294932,12920.992928294932,0.0,0.0,pvalloc_29nbfs_LRG2_max_1hll_sBs0p8
5089,0.0,9900.944565301279,9900.944565301279,0.0,0.0,pvalloc_29nbfs_LRG2_max_1hll_sBs0p8
5090,0.0,9389.785903685059,9389.785903685059,0.0,0.0,pvalloc_29nbfs_LRG2_max_1hll_sBs0p8
5091,0.0,7401.546438254427,7401.546438254427,0.0,0.0,pvalloc_29nbfs_LRG2_max_1hll_sBs0p8
5092,0.0,6692.067790682453,6692.067790682453,0.0,0.0,pvalloc_29nbfs_LRG2_max_1hll_sBs0p8
5093,0.0,6497.448685059625,6497.448685059625,0.0,0.0,pvalloc_29nbfs_LRG2_max_1hll_sBs0p8
5094,300.49984547909713,3841.496453502986,3845.398944887449,300.49984547909713,0.0,pvalloc_29nbfs_LRG2_max_1hll_sBs0p8
5095,14805.054431293807,2371.831638620975,15272.6051026306,14805.054431293807,0.0,pvalloc_29nbfs_LRG2_max_1hll_sBs0p8
5096,34806.876492607415,2366.652512486716,34944.01244593333,34777.48286589576,29.393626711650313,pvalloc_29nbfs_LRG2_max_1hll_sBs0p8
5097,56894.63111196929,2793.7495415756453,56989.204473327045,54841.17212798105,2053.4589839882565,pvalloc_29nbfs_LRG2_max_1hll_sBs0p8
5098,73786.02736706205,2917.787401903068,73862.28744044372,66755.0709868877,7030.956380174367,pvalloc_29nbfs_LRG2_max_1hll_sBs0p8
5099,89268.3526118733,3507.620927693973,89369.26063105669,75292.63842246158,13975.71418941175,pvalloc_29nbfs_LRG2_max_1hll_sBs0p8
5100,75372.54313110565,4902.928746227854,75628.55451461788,67646.49424818491,7726.048882920792,pvalloc_29nbfs_LRG2_max_1hll_sBs0p8
5101,66109.8675124094,5574.576965949214,66576.9139101053,61524.97682169651,4584.8906907128485,pvalloc_29nbfs_LRG2_max_1hll_sBs0p8
5102,71194.27749448382,5661.266296450082,71657.01416344766,64857.36736589559,6336.9101285882325,pvalloc_29nbfs_LRG2_max_1hll_sBs0p8
5103,64991.95180801802,5144.444677034909,65413.90453096565,60691.50270640186,4300.4491016161655,pvalloc_29nbfs_LRG2_max_1hll_sBs0p8
5104,61184.58835857037,4940.659560117894,61614.31654349128,57895.63180521164,3288.956553358727,pvalloc_29nbfs_LRG2_max_1hll_sBs0p8
5105,25871.79853394403,4796.534080917855,26937.850956668728,25871.79853394403,0.0,pvalloc_29nbfs_LRG2_max_1hll_sBs0p8
5106,6548.107209045077,5128.447865445104,9135.21830064566,6548.107209045077,0.0,pvalloc_29nbfs_LRG2_max_1hll_sBs0p8
5107,1418.6549895773665,6932.159793560068,7054.026380492258,1418.6549895773665,0.0,pvalloc_29nbfs_LRG2_max_1hll_sBs0p8
5108,0.54104036114817,11343.956664632913,11343.956664632913,0.54104036114817,0.0,pvalloc_29nbfs_LRG2_max_1hll_sBs0p8
5109,0.0,13173.89172578315,13173.89172578315,0.0,0.0,pvalloc_29nbfs_LRG2_max_1hll_sBs0p8
5110,0.0,13106.449704799224,13106.449704799224,0.0,0.0,pvalloc_29nbfs_LRG2_max_1hll_sBs0p8
5111,0.0,12603.245316458497,12603.245316458497,0.0,0.0,pvalloc_29nbfs_LRG2_max_1hll_sBs0p8
5112,0.0,10413.182078012225,10413.182078012225,0.0,0.0,pvalloc_29nbfs_LRG2_max_1hll_sBs0p8
5113,0.0,8993.403916155026,8993.403916155026,0.0,0.0,pvalloc_29nbfs_LRG2_max_1hll_sBs0p8
5114,0.0,7817.172615127088,7817.172615127088,0.0,0.0,pvalloc_29nbfs_LRG2_max_1hll_sBs0p8
5115,0.0,7187.960258470543,7187.960258470543,0.0,0.0,pvalloc_29nbfs_LRG2_max_1hll_sBs0p8
5116,0.0,6597.782238100716,6597.782238100716,0.0,0.0,pvalloc_29nbfs_LRG2_max_1hll_sBs0p8
5117,0.0,6653.58216958441,6653.58216958441,0.0,0.0,pvalloc_29nbfs_LRG2_max_1hll_sBs0p8
5118,143.751765084719,4119.519019189664,4121.203822307963,143.751765084719,0.0,pvalloc_29nbfs_LRG2_max_1hll_sBs0p8
5119,10268.850841167667,2358.3307679762815,10949.205741819122,10268.850841167667,0.0,pvalloc_29nbfs_LRG2_max_1hll_sBs0p8
5120,31156.64714606934,2382.3067329302653,31325.619290705443,31156.64714606934,0.0,pvalloc_29nbfs_LRG2_max_1hll_sBs0p8
5121,54454.07719883143,2713.3019795564514,54551.207749586734,52866.09896451034,1587.9782343210732,pvalloc_29nbfs_LRG2_max_1hll_sBs0p8
5122,70446.32425946636,3179.3270368796666,70542.92839472202,64643.692401963584,5802.631857502771,pvalloc_29nbfs_LRG2_max_1hll_sBs0p8
5123,88937.64424557614,3493.637514495621,89021.95824746159,75205.69087044217,13731.953375133973,pvalloc_29nbfs_LRG2_max_1hll_sBs0p8
5124,88528.63546277782,4691.867477310957,88694.30512510361,75039.2533546952,13489.382108082536,pvalloc_29nbfs_LRG2_max_1hll_sBs0p8
5125,88450.5388620489,5520.369564697011,88715.67306612516,74922.47347902058,13528.065383028284,pvalloc_29nbfs_LRG2_max_1hll_sBs0p8
5126,82179.7767389344,5400.968245179483,82471.3903225455,71505.73098546761,10674.045753466777,pvalloc_29nbfs_LRG2_max_1hll_sBs0p8
5127,77618.25157211444,5317.01663845847,77937.04674931384,68890.58181976552,8727.66975234894,pvalloc_29nbfs_LRG2_max_1hll_sBs0p8
5128,68746.64258759089,4485.359516453065,69004.78093708052,63350.258851525294,5396.383736065562,pvalloc_29nbfs_LRG2_max_1hll_sBs0p8
5129,50415.46205895385,4326.719872495119,50799.84152474171,49385.95760620951,1029.5044527443604,pvalloc_29nbfs_LRG2_max_1hll_sBs0p8
5130,30853.94370888358,4874.708111719631,31802.434822317493,30853.94370888358,0.0,pvalloc_29nbfs_LRG2_max_1hll_sBs0p8
5131,12201.605569482103,4978.538437900983,14326.77519295511,12201.605569482103,0.0,pvalloc_29nbfs_LRG2_max_1hll_sBs0p8
5132,1.377613313540067,11936.706313207007,11936.706313207007,1.377613313540067,0.0,pvalloc_29nbfs_LRG2_max_1hll_sBs0p8
5133,0.0,18228.216139042957,18228.216139042957,0.0,0.0,pvalloc_29nbfs_LRG2_max_1hll_sBs0p8
5134,0.0,18162.496361710335,18162.496361710335,0.0,0.0,pvalloc_29nbfs_LRG2_max_1hll_sBs0p8
5135,0.0,15581.301938822113,15581.301938822113,0.0,0.0,pvalloc_29nbfs_LRG2_max_1hll_sBs0p8
5136,0.0,13660.518661518496,13660.518661518496,0.0,0.0,pvalloc_29nbfs_LRG2_max_1hll_sBs0p8
5137,0.0,10358.480128423342,10358.480128423342,0.0,0.0,pvalloc_29nbfs_LRG2_max_1hll_sBs0p8
5138,0.0,8828.471133983232,8828.471133983232,0.0,0.0,pvalloc_29nbfs_LRG2_max_1hll_sBs0p8
5139,0.0,7213.798405873982,7213.798405873982,0.0,0.0,pvalloc_29nbfs_LRG2_max_1hll_sBs0p8
5140,0.0,6479.031429122139,6479.031429122139,0.0,0.0,pvalloc_29nbfs_LRG2_max_1hll_sBs0p8
5141,0.0,6403.162580960439,6403.162580960439,0.0,0.0,pvalloc_29nbfs_LRG2_max_1hll_sBs0p8
5142,125.57794403748773,4161.743067332432,4163.123152457771,125.57794403748773,0.0,pvalloc_29nbfs_LRG2_max_1hll_sBs0p8
5143,13308.29330802955,2354.8540451276917,13827.970602867077,13308.29330802955,0.0,pvalloc_29nbfs_LRG2_max_1hll_sBs0p8
5144,33118.17585337098,2663.0430480674368,33317.11264325029,33118.17585337098,0.0,pvalloc_29nbfs_LRG2_max_1hll_sBs0p8
5145,53983.00414075682,3207.599916532362,54124.903510763004,52477.134749003744,1505.8693917530823,pvalloc_29nbfs_LRG2_max_1hll_sBs0p8
5146,74375.11513644664,3327.914012860753,74472.15117687202,67146.90002708811,7228.21510935866,pvalloc_29nbfs_LRG2_max_1hll_sBs0p8
5147,87661.92525743581,4249.351243911639,87786.7921271351,74622.16554963138,13039.759707804444,pvalloc_29nbfs_LRG2_max_1hll_sBs0p8
5148,83277.48935723699,5794.710779425904,83644.20022262144,72370.85151918582,10906.63783805116,pvalloc_29nbfs_LRG2_max_1hll_sBs0p8
5149,88098.37886340715,5321.404284500162,88339.57851425356,74828.20190515436,13270.176958252789,pvalloc_29nbfs_LRG2_max_1hll_sBs0p8
5150,87702.90695387899,4495.5822499723745,87894.7807118475,74421.32106148402,13281.585892394996,pvalloc_29nbfs_LRG2_max_1hll_sBs0p8
5151,75872.77325824292,5024.962520229271,76143.9798014302,67933.58691704053,7939.186341202374,pvalloc_29nbfs_LRG2_max_1hll_sBs0p8
5152,63211.328388432215,4265.274478016955,63456.467416909014,59537.13431724382,3674.194071188397,pvalloc_29nbfs_LRG2_max_1hll_sBs0p8
5153,45935.11307499296,3930.0708803767275,46262.02615248206,45497.6318321905,437.4812428024535,pvalloc_29nbfs_LRG2_max_1hll_sBs0p8
5154,30683.60103372811,3930.6468156082215,31271.805054221986,30683.60103372811,0.0,pvalloc_29nbfs_LRG2_max_1hll_sBs0p8
5155,10171.025569467389,5607.835807470076,12944.966013463496,10171.025569467389,0.0,pvalloc_29nbfs_LRG2_max_1hll_sBs0p8
5156,1.0060954878886832,13203.690014110782,13203.690014110782,1.0060954878886832,0.0,pvalloc_29nbfs_LRG2_max_1hll_sBs0p8
5157,0.0,16656.158247084175,16656.158247084175,0.0,0.0,pvalloc_29nbfs_LRG2_max_1hll_sBs0p8
5158,0.0,16956.66673318879,16956.66673318879,0.0,0.0,pvalloc_29nbfs_LRG2_max_1hll_sBs0p8
5159,0.0,13878.197386105798,13878.197386105798,0.0,0.0,pvalloc_29nbfs_LRG2_max_1hll_sBs0p8
5160,0.0,13359.709264488023,13359.709264488023,0.0,0.0,pvalloc_29nbfs_LRG2_max_1hll_sBs0p8
5161,0.0,9823.421723926978,9823.421723926978,0.0,0.0,pvalloc_29nbfs_LRG2_max_1hll_sBs0p8
5162,0.0,8004.918441437759,8004.918441437759,0.0,0.0,pvalloc_29nbfs_LRG2_max_1hll_sBs0p8
5163,0.0,7279.771629046193,7279.771629046193,0.0,0.0,pvalloc_29nbfs_LRG2_max_1hll_sBs0p8
5164,0.0,6702.512682378077,6702.512682378077,0.0,0.0,pvalloc_29nbfs_LRG2_max_1hll_sBs0p8
5165,0.0,6398.7645866892735,6398.7645866892735,0.0,0.0,pvalloc_29nbfs_LRG2_max_1hll_sBs0p8
5166,103.04778534518148,4348.8411242283855,4349.94178830064,103.04778534518148,0.0,pvalloc_29nbfs_LRG2_max_1hll_sBs0p8
5167,12663.034175751944,2548.0956940624305,13328.27497729358,12663.034175751944,0.0,pvalloc_29nbfs_LRG2_max_1hll_sBs0p8
5168,33066.211787470216,2920.346052378153,33321.31152422834,33066.211787470216,0.0,pvalloc_29nbfs_LRG2_max_1hll_sBs0p8
5169,54917.49847320835,3160.4279501435108,55049.74347535016,53242.1237486446,1675.3747245637503,pvalloc_29nbfs_LRG2_max_1hll_sBs0p8
5170,74944.9235644955,3061.174518062368,75029.24128531726,67467.16922132981,7477.7543431658005,pvalloc_29nbfs_LRG2_max_1hll_sBs0p8
5171,89754.48046218739,3764.981382726791,89854.40331725606,75623.72684996326,14130.753612224122,pvalloc_29nbfs_LRG2_max_1hll_sBs0p8
5172,84037.9235340312,4277.520728381331,84197.52144080715,72610.64121548634,11427.282318544876,pvalloc_29nbfs_LRG2_max_1hll_sBs0p8
5173,78323.17121116347,4585.951895841774,78538.05572445363,69376.32872326756,8946.84248789588,pvalloc_29nbfs_LRG2_max_1hll_sBs0p8
5174,88616.74565047576,4540.582135154188,88805.27499119475,74911.85858661679,13704.887063858972,pvalloc_29nbfs_LRG2_max_1hll_sBs0p8
5175,76365.71822448625,4721.904897412418,76612.70664773688,68185.82643800274,8179.8917864835585,pvalloc_29nbfs_LRG2_max_1hll_sBs0p8
5176,61166.37594330594,4536.958581273708,61471.614348750794,57985.17277614945,3181.2031671565073,pvalloc_29nbfs_LRG2_max_1hll_sBs0p8
5177,41839.9991782367,4210.944634187572,42314.79868551778,41627.13562171659,212.86355652011042,pvalloc_29nbfs_LRG2_max_1hll_sBs0p8
5178,22926.27896599238,4132.240689857901,23847.010094248162,22926.27896599238,0.0,pvalloc_29nbfs_LRG2_max_1hll_sBs0p8
5179,9384.316690978,4311.9001149421,11202.004825781936,9384.316690978,0.0,pvalloc_29nbfs_LRG2_max_1hll_sBs0p8
5180,20.199590826286215,9584.049699910067,9584.206661301492,20.199590826286215,0.0,pvalloc_29nbfs_LRG2_max_1hll_sBs0p8
5181,0.0,17958.547144614713,17958.547144614713,0.0,0.0,pvalloc_29nbfs_LRG2_max_1hll_sBs0p8
5182,0.0,15508.105894089556,15508.105894089556,0.0,0.0,pvalloc_29nbfs_LRG2_max_1hll_sBs0p8
5183,0.0,14273.897403473246,14273.897403473246,0.0,0.0,pvalloc_29nbfs_LRG2_max_1hll_sBs0p8
5184,0.0,13200.332246555767,13200.332246555767,0.0,0.0,pvalloc_29nbfs_LRG2_max_1hll_sBs0p8
5185,0.0,9638.325646422076,9638.325646422076,0.0,0.0,pvalloc_29nbfs_LRG2_max_1hll_sBs0p8
5186,0.0,8321.584507793394,8321.584507793394,0.0,0.0,pvalloc_29nbfs_LRG2_max_1hll_sBs0p8
5187,0.0,7169.817360127392,7169.817360127392,0.0,0.0,pvalloc_29nbfs_LRG2_max_1hll_sBs0p8
5188,0.0,7079.928698781937,7079.928698781937,0.0,0.0,pvalloc_29nbfs_LRG2_max_1hll_sBs0p8
5189,0.0,6529.334832922408,6529.334832922408,0.0,0.0,pvalloc_29nbfs_LRG2_max_1hll_sBs0p8
5190,43.78011586437745,4768.195905068367,4768.692287264131,43.78011586437745,0.0,pvalloc_29nbfs_LRG2_max_1hll_sBs0p8
5191,10377.701048336672,2501.9525781139337,11127.988910030475,10377.701048336672,0.0,pvalloc_29nbfs_LRG2_max_1hll_sBs0p8
5192,27611.959530642387,2856.9898242442473,27933.827999262252,27611.959530642387,0.0,pvalloc_29nbfs_LRG2_max_1hll_sBs0p8
5193,49194.24280250988,3114.7818469413983,49349.198249702524,48456.37574580492,737.8670567049576,pvalloc_29nbfs_LRG2_max_1hll_sBs0p8
5194,62320.259498644664,3395.63020260158,62454.557826758726,58964.98282994369,3355.276668700976,pvalloc_29nbfs_LRG2_max_1hll_sBs0p8
5195,70877.15594681683,4074.3163837471434,71046.15434807884,64936.48490661172,5940.671040205213,pvalloc_29nbfs_LRG2_max_1hll_sBs0p8
5196,68350.35253830059,5045.480137379673,68687.0795840819,63283.64880164407,5066.7037366565155,pvalloc_29nbfs_LRG2_max_1hll_sBs0p8
5197,72581.47453472047,4919.249376650327,72856.8098201595,65918.11714164422,6663.35739307618,pvalloc_29nbfs_LRG2_max_1hll_sBs0p8
5198,71331.56880353509,5430.985756601232,71702.05195010282,65105.57056705522,6225.99823647986,pvalloc_29nbfs_LRG2_max_1hll_sBs0p8
5199,70440.73555031187,4903.297134169033,70739.55409183205,64492.115635225266,5948.619915086606,pvalloc_29nbfs_LRG2_max_1hll_sBs0p8
5200,42354.536965970045,3815.046092332231,42725.032250421886,42121.21085545224,233.32611051780498,pvalloc_29nbfs_LRG2_max_1hll_sBs0p8
5201,27215.587845904716,3804.9197655804314,27862.640741556323,27215.587845904716,0.0,pvalloc_29nbfs_LRG2_max_1hll_sBs0p8
5202,13098.89832625989,4327.109725666339,14760.244344580839,13098.89832625989,0.0,pvalloc_29nbfs_LRG2_max_1hll_sBs0p8
5203,8220.624379128416,4805.933930581359,10539.896088340965,8220.624379128416,0.0,pvalloc_29nbfs_LRG2_max_1hll_sBs0p8
5204,0.0,15090.742228922258,15090.742228922258,0.0,0.0,pvalloc_29nbfs_LRG2_max_1hll_sBs0p8
5205,0.0,15791.348827533157,15791.348827533157,0.0,0.0,pvalloc_29nbfs_LRG2_max_1hll_sBs0p8
5206,0.0,15247.755727980579,15247.755727980579,0.0,0.0,pvalloc_29nbfs_LRG2_max_1hll_sBs0p8
5207,0.0,15008.225250668322,15008.225250668322,0.0,0.0,pvalloc_29nbfs_LRG2_max_1hll_sBs0p8
5208,0.0,12069.433844123945,12069.433844123945,0.0,0.0,pvalloc_29nbfs_LRG2_max_1hll_sBs0p8
5209,0.0,11145.876780548273,11145.876780548273,0.0,0.0,pvalloc_29nbfs_LRG2_max_1hll_sBs0p8
5210,0.0,8940.899584908117,8940.899584908117,0.0,0.0,pvalloc_29nbfs_LRG2_max_1hll_sBs0p8
5211,0.0,7874.895807358424,7874.895807358424,0.0,0.0,pvalloc_29nbfs_LRG2_max_1hll_sBs0p8
5212,0.0,7043.644556647982,7043.644556647982,0.0,0.0,pvalloc_29nbfs_LRG2_max_1hll_sBs0p8
5213,0.0,7125.558647681808,7125.558647681808,0.0,0.0,pvalloc_29nbfs_LRG2_max_1hll_sBs0p8
5214,3.628379080261822,5734.121061681896,5734.19274497771,3.628379080261822,0.0,pvalloc_29nbfs_LRG2_max_1hll_sBs0p8
5215,1654.5355073713572,3024.021376327198,3676.394578893225,1654.5355073713572,0.0,pvalloc_29nbfs_LRG2_max_1hll_sBs0p8
5216,6111.498968510956,2944.940445437471,7458.575312473456,6111.498968510956,0.0,pvalloc_29nbfs_LRG2_max_1hll_sBs0p8
5217,12204.931281643238,3187.5478628481887,13274.618392385828,12204.931281643238,0.0,pvalloc_29nbfs_LRG2_max_1hll_sBs0p8
5218,23893.593404722753,3307.3658261843943,24453.89794213721,23893.593404722753,0.0,pvalloc_29nbfs_LRG2_max_1hll_sBs0p8
5219,28431.923475308304,3945.9270977680276,29100.53526034652,28431.923475308304,0.0,pvalloc_29nbfs_LRG2_max_1hll_sBs0p8
5220,21054.233456484537,5082.63723020662,22718.478634072864,21054.233456484537,0.0,pvalloc_29nbfs_LRG2_max_1hll_sBs0p8
5221,45698.09764146672,4532.316330220247,46204.56099786429,45243.693698413386,454.4039430533264,pvalloc_29nbfs_LRG2_max_1hll_sBs0p8
5222,60417.00970647088,4698.695375006715,60771.42877179455,57380.50909293513,3036.500613535758,pvalloc_29nbfs_LRG2_max_1hll_sBs0p8
5223,47444.96559132827,4724.601124375608,47963.47631952363,46828.714833462196,616.2507578660576,pvalloc_29nbfs_LRG2_max_1hll_sBs0p8
5224,47802.34981083442,4121.248395254566,48168.58625571833,47162.376622615484,639.9731882189346,pvalloc_29nbfs_LRG2_max_1hll_sBs0p8
5225,35801.10636731746,4199.490813994066,36376.36106435621,35732.75609577585,68.35027154160491,pvalloc_29nbfs_LRG2_max_1hll_sBs0p8
5226,24957.164886514343,4094.3032717805963,25777.444605909925,24957.164886514343,0.0,pvalloc_29nbfs_LRG2_max_1hll_sBs0p8
5227,10270.471931519665,4773.234145323828,12372.919094939756,10270.471931519665,0.0,pvalloc_29nbfs_LRG2_max_1hll_sBs0p8
5228,0.25327598955245645,12343.501887430986,12343.501887430986,0.25327598955245645,0.0,pvalloc_29nbfs_LRG2_max_1hll_sBs0p8
5229,0.0,17463.787611216965,17463.787611216965,0.0,0.0,pvalloc_29nbfs_LRG2_max_1hll_sBs0p8
5230,0.0,16776.245765136624,16776.245765136624,0.0,0.0,pvalloc_29nbfs_LRG2_max_1hll_sBs0p8
5231,0.0,13863.094861205216,13863.094861205216,0.0,0.0,pvalloc_29nbfs_LRG2_max_1hll_sBs0p8
5232,0.0,12379.083196074876,12379.083196074876,0.0,0.0,pvalloc_29nbfs_LRG2_max_1hll_sBs0p8
5233,0.0,10840.796451126307,10840.796451126307,0.0,0.0,pvalloc_29nbfs_LRG2_max_1hll_sBs0p8
5234,0.0,8839.193140860432,8839.193140860432,0.0,0.0,pvalloc_29nbfs_LRG2_max_1hll_sBs0p8
5235,0.0,7691.549078353807,7691.549078353807,0.0,0.0,pvalloc_29nbfs_LRG2_max_1hll_sBs0p8
5236,0.0,6881.188714069509,6881.188714069509,0.0,0.0,pvalloc_29nbfs_LRG2_max_1hll_sBs0p8
5237,0.0,7020.828203404438,7020.828203404438,0.0,0.0,pvalloc_29nbfs_LRG2_max_1hll_sBs0p8
5238,66.5063099973161,4740.886214164373,4741.570576981574,66.5063099973161,0.0,pvalloc_29nbfs_LRG2_max_1hll_sBs0p8
5239,11461.98119583786,2608.245220066716,12193.218905932976,11461.98119583786,0.0,pvalloc_29nbfs_LRG2_max_1hll_sBs0p8
5240,24407.16447382309,2926.800349500391,24811.84649662977,24407.16447382309,0.0,pvalloc_29nbfs_LRG2_max_1hll_sBs0p8
5241,48304.63561964824,3153.001374223332,48470.10072276976,47671.37896423607,633.256655412165,pvalloc_29nbfs_LRG2_max_1hll_sBs0p8
5242,62261.89565815615,3597.429384920323,62415.08612962955,58919.94852572457,3341.947132431588,pvalloc_29nbfs_LRG2_max_1hll_sBs0p8
5243,68817.27736930546,3909.5264428483797,68983.78111647227,63523.66308151563,5293.614287789846,pvalloc_29nbfs_LRG2_max_1hll_sBs0p8
5244,56480.525727120905,4417.742615013536,56796.74059500594,54423.88013357641,2056.645593544485,pvalloc_29nbfs_LRG2_max_1hll_sBs0p8
5245,54911.56481456859,4932.270239343677,55360.7515679002,53134.30481331329,1777.2600012553016,pvalloc_29nbfs_LRG2_max_1hll_sBs0p8
5246,51251.08570650888,4986.481438473687,51798.72842230281,50044.582018358386,1206.503688150478,pvalloc_29nbfs_LRG2_max_1hll_sBs0p8
5247,50995.15171479725,4681.045520196617,51470.09946850465,49843.57865524579,1151.5730595514538,pvalloc_29nbfs_LRG2_max_1hll_sBs0p8
5248,43371.08001710857,4129.271588545403,43827.56726704123,43073.94498186309,297.1350352454793,pvalloc_29nbfs_LRG2_max_1hll_sBs0p8
5249,35403.41035193898,4003.6463481195447,35938.250544210394,35341.84041305203,61.56993888695837,pvalloc_29nbfs_LRG2_max_1hll_sBs0p8
5250,18125.280480870522,4538.170865926007,19491.99139037414,18125.280480870522,0.0,pvalloc_29nbfs_LRG2_max_1hll_sBs0p8
5251,8334.093930428151,5133.063553379828,10854.653709318907,8334.093930428151,0.0,pvalloc_29nbfs_LRG2_max_1hll_sBs0p8
5252,0.0,19000.114523203963,19000.114523203963,0.0,0.0,pvalloc_29nbfs_LRG2_max_1hll_sBs0p8
5253,0.0,19290.58011697165,19290.58011697165,0.0,0.0,pvalloc_29nbfs_LRG2_max_1hll_sBs0p8
5254,0.0,16835.268381474216,16835.268381474216,0.0,0.0,pvalloc_29nbfs_LRG2_max_1hll_sBs0p8
5255,0.0,14924.78827852718,14924.78827852718,0.0,0.0,pvalloc_29nbfs_LRG2_max_1hll_sBs0p8
5256,0.0,13381.168060104115,13381.168060104115,0.0,0.0,pvalloc_29nbfs_LRG2_max_1hll_sBs0p8
5257,0.0,10539.960012448035,10539.960012448035,0.0,0.0,pvalloc_29nbfs_LRG2_max_1hll_sBs0p8
5258,0.0,8429.066249258416,8429.066249258416,0.0,0.0,pvalloc_29nbfs_LRG2_max_1hll_sBs0p8
5259,0.0,7662.686930720703,7662.686930720703,0.0,0.0,pvalloc_29nbfs_LRG2_max_1hll_sBs0p8
5260,0.0,6987.569716052491,6987.569716052491,0.0,0.0,pvalloc_29nbfs_LRG2_max_1hll_sBs0p8
5261,0.0,6946.060646242223,6946.060646242223,0.0,0.0,pvalloc_29nbfs_LRG2_max_1hll_sBs0p8
5262,58.76812603444677,4987.464433166703,4988.087502093847,58.76812603444677,0.0,pvalloc_29nbfs_LRG2_max_1hll_sBs0p8
5263,12690.727365511068,2562.7060571784787,13329.58353749055,12690.727365511068,0.0,pvalloc_29nbfs_LRG2_max_1hll_sBs0p8
5264,33508.30907761086,2855.923357984155,33743.924400010736,33504.34083411709,3.96824349376908,pvalloc_29nbfs_LRG2_max_1hll_sBs0p8
5265,56203.12258778806,2947.0176030192715,56315.79920702519,54280.415275345185,1922.7073124428757,pvalloc_29nbfs_LRG2_max_1hll_sBs0p8
5266,75231.33574949951,3724.1807256003804,75348.27449343358,67682.88821745661,7548.447532042849,pvalloc_29nbfs_LRG2_max_1hll_sBs0p8
5267,88834.45473400864,4799.89119405418,89004.910365778,75243.49198834012,13590.962745668488,pvalloc_29nbfs_LRG2_max_1hll_sBs0p8
5268,86127.85813391885,5847.823697744466,86461.83536056436,73824.33615103472,12303.521982884124,pvalloc_29nbfs_LRG2_max_1hll_sBs0p8
5269,91025.09270782163,5814.373056847966,91314.95885375547,76244.46938991608,14780.623317905613,pvalloc_29nbfs_LRG2_max_1hll_sBs0p8
5270,91510.44661837474,5228.389878327345,91779.76705304447,76221.92964412503,15288.516974249731,pvalloc_29nbfs_LRG2_max_1hll_sBs0p8
5271,83053.24110184782,5019.98840980284,83315.04118712082,71931.18573319624,11122.055368651683,pvalloc_29nbfs_LRG2_max_1hll_sBs0p8
5272,69196.04140669445,4778.319442898873,69483.58277350511,63665.83050001415,5530.210906680196,pvalloc_29nbfs_LRG2_max_1hll_sBs0p8
5273,52128.3154537029,4342.688132370842,52503.16700453228,50812.260468362016,1316.0549853408854,pvalloc_29nbfs_LRG2_max_1hll_sBs0p8
5274,31264.963262378646,4442.960016178521,32029.15722770645,31264.963262378646,0.0,pvalloc_29nbfs_LRG2_max_1hll_sBs0p8
5275,12675.10356305045,4708.4637606003025,14448.156503321381,12675.10356305045,0.0,pvalloc_29nbfs_LRG2_max_1hll_sBs0p8
5276,0.001144878417680309,16108.040072100166,16108.040072100166,0.001144878417680309,0.0,pvalloc_29nbfs_LRG2_max_1hll_sBs0p8
5277,0.0,16661.54003587522,16661.54003587522,0.0,0.0,pvalloc_29nbfs_LRG2_max_1hll_sBs0p8
5278,0.0,16071.879638820657,16071.879638820657,0.0,0.0,pvalloc_29nbfs_LRG2_max_1hll_sBs0p8
5279,0.0,16513.61501158644,16513.61501158644,0.0,0.0,pvalloc_29nbfs_LRG2_max_1hll_sBs0p8
5280,0.0,14223.402737580196,14223.402737580196,0.0,0.0,pvalloc_29nbfs_LRG2_max_1hll_sBs0p8
5281,0.0,10189.901163932847,10189.901163932847,0.0,0.0,pvalloc_29nbfs_LRG2_max_1hll_sBs0p8
5282,0.0,9219.90861812319,9219.90861812319,0.0,0.0,pvalloc_29nbfs_LRG2_max_1hll_sBs0p8
5283,0.0,8077.212368111325,8077.212368111325,0.0,0.0,pvalloc_29nbfs_LRG2_max_1hll_sBs0p8
5284,0.0,7416.388772703772,7416.388772703772,0.0,0.0,pvalloc_29nbfs_LRG2_max_1hll_sBs0p8
5285,0.0,7104.393955178766,7104.393955178766,0.0,0.0,pvalloc_29nbfs_LRG2_max_1hll_sBs0p8
5286,19.62705608798618,5505.428581482936,5505.691110217573,19.62705608798618,0.0,pvalloc_29nbfs_LRG2_max_1hll_sBs0p8
5287,11799.999340661518,2604.0882500963685,12506.752172790822,11799.999340661518,0.0,pvalloc_29nbfs_LRG2_max_1hll_sBs0p8
5288,33674.801549882104,2762.636376846415,33890.20549352865,33668.50089967944,6.300650202663064,pvalloc_29nbfs_LRG2_max_1hll_sBs0p8
5289,55890.25211301242,2764.8186869501424,55991.36550490514,54027.10462092582,1863.1474920865999,pvalloc_29nbfs_LRG2_max_1hll_sBs0p8
5290,74188.83635926321,3621.193403545107,74298.97897297639,67055.61597907053,7133.220380192651,pvalloc_29nbfs_LRG2_max_1hll_sBs0p8
5291,90222.88747236128,4049.6247987510815,90345.3335915081,75845.34831831971,14377.539154041537,pvalloc_29nbfs_LRG2_max_1hll_sBs0p8
5292,85620.8841410013,5618.68796144772,85922.68813796042,73560.56434596257,12060.31979503876,pvalloc_29nbfs_LRG2_max_1hll_sBs0p8
5293,91374.28116898058,5532.553255791078,91634.007412446,76308.65969221244,15065.62147676815,pvalloc_29nbfs_LRG2_max_1hll_sBs0p8
5294,86753.09449964006,6652.282723875883,87208.05659120998,73913.6386546898,12839.455844950231,pvalloc_29nbfs_LRG2_max_1hll_sBs0p8
5295,80013.07973019936,6058.202216228881,80434.77150331314,70228.22881442374,9784.850915775582,pvalloc_29nbfs_LRG2_max_1hll_sBs0p8
5296,65448.7804732052,6116.163574127216,66036.23870104316,61108.443353146555,4340.337120058629,pvalloc_29nbfs_LRG2_max_1hll_sBs0p8
5297,49699.458115478046,5438.9777088272485,50390.73062033966,48726.85984286524,972.5982726128004,pvalloc_29nbfs_LRG2_max_1hll_sBs0p8
5298,29310.47999059142,5432.368846498546,30515.026620396795,29310.47999059142,0.0,pvalloc_29nbfs_LRG2_max_1hll_sBs0p8
5299,8809.163344145101,6467.9876019430585,12181.110523847725,8809.163344145101,0.0,pvalloc_29nbfs_LRG2_max_1hll_sBs0p8
5300,0.002782290935076717,16915.034010056257,16915.034010056257,0.002782290935076717,0.0,pvalloc_29nbfs_LRG2_max_1hll_sBs0p8
5301,0.0,19664.8737674663,19664.8737674663,0.0,0.0,pvalloc_29nbfs_LRG2_max_1hll_sBs0p8
5302,0.0,21717.29761653144,21717.29761653144,0.0,0.0,pvalloc_29nbfs_LRG2_max_1hll_sBs0p8
5303,0.0,17214.825474050005,17214.825474050005,0.0,0.0,pvalloc_29nbfs_LRG2_max_1hll_sBs0p8
5304,0.0,12578.20754912869,12578.20754912869,0.0,0.0,pvalloc_29nbfs_LRG2_max_1hll_sBs0p8
5305,0.0,10294.109997870488,10294.109997870488,0.0,0.0,pvalloc_29nbfs_LRG2_max_1hll_sBs0p8
5306,0.0,8325.709247505114,8325.709247505114,0.0,0.0,pvalloc_29nbfs_LRG2_max_1hll_sBs0p8
5307,0.0,7293.515981600716,7293.515981600716,0.0,0.0,pvalloc_29nbfs_LRG2_max_1hll_sBs0p8
5308,0.0,6735.774478834691,6735.774478834691,0.0,0.0,pvalloc_29nbfs_LRG2_max_1hll_sBs0p8
5309,0.0,6710.483943585053,6710.483943585053,0.0,0.0,pvalloc_29nbfs_LRG2_max_1hll_sBs0p8
5310,30.3113445782556,4984.902862199668,4985.287987640341,30.3113445782556,0.0,pvalloc_29nbfs_LRG2_max_1hll_sBs0p8
5311,11752.221155680034,2510.2560191338507,12419.72912032121,11752.221155680034,0.0,pvalloc_29nbfs_LRG2_max_1hll_sBs0p8
5312,32872.00076441163,2874.191419190469,33120.30233263447,32872.00076441163,0.0,pvalloc_29nbfs_LRG2_max_1hll_sBs0p8
5313,54819.660557583564,3219.6083908883197,54960.303415951246,53153.19779034224,1666.462767241331,pvalloc_29nbfs_LRG2_max_1hll_sBs0p8
5314,74963.61498821415,3688.513427694864,75089.69964198407,67485.88339711545,7477.731591098755,pvalloc_29nbfs_LRG2_max_1hll_sBs0p8
5315,91198.21992636663,3849.5490257300503,91310.80131244031,76301.0992635268,14897.120662839827,pvalloc_29nbfs_LRG2_max_1hll_sBs0p8
5316,85242.08099959826,5912.741404350889,85591.6705762585,73343.15327224034,11898.927727357914,pvalloc_29nbfs_LRG2_max_1hll_sBs0p8
5317,90966.83693678444,5414.898399191298,91206.82994621988,76186.07001979486,14780.766916989536,pvalloc_29nbfs_LRG2_max_1hll_sBs0p8
5318,88570.8768289249,5552.751468911757,88842.56261691391,74910.66339847112,13660.213430453814,pvalloc_29nbfs_LRG2_max_1hll_sBs0p8
5319,82025.62687975343,4916.794441733442,82259.04565184256,71432.26687866611,10593.360001087314,pvalloc_29nbfs_LRG2_max_1hll_sBs0p8
5320,67943.98654630946,4825.435749296605,68242.02331631733,62835.5091431528,5108.4774031567285,pvalloc_29nbfs_LRG2_max_1hll_sBs0p8
5321,50061.33461764053,4697.238876115857,50518.00253022959,49099.421309380225,961.9133082603257,pvalloc_29nbfs_LRG2_max_1hll_sBs0p8
5322,31970.843049048395,3954.6700037004684,32564.91345764292,31970.843049048395,0.0,pvalloc_29nbfs_LRG2_max_1hll_sBs0p8
5323,10837.167779900774,4741.576758201734,12903.809624546682,10837.167779900774,0.0,pvalloc_29nbfs_LRG2_max_1hll_sBs0p8
5324,0.6260273544348365,11780.409883832419,11780.409883832419,0.6260273544348365,0.0,pvalloc_29nbfs_LRG2_max_1hll_sBs0p8
5325,0.0,17798.4514230697,17798.4514230697,0.0,0.0,pvalloc_29nbfs_LRG2_max_1hll_sBs0p8
5326,0.0,19605.3340161297,19605.3340161297,0.0,0.0,pvalloc_29nbfs_LRG2_max_1hll_sBs0p8
5327,0.0,17993.3392447101,17993.3392447101,0.0,0.0,pvalloc_29nbfs_LRG2_max_1hll_sBs0p8
5328,0.0,14499.905393880887,14499.905393880887,0.0,0.0,pvalloc_29nbfs_LRG2_max_1hll_sBs0p8
5329,0.0,10706.798579119695,10706.798579119695,0.0,0.0,pvalloc_29nbfs_LRG2_max_1hll_sBs0p8
5330,0.0,8691.305275136961,8691.305275136961,0.0,0.0,pvalloc_29nbfs_LRG2_max_1hll_sBs0p8
5331,0.0,7299.838339654398,7299.838339654398,0.0,0.0,pvalloc_29nbfs_LRG2_max_1hll_sBs0p8
5332,0.0,6942.4868277889755,6942.4868277889755,0.0,0.0,pvalloc_29nbfs_LRG2_max_1hll_sBs0p8
5333,0.0,6828.1340130815815,6828.1340130815815,0.0,0.0,pvalloc_29nbfs_LRG2_max_1hll_sBs0p8
5334,10.260036508593465,5417.849402425807,5417.984993006208,10.260036508593465,0.0,pvalloc_29nbfs_LRG2_max_1hll_sBs0p8
5335,10505.880009018703,2805.439164466668,11439.040772850005,10505.880009018703,0.0,pvalloc_29nbfs_LRG2_max_1hll_sBs0p8
5336,31590.71217712853,3234.2584163753477,31945.45108147251,31590.71217712853,0.0,pvalloc_29nbfs_LRG2_max_1hll_sBs0p8
5337,53930.67919743459,3412.4529666492476,54099.20961325537,52414.98911216054,1515.6900852740505,pvalloc_29nbfs_LRG2_max_1hll_sBs0p8
5338,73879.69374985129,3725.3397949805417,74007.18690046783,66835.56045435295,7044.133295498449,pvalloc_29nbfs_LRG2_max_1hll_sBs0p8
5339,89054.33551503984,4022.8559490258535,89171.69545289024,75281.75779929453,13772.577715745238,pvalloc_29nbfs_LRG2_max_1hll_sBs0p8
5340,84368.45951495161,5739.866137209855,84717.00963586911,72967.15470734652,11401.304807605102,pvalloc_29nbfs_LRG2_max_1hll_sBs0p8
5341,88666.89052533501,5708.312598447899,88958.13693088584,75102.6976748765,13564.19285045855,pvalloc_29nbfs_LRG2_max_1hll_sBs0p8
5342,85478.97859942152,6552.191424627521,85936.2794646009,73437.26839000986,12041.710209411638,pvalloc_29nbfs_LRG2_max_1hll_sBs0p8
5343,80358.23226860065,5458.920982125164,80668.28502116223,70488.21629838436,9870.015970216287,pvalloc_29nbfs_LRG2_max_1hll_sBs0p8
5344,68390.18098279349,4524.157448710912,68647.9108938852,63127.42560855995,5262.755374233629,pvalloc_29nbfs_LRG2_max_1hll_sBs0p8
5345,48969.35466508037,4481.2540258153595,49391.23661924209,48178.64525996967,790.7094051106988,pvalloc_29nbfs_LRG2_max_1hll_sBs0p8
5346,29293.1768283211,4463.86254104239,30120.62970426926,29293.1768283211,0.0,pvalloc_29nbfs_LRG2_max_1hll_sBs0p8
5347,7443.83301864489,6365.187010396682,10947.137719967146,7443.83301864489,0.0,pvalloc_29nbfs_LRG2_max_1hll_sBs0p8
5348,0.0,15989.673565416208,15989.673565416208,0.0,0.0,pvalloc_29nbfs_LRG2_max_1hll_sBs0p8
5349,0.0,16826.715043934226,16826.715043934226,0.0,0.0,pvalloc_29nbfs_LRG2_max_1hll_sBs0p8
5350,0.0,17455.218388780384,17455.218388780384,0.0,0.0,pvalloc_29nbfs_LRG2_max_1hll_sBs0p8
5351,0.0,17312.601875985758,17312.601875985758,0.0,0.0,pvalloc_29nbfs_LRG2_max_1hll_sBs0p8
5352,0.0,14414.143741518075,14414.143741518075,0.0,0.0,pvalloc_29nbfs_LRG2_max_1hll_sBs0p8
5353,0.0,9954.172012300513,9954.172012300513,0.0,0.0,pvalloc_29nbfs_LRG2_max_1hll_sBs0p8
5354,0.0,8448.308232531268,8448.308232531268,0.0,0.0,pvalloc_29nbfs_LRG2_max_1hll_sBs0p8
5355,0.0,7461.470557932398,7461.470557932398,0.0,0.0,pvalloc_29nbfs_LRG2_max_1hll_sBs0p8
5356,0.0,6904.5537825017445,6904.5537825017445,0.0,0.0,pvalloc_29nbfs_LRG2_max_1hll_sBs0p8
5357,0.0,6785.528064411384,6785.528064411384,0.0,0.0,pvalloc_29nbfs_LRG2_max_1hll_sBs0p8
5358,16.205297452928303,5398.099843439504,5398.329807315662,16.205297452928303,0.0,pvalloc_29nbfs_LRG2_max_1hll_sBs0p8
5359,10622.791367067533,2699.951933035331,11465.193051431088,10622.791367067533,0.0,pvalloc_29nbfs_LRG2_max_1hll_sBs0p8
5360,31817.839549627948,3036.4089604814208,32118.12929026547,31817.839549627948,0.0,pvalloc_29nbfs_LRG2_max_1hll_sBs0p8
5361,51632.11365423042,4021.3559967669544,51935.82002462677,50507.84725354183,1124.266400688589,pvalloc_29nbfs_LRG2_max_1hll_sBs0p8
5362,72717.62308451792,4119.283662091849,72881.94969115,66135.35652578305,6582.266558734915,pvalloc_29nbfs_LRG2_max_1hll_sBs0p8
5363,86941.47550379905,4994.413148930265,87150.54504044943,74317.69586909881,12623.779634700291,pvalloc_29nbfs_LRG2_max_1hll_sBs0p8
5364,84896.51469580515,5829.299955704657,85257.59960898115,73253.00054368647,11643.51415211875,pvalloc_29nbfs_LRG2_max_1hll_sBs0p8
5365,87850.15611801152,6393.657561636471,88283.56425715593,74772.27184464088,13077.884273370742,pvalloc_29nbfs_LRG2_max_1hll_sBs0p8
5366,90082.36349112728,5273.29986230678,90320.60635125758,75676.50944212341,14405.854049003841,pvalloc_29nbfs_LRG2_max_1hll_sBs0p8
5367,81539.81809803906,4898.266244594955,81766.53177878889,71192.08276926933,10347.735328769691,pvalloc_29nbfs_LRG2_max_1hll_sBs0p8
5368,67791.08842323507,4601.1010827746595,68047.8137186282,62798.11300530316,4992.975417931928,pvalloc_29nbfs_LRG2_max_1hll_sBs0p8
5369,48932.55999624251,4696.523096419281,49395.311804505036,48171.06276997047,761.4972262720323,pvalloc_29nbfs_LRG2_max_1hll_sBs0p8
5370,28011.249662138445,4838.569453800665,29078.344329270476,28011.249662138445,0.0,pvalloc_29nbfs_LRG2_max_1hll_sBs0p8
5371,9367.454342890656,5175.496892994509,11828.24687090052,9367.454342890656,0.0,pvalloc_29nbfs_LRG2_max_1hll_sBs0p8
5372,0.0,16855.75991960793,16855.75991960793,0.0,0.0,pvalloc_29nbfs_LRG2_max_1hll_sBs0p8
5373,0.0,17345.892495044845,17345.892495044845,0.0,0.0,pvalloc_29nbfs_LRG2_max_1hll_sBs0p8
5374,0.0,16579.52219038973,16579.52219038973,0.0,0.0,pvalloc_29nbfs_LRG2_max_1hll_sBs0p8
5375,0.0,15251.446364993699,15251.446364993699,0.0,0.0,pvalloc_29nbfs_LRG2_max_1hll_sBs0p8
5376,0.0,13188.262672566276,13188.262672566276,0.0,0.0,pvalloc_29nbfs_LRG2_max_1hll_sBs0p8
5377,0.0,11323.92566649367,11323.92566649367,0.0,0.0,pvalloc_29nbfs_LRG2_max_1hll_sBs0p8
5378,0.0,9734.491596408214,9734.491596408214,0.0,0.0,pvalloc_29nbfs_LRG2_max_1hll_sBs0p8
5379,0.0,8493.110696508547,8493.110696508547,0.0,0.0,pvalloc_29nbfs_LRG2_max_1hll_sBs0p8
5380,0.0,7434.255107382792,7434.255107382792,0.0,0.0,pvalloc_29nbfs_LRG2_max_1hll_sBs0p8
5381,0.0,7087.3506932827795,7087.3506932827795,0.0,0.0,pvalloc_29nbfs_LRG2_max_1hll_sBs0p8
5382,6.542848705315719,5749.462118591857,5749.561509401698,6.542848705315719,0.0,pvalloc_29nbfs_LRG2_max_1hll_sBs0p8
5383,10253.745992884848,2774.0896504409716,11158.038057088708,10253.745992884848,0.0,pvalloc_29nbfs_LRG2_max_1hll_sBs0p8
5384,32072.29432203838,2885.4651868706756,32339.755968434067,32072.29432203838,0.0,pvalloc_29nbfs_LRG2_max_1hll_sBs0p8
5385,54204.34762332449,3220.8269011536877,54349.93062600931,52635.773541200186,1568.574082124303,pvalloc_29nbfs_LRG2_max_1hll_sBs0p8
5386,72809.36521403104,3904.96720359886,72949.12456936878,66184.73737908556,6624.6278349455615,pvalloc_29nbfs_LRG2_max_1hll_sBs0p8
5387,88425.43695555419,4434.517889888836,88573.31142190225,74966.4921168308,13458.944838723417,pvalloc_29nbfs_LRG2_max_1hll_sBs0p8
5388,85517.4434966518,5516.58276710818,85802.73859102104,73491.2249218635,12026.218574788318,pvalloc_29nbfs_LRG2_max_1hll_sBs0p8
5389,89251.56316436322,5835.246990850177,89554.11073486788,75343.95953576035,13907.603628602854,pvalloc_29nbfs_LRG2_max_1hll_sBs0p8
5390,85618.3355036146,6239.483084536436,86007.19780459424,73454.26786307254,12164.06764054207,pvalloc_29nbfs_LRG2_max_1hll_sBs0p8
5391,78821.87617488083,5603.673912509947,79158.2442012617,69672.71940465241,9149.156770228423,pvalloc_29nbfs_LRG2_max_1hll_sBs0p8
5392,64781.09791257862,5314.259007873459,65189.42067921565,60738.1614314173,4042.9364811613314,pvalloc_29nbfs_LRG2_max_1hll_sBs0p8
5393,46000.420957529815,5337.974889221269,46711.782917731514,45556.14022840354,444.2807291262792,pvalloc_29nbfs_LRG2_max_1hll_sBs0p8
5394,27033.438912291833,4953.8679841273615,28199.74565464876,27033.438912291833,0.0,pvalloc_29nbfs_LRG2_max_1hll_sBs0p8
5395,6321.5320307022475,7005.202185234098,10430.349197280588,6321.5320307022475,0.0,pvalloc_29nbfs_LRG2_max_1hll_sBs0p8
5396,0.0,17145.86116089849,17145.86116089849,0.0,0.0,pvalloc_29nbfs_LRG2_max_1hll_sBs0p8
5397,0.0,18592.212130355492,18592.212130355492,0.0,0.0,pvalloc_29nbfs_LRG2_max_1hll_sBs0p8
5398,0.0,17959.2808656008,17959.2808656008,0.0,0.0,pvalloc_29nbfs_LRG2_max_1hll_sBs0p8
5399,0.0,15321.147510146637,15321.147510146637,0.0,0.0,pvalloc_29nbfs_LRG2_max_1hll_sBs0p8
5400,0.0,13722.161589340785,13722.161589340785,0.0,0.0,pvalloc_29nbfs_LRG2_max_1hll_sBs0p8
5401,0.0,10430.229263731497,10430.229263731497,0.0,0.0,pvalloc_29nbfs_LRG2_max_1hll_sBs0p8
5402,0.0,8829.571873465273,8829.571873465273,0.0,0.0,pvalloc_29nbfs_LRG2_max_1hll_sBs0p8
5403,0.0,7657.188196967489,7657.188196967489,0.0,0.0,pvalloc_29nbfs_LRG2_max_1hll_sBs0p8
5404,0.0,7455.696363549953,7455.696363549953,0.0,0.0,pvalloc_29nbfs_LRG2_max_1hll_sBs0p8
5405,0.0,7031.549107246735,7031.549107246735,0.0,0.0,pvalloc_29nbfs_LRG2_max_1hll_sBs0p8
5406,2.0058041842854957,6089.717629455205,6089.764980447737,2.0058041842854957,0.0,pvalloc_29nbfs_LRG2_max_1hll_sBs0p8
5407,10246.596027051919,2615.4879475248304,11050.303702919286,10246.596027051919,0.0,pvalloc_29nbfs_LRG2_max_1hll_sBs0p8
5408,29307.241683712055,3028.895982286414,29646.03092339368,29307.241683712055,0.0,pvalloc_29nbfs_LRG2_max_1hll_sBs0p8
5409,48767.41630345449,3991.1556136092668,49084.2236415122,48073.69163406726,693.7246693872276,pvalloc_29nbfs_LRG2_max_1hll_sBs0p8
5410,67051.30214930368,3842.590798866837,67213.14929951589,62350.14992846179,4701.152220841868,pvalloc_29nbfs_LRG2_max_1hll_sBs0p8
5411,74852.09956743514,4142.077901452241,75024.21072512228,67359.1975312209,7492.902036214351,pvalloc_29nbfs_LRG2_max_1hll_sBs0p8
5412,63309.809089310715,5462.248967367671,63789.75445848888,59684.98289132116,3624.8261979895365,pvalloc_29nbfs_LRG2_max_1hll_sBs0p8
5413,62776.412596612456,6093.536497442051,63406.45139844313,59237.47374162979,3538.9388549826704,pvalloc_29nbfs_LRG2_max_1hll_sBs0p8
5414,57279.32852906769,6035.128600289156,58002.96603623465,54907.738127769175,2371.5904012985134,pvalloc_29nbfs_LRG2_max_1hll_sBs0p8
5415,46208.91620228562,5488.116147614097,46968.1292541239,45696.927486675704,511.988715609913,pvalloc_29nbfs_LRG2_max_1hll_sBs0p8
5416,34371.63415906813,5014.3256601723,35262.223704079246,34321.93669912488,49.69745994325092,pvalloc_29nbfs_LRG2_max_1hll_sBs0p8
5417,27441.24522639791,4820.3257846991555,28494.48808452693,27441.24522639791,0.0,pvalloc_29nbfs_LRG2_max_1hll_sBs0p8
5418,11359.057918975357,5233.464345457422,13692.372809381055,11359.057918975357,0.0,pvalloc_29nbfs_LRG2_max_1hll_sBs0p8
5419,2517.492133093863,6575.4494012694695,7236.2101831841055,2517.492133093863,0.0,pvalloc_29nbfs_LRG2_max_1hll_sBs0p8
5420,0.0,14157.296748618654,14157.296748618654,0.0,0.0,pvalloc_29nbfs_LRG2_max_1hll_sBs0p8
5421,0.0,16175.317955120869,16175.317955120869,0.0,0.0,pvalloc_29nbfs_LRG2_max_1hll_sBs0p8
5422,0.0,16617.529616008724,16617.529616008724,0.0,0.0,pvalloc_29nbfs_LRG2_max_1hll_sBs0p8
5423,0.0,15583.466132818583,15583.466132818583,0.0,0.0,pvalloc_29nbfs_LRG2_max_1hll_sBs0p8
5424,0.0,13573.678772779584,13573.678772779584,0.0,0.0,pvalloc_29nbfs_LRG2_max_1hll_sBs0p8
4920,0.0,11113.463869085279,11113.463869085279,0.0,0.0,pvalloc_29nbfs_LRG2_max_1hll_sCs2p4
4921,0.0,10737.831728562105,10737.831728562105,0.0,0.0,pvalloc_29nbfs_LRG2_max_1hll_sCs2p4
4922,0.0,10105.311448681487,10105.311448681487,0.0,0.0,pvalloc_29nbfs_LRG2_max_1hll_sCs2p4
4923,0.0,8120.094880445638,8120.094880445638,0.0,0.0,pvalloc_29nbfs_LRG2_max_1hll_sCs2p4
4924,0.0,7251.733657230992,7251.733657230992,0.0,0.0,pvalloc_29nbfs_LRG2_max_1hll_sCs2p4
4925,0.0,6971.075169345189,6971.075169345189,0.0,0.0,pvalloc_29nbfs_LRG2_max_1hll_sCs2p4
4926,823.5208740116119,3595.947683985758,3690.6063496032466,823.5208740116119,0.0,pvalloc_29nbfs_LRG2_max_1hll_sCs2p4
4927,15761.7553993197,2536.166749433135,16269.395225960308,15761.7553993197,0.0,pvalloc_29nbfs_LRG2_max_1hll_sCs2p4
4928,35994.90867850091,2697.825929438538,36180.3384415204,35928.110099844205,66.79857865671147,pvalloc_29nbfs_LRG2_max_1hll_sCs2p4
4929,55369.10233563805,3337.9611111657614,55525.253381632385,53602.20370081254,1766.8986348255073,pvalloc_29nbfs_LRG2_max_1hll_sCs2p4
4930,74391.58870056696,3562.8456016568193,74505.36446226055,67097.16373167261,7294.424968894359,pvalloc_29nbfs_LRG2_max_1hll_sCs2p4
4931,89318.79202511562,4072.208339358378,89447.67504196244,75343.74612906539,13975.045896050275,pvalloc_29nbfs_LRG2_max_1hll_sCs2p4
4932,74222.17457873099,5133.613042735361,74529.75975600471,66961.06150055399,7261.113078176991,pvalloc_29nbfs_LRG2_max_1hll_sCs2p4
4933,61768.36461724379,6642.64958943561,62615.14590910922,58534.731352050454,3233.6332651933285,pvalloc_29nbfs_LRG2_max_1hll_sCs2p4
4934,58392.8049448921,5487.816659971628,58936.796282642434,55851.587488997226,2541.217455894874,pvalloc_29nbfs_LRG2_max_1hll_sCs2p4
4935,50981.385039813395,5066.808175315997,51549.31151577175,49812.26870833775,1169.116331475647,pvalloc_29nbfs_LRG2_max_1hll_sCs2p4
4936,50365.10111122092,4815.506274957554,50879.39757524301,49305.75528936989,1059.3458218510377,pvalloc_29nbfs_LRG2_max_1hll_sCs2p4
4937,34086.06775482509,4267.044553125998,34735.975984296965,34043.75688907855,42.310865746535285,pvalloc_29nbfs_LRG2_max_1hll_sCs2p4
4938,16343.94874872386,3926.1104636934956,17455.685489127536,16343.94874872386,0.0,pvalloc_29nbfs_LRG2_max_1hll_sCs2p4
4939,7180.141364213115,5152.137675575724,9874.058816460807,7180.141364213115,0.0,pvalloc_29nbfs_LRG2_max_1hll_sCs2p4
4940,296.2504914046534,8837.336610529606,8840.783977002777,296.2504914046534,0.0,pvalloc_29nbfs_LRG2_max_1hll_sCs2p4
4941,0.0,12714.32516043736,12714.32516043736,0.0,0.0,pvalloc_29nbfs_LRG2_max_1hll_sCs2p4
4942,0.0,13844.117670126652,13844.117670126652,0.0,0.0,pvalloc_29nbfs_LRG2_max_1hll_sCs2p4
4943,0.0,13190.081500942473,13190.081500942473,0.0,0.0,pvalloc_29nbfs_LRG2_max_1hll_sCs2p4
4944,0.0,15734.473543662867,15734.473543662867,0.0,0.0,pvalloc_29nbfs_LRG2_max_1hll_sCs2p4
4945,0.0,11843.652935827871,11843.652935827871,0.0,0.0,pvalloc_29nbfs_LRG2_max_1hll_sCs2p4
4946,0.0,9148.163406638314,9148.163406638314,0.0,0.0,pvalloc_29nbfs_LRG2_max_1hll_sCs2p4
4947,0.0,7889.191632688863,7889.191632688863,0.0,0.0,pvalloc_29nbfs_LRG2_max_1hll_sCs2p4
4948,0.0,7842.183829125383,7842.183829125383,0.0,0.0,pvalloc_29nbfs_LRG2_max_1hll_sCs2p4
4949,0.0,6888.334696423668,6888.334696423668,0.0,0.0,pvalloc_29nbfs_LRG2_max_1hll_sCs2p4
4950,7.632217134992045,5201.321077098063,5201.338389461018,7.632217134992045,0.0,pvalloc_29nbfs_LRG2_max_1hll_sCs2p4
4951,9123.970319136288,2539.349984547225,9969.946910053293,9123.970319136288,0.0,pvalloc_29nbfs_LRG2_max_1hll_sCs2p4
4952,30302.837648732304,2554.062777157404,30516.487048583185,30302.837648732304,0.0,pvalloc_29nbfs_LRG2_max_1hll_sCs2p4
4953,54005.76611970979,3006.6616604328783,54129.75768438589,52471.57444403951,1534.1916756702951,pvalloc_29nbfs_LRG2_max_1hll_sCs2p4
4954,75425.48635941285,3368.718851161926,75521.53994298769,67729.20035966633,7696.285999746462,pvalloc_29nbfs_LRG2_max_1hll_sCs2p4
4955,86708.28323695988,3615.8217550606237,86815.04855189561,73960.8206235204,12747.462613439488,pvalloc_29nbfs_LRG2_max_1hll_sCs2p4
4956,74738.04748537733,4604.439346265217,74963.5540048123,67279.3177028899,7458.7297824872985,pvalloc_29nbfs_LRG2_max_1hll_sCs2p4
4957,50051.69834052817,4867.955632118987,50567.184299401655,49062.622757403355,989.0755831248144,pvalloc_29nbfs_LRG2_max_1hll_sCs2p4
4958,60897.37675510502,5005.880619860318,61340.618883675495,57681.74927711783,3215.6274779872083,pvalloc_29nbfs_LRG2_max_1hll_sCs2p4
4959,48572.17343685055,5048.706760159398,49209.28443816712,47748.49126594719,823.6821709033643,pvalloc_29nbfs_LRG2_max_1hll_sCs2p4
4960,44657.247482745384,4723.550484802791,45274.16177694924,44236.85547637358,420.39200637181506,pvalloc_29nbfs_LRG2_max_1hll_sCs2p4
4961,35980.14601580496,4805.37078175066,36784.12032702861,35882.34575360936,97.80026219558806,pvalloc_29nbfs_LRG2_max_1hll_sCs2p4
4962,19840.511049824105,4687.234870059221,21184.49730147103,19840.511049824105,0.0,pvalloc_29nbfs_LRG2_max_1hll_sCs2p4
4963,9129.836941458452,6050.417138586781,12244.313449271116,9129.836941458452,0.0,pvalloc_29nbfs_LRG2_max_1hll_sCs2p4
4964,3.582124025741183,11428.018140519109,11428.018140519109,3.582124025741183,0.0,pvalloc_29nbfs_LRG2_max_1hll_sCs2p4
4965,0.0,21698.62752947297,21698.62752947297,0.0,0.0,pvalloc_29nbfs_LRG2_max_1hll_sCs2p4
4966,0.0,15054.668580548847,15054.668580548847,0.0,0.0,pvalloc_29nbfs_LRG2_max_1hll_sCs2p4
4967,0.0,14761.300435221638,14761.300435221638,0.0,0.0,pvalloc_29nbfs_LRG2_max_1hll_sCs2p4
4968,0.0,12492.279958567413,12492.279958567413,0.0,0.0,pvalloc_29nbfs_LRG2_max_1hll_sCs2p4
4969,0.0,10052.532145121631,10052.532145121631,0.0,0.0,pvalloc_29nbfs_LRG2_max_1hll_sCs2p4
4970,0.0,8034.332061846783,8034.332061846783,0.0,0.0,pvalloc_29nbfs_LRG2_max_1hll_sCs2p4
4971,0.0,7219.022230515399,7219.022230515399,0.0,0.0,pvalloc_29nbfs_LRG2_max_1hll_sCs2p4
4972,0.0,6689.043790452775,6689.043790452775,0.0,0.0,pvalloc_29nbfs_LRG2_max_1hll_sCs2p4
4973,0.0,6426.52820091012,6426.52820091012,0.0,0.0,pvalloc_29nbfs_LRG2_max_1hll_sCs2p4
4974,161.07922262566547,3989.2744521466266,3991.2242004868094,161.07922262566547,0.0,pvalloc_29nbfs_LRG2_max_1hll_sCs2p4
4975,10202.978168236912,2533.9899134435545,10985.712411137343,10202.978168236912,0.0,pvalloc_29nbfs_LRG2_max_1hll_sCs2p4
4976,3134.939431193167,2922.316407632094,4786.6043089461355,3134.939431193167,0.0,pvalloc_29nbfs_LRG2_max_1hll_sCs2p4
4977,18338.185827863355,3138.747102360395,19030.89189516668,18338.185827863355,0.0,pvalloc_29nbfs_LRG2_max_1hll_sCs2p4
4978,36176.71532851293,3432.5529456921367,36532.50457092779,36085.28695160866,91.42837690426518,pvalloc_29nbfs_LRG2_max_1hll_sCs2p4
4979,57341.49562994223,3908.7697228687616,57572.93261787125,55090.47844045375,2251.017189488481,pvalloc_29nbfs_LRG2_max_1hll_sCs2p4
4980,59624.01865683295,4677.569000379921,59970.57302111972,56858.11838209994,2765.9002747330064,pvalloc_29nbfs_LRG2_max_1hll_sCs2p4
4981,62947.65805793845,5377.833817722091,63407.33194424755,59354.74173153834,3592.9163264001027,pvalloc_29nbfs_LRG2_max_1hll_sCs2p4
4982,47636.852982722,4926.06802587317,48240.29677412322,46949.11392992397,687.7390527980299,pvalloc_29nbfs_LRG2_max_1hll_sCs2p4
4983,52863.084448144175,5535.519373546312,53508.799571580195,51408.39645115525,1454.6879969889267,pvalloc_29nbfs_LRG2_max_1hll_sCs2p4
4984,42938.15264087107,4885.945405747303,43583.17072181864,42657.039675656415,281.112965214658,pvalloc_29nbfs_LRG2_max_1hll_sCs2p4
4985,28498.151065717364,4366.889837746315,29332.45586782327,28498.151065717364,0.0,pvalloc_29nbfs_LRG2_max_1hll_sCs2p4
4986,22524.670146475368,4916.418946482676,23926.288498925845,22524.670146475368,0.0,pvalloc_29nbfs_LRG2_max_1hll_sCs2p4
4987,9974.007768302532,5114.15636280627,12425.048876764398,9974.007768302532,0.0,pvalloc_29nbfs_LRG2_max_1hll_sCs2p4
4988,1.7364583273778147,11602.441304380338,11602.441304380338,1.7364583273778147,0.0,pvalloc_29nbfs_LRG2_max_1hll_sCs2p4
4989,0.0,15306.207062822388,15306.207062822388,0.0,0.0,pvalloc_29nbfs_LRG2_max_1hll_sCs2p4
4990,0.0,18487.54111223772,18487.54111223772,0.0,0.0,pvalloc_29nbfs_LRG2_max_1hll_sCs2p4
4991,0.0,15678.910070087288,15678.910070087288,0.0,0.0,pvalloc_29nbfs_LRG2_max_1hll_sCs2p4
4992,0.0,12457.95010585332,12457.95010585332,0.0,0.0,pvalloc_29nbfs_LRG2_max_1hll_sCs2p4
4993,0.0,9566.57816566627,9566.57816566627,0.0,0.0,pvalloc_29nbfs_LRG2_max_1hll_sCs2p4
4994,0.0,8172.598108657662,8172.598108657662,0.0,0.0,pvalloc_29nbfs_LRG2_max_1hll_sCs2p4
4995,0.0,7275.373634775014,7275.373634775014,0.0,0.0,pvalloc_29nbfs_LRG2_max_1hll_sCs2p4
4996,0.0,6657.432000184344,6657.432000184344,0.0,0.0,pvalloc_29nbfs_LRG2_max_1hll_sCs2p4
4997,0.0,6227.23729493923,6227.23729493923,0.0,0.0,pvalloc_29nbfs_LRG2_max_1hll_sCs2p4
4998,409.22631900838957,3581.377703323991,3598.351888671336,409.22631900838957,0.0,pvalloc_29nbfs_LRG2_max_1hll_sCs2p4
4999,14923.837647983686,2526.1500808009628,15468.310703148267,14923.837647983686,0.0,pvalloc_29nbfs_LRG2_max_1hll_sCs2p4
5000,33567.702028512445,2776.4712509804044,33793.33357734373,33557.13562426275,10.566404249688901,pvalloc_29nbfs_LRG2_max_1hll_sCs2p4
5001,52009.03300459061,3114.4499267293145,52155.468879685905,50795.78668250876,1213.2463220818593,pvalloc_29nbfs_LRG2_max_1hll_sCs2p4
5002,65701.94318687492,3225.1279490037873,65818.60739240548,61380.98628541741,4320.956901457455,pvalloc_29nbfs_LRG2_max_1hll_sCs2p4
5003,85566.63106237614,3940.2450774122126,85691.23509373753,73403.9230345677,12162.708027808423,pvalloc_29nbfs_LRG2_max_1hll_sCs2p4
5004,83659.35567855611,4477.963030733268,83830.0102341166,72399.08346247501,11260.272216081077,pvalloc_29nbfs_LRG2_max_1hll_sCs2p4
5005,90117.87037468079,4606.390146528346,90294.45579830729,75710.24198065393,14407.628394026948,pvalloc_29nbfs_LRG2_max_1hll_sCs2p4
5006,83918.14529125327,4591.802856360372,84123.39385103568,72420.28017823244,11497.865113020824,pvalloc_29nbfs_LRG2_max_1hll_sCs2p4
5007,70145.03463849898,4609.3449320387845,70405.38615405654,64295.12968237994,5849.904956118925,pvalloc_29nbfs_LRG2_max_1hll_sCs2p4
5008,55302.58257739291,4087.5933851129207,55597.28277892632,53409.18587280729,1893.3967045856225,pvalloc_29nbfs_LRG2_max_1hll_sCs2p4
5009,32730.631606865634,3834.279640129688,33278.670524317524,32722.55772234573,8.073884519904368,pvalloc_29nbfs_LRG2_max_1hll_sCs2p4
5010,13739.274718781757,3957.8525396106406,15068.937836447798,13739.274718781757,0.0,pvalloc_29nbfs_LRG2_max_1hll_sCs2p4
5011,2512.9299738422847,6083.328675913478,6860.145864036869,2512.9299738422847,0.0,pvalloc_29nbfs_LRG2_max_1hll_sCs2p4
5012,0.024958675141344665,13827.183816513743,13827.183816513743,0.024958675141344665,0.0,pvalloc_29nbfs_LRG2_max_1hll_sCs2p4
5013,0.0,14662.18168263524,14662.18168263524,0.0,0.0,pvalloc_29nbfs_LRG2_max_1hll_sCs2p4
5014,0.0,16274.799124460178,16274.799124460178,0.0,0.0,pvalloc_29nbfs_LRG2_max_1hll_sCs2p4
5015,0.0,15624.092956490871,15624.092956490871,0.0,0.0,pvalloc_29nbfs_LRG2_max_1hll_sCs2p4
5016,0.0,12724.185769730164,12724.185769730164,0.0,0.0,pvalloc_29nbfs_LRG2_max_1hll_sCs2p4
5017,0.0,10867.074894322572,10867.074894322572,0.0,0.0,pvalloc_29nbfs_LRG2_max_1hll_sCs2p4
5018,0.0,8769.371741640622,8769.371741640622,0.0,0.0,pvalloc_29nbfs_LRG2_max_1hll_sCs2p4
5019,0.0,7592.31461024244,7592.31461024244,0.0,0.0,pvalloc_29nbfs_LRG2_max_1hll_sCs2p4
5020,0.0,6804.494587055006,6804.494587055006,0.0,0.0,pvalloc_29nbfs_LRG2_max_1hll_sCs2p4
5021,0.0,6914.447201421454,6914.447201421454,0.0,0.0,pvalloc_29nbfs_LRG2_max_1hll_sCs2p4
5022,126.54643423673122,4156.796252876215,4158.3687143497,126.54643423673122,0.0,pvalloc_29nbfs_LRG2_max_1hll_sCs2p4
5023,10440.89818827478,2564.141011499515,11233.684120325472,10440.89818827478,0.0,pvalloc_29nbfs_LRG2_max_1hll_sCs2p4
5024,21692.324846115287,2749.4464096908578,22114.617648666394,21692.324846115287,0.0,pvalloc_29nbfs_LRG2_max_1hll_sCs2p4
5025,18560.92420250644,3366.487471660377,19407.55286207324,18560.92420250644,0.0,pvalloc_29nbfs_LRG2_max_1hll_sCs2p4
5026,30575.740074072233,3799.1369488032224,31187.724459482342,30575.740074072233,0.0,pvalloc_29nbfs_LRG2_max_1hll_sCs2p4
5027,65866.1337341764,3646.490731969272,66024.03285708002,61453.02164878255,4413.112085393792,pvalloc_29nbfs_LRG2_max_1hll_sCs2p4
5028,78971.73700107264,5326.673878658262,79298.27849497009,69858.80926670838,9112.927734364255,pvalloc_29nbfs_LRG2_max_1hll_sCs2p4
5029,52063.26262885718,5045.44528450901,52596.88899963226,50734.626896563626,1328.6357322935482,pvalloc_29nbfs_LRG2_max_1hll_sCs2p4
5030,22716.446580847056,5836.822712299962,24590.89358897712,22716.446580847056,0.0,pvalloc_29nbfs_LRG2_max_1hll_sCs2p4
5031,25366.515333249623,4959.777130776054,26612.197985013914,25366.515333249623,0.0,pvalloc_29nbfs_LRG2_max_1hll_sCs2p4
5032,33758.73848541893,4039.035927279254,34346.939681289725,33717.23484792291,41.503637496011265,pvalloc_29nbfs_LRG2_max_1hll_sCs2p4
5033,26714.051338405512,4129.355343970344,27519.018713669033,26714.051338405512,0.0,pvalloc_29nbfs_LRG2_max_1hll_sCs2p4
5034,16597.3940638232,4723.112459401427,18220.297425865123,16597.3940638232,0.0,pvalloc_29nbfs_LRG2_max_1hll_sCs2p4
5035,10219.577780996877,5390.063712941614,12755.413879827078,10219.577780996877,0.0,pvalloc_29nbfs_LRG2_max_1hll_sCs2p4
5036,10.569386876097573,10990.814961819586,10990.82739696874,10.569386876097573,0.0,pvalloc_29nbfs_LRG2_max_1hll_sCs2p4
5037,0.0,15623.399766375915,15623.399766375915,0.0,0.0,pvalloc_29nbfs_LRG2_max_1hll_sCs2p4
5038,0.0,16022.715362504954,16022.715362504954,0.0,0.0,pvalloc_29nbfs_LRG2_max_1hll_sCs2p4
5039,0.0,16439.75171535185,16439.75171535185,0.0,0.0,pvalloc_29nbfs_LRG2_max_1hll_sCs2p4
5040,0.0,12326.556850038327,12326.556850038327,0.0,0.0,pvalloc_29nbfs_LRG2_max_1hll_sCs2p4
5041,0.0,9488.472208125191,9488.472208125191,0.0,0.0,pvalloc_29nbfs_LRG2_max_1hll_sCs2p4
5042,0.0,8024.4353338224,8024.4353338224,0.0,0.0,pvalloc_29nbfs_LRG2_max_1hll_sCs2p4
5043,0.0,7253.657469496069,7253.657469496069,0.0,0.0,pvalloc_29nbfs_LRG2_max_1hll_sCs2p4
5044,0.0,6638.189465394041,6638.189465394041,0.0,0.0,pvalloc_29nbfs_LRG2_max_1hll_sCs2p4
5045,0.0,6441.096729282571,6441.096729282571,0.0,0.0,pvalloc_29nbfs_LRG2_max_1hll_sCs2p4
5046,127.10993380300057,4133.362710995745,4134.914000729314,127.10993380300057,0.0,pvalloc_29nbfs_LRG2_max_1hll_sCs2p4
5047,11296.170767223168,2640.8379317239132,12116.99186344406,11296.170767223168,0.0,pvalloc_29nbfs_LRG2_max_1hll_sCs2p4
5048,32389.075668653055,2959.947364380707,32668.339879798878,32389.075668653055,0.0,pvalloc_29nbfs_LRG2_max_1hll_sCs2p4
5049,53145.944805643005,3327.5884056481755,53314.35009004301,51766.67984354006,1379.2649621029454,pvalloc_29nbfs_LRG2_max_1hll_sCs2p4
5050,72239.43722333119,3409.2378396500626,72339.02872807221,65791.90314845329,6447.534074877983,pvalloc_29nbfs_LRG2_max_1hll_sCs2p4
5051,65847.20666177498,3814.1615939487597,66016.77416682961,61470.94071099385,4376.2659507811,pvalloc_29nbfs_LRG2_max_1hll_sCs2p4
5052,60335.54175643055,4447.981138188375,60630.551259203974,57423.12295328982,2912.418803140728,pvalloc_29nbfs_LRG2_max_1hll_sCs2p4
5053,66923.35568734801,4710.753918246686,67211.13064867457,62171.08926300325,4752.266424344792,pvalloc_29nbfs_LRG2_max_1hll_sCs2p4
5054,68049.29348827117,4590.511417615276,68323.70918480663,62858.64676382609,5190.646724445125,pvalloc_29nbfs_LRG2_max_1hll_sCs2p4
5055,57558.655274895806,4863.2826236189485,57971.96206934349,55197.13888800253,2361.5163868932805,pvalloc_29nbfs_LRG2_max_1hll_sCs2p4
5056,51409.50341034368,4304.910929702666,51769.86365970328,50219.19732566278,1190.3060846808862,pvalloc_29nbfs_LRG2_max_1hll_sCs2p4
5057,34344.884119174945,3725.051040752502,34833.93278412103,34301.36137328691,43.522745888042664,pvalloc_29nbfs_LRG2_max_1hll_sCs2p4
5058,12128.630987562896,3720.5214312736007,13405.567890690505,12128.630987562896,0.0,pvalloc_29nbfs_LRG2_max_1hll_sCs2p4
5059,6179.5696375812195,4370.807085073089,8407.642849326296,6179.5696375812195,0.0,pvalloc_29nbfs_LRG2_max_1hll_sCs2p4
5060,212.9975728032742,7653.384114330572,7655.974271226299,212.9975728032742,0.0,pvalloc_29nbfs_LRG2_max_1hll_sCs2p4
5061,0.0,12442.644294585474,12442.644294585474,0.0,0.0,pvalloc_29nbfs_LRG2_max_1hll_sCs2p4
5062,0.0,12652.578225358762,12652.578225358762,0.0,0.0,pvalloc_29nbfs_LRG2_max_1hll_sCs2p4
5063,0.0,12878.862779430521,12878.862779430521,0.0,0.0,pvalloc_29nbfs_LRG2_max_1hll_sCs2p4
5064,0.0,12350.755659688533,12350.755659688533,0.0,0.0,pvalloc_29nbfs_LRG2_max_1hll_sCs2p4
5065,0.0,11097.685205202353,11097.685205202353,0.0,0.0,pvalloc_29nbfs_LRG2_max_1hll_sCs2p4
5066,0.0,9294.124150992038,9294.124150992038,0.0,0.0,pvalloc_29nbfs_LRG2_max_1hll_sCs2p4
5067,0.0,7868.8472553816255,7868.8472553816255,0.0,0.0,pvalloc_29nbfs_LRG2_max_1hll_sCs2p4
5068,0.0,6865.793803809358,6865.793803809358,0.0,0.0,pvalloc_29nbfs_LRG2_max_1hll_sCs2p4
5069,0.0,7046.117084101745,7046.117084101745,0.0,0.0,pvalloc_29nbfs_LRG2_max_1hll_sCs2p4
5070,117.85610354240123,4242.979506713509,4244.426470884074,117.85610354240123,0.0,pvalloc_29nbfs_LRG2_max_1hll_sCs2p4
5071,13181.260285129645,2495.2335823126073,13789.729009387733,13181.260285129645,0.0,pvalloc_29nbfs_LRG2_max_1hll_sCs2p4
5072,30182.36935085936,2796.656899861965,30455.11796387696,30182.36935085936,0.0,pvalloc_29nbfs_LRG2_max_1hll_sCs2p4
5073,52407.87618770309,3196.0359813847786,52564.19016270352,51119.57694278417,1288.2992449189148,pvalloc_29nbfs_LRG2_max_1hll_sCs2p4
5074,69811.03282166606,3484.312270969697,69944.28181892712,64156.44629086956,5654.5865307965105,pvalloc_29nbfs_LRG2_max_1hll_sCs2p4
5075,80381.66278922299,3902.0230562548204,80526.47054996832,70541.16348042771,9840.499308795239,pvalloc_29nbfs_LRG2_max_1hll_sCs2p4
5076,70887.33409337577,4438.202867860281,71112.0982963998,64832.03652092993,6055.297572445782,pvalloc_29nbfs_LRG2_max_1hll_sCs2p4
5077,62708.036585290545,4864.083120368546,63058.12311261758,59160.71482779847,3547.321757492082,pvalloc_29nbfs_LRG2_max_1hll_sCs2p4
5078,53275.260030398276,5048.43113745662,53809.15282063495,51715.9524126163,1559.3076177819767,pvalloc_29nbfs_LRG2_max_1hll_sCs2p4
5079,33085.3454013491,5064.261292785525,34067.74539744413,33057.18690102959,28.15850031950845,pvalloc_29nbfs_LRG2_max_1hll_sCs2p4
5080,36285.751809105524,4694.1539055041185,37026.570006236725,36181.344338039824,104.40747106569938,pvalloc_29nbfs_LRG2_max_1hll_sCs2p4
5081,28590.089407433974,4457.290886346656,29460.77680420499,28590.089407433974,0.0,pvalloc_29nbfs_LRG2_max_1hll_sCs2p4
5082,16324.306600841423,4413.504804956719,17740.509658920815,16324.306600841423,0.0,pvalloc_29nbfs_LRG2_max_1hll_sCs2p4
5083,8593.31671990266,4733.059955594003,10817.575971016344,8593.31671990266,0.0,pvalloc_29nbfs_LRG2_max_1hll_sCs2p4
5084,45.179474275726506,9038.916091849034,9039.193101879966,45.179474275726506,0.0,pvalloc_29nbfs_LRG2_max_1hll_sCs2p4
5085,0.0,14038.884071464148,14038.884071464148,0.0,0.0,pvalloc_29nbfs_LRG2_max_1hll_sCs2p4
5086,0.0,16707.678657408913,16707.678657408913,0.0,0.0,pvalloc_29nbfs_LRG2_max_1hll_sCs2p4
5087,0.0,14798.423471834056,14798.423471834056,0.0,0.0,pvalloc_29nbfs_LRG2_max_1hll_sCs2p4
5088,0.0,12920.992928294934,12920.992928294934,0.0,0.0,pvalloc_29nbfs_LRG2_max_1hll_sCs2p4
5089,0.0,9900.944565301277,9900.944565301277,0.0,0.0,pvalloc_29nbfs_LRG2_max_1hll_sCs2p4
5090,0.0,9389.785903685059,9389.785903685059,0.0,0.0,pvalloc_29nbfs_LRG2_max_1hll_sCs2p4
5091,0.0,7401.546438254427,7401.546438254427,0.0,0.0,pvalloc_29nbfs_LRG2_max_1hll_sCs2p4
5092,0.0,6692.067790682453,6692.067790682453,0.0,0.0,pvalloc_29nbfs_LRG2_max_1hll_sCs2p4
5093,0.0,6497.448685059626,6497.448685059626,0.0,0.0,pvalloc_29nbfs_LRG2_max_1hll_sCs2p4
5094,300.47653115721437,3841.3549061135136,3845.256391605219,300.47653115721437,0.0,pvalloc_29nbfs_LRG2_max_1hll_sCs2p4
5095,14805.72294621372,2371.8534074685767,15273.342536897522,14805.72294621372,0.0,pvalloc_29nbfs_LRG2_max_1hll_sCs2p4
5096,34808.351562819116,2366.775199201474,34945.4070246169,34778.93383710053,29.417725718585018,pvalloc_29nbfs_LRG2_max_1hll_sCs2p4
5097,56896.981990960754,2793.933311718302,56991.65618589267,54843.72990434276,2053.252086617983,pvalloc_29nbfs_LRG2_max_1hll_sCs2p4
5098,73788.94208452388,2917.9449191682015,73865.32821371553,66756.69651965763,7032.245564866207,pvalloc_29nbfs_LRG2_max_1hll_sCs2p4
5099,89271.81943298652,3507.778444959107,89372.87855439105,75290.66640225444,13981.153030732088,pvalloc_29nbfs_LRG2_max_1hll_sCs2p4
5100,75375.76636320213,4903.212069361511,75631.60269210683,67648.47337469409,7727.292988508043,pvalloc_29nbfs_LRG2_max_1hll_sCs2p4
5101,66112.7866905576,5574.847292608851,66580.75795844613,61527.727953997644,4585.058736559961,pvalloc_29nbfs_LRG2_max_1hll_sCs2p4
5102,71197.28088489697,5661.471900669094,71660.55471974124,64859.553365914166,6337.727518982756,pvalloc_29nbfs_LRG2_max_1hll_sCs2p4
5103,64994.67776003304,5144.624288305878,65417.02084021108,60693.33633004031,4301.34142999273,pvalloc_29nbfs_LRG2_max_1hll_sCs2p4
5104,61187.12876482504,4940.815517806146,61617.21245232451,57897.689447952376,3289.43931687265,pvalloc_29nbfs_LRG2_max_1hll_sCs2p4
5105,25873.60200993617,4797.173943503792,26939.781130072,25873.60200993617,0.0,pvalloc_29nbfs_LRG2_max_1hll_sCs2p4
5106,6548.4493887829485,5128.331471390598,9135.257010090285,6548.4493887829485,0.0,pvalloc_29nbfs_LRG2_max_1hll_sCs2p4
5107,1418.5208744924535,6931.71469548539,7053.649307530235,1418.5208744924535,0.0,pvalloc_29nbfs_LRG2_max_1hll_sCs2p4
5108,0.5358138354164108,11343.882498152716,11343.882498152716,0.5358138354164108,0.0,pvalloc_29nbfs_LRG2_max_1hll_sCs2p4
5109,0.0,13173.891725783153,13173.891725783153,0.0,0.0,pvalloc_29nbfs_LRG2_max_1hll_sCs2p4
5110,0.0,13106.449704799224,13106.449704799224,0.0,0.0,pvalloc_29nbfs_LRG2_max_1hll_sCs2p4
5111,0.0,12603.245316458499,12603.245316458499,0.0,0.0,pvalloc_29nbfs_LRG2_max_1hll_sCs2p4
5112,0.0,10413.182078012225,10413.182078012225,0.0,0.0,pvalloc_29nbfs_LRG2_max_1hll_sCs2p4
5113,0.0,8993.403916155024,8993.403916155024,0.0,0.0,pvalloc_29nbfs_LRG2_max_1hll_sCs2p4
5114,0.0,7817.17261512709,7817.17261512709,0.0,0.0,pvalloc_29nbfs_LRG2_max_1hll_sCs2p4
5115,0.0,7187.960258470543,7187.960258470543,0.0,0.0,pvalloc_29nbfs_LRG2_max_1hll_sCs2p4
5116,0.0,6597.782238100715,6597.782238100715,0.0,0.0,pvalloc_29nbfs_LRG2_max_1hll_sCs2p4
5117,0.0,6653.5821695844115,6653.5821695844115,0.0,0.0,pvalloc_29nbfs_LRG2_max_1hll_sCs2p4
5118,143.76462814416936,4119.432716599305,4121.1175197176035,143.76462814416936,0.0,pvalloc_29nbfs_LRG2_max_1hll_sCs2p4
5119,10269.698772992746,2358.6695886645157,10950.077233848264,10269.698772992746,0.0,pvalloc_29nbfs_LRG2_max_1hll_sCs2p4
5120,31158.013822469635,2382.4317590103465,31327.43582910267,31158.013822469635,0.0,pvalloc_29nbfs_LRG2_max_1hll_sCs2p4
5121,54456.32134174674,2713.4704138597626,54553.548486293534,52868.07727375493,1588.244067991807,pvalloc_29nbfs_LRG2_max_1hll_sCs2p4
5122,70449.22138520464,3179.5271825795894,70545.948278366,64645.243669044794,5803.977716159842,pvalloc_29nbfs_LRG2_max_1hll_sCs2p4
5123,88941.18194963866,3493.842858785152,89025.64780020765,75204.32818348112,13736.853766157534,pvalloc_29nbfs_LRG2_max_1hll_sCs2p4
5124,88532.38938041049,4692.21578281472,88697.92821074912,75037.85581558816,13494.533564822228,pvalloc_29nbfs_LRG2_max_1hll_sCs2p4
5125,88454.35786955366,5520.738664559207,88719.39916176851,74921.2065712139,13533.151298339777,pvalloc_29nbfs_LRG2_max_1hll_sCs2p4
5126,82183.29235605741,5401.261965492359,82474.66175525483,71507.70966933668,10675.582686720621,pvalloc_29nbfs_LRG2_max_1hll_sCs2p4
5127,77621.5154612303,5317.259672522662,77940.3032396216,68892.667672433,8728.847788797275,pvalloc_29nbfs_LRG2_max_1hll_sCs2p4
5128,68749.47874318685,4485.54900504429,69007.40443044488,63352.91773642408,5396.56100676281,pvalloc_29nbfs_LRG2_max_1hll_sCs2p4
5129,50417.65804676911,4326.908061438942,50802.76554416025,49387.87613552037,1029.7819112487557,pvalloc_29nbfs_LRG2_max_1hll_sCs2p4
5130,30855.39668000126,4874.786710323041,31804.12423615342,30855.39668000126,0.0,pvalloc_29nbfs_LRG2_max_1hll_sCs2p4
5131,12202.855344162594,4979.046919376268,14328.422726930134,12202.855344162594,0.0,pvalloc_29nbfs_LRG2_max_1hll_sCs2p4
5132,1.3675708027377296,11936.520262365366,11936.520262365366,1.3675708027377296,0.0,pvalloc_29nbfs_LRG2_max_1hll_sCs2p4
5133,0.0,18228.216139042954,18228.216139042954,0.0,0.0,pvalloc_29nbfs_LRG2_max_1hll_sCs2p4
5134,0.0,18162.496361710335,18162.496361710335,0.0,0.0,pvalloc_29nbfs_LRG2_max_1hll_sCs2p4
5135,0.0,15581.301938822113,15581.301938822113,0.0,0.0,pvalloc_29nbfs_LRG2_max_1hll_sCs2p4
5136,0.0,13660.518661518496,13660.518661518496,0.0,0.0,pvalloc_29nbfs_LRG2_max_1hll_sCs2p4
5137,0.0,10358.480128423342,10358.480128423342,0.0,0.0,pvalloc_29nbfs_LRG2_max_1hll_sCs2p4
5138,0.0,8828.47113398323,8828.47113398323,0.0,0.0,pvalloc_29nbfs_LRG2_max_1hll_sCs2p4
5139,0.0,7213.798405873982,7213.798405873982,0.0,0.0,pvalloc_29nbfs_LRG2_max_1hll_sCs2p4
5140,0.0,6479.031429122139,6479.031429122139,0.0,0.0,pvalloc_29nbfs_LRG2_max_1hll_sCs2p4
5141,0.0,6403.16258096044,6403.16258096044,0.0,0.0,pvalloc_29nbfs_LRG2_max_1hll_sCs2p4
5142,125.6171636729834,4161.684516358954,4163.064601484293,125.6171636729834,0.0,pvalloc_29nbfs_LRG2_max_1hll_sCs2p4
5143,13308.923075099585,2354.887928612536,13828.712615819126,13308.923075099585,0.0,pvalloc_29nbfs_LRG2_max_1hll_sCs2p4
5144,33119.66988357271,2663.2125220886696,33318.72699293543,33119.66988357271,0.0,pvalloc_29nbfs_LRG2_max_1hll_sCs2p4
5145,53985.34440535722,3207.8390516543477,54127.18978520912,52479.2040776101,1506.140327747133,pvalloc_29nbfs_LRG2_max_1hll_sCs2p4
5146,74378.13505712365,3328.1310539769033,74475.29954297494,67149.05692821674,7229.0781289069855,pvalloc_29nbfs_LRG2_max_1hll_sCs2p4
5147,87665.60372858128,4249.681354351772,87790.61966597062,74621.15298692648,13044.450741654793,pvalloc_29nbfs_LRG2_max_1hll_sCs2p4
5148,83281.36932902565,5795.248833450372,83648.08747891683,72373.6516901828,10907.71763884287,pvalloc_29nbfs_LRG2_max_1hll_sCs2p4
5149,88102.2378462816,5321.820171668834,88343.37131149358,74827.1363615606,13275.101484721012,pvalloc_29nbfs_LRG2_max_1hll_sCs2p4
5150,87706.41291978296,4495.781615883857,87898.43929952833,74419.9391395498,13286.473780233138,pvalloc_29nbfs_LRG2_max_1hll_sCs2p4
5151,75876.01267615023,5025.248442657733,76147.041477438,67935.56854406687,7940.444132083409,pvalloc_29nbfs_LRG2_max_1hll_sCs2p4
5152,63214.00157261245,4265.486580472979,63458.9457855658,59539.321051920146,3674.6805206923054,pvalloc_29nbfs_LRG2_max_1hll_sCs2p4
5153,45937.18907249042,3930.3001381784584,46264.57678343849,45498.48969853941,438.69937395101306,pvalloc_29nbfs_LRG2_max_1hll_sCs2p4
5154,30685.20088069485,3930.934485021706,31273.627557188443,30685.20088069485,0.0,pvalloc_29nbfs_LRG2_max_1hll_sCs2p4
5155,10171.926213682003,5608.010645585768,12946.205479670418,10171.926213682003,0.0,pvalloc_29nbfs_LRG2_max_1hll_sCs2p4
5156,0.9899346697857694,13203.479831268109,13203.479831268109,0.9899346697857694,0.0,pvalloc_29nbfs_LRG2_max_1hll_sCs2p4
5157,0.0,16656.158247084175,16656.158247084175,0.0,0.0,pvalloc_29nbfs_LRG2_max_1hll_sCs2p4
5158,0.0,16956.66673318879,16956.66673318879,0.0,0.0,pvalloc_29nbfs_LRG2_max_1hll_sCs2p4
5159,0.0,13878.197386105796,13878.197386105796,0.0,0.0,pvalloc_29nbfs_LRG2_max_1hll_sCs2p4
5160,0.0,13359.709264488023,13359.709264488023,0.0,0.0,pvalloc_29nbfs_LRG2_max_1hll_sCs2p4
5161,0.0,9823.42172392698,9823.42172392698,0.0,0.0,pvalloc_29nbfs_LRG2_max_1hll_sCs2p4
5162,0.0,8004.918441437759,8004.918441437759,0.0,0.0,pvalloc_29nbfs_LRG2_max_1hll_sCs2p4
5163,0.0,7279.771629046192,7279.771629046192,0.0,0.0,pvalloc_29nbfs_LRG2_max_1hll_sCs2p4
5164,0.0,6702.512682378078,6702.512682378078,0.0,0.0,pvalloc_29nbfs_LRG2_max_1hll_sCs2p4
5165,0.0,6398.7645866892735,6398.7645866892735,0.0,0.0,pvalloc_29nbfs_LRG2_max_1hll_sCs2p4
5166,103.06559192358236,4348.76855437449,4349.869218446744,103.06559192358236,0.0,pvalloc_29nbfs_LRG2_max_1hll_sCs2p4
5167,12663.627643903234,2548.093648851606,13328.897942414433,12663.627643903234,0.0,pvalloc_29nbfs_LRG2_max_1hll_sCs2p4
5168,33067.7558507782,2920.5487973728805,33323.032613954456,33067.7558507782,0.0,pvalloc_29nbfs_LRG2_max_1hll_sCs2p4
5169,54919.83284673445,3160.6436916122584,55051.99451257596,53244.18417283097,1675.6486739034792,pvalloc_29nbfs_LRG2_max_1hll_sCs2p4
5170,74947.88718452599,3061.343732154121,75032.33291949616,67468.93594870469,7478.951235821278,pvalloc_29nbfs_LRG2_max_1hll_sCs2p4
5171,89758.07865996331,3765.2173986950115,89858.15516622046,75621.67054553167,14136.4081144317,pvalloc_29nbfs_LRG2_max_1hll_sCs2p4
5172,84041.36770174043,4277.778058566946,84201.11298577038,72611.46640736668,11429.901294373787,pvalloc_29nbfs_LRG2_max_1hll_sCs2p4
5173,78326.42374919442,4586.187391951034,78541.0986100271,69378.40566443719,8948.018084757256,pvalloc_29nbfs_LRG2_max_1hll_sCs2p4
5174,88620.30529581574,4540.7996961293,88808.989007958,74910.20711939562,13710.098176420097,pvalloc_29nbfs_LRG2_max_1hll_sCs2p4
5175,76368.86399648375,4722.1227183170095,76615.62338008443,68187.72367911358,8181.140317370192,pvalloc_29nbfs_LRG2_max_1hll_sCs2p4
5176,61168.99485075635,4537.181600767907,61474.637482741266,57987.30588362813,3181.6889671282383,pvalloc_29nbfs_LRG2_max_1hll_sCs2p4
5177,41841.95387589307,4211.202526456118,42317.18287286919,41629.05973269997,212.89414319311442,pvalloc_29nbfs_LRG2_max_1hll_sCs2p4
5178,22927.390142152242,4132.305053631185,23848.30490826184,22927.390142152242,0.0,pvalloc_29nbfs_LRG2_max_1hll_sCs2p4
5179,9385.242764159779,4312.271952957548,11203.301742224186,9385.242764159779,0.0,pvalloc_29nbfs_LRG2_max_1hll_sCs2p4
5180,20.153131365238597,9583.847144224028,9584.00410561545,20.153131365238597,0.0,pvalloc_29nbfs_LRG2_max_1hll_sCs2p4
5181,0.0,17958.547144614713,17958.547144614713,0.0,0.0,pvalloc_29nbfs_LRG2_max_1hll_sCs2p4
5182,0.0,15508.105894089556,15508.105894089556,0.0,0.0,pvalloc_29nbfs_LRG2_max_1hll_sCs2p4
5183,0.0,14273.897403473246,14273.897403473246,0.0,0.0,pvalloc_29nbfs_LRG2_max_1hll_sCs2p4
5184,0.0,13200.332246555769,13200.332246555769,0.0,0.0,pvalloc_29nbfs_LRG2_max_1hll_sCs2p4
5185,0.0,9638.325646422076,9638.325646422076,0.0,0.0,pvalloc_29nbfs_LRG2_max_1hll_sCs2p4
5186,0.0,8321.584507793394,8321.584507793394,0.0,0.0,pvalloc_29nbfs_LRG2_max_1hll_sCs2p4
5187,0.0,7169.817360127392,7169.817360127392,0.0,0.0,pvalloc_29nbfs_LRG2_max_1hll_sCs2p4
5188,0.0,7079.928698781938,7079.928698781938,0.0,0.0,pvalloc_29nbfs_LRG2_max_1hll_sCs2p4
5189,0.0,6529.334832922408,6529.334832922408,0.0,0.0,pvalloc_29nbfs_LRG2_max_1hll_sCs2p4
5190,43.765930510263644,4768.120691613182,4768.617073808947,43.765930510263644,0.0,pvalloc_29nbfs_LRG2_max_1hll_sCs2p4
5191,10378.51770911005,2502.2608889508833,11128.85987813979,10378.51770911005,0.0,pvalloc_29nbfs_LRG2_max_1hll_sCs2p4
5192,27613.31624430373,2857.1761936817074,27935.38738331099,27613.31624430373,0.0,pvalloc_29nbfs_LRG2_max_1hll_sCs2p4
5193,49196.39480974877,3114.9996678459897,49351.3190543245,48457.60554332975,738.7892664190126,pvalloc_29nbfs_LRG2_max_1hll_sCs2p4
5194,62322.88479084959,3395.8475036472105,62457.1640934338,58967.122244169695,3355.7625466798945,pvalloc_29nbfs_LRG2_max_1hll_sCs2p4
5195,70880.23348432485,4074.61790194443,71049.16325520081,64938.083220890745,5942.150263434111,pvalloc_29nbfs_LRG2_max_1hll_sCs2p4
5196,68353.54284673727,5045.888226663931,68690.28298870253,63286.32063000138,5067.222216735897,pvalloc_29nbfs_LRG2_max_1hll_sCs2p4
5197,72584.69714257061,4919.558692732026,72859.93961264977,65920.01676886014,6664.680373710429,pvalloc_29nbfs_LRG2_max_1hll_sCs2p4
5198,71334.77265162676,5431.310668451757,71705.80288131884,65107.45768373688,6227.314967889833,pvalloc_29nbfs_LRG2_max_1hll_sCs2p4
5199,70443.72443681232,4903.530030983489,70742.51370236182,64494.08173381187,5949.642703000503,pvalloc_29nbfs_LRG2_max_1hll_sCs2p4
5200,42356.43267954629,3815.210107834377,42727.542482083474,42122.39890852204,234.03377102425014,pvalloc_29nbfs_LRG2_max_1hll_sCs2p4
5201,27216.777941625613,3804.907412836264,27864.134637828087,27216.777941625613,0.0,pvalloc_29nbfs_LRG2_max_1hll_sCs2p4
5202,13100.208043509143,4327.666168330175,14761.720353461325,13100.208043509143,0.0,pvalloc_29nbfs_LRG2_max_1hll_sCs2p4
5203,8221.583195448758,4806.326150770935,10540.820982037721,8221.583195448758,0.0,pvalloc_29nbfs_LRG2_max_1hll_sCs2p4
5204,0.0,15090.680055117842,15090.680055117842,0.0,0.0,pvalloc_29nbfs_LRG2_max_1hll_sCs2p4
5205,0.0,15791.348827533151,15791.348827533151,0.0,0.0,pvalloc_29nbfs_LRG2_max_1hll_sCs2p4
5206,0.0,15247.75572798058,15247.75572798058,0.0,0.0,pvalloc_29nbfs_LRG2_max_1hll_sCs2p4
5207,0.0,15008.225250668322,15008.225250668322,0.0,0.0,pvalloc_29nbfs_LRG2_max_1hll_sCs2p4
5208,0.0,12069.433844123945,12069.433844123945,0.0,0.0,pvalloc_29nbfs_LRG2_max_1hll_sCs2p4
5209,0.0,11145.876780548273,11145.876780548273,0.0,0.0,pvalloc_29nbfs_LRG2_max_1hll_sCs2p4
5210,0.0,8940.899584908117,8940.899584908117,0.0,0.0,pvalloc_29nbfs_LRG2_max_1hll_sCs2p4
5211,0.0,7874.895807358424,7874.895807358424,0.0,0.0,pvalloc_29nbfs_LRG2_max_1hll_sCs2p4
5212,0.0,7043.644556647981,7043.644556647981,0.0,0.0,pvalloc_29nbfs_LRG2_max_1hll_sCs2p4
5213,0.0,7125.558647681809,7125.558647681809,0.0,0.0,pvalloc_29nbfs_LRG2_max_1hll_sCs2p4
5214,3.6174080823605603,5734.082350755045,5734.154034050858,3.6174080823605603,0.0,pvalloc_29nbfs_LRG2_max_1hll_sCs2p4
5215,1654.5100464592676,3023.779777626755,3676.2289761873867,1654.5100464592676,0.0,pvalloc_29nbfs_LRG2_max_1hll_sCs2p4
5216,6112.141272340727,2945.186428288314,7459.450582351409,6112.141272340727,0.0,pvalloc_29nbfs_LRG2_max_1hll_sCs2p4
5217,12205.920580466414,3187.8800493529693,13275.675360409385,12205.920580466414,0.0,pvalloc_29nbfs_LRG2_max_1hll_sCs2p4
5218,23894.893289532316,3307.5734597304486,24455.34940768831,23894.893289532316,0.0,pvalloc_29nbfs_LRG2_max_1hll_sCs2p4
5219,28433.459680318974,3946.1651951166373,29102.24854595732,28433.459680318974,0.0,pvalloc_29nbfs_LRG2_max_1hll_sCs2p4
5220,21055.568542245917,5082.840521725681,22719.964980803987,21055.568542245917,0.0,pvalloc_29nbfs_LRG2_max_1hll_sCs2p4
5221,45700.245548051484,4532.519335144456,46207.189734067455,45244.609217507896,455.63633054358854,pvalloc_29nbfs_LRG2_max_1hll_sCs2p4
5222,60419.680842500245,4698.909296969101,60774.59407660431,57382.64711661114,3037.033725889116,pvalloc_29nbfs_LRG2_max_1hll_sCs2p4
5223,47447.17165294361,4724.8335013311025,47966.16376715996,46829.42882791828,617.7428250253313,pvalloc_29nbfs_LRG2_max_1hll_sCs2p4
5224,47804.47653464548,4121.437104057351,48171.412342048716,47162.95586072672,641.5206739187639,pvalloc_29nbfs_LRG2_max_1hll_sCs2p4
5225,35802.86591670582,4199.750416064729,36378.398279386536,35734.48958885615,68.37632784967292,pvalloc_29nbfs_LRG2_max_1hll_sCs2p4
5226,24958.316351096826,4094.3385838779145,25778.704791620657,24958.316351096826,0.0,pvalloc_29nbfs_LRG2_max_1hll_sCs2p4
5227,10271.518541184469,4773.642482538453,12374.34506635234,10271.518541184469,0.0,pvalloc_29nbfs_LRG2_max_1hll_sCs2p4
5228,0.24211335346115861,12343.392098989403,12343.392098989403,0.24211335346115861,0.0,pvalloc_29nbfs_LRG2_max_1hll_sCs2p4
5229,0.0,17463.78761121696,17463.78761121696,0.0,0.0,pvalloc_29nbfs_LRG2_max_1hll_sCs2p4
5230,0.0,16776.24576513662,16776.24576513662,0.0,0.0,pvalloc_29nbfs_LRG2_max_1hll_sCs2p4
5231,0.0,13863.094861205218,13863.094861205218,0.0,0.0,pvalloc_29nbfs_LRG2_max_1hll_sCs2p4
5232,0.0,12379.083196074875,12379.083196074875,0.0,0.0,pvalloc_29nbfs_LRG2_max_1hll_sCs2p4
5233,0.0,10840.79645112631,10840.79645112631,0.0,0.0,pvalloc_29nbfs_LRG2_max_1hll_sCs2p4
5234,0.0,8839.193140860432,8839.193140860432,0.0,0.0,pvalloc_29nbfs_LRG2_max_1hll_sCs2p4
5235,0.0,7691.549078353806,7691.549078353806,0.0,0.0,pvalloc_29nbfs_LRG2_max_1hll_sCs2p4
5236,0.0,6881.188714069509,6881.188714069509,0.0,0.0,pvalloc_29nbfs_LRG2_max_1hll_sCs2p4
5237,0.0,7020.828203404437,7020.828203404437,0.0,0.0,pvalloc_29nbfs_LRG2_max_1hll_sCs2p4
5238,66.52225770216565,4740.834511590022,4741.518874407224,66.52225770216565,0.0,pvalloc_29nbfs_LRG2_max_1hll_sCs2p4
5239,11462.905852614635,2608.625225968516,12194.165548288836,11462.905852614635,0.0,pvalloc_29nbfs_LRG2_max_1hll_sCs2p4
5240,24408.39745016973,2926.9890583031756,24813.25314157858,24408.39745016973,0.0,pvalloc_29nbfs_LRG2_max_1hll_sCs2p4
5241,48306.720395085584,3153.193981968322,48472.089540538116,47672.559441486286,634.1609535992992,pvalloc_29nbfs_LRG2_max_1hll_sCs2p4
5242,62264.59320092852,3597.6718991255543,62417.695999992306,58922.167448668355,3342.4257522601547,pvalloc_29nbfs_LRG2_max_1hll_sCs2p4
5243,68820.20604669498,3909.765318040885,68986.5947978304,63526.43020974496,5293.775836950048,pvalloc_29nbfs_LRG2_max_1hll_sCs2p4
5244,56483.08597312195,4418.0077430835645,56799.5386772912,54426.660850453074,2056.4251226688907,pvalloc_29nbfs_LRG2_max_1hll_sCs2p4
5245,54914.144625794186,4932.553562477333,55363.85127840595,53136.45825155055,1777.6863742436344,pvalloc_29nbfs_LRG2_max_1hll_sCs2p4
5246,51253.45109902137,4986.714382198082,51801.796304969845,50046.673163845866,1206.7779351754814,pvalloc_29nbfs_LRG2_max_1hll_sCs2p4
5247,50997.42491166583,4681.234228999402,51473.13685322234,49845.577911652494,1151.8470000133402,pvalloc_29nbfs_LRG2_max_1hll_sCs2p4
5248,43373.075442221016,4129.485874136919,43830.21682400955,43075.02890321093,298.04653901008777,pvalloc_29nbfs_LRG2_max_1hll_sCs2p4
5249,35405.14199467144,4003.8806531038704,35940.35451093072,35343.548647105454,61.593347565976956,pvalloc_29nbfs_LRG2_max_1hll_sCs2p4
5250,18126.706782101093,4538.671060804688,19493.5678747128,18126.706782101093,0.0,pvalloc_29nbfs_LRG2_max_1hll_sCs2p4
5251,8335.14743635245,5133.5261322218885,10855.708651861047,8335.14743635245,0.0,pvalloc_29nbfs_LRG2_max_1hll_sCs2p4
5252,0.0,19000.03044300604,19000.03044300604,0.0,0.0,pvalloc_29nbfs_LRG2_max_1hll_sCs2p4
5253,0.0,19290.58011697166,19290.58011697166,0.0,0.0,pvalloc_29nbfs_LRG2_max_1hll_sCs2p4
5254,0.0,16835.268381474216,16835.268381474216,0.0,0.0,pvalloc_29nbfs_LRG2_max_1hll_sCs2p4
5255,0.0,14924.78827852718,14924.78827852718,0.0,0.0,pvalloc_29nbfs_LRG2_max_1hll_sCs2p4
5256,0.0,13381.168060104113,13381.168060104113,0.0,0.0,pvalloc_29nbfs_LRG2_max_1hll_sCs2p4
5257,0.0,10539.960012448035,10539.960012448035,0.0,0.0,pvalloc_29nbfs_LRG2_max_1hll_sCs2p4
5258,0.0,8429.06624925842,8429.06624925842,0.0,0.0,pvalloc_29nbfs_LRG2_max_1hll_sCs2p4
5259,0.0,7662.686930720702,7662.686930720702,0.0,0.0,pvalloc_29nbfs_LRG2_max_1hll_sCs2p4
5260,0.0,6987.569716052491,6987.569716052491,0.0,0.0,pvalloc_29nbfs_LRG2_max_1hll_sCs2p4
5261,0.0,6946.060646242223,6946.060646242223,0.0,0.0,pvalloc_29nbfs_LRG2_max_1hll_sCs2p4
5262,58.770734667566316,4987.406099782571,4988.029168709716,58.770734667566316,0.0,pvalloc_29nbfs_LRG2_max_1hll_sCs2p4
5263,12691.576485029353,2562.9738546601616,13330.435346021994,12691.576485029353,0.0,pvalloc_29nbfs_LRG2_max_1hll_sCs2p4
5264,33509.83791849449,2856.1060884088897,33745.76192995582,33505.78708374111,4.050834753382844,pvalloc_29nbfs_LRG2_max_1hll_sCs2p4
5265,56205.44795034092,2947.201113232448,56318.22439428719,54282.644592717166,1922.8033576237603,pvalloc_29nbfs_LRG2_max_1hll_sCs2p4
5266,75234.48530378193,3724.458850144429,75351.55224197006,67684.80432298362,7549.680980798339,pvalloc_29nbfs_LRG2_max_1hll_sCs2p4
5267,88838.28739491005,4800.288886159223,89008.64849290233,75242.10660623698,13596.180788673071,pvalloc_29nbfs_LRG2_max_1hll_sCs2p4
5268,86131.75732146809,5848.307166578046,86466.04657985378,73823.31634401908,12308.440977448981,pvalloc_29nbfs_LRG2_max_1hll_sCs2p4
5269,91029.05644383188,5814.783745427028,91318.85284043025,76242.45890890033,14786.597534931492,pvalloc_29nbfs_LRG2_max_1hll_sCs2p4
5270,91514.09250168358,5228.582226142856,91783.4568452556,76219.789073599,15294.303428084599,pvalloc_29nbfs_LRG2_max_1hll_sCs2p4
5271,83056.6199158449,5020.204931060029,83318.46040678574,71932.31231466509,11124.307601179862,pvalloc_29nbfs_LRG2_max_1hll_sCs2p4
5272,69198.94147174836,4778.543502110994,69486.47169179656,63668.46864986401,5530.4728218842665,pvalloc_29nbfs_LRG2_max_1hll_sCs2p4
5273,52130.53093812651,4342.859685827919,52506.11511939926,50814.1882778939,1316.3426602326026,pvalloc_29nbfs_LRG2_max_1hll_sCs2p4
5274,31266.277756729498,4442.946414054692,32030.816179453173,31266.277756729498,0.0,pvalloc_29nbfs_LRG2_max_1hll_sCs2p4
5275,12676.097747887055,4708.765129023152,14449.656681368997,12676.097747887055,0.0,pvalloc_29nbfs_LRG2_max_1hll_sCs2p4
5276,0.001144878417680309,16107.909075590107,16107.909075590107,0.001144878417680309,0.0,pvalloc_29nbfs_LRG2_max_1hll_sCs2p4
5277,0.0,16661.54003587522,16661.54003587522,0.0,0.0,pvalloc_29nbfs_LRG2_max_1hll_sCs2p4
5278,0.0,16071.879638820657,16071.879638820657,0.0,0.0,pvalloc_29nbfs_LRG2_max_1hll_sCs2p4
5279,0.0,16513.61501158644,16513.61501158644,0.0,0.0,pvalloc_29nbfs_LRG2_max_1hll_sCs2p4
5280,0.0,14223.402737580198,14223.402737580198,0.0,0.0,pvalloc_29nbfs_LRG2_max_1hll_sCs2p4
5281,0.0,10189.901163932846,10189.901163932846,0.0,0.0,pvalloc_29nbfs_LRG2_max_1hll_sCs2p4
5282,0.0,9219.908618123189,9219.908618123189,0.0,0.0,pvalloc_29nbfs_LRG2_max_1hll_sCs2p4
5283,0.0,8077.212368111325,8077.212368111325,0.0,0.0,pvalloc_29nbfs_LRG2_max_1hll_sCs2p4
5284,0.0,7416.388772703773,7416.388772703773,0.0,0.0,pvalloc_29nbfs_LRG2_max_1hll_sCs2p4
5285,0.0,7104.393955178768,7104.393955178768,0.0,0.0,pvalloc_29nbfs_LRG2_max_1hll_sCs2p4
5286,19.600297732861552,5505.350316937275,5505.612845671912,19.600297732861552,0.0,pvalloc_29nbfs_LRG2_max_1hll_sCs2p4
5287,11800.920140917451,2604.455555632116,12507.697180010939,11800.920140917451,0.0,pvalloc_29nbfs_LRG2_max_1hll_sCs2p4
5288,33676.29585324435,2762.7941540410297,33892.06427973264,33669.91310882039,6.382744423966699,pvalloc_29nbfs_LRG2_max_1hll_sCs2p4
5289,55892.5273691314,2764.9801031574834,55993.73932637215,54029.284836202605,1863.2425329288112,pvalloc_29nbfs_LRG2_max_1hll_sCs2p4
5290,74191.93943676038,3621.4663294995476,74302.20841286915,67058.14375376288,7133.795682997392,pvalloc_29nbfs_LRG2_max_1hll_sCs2p4
5291,90226.53373959882,4049.877190276569,90349.13498070776,75843.28167645232,14383.25206314656,pvalloc_29nbfs_LRG2_max_1hll_sCs2p4
5292,85624.73212944134,5619.153235217673,85926.3041083912,73559.52955090816,12065.202578533253,pvalloc_29nbfs_LRG2_max_1hll_sCs2p4
5293,91378.10450188036,5532.865171167583,91637.57245854319,76306.440758081,15071.66374379939,pvalloc_29nbfs_LRG2_max_1hll_sCs2p4
5294,86756.90597254343,6652.6700188017085,87213.04360930547,73912.65395126717,12844.252021276243,pvalloc_29nbfs_LRG2_max_1hll_sCs2p4
5295,80016.50517190096,6058.49853583656,80438.82613240647,70230.42597229643,9786.079199604583,pvalloc_29nbfs_LRG2_max_1hll_sCs2p4
5296,65451.77299434046,6116.509280336174,66039.81793621345,61111.61159219691,4340.161402143562,pvalloc_29nbfs_LRG2_max_1hll_sCs2p4
5297,49701.802246725245,5439.29466103126,50393.57814064614,48728.349055887724,973.4531908375106,pvalloc_29nbfs_LRG2_max_1hll_sCs2p4
5298,29312.472857264405,5433.050202019755,30517.053098475357,29312.472857264405,0.0,pvalloc_29nbfs_LRG2_max_1hll_sCs2p4
5299,8809.92886829362,6468.074130780254,12181.092882805437,8809.92886829362,0.0,pvalloc_29nbfs_LRG2_max_1hll_sCs2p4
5300,0.002782290935076717,16914.903257042017,16914.903257042017,0.002782290935076717,0.0,pvalloc_29nbfs_LRG2_max_1hll_sCs2p4
5301,0.0,19664.8737674663,19664.8737674663,0.0,0.0,pvalloc_29nbfs_LRG2_max_1hll_sCs2p4
5302,0.0,21717.29761653144,21717.29761653144,0.0,0.0,pvalloc_29nbfs_LRG2_max_1hll_sCs2p4
5303,0.0,17214.825474050005,17214.825474050005,0.0,0.0,pvalloc_29nbfs_LRG2_max_1hll_sCs2p4
5304,0.0,12578.207549128692,12578.207549128692,0.0,0.0,pvalloc_29nbfs_LRG2_max_1hll_sCs2p4
5305,0.0,10294.109997870488,10294.109997870488,0.0,0.0,pvalloc_29nbfs_LRG2_max_1hll_sCs2p4
5306,0.0,8325.709247505114,8325.709247505114,0.0,0.0,pvalloc_29nbfs_LRG2_max_1hll_sCs2p4
5307,0.0,7293.515981600716,7293.515981600716,0.0,0.0,pvalloc_29nbfs_LRG2_max_1hll_sCs2p4
5308,0.0,6735.774478834691,6735.774478834691,0.0,0.0,pvalloc_29nbfs_LRG2_max_1hll_sCs2p4
5309,0.0,6710.483943585052,6710.483943585052,0.0,0.0,pvalloc_29nbfs_LRG2_max_1hll_sCs2p4
5310,30.292293722625832,4984.836688831829,4985.221814272501,30.292293722625832,0.0,pvalloc_29nbfs_LRG2_max_1hll_sCs2p4
5311,11753.06272930867,2510.5487050764386,12420.5926680128,11753.06272930867,0.0,pvalloc_29nbfs_LRG2_max_1hll_sCs2p4
5312,32873.48740703957,2874.3595935643,33122.09065885433,32873.48740703957,0.0,pvalloc_29nbfs_LRG2_max_1hll_sCs2p4
5313,54821.98338079754,3219.8173741905775,54962.54300973906,53155.2471264005,1666.7362543970412,pvalloc_29nbfs_LRG2_max_1hll_sCs2p4
5314,74966.69765094019,3688.7523028873693,75092.91419695389,67487.7445154448,7478.9531354954015,pvalloc_29nbfs_LRG2_max_1hll_sCs2p4
5315,91201.83649306839,3849.762687762955,91314.57342182782,76298.85383840273,14902.982654665637,pvalloc_29nbfs_LRG2_max_1hll_sCs2p4
5316,85245.94873013798,5913.222273889664,85595.84785182207,73342.13223553382,11903.816494604165,pvalloc_29nbfs_LRG2_max_1hll_sCs2p4
5317,90970.701858401,5415.2519032846685,91210.53613970394,76183.9782128145,14786.723645586504,pvalloc_29nbfs_LRG2_max_1hll_sCs2p4
5318,88574.62143922145,5553.076380762282,88846.06030355507,74909.33386859056,13665.287570630893,pvalloc_29nbfs_LRG2_max_1hll_sCs2p4
5319,82029.02803711931,4917.0543712138615,82262.21893104122,71434.12612814055,10594.901908978833,pvalloc_29nbfs_LRG2_max_1hll_sCs2p4
5320,67946.87364194573,4825.680342937679,68244.84932731463,62838.21309624201,5108.660545703775,pvalloc_29nbfs_LRG2_max_1hll_sCs2p4
5321,50063.61741323304,4697.498805596278,50520.73764385182,49101.419025924864,962.1983873081822,pvalloc_29nbfs_LRG2_max_1hll_sCs2p4
5322,31972.115165334853,3954.62231617367,32566.55151695039,31972.115165334853,0.0,pvalloc_29nbfs_LRG2_max_1hll_sCs2p4
5323,10838.24005292828,4741.984042131878,12905.301658593016,10838.24005292828,0.0,pvalloc_29nbfs_LRG2_max_1hll_sCs2p4
5324,0.6210965762627492,11780.28667058512,11780.28667058512,0.6210965762627492,0.0,pvalloc_29nbfs_LRG2_max_1hll_sCs2p4
5325,0.0,17798.4514230697,17798.4514230697,0.0,0.0,pvalloc_29nbfs_LRG2_max_1hll_sCs2p4
5326,0.0,19605.3340161297,19605.3340161297,0.0,0.0,pvalloc_29nbfs_LRG2_max_1hll_sCs2p4
5327,0.0,17993.339244710096,17993.339244710096,0.0,0.0,pvalloc_29nbfs_LRG2_max_1hll_sCs2p4
5328,0.0,14499.905393880888,14499.905393880888,0.0,0.0,pvalloc_29nbfs_LRG2_max_1hll_sCs2p4
5329,0.0,10706.798579119699,10706.798579119699,0.0,0.0,pvalloc_29nbfs_LRG2_max_1hll_sCs2p4
5330,0.0,8691.305275136961,8691.305275136961,0.0,0.0,pvalloc_29nbfs_LRG2_max_1hll_sCs2p4
5331,0.0,7299.838339654399,7299.838339654399,0.0,0.0,pvalloc_29nbfs_LRG2_max_1hll_sCs2p4
5332,0.0,6942.486827788975,6942.486827788975,0.0,0.0,pvalloc_29nbfs_LRG2_max_1hll_sCs2p4
5333,0.0,6828.1340130815815,6828.1340130815815,0.0,0.0,pvalloc_29nbfs_LRG2_max_1hll_sCs2p4
5334,10.24835863052494,5417.795643678735,5417.931234259136,10.24835863052494,0.0,pvalloc_29nbfs_LRG2_max_1hll_sCs2p4
5335,10506.767136552704,2805.791410528598,11439.973271321085,10506.767136552704,0.0,pvalloc_29nbfs_LRG2_max_1hll_sCs2p4
5336,31592.240551866333,3234.4775369273416,31947.205803763023,31592.240551866333,0.0,pvalloc_29nbfs_LRG2_max_1hll_sCs2p4
5337,53933.01107334033,3412.684823745782,54101.486898014155,52417.04927566583,1515.9617976745017,pvalloc_29nbfs_LRG2_max_1hll_sCs2p4
5338,73882.76596119381,3725.595305659793,74010.38972504664,66837.3064376283,7045.459523565578,pvalloc_29nbfs_LRG2_max_1hll_sCs2p4
5339,89057.965979547,4023.1236763906854,89175.47955803202,75280.29030576565,13777.675673781298,pvalloc_29nbfs_LRG2_max_1hll_sCs2p4
5340,84372.36939168996,5740.401591939518,84720.92648294123,72967.88492329618,11404.484468393775,pvalloc_29nbfs_LRG2_max_1hll_sCs2p4
5341,88670.81336556756,5708.751879269808,88961.68144642844,75101.34433335738,13569.469032210201,pvalloc_29nbfs_LRG2_max_1hll_sCs2p4
5342,85482.92782992532,6552.708684293554,85940.14265781312,73436.26063275295,12046.667197172397,pvalloc_29nbfs_LRG2_max_1hll_sCs2p4
5343,80361.64167241317,5459.214702438039,80671.50391943744,70490.09441181962,9871.547260593488,pvalloc_29nbfs_LRG2_max_1hll_sCs2p4
5344,68393.01761646221,4524.364352577327,68650.52246973087,63130.0795288489,5262.938087613308,pvalloc_29nbfs_LRG2_max_1hll_sCs2p4
5345,48971.56135098061,4481.491081501504,49393.909649006746,48180.02230092823,791.5390500523798,pvalloc_29nbfs_LRG2_max_1hll_sCs2p4
5346,29294.516352199564,4463.915764954226,30122.13746751773,29294.516352199564,0.0,pvalloc_29nbfs_LRG2_max_1hll_sCs2p4
5347,7444.4928465379035,6365.200462440448,10947.544345328677,7444.4928465379035,0.0,pvalloc_29nbfs_LRG2_max_1hll_sCs2p4
5348,0.0,15989.568663671447,15989.568663671447,0.0,0.0,pvalloc_29nbfs_LRG2_max_1hll_sCs2p4
5349,0.0,16826.715043934226,16826.715043934226,0.0,0.0,pvalloc_29nbfs_LRG2_max_1hll_sCs2p4
5350,0.0,17455.218388780384,17455.218388780384,0.0,0.0,pvalloc_29nbfs_LRG2_max_1hll_sCs2p4
5351,0.0,17312.601875985758,17312.601875985758,0.0,0.0,pvalloc_29nbfs_LRG2_max_1hll_sCs2p4
5352,0.0,14414.143741518075,14414.143741518075,0.0,0.0,pvalloc_29nbfs_LRG2_max_1hll_sCs2p4
5353,0.0,9954.172012300513,9954.172012300513,0.0,0.0,pvalloc_29nbfs_LRG2_max_1hll_sCs2p4
5354,0.0,8448.308232531268,8448.308232531268,0.0,0.0,pvalloc_29nbfs_LRG2_max_1hll_sCs2p4
5355,0.0,7461.470557932398,7461.470557932398,0.0,0.0,pvalloc_29nbfs_LRG2_max_1hll_sCs2p4
5356,0.0,6904.553782501743,6904.553782501743,0.0,0.0,pvalloc_29nbfs_LRG2_max_1hll_sCs2p4
5357,0.0,6785.528064411385,6785.528064411385,0.0,0.0,pvalloc_29nbfs_LRG2_max_1hll_sCs2p4
5358,16.190614485861992,5398.048118998189,5398.278082874347,16.190614485861992,0.0,pvalloc_29nbfs_LRG2_max_1hll_sCs2p4
5359,10623.67209627335,2700.306994837373,11466.10982546053,10623.67209627335,0.0,pvalloc_29nbfs_LRG2_max_1hll_sCs2p4
5360,31819.321167037288,3036.5953299188805,32119.790901023945,31819.321167037288,0.0,pvalloc_29nbfs_LRG2_max_1hll_sCs2p4
5361,51634.562570098904,4021.7095008603246,51938.22366103324,50510.00034311753,1124.562226981369,pvalloc_29nbfs_LRG2_max_1hll_sCs2p4
5362,72720.7715331375,4119.611173237177,72885.02216257798,66137.17608220415,6583.59545093341,pvalloc_29nbfs_LRG2_max_1hll_sCs2p4
5363,86945.33569924207,4994.870624815804,87154.03561148579,74316.53475335389,12628.800945888215,pvalloc_29nbfs_LRG2_max_1hll_sCs2p4
5364,84900.4593479061,5829.845807613539,85261.55099578618,73252.03199128005,11648.427356626013,pvalloc_29nbfs_LRG2_max_1hll_sCs2p4
5365,87854.27155645934,6394.237204377809,88287.64640518694,74771.31318045426,13082.958376005103,pvalloc_29nbfs_LRG2_max_1hll_sCs2p4
5366,90086.10820029539,5273.596181914459,90324.1625373428,75674.56600727265,14411.542193022771,pvalloc_29nbfs_LRG2_max_1hll_sCs2p4
5367,81543.23175710188,4898.546968433808,81769.71575938728,71193.95864878042,10349.273108321468,pvalloc_29nbfs_LRG2_max_1hll_sCs2p4
5368,67794.006283879,4601.376608023903,68050.59312933404,62800.8474885261,4993.158795352965,pvalloc_29nbfs_LRG2_max_1hll_sCs2p4
5369,48934.87802580784,4696.835011795785,49397.88676878073,48172.33026090476,762.5477649030645,pvalloc_29nbfs_LRG2_max_1hll_sCs2p4
5370,28012.651254589236,4838.684912885243,29079.96750405075,28012.651254589236,0.0,pvalloc_29nbfs_LRG2_max_1hll_sCs2p4
5371,9368.287036973381,5175.701639364578,11829.091569236933,9368.287036973381,0.0,pvalloc_29nbfs_LRG2_max_1hll_sCs2p4
5372,0.0,16855.677298498773,16855.677298498773,0.0,0.0,pvalloc_29nbfs_LRG2_max_1hll_sCs2p4
5373,0.0,17345.89249504484,17345.89249504484,0.0,0.0,pvalloc_29nbfs_LRG2_max_1hll_sCs2p4
5374,0.0,16579.52219038973,16579.52219038973,0.0,0.0,pvalloc_29nbfs_LRG2_max_1hll_sCs2p4
5375,0.0,15251.446364993697,15251.446364993697,0.0,0.0,pvalloc_29nbfs_LRG2_max_1hll_sCs2p4
5376,0.0,13188.262672566276,13188.262672566276,0.0,0.0,pvalloc_29nbfs_LRG2_max_1hll_sCs2p4
5377,0.0,11323.925666493671,11323.925666493671,0.0,0.0,pvalloc_29nbfs_LRG2_max_1hll_sCs2p4
5378,0.0,9734.491596408212,9734.491596408212,0.0,0.0,pvalloc_29nbfs_LRG2_max_1hll_sCs2p4
5379,0.0,8493.110696508547,8493.110696508547,0.0,0.0,pvalloc_29nbfs_LRG2_max_1hll_sCs2p4
5380,0.0,7434.25510738279,7434.25510738279,0.0,0.0,pvalloc_29nbfs_LRG2_max_1hll_sCs2p4
5381,0.0,7087.350693282779,7087.350693282779,0.0,0.0,pvalloc_29nbfs_LRG2_max_1hll_sCs2p4
5382,6.534185423041755,5749.421209176676,5749.520599986517,6.534185423041755,0.0,pvalloc_29nbfs_LRG2_max_1hll_sCs2p4
5383,10254.574046123358,2774.4012503440026,11158.908496497908,10254.574046123358,0.0,pvalloc_29nbfs_LRG2_max_1hll_sCs2p4
5384,32073.722609064207,2885.6120470271126,32341.495405151458,32073.722609064207,0.0,pvalloc_29nbfs_LRG2_max_1hll_sCs2p4
5385,54206.62798835318,3221.021068475561,54352.115584464744,52637.78396858368,1568.8440197694965,pvalloc_29nbfs_LRG2_max_1hll_sCs2p4
5386,72812.46385786496,3905.2635232065386,72952.0924284673,66186.51549707178,6625.948360793225,pvalloc_29nbfs_LRG2_max_1hll_sCs2p4
5387,88429.11934124917,4434.829805265341,88577.14974558042,74965.16831677633,13463.95102447282,pvalloc_29nbfs_LRG2_max_1hll_sCs2p4
5388,85521.25393881019,5517.027246519698,85806.18292147348,73490.17571578607,12031.078223024097,pvalloc_29nbfs_LRG2_max_1hll_sCs2p4
5389,89255.46177291674,5835.655080134435,89557.94086670007,75342.56309966205,13912.898673254685,pvalloc_29nbfs_LRG2_max_1hll_sCs2p4
5390,85622.17497008813,6239.927563947953,86011.27697927669,73453.21818982372,12168.956780264405,pvalloc_29nbfs_LRG2_max_1hll_sCs2p4
5391,78825.31075371167,5604.017019424101,79161.51555491438,69674.72667982982,9150.584073881828,pvalloc_29nbfs_LRG2_max_1hll_sCs2p4
5392,64784.07219745934,5314.628107735656,65192.61444769192,60740.63720206779,4043.434995391551,pvalloc_29nbfs_LRG2_max_1hll_sCs2p4
5393,46002.809788241415,5338.390776389941,46714.47989447599,45557.223784139,445.58600410241587,pvalloc_29nbfs_LRG2_max_1hll_sCs2p4
5394,27034.68071193003,4953.848361783371,28201.102449736685,27034.68071193003,0.0,pvalloc_29nbfs_LRG2_max_1hll_sCs2p4
5395,6322.011131178107,7005.062737177126,10430.148860554582,6322.011131178107,0.0,pvalloc_29nbfs_LRG2_max_1hll_sCs2p4
5396,0.0,17145.778539789335,17145.778539789335,0.0,0.0,pvalloc_29nbfs_LRG2_max_1hll_sCs2p4
5397,0.0,18592.2121303555,18592.2121303555,0.0,0.0,pvalloc_29nbfs_LRG2_max_1hll_sCs2p4
5398,0.0,17959.280865600802,17959.280865600802,0.0,0.0,pvalloc_29nbfs_LRG2_max_1hll_sCs2p4
5399,0.0,15321.147510146635,15321.147510146635,0.0,0.0,pvalloc_29nbfs_LRG2_max_1hll_sCs2p4
5400,0.0,13722.161589340783,13722.161589340783,0.0,0.0,pvalloc_29nbfs_LRG2_max_1hll_sCs2p4
5401,0.0,10430.229263731497,10430.229263731497,0.0,0.0,pvalloc_29nbfs_LRG2_max_1hll_sCs2p4
5402,0.0,8829.571873465273,8829.571873465273,0.0,0.0,pvalloc_29nbfs_LRG2_max_1hll_sCs2p4
5403,0.0,7657.188196967487,7657.188196967487,0.0,0.0,pvalloc_29nbfs_LRG2_max_1hll_sCs2p4
5404,0.0,7455.696363549953,7455.696363549953,0.0,0.0,pvalloc_29nbfs_LRG2_max_1hll_sCs2p4
5405,0.0,7031.549107246736,7031.549107246736,0.0,0.0,pvalloc_29nbfs_LRG2_max_1hll_sCs2p4
5406,1.9949032400496105,6089.679149729345,6089.7265007218775,1.9949032400496105,0.0,pvalloc_29nbfs_LRG2_max_1hll_sCs2p4
5407,10247.392012939103,2615.7811160674237,11051.220840170206,10247.392012939103,0.0,pvalloc_29nbfs_LRG2_max_1hll_sCs2p4
5408,29308.652212490757,3029.086250666081,29647.660658364708,29308.652212490757,0.0,pvalloc_29nbfs_LRG2_max_1hll_sCs2p4
5409,48769.74064056347,3991.4805254597904,49086.52697839635,48075.06214973038,694.6784908330831,pvalloc_29nbfs_LRG2_max_1hll_sCs2p4
5410,67054.17692210583,3842.8439701807665,67215.9267611793,62352.862593724225,4701.314328381573,pvalloc_29nbfs_LRG2_max_1hll_sCs2p4
5411,74855.29455165843,4142.327433753444,75027.28964740949,67361.05653354584,7494.238018112631,pvalloc_29nbfs_LRG2_max_1hll_sCs2p4
5412,63312.9639129218,5462.693446779188,63792.865041992976,59687.62438385919,3625.3395290626104,pvalloc_29nbfs_LRG2_max_1hll_sCs2p4
5413,62779.60453301551,6093.9991719171985,63410.079459143366,59240.15016163386,3539.4543713816665,pvalloc_29nbfs_LRG2_max_1hll_sCs2p4
5414,57282.15316934192,6035.513592742854,58006.38499292327,54910.79801126628,2371.3551580756516,pvalloc_29nbfs_LRG2_max_1hll_sCs2p4
5415,46211.35395446373,5488.494029716227,46971.03822325063,45698.237148307024,513.1168061567178,pvalloc_29nbfs_LRG2_max_1hll_sCs2p4
5416,34373.20628879748,5014.325243683741,35264.124413312464,34323.48843835721,49.71785044027661,pvalloc_29nbfs_LRG2_max_1hll_sCs2p4
5417,27442.61191163439,4820.387991848383,28496.029983746932,27442.61191163439,0.0,pvalloc_29nbfs_LRG2_max_1hll_sCs2p4
5418,11360.23924561584,5233.895858762813,13694.057263880062,11360.23924561584,0.0,pvalloc_29nbfs_LRG2_max_1hll_sCs2p4
5419,2517.2701084648597,6574.739862202476,7235.411353145498,2517.2701084648597,0.0,pvalloc_29nbfs_LRG2_max_1hll_sCs2p4
5420,0.0,14157.28283210674,14157.28283210674,0.0,0.0,pvalloc_29nbfs_LRG2_max_1hll_sCs2p4
5421,0.0,16175.317955120869,16175.317955120869,0.0,0.0,pvalloc_29nbfs_LRG2_max_1hll_sCs2p4
5422,0.0,16617.529616008724,16617.529616008724,0.0,0.0,pvalloc_29nbfs_LRG2_max_1hll_sCs2p4
5423,0.0,15583.466132818583,15583.466132818583,0.0,0.0,pvalloc_29nbfs_LRG2_max_1hll_sCs2p4
5424,0.0,13573.678772779584,13573.678772779584,0.0,0.0,pvalloc_29nbfs_LRG2_max_1hll_sCs2p4
4920,0.0,11113.463869085279,11113.463869085279,0.0,0.0,pvalloc_29nbfs_LRG2_max_1hll_sCs2p6
4921,0.0,10737.831728562103,10737.831728562103,0.0,0.0,pvalloc_29nbfs_LRG2_max_1hll_sCs2p6
4922,0.0,10105.311448681487,10105.311448681487,0.0,0.0,pvalloc_29nbfs_LRG2_max_1hll_sCs2p6
4923,0.0,8120.0948804456375,8120.0948804456375,0.0,0.0,pvalloc_29nbfs_LRG2_max_1hll_sCs2p6
4924,0.0,7251.733657230993,7251.733657230993,0.0,0.0,pvalloc_29nbfs_LRG2_max_1hll_sCs2p6
4925,0.0,6971.075169345191,6971.075169345191,0.0,0.0,pvalloc_29nbfs_LRG2_max_1hll_sCs2p6
4926,823.7911149031914,3596.058294753922,3690.6530358919877,823.7911149031914,0.0,pvalloc_29nbfs_LRG2_max_1hll_sCs2p6
4927,15762.725380037988,2536.2753277743377,16270.328649512678,15762.725380037988,0.0,pvalloc_29nbfs_LRG2_max_1hll_sCs2p6
4928,35996.66106856156,2697.8259294385375,36182.3149307188,35929.90490043347,66.75616812810301,pvalloc_29nbfs_LRG2_max_1hll_sCs2p6
4929,55371.771860108965,3337.9611111657614,55528.298499892604,53605.84667695157,1765.9251831573893,pvalloc_29nbfs_LRG2_max_1hll_sCs2p6
4930,74395.08915249488,3562.845601656819,74508.5859763918,67100.43346565415,7294.65568684072,pvalloc_29nbfs_LRG2_max_1hll_sCs2p6
4931,89322.96331203649,4072.208339358378,89451.51417968684,75346.21894709424,13976.744364942158,pvalloc_29nbfs_LRG2_max_1hll_sCs2p6
4932,74225.78790241721,5133.613042735361,74533.8096215023,66964.50145551085,7261.286446906175,pvalloc_29nbfs_LRG2_max_1hll_sCs2p6
4933,61771.60456024502,6642.64958943561,62618.318396925875,58537.43146672788,3234.1730935171377,pvalloc_29nbfs_LRG2_max_1hll_sCs2p6
4934,58395.7063411928,5487.816659971628,58940.19120043269,55855.40651707262,2540.2998241201967,pvalloc_29nbfs_LRG2_max_1hll_sCs2p6
4935,50983.88314252378,5066.808175315998,51552.20330298263,49816.43032080393,1167.4528217198488,pvalloc_29nbfs_LRG2_max_1hll_sCs2p6
4936,50367.58244916011,4815.506274957554,50882.18242902535,49309.78113147156,1057.801317688547,pvalloc_29nbfs_LRG2_max_1hll_sCs2p6
4937,34087.95470874821,4267.206202225561,34738.007036870345,34045.685905747516,42.26880300069212,pvalloc_29nbfs_LRG2_max_1hll_sCs2p6
4938,16344.954280241993,3926.176607758259,17457.089376615946,16344.954280241993,0.0,pvalloc_29nbfs_LRG2_max_1hll_sCs2p6
4939,7181.029041763486,5152.347139110742,9874.993165787946,7181.029041763486,0.0,pvalloc_29nbfs_LRG2_max_1hll_sCs2p6
4940,296.3572122279335,8837.202285369935,8840.649651843103,296.3572122279335,0.0,pvalloc_29nbfs_LRG2_max_1hll_sCs2p6
4941,0.0,12714.325160437364,12714.325160437364,0.0,0.0,pvalloc_29nbfs_LRG2_max_1hll_sCs2p6
4942,0.0,13844.117670126652,13844.117670126652,0.0,0.0,pvalloc_29nbfs_LRG2_max_1hll_sCs2p6
4943,0.0,13190.081500942473,13190.081500942473,0.0,0.0,pvalloc_29nbfs_LRG2_max_1hll_sCs2p6
4944,0.0,15734.473543662869,15734.473543662869,0.0,0.0,pvalloc_29nbfs_LRG2_max_1hll_sCs2p6
4945,0.0,11843.652935827871,11843.652935827871,0.0,0.0,pvalloc_29nbfs_LRG2_max_1hll_sCs2p6
4946,0.0,9148.163406638314,9148.163406638314,0.0,0.0,pvalloc_29nbfs_LRG2_max_1hll_sCs2p6
4947,0.0,7889.191632688865,7889.191632688865,0.0,0.0,pvalloc_29nbfs_LRG2_max_1hll_sCs2p6
4948,0.0,7842.183829125384,7842.183829125384,0.0,0.0,pvalloc_29nbfs_LRG2_max_1hll_sCs2p6
4949,0.0,6888.334696423667,6888.334696423667,0.0,0.0,pvalloc_29nbfs_LRG2_max_1hll_sCs2p6
4950,7.6621739499752,5201.272053890783,5201.289366253737,7.6621739499752,0.0,pvalloc_29nbfs_LRG2_max_1hll_sCs2p6
4951,9124.573138707838,2539.373118499747,9970.739165801817,9124.573138707838,0.0,pvalloc_29nbfs_LRG2_max_1hll_sCs2p6
4952,30304.32813084678,2554.0627771574036,30518.201593227706,30304.32813084678,0.0,pvalloc_29nbfs_LRG2_max_1hll_sCs2p6
4953,54008.3254712803,3006.6616604328783,54132.42007707465,52475.859006102895,1532.466465177404,pvalloc_29nbfs_LRG2_max_1hll_sCs2p6
4954,75429.01030477238,3368.718851161926,75524.78335835224,67732.50143203435,7696.50887273804,pvalloc_29nbfs_LRG2_max_1hll_sCs2p6
4955,86712.26515888039,3615.821755060623,86818.80184403626,73962.35338238507,12749.911776495364,pvalloc_29nbfs_LRG2_max_1hll_sCs2p6
4956,74741.61845340274,4604.439346265218,74967.64216875038,67282.77030043423,7458.848152968509,pvalloc_29nbfs_LRG2_max_1hll_sCs2p6
4957,50054.16000433317,4867.955632118987,50570.03771758883,49066.740223317145,987.4197810160185,pvalloc_29nbfs_LRG2_max_1hll_sCs2p6
4958,60900.25309209612,5005.880619860318,61343.870879830305,57684.201836402564,3216.0512556935564,pvalloc_29nbfs_LRG2_max_1hll_sCs2p6
4959,48574.43178576616,5048.634225022826,49211.84461693472,47752.993345224604,821.4384405415587,pvalloc_29nbfs_LRG2_max_1hll_sCs2p6
4960,44659.33243376021,4723.482154343247,45276.5153125471,44240.56019812441,418.77223563579656,pvalloc_29nbfs_LRG2_max_1hll_sCs2p6
4961,35982.195791690065,4805.613064422929,36786.30432527429,35884.43973542855,97.75605626151815,pvalloc_29nbfs_LRG2_max_1hll_sCs2p6
4962,19841.579171672376,4687.146498277318,21185.972343985177,19841.579171672376,0.0,pvalloc_29nbfs_LRG2_max_1hll_sCs2p6
4963,9130.937126683026,6050.676084632522,12245.433792094116,9130.937126683026,0.0,pvalloc_29nbfs_LRG2_max_1hll_sCs2p6
4964,3.5949428559792027,11427.89190769129,11427.89190769129,3.5949428559792027,0.0,pvalloc_29nbfs_LRG2_max_1hll_sCs2p6
4965,0.0,21698.627529472975,21698.627529472975,0.0,0.0,pvalloc_29nbfs_LRG2_max_1hll_sCs2p6
4966,0.0,15054.66858054885,15054.66858054885,0.0,0.0,pvalloc_29nbfs_LRG2_max_1hll_sCs2p6
4967,0.0,14761.300435221638,14761.300435221638,0.0,0.0,pvalloc_29nbfs_LRG2_max_1hll_sCs2p6
4968,0.0,12492.279958567413,12492.279958567413,0.0,0.0,pvalloc_29nbfs_LRG2_max_1hll_sCs2p6
4969,0.0,10052.532145121631,10052.532145121631,0.0,0.0,pvalloc_29nbfs_LRG2_max_1hll_sCs2p6
4970,0.0,8034.332061846784,8034.332061846784,0.0,0.0,pvalloc_29nbfs_LRG2_max_1hll_sCs2p6
4971,0.0,7219.022230515399,7219.022230515399,0.0,0.0,pvalloc_29nbfs_LRG2_max_1hll_sCs2p6
4972,0.0,6689.043790452774,6689.043790452774,0.0,0.0,pvalloc_29nbfs_LRG2_max_1hll_sCs2p6
4973,0.0,6426.528200910121,6426.528200910121,0.0,0.0,pvalloc_29nbfs_LRG2_max_1hll_sCs2p6
4974,161.2072550002315,3989.2961123578934,3991.2458606980763,161.2072550002315,0.0,pvalloc_29nbfs_LRG2_max_1hll_sCs2p6
4975,10203.460354417199,2533.8484779697415,10986.257501121872,10203.460354417199,0.0,pvalloc_29nbfs_LRG2_max_1hll_sCs2p6
4976,3135.270448833499,2922.338104182094,4786.91767137725,3135.270448833499,0.0,pvalloc_29nbfs_LRG2_max_1hll_sCs2p6
4977,18339.315019969592,3138.8805056710735,19031.99786311404,18339.315019969592,0.0,pvalloc_29nbfs_LRG2_max_1hll_sCs2p6
4978,36178.461510101144,3432.5529456921367,36534.52703319828,36087.075858951626,91.38565114951831,pvalloc_29nbfs_LRG2_max_1hll_sCs2p6
4979,57344.1955127357,3908.769722868762,57576.124244430146,55094.12192127607,2250.073591459616,pvalloc_29nbfs_LRG2_max_1hll_sCs2p6
4980,59626.90376264077,4677.569000379922,59973.86529204613,56861.016053633066,2765.887709007694,pvalloc_29nbfs_LRG2_max_1hll_sCs2p6
4981,62950.75306719462,5377.833817722091,63410.974188001295,59357.352982002776,3593.400085191874,pvalloc_29nbfs_LRG2_max_1hll_sCs2p6
4982,47639.07289409735,4925.997484988007,48242.827061320924,46953.31279019692,685.760103900441,pvalloc_29nbfs_LRG2_max_1hll_sCs2p6
4983,52865.750166125814,5535.519373546312,53511.70958134174,51412.97460997714,1452.7755561486729,pvalloc_29nbfs_LRG2_max_1hll_sCs2p6
4984,42940.33765280369,4885.945405747305,43585.44775100502,42661.08272256124,279.2549302424498,pvalloc_29nbfs_LRG2_max_1hll_sCs2p6
4985,28499.859762970107,4367.090548984153,29334.140906358793,28499.859762970107,0.0,pvalloc_29nbfs_LRG2_max_1hll_sCs2p6
4986,22526.287864397316,4916.6865291681315,23928.019664522897,22526.287864397316,0.0,pvalloc_29nbfs_LRG2_max_1hll_sCs2p6
4987,9974.843943134674,5114.162986111057,12425.884054286358,9974.843943134674,0.0,pvalloc_29nbfs_LRG2_max_1hll_sCs2p6
4988,1.7516621224169346,11602.295637279993,11602.295637279993,1.7516621224169346,0.0,pvalloc_29nbfs_LRG2_max_1hll_sCs2p6
4989,0.0,15306.207062822388,15306.207062822388,0.0,0.0,pvalloc_29nbfs_LRG2_max_1hll_sCs2p6
4990,0.0,18487.54111223772,18487.54111223772,0.0,0.0,pvalloc_29nbfs_LRG2_max_1hll_sCs2p6
4991,0.0,15678.91007008729,15678.91007008729,0.0,0.0,pvalloc_29nbfs_LRG2_max_1hll_sCs2p6
4992,0.0,12457.950105853322,12457.950105853322,0.0,0.0,pvalloc_29nbfs_LRG2_max_1hll_sCs2p6
4993,0.0,9566.57816566627,9566.57816566627,0.0,0.0,pvalloc_29nbfs_LRG2_max_1hll_sCs2p6
4994,0.0,8172.598108657664,8172.598108657664,0.0,0.0,pvalloc_29nbfs_LRG2_max_1hll_sCs2p6
4995,0.0,7275.373634775014,7275.373634775014,0.0,0.0,pvalloc_29nbfs_LRG2_max_1hll_sCs2p6
4996,0.0,6657.432000184344,6657.432000184344,0.0,0.0,pvalloc_29nbfs_LRG2_max_1hll_sCs2p6
4997,0.0,6227.237294939231,6227.237294939231,0.0,0.0,pvalloc_29nbfs_LRG2_max_1hll_sCs2p6
4998,409.4207442420795,3581.4324443839837,3598.398050490656,409.4207442420795,0.0,pvalloc_29nbfs_LRG2_max_1hll_sCs2p6
4999,14924.776793999541,2526.255120620352,15469.21906349797,14924.776793999541,0.0,pvalloc_29nbfs_LRG2_max_1hll_sCs2p6
5000,33569.34436380159,2776.471250980404,33795.20629465811,33558.81771248925,10.52665131233374,pvalloc_29nbfs_LRG2_max_1hll_sCs2p6
5001,52011.50603107893,3114.449926729314,52158.27902204352,50799.791212907396,1211.7148181715174,pvalloc_29nbfs_LRG2_max_1hll_sCs2p6
5002,65705.01264718322,3225.1279490037873,65821.4330763608,61383.50430392061,4321.508343262577,pvalloc_29nbfs_LRG2_max_1hll_sCs2p6
5003,85570.61373621697,3940.2450774122126,85694.90236604781,73405.44598149306,12165.167754723929,pvalloc_29nbfs_LRG2_max_1hll_sCs2p6
5004,83663.32056211021,4477.963030733268,83834.13515293926,72400.66353876621,11262.657023343996,pvalloc_29nbfs_LRG2_max_1hll_sCs2p6
5005,90122.11265431879,4606.390146528345,90298.36048099695,75712.80729227222,14409.305362046578,pvalloc_29nbfs_LRG2_max_1hll_sCs2p6
5006,83922.08457373614,4591.802856360373,84127.40476950574,72421.84328288563,11500.241290850588,pvalloc_29nbfs_LRG2_max_1hll_sCs2p6
5007,70148.38147141851,4609.3449320387845,70409.2723048226,64298.133171894995,5850.2482995233995,pvalloc_29nbfs_LRG2_max_1hll_sCs2p6
5008,55305.21520127783,4087.5933851129203,55600.38850313394,53412.44665646084,1892.7685448169896,pvalloc_29nbfs_LRG2_max_1hll_sCs2p6
5009,32732.285167846276,3834.3034167912924,33280.45824716189,32724.1912128162,8.093955030075563,pvalloc_29nbfs_LRG2_max_1hll_sCs2p6
5010,13740.264770329764,3957.99380313082,15070.219455724031,13740.264770329764,0.0,pvalloc_29nbfs_LRG2_max_1hll_sCs2p6
5011,2513.2584731151783,6083.266750413815,6860.312473785522,2513.2584731151783,0.0,pvalloc_29nbfs_LRG2_max_1hll_sCs2p6
5012,0.024958675141344665,13827.115127991096,13827.115127991096,0.024958675141344665,0.0,pvalloc_29nbfs_LRG2_max_1hll_sCs2p6
5013,0.0,14662.181682635239,14662.181682635239,0.0,0.0,pvalloc_29nbfs_LRG2_max_1hll_sCs2p6
5014,0.0,16274.799124460178,16274.799124460178,0.0,0.0,pvalloc_29nbfs_LRG2_max_1hll_sCs2p6
5015,0.0,15624.092956490873,15624.092956490873,0.0,0.0,pvalloc_29nbfs_LRG2_max_1hll_sCs2p6
5016,0.0,12724.185769730162,12724.185769730162,0.0,0.0,pvalloc_29nbfs_LRG2_max_1hll_sCs2p6
5017,0.0,10867.074894322572,10867.074894322572,0.0,0.0,pvalloc_29nbfs_LRG2_max_1hll_sCs2p6
5018,0.0,8769.371741640622,8769.371741640622,0.0,0.0,pvalloc_29nbfs_LRG2_max_1hll_sCs2p6
5019,0.0,7592.31461024244,7592.31461024244,0.0,0.0,pvalloc_29nbfs_LRG2_max_1hll_sCs2p6
5020,0.0,6804.494587055006,6804.494587055006,0.0,0.0,pvalloc_29nbfs_LRG2_max_1hll_sCs2p6
5021,0.0,6914.447201421454,6914.447201421454,0.0,0.0,pvalloc_29nbfs_LRG2_max_1hll_sCs2p6
5022,126.66234330598832,4156.804395655581,4158.3768571290675,126.66234330598832,0.0,pvalloc_29nbfs_LRG2_max_1hll_sCs2p6
5023,10441.396630560486,2564.004778271106,11234.237776268144,10441.396630560486,0.0,pvalloc_29nbfs_LRG2_max_1hll_sCs2p6
5024,21693.387824514295,2749.410354952663,22115.73447198329,21693.387824514295,0.0,pvalloc_29nbfs_LRG2_max_1hll_sCs2p6
5025,18562.18927577596,3366.718760480156,19408.740619216864,18562.18927577596,0.0,pvalloc_29nbfs_LRG2_max_1hll_sCs2p6
5026,30577.33567006875,3799.136948803222,31189.28095548711,30577.33567006875,0.0,pvalloc_29nbfs_LRG2_max_1hll_sCs2p6
5027,65869.16767032814,3646.4907319692716,66027.36496135948,61455.68371313849,4413.4839571896755,pvalloc_29nbfs_LRG2_max_1hll_sCs2p6
5028,78975.59374756778,5326.673878658262,79302.57877258507,69860.71125343163,9114.882494136113,pvalloc_29nbfs_LRG2_max_1hll_sCs2p6
5029,52065.787125865085,5045.445284509011,52599.817477808974,50739.133090165924,1326.6540356991636,pvalloc_29nbfs_LRG2_max_1hll_sCs2p6
5030,22717.538601996024,5836.592074137962,24592.31591921887,22717.538601996024,0.0,pvalloc_29nbfs_LRG2_max_1hll_sCs2p6
5031,25367.896178240775,4959.77103366288,26613.873702265715,25367.896178240775,0.0,pvalloc_29nbfs_LRG2_max_1hll_sCs2p6
5032,33760.34494652068,4038.984749992023,34348.66693283117,33718.88200692186,41.462939598818195,pvalloc_29nbfs_LRG2_max_1hll_sCs2p6
5033,26715.655213510367,4129.545825372092,27520.5923707164,26715.655213510367,0.0,pvalloc_29nbfs_LRG2_max_1hll_sCs2p6
5034,16598.48319689427,4723.151708645546,18221.753433758953,16598.48319689427,0.0,pvalloc_29nbfs_LRG2_max_1hll_sCs2p6
5035,10220.61412855222,5390.261635889019,12756.544222998544,10220.61412855222,0.0,pvalloc_29nbfs_LRG2_max_1hll_sCs2p6
5036,10.592502551595702,10990.656705911095,10990.669141060253,10.592502551595702,0.0,pvalloc_29nbfs_LRG2_max_1hll_sCs2p6
5037,0.0,15623.399766375918,15623.399766375918,0.0,0.0,pvalloc_29nbfs_LRG2_max_1hll_sCs2p6
5038,0.0,16022.715362504956,16022.715362504956,0.0,0.0,pvalloc_29nbfs_LRG2_max_1hll_sCs2p6
5039,0.0,16439.75171535185,16439.75171535185,0.0,0.0,pvalloc_29nbfs_LRG2_max_1hll_sCs2p6
5040,0.0,12326.556850038325,12326.556850038325,0.0,0.0,pvalloc_29nbfs_LRG2_max_1hll_sCs2p6
5041,0.0,9488.472208125191,9488.472208125191,0.0,0.0,pvalloc_29nbfs_LRG2_max_1hll_sCs2p6
5042,0.0,8024.4353338224,8024.4353338224,0.0,0.0,pvalloc_29nbfs_LRG2_max_1hll_sCs2p6
5043,0.0,7253.657469496068,7253.657469496068,0.0,0.0,pvalloc_29nbfs_LRG2_max_1hll_sCs2p6
5044,0.0,6638.189465394042,6638.189465394042,0.0,0.0,pvalloc_29nbfs_LRG2_max_1hll_sCs2p6
5045,0.0,6441.096729282571,6441.096729282571,0.0,0.0,pvalloc_29nbfs_LRG2_max_1hll_sCs2p6
5046,127.21920545169968,4133.356434913497,4134.907724647064,127.21920545169968,0.0,pvalloc_29nbfs_LRG2_max_1hll_sCs2p6
5047,11297.018261924448,2640.9828489289284,12117.885720043963,11297.018261924448,0.0,pvalloc_29nbfs_LRG2_max_1hll_sCs2p6
5048,32390.715705033992,2959.947364380707,32670.22700656948,32390.715705033992,0.0,pvalloc_29nbfs_LRG2_max_1hll_sCs2p6
5049,53148.52622178621,3327.5884056481746,53317.37951625041,51770.81497574226,1377.711246043948,pvalloc_29nbfs_LRG2_max_1hll_sCs2p6
5050,72242.84334714524,3409.237839650063,72342.16340134687,65795.02805845541,6447.815288689888,pvalloc_29nbfs_LRG2_max_1hll_sCs2p6
5051,65850.32287268915,3814.1615939487597,66020.31975022737,61473.53154166763,4376.791331021583,pvalloc_29nbfs_LRG2_max_1hll_sCs2p6
5052,60338.468860118504,4447.981138188375,60633.84500623998,57425.61760578133,2912.8512543371903,pvalloc_29nbfs_LRG2_max_1hll_sCs2p6
5053,66926.5754144534,4710.753918246686,67214.94375532304,62173.859405667194,4752.716008786156,pvalloc_29nbfs_LRG2_max_1hll_sCs2p6
5054,68052.53977329125,4590.5114176152765,68327.50682902208,62861.44716218468,5191.092611106518,pvalloc_29nbfs_LRG2_max_1hll_sCs2p6
5055,57561.47013214049,4863.2826236189485,57975.160460634215,55200.79593430863,2360.6741978318596,pvalloc_29nbfs_LRG2_max_1hll_sCs2p6
5056,51412.01102608238,4304.910929702666,51772.71501907282,50223.261918612356,1188.7491074700406,pvalloc_29nbfs_LRG2_max_1hll_sCs2p6
5057,34346.52334325761,3724.994341337208,34835.8096987836,34303.04188107185,43.481462185769544,pvalloc_29nbfs_LRG2_max_1hll_sCs2p6
5058,12129.49810106821,3720.636882176691,13406.61670001458,12129.49810106821,0.0,pvalloc_29nbfs_LRG2_max_1hll_sCs2p6
5059,6179.9640711637485,4370.666158207078,8408.231711608447,6179.9640711637485,0.0,pvalloc_29nbfs_LRG2_max_1hll_sCs2p6
5060,213.13760257451153,7653.378037604387,7655.968194500115,213.13760257451153,0.0,pvalloc_29nbfs_LRG2_max_1hll_sCs2p6
5061,0.0,12442.644294585474,12442.644294585474,0.0,0.0,pvalloc_29nbfs_LRG2_max_1hll_sCs2p6
5062,0.0,12652.578225358759,12652.578225358759,0.0,0.0,pvalloc_29nbfs_LRG2_max_1hll_sCs2p6
5063,0.0,12878.862779430521,12878.862779430521,0.0,0.0,pvalloc_29nbfs_LRG2_max_1hll_sCs2p6
5064,0.0,12350.75565968853,12350.75565968853,0.0,0.0,pvalloc_29nbfs_LRG2_max_1hll_sCs2p6
5065,0.0,11097.685205202353,11097.685205202353,0.0,0.0,pvalloc_29nbfs_LRG2_max_1hll_sCs2p6
5066,0.0,9294.124150992036,9294.124150992036,0.0,0.0,pvalloc_29nbfs_LRG2_max_1hll_sCs2p6
5067,0.0,7868.8472553816255,7868.8472553816255,0.0,0.0,pvalloc_29nbfs_LRG2_max_1hll_sCs2p6
5068,0.0,6865.793803809358,6865.793803809358,0.0,0.0,pvalloc_29nbfs_LRG2_max_1hll_sCs2p6
5069,0.0,7046.117084101745,7046.117084101745,0.0,0.0,pvalloc_29nbfs_LRG2_max_1hll_sCs2p6
5070,117.96230674665048,4242.975173644362,4244.422137814928,117.96230674665048,0.0,pvalloc_29nbfs_LRG2_max_1hll_sCs2p6
5071,13182.113974038548,2495.3307351554627,13790.764367139083,13182.113974038548,0.0,pvalloc_29nbfs_LRG2_max_1hll_sCs2p6
5072,30183.867599747686,2796.656899861965,30456.862001625454,30183.867599747686,0.0,pvalloc_29nbfs_LRG2_max_1hll_sCs2p6
5073,52410.37179442675,3196.035981384778,52567.061256141096,51123.59346363739,1286.7783307893578,pvalloc_29nbfs_LRG2_max_1hll_sCs2p6
5074,69814.29727611644,3484.312270969697,69947.28661295604,64159.45214071153,5654.845135404895,pvalloc_29nbfs_LRG2_max_1hll_sCs2p6
5075,80385.41057189328,3902.023056254821,80529.9206262424,70543.32524682325,9842.085325069984,pvalloc_29nbfs_LRG2_max_1hll_sCs2p6
5076,70890.71408787541,4438.202867860281,71115.99137921009,64835.77087568266,6054.943212192646,pvalloc_29nbfs_LRG2_max_1hll_sCs2p6
5077,62711.0930089587,4864.083120368545,63061.640514156825,59163.21424995218,3547.878759006522,pvalloc_29nbfs_LRG2_max_1hll_sCs2p6
5078,53277.852725420504,5048.43113745662,53812.16445450114,51720.396818513116,1557.455906907382,pvalloc_29nbfs_LRG2_max_1hll_sCs2p6
5079,33087.32482868497,5064.499008306932,34069.69542661517,33059.20902304067,28.11580564430244,pvalloc_29nbfs_LRG2_max_1hll_sCs2p6
5080,36287.794345350005,4694.368017078893,37028.74866971993,36183.43166921497,104.3626761350294,pvalloc_29nbfs_LRG2_max_1hll_sCs2p6
5081,28591.81993544675,4457.4932124486295,29462.474178159922,28591.81993544675,0.0,pvalloc_29nbfs_LRG2_max_1hll_sCs2p6
5082,16325.413768888615,4413.6128272231035,17741.873994891524,16325.413768888615,0.0,pvalloc_29nbfs_LRG2_max_1hll_sCs2p6
5083,8594.208123071141,4733.257654346818,10818.535835780587,8594.208123071141,0.0,pvalloc_29nbfs_LRG2_max_1hll_sCs2p6
5084,45.2269859516479,9038.824561000947,9039.101571031879,45.2269859516479,0.0,pvalloc_29nbfs_LRG2_max_1hll_sCs2p6
5085,0.0,14038.884071464148,14038.884071464148,0.0,0.0,pvalloc_29nbfs_LRG2_max_1hll_sCs2p6
5086,0.0,16707.678657408913,16707.678657408913,0.0,0.0,pvalloc_29nbfs_LRG2_max_1hll_sCs2p6
5087,0.0,14798.423471834054,14798.423471834054,0.0,0.0,pvalloc_29nbfs_LRG2_max_1hll_sCs2p6
5088,0.0,12920.992928294934,12920.992928294934,0.0,0.0,pvalloc_29nbfs_LRG2_max_1hll_sCs2p6
5089,0.0,9900.944565301277,9900.944565301277,0.0,0.0,pvalloc_29nbfs_LRG2_max_1hll_sCs2p6
5090,0.0,9389.785903685059,9389.785903685059,0.0,0.0,pvalloc_29nbfs_LRG2_max_1hll_sCs2p6
5091,0.0,7401.546438254426,7401.546438254426,0.0,0.0,pvalloc_29nbfs_LRG2_max_1hll_sCs2p6
5092,0.0,6692.067790682455,6692.067790682455,0.0,0.0,pvalloc_29nbfs_LRG2_max_1hll_sCs2p6
5093,0.0,6497.448685059626,6497.448685059626,0.0,0.0,pvalloc_29nbfs_LRG2_max_1hll_sCs2p6
5094,300.57184503798624,3841.3711322710606,3845.2750401578132,300.57184503798624,0.0,pvalloc_29nbfs_LRG2_max_1hll_sCs2p6
5095,14806.582253472568,2371.954065406253,15274.184767870607,14806.582253472568,0.0,pvalloc_29nbfs_LRG2_max_1hll_sCs2p6
5096,34809.92969353273,2366.775199201474,34947.28836739079,34780.55480172394,29.374891808793848,pvalloc_29nbfs_LRG2_max_1hll_sCs2p6
5097,56899.50588009492,2793.933311718302,56993.96601317688,54846.846449699435,2052.6594303954907,pvalloc_29nbfs_LRG2_max_1hll_sCs2p6
5098,73792.15135776284,2917.9449191682015,73868.3478224628,66759.04714186645,7033.10421589648,pvalloc_29nbfs_LRG2_max_1hll_sCs2p6
5099,89275.66900560529,3507.778444959107,89376.50017985639,75293.11659175776,13982.552413847494,pvalloc_29nbfs_LRG2_max_1hll_sCs2p6
5100,75379.18689322761,4903.212069361511,75635.67497935717,67650.0794993478,7729.107393879857,pvalloc_29nbfs_LRG2_max_1hll_sCs2p6
5101,66115.87019085715,5574.8472926088525,66584.3356665881,61530.13743578171,4585.732755075422,pvalloc_29nbfs_LRG2_max_1hll_sCs2p6
5102,71200.53708774448,5661.471900669094,71664.49011964256,64861.3165032607,6339.220584483631,pvalloc_29nbfs_LRG2_max_1hll_sCs2p6
5103,64997.641816752024,5144.6242883058785,65420.62100720326,60695.764063809685,4301.87775294232,pvalloc_29nbfs_LRG2_max_1hll_sCs2p6
5104,61189.904259681054,4940.815517806146,61620.58720045268,57899.83664904828,3290.067610632778,pvalloc_29nbfs_LRG2_max_1hll_sCs2p6
5105,25874.762952399262,4796.975124922047,26941.332338782882,25874.762952399262,0.0,pvalloc_29nbfs_LRG2_max_1hll_sCs2p6
5106,6549.095110189934,5128.475964495053,9135.167704369762,6549.095110189934,0.0,pvalloc_29nbfs_LRG2_max_1hll_sCs2p6
5107,1418.7710775159853,6931.728308829159,7053.481009036984,1418.7710775159853,0.0,pvalloc_29nbfs_LRG2_max_1hll_sCs2p6
5108,0.5318227909882642,11343.829113566771,11343.829113566771,0.5318227909882642,0.0,pvalloc_29nbfs_LRG2_max_1hll_sCs2p6
5109,0.0,13173.891725783153,13173.891725783153,0.0,0.0,pvalloc_29nbfs_LRG2_max_1hll_sCs2p6
5110,0.0,13106.449704799226,13106.449704799226,0.0,0.0,pvalloc_29nbfs_LRG2_max_1hll_sCs2p6
5111,0.0,12603.245316458497,12603.245316458497,0.0,0.0,pvalloc_29nbfs_LRG2_max_1hll_sCs2p6
5112,0.0,10413.182078012227,10413.182078012227,0.0,0.0,pvalloc_29nbfs_LRG2_max_1hll_sCs2p6
5113,0.0,8993.403916155024,8993.403916155024,0.0,0.0,pvalloc_29nbfs_LRG2_max_1hll_sCs2p6
5114,0.0,7817.172615127088,7817.172615127088,0.0,0.0,pvalloc_29nbfs_LRG2_max_1hll_sCs2p6
5115,0.0,7187.960258470543,7187.960258470543,0.0,0.0,pvalloc_29nbfs_LRG2_max_1hll_sCs2p6
5116,0.0,6597.782238100716,6597.782238100716,0.0,0.0,pvalloc_29nbfs_LRG2_max_1hll_sCs2p6
5117,0.0,6653.5821695844115,6653.5821695844115,0.0,0.0,pvalloc_29nbfs_LRG2_max_1hll_sCs2p6
5118,143.8061953570209,4119.408416177866,4121.093219296164,143.8061953570209,0.0,pvalloc_29nbfs_LRG2_max_1hll_sCs2p6
5119,10270.137853401473,2358.508752999805,10950.725911653086,10270.137853401473,0.0,pvalloc_29nbfs_LRG2_max_1hll_sCs2p6
5120,31159.464293957084,2382.431759010346,31329.096503582205,31159.464293957084,0.0,pvalloc_29nbfs_LRG2_max_1hll_sCs2p6
5121,54458.73933971018,2713.470413859763,54555.761903897845,52871.98255190258,1586.7567878075786,pvalloc_29nbfs_LRG2_max_1hll_sCs2p6
5122,70452.36238286419,3179.5271825795903,70548.90543862537,64647.55184837746,5804.810534486796,pvalloc_29nbfs_LRG2_max_1hll_sCs2p6
5123,88945.05908902944,3493.8428587851527,89029.2962675746,75205.81222855006,13739.246860479432,pvalloc_29nbfs_LRG2_max_1hll_sCs2p6
5124,88536.34961503302,4692.21578281472,88701.90370946008,75039.25387789485,13497.095737138123,pvalloc_29nbfs_LRG2_max_1hll_sCs2p6
5125,88458.3699894667,5520.738664559207,88724.09760097746,74922.72651768521,13535.643471781448,pvalloc_29nbfs_LRG2_max_1hll_sCs2p6
5126,82187.04146735786,5401.261965492357,82479.07238001068,71509.355802391,10677.68566496691,pvalloc_29nbfs_LRG2_max_1hll_sCs2p6
5127,77625.03027218724,5317.259672522662,77944.49899210704,68894.69363411352,8730.336638073793,pvalloc_29nbfs_LRG2_max_1hll_sCs2p6
5128,68752.55858463315,4485.54900504429,69011.0090969185,63355.32972304439,5397.228861588783,pvalloc_29nbfs_LRG2_max_1hll_sCs2p6
5129,50419.99675272586,4326.908061438942,50805.44270153629,49391.52287389784,1028.4738788280242,pvalloc_29nbfs_LRG2_max_1hll_sCs2p6
5130,30857.209242658915,4874.996633442896,31805.931275345487,30857.209242658915,0.0,pvalloc_29nbfs_LRG2_max_1hll_sCs2p6
5131,12203.715273877493,4979.038099097421,14329.490208608906,12203.715273877493,0.0,pvalloc_29nbfs_LRG2_max_1hll_sCs2p6
5132,1.3574759340070905,11936.38328060917,11936.38328060917,1.3574759340070905,0.0,pvalloc_29nbfs_LRG2_max_1hll_sCs2p6
5133,0.0,18228.216139042957,18228.216139042957,0.0,0.0,pvalloc_29nbfs_LRG2_max_1hll_sCs2p6
5134,0.0,18162.496361710335,18162.496361710335,0.0,0.0,pvalloc_29nbfs_LRG2_max_1hll_sCs2p6
5135,0.0,15581.301938822113,15581.301938822113,0.0,0.0,pvalloc_29nbfs_LRG2_max_1hll_sCs2p6
5136,0.0,13660.5186615185,13660.5186615185,0.0,0.0,pvalloc_29nbfs_LRG2_max_1hll_sCs2p6
5137,0.0,10358.480128423342,10358.480128423342,0.0,0.0,pvalloc_29nbfs_LRG2_max_1hll_sCs2p6
5138,0.0,8828.47113398323,8828.47113398323,0.0,0.0,pvalloc_29nbfs_LRG2_max_1hll_sCs2p6
5139,0.0,7213.798405873982,7213.798405873982,0.0,0.0,pvalloc_29nbfs_LRG2_max_1hll_sCs2p6
5140,0.0,6479.031429122138,6479.031429122138,0.0,0.0,pvalloc_29nbfs_LRG2_max_1hll_sCs2p6
5141,0.0,6403.16258096044,6403.16258096044,0.0,0.0,pvalloc_29nbfs_LRG2_max_1hll_sCs2p6
5142,125.63763424016254,4161.639747046405,4163.019832171744,125.63763424016254,0.0,pvalloc_29nbfs_LRG2_max_1hll_sCs2p6
5143,13309.71565400164,2354.9808907141373,13829.49174200376,13309.71565400164,0.0,pvalloc_29nbfs_LRG2_max_1hll_sCs2p6
5144,33121.21570217606,2663.2125220886696,33320.539297901116,33121.21570217606,0.0,pvalloc_29nbfs_LRG2_max_1hll_sCs2p6
5145,53987.791496400205,3207.8390516543473,54129.82998571762,52483.16115964254,1504.6303367576556,pvalloc_29nbfs_LRG2_max_1hll_sCs2p6
5146,74381.39642958634,3328.1310539769033,74478.367157586,67150.39503095007,7231.001398636305,pvalloc_29nbfs_LRG2_max_1hll_sCs2p6
5147,87669.49817890799,4249.681354351772,87794.14532664808,74621.97395872224,13047.524220185787,pvalloc_29nbfs_LRG2_max_1hll_sCs2p6
5148,83285.25541283643,5795.248833450372,83652.04054326586,72374.67616309653,10910.57924973984,pvalloc_29nbfs_LRG2_max_1hll_sCs2p6
5149,88106.241590825,5321.820171668833,88347.66433008695,74827.96208892563,13278.279501899313,pvalloc_29nbfs_LRG2_max_1hll_sCs2p6
5150,87710.25839080021,4495.781615883857,87901.95704404768,74421.39617165725,13288.862219142928,pvalloc_29nbfs_LRG2_max_1hll_sCs2p6
5151,75879.44843346385,5025.248442657733,76151.15572437995,67937.1742044949,7942.274228968858,pvalloc_29nbfs_LRG2_max_1hll_sCs2p6
5152,63216.866315870015,4265.486580472979,63462.3401619168,59541.487785620215,3675.378530249818,pvalloc_29nbfs_LRG2_max_1hll_sCs2p6
5153,45939.34033086414,3930.3001381784584,46267.10994080449,45502.254177721436,437.08615314270565,pvalloc_29nbfs_LRG2_max_1hll_sCs2p6
5154,30686.679201820214,3930.8823117174816,31275.173548146806,30686.679201820214,0.0,pvalloc_29nbfs_LRG2_max_1hll_sCs2p6
5155,10172.836007307827,5608.069950023866,12946.92495618421,10172.836007307827,0.0,pvalloc_29nbfs_LRG2_max_1hll_sCs2p6
5156,0.9877140141243439,13203.337782834818,13203.337782834818,0.9877140141243439,0.0,pvalloc_29nbfs_LRG2_max_1hll_sCs2p6
5157,0.0,16656.158247084175,16656.158247084175,0.0,0.0,pvalloc_29nbfs_LRG2_max_1hll_sCs2p6
5158,0.0,16956.66673318879,16956.66673318879,0.0,0.0,pvalloc_29nbfs_LRG2_max_1hll_sCs2p6
5159,0.0,13878.197386105796,13878.197386105796,0.0,0.0,pvalloc_29nbfs_LRG2_max_1hll_sCs2p6
5160,0.0,13359.709264488023,13359.709264488023,0.0,0.0,pvalloc_29nbfs_LRG2_max_1hll_sCs2p6
5161,0.0,9823.421723926976,9823.421723926976,0.0,0.0,pvalloc_29nbfs_LRG2_max_1hll_sCs2p6
5162,0.0,8004.918441437759,8004.918441437759,0.0,0.0,pvalloc_29nbfs_LRG2_max_1hll_sCs2p6
5163,0.0,7279.771629046192,7279.771629046192,0.0,0.0,pvalloc_29nbfs_LRG2_max_1hll_sCs2p6
5164,0.0,6702.512682378078,6702.512682378078,0.0,0.0,pvalloc_29nbfs_LRG2_max_1hll_sCs2p6
5165,0.0,6398.7645866892735,6398.7645866892735,0.0,0.0,pvalloc_29nbfs_LRG2_max_1hll_sCs2p6
5166,103.08989770457295,4348.731704902605,4349.832368974859,103.08989770457295,0.0,pvalloc_29nbfs_LRG2_max_1hll_sCs2p6
5167,12664.479412943545,2548.2462963269895,13329.900697103336,12664.479412943545,0.0,pvalloc_29nbfs_LRG2_max_1hll_sCs2p6
5168,33069.32081715018,2920.5487973728805,33324.89723559358,33069.32081715018,0.0,pvalloc_29nbfs_LRG2_max_1hll_sCs2p6
5169,54922.30007601703,3160.643691612259,55054.57511613823,53248.17559593975,1674.1244800772836,pvalloc_29nbfs_LRG2_max_1hll_sCs2p6
5170,74951.13885929546,3061.343732154121,75035.3915607233,67470.46699026176,7480.671869033653,pvalloc_29nbfs_LRG2_max_1hll_sCs2p6
5171,89761.98914253645,3765.217398695011,89861.83359703376,75624.0585017257,14137.930640810706,pvalloc_29nbfs_LRG2_max_1hll_sCs2p6
5172,84045.07359905759,4277.778058566945,84204.5018990946,72612.27439663399,11432.799202423572,pvalloc_29nbfs_LRG2_max_1hll_sCs2p6
5173,78329.93419618957,4586.187391951034,78544.97044841257,69380.42965418377,8949.504542005801,pvalloc_29nbfs_LRG2_max_1hll_sCs2p6
5174,88624.19160248218,4540.7996961293,88812.54334673162,74912.33890162868,13711.852700853495,pvalloc_29nbfs_LRG2_max_1hll_sCs2p6
5175,76372.27000433017,4722.122718317009,76619.40979386607,68189.31490428821,8182.955100041943,pvalloc_29nbfs_LRG2_max_1hll_sCs2p6
5176,61171.783437498234,4537.181600767907,61477.98370972514,57989.46471907657,3182.318718421667,pvalloc_29nbfs_LRG2_max_1hll_sCs2p6
5177,41843.86425048284,4211.13568235568,42319.42698744677,41631.02407624197,212.84017424086375,pvalloc_29nbfs_LRG2_max_1hll_sCs2p6
5178,22928.76215059073,4132.454386768458,23849.660319760656,22928.76215059073,0.0,pvalloc_29nbfs_LRG2_max_1hll_sCs2p6
5179,9386.06426079336,4312.442177147246,11204.026932222832,9386.06426079336,0.0,pvalloc_29nbfs_LRG2_max_1hll_sCs2p6
5180,20.174133835593352,9583.758194247373,9583.915155638797,20.174133835593352,0.0,pvalloc_29nbfs_LRG2_max_1hll_sCs2p6
5181,0.0,17958.547144614713,17958.547144614713,0.0,0.0,pvalloc_29nbfs_LRG2_max_1hll_sCs2p6
5182,0.0,15508.105894089558,15508.105894089558,0.0,0.0,pvalloc_29nbfs_LRG2_max_1hll_sCs2p6
5183,0.0,14273.897403473246,14273.897403473246,0.0,0.0,pvalloc_29nbfs_LRG2_max_1hll_sCs2p6
5184,0.0,13200.332246555769,13200.332246555769,0.0,0.0,pvalloc_29nbfs_LRG2_max_1hll_sCs2p6
5185,0.0,9638.325646422078,9638.325646422078,0.0,0.0,pvalloc_29nbfs_LRG2_max_1hll_sCs2p6
5186,0.0,8321.584507793394,8321.584507793394,0.0,0.0,pvalloc_29nbfs_LRG2_max_1hll_sCs2p6
5187,0.0,7169.817360127395,7169.817360127395,0.0,0.0,pvalloc_29nbfs_LRG2_max_1hll_sCs2p6
5188,0.0,7079.928698781937,7079.928698781937,0.0,0.0,pvalloc_29nbfs_LRG2_max_1hll_sCs2p6
5189,0.0,6529.334832922408,6529.334832922408,0.0,0.0,pvalloc_29nbfs_LRG2_max_1hll_sCs2p6
5190,43.781318717342735,4768.090348431037,4768.586730626801,43.781318717342735,0.0,pvalloc_29nbfs_LRG2_max_1hll_sCs2p6
5191,10379.006753249132,2502.151853849254,11129.536910074461,10379.006753249132,0.0,pvalloc_29nbfs_LRG2_max_1hll_sCs2p6
5192,27614.684429508467,2857.1761936817074,27936.90425251516,27614.684429508467,0.0,pvalloc_29nbfs_LRG2_max_1hll_sCs2p6
5193,49198.64887449172,3114.9996678459906,49353.97933944926,48461.73694682886,736.9119276628762,pvalloc_29nbfs_LRG2_max_1hll_sCs2p6
5194,62325.68915193848,3395.8475036472105,62459.86276534292,58969.290825854245,3356.3983260842233,pvalloc_29nbfs_LRG2_max_1hll_sCs2p6
5195,70883.46547548944,4074.61790194443,71052.54932531032,64940.59787889829,5942.867596591064,pvalloc_29nbfs_LRG2_max_1hll_sCs2p6
5196,68356.78190975044,5045.888226663931,68693.96314143413,63289.005799294195,5067.776110456139,pvalloc_29nbfs_LRG2_max_1hll_sCs2p6
5197,72588.09017176481,4919.558692732026,72863.95328192762,65922.51920278787,6665.570968976954,pvalloc_29nbfs_LRG2_max_1hll_sCs2p6
5198,71338.12488171257,5431.310668451757,71709.6338697826,65109.922458666566,6228.202423045963,pvalloc_29nbfs_LRG2_max_1hll_sCs2p6
5199,70446.93209720912,4903.530030983489,70746.30942140383,64495.95804223587,5950.974054973125,pvalloc_29nbfs_LRG2_max_1hll_sCs2p6
5200,42358.45288936385,3815.2101078343762,42729.81149331031,42124.78831836699,233.66457099685613,pvalloc_29nbfs_LRG2_max_1hll_sCs2p6
5201,27218.362464776346,3805.0861204479,27865.81908208679,27218.362464776346,0.0,pvalloc_29nbfs_LRG2_max_1hll_sCs2p6
5202,13101.02405163447,4327.599111994409,14762.80339943146,13101.02405163447,0.0,pvalloc_29nbfs_LRG2_max_1hll_sCs2p6
5203,8222.323499580427,4806.400284792777,10541.619572670495,8222.323499580427,0.0,pvalloc_29nbfs_LRG2_max_1hll_sCs2p6
5204,0.0,15090.633916425828,15090.633916425828,0.0,0.0,pvalloc_29nbfs_LRG2_max_1hll_sCs2p6
5205,0.0,15791.348827533157,15791.348827533157,0.0,0.0,pvalloc_29nbfs_LRG2_max_1hll_sCs2p6
5206,0.0,15247.755727980579,15247.755727980579,0.0,0.0,pvalloc_29nbfs_LRG2_max_1hll_sCs2p6
5207,0.0,15008.225250668322,15008.225250668322,0.0,0.0,pvalloc_29nbfs_LRG2_max_1hll_sCs2p6
5208,0.0,12069.433844123945,12069.433844123945,0.0,0.0,pvalloc_29nbfs_LRG2_max_1hll_sCs2p6
5209,0.0,11145.876780548273,11145.876780548273,0.0,0.0,pvalloc_29nbfs_LRG2_max_1hll_sCs2p6
5210,0.0,8940.899584908117,8940.899584908117,0.0,0.0,pvalloc_29nbfs_LRG2_max_1hll_sCs2p6
5211,0.0,7874.895807358424,7874.895807358424,0.0,0.0,pvalloc_29nbfs_LRG2_max_1hll_sCs2p6
5212,0.0,7043.644556647981,7043.644556647981,0.0,0.0,pvalloc_29nbfs_LRG2_max_1hll_sCs2p6
5213,0.0,7125.558647681808,7125.558647681808,0.0,0.0,pvalloc_29nbfs_LRG2_max_1hll_sCs2p6
5214,3.615571451243529,5734.052042591788,5734.123725887603,3.615571451243529,0.0,pvalloc_29nbfs_LRG2_max_1hll_sCs2p6
5215,1654.6937084654555,3023.7633544771124,3676.2781642971167,1654.6937084654555,0.0,pvalloc_29nbfs_LRG2_max_1hll_sCs2p6
5216,6112.73152562599,2945.3079948833156,7460.031373640338,6112.73152562599,0.0,pvalloc_29nbfs_LRG2_max_1hll_sCs2p6
5217,12206.589374070018,3187.7763270413166,13276.50020957835,12206.589374070018,0.0,pvalloc_29nbfs_LRG2_max_1hll_sCs2p6
5218,23896.16403811863,3307.564932166396,24456.570793482155,23896.16403811863,0.0,pvalloc_29nbfs_LRG2_max_1hll_sCs2p6
5219,28434.979083426955,3946.1659729605326,29103.71241727465,28434.979083426955,0.0,pvalloc_29nbfs_LRG2_max_1hll_sCs2p6
5220,21057.152804957663,5083.100956210334,22721.64861596222,21057.152804957663,0.0,pvalloc_29nbfs_LRG2_max_1hll_sCs2p6
5221,45702.51632669887,4532.519335144455,46209.80269680561,45248.48474143827,454.0315852606008,pvalloc_29nbfs_LRG2_max_1hll_sCs2p6
5222,60422.545569293165,4698.9092969691,60778.05868647305,57384.767524295,3037.778044998161,pvalloc_29nbfs_LRG2_max_1hll_sCs2p6
5223,47449.47282955007,4724.833501331103,47968.84959502787,46833.781155769335,615.6916737807273,pvalloc_29nbfs_LRG2_max_1hll_sCs2p6
5224,47806.73589102122,4121.4371040573515,48173.98574885969,47167.21889504125,639.5169959799744,pvalloc_29nbfs_LRG2_max_1hll_sCs2p6
5225,35804.55831110143,4199.693558988794,36380.341931342584,35736.228915165826,68.329395935604,pvalloc_29nbfs_LRG2_max_1hll_sCs2p6
5226,24959.789504920933,4094.5080962111665,25780.15220996327,24959.789504920933,0.0,pvalloc_29nbfs_LRG2_max_1hll_sCs2p6
5227,10272.371885120609,4773.746874846577,12375.18617838308,10272.371885120609,0.0,pvalloc_29nbfs_LRG2_max_1hll_sCs2p6
5228,0.2421133534611586,12343.32649676219,12343.32649676219,0.2421133534611586,0.0,pvalloc_29nbfs_LRG2_max_1hll_sCs2p6
5229,0.0,17463.78761121696,17463.78761121696,0.0,0.0,pvalloc_29nbfs_LRG2_max_1hll_sCs2p6
5230,0.0,16776.24576513662,16776.24576513662,0.0,0.0,pvalloc_29nbfs_LRG2_max_1hll_sCs2p6
5231,0.0,13863.094861205218,13863.094861205218,0.0,0.0,pvalloc_29nbfs_LRG2_max_1hll_sCs2p6
5232,0.0,12379.083196074876,12379.083196074876,0.0,0.0,pvalloc_29nbfs_LRG2_max_1hll_sCs2p6
5233,0.0,10840.796451126309,10840.796451126309,0.0,0.0,pvalloc_29nbfs_LRG2_max_1hll_sCs2p6
5234,0.0,8839.193140860432,8839.193140860432,0.0,0.0,pvalloc_29nbfs_LRG2_max_1hll_sCs2p6
5235,0.0,7691.549078353807,7691.549078353807,0.0,0.0,pvalloc_29nbfs_LRG2_max_1hll_sCs2p6
5236,0.0,6881.188714069511,6881.188714069511,0.0,0.0,pvalloc_29nbfs_LRG2_max_1hll_sCs2p6
5237,0.0,7020.828203404438,7020.828203404438,0.0,0.0,pvalloc_29nbfs_LRG2_max_1hll_sCs2p6
5238,66.52878522836946,4740.791825815854,4741.476188633056,66.52878522836946,0.0,pvalloc_29nbfs_LRG2_max_1hll_sCs2p6
5239,11463.375946772805,2608.455231082484,12194.875689573377,11463.375946772805,0.0,pvalloc_29nbfs_LRG2_max_1hll_sCs2p6
5240,24409.618270236606,2926.989058303175,24814.52598452634,24409.618270236606,0.0,pvalloc_29nbfs_LRG2_max_1hll_sCs2p6
5241,48308.92562023654,3153.193981968323,48474.70760776258,47676.62097194191,632.3046482946373,pvalloc_29nbfs_LRG2_max_1hll_sCs2p6
5242,62267.45393365037,3597.6718991255543,62420.68304226789,58924.319278717354,3343.1346549330256,pvalloc_29nbfs_LRG2_max_1hll_sCs2p6
5243,68823.33907998572,3909.7653180408856,68989.72831462158,63528.879759379204,5294.459320606594,pvalloc_29nbfs_LRG2_max_1hll_sCs2p6
5244,56485.76039174502,4418.007743083565,56802.64951732486,54429.915109650094,2055.8452820949287,pvalloc_29nbfs_LRG2_max_1hll_sCs2p6
5245,54916.82235071602,4932.553562477333,55367.05397268961,53139.91119568815,1776.9111550278776,pvalloc_29nbfs_LRG2_max_1hll_sCs2p6
5246,51255.91364639707,4986.689901916983,51804.62500685163,50050.47009993104,1205.44354646603,pvalloc_29nbfs_LRG2_max_1hll_sCs2p6
5247,50999.85515120074,4681.234228999402,51475.86562933976,49849.32848888973,1150.5266623110097,pvalloc_29nbfs_LRG2_max_1hll_sCs2p6
5248,43375.0844391973,4129.416629195476,43832.475305469416,43078.32416322503,296.7602759722702,pvalloc_29nbfs_LRG2_max_1hll_sCs2p6
5249,35406.831372968394,4003.822060448309,35942.30886296435,35345.282775789696,61.548597178701414,pvalloc_29nbfs_LRG2_max_1hll_sCs2p6
5250,18127.757070479693,4538.637299541466,19494.885248470964,18127.757070479693,0.0,pvalloc_29nbfs_LRG2_max_1hll_sCs2p6
5251,8335.991169440947,5133.675241465829,10856.447124347073,8335.991169440947,0.0,pvalloc_29nbfs_LRG2_max_1hll_sCs2p6
5252,0.0,18999.97296660652,18999.97296660652,0.0,0.0,pvalloc_29nbfs_LRG2_max_1hll_sCs2p6
5253,0.0,19290.580116971654,19290.580116971654,0.0,0.0,pvalloc_29nbfs_LRG2_max_1hll_sCs2p6
5254,0.0,16835.268381474212,16835.268381474212,0.0,0.0,pvalloc_29nbfs_LRG2_max_1hll_sCs2p6
5255,0.0,14924.78827852718,14924.78827852718,0.0,0.0,pvalloc_29nbfs_LRG2_max_1hll_sCs2p6
5256,0.0,13381.168060104115,13381.168060104115,0.0,0.0,pvalloc_29nbfs_LRG2_max_1hll_sCs2p6
5257,0.0,10539.960012448035,10539.960012448035,0.0,0.0,pvalloc_29nbfs_LRG2_max_1hll_sCs2p6
5258,0.0,8429.066249258418,8429.066249258418,0.0,0.0,pvalloc_29nbfs_LRG2_max_1hll_sCs2p6
5259,0.0,7662.686930720701,7662.686930720701,0.0,0.0,pvalloc_29nbfs_LRG2_max_1hll_sCs2p6
5260,0.0,6987.5697160524915,6987.5697160524915,0.0,0.0,pvalloc_29nbfs_LRG2_max_1hll_sCs2p6
5261,0.0,6946.060646242225,6946.060646242225,0.0,0.0,pvalloc_29nbfs_LRG2_max_1hll_sCs2p6
5262,58.77962233057593,4987.369356244476,4987.99242517162,58.77962233057593,0.0,pvalloc_29nbfs_LRG2_max_1hll_sCs2p6
5263,12692.164265459163,2562.8790410068164,13331.228110527323,12692.164265459163,0.0,pvalloc_29nbfs_LRG2_max_1hll_sCs2p6
5264,33511.4084765663,2856.1060884088897,33747.62699961009,33507.42412322082,3.98435334547122,pvalloc_29nbfs_LRG2_max_1hll_sCs2p6
5265,56207.94214765166,2947.201113232448,56320.506269917154,54285.54868322029,1922.3934644313663,pvalloc_29nbfs_LRG2_max_1hll_sCs2p6
5266,75237.8260946225,3724.4588501444287,75354.57651596374,67686.37086575602,7551.455228866512,pvalloc_29nbfs_LRG2_max_1hll_sCs2p6
5267,88842.28214470774,4800.288886159223,89012.83870822718,75243.51815000674,13598.76399470101,pvalloc_29nbfs_LRG2_max_1hll_sCs2p6
5268,86135.72886512864,5848.307166578046,86470.5027482406,73824.20562135932,12311.523243769305,pvalloc_29nbfs_LRG2_max_1hll_sCs2p6
5269,91033.18737529828,5814.783745427028,91323.63455862926,76244.96663383745,14788.22074146082,pvalloc_29nbfs_LRG2_max_1hll_sCs2p6
5270,91518.10800097698,5228.582226142856,91787.60925776212,76221.83733991558,15296.270661061397,pvalloc_29nbfs_LRG2_max_1hll_sCs2p6
5271,83060.29740083072,5020.204931060029,83322.26295709985,71933.73912807809,11126.558272752694,pvalloc_29nbfs_LRG2_max_1hll_sCs2p6
5272,69202.05466489826,4778.543502110994,69490.16809843012,63670.07340046333,5531.9812644348685,pvalloc_29nbfs_LRG2_max_1hll_sCs2p6
5273,52132.91060943079,4342.859685827919,52508.85180872093,50817.911883758126,1314.9987256726552,pvalloc_29nbfs_LRG2_max_1hll_sCs2p6
5274,31268.029689145722,4443.149504769747,32032.691709157687,31268.029689145722,0.0,pvalloc_29nbfs_LRG2_max_1hll_sCs2p6
5275,12677.13092467576,4708.986215669748,14450.685053007697,12677.13092467576,0.0,pvalloc_29nbfs_LRG2_max_1hll_sCs2p6
5276,0.001144878417680309,16107.818929158468,16107.818929158468,0.001144878417680309,0.0,pvalloc_29nbfs_LRG2_max_1hll_sCs2p6
5277,0.0,16661.54003587522,16661.54003587522,0.0,0.0,pvalloc_29nbfs_LRG2_max_1hll_sCs2p6
5278,0.0,16071.879638820661,16071.879638820661,0.0,0.0,pvalloc_29nbfs_LRG2_max_1hll_sCs2p6
5279,0.0,16513.61501158644,16513.61501158644,0.0,0.0,pvalloc_29nbfs_LRG2_max_1hll_sCs2p6
5280,0.0,14223.402737580198,14223.402737580198,0.0,0.0,pvalloc_29nbfs_LRG2_max_1hll_sCs2p6
5281,0.0,10189.901163932847,10189.901163932847,0.0,0.0,pvalloc_29nbfs_LRG2_max_1hll_sCs2p6
5282,0.0,9219.90861812319,9219.90861812319,0.0,0.0,pvalloc_29nbfs_LRG2_max_1hll_sCs2p6
5283,0.0,8077.212368111326,8077.212368111326,0.0,0.0,pvalloc_29nbfs_LRG2_max_1hll_sCs2p6
5284,0.0,7416.3887727037745,7416.3887727037745,0.0,0.0,pvalloc_29nbfs_LRG2_max_1hll_sCs2p6
5285,0.0,7104.393955178768,7104.393955178768,0.0,0.0,pvalloc_29nbfs_LRG2_max_1hll_sCs2p6
5286,19.603499621316246,5505.315115465564,5505.577644200201,19.603499621316246,0.0,pvalloc_29nbfs_LRG2_max_1hll_sCs2p6
5287,11801.432510033002,2604.3176427747944,12508.49471251003,11801.432510033002,0.0,pvalloc_29nbfs_LRG2_max_1hll_sCs2p6
5288,33677.855227916414,2762.7941540410297,33893.883610641984,33671.53859254335,6.316635373064969,pvalloc_29nbfs_LRG2_max_1hll_sCs2p6
5289,55894.98900671416,2764.980103157483,55995.991331594356,54032.15241584417,1862.8365908699973,pvalloc_29nbfs_LRG2_max_1hll_sCs2p6
5290,74195.23237847998,3621.466329499547,74305.18951682847,67059.7722304089,7135.460148071072,pvalloc_29nbfs_LRG2_max_1hll_sCs2p6
5291,90230.48088789321,4049.877190276569,90352.84778340919,75845.68893514153,14384.791952751677,pvalloc_29nbfs_LRG2_max_1hll_sCs2p6
5292,85628.66541856684,5619.153235217673,85930.58752321998,73560.39442694379,12068.270991623076,pvalloc_29nbfs_LRG2_max_1hll_sCs2p6
5293,91382.18711375198,5532.865171167582,91642.30625829927,76309.10377591362,15073.08333783839,pvalloc_29nbfs_LRG2_max_1hll_sCs2p6
5294,86760.88735840758,6652.670018801707,87217.63222897817,73913.57237336772,12847.314985039868,pvalloc_29nbfs_LRG2_max_1hll_sCs2p6
5295,80020.14417949581,6058.498535836559,80443.23797729585,70232.59737072964,9787.546808766232,pvalloc_29nbfs_LRG2_max_1hll_sCs2p6
5296,65454.85229691735,6116.509280336174,66043.52734351784,61113.96570511615,4340.886591801184,pvalloc_29nbfs_LRG2_max_1hll_sCs2p6
5297,49704.0828198897,5439.215024442871,50396.25625578566,48732.42282715794,971.6599927317635,pvalloc_29nbfs_LRG2_max_1hll_sCs2p6
5298,29313.76152954638,5432.809271296068,30518.774550603826,29313.76152954638,0.0,pvalloc_29nbfs_LRG2_max_1hll_sCs2p6
5299,8811.096498600482,6468.460577988851,12182.597991509943,8811.096498600482,0.0,pvalloc_29nbfs_LRG2_max_1hll_sCs2p6
5300,0.002782290935076717,16914.813648824012,16914.813648824012,0.002782290935076717,0.0,pvalloc_29nbfs_LRG2_max_1hll_sCs2p6
5301,0.0,19664.8737674663,19664.8737674663,0.0,0.0,pvalloc_29nbfs_LRG2_max_1hll_sCs2p6
5302,0.0,21717.297616531436,21717.297616531436,0.0,0.0,pvalloc_29nbfs_LRG2_max_1hll_sCs2p6
5303,0.0,17214.825474050005,17214.825474050005,0.0,0.0,pvalloc_29nbfs_LRG2_max_1hll_sCs2p6
5304,0.0,12578.20754912869,12578.20754912869,0.0,0.0,pvalloc_29nbfs_LRG2_max_1hll_sCs2p6
5305,0.0,10294.109997870488,10294.109997870488,0.0,0.0,pvalloc_29nbfs_LRG2_max_1hll_sCs2p6
5306,0.0,8325.709247505114,8325.709247505114,0.0,0.0,pvalloc_29nbfs_LRG2_max_1hll_sCs2p6
5307,0.0,7293.515981600716,7293.515981600716,0.0,0.0,pvalloc_29nbfs_LRG2_max_1hll_sCs2p6
5308,0.0,6735.77447883469,6735.77447883469,0.0,0.0,pvalloc_29nbfs_LRG2_max_1hll_sCs2p6
5309,0.0,6710.483943585053,6710.483943585053,0.0,0.0,pvalloc_29nbfs_LRG2_max_1hll_sCs2p6
5310,30.299478426240174,4984.808815273551,4985.193940714224,30.299478426240174,0.0,pvalloc_29nbfs_LRG2_max_1hll_sCs2p6
5311,11753.628417623746,2510.4694555007236,12421.35624149648,11753.628417623746,0.0,pvalloc_29nbfs_LRG2_max_1hll_sCs2p6
5312,32875.0259006188,2874.3595935643,33123.95061646368,32875.0259006188,0.0,pvalloc_29nbfs_LRG2_max_1hll_sCs2p6
5313,54824.445018380204,3219.817374190578,54965.11781326863,53158.9318775591,1665.5131408211,pvalloc_29nbfs_LRG2_max_1hll_sCs2p6
5314,74970.00637728848,3688.7523028873693,75095.94045229253,67489.29718845071,7480.7091888377145,pvalloc_29nbfs_LRG2_max_1hll_sCs2p6
5315,91205.7940819092,3849.762687762955,91318.29600656166,76301.44511444395,14904.348967465243,pvalloc_29nbfs_LRG2_max_1hll_sCs2p6
5316,85249.88682893744,5913.222273889665,85600.30718658071,73342.99805620311,11906.888772734284,pvalloc_29nbfs_LRG2_max_1hll_sCs2p6
5317,90974.78447027276,5415.2519032846685,91214.8230071046,76186.50884871739,14788.275621555378,pvalloc_29nbfs_LRG2_max_1hll_sCs2p6
5318,88578.5975696998,5553.076380762282,88850.68529101321,74910.83281473798,13667.76475496182,pvalloc_29nbfs_LRG2_max_1hll_sCs2p6
5319,82032.68102802383,4917.054371213862,82266.2605899307,71435.71127362241,10596.969754401407,pvalloc_29nbfs_LRG2_max_1hll_sCs2p6
5320,67949.94791199274,4825.680342937679,68248.59038471323,62840.62431471834,5109.323597274441,pvalloc_29nbfs_LRG2_max_1hll_sCs2p6
5321,50065.97259045599,4697.498805596278,50523.572284475216,49105.105726361784,960.8668640942121,pvalloc_29nbfs_LRG2_max_1hll_sCs2p6
5322,31973.856213396964,3954.8241418823573,32568.543763553727,31973.856213396964,0.0,pvalloc_29nbfs_LRG2_max_1hll_sCs2p6
5323,10839.046656338027,4742.01086750983,12906.191951606048,10839.046656338027,0.0,pvalloc_29nbfs_LRG2_max_1hll_sCs2p6
5324,0.6133558125152088,11780.199925307357,11780.199925307357,0.6133558125152088,0.0,pvalloc_29nbfs_LRG2_max_1hll_sCs2p6
5325,0.0,17798.4514230697,17798.4514230697,0.0,0.0,pvalloc_29nbfs_LRG2_max_1hll_sCs2p6
5326,0.0,19605.334016129706,19605.334016129706,0.0,0.0,pvalloc_29nbfs_LRG2_max_1hll_sCs2p6
5327,0.0,17993.3392447101,17993.3392447101,0.0,0.0,pvalloc_29nbfs_LRG2_max_1hll_sCs2p6
5328,0.0,14499.905393880888,14499.905393880888,0.0,0.0,pvalloc_29nbfs_LRG2_max_1hll_sCs2p6
5329,0.0,10706.798579119695,10706.798579119695,0.0,0.0,pvalloc_29nbfs_LRG2_max_1hll_sCs2p6
5330,0.0,8691.305275136961,8691.305275136961,0.0,0.0,pvalloc_29nbfs_LRG2_max_1hll_sCs2p6
5331,0.0,7299.838339654398,7299.838339654398,0.0,0.0,pvalloc_29nbfs_LRG2_max_1hll_sCs2p6
5332,0.0,6942.4868277889755,6942.4868277889755,0.0,0.0,pvalloc_29nbfs_LRG2_max_1hll_sCs2p6
5333,0.0,6828.13401308158,6828.13401308158,0.0,0.0,pvalloc_29nbfs_LRG2_max_1hll_sCs2p6
5334,10.235335504567772,5417.74990690468,5417.885497485081,10.235335504567772,0.0,pvalloc_29nbfs_LRG2_max_1hll_sCs2p6
5335,10507.300188184825,2805.6958041339503,11440.652903884526,10507.300188184825,0.0,pvalloc_29nbfs_LRG2_max_1hll_sCs2p6
5336,31593.76835728137,3234.4775369273416,31948.913962864768,31593.76835728137,0.0,pvalloc_29nbfs_LRG2_max_1hll_sCs2p6
5337,53935.45667867679,3412.684823745782,54104.39866216861,52421.006747391984,1514.4499312847902,pvalloc_29nbfs_LRG2_max_1hll_sCs2p6
5338,73886.04336590279,3725.595305659793,74013.38759045217,66839.69534782288,7046.348018079914,pvalloc_29nbfs_LRG2_max_1hll_sCs2p6
5339,89061.87720497343,4023.123676390686,89179.15879749393,75281.67857596836,13780.198629005008,pvalloc_29nbfs_LRG2_max_1hll_sCs2p6
5340,84376.29306146779,5740.401591939518,84724.91798651082,72968.85543556439,11407.437625903336,pvalloc_29nbfs_LRG2_max_1hll_sCs2p6
5341,88674.86386971416,5708.751879269809,88966.09437632671,75102.76893140444,13572.094938309689,pvalloc_29nbfs_LRG2_max_1hll_sCs2p6
5342,85486.91816656948,6552.708684293553,85944.72032484565,73437.1357126978,12049.782453871649,pvalloc_29nbfs_LRG2_max_1hll_sCs2p6
5343,80365.26491385042,5459.214702438039,80675.90920354845,70491.66637844489,9873.598535405472,pvalloc_29nbfs_LRG2_max_1hll_sCs2p6
5344,68396.07701177556,4524.364352577327,68654.18569781196,63132.47966862772,5263.597343147844,pvalloc_29nbfs_LRG2_max_1hll_sCs2p6
5345,48973.85489386703,4481.491081501503,49396.647417276574,48184.058227765345,789.7966661016892,pvalloc_29nbfs_LRG2_max_1hll_sCs2p6
5346,29296.213479698312,4464.112593202554,30123.798710478437,29296.213479698312,0.0,pvalloc_29nbfs_LRG2_max_1hll_sCs2p6
5347,7445.5288915977335,6365.478353414604,10948.753158512322,7445.5288915977335,0.0,pvalloc_29nbfs_LRG2_max_1hll_sCs2p6
5348,0.0,15989.499265809325,15989.499265809325,0.0,0.0,pvalloc_29nbfs_LRG2_max_1hll_sCs2p6
5349,0.0,16826.71504393423,16826.71504393423,0.0,0.0,pvalloc_29nbfs_LRG2_max_1hll_sCs2p6
5350,0.0,17455.218388780388,17455.218388780388,0.0,0.0,pvalloc_29nbfs_LRG2_max_1hll_sCs2p6
5351,0.0,17312.601875985758,17312.601875985758,0.0,0.0,pvalloc_29nbfs_LRG2_max_1hll_sCs2p6
5352,0.0,14414.143741518077,14414.143741518077,0.0,0.0,pvalloc_29nbfs_LRG2_max_1hll_sCs2p6
5353,0.0,9954.17201230051,9954.17201230051,0.0,0.0,pvalloc_29nbfs_LRG2_max_1hll_sCs2p6
5354,0.0,8448.308232531268,8448.308232531268,0.0,0.0,pvalloc_29nbfs_LRG2_max_1hll_sCs2p6
5355,0.0,7461.470557932399,7461.470557932399,0.0,0.0,pvalloc_29nbfs_LRG2_max_1hll_sCs2p6
5356,0.0,6904.553782501744,6904.553782501744,0.0,0.0,pvalloc_29nbfs_LRG2_max_1hll_sCs2p6
5357,0.0,6785.528064411385,6785.528064411385,0.0,0.0,pvalloc_29nbfs_LRG2_max_1hll_sCs2p6
5358,16.183163466296207,5398.009693663073,5398.239657539231,16.183163466296207,0.0,pvalloc_29nbfs_LRG2_max_1hll_sCs2p6
5359,10624.191848552762,2700.208777254193,11466.78742595303,10624.191848552762,0.0,pvalloc_29nbfs_LRG2_max_1hll_sCs2p6
5360,31820.832692588294,3036.5953299188805,32121.58130379223,31820.832692588294,0.0,pvalloc_29nbfs_LRG2_max_1hll_sCs2p6
5361,51637.0028313533,4021.7095008603246,51940.95956584299,50513.82488618186,1123.1779451714303,pvalloc_29nbfs_LRG2_max_1hll_sCs2p6
5362,72724.05378669302,4119.611173237178,72888.56461147284,66139.56769162019,6584.48609507295,pvalloc_29nbfs_LRG2_max_1hll_sCs2p6
5363,86949.29304046513,4994.870624815804,87158.34736583607,74317.32819415478,12631.964846310304,pvalloc_29nbfs_LRG2_max_1hll_sCs2p6
5364,84904.41120715912,5829.845807613539,85265.57132877104,73252.80028344058,11651.61092371857,pvalloc_29nbfs_LRG2_max_1hll_sCs2p6
5365,87858.38235780636,6394.237204377808,88292.14348956638,74772.15273862203,13086.229619184347,pvalloc_29nbfs_LRG2_max_1hll_sCs2p6
5366,90090.11755277906,5273.596181914459,90328.1460859761,75677.10398593075,14413.013566848353,pvalloc_29nbfs_LRG2_max_1hll_sCs2p6
5367,81546.87512865855,4898.546968433809,81773.85066685324,71195.53985872527,10351.33526993335,pvalloc_29nbfs_LRG2_max_1hll_sCs2p6
5368,67797.08033107009,4601.376608023903,68054.25590843198,62803.25867627663,4993.821654793419,pvalloc_29nbfs_LRG2_max_1hll_sCs2p6
5369,48937.213741479274,4696.835011795785,49400.6920788598,48176.62053027428,760.5932112049843,pvalloc_29nbfs_LRG2_max_1hll_sCs2p6
5370,28014.358184454824,4838.891766356386,29081.692260899294,28014.358184454824,0.0,pvalloc_29nbfs_LRG2_max_1hll_sCs2p6
5371,9369.232456308097,5175.910280941965,11830.117514343936,9369.232456308097,0.0,pvalloc_29nbfs_LRG2_max_1hll_sCs2p6
5372,0.0,16855.62035882698,16855.62035882698,0.0,0.0,pvalloc_29nbfs_LRG2_max_1hll_sCs2p6
5373,0.0,17345.89249504484,17345.89249504484,0.0,0.0,pvalloc_29nbfs_LRG2_max_1hll_sCs2p6
5374,0.0,16579.52219038973,16579.52219038973,0.0,0.0,pvalloc_29nbfs_LRG2_max_1hll_sCs2p6
5375,0.0,15251.4463649937,15251.4463649937,0.0,0.0,pvalloc_29nbfs_LRG2_max_1hll_sCs2p6
5376,0.0,13188.262672566276,13188.262672566276,0.0,0.0,pvalloc_29nbfs_LRG2_max_1hll_sCs2p6
5377,0.0,11323.92566649367,11323.92566649367,0.0,0.0,pvalloc_29nbfs_LRG2_max_1hll_sCs2p6
5378,0.0,9734.491596408212,9734.491596408212,0.0,0.0,pvalloc_29nbfs_LRG2_max_1hll_sCs2p6
5379,0.0,8493.110696508547,8493.110696508547,0.0,0.0,pvalloc_29nbfs_LRG2_max_1hll_sCs2p6
5380,0.0,7434.255107382792,7434.255107382792,0.0,0.0,pvalloc_29nbfs_LRG2_max_1hll_sCs2p6
5381,0.0,7087.350693282779,7087.350693282779,0.0,0.0,pvalloc_29nbfs_LRG2_max_1hll_sCs2p6
5382,6.526644674352119,5749.384016676091,5749.483407485932,6.526644674352119,0.0,pvalloc_29nbfs_LRG2_max_1hll_sCs2p6
5383,10255.194856490509,2774.414779012741,11159.678670133111,10255.194856490509,0.0,pvalloc_29nbfs_LRG2_max_1hll_sCs2p6
5384,32075.21810236899,2885.612047027112,32343.276755933886,32075.21810236899,0.0,pvalloc_29nbfs_LRG2_max_1hll_sCs2p6
5385,54209.05756144334,3221.021068475561,54354.711619318674,52641.71592806116,1567.3416333821772,pvalloc_29nbfs_LRG2_max_1hll_sCs2p6
5386,72815.72448747436,3905.2635232065377,72955.50351124823,66188.89181962324,6626.832667851164,pvalloc_29nbfs_LRG2_max_1hll_sCs2p6
5387,88433.03927389772,4434.82980526534,88580.73465581915,74966.65537422207,13466.383899675646,pvalloc_29nbfs_LRG2_max_1hll_sCs2p6
5388,85525.16776638417,5517.027246519697,85810.44729496432,73491.03643605609,12034.13133032805,pvalloc_29nbfs_LRG2_max_1hll_sCs2p6
5389,89259.520113563,5835.655080134434,89562.75246313194,75343.98804848442,13915.532065078598,pvalloc_29nbfs_LRG2_max_1hll_sCs2p6
5390,85626.12246537925,6239.927563947954,86015.8567629365,73454.10262401795,12172.019841361305,pvalloc_29nbfs_LRG2_max_1hll_sCs2p6
5391,78828.90602852966,5604.0170194241,79165.87090249274,69676.81462828095,9152.091400248677,pvalloc_29nbfs_LRG2_max_1hll_sCs2p6
5392,64787.10318044142,5314.628107735656,65196.142139378506,60743.272393058345,4043.830787383086,pvalloc_29nbfs_LRG2_max_1hll_sCs2p6
5393,46005.10702652185,5338.39077638994,46716.7222523866,45561.24780239106,443.85922413078384,pvalloc_29nbfs_LRG2_max_1hll_sCs2p6
5394,27036.476589901908,4954.17279854807,28202.874571353907,27036.476589901908,0.0,pvalloc_29nbfs_LRG2_max_1hll_sCs2p6
5395,6323.10781833946,7005.447209962338,10431.630443443883,6323.10781833946,0.0,pvalloc_29nbfs_LRG2_max_1hll_sCs2p6
5396,0.0,17145.721600117533,17145.721600117533,0.0,0.0,pvalloc_29nbfs_LRG2_max_1hll_sCs2p6
5397,0.0,18592.2121303555,18592.2121303555,0.0,0.0,pvalloc_29nbfs_LRG2_max_1hll_sCs2p6
5398,0.0,17959.280865600802,17959.280865600802,0.0,0.0,pvalloc_29nbfs_LRG2_max_1hll_sCs2p6
5399,0.0,15321.147510146635,15321.147510146635,0.0,0.0,pvalloc_29nbfs_LRG2_max_1hll_sCs2p6
5400,0.0,13722.161589340783,13722.161589340783,0.0,0.0,pvalloc_29nbfs_LRG2_max_1hll_sCs2p6
5401,0.0,10430.229263731499,10430.229263731499,0.0,0.0,pvalloc_29nbfs_LRG2_max_1hll_sCs2p6
5402,0.0,8829.571873465273,8829.571873465273,0.0,0.0,pvalloc_29nbfs_LRG2_max_1hll_sCs2p6
5403,0.0,7657.188196967488,7657.188196967488,0.0,0.0,pvalloc_29nbfs_LRG2_max_1hll_sCs2p6
5404,0.0,7455.696363549952,7455.696363549952,0.0,0.0,pvalloc_29nbfs_LRG2_max_1hll_sCs2p6
5405,0.0,7031.549107246736,7031.549107246736,0.0,0.0,pvalloc_29nbfs_LRG2_max_1hll_sCs2p6
5406,1.9945921415049284,6089.650472515686,6089.697823508217,1.9945921415049284,0.0,pvalloc_29nbfs_LRG2_max_1hll_sCs2p6
5407,10247.992011045259,2615.7896171036978,11051.893728161414,10247.992011045259,0.0,pvalloc_29nbfs_LRG2_max_1hll_sCs2p6
5408,29310.077345765807,3029.0862506660806,29649.2958524782,29310.077345765807,0.0,pvalloc_29nbfs_LRG2_max_1hll_sCs2p6
5409,48772.07051292671,3991.4805254597914,49089.1350489103,48079.34655987411,692.7239530525932,pvalloc_29nbfs_LRG2_max_1hll_sCs2p6
5410,67057.23018589226,3842.8439701807656,67219.11673643993,62355.25433410324,4701.975851788998,pvalloc_29nbfs_LRG2_max_1hll_sCs2p6
5411,74858.72617360047,4142.327433753444,75030.68942844364,67363.60061282894,7495.1255607715075,pvalloc_29nbfs_LRG2_max_1hll_sCs2p6
5412,63316.123776128436,5462.693446779188,63796.40108913551,59689.96058032195,3626.163195806471,pvalloc_29nbfs_LRG2_max_1hll_sCs2p6
5413,62782.786754901346,6093.9991719171985,63413.62578031733,59242.49951960407,3540.2872352972827,pvalloc_29nbfs_LRG2_max_1hll_sCs2p6
5414,57284.904210593384,6035.419721307226,58009.58665520563,54914.12801201738,2370.776198575991,pvalloc_29nbfs_LRG2_max_1hll_sCs2p6
5415,46213.680404239414,5488.415066516581,46973.52975664673,45702.203820747556,511.4765834918481,pvalloc_29nbfs_LRG2_max_1hll_sCs2p6
5416,34375.27370378128,5014.5543981150695,35266.313441205704,34325.59945962946,49.674244151821256,pvalloc_29nbfs_LRG2_max_1hll_sCs2p6
5417,27444.329267794423,4820.579995731006,28498.037022848246,27444.329267794423,0.0,pvalloc_29nbfs_LRG2_max_1hll_sCs2p6
5418,11361.224740957756,5234.0014461681185,13695.049737376161,11361.224740957756,0.0,pvalloc_29nbfs_LRG2_max_1hll_sCs2p6
5419,2517.8028808737145,6574.897392479992,7235.810011371499,2517.8028808737145,0.0,pvalloc_29nbfs_LRG2_max_1hll_sCs2p6
5420,0.0,14157.26370667925,14157.26370667925,0.0,0.0,pvalloc_29nbfs_LRG2_max_1hll_sCs2p6
5421,0.0,16175.317955120869,16175.317955120869,0.0,0.0,pvalloc_29nbfs_LRG2_max_1hll_sCs2p6
5422,0.0,16617.529616008724,16617.529616008724,0.0,0.0,pvalloc_29nbfs_LRG2_max_1hll_sCs2p6
5423,0.0,15583.466132818583,15583.466132818583,0.0,0.0,pvalloc_29nbfs_LRG2_max_1hll_sCs2p6
5424,0.0,13573.678772779584,13573.678772779584,0.0,0.0,pvalloc_29nbfs_LRG2_max_1hll_sCs2p6
4920,0.0,11113.463869085279,11113.463869085279,0.0,0.0,pvalloc_29nbfs_LRG2_max_1hll_sCs2p8
4921,0.0,10737.831728562103,10737.831728562103,0.0,0.0,pvalloc_29nbfs_LRG2_max_1hll_sCs2p8
4922,0.0,10105.311448681487,10105.311448681487,0.0,0.0,pvalloc_29nbfs_LRG2_max_1hll_sCs2p8
4923,0.0,8120.094880445638,8120.094880445638,0.0,0.0,pvalloc_29nbfs_LRG2_max_1hll_sCs2p8
4924,0.0,7251.733657230992,7251.733657230992,0.0,0.0,pvalloc_29nbfs_LRG2_max_1hll_sCs2p8
4925,0.0,6971.075169345189,6971.075169345189,0.0,0.0,pvalloc_29nbfs_LRG2_max_1hll_sCs2p8
4926,823.6588419836124,3596.421693054522,3691.0217969807404,823.6588419836124,0.0,pvalloc_29nbfs_LRG2_max_1hll_sCs2p8
4927,15760.894933155616,2536.178836015156,16268.823646802597,15760.894933155616,0.0,pvalloc_29nbfs_LRG2_max_1hll_sCs2p8
4928,35993.08886649962,2697.6738706924925,36178.57983164358,35926.36731399063,66.72155250898561,pvalloc_29nbfs_LRG2_max_1hll_sCs2p8
4929,55366.358024978195,3337.7133983709223,55522.686633380414,53598.995320251466,1767.3627047267337,pvalloc_29nbfs_LRG2_max_1hll_sCs2p8
4930,74388.09140953238,3562.6012679452247,74501.72462261473,67092.74408791427,7295.3473216180855,pvalloc_29nbfs_LRG2_max_1hll_sCs2p8
4931,89314.67883530146,4071.9601067045774,89443.39234493088,75338.50156701377,13976.177268287694,pvalloc_29nbfs_LRG2_max_1hll_sCs2p8
4932,74218.52429723575,5133.236144988752,74526.41980982531,66956.46512988114,7262.059167354621,pvalloc_29nbfs_LRG2_max_1hll_sCs2p8
4933,61764.889651132624,6642.072545989079,62612.76975014275,58529.30561171336,3235.5840394192614,pvalloc_29nbfs_LRG2_max_1hll_sCs2p8
4934,58389.901415633816,5487.491748121102,58934.50152885643,55847.148950181225,2542.752465452601,pvalloc_29nbfs_LRG2_max_1hll_sCs2p8
4935,50978.99727059667,5066.559422803236,51547.16163084501,49810.02913571728,1168.9681348793779,pvalloc_29nbfs_LRG2_max_1hll_sCs2p8
4936,50362.63254993819,4815.292352995168,50876.95104528252,49303.42110730866,1059.2114426295286,pvalloc_29nbfs_LRG2_max_1hll_sCs2p8
4937,34084.57470942059,4267.073119430074,34734.676661357866,34042.34185334976,42.23285607082482,pvalloc_29nbfs_LRG2_max_1hll_sCs2p8
4938,16343.583926374384,3926.605527750382,17455.811884240706,16343.583926374384,0.0,pvalloc_29nbfs_LRG2_max_1hll_sCs2p8
4939,7179.636867290669,5152.324362776175,9873.752331908016,7179.636867290669,0.0,pvalloc_29nbfs_LRG2_max_1hll_sCs2p8
4940,296.4031451724766,8837.91505419707,8841.362420670239,296.4031451724766,0.0,pvalloc_29nbfs_LRG2_max_1hll_sCs2p8
4941,0.0,12714.325160437364,12714.325160437364,0.0,0.0,pvalloc_29nbfs_LRG2_max_1hll_sCs2p8
4942,0.0,13844.117670126649,13844.117670126649,0.0,0.0,pvalloc_29nbfs_LRG2_max_1hll_sCs2p8
4943,0.0,13190.081500942473,13190.081500942473,0.0,0.0,pvalloc_29nbfs_LRG2_max_1hll_sCs2p8
4944,0.0,15734.473543662867,15734.473543662867,0.0,0.0,pvalloc_29nbfs_LRG2_max_1hll_sCs2p8
4945,0.0,11843.652935827871,11843.652935827871,0.0,0.0,pvalloc_29nbfs_LRG2_max_1hll_sCs2p8
4946,0.0,9148.163406638312,9148.163406638312,0.0,0.0,pvalloc_29nbfs_LRG2_max_1hll_sCs2p8
4947,0.0,7889.191632688865,7889.191632688865,0.0,0.0,pvalloc_29nbfs_LRG2_max_1hll_sCs2p8
4948,0.0,7842.183829125384,7842.183829125384,0.0,0.0,pvalloc_29nbfs_LRG2_max_1hll_sCs2p8
4949,0.0,6888.334696423666,6888.334696423666,0.0,0.0,pvalloc_29nbfs_LRG2_max_1hll_sCs2p8
4950,7.651824166155254,5201.505278994315,5201.5225913572685,7.651824166155254,0.0,pvalloc_29nbfs_LRG2_max_1hll_sCs2p8
4951,9123.57781931224,2539.5755730113574,9969.907715581003,9123.57781931224,0.0,pvalloc_29nbfs_LRG2_max_1hll_sCs2p8
4952,30301.27488384483,2553.9255343917425,30515.08869315659,30301.27488384483,0.0,pvalloc_29nbfs_LRG2_max_1hll_sCs2p8
4953,54003.20603280273,3006.4583955791895,54127.37126037547,52469.10053617476,1534.1054966279785,pvalloc_29nbfs_LRG2_max_1hll_sCs2p8
4954,75421.99521422353,3368.49167279604,75517.90509603196,67724.78141488094,7697.213799342607,pvalloc_29nbfs_LRG2_max_1hll_sCs2p8
4955,86704.48207167696,3615.628627456672,86811.23136912151,73955.95046676471,12748.531604912188,pvalloc_29nbfs_LRG2_max_1hll_sCs2p8
4956,74734.5352615897,4604.10663653028,74960.28790294401,67274.87417916399,7459.66108242569,pvalloc_29nbfs_LRG2_max_1hll_sCs2p8
4957,50049.327873461,4867.6749082801325,50565.33537458654,49060.40023553039,988.9276379306145,pvalloc_29nbfs_LRG2_max_1hll_sCs2p8
4958,60894.75456518486,5005.6908713396115,61338.086052388906,57677.4066379463,3217.3479272385484,pvalloc_29nbfs_LRG2_max_1hll_sCs2p8
4959,48570.09056512763,5048.517912904802,49207.27046428722,47747.52556456737,822.5650005602627,pvalloc_29nbfs_LRG2_max_1hll_sCs2p8
4960,44655.285937093795,4723.387453929702,45272.2640020737,44235.67432385421,419.61161323958197,pvalloc_29nbfs_LRG2_max_1hll_sCs2p8
4961,35978.727327022134,4805.492967737442,36782.76956415391,35881.009757378255,97.71756964387089,pvalloc_29nbfs_LRG2_max_1hll_sCs2p8
4962,19839.85447489915,4687.617926077096,21184.575258686564,19839.85447489915,0.0,pvalloc_29nbfs_LRG2_max_1hll_sCs2p8
4963,9129.043217016395,6050.441522696793,12243.988123134455,9129.043217016395,0.0,pvalloc_29nbfs_LRG2_max_1hll_sCs2p8
4964,3.6136172043868013,11428.349415141776,11428.349415141776,3.6136172043868013,0.0,pvalloc_29nbfs_LRG2_max_1hll_sCs2p8
4965,0.0,21698.62752947297,21698.62752947297,0.0,0.0,pvalloc_29nbfs_LRG2_max_1hll_sCs2p8
4966,0.0,15054.668580548849,15054.668580548849,0.0,0.0,pvalloc_29nbfs_LRG2_max_1hll_sCs2p8
4967,0.0,14761.300435221638,14761.300435221638,0.0,0.0,pvalloc_29nbfs_LRG2_max_1hll_sCs2p8
4968,0.0,12492.279958567413,12492.279958567413,0.0,0.0,pvalloc_29nbfs_LRG2_max_1hll_sCs2p8
4969,0.0,10052.532145121631,10052.532145121631,0.0,0.0,pvalloc_29nbfs_LRG2_max_1hll_sCs2p8
4970,0.0,8034.332061846785,8034.332061846785,0.0,0.0,pvalloc_29nbfs_LRG2_max_1hll_sCs2p8
4971,0.0,7219.022230515399,7219.022230515399,0.0,0.0,pvalloc_29nbfs_LRG2_max_1hll_sCs2p8
4972,0.0,6689.043790452776,6689.043790452776,0.0,0.0,pvalloc_29nbfs_LRG2_max_1hll_sCs2p8
4973,0.0,6426.528200910122,6426.528200910122,0.0,0.0,pvalloc_29nbfs_LRG2_max_1hll_sCs2p8
4974,161.12505127962666,3989.5765658696628,3991.5263142098456,161.12505127962666,0.0,pvalloc_29nbfs_LRG2_max_1hll_sCs2p8
4975,10202.411976104622,2534.0671935019477,10985.45427175959,10202.411976104622,0.0,pvalloc_29nbfs_LRG2_max_1hll_sCs2p8
4976,3134.886665450764,2922.6115259113817,4787.098384419975,3134.886665450764,0.0,pvalloc_29nbfs_LRG2_max_1hll_sCs2p8
4977,18337.28291187986,3138.7332447694,19030.344806920017,18337.28291187986,0.0,pvalloc_29nbfs_LRG2_max_1hll_sCs2p8
4978,36175.08334876906,3432.362677312469,36531.24079145196,36083.73554519333,91.34780357572453,pvalloc_29nbfs_LRG2_max_1hll_sCs2p8
4979,57338.969544192616,3908.542024643915,57570.68877452644,55086.50555133853,2252.4639928540755,pvalloc_29nbfs_LRG2_max_1hll_sCs2p8
4980,59621.22526757703,4677.262283593027,59968.065008660145,56853.93348153151,2767.291786045527,pvalloc_29nbfs_LRG2_max_1hll_sCs2p8
4981,62944.61446727265,5377.456919975482,63404.93948495977,59350.09048076676,3594.5239865059048,pvalloc_29nbfs_LRG2_max_1hll_sCs2p8
4982,47634.808479431085,4925.854784785927,48238.46850281226,46948.13970193657,686.6687774945244,pvalloc_29nbfs_LRG2_max_1hll_sCs2p8
4983,52860.421326818374,5535.155472273724,53506.74627654559,51405.81933709301,1454.601989725362,pvalloc_29nbfs_LRG2_max_1hll_sCs2p8
4984,42935.95962692564,4885.633490370801,43581.372513658505,42655.45754192246,280.5020850031962,pvalloc_29nbfs_LRG2_max_1hll_sCs2p8
4985,28496.854115909926,4366.909428589224,29331.68872974721,28496.854115909926,0.0,pvalloc_29nbfs_LRG2_max_1hll_sCs2p8
4986,22523.494596390196,4916.506544781412,23925.894759930197,22523.494596390196,0.0,pvalloc_29nbfs_LRG2_max_1hll_sCs2p8
4987,9973.350551273274,5114.3187847238305,12424.64869144176,9973.350551273274,0.0,pvalloc_29nbfs_LRG2_max_1hll_sCs2p8
4988,1.7871782356064887,11602.821917834946,11602.821917834946,1.7871782356064887,0.0,pvalloc_29nbfs_LRG2_max_1hll_sCs2p8
4989,0.0,15306.207062822388,15306.207062822388,0.0,0.0,pvalloc_29nbfs_LRG2_max_1hll_sCs2p8
4990,0.0,18487.54111223772,18487.54111223772,0.0,0.0,pvalloc_29nbfs_LRG2_max_1hll_sCs2p8
4991,0.0,15678.910070087288,15678.910070087288,0.0,0.0,pvalloc_29nbfs_LRG2_max_1hll_sCs2p8
4992,0.0,12457.95010585332,12457.95010585332,0.0,0.0,pvalloc_29nbfs_LRG2_max_1hll_sCs2p8
4993,0.0,9566.57816566627,9566.57816566627,0.0,0.0,pvalloc_29nbfs_LRG2_max_1hll_sCs2p8
4994,0.0,8172.598108657663,8172.598108657663,0.0,0.0,pvalloc_29nbfs_LRG2_max_1hll_sCs2p8
4995,0.0,7275.373634775014,7275.373634775014,0.0,0.0,pvalloc_29nbfs_LRG2_max_1hll_sCs2p8
4996,0.0,6657.432000184343,6657.432000184343,0.0,0.0,pvalloc_29nbfs_LRG2_max_1hll_sCs2p8
4997,0.0,6227.237294939229,6227.237294939229,0.0,0.0,pvalloc_29nbfs_LRG2_max_1hll_sCs2p8
4998,409.239099662374,3581.7019781401236,3598.6589384291724,409.239099662374,0.0,pvalloc_29nbfs_LRG2_max_1hll_sCs2p8
4999,14922.980002953835,2526.1411325511017,15467.728337976432,14922.980002953835,0.0,pvalloc_29nbfs_LRG2_max_1hll_sCs2p8
5000,33566.009221680324,2776.320491881761,33791.79985564033,33555.51530834158,10.493913338744449,pvalloc_29nbfs_LRG2_max_1hll_sCs2p8
5001,52006.56363199682,3114.2508207473134,52153.195104080456,50793.44988181017,1213.1137501866574,pvalloc_29nbfs_LRG2_max_1hll_sCs2p8
5002,65698.92825793766,3224.9353412587966,65815.4664840503,61376.47018467049,4322.458073267088,pvalloc_29nbfs_LRG2_max_1hll_sCs2p8
5003,85562.75728102849,3939.99554511101,85687.19800844113,73398.98184830802,12163.775432720395,pvalloc_29nbfs_LRG2_max_1hll_sCs2p8
5004,83655.42201642305,4477.653714651568,83826.34708905371,72394.12082644032,11261.30118998275,pvalloc_29nbfs_LRG2_max_1hll_sCs2p8
5005,90113.67841448459,4606.119819868709,90290.09162276023,75704.95194935829,14408.726465126318,pvalloc_29nbfs_LRG2_max_1hll_sCs2p8
5006,83914.30642788458,4591.575677994486,84119.84405920406,72415.4201390522,11498.88628883243,pvalloc_29nbfs_LRG2_max_1hll_sCs2p8
5007,70141.7240779305,4609.121132756143,70402.75465057432,64290.14602229477,5851.578055635609,pvalloc_29nbfs_LRG2_max_1hll_sCs2p8
5008,55300.0345347547,4087.4296295402564,55595.07692874085,53405.31599232612,1894.7185424285708,pvalloc_29nbfs_LRG2_max_1hll_sCs2p8
5009,32729.11764356539,3834.1983786484193,33277.23909117024,32721.117285197164,8.000358368229001,pvalloc_29nbfs_LRG2_max_1hll_sCs2p8
5010,13738.97396430997,3958.314777862697,15069.21469896961,13738.97396430997,0.0,pvalloc_29nbfs_LRG2_max_1hll_sCs2p8
5011,2512.908838265573,6083.763191914595,6860.652419981094,2512.908838265573,0.0,pvalloc_29nbfs_LRG2_max_1hll_sCs2p8
5012,0.024958675141344665,13827.34708473164,13827.34708473164,0.024958675141344665,0.0,pvalloc_29nbfs_LRG2_max_1hll_sCs2p8
5013,0.0,14662.181682635239,14662.181682635239,0.0,0.0,pvalloc_29nbfs_LRG2_max_1hll_sCs2p8
5014,0.0,16274.79912446018,16274.79912446018,0.0,0.0,pvalloc_29nbfs_LRG2_max_1hll_sCs2p8
5015,0.0,15624.09295649087,15624.09295649087,0.0,0.0,pvalloc_29nbfs_LRG2_max_1hll_sCs2p8
5016,0.0,12724.18576973016,12724.18576973016,0.0,0.0,pvalloc_29nbfs_LRG2_max_1hll_sCs2p8
5017,0.0,10867.074894322572,10867.074894322572,0.0,0.0,pvalloc_29nbfs_LRG2_max_1hll_sCs2p8
5018,0.0,8769.371741640622,8769.371741640622,0.0,0.0,pvalloc_29nbfs_LRG2_max_1hll_sCs2p8
5019,0.0,7592.31461024244,7592.31461024244,0.0,0.0,pvalloc_29nbfs_LRG2_max_1hll_sCs2p8
5020,0.0,6804.494587055007,6804.494587055007,0.0,0.0,pvalloc_29nbfs_LRG2_max_1hll_sCs2p8
5021,0.0,6914.447201421453,6914.447201421453,0.0,0.0,pvalloc_29nbfs_LRG2_max_1hll_sCs2p8
5022,126.62140537250191,4157.132146448268,4158.704607921754,126.62140537250191,0.0,pvalloc_29nbfs_LRG2_max_1hll_sCs2p8
5023,10440.300475060745,2564.1830990038056,11233.398041867453,10440.300475060745,0.0,pvalloc_29nbfs_LRG2_max_1hll_sCs2p8
5024,21691.226162958275,2749.2847985124913,22113.78916590566,21691.226162958275,0.0,pvalloc_29nbfs_LRG2_max_1hll_sCs2p8
5025,18560.075525706205,3366.5058268768657,19407.13623867784,18560.075525706205,0.0,pvalloc_29nbfs_LRG2_max_1hll_sCs2p8
5026,30574.096091493167,3798.822434131914,31186.64385976236,30574.096091493167,0.0,pvalloc_29nbfs_LRG2_max_1hll_sCs2p8
5027,65863.36788240138,3646.2768100068865,66021.66425858294,61448.75063680672,4414.617245594679,pvalloc_29nbfs_LRG2_max_1hll_sCs2p8
5028,78967.8449391886,5326.200807003898,79294.90705279137,69853.43897928749,9114.405959901194,pvalloc_29nbfs_LRG2_max_1hll_sCs2p8
5029,52060.96601420619,5045.130769837702,52595.1005736649,50732.407239692824,1328.5587745133673,pvalloc_29nbfs_LRG2_max_1hll_sCs2p8
5030,22715.77132423144,5837.10861499001,24591.064208988162,22715.77132423144,0.0,pvalloc_29nbfs_LRG2_max_1hll_sCs2p8
5031,25365.5992389911,4959.953227561112,26612.124570126864,25365.5992389911,0.0,pvalloc_29nbfs_LRG2_max_1hll_sCs2p8
5032,33757.230353357365,4038.8454240347155,34345.642096542615,33715.80413766273,41.42621569462818,pvalloc_29nbfs_LRG2_max_1hll_sCs2p8
5033,26712.84983169518,4129.359995438836,27518.308562068654,26712.84983169518,0.0,pvalloc_29nbfs_LRG2_max_1hll_sCs2p8
5034,16596.83683653998,4723.505403556875,18220.42511402245,16596.83683653998,0.0,pvalloc_29nbfs_LRG2_max_1hll_sCs2p8
5035,10218.86903083172,5390.204576809967,12755.279722487021,10218.86903083172,0.0,pvalloc_29nbfs_LRG2_max_1hll_sCs2p8
5036,10.62783469298371,10991.228904725456,10991.24133987461,10.62783469298371,0.0,pvalloc_29nbfs_LRG2_max_1hll_sCs2p8
5037,0.0,15623.399766375915,15623.399766375915,0.0,0.0,pvalloc_29nbfs_LRG2_max_1hll_sCs2p8
5038,0.0,16022.715362504956,16022.715362504956,0.0,0.0,pvalloc_29nbfs_LRG2_max_1hll_sCs2p8
5039,0.0,16439.75171535185,16439.75171535185,0.0,0.0,pvalloc_29nbfs_LRG2_max_1hll_sCs2p8
5040,0.0,12326.556850038325,12326.556850038325,0.0,0.0,pvalloc_29nbfs_LRG2_max_1hll_sCs2p8
5041,0.0,9488.472208125193,9488.472208125193,0.0,0.0,pvalloc_29nbfs_LRG2_max_1hll_sCs2p8
5042,0.0,8024.435333822398,8024.435333822398,0.0,0.0,pvalloc_29nbfs_LRG2_max_1hll_sCs2p8
5043,0.0,7253.657469496068,7253.657469496068,0.0,0.0,pvalloc_29nbfs_LRG2_max_1hll_sCs2p8
5044,0.0,6638.189465394041,6638.189465394041,0.0,0.0,pvalloc_29nbfs_LRG2_max_1hll_sCs2p8
5045,0.0,6441.096729282571,6441.096729282571,0.0,0.0,pvalloc_29nbfs_LRG2_max_1hll_sCs2p8
5046,127.18322594880533,4133.710978390231,4135.262268123799,127.18322594880533,0.0,pvalloc_29nbfs_LRG2_max_1hll_sCs2p8
5047,11295.511772572103,2640.9114123534428,12116.710788040304,11295.511772572103,0.0,pvalloc_29nbfs_LRG2_max_1hll_sCs2p8
5048,32387.301422335444,2959.734742065724,32666.88077468101,32387.301422335444,0.0,pvalloc_29nbfs_LRG2_max_1hll_sCs2p8
5049,53143.264587387435,3327.3258768729506,53311.99458372604,51764.13286017579,1379.1317272116426,pvalloc_29nbfs_LRG2_max_1hll_sCs2p8
5050,72236.01578398843,3408.983108759251,72335.46852696307,65787.11965838089,6448.896125607576,pvalloc_29nbfs_LRG2_max_1hll_sCs2p8
5051,65844.14456887309,3813.9157006602827,66014.18659618072,61466.35049384382,4377.794075029259,pvalloc_29nbfs_LRG2_max_1hll_sCs2p8
5052,60332.63629651635,4447.679619991088,60627.90295270948,57418.46063857288,2914.175657943469,pvalloc_29nbfs_LRG2_max_1hll_sCs2p8
5053,66920.19282620797,4710.457598639009,67208.27396827532,62166.50164549984,4753.691180708131,pvalloc_29nbfs_LRG2_max_1hll_sCs2p8
5054,68046.0918528995,4590.30295417198,68321.23608354217,62853.81792073441,5192.273932165114,pvalloc_29nbfs_LRG2_max_1hll_sCs2p8
5055,57555.84141614524,4863.0380299778735,57969.2606140363,55192.84404764909,2362.9973684961506,pvalloc_29nbfs_LRG2_max_1hll_sCs2p8
5056,51407.00265912161,4304.692069080153,51767.46065171651,50216.83195553596,1190.1707035856393,pvalloc_29nbfs_LRG2_max_1hll_sCs2p8
5057,34343.21794578413,3724.9056557545055,34832.44346394855,34299.771430191846,43.446515592279354,pvalloc_29nbfs_LRG2_max_1hll_sCs2p8
5058,12128.295579195274,3720.8669880915377,13405.67691757885,12128.295579195274,0.0,pvalloc_29nbfs_LRG2_max_1hll_sCs2p8
5059,6179.4051354617495,4371.19883228253,8408.096749917064,6179.4051354617495,0.0,pvalloc_29nbfs_LRG2_max_1hll_sCs2p8
5060,213.099493165884,7653.79867493749,7656.388831833218,213.099493165884,0.0,pvalloc_29nbfs_LRG2_max_1hll_sCs2p8
5061,0.0,12442.644294585478,12442.644294585478,0.0,0.0,pvalloc_29nbfs_LRG2_max_1hll_sCs2p8
5062,0.0,12652.57822535876,12652.57822535876,0.0,0.0,pvalloc_29nbfs_LRG2_max_1hll_sCs2p8
5063,0.0,12878.862779430521,12878.862779430521,0.0,0.0,pvalloc_29nbfs_LRG2_max_1hll_sCs2p8
5064,0.0,12350.755659688533,12350.755659688533,0.0,0.0,pvalloc_29nbfs_LRG2_max_1hll_sCs2p8
5065,0.0,11097.685205202353,11097.685205202353,0.0,0.0,pvalloc_29nbfs_LRG2_max_1hll_sCs2p8
5066,0.0,9294.124150992036,9294.124150992036,0.0,0.0,pvalloc_29nbfs_LRG2_max_1hll_sCs2p8
5067,0.0,7868.8472553816255,7868.8472553816255,0.0,0.0,pvalloc_29nbfs_LRG2_max_1hll_sCs2p8
5068,0.0,6865.793803809358,6865.793803809358,0.0,0.0,pvalloc_29nbfs_LRG2_max_1hll_sCs2p8
5069,0.0,7046.1170841017465,7046.1170841017465,0.0,0.0,pvalloc_29nbfs_LRG2_max_1hll_sCs2p8
5070,117.93378269739975,4243.323226929416,4244.770191099981,117.93378269739975,0.0,pvalloc_29nbfs_LRG2_max_1hll_sCs2p8
5071,13180.50779226744,2495.259135585599,13789.340465157406,13180.50779226744,0.0,pvalloc_29nbfs_LRG2_max_1hll_sCs2p8
5072,30180.811119609985,2796.4957435841047,30453.822617193593,30180.811119609985,0.0,pvalloc_29nbfs_LRG2_max_1hll_sCs2p8
5073,52405.3706134392,3195.8496119473184,52562.16580327632,51117.20227270066,1288.1683407385397,pvalloc_29nbfs_LRG2_max_1hll_sCs2p8
5074,69807.82268456317,3484.118363577303,69940.93818743716,64151.10299437679,5656.719690186238,pvalloc_29nbfs_LRG2_max_1hll_sCs2p8
5075,80378.00344344832,3901.8096541513964,80522.65806137555,70536.59487139522,9841.408572053148,pvalloc_29nbfs_LRG2_max_1hll_sCs2p8
5076,70883.99581773167,4437.9403390850575,71109.12843609268,64826.98976598264,6057.006051749036,pvalloc_29nbfs_LRG2_max_1hll_sCs2p8
5077,62704.982448928306,4863.786800760867,63055.4143918278,59156.0844934898,3548.897955438522,pvalloc_29nbfs_LRG2_max_1hll_sCs2p8
5078,53272.78241313895,5048.20291937281,53806.94632939821,51713.55877655276,1559.2236365861982,pvalloc_29nbfs_LRG2_max_1hll_sCs2p8
5079,33083.91377058481,5064.259050665007,34066.918767935065,33055.83588341354,28.0778871712576,pvalloc_29nbfs_LRG2_max_1hll_sCs2p8
5080,36284.27808333326,4694.205636529986,37025.28395777865,36179.95485044934,104.32323288391132,pvalloc_29nbfs_LRG2_max_1hll_sCs2p8
5081,28588.748592804895,4457.297993500284,29459.962070104666,28588.748592804895,0.0,pvalloc_29nbfs_LRG2_max_1hll_sCs2p8
5082,16323.894542389804,4414.0068595560615,17740.657584423374,16323.894542389804,0.0,pvalloc_29nbfs_LRG2_max_1hll_sCs2p8
5083,8592.69284231478,4733.138578200027,10817.429969615343,8592.69284231478,0.0,pvalloc_29nbfs_LRG2_max_1hll_sCs2p8
5084,45.260310248698815,9039.306528738514,9039.583538769444,45.260310248698815,0.0,pvalloc_29nbfs_LRG2_max_1hll_sCs2p8
5085,0.0,14038.884071464148,14038.884071464148,0.0,0.0,pvalloc_29nbfs_LRG2_max_1hll_sCs2p8
5086,0.0,16707.678657408916,16707.678657408916,0.0,0.0,pvalloc_29nbfs_LRG2_max_1hll_sCs2p8
5087,0.0,14798.423471834056,14798.423471834056,0.0,0.0,pvalloc_29nbfs_LRG2_max_1hll_sCs2p8
5088,0.0,12920.992928294934,12920.992928294934,0.0,0.0,pvalloc_29nbfs_LRG2_max_1hll_sCs2p8
5089,0.0,9900.944565301277,9900.944565301277,0.0,0.0,pvalloc_29nbfs_LRG2_max_1hll_sCs2p8
5090,0.0,9389.785903685059,9389.785903685059,0.0,0.0,pvalloc_29nbfs_LRG2_max_1hll_sCs2p8
5091,0.0,7401.546438254426,7401.546438254426,0.0,0.0,pvalloc_29nbfs_LRG2_max_1hll_sCs2p8
5092,0.0,6692.067790682455,6692.067790682455,0.0,0.0,pvalloc_29nbfs_LRG2_max_1hll_sCs2p8
5093,0.0,6497.448685059626,6497.448685059626,0.0,0.0,pvalloc_29nbfs_LRG2_max_1hll_sCs2p8
5094,300.63802655408216,3841.57079396038,3845.471638955545,300.63802655408216,0.0,pvalloc_29nbfs_LRG2_max_1hll_sCs2p8
5095,14804.947704810078,2371.8580529411483,15272.843470374562,14804.947704810078,0.0,pvalloc_29nbfs_LRG2_max_1hll_sCs2p8
5096,34806.518305682024,2366.652512486716,34943.78465069322,34777.17098924117,29.347316440864574,pvalloc_29nbfs_LRG2_max_1hll_sCs2p8
5097,56894.0182590728,2793.7495415756453,56988.59221686322,54839.35355977418,2054.664699298619,pvalloc_29nbfs_LRG2_max_1hll_sCs2p8
5098,73785.2251800706,2917.7874019030673,73861.59961156029,66751.65100071605,7033.574179354622,pvalloc_29nbfs_LRG2_max_1hll_sCs2p8
5099,89267.385400931,3507.6209276939735,89368.43059688954,75285.68617399374,13981.699226937264,pvalloc_29nbfs_LRG2_max_1hll_sCs2p8
5100,75371.67754297682,4902.9287462278535,75628.030595273,67642.94771323823,7728.7298297385705,pvalloc_29nbfs_LRG2_max_1hll_sCs2p8
5101,66109.08233856109,5574.576965949215,66577.21372330637,61522.37257275958,4586.7097658015255,pvalloc_29nbfs_LRG2_max_1hll_sCs2p8
5102,71193.44810266298,5661.266296450083,71657.07157172839,64854.1285102583,6339.319592404569,pvalloc_29nbfs_LRG2_max_1hll_sCs2p8
5103,64991.20429309121,5144.444677034908,65414.185978907524,60688.70121973534,4302.50307335589,pvalloc_29nbfs_LRG2_max_1hll_sCs2p8
5104,61183.89941247548,4940.659560117894,61614.6245109736,57892.895078852525,3291.0043336229837,pvalloc_29nbfs_LRG2_max_1hll_sCs2p8
5105,25872.59467816372,4797.655818731013,26939.414686612883,25872.59467816372,0.0,pvalloc_29nbfs_LRG2_max_1hll_sCs2p8
5106,6548.312488988286,5128.718174167771,9135.532464422708,6548.312488988286,0.0,pvalloc_29nbfs_LRG2_max_1hll_sCs2p8
5107,1418.8681946358502,6932.349066906861,7054.270551186437,1418.8681946358502,0.0,pvalloc_29nbfs_LRG2_max_1hll_sCs2p8
5108,0.5397185071422304,11343.890596541774,11343.890596541774,0.5397185071422304,0.0,pvalloc_29nbfs_LRG2_max_1hll_sCs2p8
5109,0.0,13173.891725783154,13173.891725783154,0.0,0.0,pvalloc_29nbfs_LRG2_max_1hll_sCs2p8
5110,0.0,13106.449704799226,13106.449704799226,0.0,0.0,pvalloc_29nbfs_LRG2_max_1hll_sCs2p8
5111,0.0,12603.245316458499,12603.245316458499,0.0,0.0,pvalloc_29nbfs_LRG2_max_1hll_sCs2p8
5112,0.0,10413.182078012225,10413.182078012225,0.0,0.0,pvalloc_29nbfs_LRG2_max_1hll_sCs2p8
5113,0.0,8993.403916155026,8993.403916155026,0.0,0.0,pvalloc_29nbfs_LRG2_max_1hll_sCs2p8
5114,0.0,7817.172615127089,7817.172615127089,0.0,0.0,pvalloc_29nbfs_LRG2_max_1hll_sCs2p8
5115,0.0,7187.960258470542,7187.960258470542,0.0,0.0,pvalloc_29nbfs_LRG2_max_1hll_sCs2p8
5116,0.0,6597.782238100716,6597.782238100716,0.0,0.0,pvalloc_29nbfs_LRG2_max_1hll_sCs2p8
5117,0.0,6653.582169584412,6653.582169584412,0.0,0.0,pvalloc_29nbfs_LRG2_max_1hll_sCs2p8
5118,143.84040607165775,4119.544663693978,4121.229466812277,143.84040607165775,0.0,pvalloc_29nbfs_LRG2_max_1hll_sCs2p8
5119,10269.121409334524,2358.704523615918,10949.862960921193,10269.121409334524,0.0,pvalloc_29nbfs_LRG2_max_1hll_sCs2p8
5120,31156.312447773962,2382.306732930265,31325.78976625222,31156.312447773962,0.0,pvalloc_29nbfs_LRG2_max_1hll_sCs2p8
5121,54453.49028282457,2713.301979556451,54550.621321082865,52865.29082262705,1588.1994601975127,pvalloc_29nbfs_LRG2_max_1hll_sCs2p8
5122,70445.52036926353,3179.3270368796666,70542.23569849972,64639.99315694559,5805.527212317896,pvalloc_29nbfs_LRG2_max_1hll_sCs2p8
5123,88936.65971788547,3493.637514495621,89021.1114921909,75198.51165958868,13738.148058296736,pvalloc_29nbfs_LRG2_max_1hll_sCs2p8
5124,88527.63561610639,4691.867477310958,88693.31685411876,75031.40145617603,13496.234159930314,pvalloc_29nbfs_LRG2_max_1hll_sCs2p8
5125,88449.51930454318,5520.369564697011,88714.84931959843,74915.01881764256,13534.500486900648,pvalloc_29nbfs_LRG2_max_1hll_sCs2p8
5126,82178.80737721235,5400.968245179484,82471.01985545468,71502.28351965274,10676.523857559523,pvalloc_29nbfs_LRG2_max_1hll_sCs2p8
5127,77617.35669956954,5317.016638458471,77937.04262725808,68887.03395964275,8730.322739926847,pvalloc_29nbfs_LRG2_max_1hll_sCs2p8
5128,68745.87224042688,4485.359516453065,69004.50762104415,63347.64682586488,5398.225414562046,pvalloc_29nbfs_LRG2_max_1hll_sCs2p8
5129,50414.88533269177,4326.719872495119,50800.09113657091,49385.1918818885,1029.6934508032696,pvalloc_29nbfs_LRG2_max_1hll_sCs2p8
5130,30853.628106936103,4874.761599544772,31802.920236261994,30853.628106936103,0.0,pvalloc_29nbfs_LRG2_max_1hll_sCs2p8
5131,12202.181646677196,4979.281585010481,14328.20512698061,12202.181646677196,0.0,pvalloc_29nbfs_LRG2_max_1hll_sCs2p8
5132,1.3776556128050066,11936.650428219193,11936.650428219193,1.3776556128050066,0.0,pvalloc_29nbfs_LRG2_max_1hll_sCs2p8
5133,0.0,18228.216139042957,18228.216139042957,0.0,0.0,pvalloc_29nbfs_LRG2_max_1hll_sCs2p8
5134,0.0,18162.49636171034,18162.49636171034,0.0,0.0,pvalloc_29nbfs_LRG2_max_1hll_sCs2p8
5135,0.0,15581.301938822111,15581.301938822111,0.0,0.0,pvalloc_29nbfs_LRG2_max_1hll_sCs2p8
5136,0.0,13660.5186615185,13660.5186615185,0.0,0.0,pvalloc_29nbfs_LRG2_max_1hll_sCs2p8
5137,0.0,10358.480128423342,10358.480128423342,0.0,0.0,pvalloc_29nbfs_LRG2_max_1hll_sCs2p8
5138,0.0,8828.47113398323,8828.47113398323,0.0,0.0,pvalloc_29nbfs_LRG2_max_1hll_sCs2p8
5139,0.0,7213.798405873981,7213.798405873981,0.0,0.0,pvalloc_29nbfs_LRG2_max_1hll_sCs2p8
5140,0.0,6479.031429122139,6479.031429122139,0.0,0.0,pvalloc_29nbfs_LRG2_max_1hll_sCs2p8
5141,0.0,6403.162580960439,6403.162580960439,0.0,0.0,pvalloc_29nbfs_LRG2_max_1hll_sCs2p8
5142,125.67384383682331,4161.7746657126245,4163.154750837964,125.67384383682331,0.0,pvalloc_29nbfs_LRG2_max_1hll_sCs2p8
5143,13308.200438883794,2354.8785470784396,13828.241590318565,13308.200438883794,0.0,pvalloc_29nbfs_LRG2_max_1hll_sCs2p8
5144,33117.826481799835,2663.0430480674363,33317.08207897369,33117.826481799835,0.0,pvalloc_29nbfs_LRG2_max_1hll_sCs2p8
5145,53982.41452109392,3207.5999165323624,54124.22185408273,52476.31644759221,1506.0980735017206,pvalloc_29nbfs_LRG2_max_1hll_sCs2p8
5146,74374.31034340567,3327.914012860753,74471.46300847376,67143.45392026502,7230.856423140667,pvalloc_29nbfs_LRG2_max_1hll_sCs2p8
5147,87660.95164035633,4249.351243911639,87785.72369297265,74615.06674764623,13045.884892710179,pvalloc_29nbfs_LRG2_max_1hll_sCs2p8
5148,83276.51209537686,5794.710779425904,83643.38546956435,72367.76875420434,10908.743341172572,pvalloc_29nbfs_LRG2_max_1hll_sCs2p8
5149,88097.3673275663,5321.404284500162,88338.39814078338,74820.7768164172,13276.59051114906,pvalloc_29nbfs_LRG2_max_1hll_sCs2p8
5150,87701.93588066008,4495.582249972375,87893.8108177124,74414.16267179367,13287.773208866414,pvalloc_29nbfs_LRG2_max_1hll_sCs2p8
5151,75871.91027909619,5024.962520229271,76143.35376036678,67930.01371973322,7941.896559363009,pvalloc_29nbfs_LRG2_max_1hll_sCs2p8
5152,63210.61183282263,4265.274478016956,63456.222486377956,59534.30705941076,3676.3047734118686,pvalloc_29nbfs_LRG2_max_1hll_sCs2p8
5153,45934.592801974955,3930.070880376728,46262.25107977748,45496.86904430392,437.7237576710246,pvalloc_29nbfs_LRG2_max_1hll_sCs2p8
5154,30683.30185961237,3930.697954511859,31272.11470029217,30683.30185961237,0.0,pvalloc_29nbfs_LRG2_max_1hll_sCs2p8
5155,10171.425435832874,5608.3943399623795,12945.84022836581,10171.425435832874,0.0,pvalloc_29nbfs_LRG2_max_1hll_sCs2p8
5156,1.0009420182063598,13203.627935678316,13203.627935678316,1.0009420182063598,0.0,pvalloc_29nbfs_LRG2_max_1hll_sCs2p8
5157,0.0,16656.158247084175,16656.158247084175,0.0,0.0,pvalloc_29nbfs_LRG2_max_1hll_sCs2p8
5158,0.0,16956.66673318879,16956.66673318879,0.0,0.0,pvalloc_29nbfs_LRG2_max_1hll_sCs2p8
5159,0.0,13878.197386105798,13878.197386105798,0.0,0.0,pvalloc_29nbfs_LRG2_max_1hll_sCs2p8
5160,0.0,13359.709264488025,13359.709264488025,0.0,0.0,pvalloc_29nbfs_LRG2_max_1hll_sCs2p8
5161,0.0,9823.421723926978,9823.421723926978,0.0,0.0,pvalloc_29nbfs_LRG2_max_1hll_sCs2p8
5162,0.0,8004.918441437757,8004.918441437757,0.0,0.0,pvalloc_29nbfs_LRG2_max_1hll_sCs2p8
5163,0.0,7279.771629046192,7279.771629046192,0.0,0.0,pvalloc_29nbfs_LRG2_max_1hll_sCs2p8
5164,0.0,6702.512682378077,6702.512682378077,0.0,0.0,pvalloc_29nbfs_LRG2_max_1hll_sCs2p8
5165,0.0,6398.764586689275,6398.764586689275,0.0,0.0,pvalloc_29nbfs_LRG2_max_1hll_sCs2p8
5166,103.11668441497147,4348.845338841655,4349.946002913908,103.11668441497147,0.0,pvalloc_29nbfs_LRG2_max_1hll_sCs2p8
5167,12662.928576833634,2548.106525979341,13328.656975019981,12662.928576833634,0.0,pvalloc_29nbfs_LRG2_max_1hll_sCs2p8
5168,33065.86108359246,2920.3460523781523,33321.48791011191,33065.86108359246,0.0,pvalloc_29nbfs_LRG2_max_1hll_sCs2p8
5169,54916.90564071628,3160.4279501435108,55049.263567883696,53241.29833745083,1675.6073032654344,pvalloc_29nbfs_LRG2_max_1hll_sCs2p8
5170,74944.11967267335,3061.174518062367,75028.55361200792,67463.78885936055,7480.330813312795,pvalloc_29nbfs_LRG2_max_1hll_sCs2p8
5171,89753.50267249614,3764.981382726791,89853.56506891415,75616.17751249175,14137.325160004348,pvalloc_29nbfs_LRG2_max_1hll_sCs2p8
5172,84036.9968193385,4277.5207283813315,84196.59605403605,72606.27164395913,11430.72517537936,pvalloc_29nbfs_LRG2_max_1hll_sCs2p8
5173,78322.27674416701,4585.951895841774,78537.53446262729,69372.78655694707,8949.49018721996,pvalloc_29nbfs_LRG2_max_1hll_sCs2p8
5174,88615.76796549826,4540.582135154189,88804.29862478067,74904.63976197568,13711.12820352256,pvalloc_29nbfs_LRG2_max_1hll_sCs2p8
5175,76364.86444851111,4721.904897412418,76612.22131337145,68182.28257405649,8182.581874454675,pvalloc_29nbfs_LRG2_max_1hll_sCs2p8
5176,61165.68578056583,4536.958581273708,61471.62758734968,57982.42143570125,3183.2643448645736,pvalloc_29nbfs_LRG2_max_1hll_sCs2p8
5177,41839.59118072985,4211.010153020659,42315.07224974707,41626.78647631512,212.80470441473653,pvalloc_29nbfs_LRG2_max_1hll_sCs2p8
5178,22926.039261727816,4132.27118446541,23847.39245957888,22926.039261727816,0.0,pvalloc_29nbfs_LRG2_max_1hll_sCs2p8
5179,9384.697763642807,4312.385570737268,11203.078382141646,9384.697763642807,0.0,pvalloc_29nbfs_LRG2_max_1hll_sCs2p8
5180,20.194795744226006,9583.981722910881,9584.138684302305,20.194795744226006,0.0,pvalloc_29nbfs_LRG2_max_1hll_sCs2p8
5181,0.0,17958.547144614713,17958.547144614713,0.0,0.0,pvalloc_29nbfs_LRG2_max_1hll_sCs2p8
5182,0.0,15508.105894089556,15508.105894089556,0.0,0.0,pvalloc_29nbfs_LRG2_max_1hll_sCs2p8
5183,0.0,14273.897403473246,14273.897403473246,0.0,0.0,pvalloc_29nbfs_LRG2_max_1hll_sCs2p8
5184,0.0,13200.332246555767,13200.332246555767,0.0,0.0,pvalloc_29nbfs_LRG2_max_1hll_sCs2p8
5185,0.0,9638.325646422076,9638.325646422076,0.0,0.0,pvalloc_29nbfs_LRG2_max_1hll_sCs2p8
5186,0.0,8321.584507793394,8321.584507793394,0.0,0.0,pvalloc_29nbfs_LRG2_max_1hll_sCs2p8
5187,0.0,7169.817360127392,7169.817360127392,0.0,0.0,pvalloc_29nbfs_LRG2_max_1hll_sCs2p8
5188,0.0,7079.928698781938,7079.928698781938,0.0,0.0,pvalloc_29nbfs_LRG2_max_1hll_sCs2p8
5189,0.0,6529.334832922408,6529.334832922408,0.0,0.0,pvalloc_29nbfs_LRG2_max_1hll_sCs2p8
5190,43.798185317095985,4768.148000406523,4768.644382602287,43.798185317095985,0.0,pvalloc_29nbfs_LRG2_max_1hll_sCs2p8
5191,10378.010940021968,2502.3534143540996,11128.727860478908,10378.010940021968,0.0,pvalloc_29nbfs_LRG2_max_1hll_sCs2p8
5192,27611.640974578433,2856.989824244247,27934.06948692981,27611.640974578433,0.0,pvalloc_29nbfs_LRG2_max_1hll_sCs2p8
5193,49193.6957125776,3114.7818469413987,49348.793949178325,48455.84097593197,737.8547366456298,pvalloc_29nbfs_LRG2_max_1hll_sCs2p8
5194,62319.56066716648,3395.63020260158,62453.859383454736,58962.22794943833,3357.3327177281394,pvalloc_29nbfs_LRG2_max_1hll_sCs2p8
5195,70876.33689368656,4074.316383747144,71045.23401667444,64932.80551693326,5943.531376753171,pvalloc_29nbfs_LRG2_max_1hll_sCs2p8
5196,68349.5162887527,5045.480137379673,68686.75406378682,63279.936058791776,5069.580229960873,pvalloc_29nbfs_LRG2_max_1hll_sCs2p8
5197,72580.57448080703,4919.249376650327,72856.15833163162,65914.54175615779,6666.03272464927,pvalloc_29nbfs_LRG2_max_1hll_sCs2p8
5198,71330.6910518691,5430.985756601233,71701.87470479292,65102.026511486,6228.664540382984,pvalloc_29nbfs_LRG2_max_1hll_sCs2p8
5199,70439.91952256166,4903.297134169033,70739.45015983167,64488.652190010594,5951.267332550939,pvalloc_29nbfs_LRG2_max_1hll_sCs2p8
5200,42354.02122571858,3815.0460923322316,42725.20460979679,42120.80863473155,233.2125909870204,pvalloc_29nbfs_LRG2_max_1hll_sCs2p8
5201,27215.284169030045,3804.9660825651963,27862.84553539195,27215.284169030045,0.0,pvalloc_29nbfs_LRG2_max_1hll_sCs2p8
5202,13099.504818490004,4327.908981880147,14761.521482475851,13099.504818490004,0.0,pvalloc_29nbfs_LRG2_max_1hll_sCs2p8
5203,8221.044360176094,4806.469068721468,10540.784373229479,8221.044360176094,0.0,pvalloc_29nbfs_LRG2_max_1hll_sCs2p8
5204,0.0,15090.677358426045,15090.677358426045,0.0,0.0,pvalloc_29nbfs_LRG2_max_1hll_sCs2p8
5205,0.0,15791.348827533155,15791.348827533155,0.0,0.0,pvalloc_29nbfs_LRG2_max_1hll_sCs2p8
5206,0.0,15247.755727980577,15247.755727980577,0.0,0.0,pvalloc_29nbfs_LRG2_max_1hll_sCs2p8
5207,0.0,15008.225250668322,15008.225250668322,0.0,0.0,pvalloc_29nbfs_LRG2_max_1hll_sCs2p8
5208,0.0,12069.433844123947,12069.433844123947,0.0,0.0,pvalloc_29nbfs_LRG2_max_1hll_sCs2p8
5209,0.0,11145.876780548275,11145.876780548275,0.0,0.0,pvalloc_29nbfs_LRG2_max_1hll_sCs2p8
5210,0.0,8940.899584908117,8940.899584908117,0.0,0.0,pvalloc_29nbfs_LRG2_max_1hll_sCs2p8
5211,0.0,7874.895807358424,7874.895807358424,0.0,0.0,pvalloc_29nbfs_LRG2_max_1hll_sCs2p8
5212,0.0,7043.644556647981,7043.644556647981,0.0,0.0,pvalloc_29nbfs_LRG2_max_1hll_sCs2p8
5213,0.0,7125.558647681808,7125.558647681808,0.0,0.0,pvalloc_29nbfs_LRG2_max_1hll_sCs2p8
5214,3.6252595803966594,5734.035934855963,5734.1076181517765,3.6252595803966594,0.0,pvalloc_29nbfs_LRG2_max_1hll_sCs2p8
5215,1654.48710017175,3023.9378244232207,3676.536982298921,1654.48710017175,0.0,pvalloc_29nbfs_LRG2_max_1hll_sCs2p8
5216,6111.816717600535,2945.3223595374648,7459.309477865672,6111.816717600535,0.0,pvalloc_29nbfs_LRG2_max_1hll_sCs2p8
5217,12205.126127746118,3187.9021770706718,13275.37570514983,12205.126127746118,0.0,pvalloc_29nbfs_LRG2_max_1hll_sCs2p8
5218,23893.319537029263,3307.4080646757416,24454.13294793226,23893.319537029263,0.0,pvalloc_29nbfs_LRG2_max_1hll_sCs2p8
5219,28431.58804619874,3945.976965371089,29100.803399893204,28431.58804619874,0.0,pvalloc_29nbfs_LRG2_max_1hll_sCs2p8
5220,21053.953584276693,5082.685648420241,22719.0256198869,21053.953584276693,0.0,pvalloc_29nbfs_LRG2_max_1hll_sCs2p8
5221,45697.476524455196,4532.316330220247,46204.67712061242,45242.84551486739,454.6310095878081,pvalloc_29nbfs_LRG2_max_1hll_sCs2p8
5222,60416.23802259239,4698.695375006716,60771.46308878758,57377.443554469886,3038.7944681224844,pvalloc_29nbfs_LRG2_max_1hll_sCs2p8
5223,47444.373439572584,4724.6011243756075,47963.64454925692,46827.81854356396,616.5548960086282,pvalloc_29nbfs_LRG2_max_1hll_sCs2p8
5224,47801.77402011075,4121.248395254566,48168.79621916069,47161.52110489873,640.2529152120278,pvalloc_29nbfs_LRG2_max_1hll_sCs2p8
5225,35800.74542001435,4199.548797948953,36376.561063621775,35732.44900478678,68.29641522756776,pvalloc_29nbfs_LRG2_max_1hll_sCs2p8
5226,24956.910639964768,4094.3468687562668,25777.767092200822,24956.910639964768,0.0,pvalloc_29nbfs_LRG2_max_1hll_sCs2p8
5227,10270.898528679005,4773.792982068344,12374.035057824376,10270.898528679005,0.0,pvalloc_29nbfs_LRG2_max_1hll_sCs2p8
5228,0.2510507636870595,12343.43612790506,12343.43612790506,0.2510507636870595,0.0,pvalloc_29nbfs_LRG2_max_1hll_sCs2p8
5229,0.0,17463.787611216965,17463.787611216965,0.0,0.0,pvalloc_29nbfs_LRG2_max_1hll_sCs2p8
5230,0.0,16776.245765136617,16776.245765136617,0.0,0.0,pvalloc_29nbfs_LRG2_max_1hll_sCs2p8
5231,0.0,13863.094861205218,13863.094861205218,0.0,0.0,pvalloc_29nbfs_LRG2_max_1hll_sCs2p8
5232,0.0,12379.083196074876,12379.083196074876,0.0,0.0,pvalloc_29nbfs_LRG2_max_1hll_sCs2p8
5233,0.0,10840.79645112631,10840.79645112631,0.0,0.0,pvalloc_29nbfs_LRG2_max_1hll_sCs2p8
5234,0.0,8839.193140860432,8839.193140860432,0.0,0.0,pvalloc_29nbfs_LRG2_max_1hll_sCs2p8
5235,0.0,7691.549078353807,7691.549078353807,0.0,0.0,pvalloc_29nbfs_LRG2_max_1hll_sCs2p8
5236,0.0,6881.18871406951,6881.18871406951,0.0,0.0,pvalloc_29nbfs_LRG2_max_1hll_sCs2p8
5237,0.0,7020.828203404437,7020.828203404437,0.0,0.0,pvalloc_29nbfs_LRG2_max_1hll_sCs2p8
5238,66.545581514917,4740.860224207698,4741.544587024899,66.545581514917,0.0,pvalloc_29nbfs_LRG2_max_1hll_sCs2p8
5239,11462.326645318171,2608.6913306748834,12194.001791467168,11462.326645318171,0.0,pvalloc_29nbfs_LRG2_max_1hll_sCs2p8
5240,24406.898064836783,2926.8003495003904,24812.048932608108,24406.898064836783,0.0,pvalloc_29nbfs_LRG2_max_1hll_sCs2p8
5241,48304.10245794335,3153.0013742233314,48469.71703021095,47670.87236487967,633.2300930636848,pvalloc_29nbfs_LRG2_max_1hll_sCs2p8
5242,62261.1598425281,3597.4293849203236,62414.480528624576,58917.149074246416,3344.0107682816915,pvalloc_29nbfs_LRG2_max_1hll_sCs2p8
5243,68816.47108940684,3909.5264428483797,68982.95554674702,63521.03318568215,5295.437903724754,pvalloc_29nbfs_LRG2_max_1hll_sCs2p8
5244,56479.831687503334,4417.742615013537,56796.59710852614,54421.94606903973,2057.8856184636015,pvalloc_29nbfs_LRG2_max_1hll_sCs2p8
5245,54910.84873769895,4932.270239343677,55360.96317327072,53132.680748723054,1778.1679889758889,pvalloc_29nbfs_LRG2_max_1hll_sCs2p8
5246,51250.44721858286,4986.504284212849,51798.87377677942,50043.778888860485,1206.6683297223651,pvalloc_29nbfs_LRG2_max_1hll_sCs2p8
5247,50994.51940055297,4681.045520196617,51470.239955748104,49842.77512891097,1151.7442716420067,pvalloc_29nbfs_LRG2_max_1hll_sCs2p8
5248,43370.60864760818,4129.339460619836,43827.754277527325,43073.32471991334,297.2839276948357,pvalloc_29nbfs_LRG2_max_1hll_sCs2p8
5249,35403.02764307812,4003.7037791029024,35938.43347649537,35341.51753738666,61.510105691460694,pvalloc_29nbfs_LRG2_max_1hll_sCs2p8
5250,18125.908026006146,4539.049691169664,19493.348659754673,18125.908026006146,0.0,pvalloc_29nbfs_LRG2_max_1hll_sCs2p8
5251,8334.708682396344,5133.80370770798,10855.507308618711,8334.708682396344,0.0,pvalloc_29nbfs_LRG2_max_1hll_sCs2p8
5252,0.0,19000.050343889852,19000.050343889852,0.0,0.0,pvalloc_29nbfs_LRG2_max_1hll_sCs2p8
5253,0.0,19290.58011697166,19290.58011697166,0.0,0.0,pvalloc_29nbfs_LRG2_max_1hll_sCs2p8
5254,0.0,16835.268381474216,16835.268381474216,0.0,0.0,pvalloc_29nbfs_LRG2_max_1hll_sCs2p8
5255,0.0,14924.78827852718,14924.78827852718,0.0,0.0,pvalloc_29nbfs_LRG2_max_1hll_sCs2p8
5256,0.0,13381.168060104113,13381.168060104113,0.0,0.0,pvalloc_29nbfs_LRG2_max_1hll_sCs2p8
5257,0.0,10539.960012448035,10539.960012448035,0.0,0.0,pvalloc_29nbfs_LRG2_max_1hll_sCs2p8
5258,0.0,8429.066249258418,8429.066249258418,0.0,0.0,pvalloc_29nbfs_LRG2_max_1hll_sCs2p8
5259,0.0,7662.686930720701,7662.686930720701,0.0,0.0,pvalloc_29nbfs_LRG2_max_1hll_sCs2p8
5260,0.0,6987.56971605249,6987.56971605249,0.0,0.0,pvalloc_29nbfs_LRG2_max_1hll_sCs2p8
5261,0.0,6946.060646242225,6946.060646242225,0.0,0.0,pvalloc_29nbfs_LRG2_max_1hll_sCs2p8
5262,58.79489163010526,4987.4249185022945,4988.04798742944,58.79489163010526,0.0,pvalloc_29nbfs_LRG2_max_1hll_sCs2p8
5263,12690.937482867897,2563.0274924974206,13330.14348962222,12690.937482867897,0.0,pvalloc_29nbfs_LRG2_max_1hll_sCs2p8
5264,33507.95651273175,2855.923357984155,33744.09202665096,33503.90172845356,4.0547842781862755,pvalloc_29nbfs_LRG2_max_1hll_sCs2p8
5265,56202.52233081222,2947.0176030192715,56315.1996689742,54278.389658140324,1924.1326726718935,pvalloc_29nbfs_LRG2_max_1hll_sCs2p8
5266,75230.51150379122,3724.1807256003804,75347.36879522451,67679.40850482364,7551.102998967636,pvalloc_29nbfs_LRG2_max_1hll_sCs2p8
5267,88833.4570410407,4799.891194054181,89004.04260748648,75235.5392489983,13597.917792042397,pvalloc_29nbfs_LRG2_max_1hll_sCs2p8
5268,86126.86045554288,5847.823697744465,86461.37117441435,73817.57009622309,12309.290359319786,pvalloc_29nbfs_LRG2_max_1hll_sCs2p8
5269,91024.05245123578,5814.373056847965,91314.0654707237,76236.47417881757,14787.578272418199,pvalloc_29nbfs_LRG2_max_1hll_sCs2p8
5270,91509.43640459407,5228.389878327344,91779.19562283611,76214.50417368244,15294.932230911667,pvalloc_29nbfs_LRG2_max_1hll_sCs2p8
5271,83052.32105162108,5019.988409802839,83314.52253597794,71927.20307891002,11125.117972711087,pvalloc_29nbfs_LRG2_max_1hll_sCs2p8
5272,69195.27077696621,4778.319442898873,69483.5358594017,63663.18871838582,5532.082058580274,pvalloc_29nbfs_LRG2_max_1hll_sCs2p8
5273,52127.73974936775,4342.688132370841,52503.428995739625,50811.482580573786,1316.2571687939508,pvalloc_29nbfs_LRG2_max_1hll_sCs2p8
5274,31264.661405617855,4443.011787101038,32029.43860730576,31264.661405617855,0.0,pvalloc_29nbfs_LRG2_max_1hll_sCs2p8
5275,12675.581182233109,4709.088429292958,14449.649071936858,12675.581182233109,0.0,pvalloc_29nbfs_LRG2_max_1hll_sCs2p8
5276,0.001144878417680309,16107.974410967448,16107.974410967448,0.001144878417680309,0.0,pvalloc_29nbfs_LRG2_max_1hll_sCs2p8
5277,0.0,16661.54003587522,16661.54003587522,0.0,0.0,pvalloc_29nbfs_LRG2_max_1hll_sCs2p8
5278,0.0,16071.87963882066,16071.87963882066,0.0,0.0,pvalloc_29nbfs_LRG2_max_1hll_sCs2p8
5279,0.0,16513.61501158644,16513.61501158644,0.0,0.0,pvalloc_29nbfs_LRG2_max_1hll_sCs2p8
5280,0.0,14223.402737580198,14223.402737580198,0.0,0.0,pvalloc_29nbfs_LRG2_max_1hll_sCs2p8
5281,0.0,10189.901163932846,10189.901163932846,0.0,0.0,pvalloc_29nbfs_LRG2_max_1hll_sCs2p8
5282,0.0,9219.90861812319,9219.90861812319,0.0,0.0,pvalloc_29nbfs_LRG2_max_1hll_sCs2p8
5283,0.0,8077.212368111324,8077.212368111324,0.0,0.0,pvalloc_29nbfs_LRG2_max_1hll_sCs2p8
5284,0.0,7416.388772703773,7416.388772703773,0.0,0.0,pvalloc_29nbfs_LRG2_max_1hll_sCs2p8
5285,0.0,7104.393955178769,7104.393955178769,0.0,0.0,pvalloc_29nbfs_LRG2_max_1hll_sCs2p8
5286,19.62833143231169,5505.358734353787,5505.621263088422,19.62833143231169,0.0,pvalloc_29nbfs_LRG2_max_1hll_sCs2p8
5287,11800.337206940587,2604.5286189832423,12507.537811119622,11800.337206940587,0.0,pvalloc_29nbfs_LRG2_max_1hll_sCs2p8
5288,33674.45270700561,2762.636376846415,33890.40885607876,33668.066027408844,6.386679596760644,pvalloc_29nbfs_LRG2_max_1hll_sCs2p8
5289,55889.66114152165,2764.818686950143,55990.7752565156,54025.105953204606,1864.5551883170447,pvalloc_29nbfs_LRG2_max_1hll_sCs2p8
5290,74188.02416125985,3621.193403545107,74298.11103119896,67052.70063148286,7135.323529777003,pvalloc_29nbfs_LRG2_max_1hll_sCs2p8
5291,90221.9013569675,4049.6247987510815,90344.48836671321,75837.71046610549,14384.190890861963,pvalloc_29nbfs_LRG2_max_1hll_sCs2p8
5292,85619.89605377613,5618.68796144772,85921.58921954663,73553.85677801605,12066.039275760048,pvalloc_29nbfs_LRG2_max_1hll_sCs2p8
5293,91373.25385334782,5532.553255791078,91633.57875036677,76300.61563931577,15072.638214032022,pvalloc_29nbfs_LRG2_max_1hll_sCs2p8
5294,86752.09389457933,6652.282723875883,87208.44204593515,73906.72778703341,12845.366107545899,pvalloc_29nbfs_LRG2_max_1hll_sCs2p8
5295,80012.1696942411,6058.202216228881,80434.88520784595,70225.12052153982,9787.049172701276,pvalloc_29nbfs_LRG2_max_1hll_sCs2p8
5296,65448.01902907942,6116.163574127217,66036.55650857718,61106.38590985489,4341.633119224529,pvalloc_29nbfs_LRG2_max_1hll_sCs2p8
5297,49698.965899088726,5439.0557665213155,50391.0257791607,48726.20229082785,972.7636082608914,pvalloc_29nbfs_LRG2_max_1hll_sCs2p8
5298,29310.998916494467,5433.236392950657,30516.479945823176,29310.998916494467,0.0,pvalloc_29nbfs_LRG2_max_1hll_sCs2p8
5299,8809.68170138808,6468.660393479333,12181.322344267599,8809.68170138808,0.0,pvalloc_29nbfs_LRG2_max_1hll_sCs2p8
5300,0.006800150706788702,16914.972295880314,16914.972295880314,0.006800150706788702,0.0,pvalloc_29nbfs_LRG2_max_1hll_sCs2p8
5301,0.0,19664.8737674663,19664.8737674663,0.0,0.0,pvalloc_29nbfs_LRG2_max_1hll_sCs2p8
5302,0.0,21717.297616531432,21717.297616531432,0.0,0.0,pvalloc_29nbfs_LRG2_max_1hll_sCs2p8
5303,0.0,17214.825474050005,17214.825474050005,0.0,0.0,pvalloc_29nbfs_LRG2_max_1hll_sCs2p8
5304,0.0,12578.207549128692,12578.207549128692,0.0,0.0,pvalloc_29nbfs_LRG2_max_1hll_sCs2p8
5305,0.0,10294.109997870488,10294.109997870488,0.0,0.0,pvalloc_29nbfs_LRG2_max_1hll_sCs2p8
5306,0.0,8325.709247505114,8325.709247505114,0.0,0.0,pvalloc_29nbfs_LRG2_max_1hll_sCs2p8
5307,0.0,7293.515981600715,7293.515981600715,0.0,0.0,pvalloc_29nbfs_LRG2_max_1hll_sCs2p8
5308,0.0,6735.774478834691,6735.774478834691,0.0,0.0,pvalloc_29nbfs_LRG2_max_1hll_sCs2p8
5309,0.0,6710.483943585054,6710.483943585054,0.0,0.0,pvalloc_29nbfs_LRG2_max_1hll_sCs2p8
5310,30.317513370299526,4984.835126272202,4985.220251712876,30.317513370299526,0.0,pvalloc_29nbfs_LRG2_max_1hll_sCs2p8
5311,11752.450972257831,2510.586947448839,12420.396372666239,11752.450972257831,0.0,pvalloc_29nbfs_LRG2_max_1hll_sCs2p8
5312,32871.65654475625,2874.191419190469,33120.50082670034,32871.65654475625,0.0,pvalloc_29nbfs_LRG2_max_1hll_sCs2p8
5313,54819.06958609278,3219.6083908883197,54959.825121635426,53152.29635585187,1666.773230240903,pvalloc_29nbfs_LRG2_max_1hll_sCs2p8
5314,74962.79908772958,3688.513427694864,75088.88483450904,67482.43780544706,7480.36128228253,pvalloc_29nbfs_LRG2_max_1hll_sCs2p8
5315,91197.2314993624,3849.54902573005,91309.95416247254,76293.3022396578,14903.929259704471,pvalloc_29nbfs_LRG2_max_1hll_sCs2p8
5316,85241.09166058963,5912.74140435089,85591.25121058676,73336.43742594263,11904.654234646996,pvalloc_29nbfs_LRG2_max_1hll_sCs2p8
5317,90965.80962115174,5414.898399191298,91205.9874736805,76178.11150533258,14787.698115819145,pvalloc_29nbfs_LRG2_max_1hll_sCs2p8
5318,88569.8783218829,5552.751468911757,88842.17367701059,74903.2362280008,13666.642093882087,pvalloc_29nbfs_LRG2_max_1hll_sCs2p8
5319,82024.71393467972,4916.794441733443,82258.52793567066,71428.85014338976,10595.863791289923,pvalloc_29nbfs_LRG2_max_1hll_sCs2p8
5320,67943.22677708484,4825.435749296605,68241.62378001184,62832.89476188327,5110.3320152015995,pvalloc_29nbfs_LRG2_max_1hll_sCs2p8
5321,50060.76601845824,4697.238876115858,50518.26126005883,49098.65211090065,962.1139075575913,pvalloc_29nbfs_LRG2_max_1hll_sCs2p8
5322,31970.543382665226,3954.7214614334516,32565.13248317641,31970.543382665226,0.0,pvalloc_29nbfs_LRG2_max_1hll_sCs2p8
5323,10837.712882223677,4742.260094680306,12905.050111169112,10837.712882223677,0.0,pvalloc_29nbfs_LRG2_max_1hll_sCs2p8
5324,0.6232388764581751,11780.34336973914,11780.34336973914,0.6232388764581751,0.0,pvalloc_29nbfs_LRG2_max_1hll_sCs2p8
5325,0.0,17798.451423069702,17798.451423069702,0.0,0.0,pvalloc_29nbfs_LRG2_max_1hll_sCs2p8
5326,0.0,19605.334016129706,19605.334016129706,0.0,0.0,pvalloc_29nbfs_LRG2_max_1hll_sCs2p8
5327,0.0,17993.3392447101,17993.3392447101,0.0,0.0,pvalloc_29nbfs_LRG2_max_1hll_sCs2p8
5328,0.0,14499.905393880887,14499.905393880887,0.0,0.0,pvalloc_29nbfs_LRG2_max_1hll_sCs2p8
5329,0.0,10706.798579119697,10706.798579119697,0.0,0.0,pvalloc_29nbfs_LRG2_max_1hll_sCs2p8
5330,0.0,8691.305275136961,8691.305275136961,0.0,0.0,pvalloc_29nbfs_LRG2_max_1hll_sCs2p8
5331,0.0,7299.838339654399,7299.838339654399,0.0,0.0,pvalloc_29nbfs_LRG2_max_1hll_sCs2p8
5332,0.0,6942.486827788975,6942.486827788975,0.0,0.0,pvalloc_29nbfs_LRG2_max_1hll_sCs2p8
5333,0.0,6828.1340130815815,6828.1340130815815,0.0,0.0,pvalloc_29nbfs_LRG2_max_1hll_sCs2p8
5334,10.246775479722334,5417.76027410263,5417.8958646830315,10.246775479722334,0.0,pvalloc_29nbfs_LRG2_max_1hll_sCs2p8
5335,10506.210610408141,2805.8662348508183,11439.826458127842,10506.210610408141,0.0,pvalloc_29nbfs_LRG2_max_1hll_sCs2p8
5336,31590.370739214395,3234.2584163753477,31945.752083279865,31590.370739214395,0.0,pvalloc_29nbfs_LRG2_max_1hll_sCs2p8
5337,53930.09239855563,3412.452966649247,54098.7925477194,52414.1714842761,1515.9209142795264,pvalloc_29nbfs_LRG2_max_1hll_sCs2p8
5338,73878.88478419857,3725.3397949805412,74006.37897441463,66832.05392944756,7046.830854750898,pvalloc_29nbfs_LRG2_max_1hll_sCs2p8
5339,89053.3563149566,4022.855949025853,89170.85577446409,75273.99709106634,13779.359223890273,pvalloc_29nbfs_LRG2_max_1hll_sCs2p8
5340,84367.47393129353,5739.866137209853,84716.18772481452,72961.93231243707,11405.54161885645,pvalloc_29nbfs_LRG2_max_1hll_sCs2p8
5341,88665.86901036397,5708.3125984479,88956.93311861512,75094.64512891587,13571.22388144807,pvalloc_29nbfs_LRG2_max_1hll_sCs2p8
5342,85477.97676014643,6552.191424627519,85935.93131809813,73430.45912186688,12047.517638279556,pvalloc_29nbfs_LRG2_max_1hll_sCs2p8
5343,80357.32852669845,5458.920982125164,80667.68402129751,70484.82522196074,9872.50330473772,pvalloc_29nbfs_LRG2_max_1hll_sCs2p8
5344,68389.42581515471,4524.157448710913,68647.71916816646,63124.823627435166,5264.602187719571,pvalloc_29nbfs_LRG2_max_1hll_sCs2p8
5345,48968.800646613956,4481.254025815361,49391.499622879055,48177.932138459335,790.8685081546221,pvalloc_29nbfs_LRG2_max_1hll_sCs2p8
5346,29292.886772503196,4463.912748837144,30120.955137576573,29292.886772503196,0.0,pvalloc_29nbfs_LRG2_max_1hll_sCs2p8
5347,7443.805035625509,6365.291227919891,10947.526550725444,7443.805035625509,0.0,pvalloc_29nbfs_LRG2_max_1hll_sCs2p8
5348,0.0,15989.609743663083,15989.609743663083,0.0,0.0,pvalloc_29nbfs_LRG2_max_1hll_sCs2p8
5349,0.0,16826.71504393423,16826.71504393423,0.0,0.0,pvalloc_29nbfs_LRG2_max_1hll_sCs2p8
5350,0.0,17455.218388780388,17455.218388780388,0.0,0.0,pvalloc_29nbfs_LRG2_max_1hll_sCs2p8
5351,0.0,17312.601875985758,17312.601875985758,0.0,0.0,pvalloc_29nbfs_LRG2_max_1hll_sCs2p8
5352,0.0,14414.143741518077,14414.143741518077,0.0,0.0,pvalloc_29nbfs_LRG2_max_1hll_sCs2p8
5353,0.0,9954.172012300509,9954.172012300509,0.0,0.0,pvalloc_29nbfs_LRG2_max_1hll_sCs2p8
5354,0.0,8448.308232531268,8448.308232531268,0.0,0.0,pvalloc_29nbfs_LRG2_max_1hll_sCs2p8
5355,0.0,7461.470557932399,7461.470557932399,0.0,0.0,pvalloc_29nbfs_LRG2_max_1hll_sCs2p8
5356,0.0,6904.553782501743,6904.553782501743,0.0,0.0,pvalloc_29nbfs_LRG2_max_1hll_sCs2p8
5357,0.0,6785.528064411384,6785.528064411384,0.0,0.0,pvalloc_29nbfs_LRG2_max_1hll_sCs2p8
5358,16.201767737294993,5398.018245761505,5398.2482096376625,16.201767737294993,0.0,pvalloc_29nbfs_LRG2_max_1hll_sCs2p8
5359,10623.159919505157,2700.414172726424,11466.000876724722,10623.159919505157,0.0,pvalloc_29nbfs_LRG2_max_1hll_sCs2p8
5360,31817.50275445629,3036.408960481419,32118.309783988003,31817.50275445629,0.0,pvalloc_29nbfs_LRG2_max_1hll_sCs2p8
5361,51631.528246222115,4021.355996766954,51935.64769934014,50507.05434643241,1124.4738997897136,pvalloc_29nbfs_LRG2_max_1hll_sCs2p8
5362,72716.8136682558,4119.283662091849,72881.01276075437,66131.84380626127,6584.969861994549,pvalloc_29nbfs_LRG2_max_1hll_sCs2p8
5363,86940.48754692536,4994.413148930265,87149.37962028128,74310.46724559242,12630.020301332937,pvalloc_29nbfs_LRG2_max_1hll_sCs2p8
5364,84895.52287079855,5829.299955704658,85256.7723294283,73245.89364476729,11649.629226031264,pvalloc_29nbfs_LRG2_max_1hll_sCs2p8
5365,87849.1225610301,6393.657561636473,88283.14919428957,74764.62617565469,13084.496385375392,pvalloc_29nbfs_LRG2_max_1hll_sCs2p8
5366,90081.35706783559,5273.29986230678,90319.6014133661,75669.2373415829,14412.119726252678,pvalloc_29nbfs_LRG2_max_1hll_sCs2p8
5367,81538.90765653229,4898.266244594955,81766.06638360384,71188.67525407778,10350.232402454512,pvalloc_29nbfs_LRG2_max_1hll_sCs2p8
5368,67790.32907712797,4601.101082774659,68047.25124832364,62795.498529809265,4994.830547318733,pvalloc_29nbfs_LRG2_max_1hll_sCs2p8
5369,48931.996827312054,4696.5230964192815,49395.55344864408,48170.539469120464,761.4573581915956,pvalloc_29nbfs_LRG2_max_1hll_sCs2p8
5370,28010.96003084809,4838.619663005371,29078.826733861362,28010.96003084809,0.0,pvalloc_29nbfs_LRG2_max_1hll_sCs2p8
5371,9367.685554864296,5175.854742028308,11829.024240334702,9367.685554864296,0.0,pvalloc_29nbfs_LRG2_max_1hll_sCs2p8
5372,0.0,16855.69464605522,16855.69464605522,0.0,0.0,pvalloc_29nbfs_LRG2_max_1hll_sCs2p8
5373,0.0,17345.89249504484,17345.89249504484,0.0,0.0,pvalloc_29nbfs_LRG2_max_1hll_sCs2p8
5374,0.0,16579.52219038973,16579.52219038973,0.0,0.0,pvalloc_29nbfs_LRG2_max_1hll_sCs2p8
5375,0.0,15251.446364993697,15251.446364993697,0.0,0.0,pvalloc_29nbfs_LRG2_max_1hll_sCs2p8
5376,0.0,13188.262672566278,13188.262672566278,0.0,0.0,pvalloc_29nbfs_LRG2_max_1hll_sCs2p8
5377,0.0,11323.92566649367,11323.92566649367,0.0,0.0,pvalloc_29nbfs_LRG2_max_1hll_sCs2p8
5378,0.0,9734.491596408214,9734.491596408214,0.0,0.0,pvalloc_29nbfs_LRG2_max_1hll_sCs2p8
5379,0.0,8493.110696508547,8493.110696508547,0.0,0.0,pvalloc_29nbfs_LRG2_max_1hll_sCs2p8
5380,0.0,7434.255107382792,7434.255107382792,0.0,0.0,pvalloc_29nbfs_LRG2_max_1hll_sCs2p8
5381,0.0,7087.350693282778,7087.350693282778,0.0,0.0,pvalloc_29nbfs_LRG2_max_1hll_sCs2p8
5382,6.528807697638995,5749.36785255817,5749.46724336801,6.528807697638995,0.0,pvalloc_29nbfs_LRG2_max_1hll_sCs2p8
5383,10254.168527033124,2774.6030901015197,11158.895682672815,10254.168527033124,0.0,pvalloc_29nbfs_LRG2_max_1hll_sCs2p8
5384,32071.961699478536,2885.4651868706746,32339.960794242776,32071.961699478536,0.0,pvalloc_29nbfs_LRG2_max_1hll_sCs2p8
5385,54203.76499705738,3220.8269011536877,54349.48537067276,52634.961666606854,1568.8033304505195,pvalloc_29nbfs_LRG2_max_1hll_sCs2p8
5386,72808.56183138193,3904.9672035988597,72948.4450162537,66181.24776495012,6627.314066431956,pvalloc_29nbfs_LRG2_max_1hll_sCs2p8
5387,88424.45873477489,4434.517889888836,88572.3345602994,74959.1080357035,13465.350699071427,pvalloc_29nbfs_LRG2_max_1hll_sCs2p8
5388,85516.46083967843,5516.58276710818,85801.57945465941,73484.54968066243,12031.911159016046,pvalloc_29nbfs_LRG2_max_1hll_sCs2p8
5389,89250.5425307657,5835.246990850176,89553.34835524925,75335.88079856012,13914.661732205592,pvalloc_29nbfs_LRG2_max_1hll_sCs2p8
5390,85617.34408415633,6239.483084536436,86006.92116402804,73447.54314361859,12169.80094053775,pvalloc_29nbfs_LRG2_max_1hll_sCs2p8
5391,78820.97825120961,5603.673912509947,79157.62677175872,69668.97344849582,9152.004802713767,pvalloc_29nbfs_LRG2_max_1hll_sCs2p8
5392,64780.34940940592,5314.259007873459,65189.25737907504,60736.39658588508,4043.9528235208413,pvalloc_29nbfs_LRG2_max_1hll_sCs2p8
5393,45999.86780286771,5337.974889221271,46712.39196697993,45555.32585515837,444.54194770933907,pvalloc_29nbfs_LRG2_max_1hll_sCs2p8
5394,27033.12753229239,4953.889357039286,28200.01418236262,27033.12753229239,0.0,pvalloc_29nbfs_LRG2_max_1hll_sCs2p8
5395,6321.846629618029,7005.650758092758,10431.024603008864,6321.846629618029,0.0,pvalloc_29nbfs_LRG2_max_1hll_sCs2p8
5396,0.0,17145.795887345783,17145.795887345783,0.0,0.0,pvalloc_29nbfs_LRG2_max_1hll_sCs2p8
5397,0.0,18592.212130355496,18592.212130355496,0.0,0.0,pvalloc_29nbfs_LRG2_max_1hll_sCs2p8
5398,0.0,17959.280865600802,17959.280865600802,0.0,0.0,pvalloc_29nbfs_LRG2_max_1hll_sCs2p8
5399,0.0,15321.147510146635,15321.147510146635,0.0,0.0,pvalloc_29nbfs_LRG2_max_1hll_sCs2p8
5400,0.0,13722.161589340783,13722.161589340783,0.0,0.0,pvalloc_29nbfs_LRG2_max_1hll_sCs2p8
5401,0.0,10430.229263731499,10430.229263731499,0.0,0.0,pvalloc_29nbfs_LRG2_max_1hll_sCs2p8
5402,0.0,8829.571873465273,8829.571873465273,0.0,0.0,pvalloc_29nbfs_LRG2_max_1hll_sCs2p8
5403,0.0,7657.188196967487,7657.188196967487,0.0,0.0,pvalloc_29nbfs_LRG2_max_1hll_sCs2p8
5404,0.0,7455.696363549954,7455.696363549954,0.0,0.0,pvalloc_29nbfs_LRG2_max_1hll_sCs2p8
5405,0.0,7031.549107246736,7031.549107246736,0.0,0.0,pvalloc_29nbfs_LRG2_max_1hll_sCs2p8
5406,2.002989783164163,6089.6323601190925,6089.679711111625,2.002989783164163,0.0,pvalloc_29nbfs_LRG2_max_1hll_sCs2p8
5407,10247.008608821134,2615.9877323251117,11051.164143045227,10247.008608821134,0.0,pvalloc_29nbfs_LRG2_max_1hll_sCs2p8
5408,29306.920070989298,3028.8959822864135,29646.2231617139,29306.920070989298,0.0,pvalloc_29nbfs_LRG2_max_1hll_sCs2p8
5409,48766.84786081106,3991.1556136092668,49084.11993441654,48073.15250302195,693.6953577891079,pvalloc_29nbfs_LRG2_max_1hll_sCs2p8
5410,67050.52474420637,3842.5907988668378,67212.51092795336,62347.58321294179,4702.941531264544,pvalloc_29nbfs_LRG2_max_1hll_sCs2p8
5411,74851.19042329463,4142.077901452241,75023.30098517092,67355.59041712034,7495.600006174213,pvalloc_29nbfs_LRG2_max_1hll_sCs2p8
5412,63308.94197120632,5462.248967367671,63789.65000998394,59681.9079782773,3627.0339929290326,pvalloc_29nbfs_LRG2_max_1hll_sCs2p8
5413,62775.534547727926,6093.536497442052,63406.834253718145,59234.37973901511,3541.154808712807,pvalloc_29nbfs_LRG2_max_1hll_sCs2p8
5414,57278.64707519078,6035.220610606928,58003.2026490136,54905.770926803176,2372.8761483876156,pvalloc_29nbfs_LRG2_max_1hll_sCs2p8
5415,46208.32174250211,5488.193545270191,46968.38114434552,45696.17841153014,512.14333097196,pvalloc_29nbfs_LRG2_max_1hll_sCs2p8
5416,34371.192391228986,5014.385138257237,35262.378263283754,34321.56776402206,49.62462720692412,pvalloc_29nbfs_LRG2_max_1hll_sCs2p8
5417,27440.971950417053,4820.44821830233,28495.11374516757,27440.971950417053,0.0,pvalloc_29nbfs_LRG2_max_1hll_sCs2p8
5418,11359.528472105772,5234.137429414097,13693.619317454963,11359.528472105772,0.0,pvalloc_29nbfs_LRG2_max_1hll_sCs2p8
5419,2517.480800123502,6575.441527780736,7236.247789335361,2517.480800123502,0.0,pvalloc_29nbfs_LRG2_max_1hll_sCs2p8
5420,0.0,14157.205139427098,14157.205139427098,0.0,0.0,pvalloc_29nbfs_LRG2_max_1hll_sCs2p8
5421,0.0,16175.317955120869,16175.317955120869,0.0,0.0,pvalloc_29nbfs_LRG2_max_1hll_sCs2p8
5422,0.0,16617.529616008724,16617.529616008724,0.0,0.0,pvalloc_29nbfs_LRG2_max_1hll_sCs2p8
5423,0.0,15583.466132818583,15583.466132818583,0.0,0.0,pvalloc_29nbfs_LRG2_max_1hll_sCs2p8
5424,0.0,13573.678772779584,13573.678772779584,0.0,0.0,pvalloc_29nbfs_LRG2_max_1hll_sCs2p8
