t_int,feedin_atnode_kW,demand_atnode_kW,max_demand_feedin_atnode_kW,feedin_atnode_taken_kW,feedin_atnode_loss_kW,scen
4920,0.0,11113.463869085279,11113.463869085279,0.0,0.0,pvalloc_29nbfs_LRG2_gridoptim_max
4921,0.0,10737.831728562103,10737.831728562103,0.0,0.0,pvalloc_29nbfs_LRG2_gridoptim_max
4922,0.0,10105.311448681487,10105.311448681487,0.0,0.0,pvalloc_29nbfs_LRG2_gridoptim_max
4923,0.0,8120.094880445638,8120.094880445638,0.0,0.0,pvalloc_29nbfs_LRG2_gridoptim_max
4924,0.0,7251.733657230993,7251.733657230993,0.0,0.0,pvalloc_29nbfs_LRG2_gridoptim_max
4925,0.0,6971.075169345189,6971.075169345189,0.0,0.0,pvalloc_29nbfs_LRG2_gridoptim_max
4926,815.4872725855732,3618.2141821680602,3709.441404487184,815.4872725855732,0.0,pvalloc_29nbfs_LRG2_gridoptim_max
4927,15638.410199987686,2565.396533825808,16164.113051994089,15638.410199987686,0.0,pvalloc_29nbfs_LRG2_gridoptim_max
4928,35718.53635660216,2730.358569313444,35924.052846488354,35651.9737109701,66.56264563206088,pvalloc_29nbfs_LRG2_gridoptim_max
4929,54945.33062663259,3383.3676246703985,55123.19847335439,53178.968910011645,1766.3617166209488,pvalloc_29nbfs_LRG2_gridoptim_max
4930,73824.2746300653,3609.579001210335,73962.47030040898,66532.53535818376,7291.739271881597,pvalloc_29nbfs_LRG2_gridoptim_max
4931,88638.60523104356,4122.941324315314,88797.05384380394,74667.8380409171,13970.767190126473,pvalloc_29nbfs_LRG2_gridoptim_max
4932,73653.5695734071,5203.08748178389,73994.66169865592,66395.23850799666,7258.331065410372,pvalloc_29nbfs_LRG2_gridoptim_max
4933,61290.72150883773,6740.212818645233,62198.90552104714,58057.89031864898,3232.8311901887337,pvalloc_29nbfs_LRG2_gridoptim_max
4934,57943.44192181016,5555.331886811121,58522.39185949863,55402.36083129762,2541.0810905125227,pvalloc_29nbfs_LRG2_gridoptim_max
4935,50588.19470450244,5124.714976846567,51186.60070363388,49419.31315394979,1168.8815505526584,pvalloc_29nbfs_LRG2_gridoptim_max
4936,49978.20000671424,4868.598334665915,50522.20981492236,48919.08256724722,1059.117439467038,pvalloc_29nbfs_LRG2_gridoptim_max
4937,33822.00971150163,4313.970890398428,34494.19176294334,33779.93257699045,42.077134511181384,pvalloc_29nbfs_LRG2_gridoptim_max
4938,16215.28402813941,3968.053893891288,17355.497006478643,16215.28402813941,0.0,pvalloc_29nbfs_LRG2_gridoptim_max
4939,7120.365401152305,5213.912290598338,9870.554186216945,7120.365401152305,0.0,pvalloc_29nbfs_LRG2_gridoptim_max
4940,292.836357095626,8880.54990188169,8883.99726835486,292.836357095626,0.0,pvalloc_29nbfs_LRG2_gridoptim_max
4941,0.0,12714.325160437362,12714.325160437362,0.0,0.0,pvalloc_29nbfs_LRG2_gridoptim_max
4942,0.0,13844.117670126652,13844.117670126652,0.0,0.0,pvalloc_29nbfs_LRG2_gridoptim_max
4943,0.0,13190.081500942473,13190.081500942473,0.0,0.0,pvalloc_29nbfs_LRG2_gridoptim_max
4944,0.0,15734.473543662867,15734.473543662867,0.0,0.0,pvalloc_29nbfs_LRG2_gridoptim_max
4945,0.0,11843.652935827871,11843.652935827871,0.0,0.0,pvalloc_29nbfs_LRG2_gridoptim_max
4946,0.0,9148.163406638314,9148.163406638314,0.0,0.0,pvalloc_29nbfs_LRG2_gridoptim_max
4947,0.0,7889.191632688864,7889.191632688864,0.0,0.0,pvalloc_29nbfs_LRG2_gridoptim_max
4948,0.0,7842.183829125384,7842.183829125384,0.0,0.0,pvalloc_29nbfs_LRG2_gridoptim_max
4949,0.0,6888.334696423668,6888.334696423668,0.0,0.0,pvalloc_29nbfs_LRG2_gridoptim_max
4950,7.662290152269789,5213.380799062923,5213.398111425878,7.662290152269789,0.0,pvalloc_29nbfs_LRG2_gridoptim_max
4951,9050.9441511326,2569.6592936243765,9920.585561291826,9050.9441511326,0.0,pvalloc_29nbfs_LRG2_gridoptim_max
4952,30069.573060462477,2584.2796447880546,30301.25769710802,30069.573060462477,0.0,pvalloc_29nbfs_LRG2_gridoptim_max
4953,53592.51273633371,3045.846640432282,53737.43856232328,52058.64960880368,1533.8631275300322,pvalloc_29nbfs_LRG2_gridoptim_max
4954,74850.54935963964,3412.573866023831,74969.8905382359,67156.96867906617,7693.58068057342,pvalloc_29nbfs_LRG2_gridoptim_max
4955,86047.78306156346,3658.5110979635956,86182.2519184467,73304.32301114353,12743.460050419895,pvalloc_29nbfs_LRG2_gridoptim_max
4956,74165.75131405692,4666.295637605643,74421.71203490828,66709.78066963186,7455.97064442513,pvalloc_29nbfs_LRG2_gridoptim_max
4957,49665.1882449849,4927.196331043973,50210.772602989004,48676.34473462587,988.8435103590357,pvalloc_29nbfs_LRG2_gridoptim_max
4958,60429.52856220886,5058.25288183368,60907.86165234866,57214.45835763482,3215.0702045740354,pvalloc_29nbfs_LRG2_gridoptim_max
4959,48196.82597029076,5101.101842406046,48862.14365497623,47373.62906019923,823.1969100915228,pvalloc_29nbfs_LRG2_gridoptim_max
4960,44312.44256158638,4771.388603693307,44955.27987942988,43892.576482323704,419.86607926267675,pvalloc_29nbfs_LRG2_gridoptim_max
4961,35701.13353663263,4855.1441793653885,36527.54357633926,35603.57878783052,97.55474880209795,pvalloc_29nbfs_LRG2_gridoptim_max
4962,19684.135282950465,4740.436467574063,21066.017929980444,19684.135282950465,0.0,pvalloc_29nbfs_LRG2_gridoptim_max
4963,9054.245344334944,6126.141048394837,12237.992935715074,9054.245344334944,0.0,pvalloc_29nbfs_LRG2_gridoptim_max
4964,3.629909223792617,11455.36281352495,11455.36281352495,3.629909223792617,0.0,pvalloc_29nbfs_LRG2_gridoptim_max
4965,0.0,21698.627529472968,21698.627529472968,0.0,0.0,pvalloc_29nbfs_LRG2_gridoptim_max
4966,0.0,15054.668580548849,15054.668580548849,0.0,0.0,pvalloc_29nbfs_LRG2_gridoptim_max
4967,0.0,14761.30043522164,14761.30043522164,0.0,0.0,pvalloc_29nbfs_LRG2_gridoptim_max
4968,0.0,12492.279958567413,12492.279958567413,0.0,0.0,pvalloc_29nbfs_LRG2_gridoptim_max
4969,0.0,10052.532145121633,10052.532145121633,0.0,0.0,pvalloc_29nbfs_LRG2_gridoptim_max
4970,0.0,8034.332061846783,8034.332061846783,0.0,0.0,pvalloc_29nbfs_LRG2_gridoptim_max
4971,0.0,7219.022230515399,7219.022230515399,0.0,0.0,pvalloc_29nbfs_LRG2_gridoptim_max
4972,0.0,6689.043790452775,6689.043790452775,0.0,0.0,pvalloc_29nbfs_LRG2_gridoptim_max
4973,0.0,6426.528200910121,6426.528200910121,0.0,0.0,pvalloc_29nbfs_LRG2_gridoptim_max
4974,159.49975148365672,4007.391290756962,4009.3410390971458,159.49975148365672,0.0,pvalloc_29nbfs_LRG2_gridoptim_max
4975,10121.532985736469,2564.453481566318,10927.368051847146,10121.532985736469,0.0,pvalloc_29nbfs_LRG2_gridoptim_max
4976,3107.720190001757,2953.7624247795725,4788.278030151761,3107.720190001757,0.0,pvalloc_29nbfs_LRG2_gridoptim_max
4977,18193.6499756146,3176.83056871781,18911.46909898033,18193.6499756146,0.0,pvalloc_29nbfs_LRG2_gridoptim_max
4978,35896.22644111005,3473.662542608941,36273.8037297498,35805.0355436221,91.1908974879351,pvalloc_29nbfs_LRG2_gridoptim_max
4979,56900.682980273275,3956.5450041796184,57160.999697662846,54649.785137775754,2250.897842497519,pvalloc_29nbfs_LRG2_gridoptim_max
4980,59165.286352375755,4737.695066993477,59544.42005358159,56400.28745478306,2764.9988975926926,pvalloc_29nbfs_LRG2_gridoptim_max
4981,62462.73144074336,5449.051950974774,62958.57980311417,58870.633312153615,3592.0981285897496,pvalloc_29nbfs_LRG2_gridoptim_max
4982,47268.16626062229,4979.697322599027,47899.481630290284,46581.23639957166,686.9298610506268,pvalloc_29nbfs_LRG2_gridoptim_max
4983,52454.45872232879,5606.736983705357,53137.3605210739,51000.11422719596,1454.3444951328293,pvalloc_29nbfs_LRG2_gridoptim_max
4984,42605.388731376304,4947.9999515495165,43284.45354761237,42325.028465098614,280.3602662776917,pvalloc_29nbfs_LRG2_gridoptim_max
4985,28275.765716186514,4418.053569591566,29140.942431747804,28275.765716186514,0.0,pvalloc_29nbfs_LRG2_gridoptim_max
4986,22347.292513639288,4979.425738690356,23797.062476354567,22347.292513639288,0.0,pvalloc_29nbfs_LRG2_gridoptim_max
4987,9891.990407417754,5180.6561492334895,12403.190155487167,9891.990407417754,0.0,pvalloc_29nbfs_LRG2_gridoptim_max
4988,1.7793007076952996,11633.675158885044,11633.675158885044,1.7793007076952996,0.0,pvalloc_29nbfs_LRG2_gridoptim_max
4989,0.0,15306.207062822388,15306.207062822388,0.0,0.0,pvalloc_29nbfs_LRG2_gridoptim_max
4990,0.0,18487.541112237723,18487.541112237723,0.0,0.0,pvalloc_29nbfs_LRG2_gridoptim_max
4991,0.0,15678.910070087288,15678.910070087288,0.0,0.0,pvalloc_29nbfs_LRG2_gridoptim_max
4992,0.0,12457.950105853317,12457.950105853317,0.0,0.0,pvalloc_29nbfs_LRG2_gridoptim_max
4993,0.0,9566.57816566627,9566.57816566627,0.0,0.0,pvalloc_29nbfs_LRG2_gridoptim_max
4994,0.0,8172.598108657664,8172.598108657664,0.0,0.0,pvalloc_29nbfs_LRG2_gridoptim_max
4995,0.0,7275.373634775014,7275.373634775014,0.0,0.0,pvalloc_29nbfs_LRG2_gridoptim_max
4996,0.0,6657.432000184343,6657.432000184343,0.0,0.0,pvalloc_29nbfs_LRG2_gridoptim_max
4997,0.0,6227.237294939229,6227.237294939229,0.0,0.0,pvalloc_29nbfs_LRG2_gridoptim_max
4998,405.12638591912025,3603.721531022177,3620.7126499786277,405.12638591912025,0.0,pvalloc_29nbfs_LRG2_gridoptim_max
4999,14806.676434326646,2556.7429371384874,15371.48802607814,14806.676434326646,0.0,pvalloc_29nbfs_LRG2_gridoptim_max
5000,33309.37276237399,2809.454912821861,33554.89161792491,33299.027598069864,10.345164304125944,pvalloc_29nbfs_LRG2_gridoptim_max
5001,51610.74502508547,3154.048472067611,51779.155945125975,50397.725795390856,1213.0192296946047,pvalloc_29nbfs_LRG2_gridoptim_max
5002,65200.477251858014,3264.96301957325,65340.77886293772,60881.280492571925,4319.196759286076,pvalloc_29nbfs_LRG2_gridoptim_max
5003,84914.17738119492,3990.1414680629714,85066.89254599699,72755.46995812499,12158.707423069944,pvalloc_29nbfs_LRG2_gridoptim_max
5004,83020.84688897245,4536.892203977538,83222.33146488102,71764.77857089571,11256.068318076686,pvalloc_29nbfs_LRG2_gridoptim_max
5005,89431.3518483646,4662.873221858473,89641.95793336452,75028.12376466743,14403.228083697131,pvalloc_29nbfs_LRG2_gridoptim_max
5006,83278.48117569715,4644.448013336756,83519.97496934069,71784.79110207995,11493.690073617197,pvalloc_29nbfs_LRG2_gridoptim_max
5007,69609.38836048133,4661.818913120965,69906.57225687799,63762.36446851288,5847.023891968469,pvalloc_29nbfs_LRG2_gridoptim_max
5008,54879.2391494655,4131.12320034409,55205.76436655035,52986.5425540941,1892.6965953713961,pvalloc_29nbfs_LRG2_gridoptim_max
5009,32477.30534332885,3875.4067018161995,33044.87284059251,32469.361016903218,7.9443264256368025,pvalloc_29nbfs_LRG2_gridoptim_max
5010,13629.76872897807,4004.060657955872,14994.751639446944,13629.76872897807,0.0,pvalloc_29nbfs_LRG2_gridoptim_max
5011,2489.3964933028656,6139.608948066178,6895.633165424719,2489.3964933028656,0.0,pvalloc_29nbfs_LRG2_gridoptim_max
5012,0.024958675141344665,13839.079955832045,13839.079955832045,0.024958675141344665,0.0,pvalloc_29nbfs_LRG2_gridoptim_max
5013,0.0,14662.18168263524,14662.18168263524,0.0,0.0,pvalloc_29nbfs_LRG2_gridoptim_max
5014,0.0,16274.799124460178,16274.799124460178,0.0,0.0,pvalloc_29nbfs_LRG2_gridoptim_max
5015,0.0,15624.092956490873,15624.092956490873,0.0,0.0,pvalloc_29nbfs_LRG2_gridoptim_max
5016,0.0,12724.185769730164,12724.185769730164,0.0,0.0,pvalloc_29nbfs_LRG2_gridoptim_max
5017,0.0,10867.074894322572,10867.074894322572,0.0,0.0,pvalloc_29nbfs_LRG2_gridoptim_max
5018,0.0,8769.37174164062,8769.37174164062,0.0,0.0,pvalloc_29nbfs_LRG2_gridoptim_max
5019,0.0,7592.314610242441,7592.314610242441,0.0,0.0,pvalloc_29nbfs_LRG2_gridoptim_max
5020,0.0,6804.494587055006,6804.494587055006,0.0,0.0,pvalloc_29nbfs_LRG2_gridoptim_max
5021,0.0,6914.4472014214525,6914.4472014214525,0.0,0.0,pvalloc_29nbfs_LRG2_gridoptim_max
5022,125.24238815169035,4176.1005421892705,4177.673003662756,125.24238815169035,0.0,pvalloc_29nbfs_LRG2_gridoptim_max
5023,10357.425058436202,2595.3622637120466,11174.000486125971,10357.425058436202,0.0,pvalloc_29nbfs_LRG2_gridoptim_max
5024,21522.44857475348,2783.0629074488747,21963.46752748907,21522.44857475348,0.0,pvalloc_29nbfs_LRG2_gridoptim_max
5025,18413.585083269292,3411.930740164993,19293.725788769396,18413.585083269292,0.0,pvalloc_29nbfs_LRG2_gridoptim_max
5026,30336.39636517517,3853.5857085297625,30984.299092105808,30336.39636517517,0.0,pvalloc_29nbfs_LRG2_gridoptim_max
5027,65360.850176553264,3691.19477883266,65545.91636870203,60949.48807428592,4411.362102267357,pvalloc_29nbfs_LRG2_gridoptim_max
5028,78365.6384252133,5405.843390591151,78722.43925984818,69256.3528792689,9109.285545944387,pvalloc_29nbfs_LRG2_gridoptim_max
5029,51659.68730880064,5108.879013785169,52224.80560015881,50331.37939343279,1328.3079153678427,pvalloc_29nbfs_LRG2_gridoptim_max
5030,22534.767504643383,5908.050841662417,24463.185687373738,22534.767504643383,0.0,pvalloc_29nbfs_LRG2_gridoptim_max
5031,25166.20337014365,5019.0469860560215,26452.724438529513,25166.20337014365,0.0,pvalloc_29nbfs_LRG2_gridoptim_max
5032,33495.990193680824,4084.3749124208853,34104.95883862824,33454.71262790528,41.277565775529524,pvalloc_29nbfs_LRG2_gridoptim_max
5033,26505.026375608908,4178.905232308924,27340.707059949767,26505.026375608908,0.0,pvalloc_29nbfs_LRG2_gridoptim_max
5034,16465.17585602022,4781.410581584243,18134.392884179793,16465.17585602022,0.0,pvalloc_29nbfs_LRG2_gridoptim_max
5035,10136.403393680896,5455.584667621188,12729.509788600966,10136.403393680896,0.0,pvalloc_29nbfs_LRG2_gridoptim_max
5036,10.520503725772071,11025.82576603404,11025.838201183198,10.520503725772071,0.0,pvalloc_29nbfs_LRG2_gridoptim_max
5037,0.0,15623.399766375918,15623.399766375918,0.0,0.0,pvalloc_29nbfs_LRG2_gridoptim_max
5038,0.0,16022.715362504954,16022.715362504954,0.0,0.0,pvalloc_29nbfs_LRG2_gridoptim_max
5039,0.0,16439.75171535185,16439.75171535185,0.0,0.0,pvalloc_29nbfs_LRG2_gridoptim_max
5040,0.0,12326.556850038325,12326.556850038325,0.0,0.0,pvalloc_29nbfs_LRG2_gridoptim_max
5041,0.0,9488.472208125193,9488.472208125193,0.0,0.0,pvalloc_29nbfs_LRG2_gridoptim_max
5042,0.0,8024.435333822399,8024.435333822399,0.0,0.0,pvalloc_29nbfs_LRG2_gridoptim_max
5043,0.0,7253.657469496068,7253.657469496068,0.0,0.0,pvalloc_29nbfs_LRG2_gridoptim_max
5044,0.0,6638.189465394041,6638.189465394041,0.0,0.0,pvalloc_29nbfs_LRG2_gridoptim_max
5045,0.0,6441.09672928257,6441.09672928257,0.0,0.0,pvalloc_29nbfs_LRG2_gridoptim_max
5046,125.82861762094949,4153.706873991382,4155.25816372495,125.82861762094949,0.0,pvalloc_29nbfs_LRG2_gridoptim_max
5047,11206.21739703884,2675.4880630763196,12054.501275356952,11206.21739703884,0.0,pvalloc_29nbfs_LRG2_gridoptim_max
5048,32139.161655204178,2999.5910168265546,32438.07681040919,32139.161655204178,0.0,pvalloc_29nbfs_LRG2_gridoptim_max
5049,52738.819711081065,3374.1993358299055,52928.07649502315,51359.78986504273,1379.0298460383278,pvalloc_29nbfs_LRG2_gridoptim_max
5050,71688.33874031856,3455.7651723502536,71810.17555262853,65243.285661971684,6445.053078346931,pvalloc_29nbfs_LRG2_gridoptim_max
5051,65343.38566231303,3862.8350385515505,65540.10402621464,60968.908451239215,4374.477211073824,pvalloc_29nbfs_LRG2_gridoptim_max
5052,59872.330843038784,4506.010207820127,60197.754329247815,56960.59578324665,2911.735059792123,pvalloc_29nbfs_LRG2_gridoptim_max
5053,66410.33288060676,4770.22418413087,66731.70728924197,61660.02026411916,4750.312616487712,pvalloc_29nbfs_LRG2_gridoptim_max
5054,67529.58612165808,4641.523199183358,67841.47077407513,62340.9928279684,5188.59329368961,pvalloc_29nbfs_LRG2_gridoptim_max
5055,57117.29402282066,4919.372567907294,57564.289596491224,54755.91371068379,2361.3803121368765,pvalloc_29nbfs_LRG2_gridoptim_max
5056,51014.99040868977,4354.764280738541,51405.456865572734,49824.914967952034,1190.075440737742,pvalloc_29nbfs_LRG2_gridoptim_max
5057,34079.816410879095,3764.2249207628533,34589.095130300004,34036.52311847777,43.29329240131602,pvalloc_29nbfs_LRG2_gridoptim_max
5058,12031.87957671906,3762.151749895331,13340.081996994244,12031.87957671906,0.0,pvalloc_29nbfs_LRG2_gridoptim_max
5059,6128.356136769376,4417.859278333943,8397.681260558531,6128.356136769376,0.0,pvalloc_29nbfs_LRG2_gridoptim_max
5060,210.74799579234514,7679.436696148422,7682.026853044151,210.74799579234514,0.0,pvalloc_29nbfs_LRG2_gridoptim_max
5061,0.0,12442.644294585474,12442.644294585474,0.0,0.0,pvalloc_29nbfs_LRG2_gridoptim_max
5062,0.0,12652.578225358759,12652.578225358759,0.0,0.0,pvalloc_29nbfs_LRG2_gridoptim_max
5063,0.0,12878.862779430521,12878.862779430521,0.0,0.0,pvalloc_29nbfs_LRG2_gridoptim_max
5064,0.0,12350.755659688532,12350.755659688532,0.0,0.0,pvalloc_29nbfs_LRG2_gridoptim_max
5065,0.0,11097.685205202353,11097.685205202353,0.0,0.0,pvalloc_29nbfs_LRG2_gridoptim_max
5066,0.0,9294.124150992036,9294.124150992036,0.0,0.0,pvalloc_29nbfs_LRG2_gridoptim_max
5067,0.0,7868.8472553816255,7868.8472553816255,0.0,0.0,pvalloc_29nbfs_LRG2_gridoptim_max
5068,0.0,6865.793803809358,6865.793803809358,0.0,0.0,pvalloc_29nbfs_LRG2_gridoptim_max
5069,0.0,7046.117084101745,7046.117084101745,0.0,0.0,pvalloc_29nbfs_LRG2_gridoptim_max
5070,116.6842661793673,4262.46360447135,4263.910568641915,116.6842661793673,0.0,pvalloc_29nbfs_LRG2_gridoptim_max
5071,13077.32368214559,2525.529580133799,13707.175535825396,13077.32368214559,0.0,pvalloc_29nbfs_LRG2_gridoptim_max
5072,29949.338764740663,2830.6819347724204,30240.31276008676,29949.338764740663,0.0,pvalloc_29nbfs_LRG2_gridoptim_max
5073,52006.91033330382,3235.119216048023,52187.09531425338,50718.839173212305,1288.0711600915224,pvalloc_29nbfs_LRG2_gridoptim_max
5074,69278.57211174807,3526.1231572396796,69438.11783583136,63626.43813120965,5652.133980538314,pvalloc_29nbfs_LRG2_gridoptim_max
5075,79768.98388503474,3948.522379586093,79943.43922044657,69932.343823658,9836.640061376784,pvalloc_29nbfs_LRG2_gridoptim_max
5076,70345.45148567682,4492.797413544892,70602.73053877364,64292.68879077713,6052.7626948997195,pvalloc_29nbfs_LRG2_gridoptim_max
5077,62227.079542822576,4924.652267420666,62612.292754704795,58680.5733976002,3546.506145222388,pvalloc_29nbfs_LRG2_gridoptim_max
5078,52865.189920073026,5104.432394213774,53430.609800851445,51306.21633408708,1558.9735859859438,pvalloc_29nbfs_LRG2_gridoptim_max
5079,32826.49201496163,5125.95088986111,33847.347823499025,32798.57064010071,27.92137486092156,pvalloc_29nbfs_LRG2_gridoptim_max
5080,36003.77964527743,4746.771622971509,36770.83963695904,35899.62090872603,104.15873655138813,pvalloc_29nbfs_LRG2_gridoptim_max
5081,28366.94006780852,4510.403893087708,29270.629416405325,28366.94006780852,0.0,pvalloc_29nbfs_LRG2_gridoptim_max
5082,16194.935621914252,4465.171187990327,17650.16598512367,16194.935621914252,0.0,pvalloc_29nbfs_LRG2_gridoptim_max
5083,8523.16157230938,4787.330114853853,10793.90713822006,8523.16157230938,0.0,pvalloc_29nbfs_LRG2_gridoptim_max
5084,44.767042503057894,9064.934682172732,9065.211692203664,44.767042503057894,0.0,pvalloc_29nbfs_LRG2_gridoptim_max
5085,0.0,14038.884071464148,14038.884071464148,0.0,0.0,pvalloc_29nbfs_LRG2_gridoptim_max
5086,0.0,16707.67865740891,16707.67865740891,0.0,0.0,pvalloc_29nbfs_LRG2_gridoptim_max
5087,0.0,14798.423471834056,14798.423471834056,0.0,0.0,pvalloc_29nbfs_LRG2_gridoptim_max
5088,0.0,12920.992928294934,12920.992928294934,0.0,0.0,pvalloc_29nbfs_LRG2_gridoptim_max
5089,0.0,9900.944565301277,9900.944565301277,0.0,0.0,pvalloc_29nbfs_LRG2_gridoptim_max
5090,0.0,9389.78590368506,9389.78590368506,0.0,0.0,pvalloc_29nbfs_LRG2_gridoptim_max
5091,0.0,7401.546438254426,7401.546438254426,0.0,0.0,pvalloc_29nbfs_LRG2_gridoptim_max
5092,0.0,6692.067790682453,6692.067790682453,0.0,0.0,pvalloc_29nbfs_LRG2_gridoptim_max
5093,0.0,6497.448685059626,6497.448685059626,0.0,0.0,pvalloc_29nbfs_LRG2_gridoptim_max
5094,297.5625700708032,3860.0686017697217,3863.9726169856644,297.5625700708032,0.0,pvalloc_29nbfs_LRG2_gridoptim_max
5095,14691.24394875183,2399.43505872432,15176.004981480313,14691.24394875183,0.0,pvalloc_29nbfs_LRG2_gridoptim_max
5096,34544.02475887098,2394.3910359521597,34699.35333216513,34514.82696728786,29.197791583123262,pvalloc_29nbfs_LRG2_gridoptim_max
5097,56466.79183023145,2829.9041018373437,56581.04425331592,54413.60091100069,2053.190919230765,pvalloc_29nbfs_LRG2_gridoptim_max
5098,73232.29234051514,2952.5387853736647,73330.94680311177,66202.38253402502,7029.909806490064,pvalloc_29nbfs_LRG2_gridoptim_max
5099,88599.6490026297,3546.6136069004765,88729.18153994798,74622.69808442453,13976.950918205122,pvalloc_29nbfs_LRG2_gridoptim_max
5100,74805.4250524312,4962.945815801076,75097.79932660889,67080.93056424682,7724.49448818436,pvalloc_29nbfs_LRG2_gridoptim_max
5101,65610.75925673029,5638.27543300471,66115.902276062,61027.70100000609,4583.058256724188,pvalloc_29nbfs_LRG2_gridoptim_max
5102,70657.90697250873,5719.927689841852,71160.62984444143,64322.90054558955,6335.0064269191535,pvalloc_29nbfs_LRG2_gridoptim_max
5103,64502.37182831241,5197.1189901497555,64961.06542580324,60202.89722621133,4299.474602101078,pvalloc_29nbfs_LRG2_gridoptim_max
5104,60724.13616024098,4989.79991519638,61188.2810935433,57435.47696719245,3288.659193048532,pvalloc_29nbfs_LRG2_gridoptim_max
5105,25673.96851398722,4844.3441049229505,26766.038202319975,25673.96851398722,0.0,pvalloc_29nbfs_LRG2_gridoptim_max
5106,6493.753756882481,5170.125823656647,9117.413026324886,6493.753756882481,0.0,pvalloc_29nbfs_LRG2_gridoptim_max
5107,1404.590730277989,6967.219892444963,7086.148818660166,1404.590730277989,0.0,pvalloc_29nbfs_LRG2_gridoptim_max
5108,0.5412050785959202,11358.75881536401,11358.75881536401,0.5412050785959202,0.0,pvalloc_29nbfs_LRG2_gridoptim_max
5109,0.0,13173.891725783154,13173.891725783154,0.0,0.0,pvalloc_29nbfs_LRG2_gridoptim_max
5110,0.0,13106.449704799226,13106.449704799226,0.0,0.0,pvalloc_29nbfs_LRG2_gridoptim_max
5111,0.0,12603.245316458499,12603.245316458499,0.0,0.0,pvalloc_29nbfs_LRG2_gridoptim_max
5112,0.0,10413.182078012227,10413.182078012227,0.0,0.0,pvalloc_29nbfs_LRG2_gridoptim_max
5113,0.0,8993.403916155024,8993.403916155024,0.0,0.0,pvalloc_29nbfs_LRG2_gridoptim_max
5114,0.0,7817.1726151270905,7817.1726151270905,0.0,0.0,pvalloc_29nbfs_LRG2_gridoptim_max
5115,0.0,7187.960258470544,7187.960258470544,0.0,0.0,pvalloc_29nbfs_LRG2_gridoptim_max
5116,0.0,6597.782238100715,6597.782238100715,0.0,0.0,pvalloc_29nbfs_LRG2_gridoptim_max
5117,0.0,6653.582169584411,6653.582169584411,0.0,0.0,pvalloc_29nbfs_LRG2_gridoptim_max
5118,142.57535712978037,4136.713013426919,4138.397816545218,142.57535712978037,0.0,pvalloc_29nbfs_LRG2_gridoptim_max
5119,10188.292007420869,2386.9470306186904,10889.651069864858,10188.292007420869,0.0,pvalloc_29nbfs_LRG2_gridoptim_max
5120,30920.185859702873,2410.360720223922,31107.284466827772,30920.185859702873,0.0,pvalloc_29nbfs_LRG2_gridoptim_max
5121,54044.36523286255,2747.5371839249465,54161.144884666915,52456.40987355404,1587.9553593085116,pvalloc_29nbfs_LRG2_gridoptim_max
5122,69915.63940509743,3219.685747814582,70035.11860224413,64113.88877300772,5801.750632089714,pvalloc_29nbfs_LRG2_gridoptim_max
5123,88270.39240438587,3536.7108006001777,88380.62534192702,74537.39666623175,13732.995738154106,pvalloc_29nbfs_LRG2_gridoptim_max
5124,87864.01891719199,4756.053727187061,88060.41915022892,74373.5864365539,13490.432480638045,pvalloc_29nbfs_LRG2_gridoptim_max
5125,87785.58774767148,5592.327268462074,88088.67129348544,74256.44225321841,13529.145494453096,pvalloc_29nbfs_LRG2_gridoptim_max
5126,81560.65191023589,5465.473668583298,81893.50407119056,70889.00381143512,10671.648098800804,pvalloc_29nbfs_LRG2_gridoptim_max
5127,77034.25216583874,5376.483250136717,77396.24151060198,68308.3628750657,8725.889290773062,pvalloc_29nbfs_LRG2_gridoptim_max
5128,68229.9210087849,4534.167088377615,68525.14058986562,62835.370751974755,5394.550256810106,pvalloc_29nbfs_LRG2_gridoptim_max
5129,50034.82487391113,4374.26794723797,50448.25770199145,49005.24998337659,1029.5748905345383,pvalloc_29nbfs_LRG2_gridoptim_max
5130,30618.357270988297,4934.663035660093,31606.138686276106,30618.357270988297,0.0,pvalloc_29nbfs_LRG2_gridoptim_max
5131,12105.578205017555,5043.062018934186,14286.800164521228,12105.578205017555,0.0,pvalloc_29nbfs_LRG2_gridoptim_max
5132,1.376584551653424,11966.475014481402,11966.475014481402,1.376584551653424,0.0,pvalloc_29nbfs_LRG2_gridoptim_max
5133,0.0,18228.216139042957,18228.216139042957,0.0,0.0,pvalloc_29nbfs_LRG2_gridoptim_max
5134,0.0,18162.49636171034,18162.49636171034,0.0,0.0,pvalloc_29nbfs_LRG2_gridoptim_max
5135,0.0,15581.301938822113,15581.301938822113,0.0,0.0,pvalloc_29nbfs_LRG2_gridoptim_max
5136,0.0,13660.5186615185,13660.5186615185,0.0,0.0,pvalloc_29nbfs_LRG2_gridoptim_max
5137,0.0,10358.480128423342,10358.480128423342,0.0,0.0,pvalloc_29nbfs_LRG2_gridoptim_max
5138,0.0,8828.47113398323,8828.47113398323,0.0,0.0,pvalloc_29nbfs_LRG2_gridoptim_max
5139,0.0,7213.798405873982,7213.798405873982,0.0,0.0,pvalloc_29nbfs_LRG2_gridoptim_max
5140,0.0,6479.031429122139,6479.031429122139,0.0,0.0,pvalloc_29nbfs_LRG2_gridoptim_max
5141,0.0,6403.16258096044,6403.16258096044,0.0,0.0,pvalloc_29nbfs_LRG2_gridoptim_max
5142,124.61315346338634,4179.428323976388,4180.808409101727,124.61315346338634,0.0,pvalloc_29nbfs_LRG2_gridoptim_max
5143,13205.604924902582,2382.7251194783476,13743.81888380306,13205.604924902582,0.0,pvalloc_29nbfs_LRG2_gridoptim_max
5144,32867.43895812456,2697.000125193711,33085.33065325938,32867.43895812456,0.0,pvalloc_29nbfs_LRG2_gridoptim_max
5145,53576.43339574795,3251.568225191645,53739.055252959435,52070.585080978526,1505.8483147694321,pvalloc_29nbfs_LRG2_gridoptim_max
5146,73817.18025845845,3370.8182022151227,73937.75739355967,66590.68002244046,7226.5002360180615,pvalloc_29nbfs_LRG2_gridoptim_max
5147,87004.02284999903,4308.7654120359,87156.0837393238,73963.6589050558,13040.363944943278,pvalloc_29nbfs_LRG2_gridoptim_max
5148,82650.32285989076,5883.393456001827,83048.66378222912,71746.89786662672,10903.424993264007,pvalloc_29nbfs_LRG2_gridoptim_max
5149,87436.20965655458,5396.021936038552,87710.75327799708,74165.42147148526,13270.78818506932,pvalloc_29nbfs_LRG2_gridoptim_max
5150,87045.41997464852,4545.334343083406,87274.10771160175,73762.79225808186,13282.627716566683,pvalloc_29nbfs_LRG2_gridoptim_max
5151,75302.32219844633,5086.083306872193,75610.74653030376,67364.69878577148,7937.623412674724,pvalloc_29nbfs_LRG2_gridoptim_max
5152,62735.452990441125,4314.478191098243,63014.21159601368,59061.61928862729,3673.8337018137936,pvalloc_29nbfs_LRG2_gridoptim_max
5153,45588.1192298908,3978.3597715507753,45941.74169933611,45150.14396430495,437.97526558584195,pvalloc_29nbfs_LRG2_gridoptim_max
5154,30450.266862935518,3979.466973737413,31067.03942489881,30450.266862935518,0.0,pvalloc_29nbfs_LRG2_gridoptim_max
5155,10089.295171121212,5684.163026611971,12935.720234668219,10089.295171121212,0.0,pvalloc_29nbfs_LRG2_gridoptim_max
5156,1.0050200731623626,13236.803780013259,13236.803780013259,1.0050200731623626,0.0,pvalloc_29nbfs_LRG2_gridoptim_max
5157,0.0,16656.158247084175,16656.158247084175,0.0,0.0,pvalloc_29nbfs_LRG2_gridoptim_max
5158,0.0,16956.66673318879,16956.66673318879,0.0,0.0,pvalloc_29nbfs_LRG2_gridoptim_max
5159,0.0,13878.197386105796,13878.197386105796,0.0,0.0,pvalloc_29nbfs_LRG2_gridoptim_max
5160,0.0,13359.709264488023,13359.709264488023,0.0,0.0,pvalloc_29nbfs_LRG2_gridoptim_max
5161,0.0,9823.421723926976,9823.421723926976,0.0,0.0,pvalloc_29nbfs_LRG2_gridoptim_max
5162,0.0,8004.918441437758,8004.918441437758,0.0,0.0,pvalloc_29nbfs_LRG2_gridoptim_max
5163,0.0,7279.771629046192,7279.771629046192,0.0,0.0,pvalloc_29nbfs_LRG2_gridoptim_max
5164,0.0,6702.512682378077,6702.512682378077,0.0,0.0,pvalloc_29nbfs_LRG2_gridoptim_max
5165,0.0,6398.7645866892735,6398.7645866892735,0.0,0.0,pvalloc_29nbfs_LRG2_gridoptim_max
5166,102.30194312746053,4365.809984610746,4366.910648683,102.30194312746053,0.0,pvalloc_29nbfs_LRG2_gridoptim_max
5167,12564.864201117687,2580.5921920598716,13254.489595955642,12564.864201117687,0.0,pvalloc_29nbfs_LRG2_gridoptim_max
5168,32815.780520976536,2959.0568547213793,33090.32504832632,32815.780520976536,0.0,pvalloc_29nbfs_LRG2_gridoptim_max
5169,54504.31016844058,3202.012765199912,54658.36143989102,52828.95582233235,1675.3543461082313,pvalloc_29nbfs_LRG2_gridoptim_max
5170,74383.08678945125,3097.979515917103,74490.68742583232,66906.81218931917,7476.274600132091,pvalloc_29nbfs_LRG2_gridoptim_max
5171,89081.89481371915,3812.6872060228725,89208.96121370292,74949.9027051318,14131.99210858735,pvalloc_29nbfs_LRG2_gridoptim_max
5172,83407.8679946277,4330.774583238686,83598.88048984796,71982.17038964195,11425.697604985782,pvalloc_29nbfs_LRG2_gridoptim_max
5173,77734.25236427791,4639.510284410473,77984.68186927454,68789.18796709595,8945.064397181895,pvalloc_29nbfs_LRG2_gridoptim_max
5174,87952.61194400668,4592.249445787678,88177.45892571898,74246.72792781172,13705.884016194983,pvalloc_29nbfs_LRG2_gridoptim_max
5175,75792.2959908314,4774.892324308823,76077.1934348128,67613.95388136238,8178.3421094690075,pvalloc_29nbfs_LRG2_gridoptim_max
5176,60705.9257370672,4589.067275941681,61045.54803561059,57525.02147831187,3180.9042587553213,pvalloc_29nbfs_LRG2_gridoptim_max
5177,41523.615096237656,4257.9070367486165,42022.45984244869,41310.99910941267,212.61598682499755,pvalloc_29nbfs_LRG2_gridoptim_max
5178,22750.302909059283,4181.300954746877,23703.995228017066,22750.302909059283,0.0,pvalloc_29nbfs_LRG2_gridoptim_max
5179,9311.074841228878,4360.3465416383,11168.438781981227,9311.074841228878,0.0,pvalloc_29nbfs_LRG2_gridoptim_max
5180,20.041657698548974,9611.171387171167,9611.328348562589,20.041657698548974,0.0,pvalloc_29nbfs_LRG2_gridoptim_max
5181,0.0,17958.547144614717,17958.547144614717,0.0,0.0,pvalloc_29nbfs_LRG2_gridoptim_max
5182,0.0,15508.105894089556,15508.105894089556,0.0,0.0,pvalloc_29nbfs_LRG2_gridoptim_max
5183,0.0,14273.897403473246,14273.897403473246,0.0,0.0,pvalloc_29nbfs_LRG2_gridoptim_max
5184,0.0,13200.33224655577,13200.33224655577,0.0,0.0,pvalloc_29nbfs_LRG2_gridoptim_max
5185,0.0,9638.325646422076,9638.325646422076,0.0,0.0,pvalloc_29nbfs_LRG2_gridoptim_max
5186,0.0,8321.584507793394,8321.584507793394,0.0,0.0,pvalloc_29nbfs_LRG2_gridoptim_max
5187,0.0,7169.817360127395,7169.817360127395,0.0,0.0,pvalloc_29nbfs_LRG2_gridoptim_max
5188,0.0,7079.928698781938,7079.928698781938,0.0,0.0,pvalloc_29nbfs_LRG2_gridoptim_max
5189,0.0,6529.334832922409,6529.334832922409,0.0,0.0,pvalloc_29nbfs_LRG2_gridoptim_max
5190,43.497581879751806,4782.13348165916,4782.629863854924,43.497581879751806,0.0,pvalloc_29nbfs_LRG2_gridoptim_max
5191,10297.001248284112,2532.971226252629,11070.815037089009,10297.001248284112,0.0,pvalloc_29nbfs_LRG2_gridoptim_max
5192,27400.826054274887,2893.809909952023,27742.032563890803,27400.826054274887,0.0,pvalloc_29nbfs_LRG2_gridoptim_max
5193,48822.84759294813,3156.218660578848,48998.71102203075,48084.52329293373,738.3243000143913,pvalloc_29nbfs_LRG2_gridoptim_max
5194,61850.81767971091,3439.043218654837,62009.225572173804,58495.84028165059,3354.9773980603327,pvalloc_29nbfs_LRG2_gridoptim_max
5195,70342.79360735392,4129.970645924649,70538.40780599408,64402.96009427298,5939.833513080928,pvalloc_29nbfs_LRG2_gridoptim_max
5196,67833.21648206245,5117.420790804016,68200.7613187013,62768.177463576154,5065.039018486206,pvalloc_29nbfs_LRG2_gridoptim_max
5197,72032.05250084758,4981.655456149967,72342.3002134727,65369.80884670605,6662.243654141551,pvalloc_29nbfs_LRG2_gridoptim_max
5198,70791.89040676501,5498.429209395951,71202.30355904497,64566.99072885487,6224.899677910105,pvalloc_29nbfs_LRG2_gridoptim_max
5199,69910.13862188742,4958.903746140858,70248.29927656244,63963.14920996927,5946.989411918192,pvalloc_29nbfs_LRG2_gridoptim_max
5200,42032.577974775275,3856.8026003581595,42427.69331001104,41799.04854009074,233.52943468454032,pvalloc_29nbfs_LRG2_gridoptim_max
5201,27006.09143500732,3846.5658176747834,27675.236864701503,27006.09143500732,0.0,pvalloc_29nbfs_LRG2_gridoptim_max
5202,12995.614645198792,4383.159903859908,14703.696991557998,12995.614645198792,0.0,pvalloc_29nbfs_LRG2_gridoptim_max
5203,8155.118266023147,4863.189729247032,10524.103269713858,8155.118266023147,0.0,pvalloc_29nbfs_LRG2_gridoptim_max
5204,0.0,15104.626985880364,15104.626985880364,0.0,0.0,pvalloc_29nbfs_LRG2_gridoptim_max
5205,0.0,15791.348827533153,15791.348827533153,0.0,0.0,pvalloc_29nbfs_LRG2_gridoptim_max
5206,0.0,15247.755727980579,15247.755727980579,0.0,0.0,pvalloc_29nbfs_LRG2_gridoptim_max
5207,0.0,15008.22525066832,15008.22525066832,0.0,0.0,pvalloc_29nbfs_LRG2_gridoptim_max
5208,0.0,12069.433844123945,12069.433844123945,0.0,0.0,pvalloc_29nbfs_LRG2_gridoptim_max
5209,0.0,11145.876780548273,11145.876780548273,0.0,0.0,pvalloc_29nbfs_LRG2_gridoptim_max
5210,0.0,8940.899584908117,8940.899584908117,0.0,0.0,pvalloc_29nbfs_LRG2_gridoptim_max
5211,0.0,7874.895807358424,7874.895807358424,0.0,0.0,pvalloc_29nbfs_LRG2_gridoptim_max
5212,0.0,7043.644556647981,7043.644556647981,0.0,0.0,pvalloc_29nbfs_LRG2_gridoptim_max
5213,0.0,7125.558647681808,7125.558647681808,0.0,0.0,pvalloc_29nbfs_LRG2_gridoptim_max
5214,3.608269617264815,5743.405381889333,5743.477065185147,3.608269617264815,0.0,pvalloc_29nbfs_LRG2_gridoptim_max
5215,1639.570821189677,3051.794678832932,3689.829182848293,1639.570821189677,0.0,pvalloc_29nbfs_LRG2_gridoptim_max
5216,6062.155966375452,2981.615460990854,7441.041415788373,6062.155966375452,0.0,pvalloc_29nbfs_LRG2_gridoptim_max
5217,12108.355584223218,3229.3896437588546,13211.6259589205,12108.355584223218,0.0,pvalloc_29nbfs_LRG2_gridoptim_max
5218,23708.3336679383,3348.4897557595123,24293.53205861914,23708.3336679383,0.0,pvalloc_29nbfs_LRG2_gridoptim_max
5219,28211.98635897597,3995.09582996438,28910.51872840634,28211.98635897597,0.0,pvalloc_29nbfs_LRG2_gridoptim_max
5220,20888.682786959474,5153.105209856724,22610.844686148997,20888.682786959474,0.0,pvalloc_29nbfs_LRG2_gridoptim_max
5221,45348.05134453724,4582.634318847658,45881.148006674885,44893.14719294223,454.9041515950126,pvalloc_29nbfs_LRG2_gridoptim_max
5222,59957.92360979177,4751.169427652901,60346.94550153585,56921.50228105665,3036.4213287351276,pvalloc_29nbfs_LRG2_gridoptim_max
5223,47084.18788223614,4778.8686970642175,47630.23566486342,46467.073175146,617.1147070901347,pvalloc_29nbfs_LRG2_gridoptim_max
5224,47439.83904462774,4167.365512231297,47833.866969519586,46799.171462512684,640.6675821150541,pvalloc_29nbfs_LRG2_gridoptim_max
5225,35529.11862331398,4247.385010574515,36127.47908990333,35460.98870996877,68.12991334521138,pvalloc_29nbfs_LRG2_gridoptim_max
5226,24765.800722312615,4141.388108427709,25615.37555496819,24765.800722312615,0.0,pvalloc_29nbfs_LRG2_gridoptim_max
5227,10189.613126047134,4831.591948053002,12342.232016934653,10189.613126047134,0.0,pvalloc_29nbfs_LRG2_gridoptim_max
5228,0.2539297392622201,12361.984112338338,12361.984112338338,0.2539297392622201,0.0,pvalloc_29nbfs_LRG2_gridoptim_max
5229,0.0,17463.787611216965,17463.787611216965,0.0,0.0,pvalloc_29nbfs_LRG2_gridoptim_max
5230,0.0,16776.24576513662,16776.24576513662,0.0,0.0,pvalloc_29nbfs_LRG2_gridoptim_max
5231,0.0,13863.094861205218,13863.094861205218,0.0,0.0,pvalloc_29nbfs_LRG2_gridoptim_max
5232,0.0,12379.083196074876,12379.083196074876,0.0,0.0,pvalloc_29nbfs_LRG2_gridoptim_max
5233,0.0,10840.79645112631,10840.79645112631,0.0,0.0,pvalloc_29nbfs_LRG2_gridoptim_max
5234,0.0,8839.19314086043,8839.19314086043,0.0,0.0,pvalloc_29nbfs_LRG2_gridoptim_max
5235,0.0,7691.549078353807,7691.549078353807,0.0,0.0,pvalloc_29nbfs_LRG2_gridoptim_max
5236,0.0,6881.188714069509,6881.188714069509,0.0,0.0,pvalloc_29nbfs_LRG2_gridoptim_max
5237,0.0,7020.828203404437,7020.828203404437,0.0,0.0,pvalloc_29nbfs_LRG2_gridoptim_max
5238,66.05122249155731,4755.486413301996,4756.170776119197,66.05122249155731,0.0,pvalloc_29nbfs_LRG2_gridoptim_max
5239,11373.356754847977,2639.432806540843,12127.250409111617,11373.356754847977,0.0,pvalloc_29nbfs_LRG2_gridoptim_max
5240,24220.695209764126,2964.3214713760085,24647.120974694437,24220.695209764126,0.0,pvalloc_29nbfs_LRG2_gridoptim_max
5241,47940.07378394684,3192.507395842995,48128.20488379462,47306.14012526586,633.9336586809779,pvalloc_29nbfs_LRG2_gridoptim_max
5242,61791.1182266016,3644.496928156761,61969.302208577355,58449.527066111325,3341.5911604902767,pvalloc_29nbfs_LRG2_gridoptim_max
5243,68297.79923055491,3958.520021918728,68492.62138576931,63006.04409432327,5291.755136231671,pvalloc_29nbfs_LRG2_gridoptim_max
5244,56052.319282733275,4472.6755160470775,56400.84080780429,53995.95878582577,2056.3604969074904,pvalloc_29nbfs_LRG2_gridoptim_max
5245,54493.22061596656,4992.487352918986,54974.75894367601,52716.01772487135,1777.2028910952074,pvalloc_29nbfs_LRG2_gridoptim_max
5246,50860.71544909717,5040.540403133761,51437.9526053071,49654.15160912335,1206.563839973819,pvalloc_29nbfs_LRG2_gridoptim_max
5247,50607.90702143768,4731.18347625389,51112.07538486879,49456.27096295088,1151.6360584867937,pvalloc_29nbfs_LRG2_gridoptim_max
5248,43041.00762729418,4171.62424857715,43522.39952599111,42743.46611945937,297.5415078348032,pvalloc_29nbfs_LRG2_gridoptim_max
5249,35133.1747228511,4047.7740006916574,35688.90218275814,35071.83084254592,61.343880305180164,pvalloc_29nbfs_LRG2_gridoptim_max
5250,17984.39482859568,4592.391630275254,19391.37400007684,17984.39482859568,0.0,pvalloc_29nbfs_LRG2_gridoptim_max
5251,8267.378023595405,5193.693165617221,10840.807360660541,8267.378023595405,0.0,pvalloc_29nbfs_LRG2_gridoptim_max
5252,0.0,19016.661899300107,19016.661899300107,0.0,0.0,pvalloc_29nbfs_LRG2_gridoptim_max
5253,0.0,19290.580116971654,19290.580116971654,0.0,0.0,pvalloc_29nbfs_LRG2_gridoptim_max
5254,0.0,16835.268381474212,16835.268381474212,0.0,0.0,pvalloc_29nbfs_LRG2_gridoptim_max
5255,0.0,14924.78827852718,14924.78827852718,0.0,0.0,pvalloc_29nbfs_LRG2_gridoptim_max
5256,0.0,13381.168060104112,13381.168060104112,0.0,0.0,pvalloc_29nbfs_LRG2_gridoptim_max
5257,0.0,10539.960012448035,10539.960012448035,0.0,0.0,pvalloc_29nbfs_LRG2_gridoptim_max
5258,0.0,8429.066249258416,8429.066249258416,0.0,0.0,pvalloc_29nbfs_LRG2_gridoptim_max
5259,0.0,7662.686930720703,7662.686930720703,0.0,0.0,pvalloc_29nbfs_LRG2_gridoptim_max
5260,0.0,6987.56971605249,6987.56971605249,0.0,0.0,pvalloc_29nbfs_LRG2_gridoptim_max
5261,0.0,6946.060646242224,6946.060646242224,0.0,0.0,pvalloc_29nbfs_LRG2_gridoptim_max
5262,58.369077679886395,5001.356632006767,5001.979700933912,58.369077679886395,0.0,pvalloc_29nbfs_LRG2_gridoptim_max
5263,12592.923712611564,2592.7009958616745,13252.39501129717,12592.923712611564,0.0,pvalloc_29nbfs_LRG2_gridoptim_max
5264,33254.729613964766,2892.4240876656554,33509.98690587577,33250.77737619265,3.952237772112312,pvalloc_29nbfs_LRG2_gridoptim_max
5265,55780.678199575465,2984.250987392316,55914.6649921263,53858.50824034696,1922.1699592285145,pvalloc_29nbfs_LRG2_gridoptim_max
5266,74666.55509730223,3775.274144492402,74807.92587823478,67119.62872977763,7546.926367524595,pvalloc_29nbfs_LRG2_gridoptim_max
5267,88167.308162916,4869.1697456942165,88367.07704116577,74575.25117496587,13592.056987950122,pvalloc_29nbfs_LRG2_gridoptim_max
5268,85480.00614010869,5932.126101449814,85849.42322464888,73175.83241100288,12304.173729105814,pvalloc_29nbfs_LRG2_gridoptim_max
5269,90341.33792885525,5892.079677349886,90670.00542922356,75559.3879013155,14781.95002753974,pvalloc_29nbfs_LRG2_gridoptim_max
5270,90824.80550826502,5282.79091502351,91139.00675254066,75534.62211793812,15290.183390326858,pvalloc_29nbfs_LRG2_gridoptim_max
5271,82430.39924254833,5075.004817960054,82733.58924991167,71310.11045118453,11120.288791363837,pvalloc_29nbfs_LRG2_gridoptim_max
5272,68676.2004638245,4832.255008491737,69002.2340329977,63147.65145474589,5528.549009078493,pvalloc_29nbfs_LRG2_gridoptim_max
5273,51735.87243520252,4388.896080484301,52140.43039953637,50419.74196650747,1316.1304686950468,pvalloc_29nbfs_LRG2_gridoptim_max
5274,31027.26441807288,4491.178003515667,31817.32562156535,31027.26441807288,0.0,pvalloc_29nbfs_LRG2_gridoptim_max
5275,12576.817377111327,4761.507797983529,14392.022761675546,12576.817377111327,0.0,pvalloc_29nbfs_LRG2_gridoptim_max
5276,0.001144878417680309,16131.358194372164,16131.358194372164,0.001144878417680309,0.0,pvalloc_29nbfs_LRG2_gridoptim_max
5277,0.0,16661.54003587522,16661.54003587522,0.0,0.0,pvalloc_29nbfs_LRG2_gridoptim_max
5278,0.0,16071.879638820656,16071.879638820656,0.0,0.0,pvalloc_29nbfs_LRG2_gridoptim_max
5279,0.0,16513.61501158644,16513.61501158644,0.0,0.0,pvalloc_29nbfs_LRG2_gridoptim_max
5280,0.0,14223.402737580198,14223.402737580198,0.0,0.0,pvalloc_29nbfs_LRG2_gridoptim_max
5281,0.0,10189.901163932846,10189.901163932846,0.0,0.0,pvalloc_29nbfs_LRG2_gridoptim_max
5282,0.0,9219.908618123189,9219.908618123189,0.0,0.0,pvalloc_29nbfs_LRG2_gridoptim_max
5283,0.0,8077.212368111324,8077.212368111324,0.0,0.0,pvalloc_29nbfs_LRG2_gridoptim_max
5284,0.0,7416.3887727037745,7416.3887727037745,0.0,0.0,pvalloc_29nbfs_LRG2_gridoptim_max
5285,0.0,7104.393955178767,7104.393955178767,0.0,0.0,pvalloc_29nbfs_LRG2_gridoptim_max
5286,19.55398733696963,5518.19833575403,5518.460864488666,19.55398733696963,0.0,pvalloc_29nbfs_LRG2_gridoptim_max
5287,11708.947828355955,2634.9390445443355,12437.741377452623,11708.947828355955,0.0,pvalloc_29nbfs_LRG2_gridoptim_max
5288,33420.247484169304,2796.2862554798066,33655.25154550756,33413.9626330311,6.284851138199883,pvalloc_29nbfs_LRG2_gridoptim_max
5289,55470.4090330644,2798.810602335671,55592.090819140394,53607.79183137105,1862.6172016933629,pvalloc_29nbfs_LRG2_gridoptim_max
5290,73631.83893671531,3671.091855900137,73765.60456852238,66500.71808161864,7131.12085509665,pvalloc_29nbfs_LRG2_gridoptim_max
5291,89546.67824413384,4100.808989492844,89698.39735814965,75167.8646903284,14378.813553805412,pvalloc_29nbfs_LRG2_gridoptim_max
5292,84976.98459232319,5699.754902578274,85312.53880774898,72916.0238719671,12060.960720356048,pvalloc_29nbfs_LRG2_gridoptim_max
5293,90688.7415694188,5599.598523907548,90990.10077829238,75621.7113102919,15067.030259126961,pvalloc_29nbfs_LRG2_gridoptim_max
5294,86100.8784122056,6733.957814859404,86605.29722474086,73260.80953968741,12840.06887251817,pvalloc_29nbfs_LRG2_gridoptim_max
5295,79411.81201544986,6127.653018048642,79878.51883671911,69629.12944397857,9782.68257147132,pvalloc_29nbfs_LRG2_gridoptim_max
5296,64955.38035342513,6190.340837602778,65580.93090995557,60617.18041197018,4338.199941454939,pvalloc_29nbfs_LRG2_gridoptim_max
5297,49324.15553396642,5498.804375305083,50044.11488424842,48351.05729523151,973.0982387348985,pvalloc_29nbfs_LRG2_gridoptim_max
5298,29087.505389186506,5491.741201292757,30328.6298274391,29087.505389186506,0.0,pvalloc_29nbfs_LRG2_gridoptim_max
5299,8738.424952584091,6545.604470309605,12180.937900969331,8738.424952584091,0.0,pvalloc_29nbfs_LRG2_gridoptim_max
5300,0.006800150706788702,16938.46304421856,16938.46304421856,0.006800150706788702,0.0,pvalloc_29nbfs_LRG2_gridoptim_max
5301,0.0,19664.8737674663,19664.8737674663,0.0,0.0,pvalloc_29nbfs_LRG2_gridoptim_max
5302,0.0,21717.297616531436,21717.297616531436,0.0,0.0,pvalloc_29nbfs_LRG2_gridoptim_max
5303,0.0,17214.825474050005,17214.825474050005,0.0,0.0,pvalloc_29nbfs_LRG2_gridoptim_max
5304,0.0,12578.207549128694,12578.207549128694,0.0,0.0,pvalloc_29nbfs_LRG2_gridoptim_max
5305,0.0,10294.109997870488,10294.109997870488,0.0,0.0,pvalloc_29nbfs_LRG2_gridoptim_max
5306,0.0,8325.709247505114,8325.709247505114,0.0,0.0,pvalloc_29nbfs_LRG2_gridoptim_max
5307,0.0,7293.515981600716,7293.515981600716,0.0,0.0,pvalloc_29nbfs_LRG2_gridoptim_max
5308,0.0,6735.774478834691,6735.774478834691,0.0,0.0,pvalloc_29nbfs_LRG2_gridoptim_max
5309,0.0,6710.483943585053,6710.483943585053,0.0,0.0,pvalloc_29nbfs_LRG2_gridoptim_max
5310,30.156354708248756,4996.93877421374,4997.323899654413,30.156354708248756,0.0,pvalloc_29nbfs_LRG2_gridoptim_max
5311,11661.436102687807,2540.381640827431,12350.560249327558,11661.436102687807,0.0,pvalloc_29nbfs_LRG2_gridoptim_max
5312,32623.22975342187,2909.550809122031,32890.80169123934,32623.22975342187,0.0,pvalloc_29nbfs_LRG2_gridoptim_max
5313,54407.244981231015,3261.027809869292,54570.6801227458,52740.80239195888,1666.4425892721367,pvalloc_29nbfs_LRG2_gridoptim_max
5314,74401.09663779118,3735.9193559549785,74553.36366170437,66924.87155194185,7476.225085849353,pvalloc_29nbfs_LRG2_gridoptim_max
5315,90515.14942023579,3895.9087102809367,90656.96296973545,75616.65692766722,14898.492492568548,pvalloc_29nbfs_LRG2_gridoptim_max
5316,84600.76342653527,5997.282789957475,84986.60351210441,72701.19402959953,11899.569396935722,pvalloc_29nbfs_LRG2_gridoptim_max
5317,90284.08982134357,5484.736151428716,90562.30154504365,75501.99966042954,14782.090160914078,pvalloc_29nbfs_LRG2_gridoptim_max
5318,87906.10799237437,5621.0776555569655,88218.97827847203,74244.81025625425,13661.297736120128,pvalloc_29nbfs_LRG2_gridoptim_max
5319,81410.20731778584,4974.867116556441,81681.34053892623,70819.19549580022,10591.011821985636,pvalloc_29nbfs_LRG2_gridoptim_max
5320,67433.32332895405,4881.505603155233,67768.82948168881,62326.67820839745,5106.645120556597,pvalloc_29nbfs_LRG2_gridoptim_max
5321,49683.530849981995,4753.720044405229,50169.42158335755,48721.54258018939,961.9882697926032,pvalloc_29nbfs_LRG2_gridoptim_max
5322,31728.342678527883,3996.3015271009713,32341.387410012165,31728.342678527883,0.0,pvalloc_29nbfs_LRG2_gridoptim_max
5323,10751.842960901644,4801.685877695766,12870.932356728266,10751.842960901644,0.0,pvalloc_29nbfs_LRG2_gridoptim_max
5324,0.6264376223262784,11801.919618972262,11801.919618972262,0.6264376223262784,0.0,pvalloc_29nbfs_LRG2_gridoptim_max
5325,0.0,17798.4514230697,17798.4514230697,0.0,0.0,pvalloc_29nbfs_LRG2_gridoptim_max
5326,0.0,19605.334016129706,19605.334016129706,0.0,0.0,pvalloc_29nbfs_LRG2_gridoptim_max
5327,0.0,17993.339244710103,17993.339244710103,0.0,0.0,pvalloc_29nbfs_LRG2_gridoptim_max
5328,0.0,14499.905393880887,14499.905393880887,0.0,0.0,pvalloc_29nbfs_LRG2_gridoptim_max
5329,0.0,10706.798579119699,10706.798579119699,0.0,0.0,pvalloc_29nbfs_LRG2_gridoptim_max
5330,0.0,8691.305275136961,8691.305275136961,0.0,0.0,pvalloc_29nbfs_LRG2_gridoptim_max
5331,0.0,7299.838339654399,7299.838339654399,0.0,0.0,pvalloc_29nbfs_LRG2_gridoptim_max
5332,0.0,6942.486827788975,6942.486827788975,0.0,0.0,pvalloc_29nbfs_LRG2_gridoptim_max
5333,0.0,6828.1340130815815,6828.1340130815815,0.0,0.0,pvalloc_29nbfs_LRG2_gridoptim_max
5334,10.213214812079489,5429.266121746417,5429.401712326819,10.213214812079489,0.0,pvalloc_29nbfs_LRG2_gridoptim_max
5335,10424.09826246534,2841.6467039730537,11386.151197260877,10424.09826246534,0.0,pvalloc_29nbfs_LRG2_gridoptim_max
5336,31350.95833666428,3276.6517126969984,31728.450862921152,31350.95833666428,0.0,pvalloc_29nbfs_LRG2_gridoptim_max
5337,53524.622942091824,3457.2568104369084,53716.41401341669,52008.952933485794,1515.6700086060198,pvalloc_29nbfs_LRG2_gridoptim_max
5338,73325.00483612432,3774.464844799178,73478.17923982273,66281.93849316325,7043.06634296097,pvalloc_29nbfs_LRG2_gridoptim_max
5339,88386.53696796243,4075.1883509815652,88532.0668779702,74612.91409500518,13773.622872957267,pvalloc_29nbfs_LRG2_gridoptim_max
5340,83733.34047544637,5827.928649791423,84113.07419603244,72332.95853771151,11400.38193773486,pvalloc_29nbfs_LRG2_gridoptim_max
5341,88000.33276269872,5787.755323728049,88327.54123026234,74435.04005306051,13565.292709638208,pvalloc_29nbfs_LRG2_gridoptim_max
5342,84835.46947555704,6644.5028873609845,85333.47157003144,72793.10848758575,12042.360987971253,pvalloc_29nbfs_LRG2_gridoptim_max
5343,79754.82292519258,5523.841689619484,80106.28214563495,69887.1365520836,9867.686373108952,pvalloc_29nbfs_LRG2_gridoptim_max
5344,67876.63854990227,4574.766994089625,68170.99213240093,62615.70676998772,5260.931779914581,pvalloc_29nbfs_LRG2_gridoptim_max
5345,48599.794491749584,4534.184065962968,49050.13350988939,47808.600081572054,791.1944101775291,pvalloc_29nbfs_LRG2_gridoptim_max
5346,29069.752839943096,4517.527009336606,29930.946474375003,29069.752839943096,0.0,pvalloc_29nbfs_LRG2_gridoptim_max
5347,7383.3873510279955,6446.262260579175,10965.759374380703,7383.3873510279955,0.0,pvalloc_29nbfs_LRG2_gridoptim_max
5348,0.0,16009.289322890327,16009.289322890327,0.0,0.0,pvalloc_29nbfs_LRG2_gridoptim_max
5349,0.0,16826.71504393423,16826.71504393423,0.0,0.0,pvalloc_29nbfs_LRG2_gridoptim_max
5350,0.0,17455.218388780388,17455.218388780388,0.0,0.0,pvalloc_29nbfs_LRG2_gridoptim_max
5351,0.0,17312.601875985754,17312.601875985754,0.0,0.0,pvalloc_29nbfs_LRG2_gridoptim_max
5352,0.0,14414.143741518077,14414.143741518077,0.0,0.0,pvalloc_29nbfs_LRG2_gridoptim_max
5353,0.0,9954.172012300509,9954.172012300509,0.0,0.0,pvalloc_29nbfs_LRG2_gridoptim_max
5354,0.0,8448.308232531268,8448.308232531268,0.0,0.0,pvalloc_29nbfs_LRG2_gridoptim_max
5355,0.0,7461.470557932399,7461.470557932399,0.0,0.0,pvalloc_29nbfs_LRG2_gridoptim_max
5356,0.0,6904.553782501743,6904.553782501743,0.0,0.0,pvalloc_29nbfs_LRG2_gridoptim_max
5357,0.0,6785.528064411384,6785.528064411384,0.0,0.0,pvalloc_29nbfs_LRG2_gridoptim_max
5358,16.130692354319173,5408.842663299883,5409.07262717604,16.130692354319173,0.0,pvalloc_29nbfs_LRG2_gridoptim_max
5359,10540.337450784718,2733.50403867686,11408.555333759587,10540.337450784718,0.0,pvalloc_29nbfs_LRG2_gridoptim_max
5360,31576.72668854995,3074.5218475632414,31895.802105282546,31576.72668854995,0.0,pvalloc_29nbfs_LRG2_gridoptim_max
5361,51242.04694501916,4081.157754618377,51568.796820821524,50117.702587328844,1124.3443576903173,pvalloc_29nbfs_LRG2_gridoptim_max
5362,72170.96014045976,4177.533328801104,72360.77834262079,65589.76197941165,6581.198161048026,pvalloc_29nbfs_LRG2_gridoptim_max
5363,86287.89072443542,5070.312067825519,86524.4298666955,73663.4560258105,12624.434698624973,pvalloc_29nbfs_LRG2_gridoptim_max
5364,84257.44711889359,5918.913214503371,84650.09541146123,72613.42090637365,11644.026212519904,pvalloc_29nbfs_LRG2_gridoptim_max
5365,87188.69338410419,6490.278979031082,87657.7655129377,74110.17637508894,13078.517009015297,pvalloc_29nbfs_LRG2_gridoptim_max
5366,89406.74382304764,5337.118813088129,89684.50741318469,74999.59907190772,14407.144751139942,pvalloc_29nbfs_LRG2_gridoptim_max
5367,80927.8694621265,4958.024907751295,81191.215246232,70582.47611710777,10345.393345018709,pvalloc_29nbfs_LRG2_gridoptim_max
5368,67281.47126422811,4658.265151801159,67571.548417161,62290.3280810301,4991.143183198012,pvalloc_29nbfs_LRG2_gridoptim_max
5369,48562.8121492583,4757.53846675849,49056.02485839567,47800.748789884965,762.0633593733367,pvalloc_29nbfs_LRG2_gridoptim_max
5370,27796.743193422928,4901.19959857674,28908.446077502944,27796.743193422928,0.0,pvalloc_29nbfs_LRG2_gridoptim_max
5371,9293.220915743965,5238.817855376403,11809.715251638592,9293.220915743965,0.0,pvalloc_29nbfs_LRG2_gridoptim_max
5372,0.0,16872.606592374224,16872.606592374224,0.0,0.0,pvalloc_29nbfs_LRG2_gridoptim_max
5373,0.0,17345.89249504484,17345.89249504484,0.0,0.0,pvalloc_29nbfs_LRG2_gridoptim_max
5374,0.0,16579.52219038973,16579.52219038973,0.0,0.0,pvalloc_29nbfs_LRG2_gridoptim_max
5375,0.0,15251.446364993699,15251.446364993699,0.0,0.0,pvalloc_29nbfs_LRG2_gridoptim_max
5376,0.0,13188.262672566276,13188.262672566276,0.0,0.0,pvalloc_29nbfs_LRG2_gridoptim_max
5377,0.0,11323.92566649367,11323.92566649367,0.0,0.0,pvalloc_29nbfs_LRG2_gridoptim_max
5378,0.0,9734.491596408214,9734.491596408214,0.0,0.0,pvalloc_29nbfs_LRG2_gridoptim_max
5379,0.0,8493.11069650855,8493.11069650855,0.0,0.0,pvalloc_29nbfs_LRG2_gridoptim_max
5380,0.0,7434.25510738279,7434.25510738279,0.0,0.0,pvalloc_29nbfs_LRG2_gridoptim_max
5381,0.0,7087.350693282779,7087.350693282779,0.0,0.0,pvalloc_29nbfs_LRG2_gridoptim_max
5382,6.503500083001092,5759.519691344976,5759.619082154815,6.503500083001092,0.0,pvalloc_29nbfs_LRG2_gridoptim_max
5383,10173.999746282234,2808.366161627311,11105.002334972098,10173.999746282234,0.0,pvalloc_29nbfs_LRG2_gridoptim_max
5384,31829.619828944746,2919.0415457337976,32115.832763404618,31829.619828944746,0.0,pvalloc_29nbfs_LRG2_gridoptim_max
5385,53796.59456454308,3260.9590452996017,53965.75636242425,52228.04045778564,1568.5541067574368,pvalloc_29nbfs_LRG2_gridoptim_max
5386,72262.34862435481,3958.950203996304,72427.43237366586,65638.78208564557,6623.5665387092695,pvalloc_29nbfs_LRG2_gridoptim_max
5387,87762.0502325881,4493.673440707487,87940.07965453835,74302.03110387777,13460.019128710319,pvalloc_29nbfs_LRG2_gridoptim_max
5388,84874.51599622413,5595.100037864625,85193.49474240377,72847.65916578857,12026.856830435514,pvalloc_29nbfs_LRG2_gridoptim_max
5389,88581.02078321867,5912.875289898547,88922.72067056745,74672.31178073554,13908.709002483167,pvalloc_29nbfs_LRG2_gridoptim_max
5390,84974.35324653862,6323.192880671374,85404.95368659869,72809.63761270168,12164.71563383695,pvalloc_29nbfs_LRG2_gridoptim_max
5391,78229.37148455766,5673.9518326462485,78605.98277929684,69082.01807400609,9147.353410551545,pvalloc_29nbfs_LRG2_gridoptim_max
5392,64292.85897100753,5384.720917768026,64737.24199540249,60251.456158871326,4041.4028121361844,pvalloc_29nbfs_LRG2_gridoptim_max
5393,45651.48318480975,5412.66058293724,46410.03987393716,45206.67343106727,444.80975374248266,pvalloc_29nbfs_LRG2_gridoptim_max
5394,26826.034644479823,5018.19735982203,28039.372150227045,26826.034644479823,0.0,pvalloc_29nbfs_LRG2_gridoptim_max
5395,6270.150739769552,7089.445465723759,10461.309850569261,6270.150739769552,0.0,pvalloc_29nbfs_LRG2_gridoptim_max
5396,0.0,17162.70783366479,17162.70783366479,0.0,0.0,pvalloc_29nbfs_LRG2_gridoptim_max
5397,0.0,18592.212130355496,18592.212130355496,0.0,0.0,pvalloc_29nbfs_LRG2_gridoptim_max
5398,0.0,17959.2808656008,17959.2808656008,0.0,0.0,pvalloc_29nbfs_LRG2_gridoptim_max
5399,0.0,15321.147510146637,15321.147510146637,0.0,0.0,pvalloc_29nbfs_LRG2_gridoptim_max
5400,0.0,13722.161589340783,13722.161589340783,0.0,0.0,pvalloc_29nbfs_LRG2_gridoptim_max
5401,0.0,10430.229263731497,10430.229263731497,0.0,0.0,pvalloc_29nbfs_LRG2_gridoptim_max
5402,0.0,8829.571873465271,8829.571873465271,0.0,0.0,pvalloc_29nbfs_LRG2_gridoptim_max
5403,0.0,7657.188196967487,7657.188196967487,0.0,0.0,pvalloc_29nbfs_LRG2_gridoptim_max
5404,0.0,7455.696363549953,7455.696363549953,0.0,0.0,pvalloc_29nbfs_LRG2_gridoptim_max
5405,0.0,7031.549107246736,7031.549107246736,0.0,0.0,pvalloc_29nbfs_LRG2_gridoptim_max
5406,1.9933104640876094,6099.085403810211,6099.132754802743,1.9933104640876094,0.0,pvalloc_29nbfs_LRG2_gridoptim_max
5407,10167.04805595233,2646.9343304340136,10994.479619976571,10167.04805595233,0.0,pvalloc_29nbfs_LRG2_gridoptim_max
5408,29084.233549476296,3067.292714672747,29442.767003147503,29084.233549476296,0.0,pvalloc_29nbfs_LRG2_gridoptim_max
5409,48398.00062690981,4048.2407789035137,48739.16811845507,47703.56198801322,694.438638896585,pvalloc_29nbfs_LRG2_gridoptim_max
5410,66545.40530536618,3892.3529753434004,66734.25984445812,61846.06661843281,4699.338686933324,pvalloc_29nbfs_LRG2_gridoptim_max
5411,74285.98630920998,4193.675390859272,74488.2450413712,66794.21119701644,7491.775112193475,pvalloc_29nbfs_LRG2_gridoptim_max
5412,62826.154663751564,5540.354356142489,63341.95847503263,59201.718789530154,3624.4358742213963,pvalloc_29nbfs_LRG2_gridoptim_max
5413,62295.98316879195,6177.762563928377,62971.916229882285,58757.43696058367,3538.5462082082668,pvalloc_29nbfs_LRG2_gridoptim_max
5414,56841.964701320394,6103.947597995041,57599.12651335256,54470.678486993704,2371.2862143266816,pvalloc_29nbfs_LRG2_gridoptim_max
5415,45852.979599860155,5553.6772778981185,46646.05086112159,45340.40991559394,512.5696842662137,pvalloc_29nbfs_LRG2_gridoptim_max
5416,34105.454613462876,5070.043807887802,35026.95267340912,34056.00473205361,49.44988140926017,pvalloc_29nbfs_LRG2_gridoptim_max
5417,27228.152476700936,4876.9760090217,28318.52803481018,27228.152476700936,0.0,pvalloc_29nbfs_LRG2_gridoptim_max
5418,11267.907278085564,5298.466078339519,13657.416436466703,11267.907278085564,0.0,pvalloc_29nbfs_LRG2_gridoptim_max
5419,2493.8977359003584,6628.388478919789,7270.363252606665,2493.8977359003584,0.0,pvalloc_29nbfs_LRG2_gridoptim_max
5420,0.0,14163.997947172844,14163.997947172844,0.0,0.0,pvalloc_29nbfs_LRG2_gridoptim_max
5421,0.0,16175.317955120867,16175.317955120867,0.0,0.0,pvalloc_29nbfs_LRG2_gridoptim_max
5422,0.0,16617.529616008724,16617.529616008724,0.0,0.0,pvalloc_29nbfs_LRG2_gridoptim_max
5423,0.0,15583.466132818583,15583.466132818583,0.0,0.0,pvalloc_29nbfs_LRG2_gridoptim_max
5424,0.0,13573.678772779582,13573.678772779582,0.0,0.0,pvalloc_29nbfs_LRG2_gridoptim_max
4920,0.0,11113.463869085279,11113.463869085279,0.0,0.0,pvalloc_29nbfs_LRG2_max
4921,0.0,10737.831728562103,10737.831728562103,0.0,0.0,pvalloc_29nbfs_LRG2_max
4922,0.0,10105.311448681487,10105.311448681487,0.0,0.0,pvalloc_29nbfs_LRG2_max
4923,0.0,8120.094880445637,8120.094880445637,0.0,0.0,pvalloc_29nbfs_LRG2_max
4924,0.0,7251.733657230992,7251.733657230992,0.0,0.0,pvalloc_29nbfs_LRG2_max
4925,0.0,6971.075169345189,6971.075169345189,0.0,0.0,pvalloc_29nbfs_LRG2_max
4926,823.4663318638765,3596.413361093193,3691.051413493289,823.4663318638765,0.0,pvalloc_29nbfs_LRG2_max
4927,15759.635592769926,2536.3089151472877,16267.247917392819,15759.635592769926,0.0,pvalloc_29nbfs_LRG2_max
4928,35990.51736262642,2697.9943378056428,36175.817516461866,35923.80443374434,66.71292888207807,pvalloc_29nbfs_LRG2_max
4929,55362.44803164208,3338.2354584714894,55518.47041284957,53596.111596786795,1766.3364348552725,pvalloc_29nbfs_LRG2_max
4930,74382.78242619857,3563.1162065543895,74496.14705949188,67089.52243472385,7293.259991474731,pvalloc_29nbfs_LRG2_max
4931,89308.25523762566,4072.4832624192063,89436.64931077175,75336.43431217177,13971.820925453863,pvalloc_29nbfs_LRG2_max
4932,74213.25350324623,5134.03046518374,74520.87263394232,66953.36221603397,7259.891287212186,pvalloc_29nbfs_LRG2_max
4933,61760.64345423232,6643.288677597958,62607.56239686555,58528.084178759906,3232.559275472406,pvalloc_29nbfs_LRG2_max
4934,58385.68384611848,5488.176506909885,58929.74853317504,55844.89083576584,2540.7930103526437,pvalloc_29nbfs_LRG2_max
4935,50975.24858712911,5067.083674131927,51543.2288902742,49806.80550416659,1168.4430829625128,pvalloc_29nbfs_LRG2_max
4936,50358.92186625686,4815.743198181703,50873.09529050148,49300.228621304195,1058.6932449526603,pvalloc_29nbfs_LRG2_max
4937,34081.828094713055,4267.250166239484,34731.636654929236,34039.60080910971,42.22728560334582,pvalloc_29nbfs_LRG2_max
4938,16341.701291960519,3926.2959182413765,17453.663082237552,16341.701291960519,0.0,pvalloc_29nbfs_LRG2_max
4939,7179.017039950038,5152.796407419936,9873.57342865646,7179.017039950038,0.0,pvalloc_29nbfs_LRG2_max
4940,296.1589191922898,8837.998755280882,8841.44612175405,296.1589191922898,0.0,pvalloc_29nbfs_LRG2_max
4941,0.0,12714.325160437362,12714.325160437362,0.0,0.0,pvalloc_29nbfs_LRG2_max
4942,0.0,13844.117670126652,13844.117670126652,0.0,0.0,pvalloc_29nbfs_LRG2_max
4943,0.0,13190.081500942473,13190.081500942473,0.0,0.0,pvalloc_29nbfs_LRG2_max
4944,0.0,15734.473543662867,15734.473543662867,0.0,0.0,pvalloc_29nbfs_LRG2_max
4945,0.0,11843.652935827873,11843.652935827873,0.0,0.0,pvalloc_29nbfs_LRG2_max
4946,0.0,9148.163406638314,9148.163406638314,0.0,0.0,pvalloc_29nbfs_LRG2_max
4947,0.0,7889.191632688863,7889.191632688863,0.0,0.0,pvalloc_29nbfs_LRG2_max
4948,0.0,7842.183829125385,7842.183829125385,0.0,0.0,pvalloc_29nbfs_LRG2_max
4949,0.0,6888.334696423668,6888.334696423668,0.0,0.0,pvalloc_29nbfs_LRG2_max
4950,7.632958860916613,5201.5267899649025,5201.544102327856,7.632958860916613,0.0,pvalloc_29nbfs_LRG2_max
4951,9122.658681577745,2539.572702487997,9969.459234023527,9122.658681577745,0.0,pvalloc_29nbfs_LRG2_max
4952,30299.108434910635,2554.214776504124,30512.777099972885,30299.108434910635,0.0,pvalloc_29nbfs_LRG2_max
4953,53999.361772344804,3006.8867806774515,54123.20809183118,52465.8845681387,1533.477204206093,pvalloc_29nbfs_LRG2_max
4954,75416.6041168901,3368.9704561411563,75512.24340233949,67721.49355553529,7695.110561354736,pvalloc_29nbfs_LRG2_max
4955,86698.2057143981,3616.035648080724,86804.65663956916,73954.42363669245,12743.782077705699,pvalloc_29nbfs_LRG2_max
4956,74729.20707437473,4604.807829529993,74954.54989703292,67271.69908193564,7457.507992439022,pvalloc_29nbfs_LRG2_max
4957,50045.697355634504,4868.266539873641,50561.22306555321,49057.287645109376,988.4097105251226,pvalloc_29nbfs_LRG2_max
4958,60890.21557445388,5006.09077047226,61333.295796020226,57675.53445490552,3214.681119548357,pvalloc_29nbfs_LRG2_max
4959,48566.43040160411,5048.909646050428,49203.34581229514,47743.53708034341,822.8933212607085,pvalloc_29nbfs_LRG2_max
4960,44651.91134234755,4723.725141745917,45268.64595984409,44232.09756198926,419.8137803582879,pvalloc_29nbfs_LRG2_max
4961,35975.70656229277,4805.568900951947,36779.39443773477,35877.993543047254,97.71301924550414,pvalloc_29nbfs_LRG2_max
4962,19837.79222339783,4687.503751180476,21182.10416795469,19837.79222339783,0.0,pvalloc_29nbfs_LRG2_max
4963,9128.518851131623,6051.295777562344,12243.68384898618,9128.518851131623,0.0,pvalloc_29nbfs_LRG2_max
4964,3.591470729688477,11428.485431886207,11428.485431886207,3.591470729688477,0.0,pvalloc_29nbfs_LRG2_max
4965,0.0,21698.627529472968,21698.627529472968,0.0,0.0,pvalloc_29nbfs_LRG2_max
4966,0.0,15054.66858054885,15054.66858054885,0.0,0.0,pvalloc_29nbfs_LRG2_max
4967,0.0,14761.300435221636,14761.300435221636,0.0,0.0,pvalloc_29nbfs_LRG2_max
4968,0.0,12492.279958567413,12492.279958567413,0.0,0.0,pvalloc_29nbfs_LRG2_max
4969,0.0,10052.532145121631,10052.532145121631,0.0,0.0,pvalloc_29nbfs_LRG2_max
4970,0.0,8034.332061846783,8034.332061846783,0.0,0.0,pvalloc_29nbfs_LRG2_max
4971,0.0,7219.022230515399,7219.022230515399,0.0,0.0,pvalloc_29nbfs_LRG2_max
4972,0.0,6689.043790452775,6689.043790452775,0.0,0.0,pvalloc_29nbfs_LRG2_max
4973,0.0,6426.52820091012,6426.52820091012,0.0,0.0,pvalloc_29nbfs_LRG2_max
4974,161.0491194901358,3989.593887593714,3991.543635933897,161.0491194901358,0.0,pvalloc_29nbfs_LRG2_max
4975,10201.516783199517,2534.171164772036,10985.009203078167,10201.516783199517,0.0,pvalloc_29nbfs_LRG2_max
4976,3134.6199599427687,2922.8382650694725,4787.039481594387,3134.6199599427687,0.0,pvalloc_29nbfs_LRG2_max
4977,18335.815567191843,3138.947795797823,19028.516426691614,18335.815567191843,0.0,pvalloc_29nbfs_LRG2_max
4978,36172.46246556281,3432.76367205918,36528.29001468018,36081.11775187515,91.3447136876527,pvalloc_29nbfs_LRG2_max
4979,57334.8227385219,3909.0219036030935,57566.28067177001,55084.21146381461,2250.6112747072834,pvalloc_29nbfs_LRG2_max
4980,59616.947545039475,4677.908695889638,59963.540384559856,56852.115534682096,2764.832010357394,pvalloc_29nbfs_LRG2_max
4981,62940.126015672795,5378.251240170471,63399.83219138692,59348.32971599781,3591.796299674983,pvalloc_29nbfs_LRG2_max
4982,47631.25109903376,4926.2981007541375,48234.65122642818,46944.111291550034,687.1398074837147,pvalloc_29nbfs_LRG2_max
4983,52856.63941062893,5535.922402117159,53502.18179558341,51402.71249684702,1453.9269137819056,pvalloc_29nbfs_LRG2_max
4984,42932.88574922168,4886.290858808032,43577.74203332938,42652.32496908758,280.5607801340997,pvalloc_29nbfs_LRG2_max
4985,28494.526174355055,4367.145741011109,29328.83354896163,28494.526174355055,0.0,pvalloc_29nbfs_LRG2_max
4986,22521.62930470931,4916.883611767216,23925.15997012801,22521.62930470931,0.0,pvalloc_29nbfs_LRG2_max
4987,9972.526761930749,5114.846291163877,12424.547683893552,9972.526761930749,0.0,pvalloc_29nbfs_LRG2_max
4988,1.7663838072682991,11602.993253802151,11602.993253802151,1.7663838072682991,0.0,pvalloc_29nbfs_LRG2_max
4989,0.0,15306.207062822388,15306.207062822388,0.0,0.0,pvalloc_29nbfs_LRG2_max
4990,0.0,18487.54111223772,18487.54111223772,0.0,0.0,pvalloc_29nbfs_LRG2_max
4991,0.0,15678.910070087288,15678.910070087288,0.0,0.0,pvalloc_29nbfs_LRG2_max
4992,0.0,12457.950105853319,12457.950105853319,0.0,0.0,pvalloc_29nbfs_LRG2_max
4993,0.0,9566.57816566627,9566.57816566627,0.0,0.0,pvalloc_29nbfs_LRG2_max
4994,0.0,8172.598108657664,8172.598108657664,0.0,0.0,pvalloc_29nbfs_LRG2_max
4995,0.0,7275.373634775014,7275.373634775014,0.0,0.0,pvalloc_29nbfs_LRG2_max
4996,0.0,6657.432000184344,6657.432000184344,0.0,0.0,pvalloc_29nbfs_LRG2_max
4997,0.0,6227.23729493923,6227.23729493923,0.0,0.0,pvalloc_29nbfs_LRG2_max
4998,409.1337684388798,3581.747662591352,3598.70882590255,409.1337684388798,0.0,pvalloc_29nbfs_LRG2_max
4999,14921.806450582799,2526.3106457932663,15466.25827328022,14921.806450582799,0.0,pvalloc_29nbfs_LRG2_max
5000,33563.60307785231,2776.638219959756,33789.20380253637,33553.11665801228,10.486419840031601,pvalloc_29nbfs_LRG2_max
5001,52002.85012937062,3114.6704409330787,52149.175514453025,50790.25276626393,1212.5973631066834,pvalloc_29nbfs_LRG2_max
5002,65694.20780886433,3225.341266268787,65810.50928308627,61373.987271634964,4320.220537229327,pvalloc_29nbfs_LRG2_max
5003,85556.60842321352,3940.521439860794,85680.74246229837,73396.5222212315,12160.086201982065,pvalloc_29nbfs_LRG2_max
5004,83649.43960698761,4478.30560501849,83819.87106482788,72391.05284162902,11258.386765358637,pvalloc_29nbfs_LRG2_max
5005,90107.1776852743,4606.689539180977,90283.26634739885,75702.8809264183,14404.296758856026,pvalloc_29nbfs_LRG2_max
5006,83908.20057057192,4592.054461339601,84113.43586878787,72412.20684477211,11495.993725799875,pvalloc_29nbfs_LRG2_max
5007,70136.61263984254,4609.592794609856,70397.23587241382,64288.170435364555,5848.442204477891,pvalloc_29nbfs_LRG2_max
5008,55295.959576224384,4087.7747479698023,55590.57313354191,53403.08389818448,1892.8756780399044,pvalloc_29nbfs_LRG2_max
5009,32726.60527380908,3834.450914809063,33274.59989839775,32718.52137444798,8.083899361097679,pvalloc_29nbfs_LRG2_max
5010,13737.396402336008,3958.167662831268,15068.297480543451,13737.396402336008,0.0,pvalloc_29nbfs_LRG2_max
5011,2512.675291516487,6084.199637464661,6861.107368828937,2512.675291516487,0.0,pvalloc_29nbfs_LRG2_max
5012,0.024958675141344665,13827.375649259955,13827.375649259955,0.024958675141344665,0.0,pvalloc_29nbfs_LRG2_max
5013,0.0,14662.18168263524,14662.18168263524,0.0,0.0,pvalloc_29nbfs_LRG2_max
5014,0.0,16274.799124460178,16274.799124460178,0.0,0.0,pvalloc_29nbfs_LRG2_max
5015,0.0,15624.092956490873,15624.092956490873,0.0,0.0,pvalloc_29nbfs_LRG2_max
5016,0.0,12724.185769730162,12724.185769730162,0.0,0.0,pvalloc_29nbfs_LRG2_max
5017,0.0,10867.074894322574,10867.074894322574,0.0,0.0,pvalloc_29nbfs_LRG2_max
5018,0.0,8769.37174164062,8769.37174164062,0.0,0.0,pvalloc_29nbfs_LRG2_max
5019,0.0,7592.314610242441,7592.314610242441,0.0,0.0,pvalloc_29nbfs_LRG2_max
5020,0.0,6804.494587055006,6804.494587055006,0.0,0.0,pvalloc_29nbfs_LRG2_max
5021,0.0,6914.447201421453,6914.447201421453,0.0,0.0,pvalloc_29nbfs_LRG2_max
5022,126.52405241148954,4157.135728146506,4158.7081896199925,126.52405241148954,0.0,pvalloc_29nbfs_LRG2_max
5023,10439.42048771634,2564.3295349408527,11232.984389840241,10439.42048771634,0.0,pvalloc_29nbfs_LRG2_max
5024,21689.679546161748,2749.6222826969733,22112.005661816656,21689.679546161748,0.0,pvalloc_29nbfs_LRG2_max
5025,18558.637909122164,3366.8497926195214,19406.6311370166,18558.637909122164,0.0,pvalloc_29nbfs_LRG2_max
5026,30572.005109184247,3799.4852806394565,31184.121527976313,30572.005109184247,0.0,pvalloc_29nbfs_LRG2_max
5027,65858.60030682731,3646.727655193421,66016.4807765589,61446.250303226945,4412.3500036004,pvalloc_29nbfs_LRG2_max
5028,78962.32071608602,5327.197815800366,79288.77362371841,69850.54021225906,9111.780503826978,pvalloc_29nbfs_LRG2_max
5029,52057.196520553975,5045.793616345245,52590.86561188164,50729.30595420115,1327.8905663528353,pvalloc_29nbfs_LRG2_max
5030,22713.594404441545,5837.304361833433,24589.87332933177,22713.594404441545,0.0,pvalloc_29nbfs_LRG2_max
5031,25363.200762971403,4959.9889301223775,26609.29727464076,25363.200762971403,0.0,pvalloc_29nbfs_LRG2_max
5032,33754.72645812098,4039.2424923900207,34342.857902641634,33713.30195288552,41.42450523545375,pvalloc_29nbfs_LRG2_max
5033,26710.680957392018,4129.612382222736,27515.652308583907,26710.680957392018,0.0,pvalloc_29nbfs_LRG2_max
5034,16595.107575715934,4723.5408119912245,18219.539729416505,16595.107575715934,0.0,pvalloc_29nbfs_LRG2_max
5035,10217.952702266215,5390.640466087906,12754.665494390696,10217.952702266215,0.0,pvalloc_29nbfs_LRG2_max
5036,10.553742885164864,10991.380956047822,10991.393391196978,10.553742885164864,0.0,pvalloc_29nbfs_LRG2_max
5037,0.0,15623.399766375915,15623.399766375915,0.0,0.0,pvalloc_29nbfs_LRG2_max
5038,0.0,16022.715362504954,16022.715362504954,0.0,0.0,pvalloc_29nbfs_LRG2_max
5039,0.0,16439.75171535185,16439.75171535185,0.0,0.0,pvalloc_29nbfs_LRG2_max
5040,0.0,12326.556850038325,12326.556850038325,0.0,0.0,pvalloc_29nbfs_LRG2_max
5041,0.0,9488.47220812519,9488.47220812519,0.0,0.0,pvalloc_29nbfs_LRG2_max
5042,0.0,8024.435333822401,8024.435333822401,0.0,0.0,pvalloc_29nbfs_LRG2_max
5043,0.0,7253.657469496068,7253.657469496068,0.0,0.0,pvalloc_29nbfs_LRG2_max
5044,0.0,6638.189465394041,6638.189465394041,0.0,0.0,pvalloc_29nbfs_LRG2_max
5045,0.0,6441.096729282571,6441.096729282571,0.0,0.0,pvalloc_29nbfs_LRG2_max
5046,127.06514045854892,4133.7025478848,4135.253837618368,127.06514045854892,0.0,pvalloc_29nbfs_LRG2_max
5047,11294.573344966639,2641.0934989299117,12116.38385177019,11294.573344966639,0.0,pvalloc_29nbfs_LRG2_max
5048,32385.04330242632,2960.182848217103,32664.326757105602,32385.04330242632,0.0,pvalloc_29nbfs_LRG2_max
5049,53139.534230580604,3327.8791619742874,53308.05085230024,51760.940060586545,1378.5941699940627,pvalloc_29nbfs_LRG2_max
5050,72230.8864742791,3409.5199596496573,72330.1247422561,65784.60830481992,6446.278169459173,pvalloc_29nbfs_LRG2_max
5051,65839.42712037012,3814.4339261116334,66009.08073378056,61463.915714378076,4375.5114059920525,pvalloc_29nbfs_LRG2_max
5052,60328.32758730337,4448.315076147078,60623.27873863565,57416.754364279084,2911.5732230242875,pvalloc_29nbfs_LRG2_max
5053,66915.3805978659,4711.082098654378,67203.19339679976,62163.891347448654,4751.489250417219,pvalloc_29nbfs_LRG2_max
5054,68041.11520535473,4590.742295410863,68315.7257572463,62851.51081649739,5189.604388857267,pvalloc_29nbfs_LRG2_max
5055,57551.643729046446,4863.5535163940685,57964.821243235114,55190.532800370456,2361.110928676002,pvalloc_29nbfs_LRG2_max
5056,51403.2604874338,4305.153322600277,51763.45933082578,50213.61333352918,1189.6471539046156,pvalloc_29nbfs_LRG2_max
5057,34340.66150609385,3725.2071593495107,34829.6740359693,34297.221077101174,43.44042899268112,pvalloc_29nbfs_LRG2_max
5058,12126.938068130214,3720.7731684631385,13404.854571693779,12126.938068130214,0.0,pvalloc_29nbfs_LRG2_max
5059,6178.516446828936,4371.186363688359,8407.66436831956,6178.516446828936,0.0,pvalloc_29nbfs_LRG2_max
5060,213.07382870477954,7653.93982118612,7656.529978081848,213.07382870477954,0.0,pvalloc_29nbfs_LRG2_max
5061,0.0,12442.644294585474,12442.644294585474,0.0,0.0,pvalloc_29nbfs_LRG2_max
5062,0.0,12652.578225358759,12652.578225358759,0.0,0.0,pvalloc_29nbfs_LRG2_max
5063,0.0,12878.862779430521,12878.862779430521,0.0,0.0,pvalloc_29nbfs_LRG2_max
5064,0.0,12350.75565968853,12350.75565968853,0.0,0.0,pvalloc_29nbfs_LRG2_max
5065,0.0,11097.685205202353,11097.685205202353,0.0,0.0,pvalloc_29nbfs_LRG2_max
5066,0.0,9294.124150992036,9294.124150992036,0.0,0.0,pvalloc_29nbfs_LRG2_max
5067,0.0,7868.8472553816255,7868.8472553816255,0.0,0.0,pvalloc_29nbfs_LRG2_max
5068,0.0,6865.793803809358,6865.793803809358,0.0,0.0,pvalloc_29nbfs_LRG2_max
5069,0.0,7046.117084101745,7046.117084101745,0.0,0.0,pvalloc_29nbfs_LRG2_max
5070,117.83569389935617,4243.326546598355,4244.7735107689205,117.83569389935617,0.0,pvalloc_29nbfs_LRG2_max
5071,13179.428144938129,2495.3926443859013,13788.140686493385,13179.428144938129,0.0,pvalloc_29nbfs_LRG2_max
5072,30178.65944792407,2796.8353839433403,30451.45021966692,30178.65944792407,0.0,pvalloc_29nbfs_LRG2_max
5073,52401.610514855114,3196.242389588563,52558.09484144575,51113.96250010147,1287.6480147536363,pvalloc_29nbfs_LRG2_max
5074,69802.78879322353,3484.52702762245,69935.65312337142,64149.27640094454,5653.512392278957,pvalloc_29nbfs_LRG2_max
5075,80372.19450595244,3902.259403723868,80516.56105593922,70533.53666197034,9838.657843982077,pvalloc_29nbfs_LRG2_max
5076,70878.88422557278,4438.493624186393,71103.59877603129,64824.56130511886,6054.322920453804,pvalloc_29nbfs_LRG2_max
5077,62700.4691831348,4864.411300776236,63050.52317584159,59154.23485568554,3546.234327449273,pvalloc_29nbfs_LRG2_max
5078,53268.847460026314,5048.683893946051,53802.771804851116,51710.27882286412,1558.5686371621973,pvalloc_29nbfs_LRG2_max
5079,33081.223812902994,5064.588456993675,34063.63687886425,33053.148892511635,28.074920391363833,pvalloc_29nbfs_LRG2_max
5080,36281.31186889616,4694.393127058452,37021.97520580067,36176.99241887803,104.31945001813358,pvalloc_29nbfs_LRG2_max
5081,28586.424215617888,4457.563470441799,29457.115213734112,28586.424215617888,0.0,pvalloc_29nbfs_LRG2_max
5082,16322.067075137962,4413.85262462847,17739.563823547927,16322.067075137962,0.0,pvalloc_29nbfs_LRG2_max
5083,8591.722408595933,4733.28773660223,10816.692575329433,8591.722408595933,0.0,pvalloc_29nbfs_LRG2_max
5084,45.20444894486791,9039.40142278752,9039.678432818448,45.20444894486791,0.0,pvalloc_29nbfs_LRG2_max
5085,0.0,14038.884071464148,14038.884071464148,0.0,0.0,pvalloc_29nbfs_LRG2_max
5086,0.0,16707.678657408913,16707.678657408913,0.0,0.0,pvalloc_29nbfs_LRG2_max
5087,0.0,14798.423471834054,14798.423471834054,0.0,0.0,pvalloc_29nbfs_LRG2_max
5088,0.0,12920.992928294934,12920.992928294934,0.0,0.0,pvalloc_29nbfs_LRG2_max
5089,0.0,9900.944565301277,9900.944565301277,0.0,0.0,pvalloc_29nbfs_LRG2_max
5090,0.0,9389.785903685059,9389.785903685059,0.0,0.0,pvalloc_29nbfs_LRG2_max
5091,0.0,7401.546438254427,7401.546438254427,0.0,0.0,pvalloc_29nbfs_LRG2_max
5092,0.0,6692.067790682453,6692.067790682453,0.0,0.0,pvalloc_29nbfs_LRG2_max
5093,0.0,6497.448685059627,6497.448685059627,0.0,0.0,pvalloc_29nbfs_LRG2_max
5094,300.53090178037024,3841.6021661702957,3845.503689443355,300.53090178037024,0.0,pvalloc_29nbfs_LRG2_max
5095,14803.676524442459,2371.9896152686574,15271.279551073725,14803.676524442459,0.0,pvalloc_29nbfs_LRG2_max
5096,34803.80462529211,2366.9110774053606,34940.87069568755,34774.470724561594,29.33390073051754,pvalloc_29nbfs_LRG2_max
5097,56889.59367627835,2794.136841146581,56983.96419413586,54836.70827073816,2052.8854055401985,pvalloc_29nbfs_LRG2_max
5098,73779.43882224511,2918.119372963869,73855.563371586,66748.16061071408,7031.278211531007,pvalloc_29nbfs_LRG2_max
5099,89260.31224401407,3507.9528987547747,89361.05718464094,75283.05744456279,13977.254799451266,pvalloc_29nbfs_LRG2_max
5100,75365.73475802314,4903.525855891673,75621.69531206581,67639.66077967332,7726.073978349785,pvalloc_29nbfs_LRG2_max
5101,66103.82554117503,5575.146685261483,66571.60127704451,61519.73623235558,4584.089308819418,pvalloc_29nbfs_LRG2_max
5102,71187.70618810892,5661.699611811623,71650.9181983543,64851.1901728374,6336.516015271426,pvalloc_29nbfs_LRG2_max
5103,64985.95791451862,5144.823211693346,65408.49081255136,60685.27360725247,4300.684307266153,pvalloc_29nbfs_LRG2_max
5104,61178.926381023295,4940.9882443365095,61609.25535796323,57890.3028601561,3288.6235208671887,pvalloc_29nbfs_LRG2_max
5105,25869.767958215773,4797.277118013449,26936.205886662563,25869.767958215773,0.0,pvalloc_29nbfs_LRG2_max
5106,6547.545455562273,5128.806200076065,9135.298117387963,6547.545455562273,0.0,pvalloc_29nbfs_LRG2_max
5107,1418.6466398371538,6932.495493153047,7054.349968621018,1418.6466398371538,0.0,pvalloc_29nbfs_LRG2_max
5108,0.5385104481312999,11343.956667051181,11343.956667051181,0.5385104481312999,0.0,pvalloc_29nbfs_LRG2_max
5109,0.0,13173.891725783154,13173.891725783154,0.0,0.0,pvalloc_29nbfs_LRG2_max
5110,0.0,13106.449704799226,13106.449704799226,0.0,0.0,pvalloc_29nbfs_LRG2_max
5111,0.0,12603.2453164585,12603.2453164585,0.0,0.0,pvalloc_29nbfs_LRG2_max
5112,0.0,10413.182078012227,10413.182078012227,0.0,0.0,pvalloc_29nbfs_LRG2_max
5113,0.0,8993.403916155026,8993.403916155026,0.0,0.0,pvalloc_29nbfs_LRG2_max
5114,0.0,7817.172615127089,7817.172615127089,0.0,0.0,pvalloc_29nbfs_LRG2_max
5115,0.0,7187.9602584705435,7187.9602584705435,0.0,0.0,pvalloc_29nbfs_LRG2_max
5116,0.0,6597.782238100716,6597.782238100716,0.0,0.0,pvalloc_29nbfs_LRG2_max
5117,0.0,6653.582169584409,6653.582169584409,0.0,0.0,pvalloc_29nbfs_LRG2_max
5118,143.7761526479226,4119.582109870076,4121.266912988375,143.7761526479226,0.0,pvalloc_29nbfs_LRG2_max
5119,10268.201098590172,2358.80668676548,10948.861126118958,10268.201098590172,0.0,pvalloc_29nbfs_LRG2_max
5120,31153.912884330748,2382.5702281121885,31323.224935803497,31153.912884330748,0.0,pvalloc_29nbfs_LRG2_max
5121,54449.2537601088,2713.6569585125567,54546.19011095404,52861.698358816946,1587.5554012918662,pvalloc_29nbfs_LRG2_max
5122,70440.0689787186,3179.7488482935564,70536.54180318578,64637.018402692185,5803.050576026349,pvalloc_29nbfs_LRG2_max
5123,88929.6890570636,3494.0702820501315,89013.89928308508,75196.97203838971,13732.71701867401,pvalloc_29nbfs_LRG2_max
5124,88520.71808932135,4692.601538732532,88685.85030007263,75029.65652655896,13491.06156276243,pvalloc_29nbfs_LRG2_max
5125,88442.57677074325,5521.147450681068,88707.46345400055,74913.71303797232,13528.863732770951,pvalloc_29nbfs_LRG2_max
5126,82172.33289341877,5401.587267124542,82464.02812799561,71498.74208772794,10673.590805690836,pvalloc_29nbfs_LRG2_max
5127,77611.1674057459,5317.52883803248,77930.20519408236,68883.8955445513,8727.271861194631,pvalloc_29nbfs_LRG2_max
5128,68740.37479781892,4485.758867778683,68998.55941278997,63344.79672605826,5395.5780717607695,pvalloc_29nbfs_LRG2_max
5129,50410.860013291924,4327.116484785582,50795.83148124963,49381.69601437957,1029.1639989123378,pvalloc_29nbfs_LRG2_max
5130,30850.931195063757,4875.107617198476,31799.6757281646,30850.931195063757,0.0,pvalloc_29nbfs_LRG2_max
5131,12200.812034311959,4979.504933724513,14327.738143874649,12200.812034311959,0.0,pvalloc_29nbfs_LRG2_max
5132,1.3709608802841613,11936.851245286893,11936.851245286893,1.3709608802841613,0.0,pvalloc_29nbfs_LRG2_max
5133,0.0,18228.216139042954,18228.216139042954,0.0,0.0,pvalloc_29nbfs_LRG2_max
5134,0.0,18162.49636171034,18162.49636171034,0.0,0.0,pvalloc_29nbfs_LRG2_max
5135,0.0,15581.301938822113,15581.301938822113,0.0,0.0,pvalloc_29nbfs_LRG2_max
5136,0.0,13660.518661518496,13660.518661518496,0.0,0.0,pvalloc_29nbfs_LRG2_max
5137,0.0,10358.480128423342,10358.480128423342,0.0,0.0,pvalloc_29nbfs_LRG2_max
5138,0.0,8828.47113398323,8828.47113398323,0.0,0.0,pvalloc_29nbfs_LRG2_max
5139,0.0,7213.798405873981,7213.798405873981,0.0,0.0,pvalloc_29nbfs_LRG2_max
5140,0.0,6479.031429122138,6479.031429122138,0.0,0.0,pvalloc_29nbfs_LRG2_max
5141,0.0,6403.162580960439,6403.162580960439,0.0,0.0,pvalloc_29nbfs_LRG2_max
5142,125.60353084673669,4161.814930600812,4163.195015726151,125.60353084673669,0.0,pvalloc_29nbfs_LRG2_max
5143,13307.06365897513,2355.0289780946405,13826.843686371947,13307.06365897513,0.0,pvalloc_29nbfs_LRG2_max
5144,33115.273617525905,2663.4002182516647,33314.34922064128,33115.273617525905,0.0,pvalloc_29nbfs_LRG2_max
5145,53978.2417257448,3208.1038990009065,54119.77965309566,52472.799680384946,1505.4420453598632,pvalloc_29nbfs_LRG2_max
5146,74368.48422252227,3328.3714317316594,74465.38178193154,67140.2857016427,7228.198520879606,pvalloc_29nbfs_LRG2_max
5147,87654.1231843568,4250.046958841042,87778.62548991604,74612.45983663325,13041.663347723495,pvalloc_29nbfs_LRG2_max
5148,83270.12406275491,5795.844739980126,83636.40359476859,72364.4613962857,10905.662666469228,pvalloc_29nbfs_LRG2_max
5149,88090.50744754718,5322.280775749804,88331.13430771971,74818.22688697223,13272.28056057494,pvalloc_29nbfs_LRG2_max
5150,87694.9395973046,4496.002417965172,87886.50510578303,74412.58259909852,13282.3569982061,pvalloc_29nbfs_LRG2_max
5151,75865.90583824385,5025.5651079634,76136.9757126847,67926.68779804409,7939.218040199747,pvalloc_29nbfs_LRG2_max
5152,63205.60352984642,4265.721488554273,63450.818320930695,59531.89872332375,3673.7048065226545,pvalloc_29nbfs_LRG2_max
5153,45930.985217787005,3930.5540461780924,46258.39621154998,45492.83236162194,438.1528561650624,pvalloc_29nbfs_LRG2_max
5154,30680.896882338428,3931.1919402802805,31269.273435337233,30680.896882338428,0.0,pvalloc_29nbfs_LRG2_max
5155,10170.310011103991,5608.855852042302,12945.50350848339,10170.310011103991,0.0,pvalloc_29nbfs_LRG2_max
5156,0.9899346697857694,13203.866541393156,13203.866541393156,0.9899346697857694,0.0,pvalloc_29nbfs_LRG2_max
5157,0.0,16656.158247084175,16656.158247084175,0.0,0.0,pvalloc_29nbfs_LRG2_max
5158,0.0,16956.66673318879,16956.66673318879,0.0,0.0,pvalloc_29nbfs_LRG2_max
5159,0.0,13878.197386105796,13878.197386105796,0.0,0.0,pvalloc_29nbfs_LRG2_max
5160,0.0,13359.709264488025,13359.709264488025,0.0,0.0,pvalloc_29nbfs_LRG2_max
5161,0.0,9823.421723926978,9823.421723926978,0.0,0.0,pvalloc_29nbfs_LRG2_max
5162,0.0,8004.918441437758,8004.918441437758,0.0,0.0,pvalloc_29nbfs_LRG2_max
5163,0.0,7279.771629046192,7279.771629046192,0.0,0.0,pvalloc_29nbfs_LRG2_max
5164,0.0,6702.512682378077,6702.512682378077,0.0,0.0,pvalloc_29nbfs_LRG2_max
5165,0.0,6398.764586689275,6398.764586689275,0.0,0.0,pvalloc_29nbfs_LRG2_max
5166,103.08274599691063,4348.912231598527,4350.01289567078,103.08274599691063,0.0,pvalloc_29nbfs_LRG2_max
5167,12661.867061115752,2548.3357696933344,13327.408580968466,12661.867061115752,0.0,pvalloc_29nbfs_LRG2_max
5168,33063.31971360106,2920.773341862354,33318.61053611316,33063.31971360106,0.0,pvalloc_29nbfs_LRG2_max
5169,54912.632014730945,3160.882629979262,55044.647300930585,53237.687921522884,1674.9440932080745,pvalloc_29nbfs_LRG2_max
5170,74938.22118067804,3061.5311404395657,75022.40094339904,67460.43126385083,7477.78991682716,pvalloc_29nbfs_LRG2_max
5171,89746.44391779917,3765.478791510962,89846.20073488887,75613.2430695548,14133.200848244414,pvalloc_29nbfs_LRG2_max
5172,84030.3563041679,4278.063057342047,84189.65651976196,72603.97345725654,11426.382846911441,pvalloc_29nbfs_LRG2_max
5173,78316.08435536122,4586.4482090118845,78530.82174388337,69369.63969197967,8946.44466338161,pvalloc_29nbfs_LRG2_max
5174,88608.7060836352,4541.040649639158,88796.92356333828,74902.54884765657,13706.157235978633,pvalloc_29nbfs_LRG2_max
5175,76358.76768149757,4722.3639597044175,76605.6210205791,68178.84314818513,8179.9245333124945,pvalloc_29nbfs_LRG2_max
5176,61160.81570906203,4537.428599706327,61466.41366407632,57979.94760633856,3180.8681027234625,pvalloc_29nbfs_LRG2_max
5177,41836.23921930465,4211.409809336453,42311.43688427577,41623.45160656979,212.78761273484855,pvalloc_29nbfs_LRG2_max
5178,22924.03788466295,4132.5545134457,23844.938451347825,22924.03788466295,0.0,pvalloc_29nbfs_LRG2_max
5179,9383.504380687384,4312.385195304403,11202.402271547182,9383.504380687384,0.0,pvalloc_29nbfs_LRG2_max
5180,20.172669371651217,9584.153312380959,9584.310273772382,20.172669371651217,0.0,pvalloc_29nbfs_LRG2_max
5181,0.0,17958.547144614713,17958.547144614713,0.0,0.0,pvalloc_29nbfs_LRG2_max
5182,0.0,15508.105894089556,15508.105894089556,0.0,0.0,pvalloc_29nbfs_LRG2_max
5183,0.0,14273.897403473246,14273.897403473246,0.0,0.0,pvalloc_29nbfs_LRG2_max
5184,0.0,13200.33224655577,13200.33224655577,0.0,0.0,pvalloc_29nbfs_LRG2_max
5185,0.0,9638.325646422076,9638.325646422076,0.0,0.0,pvalloc_29nbfs_LRG2_max
5186,0.0,8321.584507793394,8321.584507793394,0.0,0.0,pvalloc_29nbfs_LRG2_max
5187,0.0,7169.817360127395,7169.817360127395,0.0,0.0,pvalloc_29nbfs_LRG2_max
5188,0.0,7079.928698781938,7079.928698781938,0.0,0.0,pvalloc_29nbfs_LRG2_max
5189,0.0,6529.334832922408,6529.334832922408,0.0,0.0,pvalloc_29nbfs_LRG2_max
5190,43.79279254112965,4768.209226984169,4768.705609179932,43.79279254112965,0.0,pvalloc_29nbfs_LRG2_max
5191,10377.04885964868,2502.475925410089,11128.376946287266,10377.04885964868,0.0,pvalloc_29nbfs_LRG2_max
5192,27609.5643858336,2857.3826018854925,27931.5608148745,27609.5643858336,0.0,pvalloc_29nbfs_LRG2_max
5193,49189.90628267559,3115.2409092333987,49344.78799722419,48451.894453762136,738.0118289134541,pvalloc_29nbfs_LRG2_max
5194,62314.71965420802,3396.0881692795183,62448.66315800395,58959.77677899768,3354.9428752103395,pvalloc_29nbfs_LRG2_max
5195,70870.86993324856,4074.951839903133,71039.31556536816,64929.93909757063,5940.930835677914,pvalloc_29nbfs_LRG2_max
5196,68344.29860637618,5046.340194418383,68681.0519175008,63278.24892065159,5066.049685724527,pvalloc_29nbfs_LRG2_max
5197,72574.9740903865,4919.901267017248,72850.2469502505,65911.29572518988,6663.678365196636,pvalloc_29nbfs_LRG2_max
5198,71325.13961572874,5431.670515390015,71695.92514182757,65098.819835038805,6226.319780689929,pvalloc_29nbfs_LRG2_max
5199,70434.32791174536,4903.787969268832,70733.30619158564,64486.12724401146,5948.200667733878,pvalloc_29nbfs_LRG2_max
5200,42350.703015778585,3815.391758568809,42721.67327431512,42117.09059518148,233.6124205971093,pvalloc_29nbfs_LRG2_max
5201,27212.940355155264,3805.0927778884648,27860.083267413658,27212.940355155264,0.0,pvalloc_29nbfs_LRG2_max
5202,13098.034497645958,4327.984423115061,14760.945099930279,13098.034497645958,0.0,pvalloc_29nbfs_LRG2_max
5203,8220.018673791034,4806.627555917486,10540.008802774975,8220.018673791034,0.0,pvalloc_29nbfs_LRG2_max
5204,0.0,15090.743710386072,15090.743710386072,0.0,0.0,pvalloc_29nbfs_LRG2_max
5205,0.0,15791.348827533153,15791.348827533153,0.0,0.0,pvalloc_29nbfs_LRG2_max
5206,0.0,15247.755727980579,15247.755727980579,0.0,0.0,pvalloc_29nbfs_LRG2_max
5207,0.0,15008.22525066832,15008.22525066832,0.0,0.0,pvalloc_29nbfs_LRG2_max
5208,0.0,12069.433844123947,12069.433844123947,0.0,0.0,pvalloc_29nbfs_LRG2_max
5209,0.0,11145.876780548275,11145.876780548275,0.0,0.0,pvalloc_29nbfs_LRG2_max
5210,0.0,8940.899584908117,8940.899584908117,0.0,0.0,pvalloc_29nbfs_LRG2_max
5211,0.0,7874.895807358424,7874.895807358424,0.0,0.0,pvalloc_29nbfs_LRG2_max
5212,0.0,7043.644556647981,7043.644556647981,0.0,0.0,pvalloc_29nbfs_LRG2_max
5213,0.0,7125.558647681808,7125.558647681808,0.0,0.0,pvalloc_29nbfs_LRG2_max
5214,3.6209129932177015,5734.093133921056,5734.16481721687,3.6209129932177015,0.0,pvalloc_29nbfs_LRG2_max
5215,1654.4073705079718,3024.186045045919,3676.692304521529,1654.4073705079718,0.0,pvalloc_29nbfs_LRG2_max
5216,6111.270705710586,2945.5641721679035,7459.091830154405,6111.270705710586,0.0,pvalloc_29nbfs_LRG2_max
5217,12204.03658605216,3188.1160198761063,13274.931480547382,12204.03658605216,0.0,pvalloc_29nbfs_LRG2_max
5218,23891.526409624337,3307.7911972329903,24451.93285131327,23891.526409624337,0.0,pvalloc_29nbfs_LRG2_max
5219,28429.422235436796,3946.4264763569486,29098.153586854034,28429.422235436796,0.0,pvalloc_29nbfs_LRG2_max
5220,21052.256977391447,5083.297985546308,22718.66875026515,21052.256977391447,0.0,pvalloc_29nbfs_LRG2_max
5221,45693.96504168373,4532.744167511479,46200.872864398145,45238.877402340666,455.0876393430707,pvalloc_29nbfs_LRG2_max
5222,60411.5418596746,4699.146220193249,60766.43934604812,57375.32461205333,3036.217247621292,pvalloc_29nbfs_LRG2_max
5223,47440.65700393149,4725.090863861346,47959.623941175014,46823.88079207442,616.7762118570715,pvalloc_29nbfs_LRG2_max
5224,47798.0183825909,4121.646103159091,48164.82228649515,47157.51134348974,640.5070391011557,pvalloc_29nbfs_LRG2_max
5225,35797.897604605685,4199.971148767528,36373.34496662153,35729.61490633477,68.282698270916,pvalloc_29nbfs_LRG2_max
5226,24954.72075662575,4094.566512805084,25775.081602698752,24954.72075662575,0.0,pvalloc_29nbfs_LRG2_max
5227,10269.888893953392,4774.1576646559615,12373.677977978132,10269.888893953392,0.0,pvalloc_29nbfs_LRG2_max
5228,0.2421133534611586,12343.532444512219,12343.532444512219,0.2421133534611586,0.0,pvalloc_29nbfs_LRG2_max
5229,0.0,17463.78761121696,17463.78761121696,0.0,0.0,pvalloc_29nbfs_LRG2_max
5230,0.0,16776.24576513662,16776.24576513662,0.0,0.0,pvalloc_29nbfs_LRG2_max
5231,0.0,13863.094861205218,13863.094861205218,0.0,0.0,pvalloc_29nbfs_LRG2_max
5232,0.0,12379.083196074876,12379.083196074876,0.0,0.0,pvalloc_29nbfs_LRG2_max
5233,0.0,10840.796451126309,10840.796451126309,0.0,0.0,pvalloc_29nbfs_LRG2_max
5234,0.0,8839.193140860432,8839.193140860432,0.0,0.0,pvalloc_29nbfs_LRG2_max
5235,0.0,7691.549078353807,7691.549078353807,0.0,0.0,pvalloc_29nbfs_LRG2_max
5236,0.0,6881.188714069509,6881.188714069509,0.0,0.0,pvalloc_29nbfs_LRG2_max
5237,0.0,7020.828203404437,7020.828203404437,0.0,0.0,pvalloc_29nbfs_LRG2_max
5238,66.54528694618577,4740.933999730511,4741.6183625477115,66.54528694618577,0.0,pvalloc_29nbfs_LRG2_max
5239,11461.243899352881,2608.783812371186,12192.699789693032,11461.243899352881,0.0,pvalloc_29nbfs_LRG2_max
5240,24405.043350519853,2927.198057404915,24809.873124581933,24405.043350519853,0.0,pvalloc_29nbfs_LRG2_max
5241,48300.35054565466,3153.407299233322,48465.72886465042,47666.8872246584,633.4633209962544,pvalloc_29nbfs_LRG2_max
5242,62256.38423732204,3597.94048888027,62409.321379546695,58914.915100000784,3341.4691373212586,pvalloc_29nbfs_LRG2_max
5243,68811.1421672659,3910.0298775098927,68977.20620623547,63518.335979657735,5292.806187608265,pvalloc_29nbfs_LRG2_max
5244,56475.466006364324,4418.301378185183,56791.88504358991,54419.426791934355,2056.0392144299626,pvalloc_29nbfs_LRG2_max
5245,54906.633214615766,4932.867349007493,55356.44283867546,53129.513868548594,1777.1193460671761,pvalloc_29nbfs_LRG2_max
5246,51246.42220661846,4986.939947731789,51794.643499153965,50040.288477158916,1206.1337294595412,pvalloc_29nbfs_LRG2_max
5247,50990.49013433218,4681.443228101142,51466.03223862818,49839.27631466922,1151.2138196629564,pvalloc_29nbfs_LRG2_max
5248,43367.17851042974,4129.642047991895,43824.17722994153,43069.7057418336,297.4727685961354,pvalloc_29nbfs_LRG2_max
5249,35400.2481867984,4004.0714828930054,35935.429101592395,35338.74787957929,61.50030721910764,pvalloc_29nbfs_LRG2_max
5250,18123.926889878763,4538.980679431551,19491.417426332562,18123.926889878763,0.0,pvalloc_29nbfs_LRG2_max
5251,8333.593073951344,5133.913173989498,10854.754998631626,8333.593073951344,0.0,pvalloc_29nbfs_LRG2_max
5252,0.0,19000.134662661887,19000.134662661887,0.0,0.0,pvalloc_29nbfs_LRG2_max
5253,0.0,19290.580116971654,19290.580116971654,0.0,0.0,pvalloc_29nbfs_LRG2_max
5254,0.0,16835.268381474216,16835.268381474216,0.0,0.0,pvalloc_29nbfs_LRG2_max
5255,0.0,14924.78827852718,14924.78827852718,0.0,0.0,pvalloc_29nbfs_LRG2_max
5256,0.0,13381.168060104113,13381.168060104113,0.0,0.0,pvalloc_29nbfs_LRG2_max
5257,0.0,10539.960012448035,10539.960012448035,0.0,0.0,pvalloc_29nbfs_LRG2_max
5258,0.0,8429.066249258416,8429.066249258416,0.0,0.0,pvalloc_29nbfs_LRG2_max
5259,0.0,7662.686930720702,7662.686930720702,0.0,0.0,pvalloc_29nbfs_LRG2_max
5260,0.0,6987.56971605249,6987.56971605249,0.0,0.0,pvalloc_29nbfs_LRG2_max
5261,0.0,6946.060646242224,6946.060646242224,0.0,0.0,pvalloc_29nbfs_LRG2_max
5262,58.79489089981778,4987.491547227303,4988.114616154448,58.79489089981778,0.0,pvalloc_29nbfs_LRG2_max
5263,12689.756185121727,2563.1085101381764,13328.856614302113,12689.756185121727,0.0,pvalloc_29nbfs_LRG2_max
5264,33505.36407166857,2856.308466326966,33741.30590671673,33501.406814976086,3.9572566924837247,pvalloc_29nbfs_LRG2_max
5265,56198.12923008882,2947.4043547831757,56310.604992649154,54275.82613055214,1922.303099536682,pvalloc_29nbfs_LRG2_max
5266,75224.64883203985,3724.7668791235774,75341.2744280683,67676.1618276318,7548.487004408033,pvalloc_29nbfs_LRG2_max
5267,88826.55952410605,4800.72933881165,88996.57430542122,75233.86222001536,13592.69730409068,pvalloc_29nbfs_LRG2_max
5268,86120.17663952305,5848.842618822174,86454.35371054408,73815.48858833288,12304.688051190153,pvalloc_29nbfs_LRG2_max
5269,91016.9033134677,5815.238591956986,91306.50861934829,76233.66389982423,14783.239413643452,pvalloc_29nbfs_LRG2_max
5270,91502.05745529383,5228.795255530304,91771.49996589974,76211.38498897215,15290.672466321705,pvalloc_29nbfs_LRG2_max
5271,83045.6553109965,5020.444733059683,83307.56662971906,71924.02987191649,11121.625439080055,pvalloc_29nbfs_LRG2_max
5272,69189.73268352138,4778.791652559617,69477.45121897198,63660.24835247935,5529.484331042026,pvalloc_29nbfs_LRG2_max
5273,52123.53229416139,4343.049685011319,52498.93076245726,50807.821735576035,1315.7105585853549,pvalloc_29nbfs_LRG2_max
5274,31261.863471202956,4443.157594103357,32026.160418232073,31261.863471202956,0.0,pvalloc_29nbfs_LRG2_max
5275,12674.204382447506,4709.221014042284,14449.034119831489,12674.204382447506,0.0,pvalloc_29nbfs_LRG2_max
5276,0.001144878417680309,16108.128089506325,16108.128089506325,0.001144878417680309,0.0,pvalloc_29nbfs_LRG2_max
5277,0.0,16661.54003587522,16661.54003587522,0.0,0.0,pvalloc_29nbfs_LRG2_max
5278,0.0,16071.87963882066,16071.87963882066,0.0,0.0,pvalloc_29nbfs_LRG2_max
5279,0.0,16513.61501158644,16513.61501158644,0.0,0.0,pvalloc_29nbfs_LRG2_max
5280,0.0,14223.4027375802,14223.4027375802,0.0,0.0,pvalloc_29nbfs_LRG2_max
5281,0.0,10189.901163932846,10189.901163932846,0.0,0.0,pvalloc_29nbfs_LRG2_max
5282,0.0,9219.90861812319,9219.90861812319,0.0,0.0,pvalloc_29nbfs_LRG2_max
5283,0.0,8077.212368111325,8077.212368111325,0.0,0.0,pvalloc_29nbfs_LRG2_max
5284,0.0,7416.388772703773,7416.388772703773,0.0,0.0,pvalloc_29nbfs_LRG2_max
5285,0.0,7104.393955178768,7104.393955178768,0.0,0.0,pvalloc_29nbfs_LRG2_max
5286,19.61626803888635,5505.411457451303,5505.67398618594,19.61626803888635,0.0,pvalloc_29nbfs_LRG2_max
5287,11799.228869671713,2604.620386250913,12506.245193798302,11799.228869671713,0.0,pvalloc_29nbfs_LRG2_max
5288,33671.82545632842,2762.9688957142475,33887.60322621791,33665.53563223009,6.2898240983302,pvalloc_29nbfs_LRG2_max
5289,55885.28191379733,2765.1588751164095,55986.19699924129,54022.533233113616,1862.7486806837073,pvalloc_29nbfs_LRG2_max
5290,74182.24828527718,3621.7686009276845,74292.08230291662,67049.86273804614,7132.385547231052,pvalloc_29nbfs_LRG2_max
5291,90214.79714206529,4050.156719378208,90337.07557109909,75834.75596002312,14380.041182042221,pvalloc_29nbfs_LRG2_max
5292,85613.25227021702,5619.668536033258,85914.58948064804,73551.78362271682,12061.468647500224,pvalloc_29nbfs_LRG2_max
5293,91365.99092973549,5533.21062422831,91625.74775449367,76297.66681808844,15068.324111647087,pvalloc_29nbfs_LRG2_max
5294,86745.18979125506,6653.098956352112,87201.03189874416,73904.55104669658,12840.63874455844,pvalloc_29nbfs_LRG2_max
5295,80005.74891249959,6058.826716244252,80428.01033810488,70221.83005878044,9783.918853719144,pvalloc_29nbfs_LRG2_max
5296,65442.80289685612,6116.89215747848,66030.94647962277,61103.37782487734,4339.425071978786,pvalloc_29nbfs_LRG2_max
5297,49694.93028078259,5439.5523618278585,50386.663255398445,48722.06483895186,972.8654418307328,pvalloc_29nbfs_LRG2_max
5298,29308.205757143096,5433.348583954224,30513.192020533974,29308.205757143096,0.0,pvalloc_29nbfs_LRG2_max
5299,8808.465075925227,6468.924477401897,12180.851601334103,8808.465075925227,0.0,pvalloc_29nbfs_LRG2_max
5300,0.002782290935076717,16915.125381075446,16915.125381075446,0.002782290935076717,0.0,pvalloc_29nbfs_LRG2_max
5301,0.0,19664.8737674663,19664.8737674663,0.0,0.0,pvalloc_29nbfs_LRG2_max
5302,0.0,21717.297616531436,21717.297616531436,0.0,0.0,pvalloc_29nbfs_LRG2_max
5303,0.0,17214.825474050005,17214.825474050005,0.0,0.0,pvalloc_29nbfs_LRG2_max
5304,0.0,12578.207549128692,12578.207549128692,0.0,0.0,pvalloc_29nbfs_LRG2_max
5305,0.0,10294.109997870488,10294.109997870488,0.0,0.0,pvalloc_29nbfs_LRG2_max
5306,0.0,8325.709247505114,8325.709247505114,0.0,0.0,pvalloc_29nbfs_LRG2_max
5307,0.0,7293.515981600715,7293.515981600715,0.0,0.0,pvalloc_29nbfs_LRG2_max
5308,0.0,6735.774478834689,6735.774478834689,0.0,0.0,pvalloc_29nbfs_LRG2_max
5309,0.0,6710.483943585053,6710.483943585053,0.0,0.0,pvalloc_29nbfs_LRG2_max
5310,30.31204363907763,4984.893135284272,4985.2782607249455,30.31204363907763,0.0,pvalloc_29nbfs_LRG2_max
5311,11751.38402689053,2510.709442434107,12419.155888716316,11751.38402689053,0.0,pvalloc_29nbfs_LRG2_max
5312,32869.0974116032,2874.5458503395425,33117.72842627668,32869.0974116032,0.0,pvalloc_29nbfs_LRG2_max
5313,54814.79060705513,3220.048827741265,54955.204147416116,53148.75744288904,1666.033164166106,pvalloc_29nbfs_LRG2_max
5314,74956.91768222046,3689.016862356377,75082.7363156065,67479.14702484816,7477.7706573722535,pvalloc_29nbfs_LRG2_max
5315,91190.0225585911,3849.9993231095536,91302.43578020089,76290.27959851465,14899.742960076439,pvalloc_29nbfs_LRG2_max
5316,85234.47114768672,5913.754847358287,85584.3000365092,73334.39313352981,11900.078014156912,pvalloc_29nbfs_LRG2_max
5317,90958.63434666432,5415.6434167534935,91198.22824718671,76175.25033323013,14783.384013434208,pvalloc_29nbfs_LRG2_max
5318,88562.84914898065,5553.43622770054,88834.5810222748,74901.82867050727,13661.020478473374,pvalloc_29nbfs_LRG2_max
5319,82018.1844730009,4917.342248764468,82251.45395443382,71425.24636276615,10592.938110234774,pvalloc_29nbfs_LRG2_max
5320,67937.80554886397,4825.951235712801,68235.75959118427,62830.135780094126,5107.669768769838,pvalloc_29nbfs_LRG2_max
5321,50056.789612814115,4697.786683146883,50513.98497332271,49095.21703462473,961.5725781893773,pvalloc_29nbfs_LRG2_max
5322,31967.691711580468,3954.7943362347964,32562.06178049955,31967.691711580468,0.0,pvalloc_29nbfs_LRG2_max
5323,10836.4730045219,4742.467390663082,12904.624266227987,10836.4730045219,0.0,pvalloc_29nbfs_LRG2_max
5324,0.6210965762627492,11780.479643227958,11780.479643227958,0.6210965762627492,0.0,pvalloc_29nbfs_LRG2_max
5325,0.0,17798.4514230697,17798.4514230697,0.0,0.0,pvalloc_29nbfs_LRG2_max
5326,0.0,19605.334016129706,19605.334016129706,0.0,0.0,pvalloc_29nbfs_LRG2_max
5327,0.0,17993.3392447101,17993.3392447101,0.0,0.0,pvalloc_29nbfs_LRG2_max
5328,0.0,14499.905393880887,14499.905393880887,0.0,0.0,pvalloc_29nbfs_LRG2_max
5329,0.0,10706.798579119697,10706.798579119697,0.0,0.0,pvalloc_29nbfs_LRG2_max
5330,0.0,8691.305275136961,8691.305275136961,0.0,0.0,pvalloc_29nbfs_LRG2_max
5331,0.0,7299.838339654399,7299.838339654399,0.0,0.0,pvalloc_29nbfs_LRG2_max
5332,0.0,6942.4868277889755,6942.4868277889755,0.0,0.0,pvalloc_29nbfs_LRG2_max
5333,0.0,6828.1340130815815,6828.1340130815815,0.0,0.0,pvalloc_29nbfs_LRG2_max
5334,10.244459102487284,5417.820012774293,5417.955603354694,10.244459102487284,0.0,pvalloc_29nbfs_LRG2_max
5335,10505.231335098148,2806.0461815949443,11439.429526556705,10505.231335098148,0.0,pvalloc_29nbfs_LRG2_max
5336,31587.94030460737,3234.720217702503,31942.822609301074,31587.94030460737,0.0,pvalloc_29nbfs_LRG2_max
5337,53925.89361908869,3412.9416105209216,54094.32364228176,52410.63032810163,1515.263290987059,pvalloc_29nbfs_LRG2_max
5338,73873.10774620376,3725.8782892920394,74000.33749361604,66828.64161205986,7044.466134143863,pvalloc_29nbfs_LRG2_max
5339,89046.3697154781,4023.42019026781,89163.56366391401,75272.1284140141,13774.24130146398,pvalloc_29nbfs_LRG2_max
5340,84360.99725116398,5740.994619693766,84709.11089089469,72958.58128396347,11402.41596720052,pvalloc_29nbfs_LRG2_max
5341,88658.95287435298,5709.238392330334,88949.5579703073,75093.00865709918,13565.94421725385,pvalloc_29nbfs_LRG2_max
5342,85471.32257432211,6553.281560619263,85928.67161792463,73428.44458351708,12042.877990805046,pvalloc_29nbfs_LRG2_max
5343,80350.92147921458,5459.540004070224,80660.87924281532,70481.32291011239,9869.598569102236,pvalloc_29nbfs_LRG2_max
5344,68383.9507545547,4524.59350310761,68641.78294008622,63121.999308654864,5261.951445899879,pvalloc_29nbfs_LRG2_max
5345,48964.90719221619,4481.753625827655,49387.30901290963,48173.93862287286,790.9685693433275,pvalloc_29nbfs_LRG2_max
5346,29290.317044539082,4464.193978290714,30117.89136366576,29290.317044539082,0.0,pvalloc_29nbfs_LRG2_max
5347,7443.361781683877,6366.254265180386,10947.735346870692,7443.361781683877,0.0,pvalloc_29nbfs_LRG2_max
5348,0.0,15989.730142980065,15989.730142980065,0.0,0.0,pvalloc_29nbfs_LRG2_max
5349,0.0,16826.715043934226,16826.715043934226,0.0,0.0,pvalloc_29nbfs_LRG2_max
5350,0.0,17455.218388780388,17455.218388780388,0.0,0.0,pvalloc_29nbfs_LRG2_max
5351,0.0,17312.601875985758,17312.601875985758,0.0,0.0,pvalloc_29nbfs_LRG2_max
5352,0.0,14414.143741518079,14414.143741518079,0.0,0.0,pvalloc_29nbfs_LRG2_max
5353,0.0,9954.172012300509,9954.172012300509,0.0,0.0,pvalloc_29nbfs_LRG2_max
5354,0.0,8448.308232531268,8448.308232531268,0.0,0.0,pvalloc_29nbfs_LRG2_max
5355,0.0,7461.470557932398,7461.470557932398,0.0,0.0,pvalloc_29nbfs_LRG2_max
5356,0.0,6904.553782501744,6904.553782501744,0.0,0.0,pvalloc_29nbfs_LRG2_max
5357,0.0,6785.528064411384,6785.528064411384,0.0,0.0,pvalloc_29nbfs_LRG2_max
5358,16.195403398354312,5398.072756214601,5398.302720090758,16.195403398354312,0.0,pvalloc_29nbfs_LRG2_max
5359,10622.151279943479,2700.543426850922,11465.564183266573,10622.151279943479,0.0,pvalloc_29nbfs_LRG2_max
5360,31815.033514461775,3036.8017381226646,32115.542711263326,31815.033514461775,0.0,pvalloc_29nbfs_LRG2_max
5361,51627.596504629604,4022.1010143291487,51931.15887230606,50503.68287183406,1123.913632795551,pvalloc_29nbfs_LRG2_max
5362,72711.17416011766,4119.9738989509415,72875.00902024504,66128.57396686451,6582.600193253077,pvalloc_29nbfs_LRG2_max
5363,86933.7906748958,4995.377289304871,87142.23397958398,74307.93421938027,12625.85645551554,pvalloc_29nbfs_LRG2_max
5364,84889.0057258723,5830.450350469811,85249.65029699952,73243.48739389506,11645.518331977251,pvalloc_29nbfs_LRG2_max
5365,87842.3615015821,6394.87917131566,88275.57547070824,74762.30491040884,13080.056591173266,pvalloc_29nbfs_LRG2_max
5366,90074.19725814457,5273.924362322149,90311.83777221985,75666.72617972767,14407.471078416918,pvalloc_29nbfs_LRG2_max
5367,81532.44121494718,4898.857876188463,81759.09335362141,71185.12665362377,10347.314561323421,pvalloc_29nbfs_LRG2_max
5368,67784.97144111562,4601.681758227547,68041.59652152563,62792.8037363738,4992.167704741756,pvalloc_29nbfs_LRG2_max
5369,48928.166777308215,4697.180464856512,49391.26996207313,48166.432934724195,761.7338425840256,pvalloc_29nbfs_LRG2_max
5370,28008.540964228803,4839.053150631963,29075.893826224157,28008.540964228803,0.0,pvalloc_29nbfs_LRG2_max
5371,9366.655168874408,5176.187990504635,11828.345959773784,9366.655168874408,0.0,pvalloc_29nbfs_LRG2_max
5372,0.0,16855.787799610614,16855.787799610614,0.0,0.0,pvalloc_29nbfs_LRG2_max
5373,0.0,17345.89249504484,17345.89249504484,0.0,0.0,pvalloc_29nbfs_LRG2_max
5374,0.0,16579.52219038973,16579.52219038973,0.0,0.0,pvalloc_29nbfs_LRG2_max
5375,0.0,15251.446364993699,15251.446364993699,0.0,0.0,pvalloc_29nbfs_LRG2_max
5376,0.0,13188.262672566276,13188.262672566276,0.0,0.0,pvalloc_29nbfs_LRG2_max
5377,0.0,11323.92566649367,11323.92566649367,0.0,0.0,pvalloc_29nbfs_LRG2_max
5378,0.0,9734.491596408214,9734.491596408214,0.0,0.0,pvalloc_29nbfs_LRG2_max
5379,0.0,8493.110696508547,8493.110696508547,0.0,0.0,pvalloc_29nbfs_LRG2_max
5380,0.0,7434.255107382791,7434.255107382791,0.0,0.0,pvalloc_29nbfs_LRG2_max
5381,0.0,7087.350693282779,7087.350693282779,0.0,0.0,pvalloc_29nbfs_LRG2_max
5382,6.533153492862324,5749.432166212452,5749.531557022293,6.533153492862324,0.0,pvalloc_29nbfs_LRG2_max
5383,10253.089152435665,2774.6402808222915,11158.377421032652,10253.089152435665,0.0,pvalloc_29nbfs_LRG2_max
5384,32069.44118536725,2885.7746978432046,32337.248531390713,32069.44118536725,0.0,pvalloc_29nbfs_LRG2_max
5385,54199.518778122765,3221.2361130058634,54344.90348913268,52631.36868149721,1568.1500966255471,pvalloc_29nbfs_LRG2_max
5386,72802.89746888253,3905.591703614229,72942.32852145494,66177.93796854287,6624.959500339677,pvalloc_29nbfs_LRG2_max
5387,88417.52974009581,4435.175258326069,88565.08933001754,74957.31795589025,13460.211784205581,pvalloc_29nbfs_LRG2_max
5388,85509.81002579107,5517.519517131233,85794.48438023745,73482.44776359767,12027.362262193397,pvalloc_29nbfs_LRG2_max
5389,89243.52868775485,5836.107047888888,89545.93391390842,75334.16547012616,13909.363217628666,pvalloc_29nbfs_LRG2_max
5390,85610.62608591001,6240.4198345594905,85999.78608694937,73445.3995779268,12165.226507983225,pvalloc_29nbfs_LRG2_max
5391,78814.73926096782,5604.3970177909005,79151.03972279024,69665.83748188468,9148.901779083124,pvalloc_29nbfs_LRG2_max
5392,64775.27696064303,5315.036893857516,65183.85800859725,60732.693763357594,4042.583197285444,pvalloc_29nbfs_LRG2_max
5393,45996.33365780098,5338.851380470912,46708.108816402506,45551.33409717071,444.9995606302697,pvalloc_29nbfs_LRG2_max
5394,27030.794302223378,4954.349497794458,28197.352304912303,27030.794302223378,0.0,pvalloc_29nbfs_LRG2_max
5395,6321.252603532916,7006.403851204051,10431.365431620012,6321.252603532916,0.0,pvalloc_29nbfs_LRG2_max
5396,0.0,17145.889040901176,17145.889040901176,0.0,0.0,pvalloc_29nbfs_LRG2_max
5397,0.0,18592.212130355496,18592.212130355496,0.0,0.0,pvalloc_29nbfs_LRG2_max
5398,0.0,17959.280865600802,17959.280865600802,0.0,0.0,pvalloc_29nbfs_LRG2_max
5399,0.0,15321.147510146637,15321.147510146637,0.0,0.0,pvalloc_29nbfs_LRG2_max
5400,0.0,13722.161589340783,13722.161589340783,0.0,0.0,pvalloc_29nbfs_LRG2_max
5401,0.0,10430.229263731499,10430.229263731499,0.0,0.0,pvalloc_29nbfs_LRG2_max
5402,0.0,8829.571873465273,8829.571873465273,0.0,0.0,pvalloc_29nbfs_LRG2_max
5403,0.0,7657.188196967487,7657.188196967487,0.0,0.0,pvalloc_29nbfs_LRG2_max
5404,0.0,7455.696363549953,7455.696363549953,0.0,0.0,pvalloc_29nbfs_LRG2_max
5405,0.0,7031.549107246737,7031.549107246737,0.0,0.0,pvalloc_29nbfs_LRG2_max
5406,2.0058477799919694,6089.696989029276,6089.744340021807,2.0058477799919694,0.0,pvalloc_29nbfs_LRG2_max
5407,10245.93150352214,2615.993425538907,11050.58389016406,10245.93150352214,0.0,pvalloc_29nbfs_LRG2_max
5408,29304.672275790825,3029.2969770331247,29643.64892660395,29304.672275790825,0.0,pvalloc_29nbfs_LRG2_max
5409,48763.14192584408,3991.84037239805,49079.81201982128,48069.19998207632,693.9419437677577,pvalloc_29nbfs_LRG2_max
5410,67045.33976495804,3843.1243629150567,67206.91166985499,62344.977361690675,4700.362403267291,pvalloc_29nbfs_LRG2_max
5411,74845.4287632078,4142.603796202026,75017.04761406501,67352.20228564231,7493.226477565526,pvalloc_29nbfs_LRG2_max
5412,63304.24688319133,5463.185717390726,63784.009074209236,59679.93719053062,3624.3096926607027,pvalloc_29nbfs_LRG2_max
5413,62770.8617707367,6094.511593957276,63401.1818151034,59232.44164898428,3538.420121752425,pvalloc_29nbfs_LRG2_max
5414,57274.18775200805,6035.829966965842,57998.382132608334,54903.2407378781,2370.9470141299535,pvalloc_29nbfs_LRG2_max
5415,46204.827999756744,5488.820000882321,46964.39386408326,45692.25167935963,512.576320397121,pvalloc_29nbfs_LRG2_max
5416,34368.270209902825,5014.580012419996,35258.92438765857,34318.64956096071,49.62064894210545,pvalloc_29nbfs_LRG2_max
5417,27438.567085878192,4820.670738444015,28492.245007729893,27438.567085878192,0.0,pvalloc_29nbfs_LRG2_max
5418,11358.357972379046,5234.44718821892,13693.261206499512,11358.357972379046,0.0,pvalloc_29nbfs_LRG2_max
5419,2517.191487284322,6575.7870292000935,7236.481966033891,2517.191487284322,0.0,pvalloc_29nbfs_LRG2_max
5420,0.0,14157.271802208628,14157.271802208628,0.0,0.0,pvalloc_29nbfs_LRG2_max
5421,0.0,16175.317955120869,16175.317955120869,0.0,0.0,pvalloc_29nbfs_LRG2_max
5422,0.0,16617.529616008724,16617.529616008724,0.0,0.0,pvalloc_29nbfs_LRG2_max
5423,0.0,15583.466132818583,15583.466132818583,0.0,0.0,pvalloc_29nbfs_LRG2_max
5424,0.0,13573.678772779584,13573.678772779584,0.0,0.0,pvalloc_29nbfs_LRG2_max
4920,0.0,11113.463869085279,11113.463869085279,0.0,0.0,pvalloc_29nbfs_LRG2_max_epzb0_50
4921,0.0,10737.831728562103,10737.831728562103,0.0,0.0,pvalloc_29nbfs_LRG2_max_epzb0_50
4922,0.0,10105.311448681487,10105.311448681487,0.0,0.0,pvalloc_29nbfs_LRG2_max_epzb0_50
4923,0.0,8120.094880445636,8120.094880445636,0.0,0.0,pvalloc_29nbfs_LRG2_max_epzb0_50
4924,0.0,7251.733657230992,7251.733657230992,0.0,0.0,pvalloc_29nbfs_LRG2_max_epzb0_50
4925,0.0,6971.075169345189,6971.075169345189,0.0,0.0,pvalloc_29nbfs_LRG2_max_epzb0_50
4926,823.2748987465586,3595.948522888376,3690.586087829296,823.2748987465586,0.0,pvalloc_29nbfs_LRG2_max_epzb0_50
4927,15761.106900329654,2536.17740725183,16268.788334891766,15761.106900329654,0.0,pvalloc_29nbfs_LRG2_max_epzb0_50
4928,35993.534744925084,2697.673870692492,36179.08378826494,35926.69807074363,66.83667418145438,pvalloc_29nbfs_LRG2_max_epzb0_50
4929,55367.047766201125,3337.713398370922,55523.43425610646,53601.68028047831,1765.3674857228102,pvalloc_29nbfs_LRG2_max_epzb0_50
4930,74389.00448922529,3562.6012679452247,74502.44459419855,67095.60425657404,7293.400232651296,pvalloc_29nbfs_LRG2_max_epzb0_50
4931,89315.77282747427,4071.960106704577,89444.2570569275,75340.60950998325,13975.163317491104,pvalloc_29nbfs_LRG2_max_epzb0_50
4932,74219.43704233703,5133.236144988752,74527.41853899363,66959.43272320964,7260.004319127411,pvalloc_29nbfs_LRG2_max_epzb0_50
4933,61765.68630264613,6642.072545989078,62612.50095811624,58534.43608569059,3231.2502169555337,pvalloc_29nbfs_LRG2_max_epzb0_50
4934,58390.60214618606,5487.491748121102,58935.18901173806,55851.375971752495,2539.226174433571,pvalloc_29nbfs_LRG2_max_epzb0_50
4935,50979.55754687982,5066.559422803235,51547.81474525087,49812.441790530516,1167.1157563492993,pvalloc_29nbfs_LRG2_max_epzb0_50
4936,50363.24619135618,4815.292352995168,50877.803030255454,49305.782861108884,1057.463330247274,pvalloc_29nbfs_LRG2_max_epzb0_50
4937,34084.96277209315,4267.070575984394,34735.168922285375,34042.6096916876,42.35308040555725,pvalloc_29nbfs_LRG2_max_epzb0_50
4938,16343.163522903895,3925.982030948329,17455.382620298773,16343.163522903895,0.0,pvalloc_29nbfs_LRG2_max_epzb0_50
4939,7179.161552280725,5151.691353844449,9873.278524130827,7179.161552280725,0.0,pvalloc_29nbfs_LRG2_max_epzb0_50
4940,295.92433312642953,8837.309674493663,8840.757040966831,295.92433312642953,0.0,pvalloc_29nbfs_LRG2_max_epzb0_50
4941,0.0,12714.325160437364,12714.325160437364,0.0,0.0,pvalloc_29nbfs_LRG2_max_epzb0_50
4942,0.0,13844.117670126652,13844.117670126652,0.0,0.0,pvalloc_29nbfs_LRG2_max_epzb0_50
4943,0.0,13190.081500942473,13190.081500942473,0.0,0.0,pvalloc_29nbfs_LRG2_max_epzb0_50
4944,0.0,15734.473543662867,15734.473543662867,0.0,0.0,pvalloc_29nbfs_LRG2_max_epzb0_50
4945,0.0,11843.652935827873,11843.652935827873,0.0,0.0,pvalloc_29nbfs_LRG2_max_epzb0_50
4946,0.0,9148.163406638314,9148.163406638314,0.0,0.0,pvalloc_29nbfs_LRG2_max_epzb0_50
4947,0.0,7889.191632688864,7889.191632688864,0.0,0.0,pvalloc_29nbfs_LRG2_max_epzb0_50
4948,0.0,7842.183829125384,7842.183829125384,0.0,0.0,pvalloc_29nbfs_LRG2_max_epzb0_50
4949,0.0,6888.334696423669,6888.334696423669,0.0,0.0,pvalloc_29nbfs_LRG2_max_epzb0_50
4950,7.630164813898893,5201.440524315459,5201.457836678413,7.630164813898893,0.0,pvalloc_29nbfs_LRG2_max_epzb0_50
4951,9123.359577542957,2539.218784311909,9969.54288008003,9123.359577542957,0.0,pvalloc_29nbfs_LRG2_max_epzb0_50
4952,30301.64867394834,2553.925534391742,30515.44851474744,30301.64867394834,0.0,pvalloc_29nbfs_LRG2_max_epzb0_50
4953,54003.84870065484,3006.4583955791904,54127.73177898609,52471.425749812326,1532.4229508425121,pvalloc_29nbfs_LRG2_max_epzb0_50
4954,75422.91002084824,3368.49167279604,75518.62526834047,67727.66320225237,7695.246818595866,pvalloc_29nbfs_LRG2_max_epzb0_50
4955,86705.4877820605,3615.6286274566723,86812.02642914507,73957.34818404139,12748.13959801915,pvalloc_29nbfs_LRG2_max_epzb0_50
4956,74735.41216412919,4604.106636530281,74961.23770859558,67277.82149637901,7457.590667750076,pvalloc_29nbfs_LRG2_max_epzb0_50
4957,50049.87123479438,4867.674908280133,50565.86758710779,49062.783469838556,987.0877649558156,pvalloc_29nbfs_LRG2_max_epzb0_50
4958,60895.39401291611,5005.6908713396115,61338.86535983459,57682.01279734691,3213.3812155692,pvalloc_29nbfs_LRG2_max_epzb0_50
4959,48570.561636723556,5048.514677181059,49207.90116642007,47748.62674176508,821.9348949584767,pvalloc_29nbfs_LRG2_max_epzb0_50
4960,44655.73871083075,4723.384405772619,45272.86713580442,44235.816962587916,419.9217482428392,pvalloc_29nbfs_LRG2_max_epzb0_50
4961,35979.112859932015,4805.490365614706,36783.24857555375,35881.266313607266,97.8465463247511,pvalloc_29nbfs_LRG2_max_epzb0_50
4962,19839.389571656662,4686.8994803463875,21183.74592581935,19839.389571656662,0.0,pvalloc_29nbfs_LRG2_max_epzb0_50
4963,9128.588034246779,6049.794321258882,12243.337456331712,9128.588034246779,0.0,pvalloc_29nbfs_LRG2_max_epzb0_50
4964,3.563318184466815,11428.224795175032,11428.224795175032,3.563318184466815,0.0,pvalloc_29nbfs_LRG2_max_epzb0_50
4965,0.0,21698.62752947297,21698.62752947297,0.0,0.0,pvalloc_29nbfs_LRG2_max_epzb0_50
4966,0.0,15054.66858054885,15054.66858054885,0.0,0.0,pvalloc_29nbfs_LRG2_max_epzb0_50
4967,0.0,14761.300435221638,14761.300435221638,0.0,0.0,pvalloc_29nbfs_LRG2_max_epzb0_50
4968,0.0,12492.27995856741,12492.27995856741,0.0,0.0,pvalloc_29nbfs_LRG2_max_epzb0_50
4969,0.0,10052.532145121633,10052.532145121633,0.0,0.0,pvalloc_29nbfs_LRG2_max_epzb0_50
4970,0.0,8034.332061846783,8034.332061846783,0.0,0.0,pvalloc_29nbfs_LRG2_max_epzb0_50
4971,0.0,7219.022230515399,7219.022230515399,0.0,0.0,pvalloc_29nbfs_LRG2_max_epzb0_50
4972,0.0,6689.043790452775,6689.043790452775,0.0,0.0,pvalloc_29nbfs_LRG2_max_epzb0_50
4973,0.0,6426.528200910121,6426.528200910121,0.0,0.0,pvalloc_29nbfs_LRG2_max_epzb0_50
4974,160.88618756197,3989.277533768142,3991.227282108324,160.88618756197,0.0,pvalloc_29nbfs_LRG2_max_epzb0_50
4975,10202.352116072918,2533.863436960752,10985.234159194579,10202.352116072918,0.0,pvalloc_29nbfs_LRG2_max_epzb0_50
4976,3134.4577268894323,2922.1295606449667,4786.375955663822,3134.4577268894323,0.0,pvalloc_29nbfs_LRG2_max_epzb0_50
4977,18337.484130928562,3138.7317369704533,19030.205090810698,18337.484130928562,0.0,pvalloc_29nbfs_LRG2_max_epzb0_50
4978,36175.430110538495,3432.362677312469,36531.57406694076,36083.95449327259,91.4756172659084,pvalloc_29nbfs_LRG2_max_epzb0_50
4979,57339.5675858458,3908.5420246439144,57571.27582609767,55090.508466582476,2249.059119263328,pvalloc_29nbfs_LRG2_max_epzb0_50
4980,59621.88752175106,4677.262283593027,59968.68568760671,56858.24091144965,2763.6466103014145,pvalloc_29nbfs_LRG2_max_epzb0_50
4981,62945.3282555935,5377.456919975482,63405.599776914714,59354.56002712164,3590.768228471871,pvalloc_29nbfs_LRG2_max_epzb0_50
4982,47635.257294675735,4925.851638023851,48238.95021890515,46948.219657863956,687.0376368117873,pvalloc_29nbfs_LRG2_max_epzb0_50
4983,52861.03002877118,5535.155472273724,53507.13334586536,51408.28726045798,1452.7427683131893,pvalloc_29nbfs_LRG2_max_epzb0_50
4984,42936.4477217747,4885.6334903708,43581.75437953996,42655.78903301464,280.65868876004856,pvalloc_29nbfs_LRG2_max_epzb0_50
4985,28497.180888462317,4366.907214130282,29331.58862849308,28497.180888462317,0.0,pvalloc_29nbfs_LRG2_max_epzb0_50
4986,22523.846855632208,4916.532320572227,23925.865362011566,22523.846855632208,0.0,pvalloc_29nbfs_LRG2_max_epzb0_50
4987,9973.078402748988,5113.852378233129,12424.329591891845,9973.078402748988,0.0,pvalloc_29nbfs_LRG2_max_epzb0_50
4988,1.7182988163036759,11602.666131390575,11602.666131390575,1.7182988163036759,0.0,pvalloc_29nbfs_LRG2_max_epzb0_50
4989,0.0,15306.207062822386,15306.207062822386,0.0,0.0,pvalloc_29nbfs_LRG2_max_epzb0_50
4990,0.0,18487.54111223772,18487.54111223772,0.0,0.0,pvalloc_29nbfs_LRG2_max_epzb0_50
4991,0.0,15678.910070087288,15678.910070087288,0.0,0.0,pvalloc_29nbfs_LRG2_max_epzb0_50
4992,0.0,12457.95010585332,12457.95010585332,0.0,0.0,pvalloc_29nbfs_LRG2_max_epzb0_50
4993,0.0,9566.57816566627,9566.57816566627,0.0,0.0,pvalloc_29nbfs_LRG2_max_epzb0_50
4994,0.0,8172.598108657662,8172.598108657662,0.0,0.0,pvalloc_29nbfs_LRG2_max_epzb0_50
4995,0.0,7275.373634775014,7275.373634775014,0.0,0.0,pvalloc_29nbfs_LRG2_max_epzb0_50
4996,0.0,6657.432000184344,6657.432000184344,0.0,0.0,pvalloc_29nbfs_LRG2_max_epzb0_50
4997,0.0,6227.23729493923,6227.23729493923,0.0,0.0,pvalloc_29nbfs_LRG2_max_epzb0_50
4998,408.9714486596659,3581.355863998329,3598.3199572272015,408.9714486596659,0.0,pvalloc_29nbfs_LRG2_max_epzb0_50
4999,14923.185110598972,2526.139742965027,15467.655984593062,14923.185110598972,0.0,pvalloc_29nbfs_LRG2_max_epzb0_50
5000,33566.41423226294,2776.320491881761,33792.18404027312,33555.81097674262,10.603255520320374,pvalloc_29nbfs_LRG2_max_epzb0_50
5001,52007.17956999361,3114.2508207473124,52153.71038790507,50795.804437861334,1211.3751321322918,pvalloc_29nbfs_LRG2_max_epzb0_50
5002,65699.70855031663,3224.9353412587966,65816.07597588806,61379.511744028496,4320.196806288116,pvalloc_29nbfs_LRG2_max_epzb0_50
5003,85563.77005890248,3939.99554511101,85687.98996809589,73400.37682625196,12163.393232650516,pvalloc_29nbfs_LRG2_max_epzb0_50
5004,83656.44294013217,4477.653714651568,83826.93621886369,72395.58749830165,11260.855441830421,pvalloc_29nbfs_LRG2_max_epzb0_50
5005,90114.7936995039,4606.119819868709,90290.97418241193,75707.09533025709,14407.698369246822,pvalloc_29nbfs_LRG2_max_epzb0_50
5006,83915.3251762008,4591.575677994486,84120.5801290607,72416.87515276931,11498.450023431567,pvalloc_29nbfs_LRG2_max_epzb0_50
5007,70142.58993536324,4609.121132756143,70403.17892510742,64294.30536380474,5848.28457155848,pvalloc_29nbfs_LRG2_max_epzb0_50
5008,55300.68527457377,4087.4296295402564,55595.6413006822,53409.14714387651,1891.5381306972608,pvalloc_29nbfs_LRG2_max_epzb0_50
5009,32729.47930797058,3834.1959784217956,33277.634514270125,32721.403804648948,8.075503321631004,pvalloc_29nbfs_LRG2_max_epzb0_50
5010,13738.594354651384,3957.762804413803,15068.562283973111,13738.594354651384,0.0,pvalloc_29nbfs_LRG2_max_epzb0_50
5011,2512.0838979244427,6082.811294540269,6859.496527482838,2512.0838979244427,0.0,pvalloc_29nbfs_LRG2_max_epzb0_50
5012,0.024958675141344665,13827.30938075146,13827.30938075146,0.024958675141344665,0.0,pvalloc_29nbfs_LRG2_max_epzb0_50
5013,0.0,14662.181682635239,14662.181682635239,0.0,0.0,pvalloc_29nbfs_LRG2_max_epzb0_50
5014,0.0,16274.799124460178,16274.799124460178,0.0,0.0,pvalloc_29nbfs_LRG2_max_epzb0_50
5015,0.0,15624.092956490871,15624.092956490871,0.0,0.0,pvalloc_29nbfs_LRG2_max_epzb0_50
5016,0.0,12724.185769730162,12724.185769730162,0.0,0.0,pvalloc_29nbfs_LRG2_max_epzb0_50
5017,0.0,10867.074894322572,10867.074894322572,0.0,0.0,pvalloc_29nbfs_LRG2_max_epzb0_50
5018,0.0,8769.371741640622,8769.371741640622,0.0,0.0,pvalloc_29nbfs_LRG2_max_epzb0_50
5019,0.0,7592.314610242441,7592.314610242441,0.0,0.0,pvalloc_29nbfs_LRG2_max_epzb0_50
5020,0.0,6804.494587055006,6804.494587055006,0.0,0.0,pvalloc_29nbfs_LRG2_max_epzb0_50
5021,0.0,6914.447201421454,6914.447201421454,0.0,0.0,pvalloc_29nbfs_LRG2_max_epzb0_50
5022,126.39100706720195,4156.842383223498,4158.414844696984,126.39100706720195,0.0,pvalloc_29nbfs_LRG2_max_epzb0_50
5023,10440.266412083005,2564.0082407771024,11233.193924893254,10440.266412083005,0.0,pvalloc_29nbfs_LRG2_max_epzb0_50
5024,21691.434707545213,2749.2831901447685,22113.861979575006,21691.434707545213,0.0,pvalloc_29nbfs_LRG2_max_epzb0_50
5025,18560.28232500919,3366.524718470419,19406.946824061284,18560.28232500919,0.0,pvalloc_29nbfs_LRG2_max_epzb0_50
5026,30574.41335670829,3798.822434131914,31186.436937497536,30574.41335670829,0.0,pvalloc_29nbfs_LRG2_max_epzb0_50
5027,65864.0333680031,3646.276810006886,66021.96041952772,61451.83504418228,4412.198323820825,pvalloc_29nbfs_LRG2_max_epzb0_50
5028,78968.78952047088,5326.200807003898,79295.99432697264,69855.43306774508,9113.356452725766,pvalloc_29nbfs_LRG2_max_epzb0_50
5029,52061.45337929457,5045.130769837702,52595.53968856714,50734.8185242034,1326.634855091181,pvalloc_29nbfs_LRG2_max_epzb0_50
5030,22715.387211993104,5836.5278733555515,24590.21482881206,22715.387211993104,0.0,pvalloc_29nbfs_LRG2_max_epzb0_50
5031,25365.597857805944,4959.705874462983,26611.90106384953,25365.597857805944,0.0,pvalloc_29nbfs_LRG2_max_epzb0_50
5032,33757.53753028191,4038.843141064403,34345.95987347499,33715.98711095689,41.55041932501075,pvalloc_29nbfs_LRG2_max_epzb0_50
5033,26713.140611361745,4129.357947998459,27518.19917193664,26713.140611361745,0.0,pvalloc_29nbfs_LRG2_max_epzb0_50
5034,16596.40852701258,4722.848853425575,18219.711072111386,16596.40852701258,0.0,pvalloc_29nbfs_LRG2_max_epzb0_50
5035,10218.522481127966,5389.651701666097,12754.628942207024,10218.522481127966,0.0,pvalloc_29nbfs_LRG2_max_epzb0_50
5036,10.52078403777668,10991.024393045918,10991.036828195074,10.52078403777668,0.0,pvalloc_29nbfs_LRG2_max_epzb0_50
5037,0.0,15623.399766375918,15623.399766375918,0.0,0.0,pvalloc_29nbfs_LRG2_max_epzb0_50
5038,0.0,16022.715362504954,16022.715362504954,0.0,0.0,pvalloc_29nbfs_LRG2_max_epzb0_50
5039,0.0,16439.75171535185,16439.75171535185,0.0,0.0,pvalloc_29nbfs_LRG2_max_epzb0_50
5040,0.0,12326.556850038327,12326.556850038327,0.0,0.0,pvalloc_29nbfs_LRG2_max_epzb0_50
5041,0.0,9488.472208125191,9488.472208125191,0.0,0.0,pvalloc_29nbfs_LRG2_max_epzb0_50
5042,0.0,8024.4353338224,8024.4353338224,0.0,0.0,pvalloc_29nbfs_LRG2_max_epzb0_50
5043,0.0,7253.657469496069,7253.657469496069,0.0,0.0,pvalloc_29nbfs_LRG2_max_epzb0_50
5044,0.0,6638.189465394041,6638.189465394041,0.0,0.0,pvalloc_29nbfs_LRG2_max_epzb0_50
5045,0.0,6441.096729282571,6441.096729282571,0.0,0.0,pvalloc_29nbfs_LRG2_max_epzb0_50
5046,126.95517114198033,4133.417490103246,4134.968779836814,126.95517114198033,0.0,pvalloc_29nbfs_LRG2_max_epzb0_50
5047,11295.693695673626,2640.9206415831586,12116.721623273343,11295.693695673626,0.0,pvalloc_29nbfs_LRG2_max_epzb0_50
5048,32387.71539612435,2959.7347420657243,32667.25956900769,32387.71539612435,0.0,pvalloc_29nbfs_LRG2_max_epzb0_50
5049,53143.931218395854,3327.325876872951,53312.58402084143,51766.57469794758,1377.3565204482636,pvalloc_29nbfs_LRG2_max_epzb0_50
5050,72236.9033393708,3408.9831087592515,72336.1680556769,65790.4415552119,6446.461784158893,pvalloc_29nbfs_LRG2_max_epzb0_50
5051,65844.91590405956,3813.9157006602827,66014.62577076734,61469.45341170949,4375.462492350046,pvalloc_29nbfs_LRG2_max_epzb0_50
5052,60333.34478743647,4447.679619991089,60628.56894038821,57423.09350333564,2910.2512841008324,pvalloc_29nbfs_LRG2_max_epzb0_50
5053,66920.97830506488,4710.457598639007,67209.08363821263,62169.47692793263,4751.5013771323465,pvalloc_29nbfs_LRG2_max_epzb0_50
5054,68046.92977192553,4590.30295417198,68321.49682010178,62857.36746537472,5189.56230655088,pvalloc_29nbfs_LRG2_max_epzb0_50
5055,57556.54958160417,4863.0380299778735,57970.09000469566,55196.913028475086,2359.6365531290867,pvalloc_29nbfs_LRG2_max_epzb0_50
5056,51407.6248366736,4304.692069080153,51768.190696168844,50219.21716359123,1188.4076730823747,pvalloc_29nbfs_LRG2_max_epzb0_50
5057,34343.60958678959,3724.90312644729,34832.87069345953,34300.04633620205,43.563250587550954,pvalloc_29nbfs_LRG2_max_epzb0_50
5058,12128.052318575757,3720.4746474914937,13405.2568809775,12128.052318575757,0.0,pvalloc_29nbfs_LRG2_max_epzb0_50
5059,6178.748557036301,4370.4212135623975,8407.243118363873,6178.748557036301,0.0,pvalloc_29nbfs_LRG2_max_epzb0_50
5060,212.87318140408732,7653.49274581756,7656.082902713289,212.87318140408732,0.0,pvalloc_29nbfs_LRG2_max_epzb0_50
5061,0.0,12442.644294585476,12442.644294585476,0.0,0.0,pvalloc_29nbfs_LRG2_max_epzb0_50
5062,0.0,12652.578225358759,12652.578225358759,0.0,0.0,pvalloc_29nbfs_LRG2_max_epzb0_50
5063,0.0,12878.862779430521,12878.862779430521,0.0,0.0,pvalloc_29nbfs_LRG2_max_epzb0_50
5064,0.0,12350.75565968853,12350.75565968853,0.0,0.0,pvalloc_29nbfs_LRG2_max_epzb0_50
5065,0.0,11097.685205202353,11097.685205202353,0.0,0.0,pvalloc_29nbfs_LRG2_max_epzb0_50
5066,0.0,9294.124150992036,9294.124150992036,0.0,0.0,pvalloc_29nbfs_LRG2_max_epzb0_50
5067,0.0,7868.8472553816255,7868.8472553816255,0.0,0.0,pvalloc_29nbfs_LRG2_max_epzb0_50
5068,0.0,6865.793803809358,6865.793803809358,0.0,0.0,pvalloc_29nbfs_LRG2_max_epzb0_50
5069,0.0,7046.117084101745,7046.117084101745,0.0,0.0,pvalloc_29nbfs_LRG2_max_epzb0_50
5070,117.71419725386401,4243.041210274895,4244.488174445461,117.71419725386401,0.0,pvalloc_29nbfs_LRG2_max_epzb0_50
5071,13180.690187327897,2495.2559013243617,13789.393647375962,13180.690187327897,0.0,pvalloc_29nbfs_LRG2_max_epzb0_50
5072,30181.171293113013,2796.4957435841047,30454.174913167735,30181.171293113013,0.0,pvalloc_29nbfs_LRG2_max_epzb0_50
5073,52406.005171026714,3195.8496119473175,52562.48478338661,51119.57008708536,1286.4350839413526,pvalloc_29nbfs_LRG2_max_epzb0_50
5074,69808.66264518753,3484.118363577304,69941.59723185998,64154.73972768332,5653.922917504163,pvalloc_29nbfs_LRG2_max_epzb0_50
5075,80378.96878632797,3901.8096541513964,80523.41614718262,70538.3825995748,9840.586186753155,pvalloc_29nbfs_LRG2_max_epzb0_50
5076,70884.8523713829,4437.940339085057,71109.7954805664,64830.46765574596,6054.384715636925,pvalloc_29nbfs_LRG2_max_epzb0_50
5077,62705.741687404094,4863.786800760867,63056.11623087426,59160.44095869527,3545.300728708811,pvalloc_29nbfs_LRG2_max_epzb0_50
5078,53273.37884932654,5048.202919372811,53807.64739469397,51715.95611032265,1557.4227390038732,pvalloc_29nbfs_LRG2_max_epzb0_50
5079,33084.25895893938,5064.25660385207,34066.774677990266,33056.05338832652,28.205570612864733,pvalloc_29nbfs_LRG2_max_epzb0_50
5080,36284.6540085089,4694.203042384828,37025.7569381151,36180.19836154129,104.45564696760499,pvalloc_29nbfs_LRG2_max_epzb0_50
5081,28589.086493533014,4457.295734560508,29459.876125078223,28589.086493533014,0.0,pvalloc_29nbfs_LRG2_max_epzb0_50
5082,16323.471015051597,4413.364251608364,17740.054859014934,16323.471015051597,0.0,pvalloc_29nbfs_LRG2_max_epzb0_50
5083,8592.35060378793,4732.6357132750745,10816.847355565245,8592.35060378793,0.0,pvalloc_29nbfs_LRG2_max_epzb0_50
5084,45.175650147077356,9039.144046220204,9039.421056251134,45.175650147077356,0.0,pvalloc_29nbfs_LRG2_max_epzb0_50
5085,0.0,14038.884071464146,14038.884071464146,0.0,0.0,pvalloc_29nbfs_LRG2_max_epzb0_50
5086,0.0,16707.678657408913,16707.678657408913,0.0,0.0,pvalloc_29nbfs_LRG2_max_epzb0_50
5087,0.0,14798.423471834056,14798.423471834056,0.0,0.0,pvalloc_29nbfs_LRG2_max_epzb0_50
5088,0.0,12920.992928294934,12920.992928294934,0.0,0.0,pvalloc_29nbfs_LRG2_max_epzb0_50
5089,0.0,9900.944565301277,9900.944565301277,0.0,0.0,pvalloc_29nbfs_LRG2_max_epzb0_50
5090,0.0,9389.785903685059,9389.785903685059,0.0,0.0,pvalloc_29nbfs_LRG2_max_epzb0_50
5091,0.0,7401.546438254426,7401.546438254426,0.0,0.0,pvalloc_29nbfs_LRG2_max_epzb0_50
5092,0.0,6692.067790682453,6692.067790682453,0.0,0.0,pvalloc_29nbfs_LRG2_max_epzb0_50
5093,0.0,6497.448685059626,6497.448685059626,0.0,0.0,pvalloc_29nbfs_LRG2_max_epzb0_50
5094,300.3330468680165,3841.277521376675,3845.1898348692303,300.3330468680165,0.0,pvalloc_29nbfs_LRG2_max_epzb0_50
5095,14805.170655288524,2371.8571179470146,15272.852934804461,14805.170655288524,0.0,pvalloc_29nbfs_LRG2_max_epzb0_50
5096,34807.07584856425,2366.6525124867158,34944.26246028952,34777.62856481994,29.44728374430747,pvalloc_29nbfs_LRG2_max_epzb0_50
5097,56894.96176105553,2793.7495415756457,56989.4011170151,54843.030328862005,2051.931432193535,pvalloc_29nbfs_LRG2_max_epzb0_50
5098,73786.44754550415,2917.7874019030673,73862.66107001601,66754.59814843585,7031.8493970682575,pvalloc_29nbfs_LRG2_max_epzb0_50
5099,89268.87036537802,3507.6209276939735,89369.7238993791,75287.97010447824,13980.900260899762,pvalloc_29nbfs_LRG2_max_epzb0_50
5100,75372.99479771694,4902.9287462278535,75629.08269849951,67645.55959984583,7727.435197871114,pvalloc_29nbfs_LRG2_max_epzb0_50
5101,66110.26024008168,5574.576965949215,66578.57503264956,61526.03337177508,4584.226868306619,pvalloc_29nbfs_LRG2_max_epzb0_50
5102,71194.69688410593,5661.266296450082,71658.34487306332,64857.9871277087,6336.709756397196,pvalloc_29nbfs_LRG2_max_epzb0_50
5103,64992.33441422629,5144.444677034908,65415.01916715627,60692.88598338965,4299.448430836646,pvalloc_29nbfs_LRG2_max_epzb0_50
5104,61184.95394949354,4940.659560117894,61615.39900577596,57896.923819784795,3288.0301297087417,pvalloc_29nbfs_LRG2_max_epzb0_50
5105,25872.300178764955,4796.887669031514,26939.079953875815,25872.300178764955,0.0,pvalloc_29nbfs_LRG2_max_epzb0_50
5106,6547.714191719327,5127.970183037567,9134.354478192598,6547.714191719327,0.0,pvalloc_29nbfs_LRG2_max_epzb0_50
5107,1418.141260231141,6931.541971997123,7053.474284988501,1418.141260231141,0.0,pvalloc_29nbfs_LRG2_max_epzb0_50
5108,0.5322380190158251,11343.906762375524,11343.906762375524,0.5322380190158251,0.0,pvalloc_29nbfs_LRG2_max_epzb0_50
5109,0.0,13173.891725783154,13173.891725783154,0.0,0.0,pvalloc_29nbfs_LRG2_max_epzb0_50
5110,0.0,13106.449704799226,13106.449704799226,0.0,0.0,pvalloc_29nbfs_LRG2_max_epzb0_50
5111,0.0,12603.245316458497,12603.245316458497,0.0,0.0,pvalloc_29nbfs_LRG2_max_epzb0_50
5112,0.0,10413.182078012225,10413.182078012225,0.0,0.0,pvalloc_29nbfs_LRG2_max_epzb0_50
5113,0.0,8993.403916155026,8993.403916155026,0.0,0.0,pvalloc_29nbfs_LRG2_max_epzb0_50
5114,0.0,7817.172615127088,7817.172615127088,0.0,0.0,pvalloc_29nbfs_LRG2_max_epzb0_50
5115,0.0,7187.960258470542,7187.960258470542,0.0,0.0,pvalloc_29nbfs_LRG2_max_epzb0_50
5116,0.0,6597.782238100715,6597.782238100715,0.0,0.0,pvalloc_29nbfs_LRG2_max_epzb0_50
5117,0.0,6653.582169584411,6653.582169584411,0.0,0.0,pvalloc_29nbfs_LRG2_max_epzb0_50
5118,143.7000842430687,4119.422796960268,4121.107600078567,143.7000842430687,0.0,pvalloc_29nbfs_LRG2_max_epzb0_50
5119,10269.102197513252,2358.5284474905116,10949.677096752861,10269.102197513252,0.0,pvalloc_29nbfs_LRG2_max_epzb0_50
5120,31156.8159843238,2382.3067329302644,31326.372641743852,31156.8159843238,0.0,pvalloc_29nbfs_LRG2_max_epzb0_50
5121,54454.39011928278,2713.301979556451,54551.391888143095,52867.48354338904,1586.906575893745,pvalloc_29nbfs_LRG2_max_epzb0_50
5122,70446.71134875334,3179.327036879668,70543.26765794738,64643.30874514555,5803.4026036078185,pvalloc_29nbfs_LRG2_max_epzb0_50
5123,88938.15419700505,3493.6375144956205,89022.4122484626,75200.51853780758,13737.635659197518,pvalloc_29nbfs_LRG2_max_epzb0_50
5124,88529.17506271685,4691.867477310958,88694.59481309219,75033.6821517616,13495.492910955267,pvalloc_29nbfs_LRG2_max_epzb0_50
5125,88451.07891865562,5520.369564697012,88716.34043567759,74917.09400858927,13533.98491006636,pvalloc_29nbfs_LRG2_max_epzb0_50
5126,82180.25604164466,5400.968245179484,82471.98519962565,71504.1955375131,10676.060504131576,pvalloc_29nbfs_LRG2_max_epzb0_50
5127,77618.7117463683,5317.016638458469,77937.7509371443,68890.1173666726,8728.594379695724,pvalloc_29nbfs_LRG2_max_epzb0_50
5128,68747.05107631708,4485.359516453065,69005.32375367876,63351.28839289713,5395.762683419893,pvalloc_29nbfs_LRG2_max_epzb0_50
5129,50415.760672238335,4326.719872495119,50801.13708788074,49387.426420432006,1028.3342518063405,pvalloc_29nbfs_LRG2_max_epzb0_50
5130,30854.202845713553,4874.759729002948,31803.018359904272,30854.202845713553,0.0,pvalloc_29nbfs_LRG2_max_epzb0_50
5131,12201.936610386161,4978.7684827358535,14327.721533143927,12201.936610386161,0.0,pvalloc_29nbfs_LRG2_max_epzb0_50
5132,1.366124555053964,11936.627941624438,11936.627941624438,1.366124555053964,0.0,pvalloc_29nbfs_LRG2_max_epzb0_50
5133,0.0,18228.216139042954,18228.216139042954,0.0,0.0,pvalloc_29nbfs_LRG2_max_epzb0_50
5134,0.0,18162.496361710335,18162.496361710335,0.0,0.0,pvalloc_29nbfs_LRG2_max_epzb0_50
5135,0.0,15581.301938822111,15581.301938822111,0.0,0.0,pvalloc_29nbfs_LRG2_max_epzb0_50
5136,0.0,13660.518661518498,13660.518661518498,0.0,0.0,pvalloc_29nbfs_LRG2_max_epzb0_50
5137,0.0,10358.480128423342,10358.480128423342,0.0,0.0,pvalloc_29nbfs_LRG2_max_epzb0_50
5138,0.0,8828.471133983232,8828.471133983232,0.0,0.0,pvalloc_29nbfs_LRG2_max_epzb0_50
5139,0.0,7213.798405873982,7213.798405873982,0.0,0.0,pvalloc_29nbfs_LRG2_max_epzb0_50
5140,0.0,6479.031429122139,6479.031429122139,0.0,0.0,pvalloc_29nbfs_LRG2_max_epzb0_50
5141,0.0,6403.16258096044,6403.16258096044,0.0,0.0,pvalloc_29nbfs_LRG2_max_epzb0_50
5142,125.53774508243492,4161.65533147249,4163.035416597829,125.53774508243492,0.0,pvalloc_29nbfs_LRG2_max_epzb0_50
5143,13308.399343391666,2354.877679090852,13828.206597959443,13308.399343391666,0.0,pvalloc_29nbfs_LRG2_max_epzb0_50
5144,33118.37085837943,2663.0430480674368,33317.63359907995,33118.37085837943,0.0,pvalloc_29nbfs_LRG2_max_epzb0_50
5145,53983.32713004162,3207.5999165323615,54125.07695498644,52478.522774201854,1504.8043558397776,pvalloc_29nbfs_LRG2_max_epzb0_50
5146,74375.55597360329,3327.914012860753,74472.54601002533,67146.12328501263,7229.432688590578,pvalloc_29nbfs_LRG2_max_epzb0_50
5147,87662.45591500406,4249.351243911639,87787.07666910127,74616.71756770034,13045.738347303757,pvalloc_29nbfs_LRG2_max_epzb0_50
5148,83278.02174059043,5794.710779425904,83645.15206099192,72369.27219796857,10908.749542621834,pvalloc_29nbfs_LRG2_max_epzb0_50
5149,88098.92453505329,5321.404284500162,88339.87191939147,74822.47687087058,13276.447664182704,pvalloc_29nbfs_LRG2_max_epzb0_50
5150,87703.42811942901,4495.582249972375,87895.10048846224,74416.14973565408,13287.278383774932,pvalloc_29nbfs_LRG2_max_epzb0_50
5151,75873.23492469004,5024.962520229271,76144.5219811474,67932.63111550028,7940.603809189763,pvalloc_29nbfs_LRG2_max_epzb0_50
5152,63211.70216423376,4265.274478016956,63456.94305867043,59538.49232102537,3673.209843208379,pvalloc_29nbfs_LRG2_max_epzb0_50
5153,45935.39269372442,3930.0708803767275,46263.07845677737,45497.3105777625,438.0821159619167,pvalloc_29nbfs_LRG2_max_epzb0_50
5154,30683.846585508953,3930.6956271101717,31272.54838170483,30683.846585508953,0.0,pvalloc_29nbfs_LRG2_max_epzb0_50
5155,10170.925685551272,5607.633364341802,12945.125795771268,10170.925685551272,0.0,pvalloc_29nbfs_LRG2_max_epzb0_50
5156,0.9827747758397187,13203.589257957372,13203.589257957372,0.9827747758397187,0.0,pvalloc_29nbfs_LRG2_max_epzb0_50
5157,0.0,16656.158247084175,16656.158247084175,0.0,0.0,pvalloc_29nbfs_LRG2_max_epzb0_50
5158,0.0,16956.666733188787,16956.666733188787,0.0,0.0,pvalloc_29nbfs_LRG2_max_epzb0_50
5159,0.0,13878.197386105796,13878.197386105796,0.0,0.0,pvalloc_29nbfs_LRG2_max_epzb0_50
5160,0.0,13359.709264488023,13359.709264488023,0.0,0.0,pvalloc_29nbfs_LRG2_max_epzb0_50
5161,0.0,9823.421723926975,9823.421723926975,0.0,0.0,pvalloc_29nbfs_LRG2_max_epzb0_50
5162,0.0,8004.918441437759,8004.918441437759,0.0,0.0,pvalloc_29nbfs_LRG2_max_epzb0_50
5163,0.0,7279.771629046192,7279.771629046192,0.0,0.0,pvalloc_29nbfs_LRG2_max_epzb0_50
5164,0.0,6702.512682378078,6702.512682378078,0.0,0.0,pvalloc_29nbfs_LRG2_max_epzb0_50
5165,0.0,6398.7645866892735,6398.7645866892735,0.0,0.0,pvalloc_29nbfs_LRG2_max_epzb0_50
5166,103.03462479133415,4348.781861187563,4349.882525259816,103.03462479133415,0.0,pvalloc_29nbfs_LRG2_max_epzb0_50
5167,12663.141091043359,2548.1193282802883,13328.715221929564,12663.141091043359,0.0,pvalloc_29nbfs_LRG2_max_epzb0_50
5168,33066.413944871616,2920.346052378153,33322.044688608534,33066.413944871616,0.0,pvalloc_29nbfs_LRG2_max_epzb0_50
5169,54917.82685553672,3160.4279501435108,55049.92439987648,53243.51736125374,1674.3094942829857,pvalloc_29nbfs_LRG2_max_epzb0_50
5170,74945.36104537427,3061.174518062367,75029.63270655627,67466.26318584454,7479.097859529782,pvalloc_29nbfs_LRG2_max_epzb0_50
5171,89755.01351514836,3764.981382726791,89854.8816933468,75618.72794101136,14136.285574137051,pvalloc_29nbfs_LRG2_max_epzb0_50
5172,84038.43328706012,4277.5207283813315,84197.83763039624,72607.41236399494,11431.020923065194,pvalloc_29nbfs_LRG2_max_epzb0_50
5173,78323.62987509232,4585.951895841775,78538.63852454913,69375.866533155,8947.763341937323,pvalloc_29nbfs_LRG2_max_epzb0_50
5174,88617.27763797579,4540.582135154189,88805.60388886787,74907.1015656059,13710.17607236991,pvalloc_29nbfs_LRG2_max_epzb0_50
5175,76366.1771626406,4721.904897412417,76613.27301551274,68184.8761974753,8181.300965165312,pvalloc_29nbfs_LRG2_max_epzb0_50
5176,61166.7460652041,4536.958581273707,61472.57453973247,57986.46557981503,3180.2804853890766,pvalloc_29nbfs_LRG2_max_epzb0_50
5177,41840.31704712088,4211.007171168648,42315.88233974571,41627.387070424586,212.929976696297,pvalloc_29nbfs_LRG2_max_epzb0_50
5178,22926.4694034345,4132.280378563468,23847.424895458607,22926.4694034345,0.0,pvalloc_29nbfs_LRG2_max_epzb0_50
5179,9384.310703405481,4311.818472311823,11202.44016876012,9384.310703405481,0.0,pvalloc_29nbfs_LRG2_max_epzb0_50
5180,20.144490337492673,9583.930513879804,9584.087475271228,20.144490337492673,0.0,pvalloc_29nbfs_LRG2_max_epzb0_50
5181,0.0,17958.547144614713,17958.547144614713,0.0,0.0,pvalloc_29nbfs_LRG2_max_epzb0_50
5182,0.0,15508.10589408956,15508.10589408956,0.0,0.0,pvalloc_29nbfs_LRG2_max_epzb0_50
5183,0.0,14273.897403473246,14273.897403473246,0.0,0.0,pvalloc_29nbfs_LRG2_max_epzb0_50
5184,0.0,13200.332246555767,13200.332246555767,0.0,0.0,pvalloc_29nbfs_LRG2_max_epzb0_50
5185,0.0,9638.325646422076,9638.325646422076,0.0,0.0,pvalloc_29nbfs_LRG2_max_epzb0_50
5186,0.0,8321.584507793394,8321.584507793394,0.0,0.0,pvalloc_29nbfs_LRG2_max_epzb0_50
5187,0.0,7169.817360127392,7169.817360127392,0.0,0.0,pvalloc_29nbfs_LRG2_max_epzb0_50
5188,0.0,7079.928698781938,7079.928698781938,0.0,0.0,pvalloc_29nbfs_LRG2_max_epzb0_50
5189,0.0,6529.334832922408,6529.334832922408,0.0,0.0,pvalloc_29nbfs_LRG2_max_epzb0_50
5190,43.782489245680004,4768.154662241517,4768.651044437282,43.782489245680004,0.0,pvalloc_29nbfs_LRG2_max_epzb0_50
5191,10377.982538137196,2502.16683733678,11128.50417619423,10377.982538137196,0.0,pvalloc_29nbfs_LRG2_max_epzb0_50
5192,27612.10987558332,2856.9898242442473,27934.436788046136,27612.10987558332,0.0,pvalloc_29nbfs_LRG2_max_epzb0_50
5193,49194.52789170748,3114.7818469413987,49349.562698296795,48457.27018469918,737.2577070083125,pvalloc_29nbfs_LRG2_max_epzb0_50
5194,62320.61679461504,3395.63020260158,62454.76568420149,58966.3134346012,3354.3033600138265,pvalloc_29nbfs_LRG2_max_epzb0_50
5195,70877.56664504444,4074.316383747143,71046.3673008362,64936.1165976249,5941.450047419522,pvalloc_29nbfs_LRG2_max_epzb0_50
5196,68350.75606337244,5045.480137379673,68688.20129221216,63283.73595370114,5067.020109671241,pvalloc_29nbfs_LRG2_max_epzb0_50
5197,72581.87316922714,4919.249376650326,72857.32866745722,65917.70147648721,6664.171692739944,pvalloc_29nbfs_LRG2_max_epzb0_50
5198,71331.97507503156,5430.985756601233,71703.31507097483,65105.137137511556,6226.837937519901,pvalloc_29nbfs_LRG2_max_epzb0_50
5199,70441.14854546257,4903.297134169033,70740.13264489062,64492.78261852403,5948.365926938547,pvalloc_29nbfs_LRG2_max_epzb0_50
5200,42354.76224340803,3815.0460923322316,42726.083458274006,42121.09769584564,233.66454756239858,pvalloc_29nbfs_LRG2_max_epzb0_50
5201,27215.772401568236,3804.963974615655,27863.425347812565,27215.772401568236,0.0,pvalloc_29nbfs_LRG2_max_epzb0_50
5202,13099.233531506747,4327.3577982693,14761.002152100704,13099.233531506747,0.0,pvalloc_29nbfs_LRG2_max_epzb0_50
5203,8220.590809448158,4805.830586149086,10540.059897331565,8220.590809448158,0.0,pvalloc_29nbfs_LRG2_max_epzb0_50
5204,0.0,15090.702182655958,15090.702182655958,0.0,0.0,pvalloc_29nbfs_LRG2_max_epzb0_50
5205,0.0,15791.348827533155,15791.348827533155,0.0,0.0,pvalloc_29nbfs_LRG2_max_epzb0_50
5206,0.0,15247.75572798058,15247.75572798058,0.0,0.0,pvalloc_29nbfs_LRG2_max_epzb0_50
5207,0.0,15008.22525066832,15008.22525066832,0.0,0.0,pvalloc_29nbfs_LRG2_max_epzb0_50
5208,0.0,12069.433844123945,12069.433844123945,0.0,0.0,pvalloc_29nbfs_LRG2_max_epzb0_50
5209,0.0,11145.876780548273,11145.876780548273,0.0,0.0,pvalloc_29nbfs_LRG2_max_epzb0_50
5210,0.0,8940.899584908117,8940.899584908117,0.0,0.0,pvalloc_29nbfs_LRG2_max_epzb0_50
5211,0.0,7874.895807358424,7874.895807358424,0.0,0.0,pvalloc_29nbfs_LRG2_max_epzb0_50
5212,0.0,7043.644556647981,7043.644556647981,0.0,0.0,pvalloc_29nbfs_LRG2_max_epzb0_50
5213,0.0,7125.558647681809,7125.558647681809,0.0,0.0,pvalloc_29nbfs_LRG2_max_epzb0_50
5214,3.6234911155437457,5734.053927283732,5734.125610579546,3.6234911155437457,0.0,pvalloc_29nbfs_LRG2_max_epzb0_50
5215,1654.0825468761789,3023.5036986605924,3676.043432135696,1654.0825468761789,0.0,pvalloc_29nbfs_LRG2_max_epzb0_50
5216,6111.639469719688,2945.0411549097694,7459.118462336079,6111.639469719688,0.0,pvalloc_29nbfs_LRG2_max_epzb0_50
5217,12205.16595654935,3187.7164239750514,13275.112514442542,12205.16595654935,0.0,pvalloc_29nbfs_LRG2_max_epzb0_50
5218,23893.746463299198,3307.406142344032,24454.275551155522,23893.746463299198,0.0,pvalloc_29nbfs_LRG2_max_epzb0_50
5219,28432.11147097903,3945.9746958280357,29100.992815001962,28432.11147097903,0.0,pvalloc_29nbfs_LRG2_max_epzb0_50
5220,21054.491436279222,5082.7666840228185,22719.24198798917,21054.491436279222,0.0,pvalloc_29nbfs_LRG2_max_epzb0_50
5221,45698.313150049915,4532.316330220247,46205.5776019194,45243.32113800643,454.99201204347554,pvalloc_29nbfs_LRG2_max_epzb0_50
5222,60417.318678056814,4698.695375006715,60772.51137822669,57382.11585366736,3035.202824389441,pvalloc_29nbfs_LRG2_max_epzb0_50
5223,47445.22898591932,4724.601124375608,47964.583890602546,46828.22901032174,616.999975597583,pvalloc_29nbfs_LRG2_max_epzb0_50
5224,47802.61339428633,4121.248395254566,48169.78879950157,47162.015552837554,640.5978414487854,pvalloc_29nbfs_LRG2_max_epzb0_50
5225,35801.37740449266,4199.546159019589,36377.32873487805,35732.96869693563,68.40870755702588,pvalloc_29nbfs_LRG2_max_epzb0_50
5226,24957.362110328988,4094.345374337589,25777.860220747152,24957.362110328988,0.0,pvalloc_29nbfs_LRG2_max_epzb0_50
5227,10270.694802432916,4773.3696278462,12373.799200768786,10270.694802432916,0.0,pvalloc_29nbfs_LRG2_max_epzb0_50
5228,0.2387984576302727,12343.441664265078,12343.441664265078,0.2387984576302727,0.0,pvalloc_29nbfs_LRG2_max_epzb0_50
5229,0.0,17463.787611216965,17463.787611216965,0.0,0.0,pvalloc_29nbfs_LRG2_max_epzb0_50
5230,0.0,16776.245765136624,16776.245765136624,0.0,0.0,pvalloc_29nbfs_LRG2_max_epzb0_50
5231,0.0,13863.094861205216,13863.094861205216,0.0,0.0,pvalloc_29nbfs_LRG2_max_epzb0_50
5232,0.0,12379.083196074876,12379.083196074876,0.0,0.0,pvalloc_29nbfs_LRG2_max_epzb0_50
5233,0.0,10840.796451126313,10840.796451126313,0.0,0.0,pvalloc_29nbfs_LRG2_max_epzb0_50
5234,0.0,8839.193140860432,8839.193140860432,0.0,0.0,pvalloc_29nbfs_LRG2_max_epzb0_50
5235,0.0,7691.549078353807,7691.549078353807,0.0,0.0,pvalloc_29nbfs_LRG2_max_epzb0_50
5236,0.0,6881.188714069509,6881.188714069509,0.0,0.0,pvalloc_29nbfs_LRG2_max_epzb0_50
5237,0.0,7020.828203404439,7020.828203404439,0.0,0.0,pvalloc_29nbfs_LRG2_max_epzb0_50
5238,66.5344745384868,4740.8706678439985,4741.555030661199,66.5344745384868,0.0,pvalloc_29nbfs_LRG2_max_epzb0_50
5239,11462.28573788573,2608.474824310752,12193.7800714121,11462.28573788573,0.0,pvalloc_29nbfs_LRG2_max_epzb0_50
5240,24407.309013161408,2926.80034950039,24812.354134614354,24407.309013161408,0.0,pvalloc_29nbfs_LRG2_max_epzb0_50
5241,48304.914842179336,3153.0013742233314,48470.435995031905,47672.06089359278,632.8539485865531,pvalloc_29nbfs_LRG2_max_epzb0_50
5242,62262.2351507887,3597.4293849203227,62415.25186327941,58921.36961421499,3340.865536573718,pvalloc_29nbfs_LRG2_max_epzb0_50
5243,68817.65802345352,3909.5264428483797,68983.95976861015,63524.767765461074,5292.890257992463,pvalloc_29nbfs_LRG2_max_epzb0_50
5244,56480.83930918978,4417.742615013537,56797.60599321604,54425.9092620642,2054.9300471255956,pvalloc_29nbfs_LRG2_max_epzb0_50
5245,54911.85399989424,4932.270239343676,55361.99333612782,53135.51469423142,1776.3393056628233,pvalloc_29nbfs_LRG2_max_epzb0_50
5246,51251.37157570771,4986.5006064929075,51800.064702368894,50046.264881111645,1205.1066945960565,pvalloc_29nbfs_LRG2_max_epzb0_50
5247,50995.42666808804,4681.045520196617,51471.39353665997,49845.175808305874,1150.2508597821627,pvalloc_29nbfs_LRG2_max_epzb0_50
5248,43371.36887783375,4129.336371668583,43828.72224775544,43073.79673940211,297.5721384316464,pvalloc_29nbfs_LRG2_max_epzb0_50
5249,35403.65535009443,4003.701165340032,35939.11919581355,35342.028682614764,61.62666747966625,pvalloc_29nbfs_LRG2_max_epzb0_50
5250,18125.64942865695,4538.429947247554,19492.870033824547,18125.64942865695,0.0,pvalloc_29nbfs_LRG2_max_epzb0_50
5251,8334.103785655776,5133.002720395237,10854.790853366361,8334.103785655776,0.0,pvalloc_29nbfs_LRG2_max_epzb0_50
5252,0.0,19000.07231077873,19000.07231077873,0.0,0.0,pvalloc_29nbfs_LRG2_max_epzb0_50
5253,0.0,19290.580116971654,19290.580116971654,0.0,0.0,pvalloc_29nbfs_LRG2_max_epzb0_50
5254,0.0,16835.26838147422,16835.26838147422,0.0,0.0,pvalloc_29nbfs_LRG2_max_epzb0_50
5255,0.0,14924.78827852718,14924.78827852718,0.0,0.0,pvalloc_29nbfs_LRG2_max_epzb0_50
5256,0.0,13381.168060104113,13381.168060104113,0.0,0.0,pvalloc_29nbfs_LRG2_max_epzb0_50
5257,0.0,10539.960012448035,10539.960012448035,0.0,0.0,pvalloc_29nbfs_LRG2_max_epzb0_50
5258,0.0,8429.066249258418,8429.066249258418,0.0,0.0,pvalloc_29nbfs_LRG2_max_epzb0_50
5259,0.0,7662.686930720702,7662.686930720702,0.0,0.0,pvalloc_29nbfs_LRG2_max_epzb0_50
5260,0.0,6987.56971605249,6987.56971605249,0.0,0.0,pvalloc_29nbfs_LRG2_max_epzb0_50
5261,0.0,6946.060646242223,6946.060646242223,0.0,0.0,pvalloc_29nbfs_LRG2_max_epzb0_50
5262,58.78789401386328,4987.4397340896585,4988.062803016803,58.78789401386328,0.0,pvalloc_29nbfs_LRG2_max_epzb0_50
5263,12691.006844809344,2562.9037711213937,13330.141350939008,12691.006844809344,0.0,pvalloc_29nbfs_LRG2_max_epzb0_50
5264,33508.51159363921,2855.923357984155,33744.66884676715,33504.43196953009,4.079624109124609,pvalloc_29nbfs_LRG2_max_epzb0_50
5265,56203.45452260067,2947.0176030192715,56315.999093300044,54282.029252637694,1921.425269962956,pvalloc_29nbfs_LRG2_max_epzb0_50
5266,75231.7898831321,3724.1807256003804,75348.5169803136,67681.94747933961,7549.842403792523,pvalloc_29nbfs_LRG2_max_epzb0_50
5267,88835.00276158472,4799.891194054181,89005.21788721989,75237.83782506277,13597.164936521966,pvalloc_29nbfs_LRG2_max_epzb0_50
5268,86128.40543166173,5847.823697744466,86463.19503987102,73818.74622768421,12309.659203977451,pvalloc_29nbfs_LRG2_max_epzb0_50
5269,91025.66253239289,5814.373056847967,91315.58047270405,76239.16945358022,14786.49307881261,pvalloc_29nbfs_LRG2_max_epzb0_50
5270,91510.99919611738,5228.389878327345,91780.45161652446,76216.63791776977,15294.361278347627,pvalloc_29nbfs_LRG2_max_epzb0_50
5271,83053.74575146251,5019.988409802839,83315.66603432377,71928.77578157854,11124.969969884021,pvalloc_29nbfs_LRG2_max_epzb0_50
5272,69196.46474899577,4778.319442898873,69484.19787461616,63666.797037252065,5529.667711743643,pvalloc_29nbfs_LRG2_max_epzb0_50
5273,52128.63392048044,4342.688132370841,52504.499674616745,50813.724758673095,1314.9091618073428,pvalloc_29nbfs_LRG2_max_epzb0_50
5274,31265.21441734382,4443.009972979089,32030.114706959186,31265.21441734382,0.0,pvalloc_29nbfs_LRG2_max_epzb0_50
5275,12675.364068297045,4708.625536535439,14449.102067432057,12675.364068297045,0.0,pvalloc_29nbfs_LRG2_max_epzb0_50
5276,0.001144878417680309,16107.985127369893,16107.985127369893,0.001144878417680309,0.0,pvalloc_29nbfs_LRG2_max_epzb0_50
5277,0.0,16661.54003587522,16661.54003587522,0.0,0.0,pvalloc_29nbfs_LRG2_max_epzb0_50
5278,0.0,16071.87963882066,16071.87963882066,0.0,0.0,pvalloc_29nbfs_LRG2_max_epzb0_50
5279,0.0,16513.61501158644,16513.61501158644,0.0,0.0,pvalloc_29nbfs_LRG2_max_epzb0_50
5280,0.0,14223.402737580196,14223.402737580196,0.0,0.0,pvalloc_29nbfs_LRG2_max_epzb0_50
5281,0.0,10189.901163932846,10189.901163932846,0.0,0.0,pvalloc_29nbfs_LRG2_max_epzb0_50
5282,0.0,9219.908618123189,9219.908618123189,0.0,0.0,pvalloc_29nbfs_LRG2_max_epzb0_50
5283,0.0,8077.212368111324,8077.212368111324,0.0,0.0,pvalloc_29nbfs_LRG2_max_epzb0_50
5284,0.0,7416.388772703774,7416.388772703774,0.0,0.0,pvalloc_29nbfs_LRG2_max_epzb0_50
5285,0.0,7104.393955178768,7104.393955178768,0.0,0.0,pvalloc_29nbfs_LRG2_max_epzb0_50
5286,19.601621382549702,5505.3535978426125,5505.616126577247,19.601621382549702,0.0,pvalloc_29nbfs_LRG2_max_epzb0_50
5287,11800.31259737084,2604.3240923986828,12507.376665459591,11800.31259737084,0.0,pvalloc_29nbfs_LRG2_max_epzb0_50
5288,33675.00334865665,2762.636376846415,33890.98135354197,33668.592007559,6.411341097658919,pvalloc_29nbfs_LRG2_max_epzb0_50
5289,55890.58013671399,2764.818686950143,55991.563207362284,54028.69718262351,1861.882954090483,pvalloc_29nbfs_LRG2_max_epzb0_50
5290,74189.28286687998,3621.1934035451072,74299.21673834715,67055.25360302364,7134.029263856378,pvalloc_29nbfs_LRG2_max_epzb0_50
5291,90223.42743408418,4049.624798751081,90345.81854558193,75840.28503170797,14383.14240237624,pvalloc_29nbfs_LRG2_max_epzb0_50
5292,85621.42529394772,5618.687961447721,85923.09010874252,73555.03124446,12066.394049487722,pvalloc_29nbfs_LRG2_max_epzb0_50
5293,91374.84420322685,5532.553255791078,91634.67017962853,76303.19826429804,15071.645938928794,pvalloc_29nbfs_LRG2_max_epzb0_50
5294,86753.64283876496,6652.282723875883,87210.20520506392,73908.17760990703,12845.465228857958,pvalloc_29nbfs_LRG2_max_epzb0_50
5295,80013.57863087126,6058.202216228881,80436.28264976274,70227.76879258256,9785.80983828872,pvalloc_29nbfs_LRG2_max_epzb0_50
5296,65449.199181035234,6116.163574127217,66037.8169366875,61109.42165518076,4339.777525854453,pvalloc_29nbfs_LRG2_max_epzb0_50
5297,49699.84860881901,5439.052214008531,50392.01199662337,48727.68594578982,972.1626630291861,pvalloc_29nbfs_LRG2_max_epzb0_50
5298,29311.217987274864,5432.908519488778,30516.367072606514,29311.217987274864,0.0,pvalloc_29nbfs_LRG2_max_epzb0_50
5299,8808.867920931507,6467.599027829914,12180.662161468706,8808.867920931507,0.0,pvalloc_29nbfs_LRG2_max_epzb0_50
5300,0.002782290935076717,16914.978055598556,16914.978055598556,0.002782290935076717,0.0,pvalloc_29nbfs_LRG2_max_epzb0_50
5301,0.0,19664.8737674663,19664.8737674663,0.0,0.0,pvalloc_29nbfs_LRG2_max_epzb0_50
5302,0.0,21717.297616531436,21717.297616531436,0.0,0.0,pvalloc_29nbfs_LRG2_max_epzb0_50
5303,0.0,17214.825474050005,17214.825474050005,0.0,0.0,pvalloc_29nbfs_LRG2_max_epzb0_50
5304,0.0,12578.207549128692,12578.207549128692,0.0,0.0,pvalloc_29nbfs_LRG2_max_epzb0_50
5305,0.0,10294.109997870488,10294.109997870488,0.0,0.0,pvalloc_29nbfs_LRG2_max_epzb0_50
5306,0.0,8325.709247505114,8325.709247505114,0.0,0.0,pvalloc_29nbfs_LRG2_max_epzb0_50
5307,0.0,7293.515981600715,7293.515981600715,0.0,0.0,pvalloc_29nbfs_LRG2_max_epzb0_50
5308,0.0,6735.774478834689,6735.774478834689,0.0,0.0,pvalloc_29nbfs_LRG2_max_epzb0_50
5309,0.0,6710.483943585053,6710.483943585053,0.0,0.0,pvalloc_29nbfs_LRG2_max_epzb0_50
5310,30.29633722068648,4984.83459700199,4985.219722442664,30.29633722068648,0.0,pvalloc_29nbfs_LRG2_max_epzb0_50
5311,11752.501459917592,2510.459707428693,12420.34964651237,11752.501459917592,0.0,pvalloc_29nbfs_LRG2_max_epzb0_50
5312,32872.19848965436,2874.191419190469,33121.06290833608,32872.19848965436,0.0,pvalloc_29nbfs_LRG2_max_epzb0_50
5313,54819.98858128513,3219.6083908883206,54960.484339600305,53154.5875387001,1665.4010425850372,pvalloc_29nbfs_LRG2_max_epzb0_50
5314,74964.06433106109,3688.513427694864,75089.97526468475,67484.95258969927,7479.111741361887,pvalloc_29nbfs_LRG2_max_epzb0_50
5315,91198.76192485535,3849.54902573005,91311.28821559649,76295.80513530082,14902.956789554559,pvalloc_29nbfs_LRG2_max_epzb0_50
5316,85242.62287116263,5912.741404350889,85593.05853501492,73337.61331371337,11905.009557449233,pvalloc_29nbfs_LRG2_max_epzb0_50
5317,90967.39997103064,5414.898399191298,91207.15200442294,76180.69413031478,14786.705840715911,pvalloc_29nbfs_LRG2_max_epzb0_50
5318,88571.42524113915,5552.751468911757,88843.23705568035,74905.28816947881,13666.137071660367,pvalloc_29nbfs_LRG2_max_epzb0_50
5319,82026.12872798613,4916.794441733442,82259.68750835136,71430.69854130945,10595.430186676627,pvalloc_29nbfs_LRG2_max_epzb0_50
5320,67944.40493137516,4825.435749296604,68242.5318814494,62836.51996338697,5107.88496798824,pvalloc_29nbfs_LRG2_max_epzb0_50
5321,50061.65028303596,4697.238876115857,50519.20447802289,49100.869845019675,960.7804380162762,pvalloc_29nbfs_LRG2_max_epzb0_50
5322,31971.091925798268,3954.719119521403,32565.815711080566,31971.091925798268,0.0,pvalloc_29nbfs_LRG2_max_epzb0_50
5323,10837.45137350314,4741.765973440981,12904.701437144482,10837.45137350314,0.0,pvalloc_29nbfs_LRG2_max_epzb0_50
5324,0.6169206341999021,11780.348677404621,11780.348677404621,0.6169206341999021,0.0,pvalloc_29nbfs_LRG2_max_epzb0_50
5325,0.0,17798.4514230697,17798.4514230697,0.0,0.0,pvalloc_29nbfs_LRG2_max_epzb0_50
5326,0.0,19605.334016129706,19605.334016129706,0.0,0.0,pvalloc_29nbfs_LRG2_max_epzb0_50
5327,0.0,17993.3392447101,17993.3392447101,0.0,0.0,pvalloc_29nbfs_LRG2_max_epzb0_50
5328,0.0,14499.905393880887,14499.905393880887,0.0,0.0,pvalloc_29nbfs_LRG2_max_epzb0_50
5329,0.0,10706.798579119697,10706.798579119697,0.0,0.0,pvalloc_29nbfs_LRG2_max_epzb0_50
5330,0.0,8691.30527513696,8691.30527513696,0.0,0.0,pvalloc_29nbfs_LRG2_max_epzb0_50
5331,0.0,7299.838339654399,7299.838339654399,0.0,0.0,pvalloc_29nbfs_LRG2_max_epzb0_50
5332,0.0,6942.486827788975,6942.486827788975,0.0,0.0,pvalloc_29nbfs_LRG2_max_epzb0_50
5333,0.0,6828.1340130815815,6828.1340130815815,0.0,0.0,pvalloc_29nbfs_LRG2_max_epzb0_50
5334,10.252214905736839,5417.785841121374,5417.921431701775,10.252214905736839,0.0,pvalloc_29nbfs_LRG2_max_epzb0_50
5335,10506.184707232924,2805.669202293684,11439.592911691376,10506.184707232924,0.0,pvalloc_29nbfs_LRG2_max_epzb0_50
5336,31590.90830544272,3234.2584163753477,31946.185389107854,31590.90830544272,0.0,pvalloc_29nbfs_LRG2_max_epzb0_50
5337,53931.004825743235,3412.4529666492467,54099.658753068536,52416.37055762886,1514.6342681143592,pvalloc_29nbfs_LRG2_max_epzb0_50
5338,73880.13698240068,3725.339794980541,74007.45788978558,66835.05190658625,7045.085075814498,pvalloc_29nbfs_LRG2_max_epzb0_50
5339,89054.86724848895,4022.8559490258535,89172.17236614929,75276.24807461062,13778.619173878296,pvalloc_29nbfs_LRG2_max_epzb0_50
5340,84368.99923066226,5739.866137209854,84717.97354787608,72963.45972200506,11405.539508657259,pvalloc_29nbfs_LRG2_max_epzb0_50
5341,88667.44575828119,5708.3125984479,88958.1791109217,75096.97783998496,13570.46791829629,pvalloc_29nbfs_LRG2_max_epzb0_50
5342,85479.5295633429,6552.191424627519,85937.68114566688,73431.6494222385,12047.88014110436,pvalloc_29nbfs_LRG2_max_epzb0_50
5343,80358.73138854041,5458.920982125165,80668.92591262817,70486.65787432993,9872.073514210468,pvalloc_29nbfs_LRG2_max_epzb0_50
5344,68390.59800371298,4524.157448710913,68648.45611283633,63128.43058883535,5262.16741487755,pvalloc_29nbfs_LRG2_max_epzb0_50
5345,48969.65940502947,4481.25402581536,49392.42504823554,48179.37692243512,790.2824825943503,pvalloc_29nbfs_LRG2_max_epzb0_50
5346,29293.420079097607,4463.910988125636,30121.178065009797,29293.420079097607,0.0,pvalloc_29nbfs_LRG2_max_epzb0_50
5347,7443.1926237607,6364.454991169173,10947.268606054504,7443.1926237607,0.0,pvalloc_29nbfs_LRG2_max_epzb0_50
5348,0.0,15989.624525532165,15989.624525532165,0.0,0.0,pvalloc_29nbfs_LRG2_max_epzb0_50
5349,0.0,16826.715043934226,16826.715043934226,0.0,0.0,pvalloc_29nbfs_LRG2_max_epzb0_50
5350,0.0,17455.218388780388,17455.218388780388,0.0,0.0,pvalloc_29nbfs_LRG2_max_epzb0_50
5351,0.0,17312.601875985754,17312.601875985754,0.0,0.0,pvalloc_29nbfs_LRG2_max_epzb0_50
5352,0.0,14414.143741518079,14414.143741518079,0.0,0.0,pvalloc_29nbfs_LRG2_max_epzb0_50
5353,0.0,9954.172012300509,9954.172012300509,0.0,0.0,pvalloc_29nbfs_LRG2_max_epzb0_50
5354,0.0,8448.308232531268,8448.308232531268,0.0,0.0,pvalloc_29nbfs_LRG2_max_epzb0_50
5355,0.0,7461.470557932399,7461.470557932399,0.0,0.0,pvalloc_29nbfs_LRG2_max_epzb0_50
5356,0.0,6904.553782501744,6904.553782501744,0.0,0.0,pvalloc_29nbfs_LRG2_max_epzb0_50
5357,0.0,6785.528064411385,6785.528064411385,0.0,0.0,pvalloc_29nbfs_LRG2_max_epzb0_50
5358,16.195955464624113,5398.032055539812,5398.26201941597,16.195955464624113,0.0,pvalloc_29nbfs_LRG2_max_epzb0_50
5359,10623.075272364247,2700.162774873393,11465.718513394628,10623.075272364247,0.0,pvalloc_29nbfs_LRG2_max_epzb0_50
5360,31818.033722386604,3036.40896048142,32118.863650195322,31818.033722386604,0.0,pvalloc_29nbfs_LRG2_max_epzb0_50
5361,51632.4384840749,4021.355996766954,51936.5885844639,50509.35477140485,1123.0837126700542,pvalloc_29nbfs_LRG2_max_epzb0_50
5362,72718.06799520628,4119.283662091849,72882.19600940018,66134.84536833547,6583.222626870696,pvalloc_29nbfs_LRG2_max_epzb0_50
5363,86942.01794212511,4994.413148930265,87150.58572601885,74311.87428286641,12630.143659258672,pvalloc_29nbfs_LRG2_max_epzb0_50
5364,84897.05991078382,5829.299955704658,85258.57257621559,73247.30723857366,11649.752672210145,pvalloc_29nbfs_LRG2_max_epzb0_50
5365,87850.72465152561,6393.657561636473,88284.85325033702,74766.36683106347,13084.357820462152,pvalloc_29nbfs_LRG2_max_epzb0_50
5366,90082.91772537366,5273.29986230678,90320.9211101261,75671.61392416895,14411.303801204664,pvalloc_29nbfs_LRG2_max_epzb0_50
5367,81540.31850903587,4898.266244594956,81767.0314729667,71190.51878634453,10349.7997226914,pvalloc_29nbfs_LRG2_max_epzb0_50
5368,67791.50720415433,4601.101082774657,68048.26882027408,62799.12307669179,4992.3841274625265,pvalloc_29nbfs_LRG2_max_epzb0_50
5369,48932.87318302022,4696.523096419281,49396.443702500306,48171.89955153643,760.9736314837954,pvalloc_29nbfs_LRG2_max_epzb0_50
5370,28011.483314942885,4838.6079070582655,29078.906327528177,28011.483314942885,0.0,pvalloc_29nbfs_LRG2_max_epzb0_50
5371,9367.249855973343,5175.203975590995,11828.310865975727,9367.249855973343,0.0,pvalloc_29nbfs_LRG2_max_epzb0_50
5372,0.0,16855.71443065966,16855.71443065966,0.0,0.0,pvalloc_29nbfs_LRG2_max_epzb0_50
5373,0.0,17345.89249504484,17345.89249504484,0.0,0.0,pvalloc_29nbfs_LRG2_max_epzb0_50
5374,0.0,16579.52219038973,16579.52219038973,0.0,0.0,pvalloc_29nbfs_LRG2_max_epzb0_50
5375,0.0,15251.446364993697,15251.446364993697,0.0,0.0,pvalloc_29nbfs_LRG2_max_epzb0_50
5376,0.0,13188.262672566278,13188.262672566278,0.0,0.0,pvalloc_29nbfs_LRG2_max_epzb0_50
5377,0.0,11323.92566649367,11323.92566649367,0.0,0.0,pvalloc_29nbfs_LRG2_max_epzb0_50
5378,0.0,9734.491596408214,9734.491596408214,0.0,0.0,pvalloc_29nbfs_LRG2_max_epzb0_50
5379,0.0,8493.11069650855,8493.11069650855,0.0,0.0,pvalloc_29nbfs_LRG2_max_epzb0_50
5380,0.0,7434.25510738279,7434.25510738279,0.0,0.0,pvalloc_29nbfs_LRG2_max_epzb0_50
5381,0.0,7087.35069328278,7087.35069328278,0.0,0.0,pvalloc_29nbfs_LRG2_max_epzb0_50
5382,6.533839138613661,5749.3923762397835,5749.491767049624,6.533839138613661,0.0,pvalloc_29nbfs_LRG2_max_epzb0_50
5383,10253.962890767043,2774.235081793083,11158.495644023313,10253.962890767043,0.0,pvalloc_29nbfs_LRG2_max_epzb0_50
5384,32072.486099404145,2885.4651868706756,32340.52474064115,32072.486099404145,0.0,pvalloc_29nbfs_LRG2_max_epzb0_50
5385,54204.67085624032,3220.8269011536877,54350.14554599372,52637.146683779094,1567.5241724612167,pvalloc_29nbfs_LRG2_max_epzb0_50
5386,72809.80737069952,3904.9672035988597,72949.34921999773,66184.22922441004,6625.578146289495,pvalloc_29nbfs_LRG2_max_epzb0_50
5387,88425.97380463044,4434.517889888837,88573.64323453119,74961.19416136059,13464.779643269809,pvalloc_29nbfs_LRG2_max_epzb0_50
5388,85517.98217098045,5516.58276710818,85802.781406788,73485.71805446756,12032.264116512884,pvalloc_29nbfs_LRG2_max_epzb0_50
5389,89252.12300137382,5835.246990850177,89554.83529908308,75338.2170579108,13913.905943463014,pvalloc_29nbfs_LRG2_max_epzb0_50
5390,85618.8792082682,6239.483084536436,86008.64812036205,73448.71222622348,12170.166982044684,pvalloc_29nbfs_LRG2_max_epzb0_50
5391,78822.36939969924,5603.673912509947,79159.07208969104,69672.13192451607,9150.237475183141,pvalloc_29nbfs_LRG2_max_epzb0_50
5392,64781.50983008362,5314.259007873459,65190.4365573082,60739.65969297171,4041.85013711192,pvalloc_29nbfs_LRG2_max_epzb0_50
5393,46000.728395364604,5337.97488922127,46712.508591956954,45555.80221757087,444.92617779372955,pvalloc_29nbfs_LRG2_max_epzb0_50
5394,27033.667167159074,4953.9057470084745,28200.155308890455,27033.667167159074,0.0,pvalloc_29nbfs_LRG2_max_epzb0_50
5395,6320.872608533794,7004.458405419614,10430.396237930736,6320.872608533794,0.0,pvalloc_29nbfs_LRG2_max_epzb0_50
5396,0.0,17145.81567195022,17145.81567195022,0.0,0.0,pvalloc_29nbfs_LRG2_max_epzb0_50
5397,0.0,18592.212130355496,18592.212130355496,0.0,0.0,pvalloc_29nbfs_LRG2_max_epzb0_50
5398,0.0,17959.2808656008,17959.2808656008,0.0,0.0,pvalloc_29nbfs_LRG2_max_epzb0_50
5399,0.0,15321.147510146637,15321.147510146637,0.0,0.0,pvalloc_29nbfs_LRG2_max_epzb0_50
5400,0.0,13722.161589340783,13722.161589340783,0.0,0.0,pvalloc_29nbfs_LRG2_max_epzb0_50
5401,0.0,10430.229263731499,10430.229263731499,0.0,0.0,pvalloc_29nbfs_LRG2_max_epzb0_50
5402,0.0,8829.571873465273,8829.571873465273,0.0,0.0,pvalloc_29nbfs_LRG2_max_epzb0_50
5403,0.0,7657.188196967488,7657.188196967488,0.0,0.0,pvalloc_29nbfs_LRG2_max_epzb0_50
5404,0.0,7455.696363549953,7455.696363549953,0.0,0.0,pvalloc_29nbfs_LRG2_max_epzb0_50
5405,0.0,7031.549107246737,7031.549107246737,0.0,0.0,pvalloc_29nbfs_LRG2_max_epzb0_50
5406,2.000518643005352,6089.649081824863,6089.6964328173935,2.000518643005352,0.0,pvalloc_29nbfs_LRG2_max_epzb0_50
5407,10246.810033618838,2615.6333227918044,11050.827984381714,10246.810033618838,0.0,pvalloc_29nbfs_LRG2_max_epzb0_50
5408,29307.41436550637,3028.8959822864135,29646.696644050637,29307.41436550637,0.0,pvalloc_29nbfs_LRG2_max_epzb0_50
5409,48767.710811802775,3991.1556136092663,49084.85855959333,48074.41190801677,693.2989037860004,pvalloc_29nbfs_LRG2_max_epzb0_50
5410,67051.68042169801,3842.5907988668378,67213.34360054175,62351.21545593328,4700.464965764692,pvalloc_29nbfs_LRG2_max_epzb0_50
5411,74852.49527027654,4142.077901452241,75024.42080733558,67358.7902041033,7493.705066173358,pvalloc_29nbfs_LRG2_max_epzb0_50
5412,63310.14027081719,5462.248967367669,63790.62492381926,59686.62603516645,3623.514235650728,pvalloc_29nbfs_LRG2_max_epzb0_50
5413,62776.74111064024,6093.536497442051,63407.76275146435,59239.1374653228,3537.6036453174515,pvalloc_29nbfs_LRG2_max_epzb0_50
5414,57279.71420914827,6035.216423091092,58004.36353353612,54910.04702249184,2369.667186656424,pvalloc_29nbfs_LRG2_max_epzb0_50
5415,46209.20724841142,5488.190022796642,46969.282511089215,45696.620696919694,512.5865514917175,pvalloc_29nbfs_LRG2_max_epzb0_50
5416,34371.85039888986,5014.382431327964,35263.120881288334,34322.09609944318,49.754299446678374,pvalloc_29nbfs_LRG2_max_epzb0_50
5417,27441.50643139658,4820.445949002161,28495.30322799301,27441.50643139658,0.0,pvalloc_29nbfs_LRG2_max_epzb0_50
5418,11359.369964619083,5233.702175446796,13693.400006686543,11359.369964619083,0.0,pvalloc_29nbfs_LRG2_max_epzb0_50
5419,2516.7816266933864,6574.5726681929,7235.082115886797,2516.7816266933864,0.0,pvalloc_29nbfs_LRG2_max_epzb0_50
5420,0.0,14157.218869884802,14157.218869884802,0.0,0.0,pvalloc_29nbfs_LRG2_max_epzb0_50
5421,0.0,16175.317955120869,16175.317955120869,0.0,0.0,pvalloc_29nbfs_LRG2_max_epzb0_50
5422,0.0,16617.529616008724,16617.529616008724,0.0,0.0,pvalloc_29nbfs_LRG2_max_epzb0_50
5423,0.0,15583.466132818583,15583.466132818583,0.0,0.0,pvalloc_29nbfs_LRG2_max_epzb0_50
5424,0.0,13573.678772779584,13573.678772779584,0.0,0.0,pvalloc_29nbfs_LRG2_max_epzb0_50
4920,0.0,11113.463869085279,11113.463869085279,0.0,0.0,pvalloc_29nbfs_LRG2_max_epzb0_75
4921,0.0,10737.831728562105,10737.831728562105,0.0,0.0,pvalloc_29nbfs_LRG2_max_epzb0_75
4922,0.0,10105.311448681485,10105.311448681485,0.0,0.0,pvalloc_29nbfs_LRG2_max_epzb0_75
4923,0.0,8120.094880445637,8120.094880445637,0.0,0.0,pvalloc_29nbfs_LRG2_max_epzb0_75
4924,0.0,7251.733657230992,7251.733657230992,0.0,0.0,pvalloc_29nbfs_LRG2_max_epzb0_75
4925,0.0,6971.075169345191,6971.075169345191,0.0,0.0,pvalloc_29nbfs_LRG2_max_epzb0_75
4926,823.4912855790601,3595.8919691424894,3690.680110299392,823.4912855790601,0.0,pvalloc_29nbfs_LRG2_max_epzb0_75
4927,15762.368269285085,2536.041457857171,16269.666334732243,15762.368269285085,0.0,pvalloc_29nbfs_LRG2_max_epzb0_75
4928,35996.31229127158,2697.6738706924925,36181.58271138038,35929.56218612029,66.75010515129071,pvalloc_29nbfs_LRG2_max_epzb0_75
4929,55371.23842976297,3337.713398370922,55527.261087916675,53603.5235338307,1767.7148959322635,pvalloc_29nbfs_LRG2_max_epzb0_75
4930,74394.4714368092,3562.601267945224,74508.04103054,67099.9517348,7294.51970200912,pvalloc_29nbfs_LRG2_max_epzb0_75
4931,89322.2691519397,4071.960106704577,89450.90661731845,75348.90452920628,13973.364622733405,pvalloc_29nbfs_LRG2_max_epzb0_75
4932,74225.12420767697,5133.236144988753,74532.48670517227,66963.97177454035,7261.15243313656,pvalloc_29nbfs_LRG2_max_epzb0_75
4933,61770.82625283233,6642.072545989079,62617.04537665576,58535.55424728505,3235.2720055472864,pvalloc_29nbfs_LRG2_max_epzb0_75
4934,58395.230325986275,5487.491748121102,58938.96379939904,55853.15796898326,2542.072357003036,pvalloc_29nbfs_LRG2_max_epzb0_75
4935,50983.61983188079,5066.559422803236,51551.344021132005,49814.431629061226,1169.1882028195516,pvalloc_29nbfs_LRG2_max_epzb0_75
4936,50367.18604432252,4815.292352995168,50881.17699854041,49307.720658969105,1059.4653853534169,pvalloc_29nbfs_LRG2_max_epzb0_75
4937,34087.55950917009,4266.855584393733,34736.726721134386,34045.29492132307,42.264587847016514,pvalloc_29nbfs_LRG2_max_epzb0_75
4938,16344.924242523452,3926.177812034817,17456.3187370991,16344.924242523452,0.0,pvalloc_29nbfs_LRG2_max_epzb0_75
4939,7180.539986951075,5151.943043538398,9874.113975271555,7180.539986951075,0.0,pvalloc_29nbfs_LRG2_max_epzb0_75
4940,296.0616083916794,8837.044708018591,8840.49207449176,296.0616083916794,0.0,pvalloc_29nbfs_LRG2_max_epzb0_75
4941,0.0,12714.325160437362,12714.325160437362,0.0,0.0,pvalloc_29nbfs_LRG2_max_epzb0_75
4942,0.0,13844.117670126652,13844.117670126652,0.0,0.0,pvalloc_29nbfs_LRG2_max_epzb0_75
4943,0.0,13190.081500942475,13190.081500942475,0.0,0.0,pvalloc_29nbfs_LRG2_max_epzb0_75
4944,0.0,15734.473543662867,15734.473543662867,0.0,0.0,pvalloc_29nbfs_LRG2_max_epzb0_75
4945,0.0,11843.652935827871,11843.652935827871,0.0,0.0,pvalloc_29nbfs_LRG2_max_epzb0_75
4946,0.0,9148.163406638314,9148.163406638314,0.0,0.0,pvalloc_29nbfs_LRG2_max_epzb0_75
4947,0.0,7889.191632688863,7889.191632688863,0.0,0.0,pvalloc_29nbfs_LRG2_max_epzb0_75
4948,0.0,7842.183829125384,7842.183829125384,0.0,0.0,pvalloc_29nbfs_LRG2_max_epzb0_75
4949,0.0,6888.334696423667,6888.334696423667,0.0,0.0,pvalloc_29nbfs_LRG2_max_epzb0_75
4950,7.618133354699662,5201.3145268353655,5201.331839198319,7.618133354699662,0.0,pvalloc_29nbfs_LRG2_max_epzb0_75
4951,9124.50455305754,2539.4006072907187,9970.266666961867,9124.50455305754,0.0,pvalloc_29nbfs_LRG2_max_epzb0_75
4952,30304.026763119324,2553.9255343917425,30517.547394303132,30304.026763119324,0.0,pvalloc_29nbfs_LRG2_max_epzb0_75
4953,54007.899312122696,3006.4583955791895,54131.880818113976,52473.76049669909,1534.1388154236065,pvalloc_29nbfs_LRG2_max_epzb0_75
4954,75428.42071811453,3368.49167279604,75524.26665885617,67732.04730059944,7696.373417515131,pvalloc_29nbfs_LRG2_max_epzb0_75
4955,86711.75570141207,3615.6286274566714,86818.38072794398,73966.72177865327,12745.033922758797,pvalloc_29nbfs_LRG2_max_epzb0_75
4956,74741.07513284849,4604.10663653028,74966.40896315398,67282.34926799437,7458.72586485409,pvalloc_29nbfs_LRG2_max_epzb0_75
4957,50053.88944684504,4867.6749082801325,50569.15287962958,49064.74986247137,989.139584373678,pvalloc_29nbfs_LRG2_max_epzb0_75
4958,60900.074831000595,5005.6908713396115,61342.9627000886,57682.91769877663,3217.157132223986,pvalloc_29nbfs_LRG2_max_epzb0_75
4959,48574.44028731024,5048.519351004015,49210.6472748178,47751.34101608921,823.0992712210307,pvalloc_29nbfs_LRG2_max_epzb0_75
4960,44659.29542956459,4723.388808665971,45275.38091947318,44239.47194223426,419.82348733032603,pvalloc_29nbfs_LRG2_max_epzb0_75
4961,35981.800551437205,4805.199055178335,36784.99217800709,35884.04814395727,97.75240747993081,pvalloc_29nbfs_LRG2_max_epzb0_75
4962,19841.649560512094,4687.247854386094,21185.241318738746,19841.649560512094,0.0,pvalloc_29nbfs_LRG2_max_epzb0_75
4963,9130.5224350504,6050.335714264746,12244.538406375948,9130.5224350504,0.0,pvalloc_29nbfs_LRG2_max_epzb0_75
4964,3.5636860063017863,11427.97303980051,11427.97303980051,3.5636860063017863,0.0,pvalloc_29nbfs_LRG2_max_epzb0_75
4965,0.0,21698.62752947297,21698.62752947297,0.0,0.0,pvalloc_29nbfs_LRG2_max_epzb0_75
4966,0.0,15054.668580548847,15054.668580548847,0.0,0.0,pvalloc_29nbfs_LRG2_max_epzb0_75
4967,0.0,14761.30043522164,14761.30043522164,0.0,0.0,pvalloc_29nbfs_LRG2_max_epzb0_75
4968,0.0,12492.27995856741,12492.27995856741,0.0,0.0,pvalloc_29nbfs_LRG2_max_epzb0_75
4969,0.0,10052.532145121631,10052.532145121631,0.0,0.0,pvalloc_29nbfs_LRG2_max_epzb0_75
4970,0.0,8034.332061846784,8034.332061846784,0.0,0.0,pvalloc_29nbfs_LRG2_max_epzb0_75
4971,0.0,7219.022230515398,7219.022230515398,0.0,0.0,pvalloc_29nbfs_LRG2_max_epzb0_75
4972,0.0,6689.043790452775,6689.043790452775,0.0,0.0,pvalloc_29nbfs_LRG2_max_epzb0_75
4973,0.0,6426.52820091012,6426.52820091012,0.0,0.0,pvalloc_29nbfs_LRG2_max_epzb0_75
4974,160.99113925421332,3989.2022898272576,3991.152038167441,160.99113925421332,0.0,pvalloc_29nbfs_LRG2_max_epzb0_75
4975,10203.495005381792,2533.9648973545095,10985.916890630073,10203.495005381792,0.0,pvalloc_29nbfs_LRG2_max_epzb0_75
4976,3134.987522310193,2922.073620801189,4786.631319084,3134.987522310193,0.0,pvalloc_29nbfs_LRG2_max_epzb0_75
4977,18339.004090863924,3138.569795649997,19031.260779842833,18339.004090863924,0.0,pvalloc_29nbfs_LRG2_max_epzb0_75
4978,36178.360920911386,3432.3626773124693,36534.002411600224,36086.97785966826,91.38306124312675,pvalloc_29nbfs_LRG2_max_epzb0_75
4979,57343.97170772625,3908.542024643914,57575.38340695793,55092.19143669338,2251.780271032864,pvalloc_29nbfs_LRG2_max_epzb0_75
4980,59626.54764476697,4677.262283593027,59972.92570065581,56859.48186648396,2767.0657782830062,pvalloc_29nbfs_LRG2_max_epzb0_75
4981,62950.31894476127,5377.456919975482,63409.77141439466,59356.05604909462,3594.2628956666626,pvalloc_29nbfs_LRG2_max_epzb0_75
4982,47639.092890046464,4925.85618334663,48241.68806952427,46952.55504606471,686.5378439817584,pvalloc_29nbfs_LRG2_max_epzb0_75
4983,52865.34413049554,5535.155472273724,53510.61684898045,51410.76740921223,1454.5767212832957,pvalloc_29nbfs_LRG2_max_epzb0_75
4984,42940.009106591526,4885.6334903708,43584.54463564805,42659.44335198372,280.56575460781863,pvalloc_29nbfs_LRG2_max_epzb0_75
4985,28499.42164382728,4366.664678258443,29333.12412928124,28499.42164382728,0.0,pvalloc_29nbfs_LRG2_max_epzb0_75
4986,22525.81256947572,4916.323896422455,23926.92743148261,22525.81256947572,0.0,pvalloc_29nbfs_LRG2_max_epzb0_75
4987,9974.741453926195,5114.149362801546,12425.286090343687,9974.741453926195,0.0,pvalloc_29nbfs_LRG2_max_epzb0_75
4988,1.7296605563362977,11602.395813886807,11602.395813886807,1.7296605563362977,0.0,pvalloc_29nbfs_LRG2_max_epzb0_75
4989,0.0,15306.207062822388,15306.207062822388,0.0,0.0,pvalloc_29nbfs_LRG2_max_epzb0_75
4990,0.0,18487.541112237715,18487.541112237715,0.0,0.0,pvalloc_29nbfs_LRG2_max_epzb0_75
4991,0.0,15678.910070087288,15678.910070087288,0.0,0.0,pvalloc_29nbfs_LRG2_max_epzb0_75
4992,0.0,12457.950105853322,12457.950105853322,0.0,0.0,pvalloc_29nbfs_LRG2_max_epzb0_75
4993,0.0,9566.57816566627,9566.57816566627,0.0,0.0,pvalloc_29nbfs_LRG2_max_epzb0_75
4994,0.0,8172.598108657664,8172.598108657664,0.0,0.0,pvalloc_29nbfs_LRG2_max_epzb0_75
4995,0.0,7275.373634775014,7275.373634775014,0.0,0.0,pvalloc_29nbfs_LRG2_max_epzb0_75
4996,0.0,6657.432000184344,6657.432000184344,0.0,0.0,pvalloc_29nbfs_LRG2_max_epzb0_75
4997,0.0,6227.237294939229,6227.237294939229,0.0,0.0,pvalloc_29nbfs_LRG2_max_epzb0_75
4998,409.14816262597765,3581.292246714045,3598.273492780333,409.14816262597765,0.0,pvalloc_29nbfs_LRG2_max_epzb0_75
4999,14924.40810021718,2526.008072263805,15468.521910290663,14924.40810021718,0.0,pvalloc_29nbfs_LRG2_max_epzb0_75
5000,33569.04159381983,2776.320491881761,33794.528444740004,33558.520199800565,10.521394019256093,pvalloc_29nbfs_LRG2_max_epzb0_75
5001,52011.10348096338,3114.2508207473134,52157.413743686564,50797.73030549101,1213.3731754723738,pvalloc_29nbfs_LRG2_max_epzb0_75
5002,65704.54181346786,3224.9353412587966,65821.02481029705,61383.07280911288,4321.469004354961,pvalloc_29nbfs_LRG2_max_epzb0_75
5003,85570.02766361649,3939.99554511101,85694.39658703678,73409.73628705688,12160.291376559535,pvalloc_29nbfs_LRG2_max_epzb0_75
5004,83662.64722908518,4477.653714651569,83833.28854654188,72402.87218115151,11259.775047933681,pvalloc_29nbfs_LRG2_max_epzb0_75
5005,90121.3909797091,4606.11981986871,90297.72673067164,75715.5250731775,14405.865906531575,pvalloc_29nbfs_LRG2_max_epzb0_75
5006,83921.4822809958,4591.575677994485,84126.57904995016,72424.1042678767,11497.378013119158,pvalloc_29nbfs_LRG2_max_epzb0_75
5007,70147.82644543528,4609.121132756143,70408.32629608415,64297.70829134739,5850.118154087753,pvalloc_29nbfs_LRG2_max_epzb0_75
5008,55304.863454097234,4087.4296295402564,55599.52102989572,53410.9184939683,1893.944960128938,pvalloc_29nbfs_LRG2_max_epzb0_75
5009,32732.071652928167,3834.1218629350733,33279.44671482478,32723.966776268975,8.10487665919186,pvalloc_29nbfs_LRG2_max_epzb0_75
5010,13740.208133930299,3957.9401482609665,15069.54444918011,13740.208133930299,0.0,pvalloc_29nbfs_LRG2_max_epzb0_75
5011,2512.550064393977,6082.598216203231,6859.4660294295345,2512.550064393977,0.0,pvalloc_29nbfs_LRG2_max_epzb0_75
5012,0.024958675141344665,13827.190280368033,13827.190280368033,0.024958675141344665,0.0,pvalloc_29nbfs_LRG2_max_epzb0_75
5013,0.0,14662.18168263524,14662.18168263524,0.0,0.0,pvalloc_29nbfs_LRG2_max_epzb0_75
5014,0.0,16274.79912446018,16274.79912446018,0.0,0.0,pvalloc_29nbfs_LRG2_max_epzb0_75
5015,0.0,15624.092956490873,15624.092956490873,0.0,0.0,pvalloc_29nbfs_LRG2_max_epzb0_75
5016,0.0,12724.18576973016,12724.18576973016,0.0,0.0,pvalloc_29nbfs_LRG2_max_epzb0_75
5017,0.0,10867.074894322574,10867.074894322574,0.0,0.0,pvalloc_29nbfs_LRG2_max_epzb0_75
5018,0.0,8769.37174164062,8769.37174164062,0.0,0.0,pvalloc_29nbfs_LRG2_max_epzb0_75
5019,0.0,7592.31461024244,7592.31461024244,0.0,0.0,pvalloc_29nbfs_LRG2_max_epzb0_75
5020,0.0,6804.494587055007,6804.494587055007,0.0,0.0,pvalloc_29nbfs_LRG2_max_epzb0_75
5021,0.0,6914.447201421453,6914.447201421453,0.0,0.0,pvalloc_29nbfs_LRG2_max_epzb0_75
5022,126.43918528642602,4156.698174944871,4158.270636418357,126.43918528642602,0.0,pvalloc_29nbfs_LRG2_max_epzb0_75
5023,10441.43864723826,2564.1119238862725,11233.911464517416,10441.43864723826,0.0,pvalloc_29nbfs_LRG2_max_epzb0_75
5024,21693.311466990086,2749.2855133424787,22115.105142988254,21693.311466990086,0.0,pvalloc_29nbfs_LRG2_max_epzb0_75
5025,18561.89381257001,3366.354125527303,19408.102259786807,18561.89381257001,0.0,pvalloc_29nbfs_LRG2_max_epzb0_75
5026,30577.094530811377,3798.8224341319146,31188.83863749579,30577.094530811377,0.0,pvalloc_29nbfs_LRG2_max_epzb0_75
5027,65868.98791567158,3646.2768100068865,66026.91650996644,61455.52531465891,4413.462601012669,pvalloc_29nbfs_LRG2_max_epzb0_75
5028,78974.90669645977,5326.200807003898,79301.06830235082,69861.88359037072,9113.02310608905,pvalloc_29nbfs_LRG2_max_epzb0_75
5029,52065.68986542574,5045.130769837703,52599.075737219704,50737.23235820264,1328.4575072231023,pvalloc_29nbfs_LRG2_max_epzb0_75
5030,22718.04404893519,5836.848173413117,24592.01026152231,22718.04404893519,0.0,pvalloc_29nbfs_LRG2_max_epzb0_75
5031,25367.88085279816,4959.607163835589,26613.112617273644,25367.88085279816,0.0,pvalloc_29nbfs_LRG2_max_epzb0_75
5032,33760.35380370667,4038.8464386880273,34347.847777438146,33718.892600531755,41.46120317489999,pvalloc_29nbfs_LRG2_max_epzb0_75
5033,26715.26748472611,4129.128886992922,27519.65034798791,26715.26748472611,0.0,pvalloc_29nbfs_LRG2_max_epzb0_75
5034,16598.49567021012,4723.193733352953,18221.01231345454,16598.49567021012,0.0,pvalloc_29nbfs_LRG2_max_epzb0_75
5035,10220.242838890807,5390.008540007816,12755.786968189956,10220.242838890807,0.0,pvalloc_29nbfs_LRG2_max_epzb0_75
5036,10.51819577852134,10990.710130128355,10990.72256527751,10.51819577852134,0.0,pvalloc_29nbfs_LRG2_max_epzb0_75
5037,0.0,15623.399766375915,15623.399766375915,0.0,0.0,pvalloc_29nbfs_LRG2_max_epzb0_75
5038,0.0,16022.715362504954,16022.715362504954,0.0,0.0,pvalloc_29nbfs_LRG2_max_epzb0_75
5039,0.0,16439.75171535185,16439.75171535185,0.0,0.0,pvalloc_29nbfs_LRG2_max_epzb0_75
5040,0.0,12326.556850038327,12326.556850038327,0.0,0.0,pvalloc_29nbfs_LRG2_max_epzb0_75
5041,0.0,9488.472208125193,9488.472208125193,0.0,0.0,pvalloc_29nbfs_LRG2_max_epzb0_75
5042,0.0,8024.4353338224,8024.4353338224,0.0,0.0,pvalloc_29nbfs_LRG2_max_epzb0_75
5043,0.0,7253.657469496069,7253.657469496069,0.0,0.0,pvalloc_29nbfs_LRG2_max_epzb0_75
5044,0.0,6638.189465394041,6638.189465394041,0.0,0.0,pvalloc_29nbfs_LRG2_max_epzb0_75
5045,0.0,6441.096729282571,6441.096729282571,0.0,0.0,pvalloc_29nbfs_LRG2_max_epzb0_75
5046,126.99552006378481,4133.260462088341,4134.81175182191,126.99552006378481,0.0,pvalloc_29nbfs_LRG2_max_epzb0_75
5047,11296.752675315609,2640.8295738992365,12117.340651078668,11296.752675315609,0.0,pvalloc_29nbfs_LRG2_max_epzb0_75
5048,32390.323220058064,2959.734742065724,32669.466879682757,32390.323220058064,0.0,pvalloc_29nbfs_LRG2_max_epzb0_75
5049,53147.985594590005,3327.325876872951,53316.312455215266,51768.57005140932,1379.415543180699,pvalloc_29nbfs_LRG2_max_epzb0_75
5050,72242.22568631105,3408.9831087592515,72341.66351720157,65794.5197896099,6447.705896701183,pvalloc_29nbfs_LRG2_max_epzb0_75
5051,65849.85693196676,3813.9157006602827,66019.38212353295,61473.10267686107,4376.754255105722,pvalloc_29nbfs_LRG2_max_epzb0_75
5052,60338.01103196873,4447.679619991088,60632.76335129881,57424.09026625699,2913.920765711739,pvalloc_29nbfs_LRG2_max_epzb0_75
5053,66926.09679189333,4710.457598639009,67213.8440531877,62173.219737553576,4752.877054339782,pvalloc_29nbfs_LRG2_max_epzb0_75
5054,68052.01336807836,4590.30295417198,68326.51095790777,62860.59345050964,5191.419917568685,pvalloc_29nbfs_LRG2_max_epzb0_75
5055,57560.99355926059,4863.038029977873,57973.998274495374,55198.62582032859,2362.3677389319937,pvalloc_29nbfs_LRG2_max_epzb0_75
5056,51411.602590624316,4304.692069080153,51771.707045073184,50221.17434001136,1190.4282506129555,pvalloc_29nbfs_LRG2_max_epzb0_75
5057,34346.360692125294,3724.9067798908686,34834.800792426344,34302.88374247886,43.47694964643779,pvalloc_29nbfs_LRG2_max_epzb0_75
5058,12129.43551133338,3720.5753012232676,13405.980461585686,12129.43551133338,0.0,pvalloc_29nbfs_LRG2_max_epzb0_75
5059,6179.639104654408,4370.38389437405,8407.514506376678,6179.639104654408,0.0,pvalloc_29nbfs_LRG2_max_epzb0_75
5060,212.98595935164997,7653.346497366258,7655.936654261985,212.98595935164997,0.0,pvalloc_29nbfs_LRG2_max_epzb0_75
5061,0.0,12442.644294585474,12442.644294585474,0.0,0.0,pvalloc_29nbfs_LRG2_max_epzb0_75
5062,0.0,12652.578225358759,12652.578225358759,0.0,0.0,pvalloc_29nbfs_LRG2_max_epzb0_75
5063,0.0,12878.862779430521,12878.862779430521,0.0,0.0,pvalloc_29nbfs_LRG2_max_epzb0_75
5064,0.0,12350.755659688533,12350.755659688533,0.0,0.0,pvalloc_29nbfs_LRG2_max_epzb0_75
5065,0.0,11097.685205202353,11097.685205202353,0.0,0.0,pvalloc_29nbfs_LRG2_max_epzb0_75
5066,0.0,9294.124150992036,9294.124150992036,0.0,0.0,pvalloc_29nbfs_LRG2_max_epzb0_75
5067,0.0,7868.847255381625,7868.847255381625,0.0,0.0,pvalloc_29nbfs_LRG2_max_epzb0_75
5068,0.0,6865.793803809358,6865.793803809358,0.0,0.0,pvalloc_29nbfs_LRG2_max_epzb0_75
5069,0.0,7046.117084101743,7046.117084101743,0.0,0.0,pvalloc_29nbfs_LRG2_max_epzb0_75
5070,117.74904129628584,4242.8868670658485,4244.333831236414,117.74904129628584,0.0,pvalloc_29nbfs_LRG2_max_epzb0_75
5071,13181.806081685547,2495.136250352844,13789.982148097757,13181.806081685547,0.0,pvalloc_29nbfs_LRG2_max_epzb0_75
5072,30183.58754782039,2796.4957435841047,30456.215840989604,30183.58754782039,0.0,pvalloc_29nbfs_LRG2_max_epzb0_75
5073,52409.94279747635,3195.849611947318,52566.333421180716,51121.504993243914,1288.437804232439,pvalloc_29nbfs_LRG2_max_epzb0_75
5074,69813.783290206,3484.118363577304,69946.83977792904,64158.85305053137,5654.930239674455,pvalloc_29nbfs_LRG2_max_epzb0_75
5075,80384.83937575265,3901.8096541513964,80529.42614867765,70544.77984702167,9840.05952873103,pvalloc_29nbfs_LRG2_max_epzb0_75
5076,70890.17025084798,4437.9403390850575,71114.86872816426,64834.897341054566,6055.272909793251,pvalloc_29nbfs_LRG2_max_epzb0_75
5077,62710.57985299687,4863.786800760867,63060.43896916665,59161.89428115516,3548.685571841711,pvalloc_29nbfs_LRG2_max_epzb0_75
5078,53277.568491194455,5048.20291937281,53811.22361033925,51718.36447056063,1559.2040206338306,pvalloc_29nbfs_LRG2_max_epzb0_75
5079,33086.89141001908,5063.972969333799,34068.57883726065,33058.7782025356,28.11320748347748,pvalloc_29nbfs_LRG2_max_epzb0_75
5080,36287.422106654456,4693.934525022644,37027.42812028582,36183.06261689459,104.35948975986707,pvalloc_29nbfs_LRG2_max_epzb0_75
5081,28591.346212698612,4457.050699131423,29461.408966621177,28591.346212698612,0.0,pvalloc_29nbfs_LRG2_max_epzb0_75
5082,16325.38015909656,4413.616545020945,17741.059245103526,16325.38015909656,0.0,pvalloc_29nbfs_LRG2_max_epzb0_75
5083,8593.612160908327,4732.744675881905,10817.62812792196,8593.612160908327,0.0,pvalloc_29nbfs_LRG2_max_epzb0_75
5084,45.13310025390038,9038.860285215174,9039.137295246104,45.13310025390038,0.0,pvalloc_29nbfs_LRG2_max_epzb0_75
5085,0.0,14038.884071464148,14038.884071464148,0.0,0.0,pvalloc_29nbfs_LRG2_max_epzb0_75
5086,0.0,16707.678657408913,16707.678657408913,0.0,0.0,pvalloc_29nbfs_LRG2_max_epzb0_75
5087,0.0,14798.423471834058,14798.423471834058,0.0,0.0,pvalloc_29nbfs_LRG2_max_epzb0_75
5088,0.0,12920.992928294934,12920.992928294934,0.0,0.0,pvalloc_29nbfs_LRG2_max_epzb0_75
5089,0.0,9900.944565301277,9900.944565301277,0.0,0.0,pvalloc_29nbfs_LRG2_max_epzb0_75
5090,0.0,9389.78590368506,9389.78590368506,0.0,0.0,pvalloc_29nbfs_LRG2_max_epzb0_75
5091,0.0,7401.546438254427,7401.546438254427,0.0,0.0,pvalloc_29nbfs_LRG2_max_epzb0_75
5092,0.0,6692.067790682453,6692.067790682453,0.0,0.0,pvalloc_29nbfs_LRG2_max_epzb0_75
5093,0.0,6497.448685059626,6497.448685059626,0.0,0.0,pvalloc_29nbfs_LRG2_max_epzb0_75
5094,300.4444692488916,3841.242635348114,3845.1452452901904,300.4444692488916,0.0,pvalloc_29nbfs_LRG2_max_epzb0_75
5095,14806.288754938392,2371.7333345986826,15273.598132055575,14806.288754938392,0.0,pvalloc_29nbfs_LRG2_max_epzb0_75
5096,34809.618651065066,2366.6525124867158,34946.66465460814,34780.24786885256,29.37078221250289,pvalloc_29nbfs_LRG2_max_epzb0_75
5097,56898.99841901676,2793.7495415756453,56993.51116388021,54844.921479383745,2054.0769396330275,pvalloc_29nbfs_LRG2_max_epzb0_75
5098,73791.57390221755,2917.7874019030673,73867.84465902676,66758.75171046109,7032.822191756469,pvalloc_29nbfs_LRG2_max_epzb0_75
5099,89274.99709690639,3507.620927693973,89375.91800642476,75296.36946485823,13978.627632048147,pvalloc_29nbfs_LRG2_max_epzb0_75
5100,75378.44959328423,4902.928746227854,75634.2005945373,67651.21614271672,7727.233450567521,pvalloc_29nbfs_LRG2_max_epzb0_75
5101,66115.19807161701,5574.576965949216,66582.85879696025,61529.25256700558,4585.945504611411,pvalloc_29nbfs_LRG2_max_epzb0_75
5102,71199.90410294075,5661.266296450081,71663.01162669214,64861.59825692053,6338.305846020163,pvalloc_29nbfs_LRG2_max_epzb0_75
5103,64997.07540163305,5144.444677034908,65419.39762444279,60694.23948242754,4302.835919205493,pvalloc_29nbfs_LRG2_max_epzb0_75
5104,61189.38549796898,4940.659560117894,61619.34711682428,57898.647335308284,3290.738162660705,pvalloc_29nbfs_LRG2_max_epzb0_75
5105,25874.926384928338,4797.291937765669,26940.732972011243,25874.926384928338,0.0,pvalloc_29nbfs_LRG2_max_epzb0_75
5106,6548.212296779021,5127.5623620628485,9134.420037101905,6548.212296779021,0.0,pvalloc_29nbfs_LRG2_max_epzb0_75
5107,1418.4644993615696,6931.458213014256,7053.529630047146,1418.4644993615696,0.0,pvalloc_29nbfs_LRG2_max_epzb0_75
5108,0.5397632441046287,11343.815377860703,11343.815377860703,0.5397632441046287,0.0,pvalloc_29nbfs_LRG2_max_epzb0_75
5109,0.0,13173.891725783153,13173.891725783153,0.0,0.0,pvalloc_29nbfs_LRG2_max_epzb0_75
5110,0.0,13106.449704799226,13106.449704799226,0.0,0.0,pvalloc_29nbfs_LRG2_max_epzb0_75
5111,0.0,12603.245316458497,12603.245316458497,0.0,0.0,pvalloc_29nbfs_LRG2_max_epzb0_75
5112,0.0,10413.182078012227,10413.182078012227,0.0,0.0,pvalloc_29nbfs_LRG2_max_epzb0_75
5113,0.0,8993.403916155024,8993.403916155024,0.0,0.0,pvalloc_29nbfs_LRG2_max_epzb0_75
5114,0.0,7817.172615127089,7817.172615127089,0.0,0.0,pvalloc_29nbfs_LRG2_max_epzb0_75
5115,0.0,7187.960258470543,7187.960258470543,0.0,0.0,pvalloc_29nbfs_LRG2_max_epzb0_75
5116,0.0,6597.782238100715,6597.782238100715,0.0,0.0,pvalloc_29nbfs_LRG2_max_epzb0_75
5117,0.0,6653.582169584409,6653.582169584409,0.0,0.0,pvalloc_29nbfs_LRG2_max_epzb0_75
5118,143.7585400667455,4119.352506905342,4121.037310023641,143.7585400667455,0.0,pvalloc_29nbfs_LRG2_max_epzb0_75
5119,10270.20900104556,2358.6250599670398,10950.387539987516,10270.20900104556,0.0,pvalloc_29nbfs_LRG2_max_epzb0_75
5120,31159.17334581472,2382.3067329302644,31328.44885279956,31159.17334581472,0.0,pvalloc_29nbfs_LRG2_max_epzb0_75
5121,54458.2633532032,2713.301979556451,54555.336148685834,52870.04733959188,1588.2160136113057,pvalloc_29nbfs_LRG2_max_epzb0_75
5122,70451.75975621786,3179.327036879667,70548.3739228943,64647.5197397759,5804.240016441917,pvalloc_29nbfs_LRG2_max_epzb0_75
5123,88944.33919477645,3493.637514495621,89028.72577584835,75209.60966304455,13734.729531731873,pvalloc_29nbfs_LRG2_max_epzb0_75
5124,88535.46586683564,4691.867477310958,88700.9769093133,75042.79421382285,13492.671653012809,pvalloc_29nbfs_LRG2_max_epzb0_75
5125,88457.46021872983,5520.369564697011,88722.28349246614,74926.51982090661,13530.940397823268,pvalloc_29nbfs_LRG2_max_epzb0_75
5126,82186.25260475342,5400.968245179484,82477.79359944638,71510.89582224101,10675.356782512376,pvalloc_29nbfs_LRG2_max_epzb0_75
5127,77624.32126140111,5317.01663845847,77943.22000562595,68895.46010473839,8728.86115666269,pvalloc_29nbfs_LRG2_max_epzb0_75
5128,68751.96253013516,4485.359516453065,69010.07820611479,63354.5258919318,5397.436638203424,pvalloc_29nbfs_LRG2_max_epzb0_75
5129,50419.51032753236,4326.719872495119,50804.336026929464,49389.58783558589,1029.9224919464675,pvalloc_29nbfs_LRG2_max_epzb0_75
5130,30856.519158985982,4874.503067611229,31804.53852804508,30856.519158985982,0.0,pvalloc_29nbfs_LRG2_max_epzb0_75
5131,12203.513010282053,4978.922719608433,14328.644068392692,12203.513010282053,0.0,pvalloc_29nbfs_LRG2_max_epzb0_75
5132,1.3731944741069924,11936.409169674453,11936.409169674453,1.3731944741069924,0.0,pvalloc_29nbfs_LRG2_max_epzb0_75
5133,0.0,18228.216139042957,18228.216139042957,0.0,0.0,pvalloc_29nbfs_LRG2_max_epzb0_75
5134,0.0,18162.49636171034,18162.49636171034,0.0,0.0,pvalloc_29nbfs_LRG2_max_epzb0_75
5135,0.0,15581.301938822113,15581.301938822113,0.0,0.0,pvalloc_29nbfs_LRG2_max_epzb0_75
5136,0.0,13660.518661518496,13660.518661518496,0.0,0.0,pvalloc_29nbfs_LRG2_max_epzb0_75
5137,0.0,10358.480128423342,10358.480128423342,0.0,0.0,pvalloc_29nbfs_LRG2_max_epzb0_75
5138,0.0,8828.47113398323,8828.47113398323,0.0,0.0,pvalloc_29nbfs_LRG2_max_epzb0_75
5139,0.0,7213.798405873982,7213.798405873982,0.0,0.0,pvalloc_29nbfs_LRG2_max_epzb0_75
5140,0.0,6479.031429122138,6479.031429122138,0.0,0.0,pvalloc_29nbfs_LRG2_max_epzb0_75
5141,0.0,6403.162580960439,6403.162580960439,0.0,0.0,pvalloc_29nbfs_LRG2_max_epzb0_75
5142,125.57203044057196,4161.565388680176,4162.945473805515,125.57203044057196,0.0,pvalloc_29nbfs_LRG2_max_epzb0_75
5143,13309.433750173936,2354.763258988562,13828.907634308283,13309.433750173936,0.0,pvalloc_29nbfs_LRG2_max_epzb0_75
5144,33120.86245230532,2663.0430480674368,33319.82930212706,33120.86245230532,0.0,pvalloc_29nbfs_LRG2_max_epzb0_75
5145,53987.23868266666,3207.599916532362,54128.95192978786,52481.13210851954,1506.106574147127,pvalloc_29nbfs_LRG2_max_epzb0_75
5146,74380.74762363278,3327.914012860753,74477.79476068975,67151.21049959774,7229.537124034973,pvalloc_29nbfs_LRG2_max_epzb0_75
5147,87668.6450822317,4249.351243911639,87793.35618704595,74626.21436905963,13042.430713172116,pvalloc_29nbfs_LRG2_max_epzb0_75
5148,83284.19152497391,5794.710779425905,83650.56892958001,72376.77448284773,10907.417042126155,pvalloc_29nbfs_LRG2_max_epzb0_75
5149,88105.28402456036,5321.404284500162,88346.17310072063,74832.23791375203,13273.046110808289,pvalloc_29nbfs_LRG2_max_epzb0_75
5150,87709.54081930728,4495.582249972375,87901.31973866526,74425.19532967213,13284.345489635145,pvalloc_29nbfs_LRG2_max_epzb0_75
5151,75878.70378772376,5024.962520229272,76149.64694186216,67938.32706638763,7940.376721336155,pvalloc_29nbfs_LRG2_max_epzb0_75
5152,63216.280007242225,4265.274478016955,63461.376421722445,59540.278491443256,3676.0015157989815,pvalloc_29nbfs_LRG2_max_epzb0_75
5153,45938.83737196536,3930.070880376728,46266.078407560126,45500.91815470622,437.919217259137,pvalloc_29nbfs_LRG2_max_epzb0_75
5154,30686.309933620876,3930.6989889124466,31273.983794711676,30686.309933620876,0.0,pvalloc_29nbfs_LRG2_max_epzb0_75
5155,10172.750328135131,5608.069876181941,12946.255483320798,10172.750328135131,0.0,pvalloc_29nbfs_LRG2_max_epzb0_75
5156,1.0050200731623626,13203.370294045997,13203.370294045997,1.0050200731623626,0.0,pvalloc_29nbfs_LRG2_max_epzb0_75
5157,0.0,16656.158247084175,16656.158247084175,0.0,0.0,pvalloc_29nbfs_LRG2_max_epzb0_75
5158,0.0,16956.666733188795,16956.666733188795,0.0,0.0,pvalloc_29nbfs_LRG2_max_epzb0_75
5159,0.0,13878.197386105796,13878.197386105796,0.0,0.0,pvalloc_29nbfs_LRG2_max_epzb0_75
5160,0.0,13359.709264488023,13359.709264488023,0.0,0.0,pvalloc_29nbfs_LRG2_max_epzb0_75
5161,0.0,9823.421723926976,9823.421723926976,0.0,0.0,pvalloc_29nbfs_LRG2_max_epzb0_75
5162,0.0,8004.918441437759,8004.918441437759,0.0,0.0,pvalloc_29nbfs_LRG2_max_epzb0_75
5163,0.0,7279.771629046192,7279.771629046192,0.0,0.0,pvalloc_29nbfs_LRG2_max_epzb0_75
5164,0.0,6702.512682378078,6702.512682378078,0.0,0.0,pvalloc_29nbfs_LRG2_max_epzb0_75
5165,0.0,6398.764586689275,6398.764586689275,0.0,0.0,pvalloc_29nbfs_LRG2_max_epzb0_75
5166,103.06330898022468,4348.693531283516,4349.794195355769,103.06330898022468,0.0,pvalloc_29nbfs_LRG2_max_epzb0_75
5167,12664.173446338507,2548.004839747828,13329.216188603456,12664.173446338507,0.0,pvalloc_29nbfs_LRG2_max_epzb0_75
5168,33068.9300930721,2920.346052378153,33324.0968747143,33068.9300930721,0.0,pvalloc_29nbfs_LRG2_max_epzb0_75
5169,54921.76692855046,3160.4279501435108,55053.93352660057,53246.15453679429,1675.6123917561656,pvalloc_29nbfs_LRG2_max_epzb0_75
5170,74950.53992250228,3061.1745180623675,75034.86867202655,67471.66427491461,7478.875647587618,pvalloc_29nbfs_LRG2_max_epzb0_75
5171,89761.22779089923,3764.981382726791,89861.1638567706,75627.06949169877,14134.15829920052,pvalloc_29nbfs_LRG2_max_epzb0_75
5172,84044.31544307944,4277.520728381331,84203.82161037739,72614.72280201419,11429.59264106528,pvalloc_29nbfs_LRG2_max_epzb0_75
5173,78329.23364231948,4585.951895841774,78544.03272993921,69381.20133412685,8948.032308192636,pvalloc_29nbfs_LRG2_max_epzb0_75
5174,88623.44831473487,4540.582135154189,88811.88148937962,74915.91131240537,13707.537002329564,pvalloc_29nbfs_LRG2_max_epzb0_75
5175,76371.59726082995,4721.904897412417,76618.50417058857,68190.52561859821,8181.071642231746,pvalloc_29nbfs_LRG2_max_epzb0_75
5176,61171.19485709664,4536.958581273708,61476.681414681334,57988.201777025635,3182.993080071002,pvalloc_29nbfs_LRG2_max_epzb0_75
5177,41843.49129092785,4211.01147828801,42318.03103287855,41630.65732534215,212.83396558569427,pvalloc_29nbfs_LRG2_max_epzb0_75
5178,22928.25138647804,4132.084458943211,23848.629086614157,22928.25138647804,0.0,pvalloc_29nbfs_LRG2_max_epzb0_75
5179,9385.615348952038,4312.050608071961,11203.197473040196,9385.615348952038,0.0,pvalloc_29nbfs_LRG2_max_epzb0_75
5180,20.160128345663647,9583.751225381871,9583.908186773297,20.160128345663647,0.0,pvalloc_29nbfs_LRG2_max_epzb0_75
5181,0.0,17958.547144614717,17958.547144614717,0.0,0.0,pvalloc_29nbfs_LRG2_max_epzb0_75
5182,0.0,15508.105894089556,15508.105894089556,0.0,0.0,pvalloc_29nbfs_LRG2_max_epzb0_75
5183,0.0,14273.897403473246,14273.897403473246,0.0,0.0,pvalloc_29nbfs_LRG2_max_epzb0_75
5184,0.0,13200.332246555772,13200.332246555772,0.0,0.0,pvalloc_29nbfs_LRG2_max_epzb0_75
5185,0.0,9638.325646422078,9638.325646422078,0.0,0.0,pvalloc_29nbfs_LRG2_max_epzb0_75
5186,0.0,8321.584507793394,8321.584507793394,0.0,0.0,pvalloc_29nbfs_LRG2_max_epzb0_75
5187,0.0,7169.817360127393,7169.817360127393,0.0,0.0,pvalloc_29nbfs_LRG2_max_epzb0_75
5188,0.0,7079.928698781938,7079.928698781938,0.0,0.0,pvalloc_29nbfs_LRG2_max_epzb0_75
5189,0.0,6529.334832922408,6529.334832922408,0.0,0.0,pvalloc_29nbfs_LRG2_max_epzb0_75
5190,43.80488924403786,4768.088371575008,4768.584753770772,43.80488924403786,0.0,pvalloc_29nbfs_LRG2_max_epzb0_75
5191,10379.045280029888,2502.2397729919935,11129.14370796486,10379.045280029888,0.0,pvalloc_29nbfs_LRG2_max_epzb0_75
5192,27614.346214820667,2856.9898242442473,27936.184965779652,27614.346214820667,0.0,pvalloc_29nbfs_LRG2_max_epzb0_75
5193,49198.14861158738,3114.7818469413987,49352.93653584082,48459.834040611226,738.3145709761609,pvalloc_29nbfs_LRG2_max_epzb0_75
5194,62325.11202638252,3395.63020260158,62459.34330152819,58968.03461188789,3357.0774144946163,pvalloc_29nbfs_LRG2_max_epzb0_75
5195,70882.74488155008,4074.316383747143,71051.49968799374,64940.19944365218,5942.545437897878,pvalloc_29nbfs_LRG2_max_epzb0_75
5196,68355.95328306723,5045.480137379672,68692.44859273822,63288.184298049906,5067.768985017228,pvalloc_29nbfs_LRG2_max_epzb0_75
5197,72587.34683749029,4919.249376650327,72862.51125895284,65922.00786352786,6665.338973962252,pvalloc_29nbfs_LRG2_max_epzb0_75
5198,71337.36745937551,5430.985756601233,71708.0603852682,65109.4129189893,6227.954540386183,pvalloc_29nbfs_LRG2_max_epzb0_75
5199,70446.27865397662,4903.297134169033,70745.1245102054,64496.26178673679,5950.016867239757,pvalloc_29nbfs_LRG2_max_epzb0_75
5200,42358.04569480955,3815.0460923322316,42728.78263085628,42124.49223968784,233.5534551217185,pvalloc_29nbfs_LRG2_max_epzb0_75
5201,27217.86619181365,3804.745226204465,27864.62224958341,27217.86619181365,0.0,pvalloc_29nbfs_LRG2_max_epzb0_75
5202,13100.899549116864,4327.56148604814,14762.0061876963,13100.899549116864,0.0,pvalloc_29nbfs_LRG2_max_epzb0_75
5203,8221.97524414378,4806.108916058585,10540.944218794017,8221.97524414378,0.0,pvalloc_29nbfs_LRG2_max_epzb0_75
5204,0.0,15090.608896516973,15090.608896516973,0.0,0.0,pvalloc_29nbfs_LRG2_max_epzb0_75
5205,0.0,15791.348827533153,15791.348827533153,0.0,0.0,pvalloc_29nbfs_LRG2_max_epzb0_75
5206,0.0,15247.755727980579,15247.755727980579,0.0,0.0,pvalloc_29nbfs_LRG2_max_epzb0_75
5207,0.0,15008.22525066832,15008.22525066832,0.0,0.0,pvalloc_29nbfs_LRG2_max_epzb0_75
5208,0.0,12069.433844123947,12069.433844123947,0.0,0.0,pvalloc_29nbfs_LRG2_max_epzb0_75
5209,0.0,11145.876780548273,11145.876780548273,0.0,0.0,pvalloc_29nbfs_LRG2_max_epzb0_75
5210,0.0,8940.899584908117,8940.899584908117,0.0,0.0,pvalloc_29nbfs_LRG2_max_epzb0_75
5211,0.0,7874.895807358423,7874.895807358423,0.0,0.0,pvalloc_29nbfs_LRG2_max_epzb0_75
5212,0.0,7043.644556647981,7043.644556647981,0.0,0.0,pvalloc_29nbfs_LRG2_max_epzb0_75
5213,0.0,7125.558647681807,7125.558647681807,0.0,0.0,pvalloc_29nbfs_LRG2_max_epzb0_75
5214,3.6304496013634093,5734.02841751386,5734.100100809674,3.6304496013634093,0.0,pvalloc_29nbfs_LRG2_max_epzb0_75
5215,1654.2965334845169,3023.351068376957,3675.9671706279673,1654.2965334845169,0.0,pvalloc_29nbfs_LRG2_max_epzb0_75
5216,6112.571966655669,2945.176227317544,7459.578776127581,6112.571966655669,0.0,pvalloc_29nbfs_LRG2_max_epzb0_75
5217,12206.520102814844,3187.7731616472643,13275.991785440812,12206.520102814844,0.0,pvalloc_29nbfs_LRG2_max_epzb0_75
5218,23895.8425612465,3307.374353748447,24455.78967182935,23895.8425612465,0.0,pvalloc_29nbfs_LRG2_max_epzb0_75
5219,28434.57609594285,3945.926319924131,29102.76110783099,28434.57609594285,0.0,pvalloc_29nbfs_LRG2_max_epzb0_75
5220,21056.333179969384,5082.424834900461,22720.305654252592,21056.333179969384,0.0,pvalloc_29nbfs_LRG2_max_epzb0_75
5221,45702.048792948706,4532.316330220247,46208.242802358225,45247.144543977854,454.90424897085404,pvalloc_29nbfs_LRG2_max_epzb0_75
5222,60421.978541887445,4698.695375006715,60776.79264444708,57383.3249999107,3038.653541976747,pvalloc_29nbfs_LRG2_max_epzb0_75
5223,47448.95735700553,4724.6011243756075,47967.22982841093,46831.70789518793,617.2494618175979,pvalloc_29nbfs_LRG2_max_epzb0_75
5224,47806.26811928239,4121.248395254566,48172.93428749491,47165.607103090624,640.6610161917628,pvalloc_29nbfs_LRG2_max_epzb0_75
5225,35804.19889137959,4199.547671070001,36379.079013277136,35735.87565805348,68.32323332610156,pvalloc_29nbfs_LRG2_max_epzb0_75
5226,24959.26892919889,4094.1377068707784,25779.141513657047,24959.26892919889,0.0,pvalloc_29nbfs_LRG2_max_epzb0_75
5227,10272.245981129867,4773.691696446487,12374.57480987393,10272.245981129867,0.0,pvalloc_29nbfs_LRG2_max_epzb0_75
5228,0.25392973926222,12343.329844012029,12343.329844012029,0.25392973926222,0.0,pvalloc_29nbfs_LRG2_max_epzb0_75
5229,0.0,17463.787611216965,17463.787611216965,0.0,0.0,pvalloc_29nbfs_LRG2_max_epzb0_75
5230,0.0,16776.245765136624,16776.245765136624,0.0,0.0,pvalloc_29nbfs_LRG2_max_epzb0_75
5231,0.0,13863.094861205216,13863.094861205216,0.0,0.0,pvalloc_29nbfs_LRG2_max_epzb0_75
5232,0.0,12379.083196074876,12379.083196074876,0.0,0.0,pvalloc_29nbfs_LRG2_max_epzb0_75
5233,0.0,10840.79645112631,10840.79645112631,0.0,0.0,pvalloc_29nbfs_LRG2_max_epzb0_75
5234,0.0,8839.193140860432,8839.193140860432,0.0,0.0,pvalloc_29nbfs_LRG2_max_epzb0_75
5235,0.0,7691.549078353807,7691.549078353807,0.0,0.0,pvalloc_29nbfs_LRG2_max_epzb0_75
5236,0.0,6881.188714069509,6881.188714069509,0.0,0.0,pvalloc_29nbfs_LRG2_max_epzb0_75
5237,0.0,7020.828203404438,7020.828203404438,0.0,0.0,pvalloc_29nbfs_LRG2_max_epzb0_75
5238,66.54718758520653,4740.788233143611,4741.472595960812,66.54718758520653,0.0,pvalloc_29nbfs_LRG2_max_epzb0_75
5239,11463.421293035271,2608.5565917463205,12194.471570035106,11463.421293035271,0.0,pvalloc_29nbfs_LRG2_max_epzb0_75
5240,24409.294033229045,2926.8003495003904,24813.60605423902,24409.294033229045,0.0,pvalloc_29nbfs_LRG2_max_epzb0_75
5241,48308.45726190408,3153.0013742233314,48473.75595559061,47674.39501108719,634.0622508168849,pvalloc_29nbfs_LRG2_max_epzb0_75
5242,62266.85187268469,3597.4293849203227,62419.95407534725,58923.09891436243,3343.7529583222795,pvalloc_29nbfs_LRG2_max_epzb0_75
5243,68822.70059871579,3909.5264428483797,68989.0836171423,63528.017408417065,5294.683190298759,pvalloc_29nbfs_LRG2_max_epzb0_75
5244,56485.15928804575,4417.742615013537,56801.3903074347,54427.832875496584,2057.3264125491623,pvalloc_29nbfs_LRG2_max_epzb0_75
5245,54916.210671423105,4932.270239343677,55365.72600639816,53137.634028915345,1778.57664250774,pvalloc_29nbfs_LRG2_max_epzb0_75
5246,51255.42729651785,4986.505918754785,51802.94813905026,50048.45144733764,1206.9758491802181,pvalloc_29nbfs_LRG2_max_epzb0_75
5247,50999.36694841677,4681.045520196617,51474.28196894276,49847.34031845994,1152.0266299568316,pvalloc_29nbfs_LRG2_max_epzb0_75
5248,43374.76017381974,4129.3408334868445,43831.18551609762,43077.296934834005,297.46323898572984,pvalloc_29nbfs_LRG2_max_epzb0_75
5249,35406.509152857565,4003.7049407751065,35941.122947087424,35344.969615611386,61.53953724617378,pvalloc_29nbfs_LRG2_max_epzb0_75
5250,18127.77668104605,4538.770864583951,19494.19616800848,18127.77668104605,0.0,pvalloc_29nbfs_LRG2_max_epzb0_75
5251,8335.60512470201,5133.349166417255,10855.660082596882,8335.60512470201,0.0,pvalloc_29nbfs_LRG2_max_epzb0_75
5252,0.0,18999.958632892096,18999.958632892096,0.0,0.0,pvalloc_29nbfs_LRG2_max_epzb0_75
5253,0.0,19290.580116971658,19290.580116971658,0.0,0.0,pvalloc_29nbfs_LRG2_max_epzb0_75
5254,0.0,16835.268381474212,16835.268381474212,0.0,0.0,pvalloc_29nbfs_LRG2_max_epzb0_75
5255,0.0,14924.78827852718,14924.78827852718,0.0,0.0,pvalloc_29nbfs_LRG2_max_epzb0_75
5256,0.0,13381.168060104115,13381.168060104115,0.0,0.0,pvalloc_29nbfs_LRG2_max_epzb0_75
5257,0.0,10539.960012448035,10539.960012448035,0.0,0.0,pvalloc_29nbfs_LRG2_max_epzb0_75
5258,0.0,8429.06624925842,8429.06624925842,0.0,0.0,pvalloc_29nbfs_LRG2_max_epzb0_75
5259,0.0,7662.686930720702,7662.686930720702,0.0,0.0,pvalloc_29nbfs_LRG2_max_epzb0_75
5260,0.0,6987.5697160524915,6987.5697160524915,0.0,0.0,pvalloc_29nbfs_LRG2_max_epzb0_75
5261,0.0,6946.060646242224,6946.060646242224,0.0,0.0,pvalloc_29nbfs_LRG2_max_epzb0_75
5262,58.80383073423755,4987.367904741439,4987.990973668584,58.80383073423755,0.0,pvalloc_29nbfs_LRG2_max_epzb0_75
5263,12692.124698535417,2562.901872600045,13330.692910296279,12692.124698535417,0.0,pvalloc_29nbfs_LRG2_max_epzb0_75
5264,33511.03710287593,2855.923357984155,33746.85769716526,33507.06878624747,3.9683166284561935,pvalloc_29nbfs_LRG2_max_epzb0_75
5265,56207.437434681364,2947.0176030192715,56320.05388791127,54284.05842415208,1923.3790105292808,pvalloc_29nbfs_LRG2_max_epzb0_75
5266,75237.10410119226,3724.1807256003804,75353.90959771033,67687.50331891418,7549.600782278031,pvalloc_29nbfs_LRG2_max_epzb0_75
5267,88841.34599181691,4799.89119405418,89011.62120210407,75247.05206356995,13594.293928246914,pvalloc_29nbfs_LRG2_max_epzb0_75
5268,86134.70634019232,5847.823697744466,86468.63516505886,73828.4748719383,12306.231468254027,pvalloc_29nbfs_LRG2_max_epzb0_75
5269,91032.21469243032,5814.373056847966,91321.75869574094,76247.9923518402,14784.22234059008,pvalloc_29nbfs_LRG2_max_epzb0_75
5270,91517.37057478771,5228.389878327345,91786.59388360861,76225.63346887853,15291.737105909193,pvalloc_29nbfs_LRG2_max_epzb0_75
5271,83059.58449689133,5019.988409802839,83321.29589942246,71935.55270163335,11124.03179525801,pvalloc_29nbfs_LRG2_max_epzb0_75
5272,69201.41593863,4778.319442898873,69489.0032556128,63670.04197259586,5531.373966034051,pvalloc_29nbfs_LRG2_max_epzb0_75
5273,52132.430345323795,4342.688132370842,52507.738505324975,50815.957776259515,1316.4725690642774,pvalloc_29nbfs_LRG2_max_epzb0_75
5274,31267.45263752782,4442.761646128078,32031.29822592261,31267.45263752782,0.0,pvalloc_29nbfs_LRG2_max_epzb0_75
5275,12677.05949482316,4708.995384985948,14450.131240229872,12677.05949482316,0.0,pvalloc_29nbfs_LRG2_max_epzb0_75
5276,0.001144878417680309,16107.820459941004,16107.820459941004,0.001144878417680309,0.0,pvalloc_29nbfs_LRG2_max_epzb0_75
5277,0.0,16661.54003587522,16661.54003587522,0.0,0.0,pvalloc_29nbfs_LRG2_max_epzb0_75
5278,0.0,16071.879638820657,16071.879638820657,0.0,0.0,pvalloc_29nbfs_LRG2_max_epzb0_75
5279,0.0,16513.61501158644,16513.61501158644,0.0,0.0,pvalloc_29nbfs_LRG2_max_epzb0_75
5280,0.0,14223.402737580196,14223.402737580196,0.0,0.0,pvalloc_29nbfs_LRG2_max_epzb0_75
5281,0.0,10189.901163932847,10189.901163932847,0.0,0.0,pvalloc_29nbfs_LRG2_max_epzb0_75
5282,0.0,9219.90861812319,9219.90861812319,0.0,0.0,pvalloc_29nbfs_LRG2_max_epzb0_75
5283,0.0,8077.212368111325,8077.212368111325,0.0,0.0,pvalloc_29nbfs_LRG2_max_epzb0_75
5284,0.0,7416.3887727037745,7416.3887727037745,0.0,0.0,pvalloc_29nbfs_LRG2_max_epzb0_75
5285,0.0,7104.393955178768,7104.393955178768,0.0,0.0,pvalloc_29nbfs_LRG2_max_epzb0_75
5286,19.609833990093822,5505.289719112056,5505.552247846692,19.609833990093822,0.0,pvalloc_29nbfs_LRG2_max_epzb0_75
5287,11801.461672705085,2604.4046240604575,12508.068743930202,11801.461672705085,0.0,pvalloc_29nbfs_LRG2_max_epzb0_75
5288,33677.510135820834,2762.636376846415,33893.165528990576,33671.20933724497,6.300798575866963,pvalloc_29nbfs_LRG2_max_epzb0_75
5289,55894.51084869129,2764.818686950143,55995.56486775722,54030.700719111665,1863.8101295796196,pvalloc_29nbfs_LRG2_max_epzb0_75
5290,74194.52275089893,3621.1934035451072,74304.5341552745,67060.67204645474,7133.850704444288,pvalloc_29nbfs_LRG2_max_epzb0_75
5291,90229.69732180375,4049.624798751082,90352.15680239821,75848.71547677767,14380.981845026081,pvalloc_29nbfs_LRG2_max_epzb0_75
5292,85627.66683439826,5618.687961447721,85929.13317010713,73564.63764040358,12063.029193994707,pvalloc_29nbfs_LRG2_max_epzb0_75
5293,91381.32014531903,5532.553255791078,91640.88219915176,76312.1207601118,15069.199385207234,pvalloc_29nbfs_LRG2_max_epzb0_75
5294,86759.9597047852,6652.282723875885,87215.69580860254,73918.10203868941,12841.857666095842,pvalloc_29nbfs_LRG2_max_epzb0_75
5295,80019.35711584431,6058.202216228881,80441.51099746088,70234.05888226506,9785.298233579244,pvalloc_29nbfs_LRG2_max_epzb0_75
5296,65454.09675039505,6116.163574127216,66041.88810744362,61113.04564560099,4341.05110479406,pvalloc_29nbfs_LRG2_max_epzb0_75
5297,49703.61914246601,5439.057345415636,50394.56448829358,48730.44302656461,973.176115901397,pvalloc_29nbfs_LRG2_max_epzb0_75
5298,29313.762753276795,5432.996868683585,30517.806556722644,29313.762753276795,0.0,pvalloc_29nbfs_LRG2_max_epzb0_75
5299,8810.614992692432,6468.042447019376,12181.444586557287,8810.614992692432,0.0,pvalloc_29nbfs_LRG2_max_epzb0_75
5300,0.006800150706788702,16914.81943568191,16914.81943568191,0.006800150706788702,0.0,pvalloc_29nbfs_LRG2_max_epzb0_75
5301,0.0,19664.8737674663,19664.8737674663,0.0,0.0,pvalloc_29nbfs_LRG2_max_epzb0_75
5302,0.0,21717.297616531436,21717.297616531436,0.0,0.0,pvalloc_29nbfs_LRG2_max_epzb0_75
5303,0.0,17214.825474050005,17214.825474050005,0.0,0.0,pvalloc_29nbfs_LRG2_max_epzb0_75
5304,0.0,12578.207549128692,12578.207549128692,0.0,0.0,pvalloc_29nbfs_LRG2_max_epzb0_75
5305,0.0,10294.109997870488,10294.109997870488,0.0,0.0,pvalloc_29nbfs_LRG2_max_epzb0_75
5306,0.0,8325.709247505114,8325.709247505114,0.0,0.0,pvalloc_29nbfs_LRG2_max_epzb0_75
5307,0.0,7293.515981600715,7293.515981600715,0.0,0.0,pvalloc_29nbfs_LRG2_max_epzb0_75
5308,0.0,6735.77447883469,6735.77447883469,0.0,0.0,pvalloc_29nbfs_LRG2_max_epzb0_75
5309,0.0,6710.483943585053,6710.483943585053,0.0,0.0,pvalloc_29nbfs_LRG2_max_epzb0_75
5310,30.30607440504009,4984.781140812019,4985.1662662526915,30.30607440504009,0.0,pvalloc_29nbfs_LRG2_max_epzb0_75
5311,11753.589788077199,2510.4878614235313,12420.949782280602,11753.589788077199,0.0,pvalloc_29nbfs_LRG2_max_epzb0_75
5312,32874.67378184462,2874.191419190469,33123.17419660482,32874.67378184462,0.0,pvalloc_29nbfs_LRG2_max_epzb0_75
5313,54823.91929326239,3219.60839088832,54964.48390207243,53156.854292497235,1667.0650007651707,pvalloc_29nbfs_LRG2_max_epzb0_75
5314,74969.32833207483,3688.513427694864,75095.33187715632,67490.45492562736,7478.873406447434,pvalloc_29nbfs_LRG2_max_epzb0_75
5315,91205.04756006197,3849.5490257300503,91317.64235175596,76304.45485994786,14900.592700114132,pvalloc_29nbfs_LRG2_max_epzb0_75
5316,85248.87194417004,5912.741404350889,85598.41366334788,73347.23152212771,11901.640422042328,pvalloc_29nbfs_LRG2_max_epzb0_75
5317,90973.87591312289,5414.898399191298,91213.73630883239,76189.55164416131,14784.324268961542,pvalloc_29nbfs_LRG2_max_epzb0_75
5318,88577.73278985123,5552.751468911756,88849.28621023938,74914.66103633502,13663.071753516206,pvalloc_29nbfs_LRG2_max_epzb0_75
5319,82031.92802587883,4916.794441733443,82265.2534376449,71437.28384928497,10594.644176593856,pvalloc_29nbfs_LRG2_max_epzb0_75
5320,67949.29407580254,4825.435749296605,68247.14170984364,62839.766146402384,5109.527929400164,pvalloc_29nbfs_LRG2_max_epzb0_75
5321,50065.4072603433,4697.238876115858,50522.33360409626,49103.08096920973,962.326291133563,pvalloc_29nbfs_LRG2_max_epzb0_75
5322,31973.317157625024,3954.472869427081,32567.184864292656,31973.317157625024,0.0,pvalloc_29nbfs_LRG2_max_epzb0_75
5323,10838.884201841189,4741.924432278353,12905.441146339323,10838.884201841189,0.0,pvalloc_29nbfs_LRG2_max_epzb0_75
5324,0.6264376223262782,11780.211836581773,11780.211836581773,0.6264376223262782,0.0,pvalloc_29nbfs_LRG2_max_epzb0_75
5325,0.0,17798.4514230697,17798.4514230697,0.0,0.0,pvalloc_29nbfs_LRG2_max_epzb0_75
5326,0.0,19605.334016129706,19605.334016129706,0.0,0.0,pvalloc_29nbfs_LRG2_max_epzb0_75
5327,0.0,17993.339244710096,17993.339244710096,0.0,0.0,pvalloc_29nbfs_LRG2_max_epzb0_75
5328,0.0,14499.905393880888,14499.905393880888,0.0,0.0,pvalloc_29nbfs_LRG2_max_epzb0_75
5329,0.0,10706.798579119699,10706.798579119699,0.0,0.0,pvalloc_29nbfs_LRG2_max_epzb0_75
5330,0.0,8691.305275136961,8691.305275136961,0.0,0.0,pvalloc_29nbfs_LRG2_max_epzb0_75
5331,0.0,7299.838339654397,7299.838339654397,0.0,0.0,pvalloc_29nbfs_LRG2_max_epzb0_75
5332,0.0,6942.486827788976,6942.486827788976,0.0,0.0,pvalloc_29nbfs_LRG2_max_epzb0_75
5333,0.0,6828.1340130815815,6828.1340130815815,0.0,0.0,pvalloc_29nbfs_LRG2_max_epzb0_75
5334,10.25459135263917,5417.733298347054,5417.868888927455,10.25459135263917,0.0,pvalloc_29nbfs_LRG2_max_epzb0_75
5335,10507.294702380226,2805.7451233279426,11440.283900618824,10507.294702380226,0.0,pvalloc_29nbfs_LRG2_max_epzb0_75
5336,31593.366858617508,3234.2584163753477,31948.068241122834,31593.366858617508,0.0,pvalloc_29nbfs_LRG2_max_epzb0_75
5337,53934.91042919735,3412.4529666492476,54103.25418184457,52418.98492698759,1515.9255022097686,pvalloc_29nbfs_LRG2_max_epzb0_75
5338,73885.35374095337,3725.339794980541,74012.76667791513,66839.3156395801,7046.038101373313,pvalloc_29nbfs_LRG2_max_epzb0_75
5339,89061.08449882525,4022.855949025854,89178.45762372193,75285.25321491795,13775.831283907357,pvalloc_29nbfs_LRG2_max_epzb0_75
5340,84375.225705999,5739.866137209854,84723.43876234701,72972.8768982792,11402.348807719798,pvalloc_29nbfs_LRG2_max_epzb0_75
5341,88673.87521910411,5708.3125984479,88964.56533533084,75106.31083518165,13567.564383922458,pvalloc_29nbfs_LRG2_max_epzb0_75
5342,85485.85881735012,6552.191424627521,85942.87962932629,73441.39942501229,12044.459392337825,pvalloc_29nbfs_LRG2_max_epzb0_75
5343,80364.48192158894,5458.920982125164,80674.31412457893,70493.1921330844,9871.289788504502,pvalloc_29nbfs_LRG2_max_epzb0_75
5344,68395.46276571794,4524.157448710913,68653.1700985083,63131.66215410896,5263.80061160899,pvalloc_29nbfs_LRG2_max_epzb0_75
5345,48973.32202859867,4481.2540258153595,49395.45866072349,48182.050428234324,791.2716003643476,pvalloc_29nbfs_LRG2_max_epzb0_75
5346,29295.58881620535,4463.670288519303,30122.5854414165,29295.58881620535,0.0,pvalloc_29nbfs_LRG2_max_epzb0_75
5347,7445.046528023854,6365.068995491105,10948.252142441917,7445.046528023854,0.0,pvalloc_29nbfs_LRG2_max_epzb0_75
5348,0.0,15989.49319666137,15989.49319666137,0.0,0.0,pvalloc_29nbfs_LRG2_max_epzb0_75
5349,0.0,16826.715043934226,16826.715043934226,0.0,0.0,pvalloc_29nbfs_LRG2_max_epzb0_75
5350,0.0,17455.218388780384,17455.218388780384,0.0,0.0,pvalloc_29nbfs_LRG2_max_epzb0_75
5351,0.0,17312.601875985758,17312.601875985758,0.0,0.0,pvalloc_29nbfs_LRG2_max_epzb0_75
5352,0.0,14414.143741518079,14414.143741518079,0.0,0.0,pvalloc_29nbfs_LRG2_max_epzb0_75
5353,0.0,9954.172012300509,9954.172012300509,0.0,0.0,pvalloc_29nbfs_LRG2_max_epzb0_75
5354,0.0,8448.308232531268,8448.308232531268,0.0,0.0,pvalloc_29nbfs_LRG2_max_epzb0_75
5355,0.0,7461.470557932399,7461.470557932399,0.0,0.0,pvalloc_29nbfs_LRG2_max_epzb0_75
5356,0.0,6904.553782501742,6904.553782501742,0.0,0.0,pvalloc_29nbfs_LRG2_max_epzb0_75
5357,0.0,6785.528064411384,6785.528064411384,0.0,0.0,pvalloc_29nbfs_LRG2_max_epzb0_75
5358,16.202605405468645,5397.992453706363,5398.222417582521,16.202605405468645,0.0,pvalloc_29nbfs_LRG2_max_epzb0_75
5359,10624.246786074717,2700.3169534862895,11466.471779081123,10624.246786074717,0.0,pvalloc_29nbfs_LRG2_max_epzb0_75
5360,31820.46617550969,3036.40896048142,32120.799544575537,31820.46617550969,0.0,pvalloc_29nbfs_LRG2_max_epzb0_75
5361,51636.33571802116,4021.3559967669544,51939.705649419455,50511.64055069604,1124.6951673251276,pvalloc_29nbfs_LRG2_max_epzb0_75
5362,72723.29114020962,4119.28366209185,72887.36385475376,66139.11700377584,6584.174136433844,pvalloc_29nbfs_LRG2_max_epzb0_75
5363,86948.30258580329,4994.413148930265,87156.82897018793,74321.36723820225,12626.935347601022,pvalloc_29nbfs_LRG2_max_epzb0_75
5364,84903.32890433537,5829.299955704658,85264.07405009854,73256.75470804134,11646.574196294034,pvalloc_29nbfs_LRG2_max_epzb0_75
5365,87857.24311183256,6393.657561636473,88290.06503729458,74776.40875232455,13080.834359508035,pvalloc_29nbfs_LRG2_max_epzb0_75
5366,90089.27621723321,5273.29986230678,90327.4194939924,75680.38573623591,14408.890480997286,pvalloc_29nbfs_LRG2_max_epzb0_75
5367,81546.10274181458,4898.266244594955,81772.67027090535,71197.08670349693,10349.016038317744,pvalloc_29nbfs_LRG2_max_epzb0_75
5368,67796.395456206,4601.101082774659,68052.8851853011,62802.36960706641,4994.025849139585,pvalloc_29nbfs_LRG2_max_epzb0_75
5369,48936.59913772397,4696.5230964192815,49399.43017613437,48174.56057021256,762.0385675113994,pvalloc_29nbfs_LRG2_max_epzb0_75
5370,28013.66112282167,4838.377170598615,29080.30614998261,28013.66112282167,0.0,pvalloc_29nbfs_LRG2_max_epzb0_75
5371,9368.799838221954,5175.547535929349,11829.302537856614,9368.799838221954,0.0,pvalloc_29nbfs_LRG2_max_epzb0_75
5372,0.0,16855.605538745647,16855.605538745647,0.0,0.0,pvalloc_29nbfs_LRG2_max_epzb0_75
5373,0.0,17345.89249504484,17345.89249504484,0.0,0.0,pvalloc_29nbfs_LRG2_max_epzb0_75
5374,0.0,16579.52219038973,16579.52219038973,0.0,0.0,pvalloc_29nbfs_LRG2_max_epzb0_75
5375,0.0,15251.446364993699,15251.446364993699,0.0,0.0,pvalloc_29nbfs_LRG2_max_epzb0_75
5376,0.0,13188.262672566276,13188.262672566276,0.0,0.0,pvalloc_29nbfs_LRG2_max_epzb0_75
5377,0.0,11323.925666493671,11323.925666493671,0.0,0.0,pvalloc_29nbfs_LRG2_max_epzb0_75
5378,0.0,9734.491596408214,9734.491596408214,0.0,0.0,pvalloc_29nbfs_LRG2_max_epzb0_75
5379,0.0,8493.11069650855,8493.11069650855,0.0,0.0,pvalloc_29nbfs_LRG2_max_epzb0_75
5380,0.0,7434.25510738279,7434.25510738279,0.0,0.0,pvalloc_29nbfs_LRG2_max_epzb0_75
5381,0.0,7087.350693282778,7087.350693282778,0.0,0.0,pvalloc_29nbfs_LRG2_max_epzb0_75
5382,6.543584905161644,5749.36331859067,5749.462709400511,6.543584905161644,0.0,pvalloc_29nbfs_LRG2_max_epzb0_75
5383,10255.176059801734,2774.4476547456943,11159.300960621918,10255.176059801734,0.0,pvalloc_29nbfs_LRG2_max_epzb0_75
5384,32074.893444004025,2885.4651868706756,32342.528032240167,32074.893444004025,0.0,pvalloc_29nbfs_LRG2_max_epzb0_75
5385,54208.55135117121,3220.826901153687,54354.03861648355,52639.74331912142,1568.8080320497897,pvalloc_29nbfs_LRG2_max_epzb0_75
5386,72814.99604614367,3904.967203598859,72954.62549582597,66188.47341959713,6626.522626546448,pvalloc_29nbfs_LRG2_max_epzb0_75
5387,88432.1998617544,4434.517889888837,88579.97753786642,74970.39697111506,13461.802890639352,pvalloc_29nbfs_LRG2_max_epzb0_75
5388,85524.19268882756,5516.58276710818,85808.94972892085,73495.27781958778,12028.91486923985,pvalloc_29nbfs_LRG2_max_epzb0_75
5389,89258.56038830552,5835.246990850177,89560.79154244288,75347.57598994237,13910.984398363156,pvalloc_29nbfs_LRG2_max_epzb0_75
5390,85625.14245401401,6239.483084536436,86014.01457731139,73458.38164092026,12166.760813093775,pvalloc_29nbfs_LRG2_max_epzb0_75
5391,78828.07830690827,5603.6739125099475,79164.23947153898,69677.83292701181,9150.245379896423,pvalloc_29nbfs_LRG2_max_epzb0_75
5392,64786.33118149823,5314.259007873459,65194.67087678551,60741.36618798146,4044.9649935167813,pvalloc_29nbfs_LRG2_max_epzb0_75
5393,46004.39408961265,5337.974889221269,46715.57934244465,45559.649469208496,444.74462040415733,pvalloc_29nbfs_LRG2_max_epzb0_75
5394,27035.80510045833,4953.679438935441,28201.5289907344,27035.80510045833,0.0,pvalloc_29nbfs_LRG2_max_epzb0_75
5395,6322.313576201619,7004.707765972205,10431.071918938833,6322.313576201619,0.0,pvalloc_29nbfs_LRG2_max_epzb0_75
5396,0.0,17145.706780036206,17145.706780036206,0.0,0.0,pvalloc_29nbfs_LRG2_max_epzb0_75
5397,0.0,18592.212130355496,18592.212130355496,0.0,0.0,pvalloc_29nbfs_LRG2_max_epzb0_75
5398,0.0,17959.280865600802,17959.280865600802,0.0,0.0,pvalloc_29nbfs_LRG2_max_epzb0_75
5399,0.0,15321.147510146637,15321.147510146637,0.0,0.0,pvalloc_29nbfs_LRG2_max_epzb0_75
5400,0.0,13722.161589340783,13722.161589340783,0.0,0.0,pvalloc_29nbfs_LRG2_max_epzb0_75
5401,0.0,10430.229263731497,10430.229263731497,0.0,0.0,pvalloc_29nbfs_LRG2_max_epzb0_75
5402,0.0,8829.571873465273,8829.571873465273,0.0,0.0,pvalloc_29nbfs_LRG2_max_epzb0_75
5403,0.0,7657.188196967489,7657.188196967489,0.0,0.0,pvalloc_29nbfs_LRG2_max_epzb0_75
5404,0.0,7455.696363549953,7455.696363549953,0.0,0.0,pvalloc_29nbfs_LRG2_max_epzb0_75
5405,0.0,7031.549107246735,7031.549107246735,0.0,0.0,pvalloc_29nbfs_LRG2_max_epzb0_75
5406,2.006528753918669,6089.623916248317,6089.671267240848,2.006528753918669,0.0,pvalloc_29nbfs_LRG2_max_epzb0_75
5407,10247.989429611936,2615.8362396975626,11051.512067133057,10247.989429611936,0.0,pvalloc_29nbfs_LRG2_max_epzb0_75
5408,29309.722384510565,3028.8959822864135,29648.559270937796,29309.722384510565,0.0,pvalloc_29nbfs_LRG2_max_epzb0_75
5409,48771.45267090481,3991.1556136092668,49087.93635415346,48076.876874966925,694.5757959378772,pvalloc_29nbfs_LRG2_max_epzb0_75
5410,67056.58599328237,3842.5907988668378,67218.33766364875,62354.39342004188,4702.192573240466,pvalloc_29nbfs_LRG2_max_epzb0_75
5411,74858.0429042152,4142.077901452241,75030.07380538959,67363.13884089218,7494.904063323015,pvalloc_29nbfs_LRG2_max_epzb0_75
5412,63315.290066666166,5462.248967367671,63794.79811479875,59688.46858809374,3626.821478572429,pvalloc_29nbfs_LRG2_max_epzb0_75
5413,62781.93352997605,6093.536497442051,63411.92640935253,59240.985176053386,3540.9483539226867,pvalloc_29nbfs_LRG2_max_epzb0_75
5414,57284.35941396485,6035.222471724784,58007.64989378661,54912.02092426007,2372.338489704779,pvalloc_29nbfs_LRG2_max_epzb0_75
5415,46213.18219796083,5488.195110813742,46971.904313558516,45700.69125036681,512.4909475940208,pvalloc_29nbfs_LRG2_max_epzb0_75
5416,34374.61721761944,5014.101852241452,35264.768448201175,34324.95736957619,49.659848043260865,pvalloc_29nbfs_LRG2_max_epzb0_75
5417,27443.792797269074,4820.210832382425,28496.591208244416,27443.792797269074,0.0,pvalloc_29nbfs_LRG2_max_epzb0_75
5418,11361.026503979872,5233.885571196798,13694.319221460491,11361.026503979872,0.0,pvalloc_29nbfs_LRG2_max_epzb0_75
5419,2517.0578818042527,6574.22936016245,7234.875953741974,2517.0578818042527,0.0,pvalloc_29nbfs_LRG2_max_epzb0_75
5420,0.0,14157.221661169082,14157.221661169082,0.0,0.0,pvalloc_29nbfs_LRG2_max_epzb0_75
5421,0.0,16175.317955120869,16175.317955120869,0.0,0.0,pvalloc_29nbfs_LRG2_max_epzb0_75
5422,0.0,16617.529616008724,16617.529616008724,0.0,0.0,pvalloc_29nbfs_LRG2_max_epzb0_75
5423,0.0,15583.466132818581,15583.466132818581,0.0,0.0,pvalloc_29nbfs_LRG2_max_epzb0_75
5424,0.0,13573.678772779584,13573.678772779584,0.0,0.0,pvalloc_29nbfs_LRG2_max_epzb0_75
4920,0.0,11113.463869085279,11113.463869085279,0.0,0.0,pvalloc_29nbfs_LRG2_max_sAs4p0
4921,0.0,10737.831728562101,10737.831728562101,0.0,0.0,pvalloc_29nbfs_LRG2_max_sAs4p0
4922,0.0,10105.311448681485,10105.311448681485,0.0,0.0,pvalloc_29nbfs_LRG2_max_sAs4p0
4923,0.0,8120.094880445637,8120.094880445637,0.0,0.0,pvalloc_29nbfs_LRG2_max_sAs4p0
4924,0.0,7251.733657230992,7251.733657230992,0.0,0.0,pvalloc_29nbfs_LRG2_max_sAs4p0
4925,0.0,6971.075169345189,6971.075169345189,0.0,0.0,pvalloc_29nbfs_LRG2_max_sAs4p0
4926,823.6187857345868,3596.4004564525067,3691.067872365781,823.6187857345868,0.0,pvalloc_29nbfs_LRG2_max_sAs4p0
4927,15760.772348070972,2536.1474424699704,16268.226010450282,15760.772348070972,0.0,pvalloc_29nbfs_LRG2_max_sAs4p0
4928,35992.94309459306,2697.6738706924925,36178.3436204199,35926.22167919431,66.721415398754,pvalloc_29nbfs_LRG2_max_sAs4p0
4929,55366.15902082455,3337.713398370922,55522.15271148283,53600.57174943345,1765.5872713910958,pvalloc_29nbfs_LRG2_max_sAs4p0
4930,74387.84572856706,3562.601267945225,74501.37462884185,67095.36901970336,7292.47670886376,pvalloc_29nbfs_LRG2_max_sAs4p0
4931,89314.39586151887,4071.960106704577,89442.9853832792,75342.80332412788,13971.592537391076,pvalloc_29nbfs_LRG2_max_sAs4p0
4932,74218.25553169011,5133.236144988752,74525.82477468881,66959.20195975056,7259.053571939542,pvalloc_29nbfs_LRG2_max_sAs4p0
4933,61764.631676211866,6642.072545989079,62611.654719790524,58532.52151545079,3232.110160761059,pvalloc_29nbfs_LRG2_max_sAs4p0
4934,58389.65927054818,5487.491748121102,58933.79120075402,55849.420640791526,2540.2386297566522,pvalloc_29nbfs_LRG2_max_sAs4p0
4935,50978.75703401148,5066.559422803236,51546.77774432516,49811.17853583779,1167.578498173695,pvalloc_29nbfs_LRG2_max_sAs4p0
4936,50362.43070847292,4815.292352995168,50876.65531721924,49304.52932980159,1057.9013786713276,pvalloc_29nbfs_LRG2_max_sAs4p0
4937,34084.34661989511,4267.017233493297,34733.80383663457,34042.114617811974,42.2320020831329,pvalloc_29nbfs_LRG2_max_sAs4p0
4938,16343.363151661746,3926.4974519696375,17455.15841185173,16343.363151661746,0.0,pvalloc_29nbfs_LRG2_max_sAs4p0
4939,7179.924633762059,5152.697213866605,9873.69822762973,7179.924633762059,0.0,pvalloc_29nbfs_LRG2_max_sAs4p0
4940,296.2744567120603,8837.804844353775,8841.252210826944,296.2744567120603,0.0,pvalloc_29nbfs_LRG2_max_sAs4p0
4941,0.0,12714.325160437364,12714.325160437364,0.0,0.0,pvalloc_29nbfs_LRG2_max_sAs4p0
4942,0.0,13844.117670126652,13844.117670126652,0.0,0.0,pvalloc_29nbfs_LRG2_max_sAs4p0
4943,0.0,13190.081500942473,13190.081500942473,0.0,0.0,pvalloc_29nbfs_LRG2_max_sAs4p0
4944,0.0,15734.473543662867,15734.473543662867,0.0,0.0,pvalloc_29nbfs_LRG2_max_sAs4p0
4945,0.0,11843.652935827873,11843.652935827873,0.0,0.0,pvalloc_29nbfs_LRG2_max_sAs4p0
4946,0.0,9148.163406638316,9148.163406638316,0.0,0.0,pvalloc_29nbfs_LRG2_max_sAs4p0
4947,0.0,7889.191632688863,7889.191632688863,0.0,0.0,pvalloc_29nbfs_LRG2_max_sAs4p0
4948,0.0,7842.183829125384,7842.183829125384,0.0,0.0,pvalloc_29nbfs_LRG2_max_sAs4p0
4949,0.0,6888.334696423667,6888.334696423667,0.0,0.0,pvalloc_29nbfs_LRG2_max_sAs4p0
4950,7.648527035916274,5201.517411000828,5201.534723363782,7.648527035916274,0.0,pvalloc_29nbfs_LRG2_max_sAs4p0
4951,9123.381611195045,2539.454167201338,9969.38466572659,9123.381611195045,0.0,pvalloc_29nbfs_LRG2_max_sAs4p0
4952,30301.142729319752,2553.925534391742,30514.805575978928,30301.142729319752,0.0,pvalloc_29nbfs_LRG2_max_sAs4p0
4953,54003.0019171347,3006.45839557919,54126.95735586597,52470.351783454425,1532.6501336802735,pvalloc_29nbfs_LRG2_max_sAs4p0
4954,75421.74524445056,3368.49167279604,75517.55045869309,67727.42811712547,7694.317127325104,pvalloc_29nbfs_LRG2_max_sAs4p0
4955,86704.18554108344,3615.6286274566714,86810.82935665373,73959.14151688361,12745.044024199771,pvalloc_29nbfs_LRG2_max_sAs4p0
4956,74734.25304642259,4604.10663653028,74959.55624964695,67277.60312680894,7456.649919613626,pvalloc_29nbfs_LRG2_max_sAs4p0
4957,50049.08507531915,4867.674908280134,50564.695722194985,49061.537837204116,987.547238115033,pvalloc_29nbfs_LRG2_max_sAs4p0
4958,60894.47852558494,5005.6908713396115,61337.67248175259,57680.25202218911,3214.226503395835,pvalloc_29nbfs_LRG2_max_sAs4p0
4959,48569.762075068815,5048.4468158674445,49206.27035116933,47746.72433755634,823.0377375124759,pvalloc_29nbfs_LRG2_max_sAs4p0
4960,44654.990475849256,4723.320478206427,45271.35101075914,44235.2866516382,419.7038242110606,pvalloc_29nbfs_LRG2_max_sAs4p0
4961,35978.4774352706,4805.4357925172835,36781.959587408965,35880.761063175705,97.71637209489035,pvalloc_29nbfs_LRG2_max_sAs4p0
4962,19839.58992819884,4687.483390174492,21183.622924356005,19839.58992819884,0.0,pvalloc_29nbfs_LRG2_max_sAs4p0
4963,9129.405919577626,6050.90461176476,12243.494423421907,9129.405919577626,0.0,pvalloc_29nbfs_LRG2_max_sAs4p0
4964,3.583174471670655,11428.341964160121,11428.341964160121,3.583174471670655,0.0,pvalloc_29nbfs_LRG2_max_sAs4p0
4965,0.0,21698.62752947297,21698.62752947297,0.0,0.0,pvalloc_29nbfs_LRG2_max_sAs4p0
4966,0.0,15054.66858054885,15054.66858054885,0.0,0.0,pvalloc_29nbfs_LRG2_max_sAs4p0
4967,0.0,14761.300435221636,14761.300435221636,0.0,0.0,pvalloc_29nbfs_LRG2_max_sAs4p0
4968,0.0,12492.27995856741,12492.27995856741,0.0,0.0,pvalloc_29nbfs_LRG2_max_sAs4p0
4969,0.0,10052.532145121633,10052.532145121633,0.0,0.0,pvalloc_29nbfs_LRG2_max_sAs4p0
4970,0.0,8034.332061846784,8034.332061846784,0.0,0.0,pvalloc_29nbfs_LRG2_max_sAs4p0
4971,0.0,7219.022230515399,7219.022230515399,0.0,0.0,pvalloc_29nbfs_LRG2_max_sAs4p0
4972,0.0,6689.043790452775,6689.043790452775,0.0,0.0,pvalloc_29nbfs_LRG2_max_sAs4p0
4973,0.0,6426.52820091012,6426.52820091012,0.0,0.0,pvalloc_29nbfs_LRG2_max_sAs4p0
4974,161.0641706555318,3989.5369167131803,3991.486665053364,161.0641706555318,0.0,pvalloc_29nbfs_LRG2_max_sAs4p0
4975,10202.269597142373,2534.0062655083116,10984.95324812872,10202.269597142373,0.0,pvalloc_29nbfs_LRG2_max_sAs4p0
4976,3135.0092064223077,2922.816652870548,4786.5293599436745,3135.0092064223077,0.0,pvalloc_29nbfs_LRG2_max_sAs4p0
4977,18337.12075948691,3138.7001146116627,19029.534330973573,18337.12075948691,0.0,pvalloc_29nbfs_LRG2_max_sAs4p0
4978,36174.87485879248,3432.3626773124697,36530.7540746791,36083.528940123266,91.34591866921102,pvalloc_29nbfs_LRG2_max_sAs4p0
4979,57338.70420722128,3908.542024643915,57570.091903026456,55088.66812651609,2250.036080705164,pvalloc_29nbfs_LRG2_max_sAs4p0
4980,59620.96197002855,4677.262283593027,59967.56735084619,56856.79570394234,2764.1662660862094,pvalloc_29nbfs_LRG2_max_sAs4p0
4981,62944.336217583455,5377.456919975482,63404.17768509245,59352.972566373304,3591.3636512101475,pvalloc_29nbfs_LRG2_max_sAs4p0
4982,47634.47678694686,4925.785642461466,48237.37083044035,46947.48438416191,686.9924027849615,pvalloc_29nbfs_LRG2_max_sAs4p0
4983,52860.173857946196,5535.155472273724,53505.846166482675,51407.1663506227,1453.0075073234984,pvalloc_29nbfs_LRG2_max_sAs4p0
4984,42935.74472596653,4885.633490370802,43580.62482207204,42655.59055439187,280.1541715746527,pvalloc_29nbfs_LRG2_max_sAs4p0
4985,28496.643386830357,4366.860771323463,29330.66101382514,28496.643386830357,0.0,pvalloc_29nbfs_LRG2_max_sAs4p0
4986,22523.17676871184,4916.316083599356,23924.8171074724,22523.17676871184,0.0,pvalloc_29nbfs_LRG2_max_sAs4p0
4987,9973.433117403021,5114.497598486771,12424.144190300223,9973.433117403021,0.0,pvalloc_29nbfs_LRG2_max_sAs4p0
4988,1.733883897986611,11602.789890072987,11602.789890072987,1.733883897986611,0.0,pvalloc_29nbfs_LRG2_max_sAs4p0
4989,0.0,15306.207062822388,15306.207062822388,0.0,0.0,pvalloc_29nbfs_LRG2_max_sAs4p0
4990,0.0,18487.54111223772,18487.54111223772,0.0,0.0,pvalloc_29nbfs_LRG2_max_sAs4p0
4991,0.0,15678.910070087288,15678.910070087288,0.0,0.0,pvalloc_29nbfs_LRG2_max_sAs4p0
4992,0.0,12457.950105853319,12457.950105853319,0.0,0.0,pvalloc_29nbfs_LRG2_max_sAs4p0
4993,0.0,9566.57816566627,9566.57816566627,0.0,0.0,pvalloc_29nbfs_LRG2_max_sAs4p0
4994,0.0,8172.598108657663,8172.598108657663,0.0,0.0,pvalloc_29nbfs_LRG2_max_sAs4p0
4995,0.0,7275.373634775014,7275.373634775014,0.0,0.0,pvalloc_29nbfs_LRG2_max_sAs4p0
4996,0.0,6657.432000184344,6657.432000184344,0.0,0.0,pvalloc_29nbfs_LRG2_max_sAs4p0
4997,0.0,6227.237294939229,6227.237294939229,0.0,0.0,pvalloc_29nbfs_LRG2_max_sAs4p0
4998,409.2434398545494,3581.7259398407687,3598.6957021003045,409.2434398545494,0.0,pvalloc_29nbfs_LRG2_max_sAs4p0
4999,14922.860095517706,2526.1105998292387,15467.085378666281,14922.860095517706,0.0,pvalloc_29nbfs_LRG2_max_sAs4p0
5000,33565.86232719883,2776.320491881761,33791.499591632564,33555.36888000501,10.493447193826,pvalloc_29nbfs_LRG2_max_sAs4p0
5001,52006.362082824846,3114.250820747313,52152.535479544385,50794.55071973704,1211.811363087808,pvalloc_29nbfs_LRG2_max_sAs4p0
5002,65698.69582144967,3224.935341258796,65815.14357625882,61379.26070687668,4319.43511457293,pvalloc_29nbfs_LRG2_max_sAs4p0
5003,85562.4651513714,3939.99554511101,85686.78962401864,73402.16483492877,12160.300316442657,pvalloc_29nbfs_LRG2_max_sAs4p0
5004,83655.14235933624,4477.653714651569,83825.7451671748,72396.60929359955,11258.533065736703,pvalloc_29nbfs_LRG2_max_sAs4p0
5005,90113.39599053306,4606.11981986871,90289.68336210727,75709.32363170884,14404.07235882425,pvalloc_29nbfs_LRG2_max_sAs4p0
5006,83914.03125439103,4591.575677994486,84119.17269168982,72417.88749567521,11496.143758715802,pvalloc_29nbfs_LRG2_max_sAs4p0
5007,70141.48629387475,4609.121132756143,70402.02452083412,64294.65186849079,5846.834425383869,pvalloc_29nbfs_LRG2_max_sAs4p0
5008,55299.82188796955,4087.4296295402555,55594.454397190915,53407.65521438281,1892.1666735867498,pvalloc_29nbfs_LRG2_max_sAs4p0
5009,32728.897505437108,3834.145639596678,33276.49311594282,32720.860232134888,8.037273302219546,pvalloc_29nbfs_LRG2_max_sAs4p0
5010,13738.699946260118,3958.1524971470435,15068.460767956452,13738.699946260118,0.0,pvalloc_29nbfs_LRG2_max_sAs4p0
5011,2513.0842290441656,6084.017982045849,6860.5022280063395,2513.0842290441656,0.0,pvalloc_29nbfs_LRG2_max_sAs4p0
5012,0.024958675141344665,13827.36588154991,13827.36588154991,0.024958675141344665,0.0,pvalloc_29nbfs_LRG2_max_sAs4p0
5013,0.0,14662.181682635239,14662.181682635239,0.0,0.0,pvalloc_29nbfs_LRG2_max_sAs4p0
5014,0.0,16274.799124460178,16274.799124460178,0.0,0.0,pvalloc_29nbfs_LRG2_max_sAs4p0
5015,0.0,15624.092956490871,15624.092956490871,0.0,0.0,pvalloc_29nbfs_LRG2_max_sAs4p0
5016,0.0,12724.18576973016,12724.18576973016,0.0,0.0,pvalloc_29nbfs_LRG2_max_sAs4p0
5017,0.0,10867.074894322572,10867.074894322572,0.0,0.0,pvalloc_29nbfs_LRG2_max_sAs4p0
5018,0.0,8769.371741640622,8769.371741640622,0.0,0.0,pvalloc_29nbfs_LRG2_max_sAs4p0
5019,0.0,7592.31461024244,7592.31461024244,0.0,0.0,pvalloc_29nbfs_LRG2_max_sAs4p0
5020,0.0,6804.494587055006,6804.494587055006,0.0,0.0,pvalloc_29nbfs_LRG2_max_sAs4p0
5021,0.0,6914.447201421454,6914.447201421454,0.0,0.0,pvalloc_29nbfs_LRG2_max_sAs4p0
5022,126.5521056071016,4157.085484036203,4158.657945509689,126.5521056071016,0.0,pvalloc_29nbfs_LRG2_max_sAs4p0
5023,10440.160173044344,2564.1287988266276,11232.905017374349,10440.160173044344,0.0,pvalloc_29nbfs_LRG2_max_sAs4p0
5024,21691.042847661563,2749.249458604283,22113.084795874052,21691.042847661563,0.0,pvalloc_29nbfs_LRG2_max_sAs4p0
5025,18559.806300481854,3366.383958401632,19406.460612080926,18559.806300481854,0.0,pvalloc_29nbfs_LRG2_max_sAs4p0
5026,30573.903165467153,3798.8224341319165,31185.82091152147,30573.903165467153,0.0,pvalloc_29nbfs_LRG2_max_sAs4p0
5027,65863.06931973802,3646.276810006886,66020.9596728649,61451.61828472382,4411.451035014175,pvalloc_29nbfs_LRG2_max_sAs4p0
5028,78967.54075959674,5326.200807003898,79294.04205850376,69856.2836007438,9111.257158852919,pvalloc_29nbfs_LRG2_max_sAs4p0
5029,52060.67251658117,5045.130769837702,52594.41636572277,50733.743832045155,1326.928684536023,pvalloc_29nbfs_LRG2_max_sAs4p0
5030,22715.351759478744,5836.894133387688,24589.763630213776,22715.351759478744,0.0,pvalloc_29nbfs_LRG2_max_sAs4p0
5031,25365.263262319557,4959.805193457305,26610.9278739656,25365.263262319557,0.0,pvalloc_29nbfs_LRG2_max_sAs4p0
5032,33756.9710423381,4038.795261400797,34344.719022751655,33715.54688354157,41.424158796530435,pvalloc_29nbfs_LRG2_max_sAs4p0
5033,26712.641138452123,4129.315007993479,27517.222847001398,26712.641138452123,0.0,pvalloc_29nbfs_LRG2_max_sAs4p0
5034,16596.501834854305,4723.292253967902,18219.473905685245,16596.501834854305,0.0,pvalloc_29nbfs_LRG2_max_sAs4p0
5035,10219.110009092534,5390.536034744826,12754.602407010098,10219.110009092534,0.0,pvalloc_29nbfs_LRG2_max_sAs4p0
5036,10.548888256582023,10991.170219113274,10991.18265426243,10.548888256582023,0.0,pvalloc_29nbfs_LRG2_max_sAs4p0
5037,0.0,15623.399766375918,15623.399766375918,0.0,0.0,pvalloc_29nbfs_LRG2_max_sAs4p0
5038,0.0,16022.715362504956,16022.715362504956,0.0,0.0,pvalloc_29nbfs_LRG2_max_sAs4p0
5039,0.0,16439.75171535185,16439.75171535185,0.0,0.0,pvalloc_29nbfs_LRG2_max_sAs4p0
5040,0.0,12326.556850038327,12326.556850038327,0.0,0.0,pvalloc_29nbfs_LRG2_max_sAs4p0
5041,0.0,9488.472208125191,9488.472208125191,0.0,0.0,pvalloc_29nbfs_LRG2_max_sAs4p0
5042,0.0,8024.4353338224,8024.4353338224,0.0,0.0,pvalloc_29nbfs_LRG2_max_sAs4p0
5043,0.0,7253.657469496068,7253.657469496068,0.0,0.0,pvalloc_29nbfs_LRG2_max_sAs4p0
5044,0.0,6638.189465394041,6638.189465394041,0.0,0.0,pvalloc_29nbfs_LRG2_max_sAs4p0
5045,0.0,6441.096729282571,6441.096729282571,0.0,0.0,pvalloc_29nbfs_LRG2_max_sAs4p0
5046,127.12251433708721,4133.670980250469,4135.222269984038,127.12251433708721,0.0,pvalloc_29nbfs_LRG2_max_sAs4p0
5047,11295.343365051232,2640.823988383475,12116.109266150068,11295.343365051232,0.0,pvalloc_29nbfs_LRG2_max_sAs4p0
5048,32387.160857744282,2959.734742065724,32666.48269790759,32387.160857744282,0.0,pvalloc_29nbfs_LRG2_max_sAs4p0
5049,53143.070902677944,3327.325876872951,53311.44457473061,51765.268571982604,1377.8023306953307,pvalloc_29nbfs_LRG2_max_sAs4p0
5050,72235.77529143578,3408.9831087592515,72335.12649438556,65790.35150848437,6445.423782951506,pvalloc_29nbfs_LRG2_max_sAs4p0
5051,65843.89557689088,3813.9157006602827,66013.52491488022,61469.20492867014,4374.690648220752,pvalloc_29nbfs_LRG2_max_sAs4p0
5052,60332.39325788282,4447.679619991088,60627.38770777972,57421.34404486166,2911.0492130211474,pvalloc_29nbfs_LRG2_max_sAs4p0
5053,66919.93227271807,4710.457598639008,67207.66012573859,62169.28616214395,4750.646110574177,pvalloc_29nbfs_LRG2_max_sAs4p0
5054,68045.85912622503,4590.30295417198,68320.47007783139,62857.165967839945,5188.69315838505,pvalloc_29nbfs_LRG2_max_sAs4p0
5055,57555.623997714014,4863.0380299778735,57968.873925360575,55195.02265585851,2360.601341855509,pvalloc_29nbfs_LRG2_max_sAs4p0
5056,51406.80029490589,4304.692069080153,51767.12721301246,50217.95082742247,1188.8494674834108,pvalloc_29nbfs_LRG2_max_sAs4p0
5057,34342.99923501904,3724.8500804755763,34831.66944378919,34299.55340271109,43.4458323079412,pvalloc_29nbfs_LRG2_max_sAs4p0
5058,12128.256063819219,3720.931927884185,13405.264125256754,12128.256063819219,0.0,pvalloc_29nbfs_LRG2_max_sAs4p0
5059,6179.529891133535,4371.411435016851,8407.473177464935,6179.529891133535,0.0,pvalloc_29nbfs_LRG2_max_sAs4p0
5060,213.08328161292422,7653.803858105483,7656.394015001212,213.08328161292422,0.0,pvalloc_29nbfs_LRG2_max_sAs4p0
5061,0.0,12442.644294585474,12442.644294585474,0.0,0.0,pvalloc_29nbfs_LRG2_max_sAs4p0
5062,0.0,12652.578225358759,12652.578225358759,0.0,0.0,pvalloc_29nbfs_LRG2_max_sAs4p0
5063,0.0,12878.862779430523,12878.862779430523,0.0,0.0,pvalloc_29nbfs_LRG2_max_sAs4p0
5064,0.0,12350.75565968853,12350.75565968853,0.0,0.0,pvalloc_29nbfs_LRG2_max_sAs4p0
5065,0.0,11097.685205202353,11097.685205202353,0.0,0.0,pvalloc_29nbfs_LRG2_max_sAs4p0
5066,0.0,9294.124150992038,9294.124150992038,0.0,0.0,pvalloc_29nbfs_LRG2_max_sAs4p0
5067,0.0,7868.8472553816255,7868.8472553816255,0.0,0.0,pvalloc_29nbfs_LRG2_max_sAs4p0
5068,0.0,6865.793803809358,6865.793803809358,0.0,0.0,pvalloc_29nbfs_LRG2_max_sAs4p0
5069,0.0,7046.117084101746,7046.117084101746,0.0,0.0,pvalloc_29nbfs_LRG2_max_sAs4p0
5070,117.8699334554353,4243.280456447285,4244.727420617851,117.8699334554353,0.0,pvalloc_29nbfs_LRG2_max_sAs4p0
5071,13180.376306149765,2495.212678666332,13788.752897614058,13180.376306149765,0.0,pvalloc_29nbfs_LRG2_max_sAs4p0
5072,30180.6683652895,2796.4957435841047,30453.48559024828,30180.6683652895,0.0,pvalloc_29nbfs_LRG2_max_sAs4p0
5073,52405.17591828343,3195.8496119473175,52561.59599335771,51118.30566407945,1286.8702542039716,pvalloc_29nbfs_LRG2_max_sAs4p0
5074,69807.58399122057,3484.118363577304,69940.60279011843,64154.45726038817,5653.126730832275,pvalloc_29nbfs_LRG2_max_sAs4p0
5075,80377.7346691688,3901.809654151397,80522.27876745215,70538.88054604443,9838.854123124365,pvalloc_29nbfs_LRG2_max_sAs4p0
5076,70883.74438106421,4437.940339085057,71108.20045222029,64830.94761547762,6052.7967655864395,pvalloc_29nbfs_LRG2_max_sAs4p0
5077,62704.742493443184,4863.786800760867,63054.88192433772,59158.87751881177,3545.864974631406,pvalloc_29nbfs_LRG2_max_sAs4p0
5078,53272.54381053772,5048.20291937281,53806.54226325275,51714.86552423417,1557.6782863035587,pvalloc_29nbfs_LRG2_max_sAs4p0
5079,33083.656218498574,5064.205287994058,34065.58831610333,33055.58001263181,28.076205866758357,pvalloc_29nbfs_LRG2_max_sAs4p0
5080,36284.017326851514,4694.148636597418,37024.341612386976,36179.69553952774,104.32178732377668,pvalloc_29nbfs_LRG2_max_sAs4p0
5081,28588.53946493809,4457.248358878074,29458.810887183095,28588.53946493809,0.0,pvalloc_29nbfs_LRG2_max_sAs4p0
5082,16323.581493591319,4413.809914915566,17739.811116871217,16323.581493591319,0.0,pvalloc_29nbfs_LRG2_max_sAs4p0
5083,8592.983876784354,4733.516364179662,10816.953848214736,8592.983876784354,0.0,pvalloc_29nbfs_LRG2_max_sAs4p0
5084,45.241911282132996,9039.30805823766,9039.585068268592,45.241911282132996,0.0,pvalloc_29nbfs_LRG2_max_sAs4p0
5085,0.0,14038.884071464148,14038.884071464148,0.0,0.0,pvalloc_29nbfs_LRG2_max_sAs4p0
5086,0.0,16707.678657408913,16707.678657408913,0.0,0.0,pvalloc_29nbfs_LRG2_max_sAs4p0
5087,0.0,14798.423471834054,14798.423471834054,0.0,0.0,pvalloc_29nbfs_LRG2_max_sAs4p0
5088,0.0,12920.992928294934,12920.992928294934,0.0,0.0,pvalloc_29nbfs_LRG2_max_sAs4p0
5089,0.0,9900.944565301277,9900.944565301277,0.0,0.0,pvalloc_29nbfs_LRG2_max_sAs4p0
5090,0.0,9389.785903685057,9389.785903685057,0.0,0.0,pvalloc_29nbfs_LRG2_max_sAs4p0
5091,0.0,7401.546438254426,7401.546438254426,0.0,0.0,pvalloc_29nbfs_LRG2_max_sAs4p0
5092,0.0,6692.067790682455,6692.067790682455,0.0,0.0,pvalloc_29nbfs_LRG2_max_sAs4p0
5093,0.0,6497.448685059626,6497.448685059626,0.0,0.0,pvalloc_29nbfs_LRG2_max_sAs4p0
5094,300.49071470307445,3841.472500526531,3845.3793207529634,300.49071470307445,0.0,pvalloc_29nbfs_LRG2_max_sAs4p0
5095,14804.885090364327,2371.831638620975,15272.34580477445,14804.885090364327,0.0,pvalloc_29nbfs_LRG2_max_sAs4p0
5096,34806.52574778766,2366.6525124867158,34943.48819197341,34777.182031724384,29.34371606327437,pvalloc_29nbfs_LRG2_max_sAs4p0
5097,56894.079852866926,2793.7495415756453,56988.5750527795,54841.3582536932,2052.7215991737366,pvalloc_29nbfs_LRG2_max_sAs4p0
5098,73785.32244132881,2917.7874019030673,73861.60656599236,66754.49032566579,7030.83211566306,pvalloc_29nbfs_LRG2_max_sAs4p0
5099,89267.52485337603,3507.620927693973,89368.46124191984,75289.39439563736,13978.130457738665,pvalloc_29nbfs_LRG2_max_sAs4p0
5100,75371.79531189427,4902.9287462278535,75627.67864801362,67646.038872023,7725.756439871249,pvalloc_29nbfs_LRG2_max_sAs4p0
5101,66109.17307535783,5574.576965949214,66577.11513763844,61525.668160950605,4583.504914407185,pvalloc_29nbfs_LRG2_max_sAs4p0
5102,71193.55043820199,5661.266296450081,71656.79849609292,64857.75485579358,6335.79558240833,pvalloc_29nbfs_LRG2_max_sAs4p0
5103,64991.29230284111,5144.444677034908,65413.99711307848,60691.67194833063,4299.620354510445,pvalloc_29nbfs_LRG2_max_sAs4p0
5104,61183.982457144986,4940.659560117894,61614.26950108487,57895.51944309914,3288.4630140458553,pvalloc_29nbfs_LRG2_max_sAs4p0
5105,25872.488277395834,4797.560800054745,26938.39045725234,25872.488277395834,0.0,pvalloc_29nbfs_LRG2_max_sAs4p0
5106,6548.811036973746,5129.261500160695,9135.478193330902,6548.811036973746,0.0,pvalloc_29nbfs_LRG2_max_sAs4p0
5107,1418.6406917384447,6932.160706775124,7054.056316384771,1418.6406917384447,0.0,pvalloc_29nbfs_LRG2_max_sAs4p0
5108,0.5334636126599335,11343.933945324123,11343.933945324123,0.5334636126599335,0.0,pvalloc_29nbfs_LRG2_max_sAs4p0
5109,0.0,13173.89172578315,13173.89172578315,0.0,0.0,pvalloc_29nbfs_LRG2_max_sAs4p0
5110,0.0,13106.449704799224,13106.449704799224,0.0,0.0,pvalloc_29nbfs_LRG2_max_sAs4p0
5111,0.0,12603.245316458499,12603.245316458499,0.0,0.0,pvalloc_29nbfs_LRG2_max_sAs4p0
5112,0.0,10413.182078012227,10413.182078012227,0.0,0.0,pvalloc_29nbfs_LRG2_max_sAs4p0
5113,0.0,8993.403916155024,8993.403916155024,0.0,0.0,pvalloc_29nbfs_LRG2_max_sAs4p0
5114,0.0,7817.172615127088,7817.172615127088,0.0,0.0,pvalloc_29nbfs_LRG2_max_sAs4p0
5115,0.0,7187.960258470543,7187.960258470543,0.0,0.0,pvalloc_29nbfs_LRG2_max_sAs4p0
5116,0.0,6597.782238100716,6597.782238100716,0.0,0.0,pvalloc_29nbfs_LRG2_max_sAs4p0
5117,0.0,6653.582169584407,6653.582169584407,0.0,0.0,pvalloc_29nbfs_LRG2_max_sAs4p0
5118,143.77820566447704,4119.5331516657225,4121.2179547840215,143.77820566447704,0.0,pvalloc_29nbfs_LRG2_max_sAs4p0
5119,10269.032742310384,2358.6707135929755,10949.41364368409,10269.032742310384,0.0,pvalloc_29nbfs_LRG2_max_sAs4p0
5120,31156.304435707192,2382.3067329302644,31325.701111090206,31156.304435707192,0.0,pvalloc_29nbfs_LRG2_max_sAs4p0
5121,54453.5438858561,2713.301979556451,54550.599658828236,52866.533471471615,1587.0104143844944,pvalloc_29nbfs_LRG2_max_sAs4p0
5122,70445.59869232535,3179.327036879666,70542.22708690184,64643.00955218265,5802.589140142629,pvalloc_29nbfs_LRG2_max_sAs4p0
5123,88936.79334661154,3493.637514495621,89021.13625747069,75202.30241491566,13734.490931695902,pvalloc_29nbfs_LRG2_max_sAs4p0
5124,88527.79256819755,4691.867477310958,88693.30144485824,75035.53986875122,13492.25269944633,pvalloc_29nbfs_LRG2_max_sAs4p0
5125,88449.67493333023,5520.369564697011,88714.32883135875,74918.93761085227,13530.737322477953,pvalloc_29nbfs_LRG2_max_sAs4p0
5126,82178.9325160573,5400.968245179484,82470.55171688212,71504.58456796582,10674.34794809146,pvalloc_29nbfs_LRG2_max_sAs4p0
5127,77617.47695102722,5317.01663845847,77936.53046650015,68890.77449597964,8726.70245504757,pvalloc_29nbfs_LRG2_max_sAs4p0
5128,68745.97312332176,4485.359516453065,69004.14861339726,63350.93184870595,5395.041274615906,pvalloc_29nbfs_LRG2_max_sAs4p0
5129,50414.93933160383,4326.719872495119,50800.01103989467,49386.2955640837,1028.6437675201462,pvalloc_29nbfs_LRG2_max_sAs4p0
5130,30853.59353135608,4874.708111719631,31801.889060639347,30853.59353135608,0.0,pvalloc_29nbfs_LRG2_max_sAs4p0
5131,12202.260852001515,4979.393890078162,14327.700802978998,12202.260852001515,0.0,pvalloc_29nbfs_LRG2_max_sAs4p0
5132,1.3634681129331165,11936.686162893418,11936.686162893418,1.3634681129331165,0.0,pvalloc_29nbfs_LRG2_max_sAs4p0
5133,0.0,18228.216139042957,18228.216139042957,0.0,0.0,pvalloc_29nbfs_LRG2_max_sAs4p0
5134,0.0,18162.49636171034,18162.49636171034,0.0,0.0,pvalloc_29nbfs_LRG2_max_sAs4p0
5135,0.0,15581.301938822113,15581.301938822113,0.0,0.0,pvalloc_29nbfs_LRG2_max_sAs4p0
5136,0.0,13660.518661518498,13660.518661518498,0.0,0.0,pvalloc_29nbfs_LRG2_max_sAs4p0
5137,0.0,10358.480128423344,10358.480128423344,0.0,0.0,pvalloc_29nbfs_LRG2_max_sAs4p0
5138,0.0,8828.47113398323,8828.47113398323,0.0,0.0,pvalloc_29nbfs_LRG2_max_sAs4p0
5139,0.0,7213.798405873982,7213.798405873982,0.0,0.0,pvalloc_29nbfs_LRG2_max_sAs4p0
5140,0.0,6479.031429122139,6479.031429122139,0.0,0.0,pvalloc_29nbfs_LRG2_max_sAs4p0
5141,0.0,6403.162580960439,6403.162580960439,0.0,0.0,pvalloc_29nbfs_LRG2_max_sAs4p0
5142,125.61417902597776,4161.763059949361,4163.1431450747,125.61417902597776,0.0,pvalloc_29nbfs_LRG2_max_sAs4p0
5143,13308.136262430226,2354.854045127692,13827.715597659073,13308.136262430226,0.0,pvalloc_29nbfs_LRG2_max_sAs4p0
5144,33117.832159549485,2663.0430480674363,33316.935314713635,33117.832159549485,0.0,pvalloc_29nbfs_LRG2_max_sAs4p0
5145,53982.47362818417,3207.599916532362,54124.01167373906,52477.57116903298,1504.9024591511934,pvalloc_29nbfs_LRG2_max_sAs4p0
5146,74374.41913378525,3327.914012860753,74471.47920202436,67146.83894791525,7227.580185870044,pvalloc_29nbfs_LRG2_max_sAs4p0
5147,87661.09791054207,4249.351243911639,87785.80639765554,74618.43976790318,13042.658142638884,pvalloc_29nbfs_LRG2_max_sAs4p0
5148,83276.66676053315,5794.710779425903,83643.1818020431,72370.16128523373,10906.50547529946,pvalloc_29nbfs_LRG2_max_sAs4p0
5149,88097.52679098932,5321.404284500163,88338.11441416443,74824.24019682466,13273.286594164616,pvalloc_29nbfs_LRG2_max_sAs4p0
5150,87702.08466875216,4495.582249972375,87893.83955142966,74417.91943293704,13284.165235815111,pvalloc_29nbfs_LRG2_max_sAs4p0
5151,75872.03393947362,5024.962520229271,76142.83917182207,67933.11418208909,7938.9197573845195,pvalloc_29nbfs_LRG2_max_sAs4p0
5152,63210.69731113094,4265.274478016956,63455.854058816636,59537.0580212688,3673.639289862157,pvalloc_29nbfs_LRG2_max_sAs4p0
5153,45934.64054129424,3930.070880376728,46262.09955994859,45496.703009841076,437.937531453171,pvalloc_29nbfs_LRG2_max_sAs4p0
5154,30683.265015896595,3930.6468156082215,31271.33802197039,30683.265015896595,0.0,pvalloc_29nbfs_LRG2_max_sAs4p0
5155,10171.037719470914,5608.038160331631,12944.854457176642,10171.037719470914,0.0,pvalloc_29nbfs_LRG2_max_sAs4p0
5156,0.9937821242603091,13203.666486704484,13203.666486704484,0.9937821242603091,0.0,pvalloc_29nbfs_LRG2_max_sAs4p0
5157,0.0,16656.158247084175,16656.158247084175,0.0,0.0,pvalloc_29nbfs_LRG2_max_sAs4p0
5158,0.0,16956.66673318879,16956.66673318879,0.0,0.0,pvalloc_29nbfs_LRG2_max_sAs4p0
5159,0.0,13878.197386105796,13878.197386105796,0.0,0.0,pvalloc_29nbfs_LRG2_max_sAs4p0
5160,0.0,13359.709264488023,13359.709264488023,0.0,0.0,pvalloc_29nbfs_LRG2_max_sAs4p0
5161,0.0,9823.421723926975,9823.421723926975,0.0,0.0,pvalloc_29nbfs_LRG2_max_sAs4p0
5162,0.0,8004.918441437758,8004.918441437758,0.0,0.0,pvalloc_29nbfs_LRG2_max_sAs4p0
5163,0.0,7279.771629046192,7279.771629046192,0.0,0.0,pvalloc_29nbfs_LRG2_max_sAs4p0
5164,0.0,6702.512682378077,6702.512682378077,0.0,0.0,pvalloc_29nbfs_LRG2_max_sAs4p0
5165,0.0,6398.764586689275,6398.764586689275,0.0,0.0,pvalloc_29nbfs_LRG2_max_sAs4p0
5166,103.0869477975063,4348.8636611172005,4349.964325189454,103.0869477975063,0.0,pvalloc_29nbfs_LRG2_max_sAs4p0
5167,12662.805356728699,2548.022405038372,13328.110897778031,12662.805356728699,0.0,pvalloc_29nbfs_LRG2_max_sAs4p0
5168,33065.87071838389,2920.3460523781523,33321.225778772176,33065.87071838389,0.0,pvalloc_29nbfs_LRG2_max_sAs4p0
5169,54916.96755417063,3160.4279501435108,55049.12257247891,53242.56220189873,1674.4053522718968,pvalloc_29nbfs_LRG2_max_sAs4p0
5170,74944.22662836664,3061.174518062368,75028.56836695713,67466.72438728975,7477.502241076861,pvalloc_29nbfs_LRG2_max_sAs4p0
5171,89753.64996869452,3764.981382726791,89853.60142656803,75620.21106767534,14133.438901019173,pvalloc_29nbfs_LRG2_max_sAs4p0
5172,84037.1426847784,4277.520728381331,84196.62564789937,72608.43028722791,11428.712397550456,pvalloc_29nbfs_LRG2_max_sAs4p0
5173,78322.3961700159,4585.951895841775,78537.2660207568,69376.52261116628,8945.873558849666,pvalloc_29nbfs_LRG2_max_sAs4p0
5174,88615.92237175207,4540.582135154189,88804.33135620426,74908.38378635459,13707.538585397508,pvalloc_29nbfs_LRG2_max_sAs4p0
5175,76364.98729767569,4721.904897412418,76611.96175476293,68185.35556666553,8179.6317310101485,pvalloc_29nbfs_LRG2_max_sAs4p0
5176,61165.7713020617,4536.958581273707,61471.262065414376,57985.05628587929,3180.7150161824043,pvalloc_29nbfs_LRG2_max_sAs4p0
5177,41839.56335588854,4210.944634187572,42314.37535342577,41626.761459746114,212.8018961424276,pvalloc_29nbfs_LRG2_max_sAs4p0
5178,22925.992740632817,4132.230067626856,23846.55062178839,22925.992740632817,0.0,pvalloc_29nbfs_LRG2_max_sAs4p0
5179,9385.064414427789,4312.79468639381,11202.931027406046,9385.064414427789,0.0,pvalloc_29nbfs_LRG2_max_sAs4p0
5180,20.162857597377897,9584.000035290823,9584.156996682246,20.162857597377897,0.0,pvalloc_29nbfs_LRG2_max_sAs4p0
5181,0.0,17958.547144614713,17958.547144614713,0.0,0.0,pvalloc_29nbfs_LRG2_max_sAs4p0
5182,0.0,15508.105894089558,15508.105894089558,0.0,0.0,pvalloc_29nbfs_LRG2_max_sAs4p0
5183,0.0,14273.897403473246,14273.897403473246,0.0,0.0,pvalloc_29nbfs_LRG2_max_sAs4p0
5184,0.0,13200.332246555772,13200.332246555772,0.0,0.0,pvalloc_29nbfs_LRG2_max_sAs4p0
5185,0.0,9638.325646422078,9638.325646422078,0.0,0.0,pvalloc_29nbfs_LRG2_max_sAs4p0
5186,0.0,8321.584507793394,8321.584507793394,0.0,0.0,pvalloc_29nbfs_LRG2_max_sAs4p0
5187,0.0,7169.817360127392,7169.817360127392,0.0,0.0,pvalloc_29nbfs_LRG2_max_sAs4p0
5188,0.0,7079.928698781938,7079.928698781938,0.0,0.0,pvalloc_29nbfs_LRG2_max_sAs4p0
5189,0.0,6529.334832922408,6529.334832922408,0.0,0.0,pvalloc_29nbfs_LRG2_max_sAs4p0
5190,43.78781813976377,4768.18519161641,4768.681573812174,43.78781813976377,0.0,pvalloc_29nbfs_LRG2_max_sAs4p0
5191,10377.86859789049,2502.257244806058,11128.212117018986,10377.86859789049,0.0,pvalloc_29nbfs_LRG2_max_sAs4p0
5192,27611.62375074121,2856.989824244247,27933.676666826777,27611.62375074121,0.0,pvalloc_29nbfs_LRG2_max_sAs4p0
5193,49193.73669979164,3114.7818469413983,49348.446113556245,48455.553894811324,738.1828049803039,pvalloc_29nbfs_LRG2_max_sAs4p0
5194,62319.630497755184,3395.630202601581,62453.842599734795,58964.88707622639,3354.74342152878,pvalloc_29nbfs_LRG2_max_sAs4p0
5195,70876.42741388263,4074.316383747143,71045.06119744669,64935.882537551726,5940.544876330927,pvalloc_29nbfs_LRG2_max_sAs4p0
5196,68349.60905929537,5045.480137379673,68686.37755680681,63283.56147281519,5066.0475864801865,pvalloc_29nbfs_LRG2_max_sAs4p0
5197,72580.65934899889,4919.249376650327,72855.61666137991,65917.5939607454,6663.065388253384,pvalloc_29nbfs_LRG2_max_sAs4p0
5198,71330.78205031369,5430.985756601232,71701.75907335235,65105.02832783162,6225.753722482067,pvalloc_29nbfs_LRG2_max_sAs4p0
5199,70440.01929786743,4903.297134169033,70739.02195167125,64492.426890199546,5947.592407667865,pvalloc_29nbfs_LRG2_max_sAs4p0
5200,42354.03845201785,3815.0460923322316,42724.979498694156,42120.79781935822,233.2406326596323,pvalloc_29nbfs_LRG2_max_sAs4p0
5201,27215.220129699614,3804.9197655804314,27862.229080233345,27215.220129699614,0.0,pvalloc_29nbfs_LRG2_max_sAs4p0
5202,13099.356403307409,4327.795899903563,14761.017500586848,13099.356403307409,0.0,pvalloc_29nbfs_LRG2_max_sAs4p0
5203,8221.442699315987,4806.914079104792,10540.391201580118,8221.442699315987,0.0,pvalloc_29nbfs_LRG2_max_sAs4p0
5204,0.0,15090.727599488766,15090.727599488766,0.0,0.0,pvalloc_29nbfs_LRG2_max_sAs4p0
5205,0.0,15791.348827533153,15791.348827533153,0.0,0.0,pvalloc_29nbfs_LRG2_max_sAs4p0
5206,0.0,15247.75572798058,15247.75572798058,0.0,0.0,pvalloc_29nbfs_LRG2_max_sAs4p0
5207,0.0,15008.22525066832,15008.22525066832,0.0,0.0,pvalloc_29nbfs_LRG2_max_sAs4p0
5208,0.0,12069.433844123947,12069.433844123947,0.0,0.0,pvalloc_29nbfs_LRG2_max_sAs4p0
5209,0.0,11145.876780548273,11145.876780548273,0.0,0.0,pvalloc_29nbfs_LRG2_max_sAs4p0
5210,0.0,8940.899584908117,8940.899584908117,0.0,0.0,pvalloc_29nbfs_LRG2_max_sAs4p0
5211,0.0,7874.895807358424,7874.895807358424,0.0,0.0,pvalloc_29nbfs_LRG2_max_sAs4p0
5212,0.0,7043.644556647981,7043.644556647981,0.0,0.0,pvalloc_29nbfs_LRG2_max_sAs4p0
5213,0.0,7125.558647681808,7125.558647681808,0.0,0.0,pvalloc_29nbfs_LRG2_max_sAs4p0
5214,3.6096344292121643,5734.065866734997,5734.137550030811,3.6096344292121643,0.0,pvalloc_29nbfs_LRG2_max_sAs4p0
5215,1654.6307056701926,3024.149031406945,3676.612123797409,1654.6307056701926,0.0,pvalloc_29nbfs_LRG2_max_sAs4p0
5216,6111.908678720176,2945.4739337269298,7459.013230843838,6111.908678720176,0.0,pvalloc_29nbfs_LRG2_max_sAs4p0
5217,12204.997612655734,3187.825971594091,13274.692063073298,12204.997612655734,0.0,pvalloc_29nbfs_LRG2_max_sAs4p0
5218,23893.238905479022,3307.3658261843943,24453.417226351496,23893.238905479022,0.0,pvalloc_29nbfs_LRG2_max_sAs4p0
5219,28431.50994334311,3945.9270977680267,29099.970678838064,28431.50994334311,0.0,pvalloc_29nbfs_LRG2_max_sAs4p0
5220,21053.75679741455,5082.511557666177,22718.037179603707,21053.75679741455,0.0,pvalloc_29nbfs_LRG2_max_sAs4p0
5221,45697.479738260154,4532.316330220248,46203.96266002518,45242.61846192101,454.86127633915356,pvalloc_29nbfs_LRG2_max_sAs4p0
5222,60416.28225199807,4698.695375006715,60771.162624367586,57380.373248929915,3035.9090030681555,pvalloc_29nbfs_LRG2_max_sAs4p0
5223,47444.40618837096,4724.601124375608,47962.98466863534,46827.65812586078,616.7480625101741,pvalloc_29nbfs_LRG2_max_sAs4p0
5224,47801.80819001589,4121.248395254566,48168.70644646152,47161.24013542791,640.5680545879735,pvalloc_29nbfs_LRG2_max_sAs4p0
5225,35800.70698973562,4199.490813994067,36375.86019780707,35732.41138889439,68.29560084122556,pvalloc_29nbfs_LRG2_max_sAs4p0
5226,24956.86190334891,4094.3032717805963,25776.98778087313,24956.86190334891,0.0,pvalloc_29nbfs_LRG2_max_sAs4p0
5227,10271.069974778471,4774.00246297964,12373.573979575149,10271.069974778471,0.0,pvalloc_29nbfs_LRG2_max_sAs4p0
5228,0.2477358678561736,12343.482458632974,12343.482458632974,0.2477358678561736,0.0,pvalloc_29nbfs_LRG2_max_sAs4p0
5229,0.0,17463.78761121696,17463.78761121696,0.0,0.0,pvalloc_29nbfs_LRG2_max_sAs4p0
5230,0.0,16776.245765136617,16776.245765136617,0.0,0.0,pvalloc_29nbfs_LRG2_max_sAs4p0
5231,0.0,13863.094861205216,13863.094861205216,0.0,0.0,pvalloc_29nbfs_LRG2_max_sAs4p0
5232,0.0,12379.083196074876,12379.083196074876,0.0,0.0,pvalloc_29nbfs_LRG2_max_sAs4p0
5233,0.0,10840.796451126309,10840.796451126309,0.0,0.0,pvalloc_29nbfs_LRG2_max_sAs4p0
5234,0.0,8839.193140860434,8839.193140860434,0.0,0.0,pvalloc_29nbfs_LRG2_max_sAs4p0
5235,0.0,7691.549078353808,7691.549078353808,0.0,0.0,pvalloc_29nbfs_LRG2_max_sAs4p0
5236,0.0,6881.188714069509,6881.188714069509,0.0,0.0,pvalloc_29nbfs_LRG2_max_sAs4p0
5237,0.0,7020.828203404439,7020.828203404439,0.0,0.0,pvalloc_29nbfs_LRG2_max_sAs4p0
5238,66.5469601812082,4740.908989189919,4741.59335200712,66.5469601812082,0.0,pvalloc_29nbfs_LRG2_max_sAs4p0
5239,11462.232857405872,2608.64011630376,12193.505269210442,11462.232857405872,0.0,pvalloc_29nbfs_LRG2_max_sAs4p0
5240,24406.881729649915,2926.8003495003904,24811.45675594282,24406.881729649915,0.0,pvalloc_29nbfs_LRG2_max_sAs4p0
5241,48304.141230127534,3153.0013742233323,48469.34087269668,47670.5996526633,633.5415774642404,pvalloc_29nbfs_LRG2_max_sAs4p0
5242,62261.216587331895,3597.429384920323,62414.30518132977,58919.91608200558,3341.3005053263073,pvalloc_29nbfs_LRG2_max_sAs4p0
5243,68816.54556409642,3909.5264428483806,68982.924086103,63524.38940642294,5292.156157673524,pvalloc_29nbfs_LRG2_max_sAs4p0
5244,56479.884771463294,4417.742615013536,56796.36788875783,54424.09939073216,2055.785380731143,pvalloc_29nbfs_LRG2_max_sAs4p0
5245,54910.88618970687,4932.270239343676,55360.748244159804,53134.38096758157,1776.50522212531,pvalloc_29nbfs_LRG2_max_sAs4p0
5246,51250.4534451376,4986.4814384736865,51798.25414310486,50044.96006871787,1205.4933764197337,pvalloc_29nbfs_LRG2_max_sAs4p0
5247,50994.55549200576,4681.045520196617,51469.685042407524,49843.94298597043,1150.612506035337,pvalloc_29nbfs_LRG2_max_sAs4p0
5248,43370.555432917856,4129.271588545403,43827.15967119896,43073.14927283193,297.4061600859262,pvalloc_29nbfs_LRG2_max_sAs4p0
5249,35402.973567112655,4003.6463481195447,35937.82373493848,35341.45785565649,61.51571145616117,pvalloc_29nbfs_LRG2_max_sAs4p0
5250,18125.71869201169,4538.887471767012,19492.526646462567,18125.71869201169,0.0,pvalloc_29nbfs_LRG2_max_sAs4p0
5251,8334.940278430364,5134.082278650245,10855.199984512503,8334.940278430364,0.0,pvalloc_29nbfs_LRG2_max_sAs4p0
5252,0.0,19000.100591300677,19000.100591300677,0.0,0.0,pvalloc_29nbfs_LRG2_max_sAs4p0
5253,0.0,19290.580116971658,19290.580116971658,0.0,0.0,pvalloc_29nbfs_LRG2_max_sAs4p0
5254,0.0,16835.26838147422,16835.26838147422,0.0,0.0,pvalloc_29nbfs_LRG2_max_sAs4p0
5255,0.0,14924.78827852718,14924.78827852718,0.0,0.0,pvalloc_29nbfs_LRG2_max_sAs4p0
5256,0.0,13381.168060104117,13381.168060104117,0.0,0.0,pvalloc_29nbfs_LRG2_max_sAs4p0
5257,0.0,10539.960012448035,10539.960012448035,0.0,0.0,pvalloc_29nbfs_LRG2_max_sAs4p0
5258,0.0,8429.066249258418,8429.066249258418,0.0,0.0,pvalloc_29nbfs_LRG2_max_sAs4p0
5259,0.0,7662.686930720702,7662.686930720702,0.0,0.0,pvalloc_29nbfs_LRG2_max_sAs4p0
5260,0.0,6987.5697160524915,6987.5697160524915,0.0,0.0,pvalloc_29nbfs_LRG2_max_sAs4p0
5261,0.0,6946.060646242225,6946.060646242225,0.0,0.0,pvalloc_29nbfs_LRG2_max_sAs4p0
5262,58.791882466820766,4987.468891590368,4988.091960517513,58.791882466820766,0.0,pvalloc_29nbfs_LRG2_max_sAs4p0
5263,12690.820950821826,2562.95051028919,13329.549399476482,12690.820950821826,0.0,pvalloc_29nbfs_LRG2_max_sAs4p0
5264,33507.96620185805,2855.923357984155,33743.96143010609,33503.95428310565,4.0119187523974915,pvalloc_29nbfs_LRG2_max_sAs4p0
5265,56202.585666618426,2947.0176030192715,56315.18479669,54280.66809590842,1921.917570710008,pvalloc_29nbfs_LRG2_max_sAs4p0
5266,75230.6262872427,3724.1807256003804,75347.428897469,67682.42163116219,7548.204656080516,pvalloc_29nbfs_LRG2_max_sAs4p0
5267,88833.61124765412,4799.891194054181,89003.86982460323,75239.71516996116,13593.896077692965,pvalloc_29nbfs_LRG2_max_sAs4p0
5268,86127.02195568032,5847.823697744466,86461.22489395991,73819.89358686302,12307.1283688172,pvalloc_29nbfs_LRG2_max_sAs4p0
5269,91024.2233321918,5814.373056847966,91313.50548838086,76240.72942730144,14783.49390489038,pvalloc_29nbfs_LRG2_max_sAs4p0
5270,91509.5998982584,5228.389878327345,91778.90510601741,76218.20808856681,15291.39180969152,pvalloc_29nbfs_LRG2_max_sAs4p0
5271,83052.46455243311,5019.988409802839,83314.25052163971,71929.33120353508,11123.133348898042,pvalloc_29nbfs_LRG2_max_sAs4p0
5272,69195.38007704903,4778.319442898873,69483.12602489171,63665.72734337163,5529.652733677378,pvalloc_29nbfs_LRG2_max_sAs4p0
5273,52127.80511119765,4342.688132370842,52503.37170727307,50812.597713195,1315.2073980026503,pvalloc_29nbfs_LRG2_max_sAs4p0
5274,31264.62619670843,4442.960016178522,32028.767427680436,31264.62619670843,0.0,pvalloc_29nbfs_LRG2_max_sAs4p0
5275,12675.701228225284,4709.241255368305,14449.071632933566,12675.701228225284,0.0,pvalloc_29nbfs_LRG2_max_sAs4p0
5276,0.001144878417680309,16108.027228745355,16108.027228745355,0.001144878417680309,0.0,pvalloc_29nbfs_LRG2_max_sAs4p0
5277,0.0,16661.54003587522,16661.54003587522,0.0,0.0,pvalloc_29nbfs_LRG2_max_sAs4p0
5278,0.0,16071.87963882066,16071.87963882066,0.0,0.0,pvalloc_29nbfs_LRG2_max_sAs4p0
5279,0.0,16513.615011586437,16513.615011586437,0.0,0.0,pvalloc_29nbfs_LRG2_max_sAs4p0
5280,0.0,14223.402737580196,14223.402737580196,0.0,0.0,pvalloc_29nbfs_LRG2_max_sAs4p0
5281,0.0,10189.901163932847,10189.901163932847,0.0,0.0,pvalloc_29nbfs_LRG2_max_sAs4p0
5282,0.0,9219.908618123189,9219.908618123189,0.0,0.0,pvalloc_29nbfs_LRG2_max_sAs4p0
5283,0.0,8077.212368111326,8077.212368111326,0.0,0.0,pvalloc_29nbfs_LRG2_max_sAs4p0
5284,0.0,7416.388772703772,7416.388772703772,0.0,0.0,pvalloc_29nbfs_LRG2_max_sAs4p0
5285,0.0,7104.393955178766,7104.393955178766,0.0,0.0,pvalloc_29nbfs_LRG2_max_sAs4p0
5286,19.594252273589372,5505.371930351576,5505.634459086213,19.594252273589372,0.0,pvalloc_29nbfs_LRG2_max_sAs4p0
5287,11800.257753225716,2604.490479462205,12507.045829833309,11800.257753225716,0.0,pvalloc_29nbfs_LRG2_max_sAs4p0
5288,33674.462287462244,2762.6363768464144,33890.26869927959,33668.11827880534,6.344008656892981,pvalloc_29nbfs_LRG2_max_sAs4p0
5289,55889.723000641105,2764.8186869501424,55990.75987572572,54027.35440724231,1862.3685933987927,pvalloc_29nbfs_LRG2_max_sAs4p0
5290,74188.13557900378,3621.1934035451072,74298.14403973406,67055.93642968663,7132.199149317047,pvalloc_29nbfs_LRG2_max_sAs4p0
5291,90222.05191020403,4049.624798751082,90344.52684048757,75841.78034700491,14380.271563199149,pvalloc_29nbfs_LRG2_max_sAs4p0
5292,85620.05483258051,5618.687961447721,85921.42129519426,73556.16856630285,12063.886266277666,pvalloc_29nbfs_LRG2_max_sAs4p0
5293,91373.42191516822,5532.553255791078,91633.08099749214,76304.78264342876,15068.639271739417,pvalloc_29nbfs_LRG2_max_sAs4p0
5294,86752.25575142195,6652.282723875883,87208.31994742648,73909.90013065458,12842.355620767414,pvalloc_29nbfs_LRG2_max_sAs4p0
5295,80012.31073262256,6058.202216228882,80434.56132872662,70227.97606883675,9784.334663785756,pvalloc_29nbfs_LRG2_max_sAs4p0
5296,65448.12643343804,6116.163574127217,66036.37969051316,61109.0946178508,4339.0318155872255,pvalloc_29nbfs_LRG2_max_sAs4p0
5297,49698.952230911746,5438.9777088272485,50390.2309344655,48726.133706916546,972.8185239951965,pvalloc_29nbfs_LRG2_max_sAs4p0
5298,29310.908881714364,5433.13102737277,30515.258108838556,29310.908881714364,0.0,pvalloc_29nbfs_LRG2_max_sAs4p0
5299,8809.581766824043,6468.594332202855,12180.577007263002,8809.581766824043,0.0,pvalloc_29nbfs_LRG2_max_sAs4p0
5300,0.006800150706788702,16915.023699066223,16915.023699066223,0.006800150706788702,0.0,pvalloc_29nbfs_LRG2_max_sAs4p0
5301,0.0,19664.8737674663,19664.8737674663,0.0,0.0,pvalloc_29nbfs_LRG2_max_sAs4p0
5302,0.0,21717.297616531436,21717.297616531436,0.0,0.0,pvalloc_29nbfs_LRG2_max_sAs4p0
5303,0.0,17214.825474050005,17214.825474050005,0.0,0.0,pvalloc_29nbfs_LRG2_max_sAs4p0
5304,0.0,12578.207549128694,12578.207549128694,0.0,0.0,pvalloc_29nbfs_LRG2_max_sAs4p0
5305,0.0,10294.109997870488,10294.109997870488,0.0,0.0,pvalloc_29nbfs_LRG2_max_sAs4p0
5306,0.0,8325.709247505114,8325.709247505114,0.0,0.0,pvalloc_29nbfs_LRG2_max_sAs4p0
5307,0.0,7293.515981600716,7293.515981600716,0.0,0.0,pvalloc_29nbfs_LRG2_max_sAs4p0
5308,0.0,6735.77447883469,6735.77447883469,0.0,0.0,pvalloc_29nbfs_LRG2_max_sAs4p0
5309,0.0,6710.483943585054,6710.483943585054,0.0,0.0,pvalloc_29nbfs_LRG2_max_sAs4p0
5310,30.28657619262685,4984.851317601168,4985.236443041841,30.28657619262685,0.0,pvalloc_29nbfs_LRG2_max_sAs4p0
5311,11752.366477391313,2510.544108780398,12419.906944848843,11752.366477391313,0.0,pvalloc_29nbfs_LRG2_max_sAs4p0
5312,32871.66418185712,2874.191419190469,33120.36838875303,32871.66418185712,0.0,pvalloc_29nbfs_LRG2_max_sAs4p0
5313,54819.13144521227,3219.60839088832,54959.684498868584,53153.635166905464,1665.4962783067863,pvalloc_29nbfs_LRG2_max_sAs4p0
5314,74962.9118191557,3688.513427694864,75088.89379417915,67485.42234739162,7477.489471764019,pvalloc_29nbfs_LRG2_max_sAs4p0
5315,91197.38302427658,3849.54902573005,91309.99327876137,76297.34547008181,14900.037554194805,pvalloc_29nbfs_LRG2_max_sAs4p0
5316,85241.25074719786,5912.741404350889,85591.1053209219,73338.75200980471,11902.498737393125,pvalloc_29nbfs_LRG2_max_sAs4p0
5317,90965.97768297198,5414.898399191298,91205.82167477133,76182.27850944543,14783.699173526536,pvalloc_29nbfs_LRG2_max_sAs4p0
5318,88570.0403887268,5552.751468911756,88841.68526640795,74907.11940254566,13662.920986181132,pvalloc_29nbfs_LRG2_max_sAs4p0
5319,82024.85641427753,4916.794441733443,82258.25748588507,71431.0851934374,10593.77122084013,pvalloc_29nbfs_LRG2_max_sAs4p0
5320,67943.3341325421,4825.435749296604,68241.12886800931,62836.16948219103,5107.164650351122,pvalloc_29nbfs_LRG2_max_sAs4p0
5321,50060.83035907407,4697.238876115858,50518.10993138715,49099.75525174552,961.0751073285506,pvalloc_29nbfs_LRG2_max_sAs4p0
5322,31970.50787133771,3954.670003700468,32564.6319762516,31970.50787133771,0.0,pvalloc_29nbfs_LRG2_max_sAs4p0
5323,10837.752891452266,4742.334648348087,12904.601087612005,10837.752891452266,0.0,pvalloc_29nbfs_LRG2_max_sAs4p0
5324,0.6190629343953278,11780.388079603495,11780.388079603495,0.6190629343953278,0.0,pvalloc_29nbfs_LRG2_max_sAs4p0
5325,0.0,17798.4514230697,17798.4514230697,0.0,0.0,pvalloc_29nbfs_LRG2_max_sAs4p0
5326,0.0,19605.334016129706,19605.334016129706,0.0,0.0,pvalloc_29nbfs_LRG2_max_sAs4p0
5327,0.0,17993.3392447101,17993.3392447101,0.0,0.0,pvalloc_29nbfs_LRG2_max_sAs4p0
5328,0.0,14499.905393880887,14499.905393880887,0.0,0.0,pvalloc_29nbfs_LRG2_max_sAs4p0
5329,0.0,10706.798579119697,10706.798579119697,0.0,0.0,pvalloc_29nbfs_LRG2_max_sAs4p0
5330,0.0,8691.305275136961,8691.305275136961,0.0,0.0,pvalloc_29nbfs_LRG2_max_sAs4p0
5331,0.0,7299.838339654399,7299.838339654399,0.0,0.0,pvalloc_29nbfs_LRG2_max_sAs4p0
5332,0.0,6942.4868277889755,6942.4868277889755,0.0,0.0,pvalloc_29nbfs_LRG2_max_sAs4p0
5333,0.0,6828.1340130815815,6828.1340130815815,0.0,0.0,pvalloc_29nbfs_LRG2_max_sAs4p0
5334,10.225690947563496,5417.786127224362,5417.921717804764,10.225690947563496,0.0,pvalloc_29nbfs_LRG2_max_sAs4p0
5335,10506.056605406104,2805.754624390158,11439.249392727923,10506.056605406104,0.0,pvalloc_29nbfs_LRG2_max_sAs4p0
5336,31590.377692306745,3234.258416375348,31945.326467862367,31590.377692306745,0.0,pvalloc_29nbfs_LRG2_max_sAs4p0
5337,53930.153231662385,3412.4529666492467,54098.44178502025,52415.424016497374,1514.729215165012,pvalloc_29nbfs_LRG2_max_sAs4p0
5338,73878.9946005908,3725.3397949805412,74006.38611160136,66834.93799511921,7044.0566054716155,pvalloc_29nbfs_LRG2_max_sAs4p0
5339,89053.50274814676,4022.8559490258535,89170.89133603137,75278.08746458536,13775.415283561382,pvalloc_29nbfs_LRG2_max_sAs4p0
5340,84367.63209449037,5739.866137209854,84715.98389699966,72964.43725901557,11403.194835474827,pvalloc_29nbfs_LRG2_max_sAs4p0
5341,88666.03310524015,5708.312598447901,88956.43863149801,75098.87607459832,13567.157030641809,pvalloc_29nbfs_LRG2_max_sAs4p0
5342,85478.14000930412,6552.191424627519,85935.4096855278,73432.80364548955,12045.336363814542,pvalloc_29nbfs_LRG2_max_sAs4p0
5343,80357.47019508352,5458.920982125165,80667.22392872804,70487.04187648972,9870.428318593793,pvalloc_29nbfs_LRG2_max_sAs4p0
5344,68389.53276500547,4524.157448710913,68647.29041562957,63128.082240037096,5261.450524968385,pvalloc_29nbfs_LRG2_max_sAs4p0
5345,48968.859950170125,4481.2540258153595,49391.33989725584,48177.93716911688,790.922781053247,pvalloc_29nbfs_LRG2_max_sAs4p0
5346,29292.85056648835,4463.86254104239,30120.144869163854,29292.85056648835,0.0,pvalloc_29nbfs_LRG2_max_sAs4p0
5347,7443.839573471164,6365.361390552279,10946.87572375219,7443.839573471164,0.0,pvalloc_29nbfs_LRG2_max_sAs4p0
5348,0.0,15989.657712948896,15989.657712948896,0.0,0.0,pvalloc_29nbfs_LRG2_max_sAs4p0
5349,0.0,16826.71504393423,16826.71504393423,0.0,0.0,pvalloc_29nbfs_LRG2_max_sAs4p0
5350,0.0,17455.218388780384,17455.218388780384,0.0,0.0,pvalloc_29nbfs_LRG2_max_sAs4p0
5351,0.0,17312.601875985754,17312.601875985754,0.0,0.0,pvalloc_29nbfs_LRG2_max_sAs4p0
5352,0.0,14414.143741518079,14414.143741518079,0.0,0.0,pvalloc_29nbfs_LRG2_max_sAs4p0
5353,0.0,9954.17201230051,9954.17201230051,0.0,0.0,pvalloc_29nbfs_LRG2_max_sAs4p0
5354,0.0,8448.308232531268,8448.308232531268,0.0,0.0,pvalloc_29nbfs_LRG2_max_sAs4p0
5355,0.0,7461.470557932398,7461.470557932398,0.0,0.0,pvalloc_29nbfs_LRG2_max_sAs4p0
5356,0.0,6904.553782501744,6904.553782501744,0.0,0.0,pvalloc_29nbfs_LRG2_max_sAs4p0
5357,0.0,6785.528064411385,6785.528064411385,0.0,0.0,pvalloc_29nbfs_LRG2_max_sAs4p0
5358,16.174580997365616,5398.0369789240785,5398.2669428002355,16.174580997365616,0.0,pvalloc_29nbfs_LRG2_max_sAs4p0
5359,10623.000129461852,2700.29746123299,11465.427388235055,10623.000129461852,0.0,pvalloc_29nbfs_LRG2_max_sAs4p0
5360,31817.508969205348,3036.40896048142,32118.056813082858,31817.508969205348,0.0,pvalloc_29nbfs_LRG2_max_sAs4p0
5361,51631.58873732463,4021.3559967669544,51935.25055501495,50508.19683805257,1123.3918992720598,pvalloc_29nbfs_LRG2_max_sAs4p0
5362,72716.92440199126,4119.283662091849,72880.76031895218,66134.73101492548,6582.193387065809,pvalloc_29nbfs_LRG2_max_sAs4p0
5363,86940.63935950927,4994.413148930266,87148.8875660478,74313.05412539514,12627.585234114109,pvalloc_29nbfs_LRG2_max_sAs4p0
5364,84895.68365752579,5829.299955704658,85256.56838139327,73248.48606676071,11647.19759076507,pvalloc_29nbfs_LRG2_max_sAs4p0
5365,87849.29324638093,6393.657561636473,88282.50533490152,74768.18025395127,13081.112992429595,pvalloc_29nbfs_LRG2_max_sAs4p0
5366,90081.52180711122,5273.29986230678,90319.60986109934,75673.09522163487,14408.426585476333,pvalloc_29nbfs_LRG2_max_sAs4p0
5367,81539.0495205226,4898.266244594955,81765.61426296236,71190.90447217174,10348.145048350874,pvalloc_29nbfs_LRG2_max_sAs4p0
5368,67790.43669148764,4601.101082774658,68046.74644994429,62798.77283801565,4991.663853472083,pvalloc_29nbfs_LRG2_max_sAs4p0
5369,48932.06019561505,4696.5230964192815,49395.1864084262,48170.144048659145,761.9161469559031,pvalloc_29nbfs_LRG2_max_sAs4p0
5370,28010.914088385518,4838.5594598604075,29077.81045323252,28010.914088385518,0.0,pvalloc_29nbfs_LRG2_max_sAs4p0
5371,9368.118911639991,5176.325091607694,11828.607938054494,9368.118911639991,0.0,pvalloc_29nbfs_LRG2_max_sAs4p0
5372,0.0,16855.742259611125,16855.742259611125,0.0,0.0,pvalloc_29nbfs_LRG2_max_sAs4p0
5373,0.0,17345.89249504484,17345.89249504484,0.0,0.0,pvalloc_29nbfs_LRG2_max_sAs4p0
5374,0.0,16579.522190389725,16579.522190389725,0.0,0.0,pvalloc_29nbfs_LRG2_max_sAs4p0
5375,0.0,15251.4463649937,15251.4463649937,0.0,0.0,pvalloc_29nbfs_LRG2_max_sAs4p0
5376,0.0,13188.262672566276,13188.262672566276,0.0,0.0,pvalloc_29nbfs_LRG2_max_sAs4p0
5377,0.0,11323.925666493667,11323.925666493667,0.0,0.0,pvalloc_29nbfs_LRG2_max_sAs4p0
5378,0.0,9734.491596408214,9734.491596408214,0.0,0.0,pvalloc_29nbfs_LRG2_max_sAs4p0
5379,0.0,8493.11069650855,8493.11069650855,0.0,0.0,pvalloc_29nbfs_LRG2_max_sAs4p0
5380,0.0,7434.25510738279,7434.25510738279,0.0,0.0,pvalloc_29nbfs_LRG2_max_sAs4p0
5381,0.0,7087.350693282779,7087.350693282779,0.0,0.0,pvalloc_29nbfs_LRG2_max_sAs4p0
5382,6.514937609922594,5749.399686970458,5749.499077780299,6.514937609922594,0.0,pvalloc_29nbfs_LRG2_max_sAs4p0
5383,10253.985731170947,2774.4640567976962,11158.30543219073,10253.985731170947,0.0,pvalloc_29nbfs_LRG2_max_sAs4p0
5384,32071.966888214858,2885.465186870675,32339.82585289628,32071.966888214858,0.0,pvalloc_29nbfs_LRG2_max_sAs4p0
5385,54203.82480415138,3220.8269011536877,54349.300597514455,52636.20597331061,1567.6188308407704,pvalloc_29nbfs_LRG2_max_sAs4p0
5386,72808.67148476996,3904.9672035988588,72948.2871951266,66184.11575221154,6624.555732558315,pvalloc_29nbfs_LRG2_max_sAs4p0
5387,88424.60815332906,4434.517889888836,88572.36106544071,74963.00338334046,13461.604769988622,pvalloc_29nbfs_LRG2_max_sAs4p0
5388,85516.61864617014,5516.58276710818,85801.10020612471,73486.85001612545,12029.76863004467,pvalloc_29nbfs_LRG2_max_sAs4p0
5389,89250.7093124695,5835.246990850176,89552.7970640014,75340.11990660938,13910.589405860113,pvalloc_29nbfs_LRG2_max_sAs4p0
5390,85617.50404527475,6239.483084536436,86006.6689224171,73449.85272242551,12167.651322849279,pvalloc_29nbfs_LRG2_max_sAs4p0
5391,78821.11703716175,5603.673912509947,79157.29246955768,69672.68201512635,9148.435022035355,pvalloc_29nbfs_LRG2_max_sAs4p0
5392,64780.45399462877,5314.259007873459,65189.07191504551,60738.70523369,4041.7487609387717,pvalloc_29nbfs_LRG2_max_sAs4p0
5393,45999.92870874013,5337.974889221269,46711.59799684925,45555.15818174052,444.77052699960797,pvalloc_29nbfs_LRG2_max_sAs4p0
5394,27032.959015487788,4953.708685277657,28199.156943667804,27032.959015487788,0.0,pvalloc_29nbfs_LRG2_max_sAs4p0
5395,6321.758913084034,7005.600492249382,10430.458038553159,6321.758913084034,0.0,pvalloc_29nbfs_LRG2_max_sAs4p0
5396,0.0,17145.843500901683,17145.843500901683,0.0,0.0,pvalloc_29nbfs_LRG2_max_sAs4p0
5397,0.0,18592.212130355496,18592.212130355496,0.0,0.0,pvalloc_29nbfs_LRG2_max_sAs4p0
5398,0.0,17959.280865600802,17959.280865600802,0.0,0.0,pvalloc_29nbfs_LRG2_max_sAs4p0
5399,0.0,15321.147510146637,15321.147510146637,0.0,0.0,pvalloc_29nbfs_LRG2_max_sAs4p0
5400,0.0,13722.161589340783,13722.161589340783,0.0,0.0,pvalloc_29nbfs_LRG2_max_sAs4p0
5401,0.0,10430.229263731497,10430.229263731497,0.0,0.0,pvalloc_29nbfs_LRG2_max_sAs4p0
5402,0.0,8829.571873465273,8829.571873465273,0.0,0.0,pvalloc_29nbfs_LRG2_max_sAs4p0
5403,0.0,7657.188196967488,7657.188196967488,0.0,0.0,pvalloc_29nbfs_LRG2_max_sAs4p0
5404,0.0,7455.696363549953,7455.696363549953,0.0,0.0,pvalloc_29nbfs_LRG2_max_sAs4p0
5405,0.0,7031.549107246735,7031.549107246735,0.0,0.0,pvalloc_29nbfs_LRG2_max_sAs4p0
5406,1.9963346145865029,6089.670900536092,6089.718251528622,1.9963346145865029,0.0,pvalloc_29nbfs_LRG2_max_sAs4p0
5407,10246.833115286072,2615.8573150305606,11050.62467961249,10246.833115286072,0.0,pvalloc_29nbfs_LRG2_max_sAs4p0
5408,29306.915293616436,3028.8959822864135,29645.951466929462,29306.915293616436,0.0,pvalloc_29nbfs_LRG2_max_sAs4p0
5409,48766.892485406766,3991.1556136092668,49083.664520312304,48072.86741439952,694.0250710072448,pvalloc_29nbfs_LRG2_max_sAs4p0
5410,67050.60018422523,3842.5907988668378,67212.3379579678,62350.85102808125,4699.7491561438765,pvalloc_29nbfs_LRG2_max_sAs4p0
5411,74851.26518870408,4142.077901452241,75023.27302030398,67358.68548318541,7492.579705518726,pvalloc_29nbfs_LRG2_max_sAs4p0
5412,63308.991157010336,5462.248967367669,63788.88928968856,59684.99307582142,3623.998081188949,pvalloc_29nbfs_LRG2_max_sAs4p0
5413,62775.581340112374,6093.536497442052,63405.97935387965,59237.48980667383,3538.091533438533,pvalloc_29nbfs_LRG2_max_sAs4p0
5414,57278.59283611237,6035.128600289157,58002.263403583325,54907.99653609308,2370.5963000192887,pvalloc_29nbfs_LRG2_max_sAs4p0
5415,46208.24442874327,5488.116147614098,46967.30116667266,45695.877038128885,512.3673906143943,pvalloc_29nbfs_LRG2_max_sAs4p0
5416,34371.113910459106,5014.325660172301,35261.58123790333,34321.47270482952,49.641205629581066,pvalloc_29nbfs_LRG2_max_sAs4p0
5417,27440.901089193318,4820.398356036046,28493.887818120656,27440.901089193318,0.0,pvalloc_29nbfs_LRG2_max_sAs4p0
5418,11359.678710168217,5234.33112446238,13693.152203292611,11359.678710168217,0.0,pvalloc_29nbfs_LRG2_max_sAs4p0
5419,2517.4549329425245,6575.434854330155,7235.938009237963,2517.4549329425245,0.0,pvalloc_29nbfs_LRG2_max_sAs4p0
5420,0.0,14157.241973242719,14157.241973242719,0.0,0.0,pvalloc_29nbfs_LRG2_max_sAs4p0
5421,0.0,16175.31795512087,16175.31795512087,0.0,0.0,pvalloc_29nbfs_LRG2_max_sAs4p0
5422,0.0,16617.529616008727,16617.529616008727,0.0,0.0,pvalloc_29nbfs_LRG2_max_sAs4p0
5423,0.0,15583.466132818583,15583.466132818583,0.0,0.0,pvalloc_29nbfs_LRG2_max_sAs4p0
5424,0.0,13573.678772779585,13573.678772779585,0.0,0.0,pvalloc_29nbfs_LRG2_max_sAs4p0
4920,0.0,11113.463869085279,11113.463869085279,0.0,0.0,pvalloc_29nbfs_LRG2_max_sBs0p8
4921,0.0,10737.831728562101,10737.831728562101,0.0,0.0,pvalloc_29nbfs_LRG2_max_sBs0p8
4922,0.0,10105.311448681485,10105.311448681485,0.0,0.0,pvalloc_29nbfs_LRG2_max_sBs0p8
4923,0.0,8120.094880445637,8120.094880445637,0.0,0.0,pvalloc_29nbfs_LRG2_max_sBs0p8
4924,0.0,7251.733657230992,7251.733657230992,0.0,0.0,pvalloc_29nbfs_LRG2_max_sBs0p8
4925,0.0,6971.075169345191,6971.075169345191,0.0,0.0,pvalloc_29nbfs_LRG2_max_sBs0p8
4926,823.4348787879663,3595.9600953358804,3690.5530765853573,823.4348787879663,0.0,pvalloc_29nbfs_LRG2_max_sBs0p8
4927,15761.86046072772,2536.179471020978,16269.25010470289,15761.86046072772,0.0,pvalloc_29nbfs_LRG2_max_sBs0p8
4928,35994.992120626375,2697.6738706924925,36180.17072301207,35928.27310158488,66.71901904150525,pvalloc_29nbfs_LRG2_max_sBs0p8
4929,55369.22453710997,3337.713398370922,55525.261246505856,53600.41130342251,1768.8132336874514,pvalloc_29nbfs_LRG2_max_sBs0p8
4930,74391.82924818875,3562.601267945225,74505.54133388127,67096.58715186629,7295.242096322401,pvalloc_29nbfs_LRG2_max_sBs0p8
4931,89319.11977452986,4071.960106704577,89447.92696603574,75344.73729820302,13974.382476326757,pvalloc_29nbfs_LRG2_max_sBs0p8
4932,74222.39315419688,5133.236144988753,74529.63563168084,66960.43133666851,7261.961817528365,pvalloc_29nbfs_LRG2_max_sBs0p8
4933,61768.37608984249,6642.072545989079,62615.136715414235,58533.202345273035,3235.1737445694425,pvalloc_29nbfs_LRG2_max_sBs0p8
4934,58393.035701290995,5487.491748121104,58936.70758035233,55849.96181581993,2543.073885471056,pvalloc_29nbfs_LRG2_max_sBs0p8
4935,50981.72722563826,5066.559422803236,51549.36630943709,49811.99167415477,1169.7355514834815,pvalloc_29nbfs_LRG2_max_sBs0p8
4936,50365.31139910431,4815.292352995169,50879.13618709273,49305.36661651956,1059.944782584741,pvalloc_29nbfs_LRG2_max_sBs0p8
4937,34086.47338438378,4267.074249850197,34735.660148241914,34044.23764979146,42.23573459232534,pvalloc_29nbfs_LRG2_max_sBs0p8
4938,16344.048399204908,3926.0103301213694,17455.924058022294,16344.048399204908,0.0,pvalloc_29nbfs_LRG2_max_sBs0p8
4939,7180.360607056197,5152.271559938718,9874.42311229375,7180.360607056197,0.0,pvalloc_29nbfs_LRG2_max_sBs0p8
4940,296.05045890147153,8837.225741551847,8840.673108025016,296.05045890147153,0.0,pvalloc_29nbfs_LRG2_max_sBs0p8
4941,0.0,12714.325160437364,12714.325160437364,0.0,0.0,pvalloc_29nbfs_LRG2_max_sBs0p8
4942,0.0,13844.117670126652,13844.117670126652,0.0,0.0,pvalloc_29nbfs_LRG2_max_sBs0p8
4943,0.0,13190.081500942471,13190.081500942471,0.0,0.0,pvalloc_29nbfs_LRG2_max_sBs0p8
4944,0.0,15734.473543662867,15734.473543662867,0.0,0.0,pvalloc_29nbfs_LRG2_max_sBs0p8
4945,0.0,11843.652935827871,11843.652935827871,0.0,0.0,pvalloc_29nbfs_LRG2_max_sBs0p8
4946,0.0,9148.163406638314,9148.163406638314,0.0,0.0,pvalloc_29nbfs_LRG2_max_sBs0p8
4947,0.0,7889.191632688863,7889.191632688863,0.0,0.0,pvalloc_29nbfs_LRG2_max_sBs0p8
4948,0.0,7842.183829125384,7842.183829125384,0.0,0.0,pvalloc_29nbfs_LRG2_max_sBs0p8
4949,0.0,6888.334696423668,6888.334696423668,0.0,0.0,pvalloc_29nbfs_LRG2_max_sBs0p8
4950,7.64951632584382,5201.373653979252,5201.390966342206,7.64951632584382,0.0,pvalloc_29nbfs_LRG2_max_sBs0p8
4951,9123.957924417806,2539.2867040029346,9969.979051141494,9123.957924417806,0.0,pvalloc_29nbfs_LRG2_max_sBs0p8
4952,30302.904476550837,2553.925534391742,30516.331717892157,30302.904476550837,0.0,pvalloc_29nbfs_LRG2_max_sBs0p8
4953,54005.96713095693,3006.45839557919,54130.01546626994,52470.947892277705,1535.019238679223,pvalloc_29nbfs_LRG2_max_sBs0p8
4954,75425.76034628671,3368.49167279604,75521.74978257608,67728.65047469902,7697.109871587652,pvalloc_29nbfs_LRG2_max_sBs0p8
4955,86708.74609637987,3615.628627456672,86815.44028881201,73961.20566583746,12747.540430542329,pvalloc_29nbfs_LRG2_max_sBs0p8
4956,74738.37387269395,4604.1066365302795,74963.72714971207,67278.79626365464,7459.577609039233,pvalloc_29nbfs_LRG2_max_sBs0p8
4957,50052.023743208105,4867.6749082801325,50567.229640159894,49062.33545734265,989.6882858654592,pvalloc_29nbfs_LRG2_max_sBs0p8
4958,60897.894173586894,5005.690871339612,61340.55849484784,57680.77254479295,3217.1216287939515,pvalloc_29nbfs_LRG2_max_sBs0p8
4959,48572.6703753882,5048.519351004015,49208.73275994489,47749.24126356759,823.4291118206106,pvalloc_29nbfs_LRG2_max_sBs0p8
4960,44657.66248079986,4723.38880866597,45273.61754584299,44237.62956952564,420.03291127422324,pvalloc_29nbfs_LRG2_max_sBs0p8
4961,35980.726441594576,4805.494124236253,36783.934723980376,35883.003503822816,97.72293777175776,pvalloc_29nbfs_LRG2_max_sBs0p8
4962,19840.579639007003,4687.051178412917,21184.774659275765,19840.579639007003,0.0,pvalloc_29nbfs_LRG2_max_sBs0p8
4963,9130.038343747949,6050.483655711288,12244.471742929069,9130.038343747949,0.0,pvalloc_29nbfs_LRG2_max_sBs0p8
4964,3.5884108360977764,11428.10623046465,11428.10623046465,3.5884108360977764,0.0,pvalloc_29nbfs_LRG2_max_sBs0p8
4965,0.0,21698.627529472968,21698.627529472968,0.0,0.0,pvalloc_29nbfs_LRG2_max_sBs0p8
4966,0.0,15054.668580548849,15054.668580548849,0.0,0.0,pvalloc_29nbfs_LRG2_max_sBs0p8
4967,0.0,14761.300435221638,14761.300435221638,0.0,0.0,pvalloc_29nbfs_LRG2_max_sBs0p8
4968,0.0,12492.27995856741,12492.27995856741,0.0,0.0,pvalloc_29nbfs_LRG2_max_sBs0p8
4969,0.0,10052.532145121633,10052.532145121633,0.0,0.0,pvalloc_29nbfs_LRG2_max_sBs0p8
4970,0.0,8034.332061846783,8034.332061846783,0.0,0.0,pvalloc_29nbfs_LRG2_max_sBs0p8
4971,0.0,7219.022230515399,7219.022230515399,0.0,0.0,pvalloc_29nbfs_LRG2_max_sBs0p8
4972,0.0,6689.043790452775,6689.043790452775,0.0,0.0,pvalloc_29nbfs_LRG2_max_sBs0p8
4973,0.0,6426.528200910122,6426.528200910122,0.0,0.0,pvalloc_29nbfs_LRG2_max_sBs0p8
4974,161.02946662904108,3989.3085776304943,3991.258325970677,161.02946662904108,0.0,pvalloc_29nbfs_LRG2_max_sBs0p8
4975,10202.935999230971,2533.8724281346085,10985.652892870972,10202.935999230971,0.0,pvalloc_29nbfs_LRG2_max_sBs0p8
4976,3135.0032055027577,2922.3349414474324,4786.827186543214,3135.0032055027577,0.0,pvalloc_29nbfs_LRG2_max_sBs0p8
4977,18338.416501061733,3138.733914902159,19030.818186653833,18338.416501061733,0.0,pvalloc_29nbfs_LRG2_max_sBs0p8
4978,36177.03654621835,3432.3626773124693,36532.61948420474,36085.680771261315,91.35577495703194,pvalloc_29nbfs_LRG2_max_sBs0p8
4979,57341.92574127616,3908.542024643915,57573.33648805462,55089.12590741789,2252.7998338582693,pvalloc_29nbfs_LRG2_max_sBs0p8
4980,59624.362224277356,4677.262283593027,59970.63434067157,56857.39532498788,2766.966899289457,pvalloc_29nbfs_LRG2_max_sBs0p8
4981,62947.97436226282,5377.456919975483,63407.43127734615,59353.552206782035,3594.422155480788,pvalloc_29nbfs_LRG2_max_sBs0p8
4982,47637.35250202839,4925.856183346627,48239.845458794814,46950.16013673275,687.1923652956398,pvalloc_29nbfs_LRG2_max_sBs0p8
4983,52863.32509201744,5535.155472273725,53508.67505701816,51407.746888403344,1455.5782036140997,pvalloc_29nbfs_LRG2_max_sBs0p8
4984,42938.35433344665,4885.6334903708,43583.0782375676,42657.62326529657,280.73106815008003,pvalloc_29nbfs_LRG2_max_sBs0p8
4985,28498.526618253694,4366.910412793044,29332.383725110045,28498.526618253694,0.0,pvalloc_29nbfs_LRG2_max_sBs0p8
4986,22524.97412090427,4916.503205286468,23926.62400099211,22524.97412090427,0.0,pvalloc_29nbfs_LRG2_max_sBs0p8
4987,9974.01927051422,5114.049883314838,12424.897831657605,9974.01927051422,0.0,pvalloc_29nbfs_LRG2_max_sBs0p8
4988,1.7284850266152303,11602.520950692471,11602.520950692471,1.7284850266152303,0.0,pvalloc_29nbfs_LRG2_max_sBs0p8
4989,0.0,15306.207062822388,15306.207062822388,0.0,0.0,pvalloc_29nbfs_LRG2_max_sBs0p8
4990,0.0,18487.54111223772,18487.54111223772,0.0,0.0,pvalloc_29nbfs_LRG2_max_sBs0p8
4991,0.0,15678.910070087288,15678.910070087288,0.0,0.0,pvalloc_29nbfs_LRG2_max_sBs0p8
4992,0.0,12457.950105853322,12457.950105853322,0.0,0.0,pvalloc_29nbfs_LRG2_max_sBs0p8
4993,0.0,9566.57816566627,9566.57816566627,0.0,0.0,pvalloc_29nbfs_LRG2_max_sBs0p8
4994,0.0,8172.598108657662,8172.598108657662,0.0,0.0,pvalloc_29nbfs_LRG2_max_sBs0p8
4995,0.0,7275.373634775014,7275.373634775014,0.0,0.0,pvalloc_29nbfs_LRG2_max_sBs0p8
4996,0.0,6657.4320001843425,6657.4320001843425,0.0,0.0,pvalloc_29nbfs_LRG2_max_sBs0p8
4997,0.0,6227.237294939229,6227.237294939229,0.0,0.0,pvalloc_29nbfs_LRG2_max_sBs0p8
4998,409.1128271998928,3581.36170137529,3598.3269911459997,409.1128271998928,0.0,pvalloc_29nbfs_LRG2_max_sBs0p8
4999,14923.916636059184,2526.141750144815,15468.143133510746,14923.916636059184,0.0,pvalloc_29nbfs_LRG2_max_sBs0p8
5000,33567.80360910204,2776.320491881761,33793.13174262146,33557.31080602755,10.492803074491519,pvalloc_29nbfs_LRG2_max_sBs0p8
5001,52009.23625139791,3114.250820747313,52155.432033086785,50795.393832657646,1213.8424187402609,pvalloc_29nbfs_LRG2_max_sBs0p8
5002,65702.22396676967,3224.9353412587966,65818.8321373615,61379.408656103566,4322.815310666083,pvalloc_29nbfs_LRG2_max_sBs0p8
5003,85567.0181169451,3939.99554511101,85691.54943730518,73404.23551774044,12162.782599204698,pvalloc_29nbfs_LRG2_max_sBs0p8
5004,83659.65159747668,4477.653714651568,83830.39670380962,72397.47988204724,11262.171715429457,pvalloc_29nbfs_LRG2_max_sBs0p8
5005,90118.18740658116,4606.119819868709,90294.69573774665,75711.29237476304,14406.895031818116,pvalloc_29nbfs_LRG2_max_sBs0p8
5006,83918.50643703988,4591.575677994486,84123.683244564,72418.75711665592,11499.74932038392,pvalloc_29nbfs_LRG2_max_sBs0p8
5007,70145.29915496928,4609.121132756143,70405.79938490495,64294.19039875007,5851.108756219253,pvalloc_29nbfs_LRG2_max_sBs0p8
5008,55302.8740903009,4087.429629540256,55597.339277699546,53407.30915134422,1895.564938956691,pvalloc_29nbfs_LRG2_max_sBs0p8
5009,32730.916592669477,3834.199445415639,33278.306716088766,32722.80161380802,8.114978861458553,pvalloc_29nbfs_LRG2_max_sBs0p8
5010,13739.405822317854,3957.7782747832475,15069.197840318468,13739.405822317854,0.0,pvalloc_29nbfs_LRG2_max_sBs0p8
5011,2512.6762014228348,6083.041631401914,6859.710729466489,2512.6762014228348,0.0,pvalloc_29nbfs_LRG2_max_sBs0p8
5012,0.024958675141344665,13827.219567053173,13827.219567053173,0.024958675141344665,0.0,pvalloc_29nbfs_LRG2_max_sBs0p8
5013,0.0,14662.18168263524,14662.18168263524,0.0,0.0,pvalloc_29nbfs_LRG2_max_sBs0p8
5014,0.0,16274.799124460178,16274.799124460178,0.0,0.0,pvalloc_29nbfs_LRG2_max_sBs0p8
5015,0.0,15624.092956490871,15624.092956490871,0.0,0.0,pvalloc_29nbfs_LRG2_max_sBs0p8
5016,0.0,12724.18576973016,12724.18576973016,0.0,0.0,pvalloc_29nbfs_LRG2_max_sBs0p8
5017,0.0,10867.074894322572,10867.074894322572,0.0,0.0,pvalloc_29nbfs_LRG2_max_sBs0p8
5018,0.0,8769.37174164062,8769.37174164062,0.0,0.0,pvalloc_29nbfs_LRG2_max_sBs0p8
5019,0.0,7592.31461024244,7592.31461024244,0.0,0.0,pvalloc_29nbfs_LRG2_max_sBs0p8
5020,0.0,6804.494587055006,6804.494587055006,0.0,0.0,pvalloc_29nbfs_LRG2_max_sBs0p8
5021,0.0,6914.447201421453,6914.447201421453,0.0,0.0,pvalloc_29nbfs_LRG2_max_sBs0p8
5022,126.49306966211473,4156.8262982747165,4158.398759748203,126.49306966211473,0.0,pvalloc_29nbfs_LRG2_max_sBs0p8
5023,10440.84366669285,2563.9923930164073,11233.617214575017,10440.84366669285,0.0,pvalloc_29nbfs_LRG2_max_sBs0p8
5024,21692.47983503911,2749.2855133424778,22114.332189723373,21692.47983503911,0.0,pvalloc_29nbfs_LRG2_max_sBs0p8
5025,18561.263455802713,3366.50649356143,19407.710597154357,18561.263455802713,0.0,pvalloc_29nbfs_LRG2_max_sBs0p8
5026,30575.885022109414,3798.822434131914,31187.765851807428,30575.885022109414,0.0,pvalloc_29nbfs_LRG2_max_sBs0p8
5027,65866.68731840505,3646.276810006886,66024.71967871336,61451.643963877345,4415.0433545276555,pvalloc_29nbfs_LRG2_max_sBs0p8
5028,78971.98851427353,5326.200807003898,79298.13598671104,69857.19146333824,9114.797050935322,pvalloc_29nbfs_LRG2_max_sBs0p8
5029,52063.76999570058,5045.130769837702,52597.0952078465,50734.24987870779,1329.5201169927932,pvalloc_29nbfs_LRG2_max_sBs0p8
5030,22716.773591254856,5836.585880897343,24591.299839883515,22716.773591254856,0.0,pvalloc_29nbfs_LRG2_max_sBs0p8
5031,25367.04586582055,4959.826020713626,26612.923196311556,25367.04586582055,0.0,pvalloc_29nbfs_LRG2_max_sBs0p8
5032,33759.09442953061,4038.846438688028,34346.612561048605,33717.658428190785,41.43600133983085,pvalloc_29nbfs_LRG2_max_sBs0p8
5033,26714.4292876061,4129.360905412195,27518.95928117898,26714.4292876061,0.0,pvalloc_29nbfs_LRG2_max_sBs0p8
5034,16597.496109681622,4722.986500440277,18220.50541173296,16597.496109681622,0.0,pvalloc_29nbfs_LRG2_max_sBs0p8
5035,10219.841847980799,5390.236078130834,12755.810864177014,10219.841847980799,0.0,pvalloc_29nbfs_LRG2_max_sBs0p8
5036,10.562849167174688,10990.897858506323,10990.910293655481,10.562849167174688,0.0,pvalloc_29nbfs_LRG2_max_sBs0p8
5037,0.0,15623.399766375918,15623.399766375918,0.0,0.0,pvalloc_29nbfs_LRG2_max_sBs0p8
5038,0.0,16022.715362504956,16022.715362504956,0.0,0.0,pvalloc_29nbfs_LRG2_max_sBs0p8
5039,0.0,16439.75171535185,16439.75171535185,0.0,0.0,pvalloc_29nbfs_LRG2_max_sBs0p8
5040,0.0,12326.556850038327,12326.556850038327,0.0,0.0,pvalloc_29nbfs_LRG2_max_sBs0p8
5041,0.0,9488.472208125191,9488.472208125191,0.0,0.0,pvalloc_29nbfs_LRG2_max_sBs0p8
5042,0.0,8024.4353338224,8024.4353338224,0.0,0.0,pvalloc_29nbfs_LRG2_max_sBs0p8
5043,0.0,7253.657469496068,7253.657469496068,0.0,0.0,pvalloc_29nbfs_LRG2_max_sBs0p8
5044,0.0,6638.189465394041,6638.189465394041,0.0,0.0,pvalloc_29nbfs_LRG2_max_sBs0p8
5045,0.0,6441.09672928257,6441.09672928257,0.0,0.0,pvalloc_29nbfs_LRG2_max_sBs0p8
5046,127.04201666795937,4133.38528913939,4134.936578872957,127.04201666795937,0.0,pvalloc_29nbfs_LRG2_max_sBs0p8
5047,11296.320702614781,2640.92314789988,12117.132100650733,11296.320702614781,0.0,pvalloc_29nbfs_LRG2_max_sBs0p8
5048,32389.08784853701,2959.7347420657243,32668.281132392338,32389.08784853701,0.0,pvalloc_29nbfs_LRG2_max_sBs0p8
5049,53146.038376214725,3327.3258768729506,53314.5033705053,51766.15803830609,1379.8803379086378,pvalloc_29nbfs_LRG2_max_sBs0p8
5050,72239.65480719972,3408.9831087592515,72339.18434344341,65791.16385581275,6448.490951387028,pvalloc_29nbfs_LRG2_max_sBs0p8
5051,65847.50176997366,3813.9157006602827,66017.10833674866,61469.33134620549,4378.170423768194,pvalloc_29nbfs_LRG2_max_sBs0p8
5052,60335.79704661702,4447.679619991088,60630.447734564266,57421.835561375,2913.961485242008,pvalloc_29nbfs_LRG2_max_sBs0p8
5053,66923.66139085553,4710.457598639008,67211.41891967983,62169.431205716646,4754.230185138919,pvalloc_29nbfs_LRG2_max_sBs0p8
5054,68049.56202235298,4590.30295417198,68324.10729623688,62857.15429807867,5192.407724274262,pvalloc_29nbfs_LRG2_max_sBs0p8
5055,57558.86717298498,4863.038029977873,57971.650926526025,55195.57448868056,2363.2926843044243,pvalloc_29nbfs_LRG2_max_sBs0p8
5056,51409.70821027852,4304.6920690801535,51769.54384607704,50218.79743123184,1190.9107790466915,pvalloc_29nbfs_LRG2_max_sBs0p8
5057,34345.079164825685,3724.906779890868,34833.45016519206,34301.63094938317,43.448215442519825,pvalloc_29nbfs_LRG2_max_sBs0p8
5058,12128.771900379905,3720.478430491265,13405.774899199576,12128.771900379905,0.0,pvalloc_29nbfs_LRG2_max_sBs0p8
5059,6179.676105497087,4370.842231886286,8408.103556616872,6179.676105497087,0.0,pvalloc_29nbfs_LRG2_max_sBs0p8
5060,213.0318876953822,7653.506321799079,7656.096478694807,213.0318876953822,0.0,pvalloc_29nbfs_LRG2_max_sBs0p8
5061,0.0,12442.644294585474,12442.644294585474,0.0,0.0,pvalloc_29nbfs_LRG2_max_sBs0p8
5062,0.0,12652.57822535876,12652.57822535876,0.0,0.0,pvalloc_29nbfs_LRG2_max_sBs0p8
5063,0.0,12878.862779430521,12878.862779430521,0.0,0.0,pvalloc_29nbfs_LRG2_max_sBs0p8
5064,0.0,12350.75565968853,12350.75565968853,0.0,0.0,pvalloc_29nbfs_LRG2_max_sBs0p8
5065,0.0,11097.685205202351,11097.685205202351,0.0,0.0,pvalloc_29nbfs_LRG2_max_sBs0p8
5066,0.0,9294.124150992038,9294.124150992038,0.0,0.0,pvalloc_29nbfs_LRG2_max_sBs0p8
5067,0.0,7868.8472553816255,7868.8472553816255,0.0,0.0,pvalloc_29nbfs_LRG2_max_sBs0p8
5068,0.0,6865.793803809358,6865.793803809358,0.0,0.0,pvalloc_29nbfs_LRG2_max_sBs0p8
5069,0.0,7046.117084101746,7046.117084101746,0.0,0.0,pvalloc_29nbfs_LRG2_max_sBs0p8
5070,117.79579940214722,4243.006892156875,4244.453856327441,117.79579940214722,0.0,pvalloc_29nbfs_LRG2_max_sBs0p8
5071,13181.361084380904,2495.2577430348106,13789.879784135741,13181.361084380904,0.0,pvalloc_29nbfs_LRG2_max_sBs0p8
5072,30182.45795446275,2796.4957435841047,30455.04139517496,30182.45795446275,0.0,pvalloc_29nbfs_LRG2_max_sBs0p8
5073,52408.05964018212,3195.849611947318,52564.45950858193,51119.16255719348,1288.8970829886293,pvalloc_29nbfs_LRG2_max_sBs0p8
5074,69811.31866369817,3484.118363577304,69944.50816490047,64156.005086482764,5655.313577215363,pvalloc_29nbfs_LRG2_max_sBs0p8
5075,80382.00887287542,3901.8096541513964,80526.74833479567,70540.2353473511,9841.773525524335,pvalloc_29nbfs_LRG2_max_sBs0p8
5076,70887.6162221481,4437.9403390850575,71112.09255002551,64831.526328130385,6056.089894017736,pvalloc_29nbfs_LRG2_max_sBs0p8
5077,62708.26954388442,4863.786800760867,63058.01985050347,59159.50477070423,3548.7647731801667,pvalloc_29nbfs_LRG2_max_sBs0p8
5078,53275.60534038301,5048.20291937281,53809.183173595775,51715.43396233344,1560.1713780495675,pvalloc_29nbfs_LRG2_max_sBs0p8
5079,33085.85705601893,5064.260138137253,34067.718911466865,33057.771219369984,28.085836648949055,pvalloc_29nbfs_LRG2_max_sBs0p8
5080,36286.30797333568,4694.206789483207,37026.33958351055,36181.97777063187,104.33020270379751,pvalloc_29nbfs_LRG2_max_sBs0p8
5081,28590.438988980375,4457.298997473358,29460.663542018596,28590.438988980375,0.0,pvalloc_29nbfs_LRG2_max_sBs0p8
5082,16324.430105318133,4413.42004502073,17740.65474369571,16324.430105318133,0.0,pvalloc_29nbfs_LRG2_max_sBs0p8
5083,8593.503428585318,4733.155665152593,10817.879863516067,8593.503428585318,0.0,pvalloc_29nbfs_LRG2_max_sBs0p8
5084,45.215427237116025,9039.047545733602,9039.324555764533,45.215427237116025,0.0,pvalloc_29nbfs_LRG2_max_sBs0p8
5085,0.0,14038.884071464148,14038.884071464148,0.0,0.0,pvalloc_29nbfs_LRG2_max_sBs0p8
5086,0.0,16707.678657408916,16707.678657408916,0.0,0.0,pvalloc_29nbfs_LRG2_max_sBs0p8
5087,0.0,14798.423471834054,14798.423471834054,0.0,0.0,pvalloc_29nbfs_LRG2_max_sBs0p8
5088,0.0,12920.992928294932,12920.992928294932,0.0,0.0,pvalloc_29nbfs_LRG2_max_sBs0p8
5089,0.0,9900.944565301277,9900.944565301277,0.0,0.0,pvalloc_29nbfs_LRG2_max_sBs0p8
5090,0.0,9389.785903685059,9389.785903685059,0.0,0.0,pvalloc_29nbfs_LRG2_max_sBs0p8
5091,0.0,7401.546438254427,7401.546438254427,0.0,0.0,pvalloc_29nbfs_LRG2_max_sBs0p8
5092,0.0,6692.067790682455,6692.067790682455,0.0,0.0,pvalloc_29nbfs_LRG2_max_sBs0p8
5093,0.0,6497.448685059626,6497.448685059626,0.0,0.0,pvalloc_29nbfs_LRG2_max_sBs0p8
5094,300.3826688081378,3841.2035705442713,3845.109245557359,300.3826688081378,0.0,pvalloc_29nbfs_LRG2_max_sBs0p8
5095,14805.789590327051,2371.8585872308254,15273.186647835799,14805.789590327051,0.0,pvalloc_29nbfs_LRG2_max_sBs0p8
5096,34808.256411785405,2366.6525124867158,34945.1976371112,34778.9228533277,29.33355845770535,pvalloc_29nbfs_LRG2_max_sBs0p8
5097,56896.7842704627,2793.7495415756453,56991.408555044305,54842.12163122294,2054.6626392397643,pvalloc_29nbfs_LRG2_max_sBs0p8
5098,73788.74275306685,2917.7874019030673,73865.06716505667,66755.68720259465,7033.055550472101,pvalloc_29nbfs_LRG2_max_sBs0p8
5099,89271.58861152666,3507.620927693973,89372.57320172075,75292.25894758022,13979.329663946484,pvalloc_29nbfs_LRG2_max_sBs0p8
5100,75375.42220914332,4902.928746227854,75631.25301732642,67647.36079249438,7728.061416648901,pvalloc_29nbfs_LRG2_max_sBs0p8
5101,66112.4750772517,5574.576965949215,66579.79910332656,61525.942464821186,4586.5326124305075,pvalloc_29nbfs_LRG2_max_sBs0p8
5102,71197.02536579446,5661.266296450083,71659.96054528753,64858.00277186316,6339.022593931185,pvalloc_29nbfs_LRG2_max_sBs0p8
5103,64994.45957080634,5144.444677034908,65416.85925848106,60692.33982792521,4302.1197428811265,pvalloc_29nbfs_LRG2_max_sBs0p8
5104,61186.93891149283,4940.659560117894,61616.96528780941,57896.23941106829,3290.6995004245246,pvalloc_29nbfs_LRG2_max_sBs0p8
5105,25873.452076763166,4796.987578424059,26939.53262320604,25873.452076763166,0.0,pvalloc_29nbfs_LRG2_max_sBs0p8
5106,6548.157098832276,5127.970216794139,9134.350713861411,6548.157098832276,0.0,pvalloc_29nbfs_LRG2_max_sBs0p8
5107,1418.386373165634,6931.554443067483,7053.327691198855,1418.386373165634,0.0,pvalloc_29nbfs_LRG2_max_sBs0p8
5108,0.5373399570439836,11343.805211058161,11343.805211058161,0.5373399570439836,0.0,pvalloc_29nbfs_LRG2_max_sBs0p8
5109,0.0,13173.891725783154,13173.891725783154,0.0,0.0,pvalloc_29nbfs_LRG2_max_sBs0p8
5110,0.0,13106.449704799226,13106.449704799226,0.0,0.0,pvalloc_29nbfs_LRG2_max_sBs0p8
5111,0.0,12603.245316458495,12603.245316458495,0.0,0.0,pvalloc_29nbfs_LRG2_max_sBs0p8
5112,0.0,10413.182078012225,10413.182078012225,0.0,0.0,pvalloc_29nbfs_LRG2_max_sBs0p8
5113,0.0,8993.403916155026,8993.403916155026,0.0,0.0,pvalloc_29nbfs_LRG2_max_sBs0p8
5114,0.0,7817.172615127089,7817.172615127089,0.0,0.0,pvalloc_29nbfs_LRG2_max_sBs0p8
5115,0.0,7187.9602584705435,7187.9602584705435,0.0,0.0,pvalloc_29nbfs_LRG2_max_sBs0p8
5116,0.0,6597.782238100716,6597.782238100716,0.0,0.0,pvalloc_29nbfs_LRG2_max_sBs0p8
5117,0.0,6653.582169584411,6653.582169584411,0.0,0.0,pvalloc_29nbfs_LRG2_max_sBs0p8
5118,143.69751366845205,4119.300663667112,4120.985466785411,143.69751366845205,0.0,pvalloc_29nbfs_LRG2_max_sBs0p8
5119,10269.622950833675,2358.5194504449796,10950.11570724073,10269.622950833675,0.0,pvalloc_29nbfs_LRG2_max_sBs0p8
5120,31157.926944614534,2382.306732930265,31327.033130622756,31157.926944614534,0.0,pvalloc_29nbfs_LRG2_max_sBs0p8
5121,54456.14478846166,2713.301979556451,54553.324273805774,52867.145418904525,1588.9993695571377,pvalloc_29nbfs_LRG2_max_sBs0p8
5122,70448.99166988015,3179.327036879667,70545.65932860044,64644.28190091449,5804.709768965702,pvalloc_29nbfs_LRG2_max_sBs0p8
5123,88940.90664760782,3493.6375144956205,89025.29800599504,75204.99574666869,13735.91090093914,pvalloc_29nbfs_LRG2_max_sBs0p8
5124,88531.95147300296,4691.867477310958,88697.5979218738,75038.3143916779,13493.637081324994,pvalloc_29nbfs_LRG2_max_sBs0p8
5125,88453.89953466397,5520.369564697011,88718.62988200031,74921.77370609318,13532.125828570726,pvalloc_29nbfs_LRG2_max_sBs0p8
5126,82182.93043463085,5400.968245179485,82474.48597575823,71506.41922959386,10676.511205037034,pvalloc_29nbfs_LRG2_max_sBs0p8
5127,77621.20925508499,5317.016638458471,77940.05037837311,68891.940126937,8729.26912814798,pvalloc_29nbfs_LRG2_max_sBs0p8
5128,68749.24175503332,4485.359516453065,69007.41638091217,63351.2476713279,5397.994083705406,pvalloc_29nbfs_LRG2_max_sBs0p8
5129,50417.457606281525,4326.719872495119,50802.10175076744,49387.11233548152,1030.3452707999916,pvalloc_29nbfs_LRG2_max_sBs0p8
5130,30855.3883431562,4874.762681457637,31803.654940389366,30855.3883431562,0.0,pvalloc_29nbfs_LRG2_max_sBs0p8
5131,12202.716999596836,4978.8499683300115,14328.305835763753,12202.716999596836,0.0,pvalloc_29nbfs_LRG2_max_sBs0p8
5132,1.3746463229958004,11936.47932160887,11936.47932160887,1.3746463229958004,0.0,pvalloc_29nbfs_LRG2_max_sBs0p8
5133,0.0,18228.216139042957,18228.216139042957,0.0,0.0,pvalloc_29nbfs_LRG2_max_sBs0p8
5134,0.0,18162.49636171034,18162.49636171034,0.0,0.0,pvalloc_29nbfs_LRG2_max_sBs0p8
5135,0.0,15581.301938822113,15581.301938822113,0.0,0.0,pvalloc_29nbfs_LRG2_max_sBs0p8
5136,0.0,13660.518661518498,13660.518661518498,0.0,0.0,pvalloc_29nbfs_LRG2_max_sBs0p8
5137,0.0,10358.480128423344,10358.480128423344,0.0,0.0,pvalloc_29nbfs_LRG2_max_sBs0p8
5138,0.0,8828.47113398323,8828.47113398323,0.0,0.0,pvalloc_29nbfs_LRG2_max_sBs0p8
5139,0.0,7213.798405873983,7213.798405873983,0.0,0.0,pvalloc_29nbfs_LRG2_max_sBs0p8
5140,0.0,6479.031429122138,6479.031429122138,0.0,0.0,pvalloc_29nbfs_LRG2_max_sBs0p8
5141,0.0,6403.162580960438,6403.162580960438,0.0,0.0,pvalloc_29nbfs_LRG2_max_sBs0p8
5142,125.53377254982313,4161.535410011939,4162.915495137279,125.53377254982313,0.0,pvalloc_29nbfs_LRG2_max_sBs0p8
5143,13308.97830106151,2354.879042686097,13828.55617473318,13308.97830106151,0.0,pvalloc_29nbfs_LRG2_max_sBs0p8
5144,33119.52930983839,2663.0430480674363,33318.44067716156,33119.52930983839,0.0,pvalloc_29nbfs_LRG2_max_sBs0p8
5145,53985.09351279244,3207.5999165323624,54126.7520520945,52478.189952873356,1506.903559919085,pvalloc_29nbfs_LRG2_max_sBs0p8
5146,74377.86865674391,3327.914012860753,74474.96975679228,67147.76775240593,7230.100904338014,pvalloc_29nbfs_LRG2_max_sBs0p8
5147,87665.19573081465,4249.351243911639,87790.03975942775,74621.13834825832,13044.057382556275,pvalloc_29nbfs_LRG2_max_sBs0p8
5148,83280.74372022582,5794.710779425903,83647.11028075466,72371.59791293781,10909.145807288041,pvalloc_29nbfs_LRG2_max_sBs0p8
5149,88101.73043628101,5321.404284500162,88342.51281556126,74826.97653921586,13274.753897065131,pvalloc_29nbfs_LRG2_max_sBs0p8
5150,87706.12996649406,4495.5822499723745,87898.07997579745,74420.65348226228,13285.476484231707,pvalloc_29nbfs_LRG2_max_sBs0p8
5151,75875.66216551245,5024.962520229271,76146.44772303055,67934.46554141142,7941.196624101053,pvalloc_29nbfs_LRG2_max_sBs0p8
5152,63213.753306863466,4265.274478016956,63458.860197610484,59537.91168336959,3675.8416234938813,pvalloc_29nbfs_LRG2_max_sBs0p8
5153,45936.9530325604,3930.070880376728,46263.99048608855,45498.81517536441,438.13785719598303,pvalloc_29nbfs_LRG2_max_sBs0p8
5154,30684.98454052089,3930.6989889124457,31272.78489429175,30684.98454052089,0.0,pvalloc_29nbfs_LRG2_max_sBs0p8
5155,10171.723040832454,5607.749670704309,12945.66829805769,10171.723040832454,0.0,pvalloc_29nbfs_LRG2_max_sBs0p8
5156,0.9916523735260425,13203.43887401062,13203.43887401062,0.9916523735260425,0.0,pvalloc_29nbfs_LRG2_max_sBs0p8
5157,0.0,16656.158247084175,16656.158247084175,0.0,0.0,pvalloc_29nbfs_LRG2_max_sBs0p8
5158,0.0,16956.66673318879,16956.66673318879,0.0,0.0,pvalloc_29nbfs_LRG2_max_sBs0p8
5159,0.0,13878.197386105794,13878.197386105794,0.0,0.0,pvalloc_29nbfs_LRG2_max_sBs0p8
5160,0.0,13359.709264488023,13359.709264488023,0.0,0.0,pvalloc_29nbfs_LRG2_max_sBs0p8
5161,0.0,9823.421723926978,9823.421723926978,0.0,0.0,pvalloc_29nbfs_LRG2_max_sBs0p8
5162,0.0,8004.918441437759,8004.918441437759,0.0,0.0,pvalloc_29nbfs_LRG2_max_sBs0p8
5163,0.0,7279.771629046192,7279.771629046192,0.0,0.0,pvalloc_29nbfs_LRG2_max_sBs0p8
5164,0.0,6702.512682378077,6702.512682378077,0.0,0.0,pvalloc_29nbfs_LRG2_max_sBs0p8
5165,0.0,6398.7645866892735,6398.7645866892735,0.0,0.0,pvalloc_29nbfs_LRG2_max_sBs0p8
5166,103.02682329882686,4348.660594713034,4349.761258785287,103.02682329882686,0.0,pvalloc_29nbfs_LRG2_max_sBs0p8
5167,12663.704778766469,2548.107021650375,13329.084472267816,12663.704778766469,0.0,pvalloc_29nbfs_LRG2_max_sBs0p8
5168,33067.57940551779,2920.346052378153,33322.650501640295,33067.57940551779,0.0,pvalloc_29nbfs_LRG2_max_sBs0p8
5169,54919.60344691799,3160.42795014351,55051.840517441626,53243.18579942983,1676.4176474881565,pvalloc_29nbfs_LRG2_max_sBs0p8
5170,74947.66982399105,3061.174518062368,75032.0524596789,67468.00656914552,7479.66325484548,pvalloc_29nbfs_LRG2_max_sBs0p8
5171,89757.7639869097,3764.9813827267913,89857.76444685616,75623.09809474873,14134.66589216105,pvalloc_29nbfs_LRG2_max_sBs0p8
5172,84041.02978689529,4277.5207283813315,84200.70106599033,72609.7744886388,11431.255298256556,pvalloc_29nbfs_LRG2_max_sBs0p8
5173,78326.12562677337,4585.951895841775,78541.0024137073,69377.68406223046,8948.441564542863,pvalloc_29nbfs_LRG2_max_sBs0p8
5174,88620.00033748584,4540.582135154189,88808.6066104917,74911.51352253175,13708.486814954145,pvalloc_29nbfs_LRG2_max_sBs0p8
5175,76368.58234325297,4721.904897412417,76615.56288955588,68186.69905784316,8181.883285409807,pvalloc_29nbfs_LRG2_max_sBs0p8
5176,61168.73629831078,4536.958581273707,61473.98597053552,57985.78707650719,3182.949221803591,pvalloc_29nbfs_LRG2_max_sBs0p8
5177,41841.76372930946,4211.01147828801,42316.22231851154,41628.97749619017,212.78623311929363,pvalloc_29nbfs_LRG2_max_sBs0p8
5178,22927.391039973667,4132.272016146946,23847.95286432729,22927.391039973667,0.0,pvalloc_29nbfs_LRG2_max_sBs0p8
5179,9385.252982362214,4312.215924906927,11203.382084773351,9385.252982362214,0.0,pvalloc_29nbfs_LRG2_max_sBs0p8
5180,20.1317177995606,9583.775583414284,9583.932544805708,20.1317177995606,0.0,pvalloc_29nbfs_LRG2_max_sBs0p8
5181,0.0,17958.547144614717,17958.547144614717,0.0,0.0,pvalloc_29nbfs_LRG2_max_sBs0p8
5182,0.0,15508.105894089556,15508.105894089556,0.0,0.0,pvalloc_29nbfs_LRG2_max_sBs0p8
5183,0.0,14273.897403473246,14273.897403473246,0.0,0.0,pvalloc_29nbfs_LRG2_max_sBs0p8
5184,0.0,13200.332246555772,13200.332246555772,0.0,0.0,pvalloc_29nbfs_LRG2_max_sBs0p8
5185,0.0,9638.325646422078,9638.325646422078,0.0,0.0,pvalloc_29nbfs_LRG2_max_sBs0p8
5186,0.0,8321.584507793394,8321.584507793394,0.0,0.0,pvalloc_29nbfs_LRG2_max_sBs0p8
5187,0.0,7169.817360127394,7169.817360127394,0.0,0.0,pvalloc_29nbfs_LRG2_max_sBs0p8
5188,0.0,7079.928698781938,7079.928698781938,0.0,0.0,pvalloc_29nbfs_LRG2_max_sBs0p8
5189,0.0,6529.334832922409,6529.334832922409,0.0,0.0,pvalloc_29nbfs_LRG2_max_sBs0p8
5190,43.770111869523305,4768.04200224359,4768.538384439354,43.770111869523305,0.0,pvalloc_29nbfs_LRG2_max_sBs0p8
5191,10378.473249542696,2502.147442355637,11128.873563567871,10378.473249542696,0.0,pvalloc_29nbfs_LRG2_max_sBs0p8
5192,27613.174402327088,2856.989824244247,27935.068119683347,27613.174402327088,0.0,pvalloc_29nbfs_LRG2_max_sBs0p8
5193,49196.178048420945,3114.7818469413987,49350.90593990766,48457.55162706965,738.6264213512969,pvalloc_29nbfs_LRG2_max_sBs0p8
5194,62322.646050729796,3395.630202601579,62457.00100733684,58965.582983431865,3357.063067297916,pvalloc_29nbfs_LRG2_max_sBs0p8
5195,70879.89410479908,4074.3163837471434,71048.63593422325,64937.05821654572,5942.835888253374,pvalloc_29nbfs_LRG2_max_sBs0p8
5196,68353.09087725084,5045.480137379673,68689.57175772313,63285.007625730424,5068.083251520394,pvalloc_29nbfs_LRG2_max_sBs0p8
5197,72584.347481733,4919.249376650328,72859.32798226018,65918.71562917788,6665.631852555144,pvalloc_29nbfs_LRG2_max_sBs0p8
5198,71334.40397405015,5430.985756601233,71704.92225402483,65106.17544842518,6228.228525624924,pvalloc_29nbfs_LRG2_max_sBs0p8
5199,70443.44361954955,4903.297134169033,70742.22692512767,64492.67991934132,5950.7637002081665,pvalloc_29nbfs_LRG2_max_sBs0p8
5200,42356.281791753754,3815.0460923322316,42726.86348925284,42122.53281071117,233.74898104257534,pvalloc_29nbfs_LRG2_max_sBs0p8
5201,27216.877485011664,3804.9670194315113,27863.672217699394,27216.877485011664,0.0,pvalloc_29nbfs_LRG2_max_sBs0p8
5202,13099.996035507937,4327.398875609257,14761.672336948664,13099.996035507937,0.0,pvalloc_29nbfs_LRG2_max_sBs0p8
5203,8221.641454390656,4806.315703129393,10541.012471156042,8221.641454390656,0.0,pvalloc_29nbfs_LRG2_max_sBs0p8
5204,0.0,15090.597933160558,15090.597933160558,0.0,0.0,pvalloc_29nbfs_LRG2_max_sBs0p8
5205,0.0,15791.348827533153,15791.348827533153,0.0,0.0,pvalloc_29nbfs_LRG2_max_sBs0p8
5206,0.0,15247.755727980577,15247.755727980577,0.0,0.0,pvalloc_29nbfs_LRG2_max_sBs0p8
5207,0.0,15008.225250668322,15008.225250668322,0.0,0.0,pvalloc_29nbfs_LRG2_max_sBs0p8
5208,0.0,12069.433844123945,12069.433844123945,0.0,0.0,pvalloc_29nbfs_LRG2_max_sBs0p8
5209,0.0,11145.876780548273,11145.876780548273,0.0,0.0,pvalloc_29nbfs_LRG2_max_sBs0p8
5210,0.0,8940.899584908117,8940.899584908117,0.0,0.0,pvalloc_29nbfs_LRG2_max_sBs0p8
5211,0.0,7874.8958073584245,7874.8958073584245,0.0,0.0,pvalloc_29nbfs_LRG2_max_sBs0p8
5212,0.0,7043.64455664798,7043.64455664798,0.0,0.0,pvalloc_29nbfs_LRG2_max_sBs0p8
5213,0.0,7125.558647681809,7125.558647681809,0.0,0.0,pvalloc_29nbfs_LRG2_max_sBs0p8
5214,3.6200037072713416,5733.976752737432,5734.0484360332475,3.6200037072713416,0.0,pvalloc_29nbfs_LRG2_max_sBs0p8
5215,1654.3422387889357,3023.5512656633377,3676.022144673796,1654.3422387889357,0.0,pvalloc_29nbfs_LRG2_max_sBs0p8
5216,6112.287183582635,2945.253964342071,7459.558033925986,6112.287183582635,0.0,pvalloc_29nbfs_LRG2_max_sBs0p8
5217,12205.87832486556,3187.7665343323642,13275.720738848771,12205.87832486556,0.0,pvalloc_29nbfs_LRG2_max_sBs0p8
5218,23894.787071956398,3307.4089190452546,24454.837236360047,23894.787071956398,0.0,pvalloc_29nbfs_LRG2_max_sBs0p8
5219,28433.322466074493,3945.977974056732,29101.63152326085,28433.322466074493,0.0,pvalloc_29nbfs_LRG2_max_sBs0p8
5220,21055.447446167662,5082.675720507112,22719.830863195188,21055.447446167662,0.0,pvalloc_29nbfs_LRG2_max_sBs0p8
5221,45700.06213351897,4532.316330220247,46206.1658168418,45244.9929896017,455.0691439172697,pvalloc_29nbfs_LRG2_max_sBs0p8
5222,60419.45614427113,4698.695375006715,60774.1188951189,57381.03117704473,3038.4249672263986,pvalloc_29nbfs_LRG2_max_sBs0p8
5223,47446.94042668009,4724.601124375608,47965.117152577855,46829.87478215993,617.065644520173,pvalloc_29nbfs_LRG2_max_sBs0p8
5224,47804.2884626447,4121.248395254566,48170.781490796864,47163.49642922639,640.7920334183118,pvalloc_29nbfs_LRG2_max_sBs0p8
5225,35802.67950402935,4199.549970806263,36377.49226835244,35734.39713388156,68.28237014779057,pvalloc_29nbfs_LRG2_max_sBs0p8
5226,24958.358591859575,4094.347750604214,25778.381967799356,24958.358591859575,0.0,pvalloc_29nbfs_LRG2_max_sBs0p8
5227,10271.62382877288,4773.685092955427,12374.419500077796,10271.62382877288,0.0,pvalloc_29nbfs_LRG2_max_sBs0p8
5228,0.24472296825941672,12343.32945564021,12343.32945564021,0.24472296825941672,0.0,pvalloc_29nbfs_LRG2_max_sBs0p8
5229,0.0,17463.78761121696,17463.78761121696,0.0,0.0,pvalloc_29nbfs_LRG2_max_sBs0p8
5230,0.0,16776.24576513662,16776.24576513662,0.0,0.0,pvalloc_29nbfs_LRG2_max_sBs0p8
5231,0.0,13863.094861205216,13863.094861205216,0.0,0.0,pvalloc_29nbfs_LRG2_max_sBs0p8
5232,0.0,12379.083196074876,12379.083196074876,0.0,0.0,pvalloc_29nbfs_LRG2_max_sBs0p8
5233,0.0,10840.79645112631,10840.79645112631,0.0,0.0,pvalloc_29nbfs_LRG2_max_sBs0p8
5234,0.0,8839.193140860434,8839.193140860434,0.0,0.0,pvalloc_29nbfs_LRG2_max_sBs0p8
5235,0.0,7691.549078353807,7691.549078353807,0.0,0.0,pvalloc_29nbfs_LRG2_max_sBs0p8
5236,0.0,6881.188714069511,6881.188714069511,0.0,0.0,pvalloc_29nbfs_LRG2_max_sBs0p8
5237,0.0,7020.828203404438,7020.828203404438,0.0,0.0,pvalloc_29nbfs_LRG2_max_sBs0p8
5238,66.51635794376905,4740.749177629936,4741.433540447138,66.51635794376905,0.0,pvalloc_29nbfs_LRG2_max_sBs0p8
5239,11462.814630516325,2608.467594268452,12194.215017383262,11462.814630516325,0.0,pvalloc_29nbfs_LRG2_max_sBs0p8
5240,24408.253993065377,2926.8003495003895,24812.68274994505,24408.253993065377,0.0,pvalloc_29nbfs_LRG2_max_sBs0p8
5241,48306.53063145816,3153.0013742233314,48471.73315136778,47672.587684437916,633.9429470202537,pvalloc_29nbfs_LRG2_max_sBs0p8
5242,62264.33681511543,3597.429384920323,62417.52119062921,58920.67607128994,3343.6607438254805,pvalloc_29nbfs_LRG2_max_sBs0p8
5243,68819.94003908192,3909.52644284838,68986.42892852952,63524.62027154986,5295.319767531996,pvalloc_29nbfs_LRG2_max_sBs0p8
5244,56482.806260783706,4417.742615013537,56798.92372991251,54424.82846777794,2057.9777930057708,pvalloc_29nbfs_LRG2_max_sBs0p8
5245,54913.85631065082,4932.270239343676,55363.29278214959,53134.259402554,1779.5969080968316,pvalloc_29nbfs_LRG2_max_sBs0p8
5246,51253.244445856704,4986.505918754785,51800.645030755855,50045.8541179231,1207.3903279336032,pvalloc_29nbfs_LRG2_max_sBs0p8
5247,50997.23418300918,4681.045520196617,51471.959787088206,49844.79251693821,1152.4416660709821,pvalloc_29nbfs_LRG2_max_sBs0p8
5248,43372.94460975344,4129.3408334868445,43829.20553853081,43075.2624667542,297.6821429992423,pvalloc_29nbfs_LRG2_max_sBs0p8
5249,35404.99029553172,4003.7049407751065,35939.533129995194,35343.488501157866,61.50179437385714,pvalloc_29nbfs_LRG2_max_sBs0p8
5250,18126.59502813258,4538.510813997893,19493.581147804383,18126.59502813258,0.0,pvalloc_29nbfs_LRG2_max_sBs0p8
5251,8335.418589794197,5133.728637628059,10855.911960077545,8335.418589794197,0.0,pvalloc_29nbfs_LRG2_max_sBs0p8
5252,0.0,18999.958284783632,18999.958284783632,0.0,0.0,pvalloc_29nbfs_LRG2_max_sBs0p8
5253,0.0,19290.580116971658,19290.580116971658,0.0,0.0,pvalloc_29nbfs_LRG2_max_sBs0p8
5254,0.0,16835.268381474212,16835.268381474212,0.0,0.0,pvalloc_29nbfs_LRG2_max_sBs0p8
5255,0.0,14924.78827852718,14924.78827852718,0.0,0.0,pvalloc_29nbfs_LRG2_max_sBs0p8
5256,0.0,13381.168060104112,13381.168060104112,0.0,0.0,pvalloc_29nbfs_LRG2_max_sBs0p8
5257,0.0,10539.960012448035,10539.960012448035,0.0,0.0,pvalloc_29nbfs_LRG2_max_sBs0p8
5258,0.0,8429.066249258418,8429.066249258418,0.0,0.0,pvalloc_29nbfs_LRG2_max_sBs0p8
5259,0.0,7662.686930720702,7662.686930720702,0.0,0.0,pvalloc_29nbfs_LRG2_max_sBs0p8
5260,0.0,6987.5697160524915,6987.5697160524915,0.0,0.0,pvalloc_29nbfs_LRG2_max_sBs0p8
5261,0.0,6946.060646242223,6946.060646242223,0.0,0.0,pvalloc_29nbfs_LRG2_max_sBs0p8
5262,58.76744932427857,4987.319787651833,4987.9428565789785,58.76744932427857,0.0,pvalloc_29nbfs_LRG2_max_sBs0p8
5263,12691.590365934739,2562.923553566059,13330.491288985693,12691.590365934739,0.0,pvalloc_29nbfs_LRG2_max_sBs0p8
5264,33509.6814061297,2855.923357984155,33745.39255746692,33505.75473205321,3.9266740764878705,pvalloc_29nbfs_LRG2_max_sBs0p8
5265,56205.24967376046,2947.0176030192715,56317.97652367768,54280.38465574603,1924.865018014426,pvalloc_29nbfs_LRG2_max_sBs0p8
5266,75234.15344644409,3724.180725600381,75351.07266492174,67683.7524296652,7550.4010167789575,pvalloc_29nbfs_LRG2_max_sBs0p8
5267,88837.80606577928,4799.891194054181,89008.19664094715,75242.49567454951,13595.310391229827,pvalloc_29nbfs_LRG2_max_sBs0p8
5268,86131.18135405733,5847.823697744466,86465.06152166854,73823.43939074206,12307.74196331523,pvalloc_29nbfs_LRG2_max_sBs0p8
5269,91028.54610832495,5814.373056847966,91317.96753732418,76243.76643219183,14784.779676133132,pvalloc_29nbfs_LRG2_max_sBs0p8
5270,91513.80604920436,5228.389878327346,91783.11627375496,76220.90140270785,15292.904646496469,pvalloc_29nbfs_LRG2_max_sBs0p8
5271,83056.32451033578,5019.988409802839,83318.11548161105,71931.21109033661,11125.113419999201,pvalloc_29nbfs_LRG2_max_sBs0p8
5272,69198.66444487545,4778.319442898873,69486.17023391071,63666.541992957245,5532.12245191818,pvalloc_29nbfs_LRG2_max_sBs0p8
5273,52130.33978638509,4342.688132370841,52505.389583994256,50813.42778966757,1316.9119967175263,pvalloc_29nbfs_LRG2_max_sBs0p8
5274,31266.361779502076,4443.012834285643,32030.258630694258,31266.361779502076,0.0,pvalloc_29nbfs_LRG2_max_sBs0p8
5275,12676.25979585898,4708.868278506879,14449.856077431305,12676.25979585898,0.0,pvalloc_29nbfs_LRG2_max_sBs0p8
5276,0.001144878417680309,16107.85361782341,16107.85361782341,0.001144878417680309,0.0,pvalloc_29nbfs_LRG2_max_sBs0p8
5277,0.0,16661.54003587522,16661.54003587522,0.0,0.0,pvalloc_29nbfs_LRG2_max_sBs0p8
5278,0.0,16071.87963882066,16071.87963882066,0.0,0.0,pvalloc_29nbfs_LRG2_max_sBs0p8
5279,0.0,16513.61501158644,16513.61501158644,0.0,0.0,pvalloc_29nbfs_LRG2_max_sBs0p8
5280,0.0,14223.402737580196,14223.402737580196,0.0,0.0,pvalloc_29nbfs_LRG2_max_sBs0p8
5281,0.0,10189.901163932847,10189.901163932847,0.0,0.0,pvalloc_29nbfs_LRG2_max_sBs0p8
5282,0.0,9219.908618123189,9219.908618123189,0.0,0.0,pvalloc_29nbfs_LRG2_max_sBs0p8
5283,0.0,8077.212368111325,8077.212368111325,0.0,0.0,pvalloc_29nbfs_LRG2_max_sBs0p8
5284,0.0,7416.388772703773,7416.388772703773,0.0,0.0,pvalloc_29nbfs_LRG2_max_sBs0p8
5285,0.0,7104.393955178766,7104.393955178766,0.0,0.0,pvalloc_29nbfs_LRG2_max_sBs0p8
5286,19.59963784865587,5505.260405632768,5505.522934367405,19.59963784865587,0.0,pvalloc_29nbfs_LRG2_max_sBs0p8
5287,11800.847272158731,2604.3171402681205,12507.809826771874,11800.847272158731,0.0,pvalloc_29nbfs_LRG2_max_sBs0p8
5288,33676.16445745844,2762.636376846415,33891.66357448703,33669.9050541145,6.259403343945337,pvalloc_29nbfs_LRG2_max_sBs0p8
5289,55892.352376250776,2764.8186869501424,55993.515354138304,54027.07462607777,1865.2777501730109,pvalloc_29nbfs_LRG2_max_sBs0p8
5290,74191.61526220072,3621.1934035451072,74301.76670426647,67056.92516642457,7134.690095776099,pvalloc_29nbfs_LRG2_max_sBs0p8
5291,90226.20037014806,4049.624798751081,90348.72476614751,75844.6667784822,14381.533591665875,pvalloc_29nbfs_LRG2_max_sBs0p8
5292,85624.17636193646,5618.68796144772,85925.84295316607,73559.63884873464,12064.537513201809,pvalloc_29nbfs_LRG2_max_sBs0p8
5293,91377.69509143196,5532.553255791077,91637.29178154134,76307.85701817824,15069.838073253746,pvalloc_29nbfs_LRG2_max_sBs0p8
5294,86756.42587460585,6652.282723875883,87211.70335893218,73912.73299393138,12843.692880674487,pvalloc_29nbfs_LRG2_max_sBs0p8
5295,80016.13181546268,6058.202216228881,80438.0623399576,70229.89488988555,9786.236925577186,pvalloc_29nbfs_LRG2_max_sBs0p8
5296,65451.375779543625,6116.163574127216,66039.0791728274,61109.66578769493,4341.709991848704,pvalloc_29nbfs_LRG2_max_sBs0p8
5297,49701.54609911521,5439.0573454156365,50392.39284142987,48728.14360705024,973.4024920649714,pvalloc_29nbfs_LRG2_max_sBs0p8
5298,29312.301985736496,5432.860804239562,30516.863688575664,29312.301985736496,0.0,pvalloc_29nbfs_LRG2_max_sBs0p8
5299,8810.313939450378,6468.414341295822,12181.889800275898,8810.313939450378,0.0,pvalloc_29nbfs_LRG2_max_sBs0p8
5300,0.002782290935076717,16914.848194294023,16914.848194294023,0.002782290935076717,0.0,pvalloc_29nbfs_LRG2_max_sBs0p8
5301,0.0,19664.8737674663,19664.8737674663,0.0,0.0,pvalloc_29nbfs_LRG2_max_sBs0p8
5302,0.0,21717.297616531432,21717.297616531432,0.0,0.0,pvalloc_29nbfs_LRG2_max_sBs0p8
5303,0.0,17214.825474050005,17214.825474050005,0.0,0.0,pvalloc_29nbfs_LRG2_max_sBs0p8
5304,0.0,12578.207549128692,12578.207549128692,0.0,0.0,pvalloc_29nbfs_LRG2_max_sBs0p8
5305,0.0,10294.109997870488,10294.109997870488,0.0,0.0,pvalloc_29nbfs_LRG2_max_sBs0p8
5306,0.0,8325.709247505114,8325.709247505114,0.0,0.0,pvalloc_29nbfs_LRG2_max_sBs0p8
5307,0.0,7293.515981600716,7293.515981600716,0.0,0.0,pvalloc_29nbfs_LRG2_max_sBs0p8
5308,0.0,6735.77447883469,6735.77447883469,0.0,0.0,pvalloc_29nbfs_LRG2_max_sBs0p8
5309,0.0,6710.483943585053,6710.483943585053,0.0,0.0,pvalloc_29nbfs_LRG2_max_sBs0p8
5310,30.282218655724694,4984.734139612756,4985.119265053429,30.282218655724694,0.0,pvalloc_29nbfs_LRG2_max_sBs0p8
5311,11753.062407554113,2510.482580130299,12420.732216367376,11753.062407554113,0.0,pvalloc_29nbfs_LRG2_max_sBs0p8
5312,32873.34699024341,2874.1914191904684,33121.74754911667,32873.34699024341,0.0,pvalloc_29nbfs_LRG2_max_sBs0p8
5313,54821.760820821866,3219.6083908883206,54962.395736441555,53153.701137363925,1668.0596834579478,pvalloc_29nbfs_LRG2_max_sBs0p8
5314,74966.40658247165,3688.513427694864,75092.55717271476,67486.73920062534,7479.667381846364,pvalloc_29nbfs_LRG2_max_sBs0p8
5315,91201.5411650257,3849.54902573005,91314.20101779774,76300.31272280666,14901.228442219011,pvalloc_29nbfs_LRG2_max_sBs0p8
5316,85245.3771359365,5912.741404350889,85594.87066587523,73342.22674215319,11903.150393783391,pvalloc_29nbfs_LRG2_max_sBs0p8
5317,90970.25085923585,5414.898399191298,91210.22940651367,76185.352884195,14784.89797504086,pvalloc_29nbfs_LRG2_max_sBs0p8
5318,88574.20364044535,5552.751468911757,88845.78088677832,74909.9858396045,13664.217800840834,pvalloc_29nbfs_LRG2_max_sBs0p8
5319,82028.69006318388,4916.794441733442,82262.09451422415,71432.9863460427,10595.703717141168,pvalloc_29nbfs_LRG2_max_sBs0p8
5320,67946.57761322377,4825.435749296604,68244.27948205611,62836.51215365772,5110.0654595661035,pvalloc_29nbfs_LRG2_max_sBs0p8
5321,50063.338725265196,4697.238876115858,50520.19737270854,49100.57696875305,962.7617565121442,pvalloc_29nbfs_LRG2_max_sBs0p8
5322,31972.233415841234,3954.722502283086,32566.02714943178,31972.233415841234,0.0,pvalloc_29nbfs_LRG2_max_sBs0p8
5323,10838.135791901184,4741.819518010778,12905.099800362925,10838.135791901184,0.0,pvalloc_29nbfs_LRG2_max_sBs0p8
5324,0.6233554401438943,11780.231408841886,11780.231408841886,0.6233554401438943,0.0,pvalloc_29nbfs_LRG2_max_sBs0p8
5325,0.0,17798.451423069695,17798.451423069695,0.0,0.0,pvalloc_29nbfs_LRG2_max_sBs0p8
5326,0.0,19605.334016129706,19605.334016129706,0.0,0.0,pvalloc_29nbfs_LRG2_max_sBs0p8
5327,0.0,17993.339244710096,17993.339244710096,0.0,0.0,pvalloc_29nbfs_LRG2_max_sBs0p8
5328,0.0,14499.905393880887,14499.905393880887,0.0,0.0,pvalloc_29nbfs_LRG2_max_sBs0p8
5329,0.0,10706.7985791197,10706.7985791197,0.0,0.0,pvalloc_29nbfs_LRG2_max_sBs0p8
5330,0.0,8691.305275136961,8691.305275136961,0.0,0.0,pvalloc_29nbfs_LRG2_max_sBs0p8
5331,0.0,7299.838339654398,7299.838339654398,0.0,0.0,pvalloc_29nbfs_LRG2_max_sBs0p8
5332,0.0,6942.486827788975,6942.486827788975,0.0,0.0,pvalloc_29nbfs_LRG2_max_sBs0p8
5333,0.0,6828.1340130815815,6828.1340130815815,0.0,0.0,pvalloc_29nbfs_LRG2_max_sBs0p8
5334,10.23884843326863,5417.689734872624,5417.825325453026,10.23884843326863,0.0,pvalloc_29nbfs_LRG2_max_sBs0p8
5335,10506.680090200707,2805.6379661380997,11439.944536058443,10506.680090200707,0.0,pvalloc_29nbfs_LRG2_max_sBs0p8
5336,31592.04970206462,3234.258416375348,31946.813175769752,31592.04970206462,0.0,pvalloc_29nbfs_LRG2_max_sBs0p8
5337,53932.76640932932,3412.452966649247,54101.0548789173,52416.04228816616,1516.7241211631642,pvalloc_29nbfs_LRG2_max_sBs0p8
5338,73882.46032149211,3725.3397949805412,74010.01883904467,66836.20430531663,7046.256016175469,pvalloc_29nbfs_LRG2_max_sBs0p8
5339,89057.62011983259,4022.855949025853,89175.05770764963,75280.82509797363,13776.79502185896,pvalloc_29nbfs_LRG2_max_sBs0p8
5340,84371.74390508066,5739.866137209853,84719.94588266876,72967.90744164209,11403.836463438542,pvalloc_29nbfs_LRG2_max_sBs0p8
5341,88670.27930811283,5708.3125984479,88960.92700915478,75101.69112257709,13568.58818553569,pvalloc_29nbfs_LRG2_max_sBs0p8
5342,85482.3168331301,6552.191424627517,85939.224743752,73436.33197237464,12045.984860755409,pvalloc_29nbfs_LRG2_max_sBs0p8
5343,80361.27066352815,5458.920982125164,80670.95547999073,70488.93203346236,9872.338630065833,pvalloc_29nbfs_LRG2_max_sBs0p8
5344,68392.75965545628,4524.157448710913,68650.51537112678,63128.42493388929,5264.334721567056,pvalloc_29nbfs_LRG2_max_sBs0p8
5345,48971.30916854959,4481.25402581536,49393.38348612243,48179.818054157586,791.4911143920016,pvalloc_29nbfs_LRG2_max_sBs0p8
5346,29294.533948626045,4463.9137644039365,30121.664046635768,29294.533948626045,0.0,pvalloc_29nbfs_LRG2_max_sBs0p8
5347,7444.631812681649,6365.278314056969,10948.377604985642,7444.631812681649,0.0,pvalloc_29nbfs_LRG2_max_sBs0p8
5348,0.0,15989.506173517675,15989.506173517675,0.0,0.0,pvalloc_29nbfs_LRG2_max_sBs0p8
5349,0.0,16826.71504393423,16826.71504393423,0.0,0.0,pvalloc_29nbfs_LRG2_max_sBs0p8
5350,0.0,17455.218388780384,17455.218388780384,0.0,0.0,pvalloc_29nbfs_LRG2_max_sBs0p8
5351,0.0,17312.601875985758,17312.601875985758,0.0,0.0,pvalloc_29nbfs_LRG2_max_sBs0p8
5352,0.0,14414.143741518075,14414.143741518075,0.0,0.0,pvalloc_29nbfs_LRG2_max_sBs0p8
5353,0.0,9954.172012300513,9954.172012300513,0.0,0.0,pvalloc_29nbfs_LRG2_max_sBs0p8
5354,0.0,8448.308232531268,8448.308232531268,0.0,0.0,pvalloc_29nbfs_LRG2_max_sBs0p8
5355,0.0,7461.470557932399,7461.470557932399,0.0,0.0,pvalloc_29nbfs_LRG2_max_sBs0p8
5356,0.0,6904.553782501744,6904.553782501744,0.0,0.0,pvalloc_29nbfs_LRG2_max_sBs0p8
5357,0.0,6785.528064411384,6785.528064411384,0.0,0.0,pvalloc_29nbfs_LRG2_max_sBs0p8
5358,16.187302005145085,5397.944468055802,5398.17443193196,16.187302005145085,0.0,pvalloc_29nbfs_LRG2_max_sBs0p8
5359,10623.587479285177,2700.155466638084,11466.083993962437,10623.587479285177,0.0,pvalloc_29nbfs_LRG2_max_sBs0p8
5360,31819.16366319702,3036.40896048142,32119.466393617993,31819.16366319702,0.0,pvalloc_29nbfs_LRG2_max_sBs0p8
5361,51634.196515677344,4021.355996766954,51937.7737472427,50509.04983966971,1125.1466760076278,pvalloc_29nbfs_LRG2_max_sBs0p8
5362,72720.39328655963,4119.28366209185,72884.38966082744,66136.00238353819,6584.390903021509,pvalloc_29nbfs_LRG2_max_sBs0p8
5363,86944.7963824348,4994.413148930266,87153.28162490777,74316.48973665143,12628.306645783392,pvalloc_29nbfs_LRG2_max_sBs0p8
5364,84899.82160628919,5829.299955704658,85260.55549728041,73251.92606120667,11647.895545082578,pvalloc_29nbfs_LRG2_max_sBs0p8
5365,87853.59256081801,6393.657561636473,88286.63712942868,74771.02251080709,13082.570050010929,pvalloc_29nbfs_LRG2_max_sBs0p8
5366,90085.71706242718,5273.29986230678,90324.0086848348,75676.13773897964,14409.579323447562,pvalloc_29nbfs_LRG2_max_sBs0p8
5367,81542.87345066313,4898.266244594955,81769.47180108463,71192.80026376667,10350.073186896532,pvalloc_29nbfs_LRG2_max_sBs0p8
5368,67793.67916612816,4601.101082774658,68050.00913017469,62799.11658343611,4994.562582692083,pvalloc_29nbfs_LRG2_max_sBs0p8
5369,48934.54811823379,4696.5230964192815,49397.329355075555,48172.30491920194,762.2431990318531,pvalloc_29nbfs_LRG2_max_sBs0p8
5370,28012.6064598607,4838.620678600683,29079.494797908006,28012.6064598607,0.0,pvalloc_29nbfs_LRG2_max_sBs0p8
5371,9368.362489613375,5175.714951132188,11829.315126248152,9368.362489613375,0.0,pvalloc_29nbfs_LRG2_max_sBs0p8
5372,0.0,16855.604434255296,16855.604434255296,0.0,0.0,pvalloc_29nbfs_LRG2_max_sBs0p8
5373,0.0,17345.89249504484,17345.89249504484,0.0,0.0,pvalloc_29nbfs_LRG2_max_sBs0p8
5374,0.0,16579.52219038973,16579.52219038973,0.0,0.0,pvalloc_29nbfs_LRG2_max_sBs0p8
5375,0.0,15251.446364993699,15251.446364993699,0.0,0.0,pvalloc_29nbfs_LRG2_max_sBs0p8
5376,0.0,13188.262672566276,13188.262672566276,0.0,0.0,pvalloc_29nbfs_LRG2_max_sBs0p8
5377,0.0,11323.925666493667,11323.925666493667,0.0,0.0,pvalloc_29nbfs_LRG2_max_sBs0p8
5378,0.0,9734.491596408214,9734.491596408214,0.0,0.0,pvalloc_29nbfs_LRG2_max_sBs0p8
5379,0.0,8493.110696508547,8493.110696508547,0.0,0.0,pvalloc_29nbfs_LRG2_max_sBs0p8
5380,0.0,7434.255107382791,7434.255107382791,0.0,0.0,pvalloc_29nbfs_LRG2_max_sBs0p8
5381,0.0,7087.350693282779,7087.350693282779,0.0,0.0,pvalloc_29nbfs_LRG2_max_sBs0p8
5382,6.524013489456258,5749.306944422503,5749.406335232343,6.524013489456258,0.0,pvalloc_29nbfs_LRG2_max_sBs0p8
5383,10254.522820677572,2774.2826005145243,11158.90987583507,10254.522820677572,0.0,pvalloc_29nbfs_LRG2_max_sBs0p8
5384,32073.605384263832,2885.4651868706746,32341.19873319749,32073.605384263832,0.0,pvalloc_29nbfs_LRG2_max_sBs0p8
5385,54206.42178387561,3220.8269011536877,54351.98312063036,52636.82031460405,1569.6014692715612,pvalloc_29nbfs_LRG2_max_sBs0p8
5386,72812.11765425793,3904.96720359886,72951.84724894608,66185.37934807138,6626.7383061865585,pvalloc_29nbfs_LRG2_max_sBs0p8
5387,88428.72738105494,4434.517889888837,88576.67958200803,74965.81578341112,13462.911597643802,pvalloc_29nbfs_LRG2_max_sBs0p8
5388,85520.71973195358,5516.58276710818,85805.43544098294,73490.30404737484,12030.415684578793,pvalloc_29nbfs_LRG2_max_sBs0p8
5389,89254.95718577829,5835.246990850177,89557.06795014956,75342.95509155547,13912.0020942228,pvalloc_29nbfs_LRG2_max_sBs0p8
5390,85621.63914673786,6239.483084536436,86010.36710198289,73453.37605168694,12168.263095050948,pvalloc_29nbfs_LRG2_max_sBs0p8
5391,78824.89237347439,5603.673912509947,79161.08146795596,69674.34944333324,9150.542930141151,pvalloc_29nbfs_LRG2_max_sBs0p8
5392,64783.65374086525,5314.25900787346,65191.915480028445,60738.966342131316,4044.6873987339336,pvalloc_29nbfs_LRG2_max_sBs0p8
5393,46002.37775629651,5337.97488922127,46713.82854053028,45557.39408541382,444.98367088268736,pvalloc_29nbfs_LRG2_max_sBs0p8
5394,27034.743686290618,4953.890353601167,28200.907921243164,27034.743686290618,0.0,pvalloc_29nbfs_LRG2_max_sBs0p8
5395,6322.4333507714855,7005.436043688851,10431.873341613384,6322.4333507714855,0.0,pvalloc_29nbfs_LRG2_max_sBs0p8
5396,0.0,17145.70567554585,17145.70567554585,0.0,0.0,pvalloc_29nbfs_LRG2_max_sBs0p8
5397,0.0,18592.212130355496,18592.212130355496,0.0,0.0,pvalloc_29nbfs_LRG2_max_sBs0p8
5398,0.0,17959.280865600802,17959.280865600802,0.0,0.0,pvalloc_29nbfs_LRG2_max_sBs0p8
5399,0.0,15321.147510146637,15321.147510146637,0.0,0.0,pvalloc_29nbfs_LRG2_max_sBs0p8
5400,0.0,13722.161589340783,13722.161589340783,0.0,0.0,pvalloc_29nbfs_LRG2_max_sBs0p8
5401,0.0,10430.229263731497,10430.229263731497,0.0,0.0,pvalloc_29nbfs_LRG2_max_sBs0p8
5402,0.0,8829.571873465273,8829.571873465273,0.0,0.0,pvalloc_29nbfs_LRG2_max_sBs0p8
5403,0.0,7657.188196967487,7657.188196967487,0.0,0.0,pvalloc_29nbfs_LRG2_max_sBs0p8
5404,0.0,7455.696363549952,7455.696363549952,0.0,0.0,pvalloc_29nbfs_LRG2_max_sBs0p8
5405,0.0,7031.549107246735,7031.549107246735,0.0,0.0,pvalloc_29nbfs_LRG2_max_sBs0p8
5406,2.001411149607055,6089.57748081939,6089.624831811921,2.001411149607055,0.0,pvalloc_29nbfs_LRG2_max_sBs0p8
5407,10247.354824098957,2615.675558172778,11051.193986095079,10247.354824098957,0.0,pvalloc_29nbfs_LRG2_max_sBs0p8
5408,29308.498320090162,3028.8959822864135,29647.2974453504,29308.498320090162,0.0,pvalloc_29nbfs_LRG2_max_sBs0p8
5409,48769.413895729405,3991.1556136092668,49086.046059398584,48074.96593246529,694.4479632641123,pvalloc_29nbfs_LRG2_max_sBs0p8
5410,67053.89671234052,3842.5907988668373,67215.7361807615,62351.09473762255,4702.801974717995,pvalloc_29nbfs_LRG2_max_sBs0p8
5411,74855.01513240345,4142.077901452241,75027.1961350386,67359.79724581234,7495.217886591076,pvalloc_29nbfs_LRG2_max_sBs0p8
5412,63312.503060969626,5462.248967367669,63792.23898923734,59685.70951275461,3626.79354821501,pvalloc_29nbfs_LRG2_max_sBs0p8
5413,62779.12676617954,6093.536497442052,63409.21114999483,59238.19739497935,3540.929371200198,pvalloc_29nbfs_LRG2_max_sBs0p8
5414,57281.855417689745,6035.222471724784,58005.0381239856,54908.7891426461,2373.0662750436504,pvalloc_29nbfs_LRG2_max_sBs0p8
5415,46211.07539092582,5488.195110813744,46969.86958440346,45698.461991831275,512.6133990945532,pvalloc_29nbfs_LRG2_max_sBs0p8
5416,34373.30438098907,5014.3863413367235,35263.50967548263,34323.67934060633,49.62504038274227,pvalloc_29nbfs_LRG2_max_sBs0p8
5417,27442.714068950438,4820.449226880024,28495.985573927937,27442.714068950438,0.0,pvalloc_29nbfs_LRG2_max_sBs0p8
5418,11360.325435787741,5233.921737158062,13693.994619741457,11360.325435787741,0.0,pvalloc_29nbfs_LRG2_max_sBs0p8
5419,2517.0937316019113,6574.575224771831,7234.995800122973,2517.0937316019113,0.0,pvalloc_29nbfs_LRG2_max_sBs0p8
5420,0.0,14157.161261385576,14157.161261385576,0.0,0.0,pvalloc_29nbfs_LRG2_max_sBs0p8
5421,0.0,16175.317955120869,16175.317955120869,0.0,0.0,pvalloc_29nbfs_LRG2_max_sBs0p8
5422,0.0,16617.529616008724,16617.529616008724,0.0,0.0,pvalloc_29nbfs_LRG2_max_sBs0p8
5423,0.0,15583.466132818585,15583.466132818585,0.0,0.0,pvalloc_29nbfs_LRG2_max_sBs0p8
5424,0.0,13573.678772779584,13573.678772779584,0.0,0.0,pvalloc_29nbfs_LRG2_max_sBs0p8
4920,0.0,11113.463869085279,11113.463869085279,0.0,0.0,pvalloc_29nbfs_LRG2_max_sCs2p8
4921,0.0,10737.831728562105,10737.831728562105,0.0,0.0,pvalloc_29nbfs_LRG2_max_sCs2p8
4922,0.0,10105.311448681485,10105.311448681485,0.0,0.0,pvalloc_29nbfs_LRG2_max_sCs2p8
4923,0.0,8120.094880445638,8120.094880445638,0.0,0.0,pvalloc_29nbfs_LRG2_max_sCs2p8
4924,0.0,7251.7336572309905,7251.7336572309905,0.0,0.0,pvalloc_29nbfs_LRG2_max_sCs2p8
4925,0.0,6971.075169345191,6971.075169345191,0.0,0.0,pvalloc_29nbfs_LRG2_max_sCs2p8
4926,823.496950210167,3596.5199451227904,3690.8959675072924,823.496950210167,0.0,pvalloc_29nbfs_LRG2_max_sCs2p8
4927,15759.43592457334,2536.263139503101,16267.04776158495,15759.43592457334,0.0,pvalloc_29nbfs_LRG2_max_sCs2p8
4928,35990.10161472905,2697.8114372867626,36175.459471722075,35924.144736378184,65.95687835086704,pvalloc_29nbfs_LRG2_max_sCs2p8
4929,55361.83473062523,3337.9375025834674,55518.19646856612,53596.528282219406,1765.3064484058264,pvalloc_29nbfs_LRG2_max_sCs2p8
4930,74382.09780141612,3562.822315122342,74495.62043915907,67094.02606803297,7288.071733383134,pvalloc_29nbfs_LRG2_max_sCs2p8
4931,89307.50489724426,4072.1846812302656,89436.08735052185,75341.38663116233,13966.118266081965,pvalloc_29nbfs_LRG2_max_sCs2p8
4932,74212.4154976968,5133.577122017285,74520.00099663051,66957.95208725384,7254.463410442885,pvalloc_29nbfs_LRG2_max_sCs2p8
4933,61759.60281617711,6642.594593577592,62606.917922493114,58527.425723730485,3232.177092446619,pvalloc_29nbfs_LRG2_max_sCs2p8
4934,58384.97851944539,5487.785693835355,58929.09659728969,55845.544948281546,2539.433571163838,pvalloc_29nbfs_LRG2_max_sCs2p8
4935,50974.68007903389,5066.784467642067,51542.482997474515,49807.548715022494,1167.1313640114026,pvalloc_29nbfs_LRG2_max_sCs2p8
4936,50358.38120889892,4815.485886853431,50872.46105241327,49300.94042852277,1057.4407803761512,pvalloc_29nbfs_LRG2_max_sCs2p8
4937,34081.55670082419,4267.188192320706,34731.488065192374,34040.11576359683,41.44093722737324,pvalloc_29nbfs_LRG2_max_sCs2p8
4938,16341.510398074148,3926.249521762558,17453.34186565746,16341.510398074148,0.0,pvalloc_29nbfs_LRG2_max_sCs2p8
4939,7178.815646918918,5152.730547991842,9872.666506358375,7178.815646918918,0.0,pvalloc_29nbfs_LRG2_max_sCs2p8
4940,296.2218746390196,8838.134062261894,8841.581428735062,296.2218746390196,0.0,pvalloc_29nbfs_LRG2_max_sCs2p8
4941,0.0,12714.32516043736,12714.32516043736,0.0,0.0,pvalloc_29nbfs_LRG2_max_sCs2p8
4942,0.0,13844.117670126652,13844.117670126652,0.0,0.0,pvalloc_29nbfs_LRG2_max_sCs2p8
4943,0.0,13190.081500942473,13190.081500942473,0.0,0.0,pvalloc_29nbfs_LRG2_max_sCs2p8
4944,0.0,15734.473543662869,15734.473543662869,0.0,0.0,pvalloc_29nbfs_LRG2_max_sCs2p8
4945,0.0,11843.652935827873,11843.652935827873,0.0,0.0,pvalloc_29nbfs_LRG2_max_sCs2p8
4946,0.0,9148.163406638314,9148.163406638314,0.0,0.0,pvalloc_29nbfs_LRG2_max_sCs2p8
4947,0.0,7889.191632688864,7889.191632688864,0.0,0.0,pvalloc_29nbfs_LRG2_max_sCs2p8
4948,0.0,7842.183829125384,7842.183829125384,0.0,0.0,pvalloc_29nbfs_LRG2_max_sCs2p8
4949,0.0,6888.334696423669,6888.334696423669,0.0,0.0,pvalloc_29nbfs_LRG2_max_sCs2p8
4950,7.612493764588537,5201.569113645243,5201.586426008197,7.612493764588537,0.0,pvalloc_29nbfs_LRG2_max_sCs2p8
4951,9122.430094642277,2539.4726829486394,9968.450177668146,9122.430094642277,0.0,pvalloc_29nbfs_LRG2_max_sCs2p8
4952,30298.734725552033,2554.049697061442,30512.28863180696,30298.734725552033,0.0,pvalloc_29nbfs_LRG2_max_sCs2p8
4953,53998.81662670037,3006.642288018026,54122.923706457135,52466.6130017665,1532.2036249338682,pvalloc_29nbfs_LRG2_max_sCs2p8
4954,75415.93922946685,3368.6971996394445,75511.73806941415,67726.06270194477,7689.876527522073,pvalloc_29nbfs_LRG2_max_sCs2p8
4955,86697.54889161466,3615.803348789223,86804.0187613412,73958.24305190335,12739.305839711333,pvalloc_29nbfs_LRG2_max_sCs2p8
4956,74728.43264066993,4604.407636941674,74954.23521924095,67276.35248725483,7452.080153415092,pvalloc_29nbfs_LRG2_max_sCs2p8
4957,50045.09561282199,4867.928877377246,50560.68844419469,49057.98660412706,987.1090086949332,pvalloc_29nbfs_LRG2_max_sCs2p8
4958,60889.68977103625,5005.862535636736,61332.64715680896,57675.08425238712,3214.6055186491203,pvalloc_29nbfs_LRG2_max_sCs2p8
4959,48565.89402307964,5048.616363755425,49202.82250314293,47744.77556423846,821.1184588411786,pvalloc_29nbfs_LRG2_max_sCs2p8
4960,44651.41809590459,4723.466745593838,45268.16422681146,44232.78371593944,418.6343799651563,pvalloc_29nbfs_LRG2_max_sCs2p8
4961,35975.523560231595,4805.596169298979,36779.19492911655,35878.65249576964,96.87106446194758,pvalloc_29nbfs_LRG2_max_sCs2p8
4962,19837.498072566024,4687.371669107577,21181.49588116829,19837.498072566024,0.0,pvalloc_29nbfs_LRG2_max_sCs2p8
4963,9127.989572079885,6050.914269586323,12242.416000661608,9127.989572079885,0.0,pvalloc_29nbfs_LRG2_max_sCs2p8
4964,3.5636955778051034,11428.532252048177,11428.532252048177,3.5636955778051034,0.0,pvalloc_29nbfs_LRG2_max_sCs2p8
4965,0.0,21698.627529472968,21698.627529472968,0.0,0.0,pvalloc_29nbfs_LRG2_max_sCs2p8
4966,0.0,15054.668580548847,15054.668580548847,0.0,0.0,pvalloc_29nbfs_LRG2_max_sCs2p8
4967,0.0,14761.300435221636,14761.300435221636,0.0,0.0,pvalloc_29nbfs_LRG2_max_sCs2p8
4968,0.0,12492.279958567411,12492.279958567411,0.0,0.0,pvalloc_29nbfs_LRG2_max_sCs2p8
4969,0.0,10052.532145121631,10052.532145121631,0.0,0.0,pvalloc_29nbfs_LRG2_max_sCs2p8
4970,0.0,8034.332061846783,8034.332061846783,0.0,0.0,pvalloc_29nbfs_LRG2_max_sCs2p8
4971,0.0,7219.022230515399,7219.022230515399,0.0,0.0,pvalloc_29nbfs_LRG2_max_sCs2p8
4972,0.0,6689.043790452775,6689.043790452775,0.0,0.0,pvalloc_29nbfs_LRG2_max_sCs2p8
4973,0.0,6426.528200910121,6426.528200910121,0.0,0.0,pvalloc_29nbfs_LRG2_max_sCs2p8
4974,161.0278188754371,3989.649461929087,3991.59921026927,161.0278188754371,0.0,pvalloc_29nbfs_LRG2_max_sCs2p8
4975,10201.263852504373,2534.0490502610037,10983.90619418472,10201.263852504373,0.0,pvalloc_29nbfs_LRG2_max_sCs2p8
4976,3134.555612206097,2922.863525628436,4786.36578159544,3134.555612206097,0.0,pvalloc_29nbfs_LRG2_max_sCs2p8
4977,18335.57758443942,3138.863313272215,19028.230582150194,18335.57758443942,0.0,pvalloc_29nbfs_LRG2_max_sCs2p8
4978,36172.0275316238,3432.5348119227356,36527.88468530171,36081.52498259291,90.50254903088,pvalloc_29nbfs_LRG2_max_sCs2p8
4979,57334.25761613312,3908.7480218004616,57566.01805861853,55084.960445610894,2249.297170522221,pvalloc_29nbfs_LRG2_max_sCs2p8
4980,59616.274753084086,4677.539768347281,59962.78289654834,56851.81825086615,2764.456502217946,pvalloc_29nbfs_LRG2_max_sCs2p8
4981,62939.35107769197,5377.797897004016,63399.32282757066,59347.872174207405,3591.4789034845708,pvalloc_29nbfs_LRG2_max_sCs2p8
4982,47630.6939526018,4925.977295067156,48233.99699456616,46945.42014715789,685.2738054439207,pvalloc_29nbfs_LRG2_max_sCs2p8
4983,52855.91628360683,5535.484691473687,53501.72847867376,51403.36619271415,1452.5500908926715,pvalloc_29nbfs_LRG2_max_sCs2p8
4984,42932.26645308713,4885.915678256482,43577.36951682244,42652.79487464371,279.47157844342405,pvalloc_29nbfs_LRG2_max_sCs2p8
4985,28494.260242727563,4367.068649732582,29328.585943297097,28494.260242727563,0.0,pvalloc_29nbfs_LRG2_max_sCs2p8
4986,22521.223041655692,4916.662605830386,23922.853518843665,22521.223041655692,0.0,pvalloc_29nbfs_LRG2_max_sCs2p8
4987,9972.015060461832,5114.482747615595,12422.92412644957,9972.015060461832,0.0,pvalloc_29nbfs_LRG2_max_sCs2p8
4988,1.7369328429971693,11603.038352043763,11603.038352043763,1.7369328429971693,0.0,pvalloc_29nbfs_LRG2_max_sCs2p8
4989,0.0,15306.207062822386,15306.207062822386,0.0,0.0,pvalloc_29nbfs_LRG2_max_sCs2p8
4990,0.0,18487.54111223772,18487.54111223772,0.0,0.0,pvalloc_29nbfs_LRG2_max_sCs2p8
4991,0.0,15678.910070087288,15678.910070087288,0.0,0.0,pvalloc_29nbfs_LRG2_max_sCs2p8
4992,0.0,12457.95010585332,12457.95010585332,0.0,0.0,pvalloc_29nbfs_LRG2_max_sCs2p8
4993,0.0,9566.57816566627,9566.57816566627,0.0,0.0,pvalloc_29nbfs_LRG2_max_sCs2p8
4994,0.0,8172.598108657664,8172.598108657664,0.0,0.0,pvalloc_29nbfs_LRG2_max_sCs2p8
4995,0.0,7275.373634775014,7275.373634775014,0.0,0.0,pvalloc_29nbfs_LRG2_max_sCs2p8
4996,0.0,6657.432000184344,6657.432000184344,0.0,0.0,pvalloc_29nbfs_LRG2_max_sCs2p8
4997,0.0,6227.237294939229,6227.237294939229,0.0,0.0,pvalloc_29nbfs_LRG2_max_sCs2p8
4998,409.1010792259332,3581.791298309826,3598.615847657534,409.1010792259332,0.0,pvalloc_29nbfs_LRG2_max_sCs2p8
4999,14921.58561782951,2526.241346882938,15465.986061674523,14921.58561782951,0.0,pvalloc_29nbfs_LRG2_max_sCs2p8
5000,33563.201914090016,2776.456882693174,33788.68860351535,33553.43726272576,9.764651364256906,pvalloc_29nbfs_LRG2_max_sCs2p8
5001,52002.318766923236,3114.4309506810064,52148.9431410162,50790.96871505855,1211.350051864697,pvalloc_29nbfs_LRG2_max_sCs2p8
5002,65693.62906194892,3225.1095922782056,65810.07077193072,61376.03675934485,4317.5923026040255,pvalloc_29nbfs_LRG2_max_sCs2p8
5003,85555.8818404965,3940.2212954195556,85680.1989211755,73401.31394171584,12154.567898780691,pvalloc_29nbfs_LRG2_max_sCs2p8
5004,83648.6473133291,4477.933550971537,83819.48392487757,72396.42141273449,11252.225900594547,pvalloc_29nbfs_LRG2_max_sCs2p8
5005,90106.40179550747,4606.364382702967,90282.6822018687,75707.89680363686,14398.50499187066,pvalloc_29nbfs_LRG2_max_sCs2p8
5006,83907.50813150375,4591.78120483789,84112.85756148864,72417.62563671678,11489.882494786974,pvalloc_29nbfs_LRG2_max_sCs2p8
5007,70135.97630920826,4609.32360256412,70396.89476255089,64290.92358432958,5845.052724878667,pvalloc_29nbfs_LRG2_max_sCs2p8
5008,55295.46649331377,4087.577778180239,55590.19902174548,53403.924189492776,1891.542303820977,pvalloc_29nbfs_LRG2_max_sCs2p8
5009,32726.242218300693,3834.2883796355186,33274.16047572456,32718.156371605946,8.085846694747488,pvalloc_29nbfs_LRG2_max_sCs2p8
5010,13737.146975702297,3958.0527982369285,15066.837904751439,13737.146975702297,0.0,pvalloc_29nbfs_LRG2_max_sCs2p8
5011,2512.56032600807,6084.184309098622,6860.0680081974515,2512.56032600807,0.0,pvalloc_29nbfs_LRG2_max_sCs2p8
5012,0.024958675141344665,13827.448112602598,13827.448112602598,0.024958675141344665,0.0,pvalloc_29nbfs_LRG2_max_sCs2p8
5013,0.0,14662.181682635239,14662.181682635239,0.0,0.0,pvalloc_29nbfs_LRG2_max_sCs2p8
5014,0.0,16274.799124460178,16274.799124460178,0.0,0.0,pvalloc_29nbfs_LRG2_max_sCs2p8
5015,0.0,15624.092956490871,15624.092956490871,0.0,0.0,pvalloc_29nbfs_LRG2_max_sCs2p8
5016,0.0,12724.18576973016,12724.18576973016,0.0,0.0,pvalloc_29nbfs_LRG2_max_sCs2p8
5017,0.0,10867.074894322574,10867.074894322574,0.0,0.0,pvalloc_29nbfs_LRG2_max_sCs2p8
5018,0.0,8769.371741640622,8769.371741640622,0.0,0.0,pvalloc_29nbfs_LRG2_max_sCs2p8
5019,0.0,7592.31461024244,7592.31461024244,0.0,0.0,pvalloc_29nbfs_LRG2_max_sCs2p8
5020,0.0,6804.494587055006,6804.494587055006,0.0,0.0,pvalloc_29nbfs_LRG2_max_sCs2p8
5021,0.0,6914.447201421454,6914.447201421454,0.0,0.0,pvalloc_29nbfs_LRG2_max_sCs2p8
5022,126.54437503074575,4157.2322349328415,4158.804696406328,126.54437503074575,0.0,pvalloc_29nbfs_LRG2_max_sCs2p8
5023,10439.129734728349,2564.168967769003,11231.81504055008,10439.129734728349,0.0,pvalloc_29nbfs_LRG2_max_sCs2p8
5024,21689.2948831515,2749.3950205219808,22111.66262460781,21689.2948831515,0.0,pvalloc_29nbfs_LRG2_max_sCs2p8
5025,18558.33322702546,3366.6953253082243,19405.02517896242,18558.33322702546,0.0,pvalloc_29nbfs_LRG2_max_sCs2p8
5026,30571.431437859115,3799.1069735833103,31183.54828469121,30571.431437859115,0.0,pvalloc_29nbfs_LRG2_max_sCs2p8
5027,65858.02745668967,3646.4703438651504,66016.25328114955,61448.46762450108,4409.5598321885955,pvalloc_29nbfs_LRG2_max_sCs2p8
5028,78961.35397966803,5326.628791963849,79288.17199916346,69855.81772251257,9105.536257155487,pvalloc_29nbfs_LRG2_max_sCs2p8
5029,52056.5680360525,5045.415309289098,52590.26629907348,50730.06251050436,1326.5055255481618,pvalloc_29nbfs_LRG2_max_sCs2p8
5030,22713.124810727655,5836.984592260009,24587.47238993262,22713.124810727655,0.0,pvalloc_29nbfs_LRG2_max_sCs2p8
5031,25362.967782087984,4959.92022990044,26608.730893235406,25362.967782087984,0.0,pvalloc_29nbfs_LRG2_max_sCs2p8
5032,33754.264309351405,4038.9666905413483,34342.46175896508,33713.65602260156,40.608286749845036,pvalloc_29nbfs_LRG2_max_sCs2p8
5033,26710.41503141264,4129.523827028884,27515.389740473023,26710.41503141264,0.0,pvalloc_29nbfs_LRG2_max_sCs2p8
5034,16594.758027073523,4723.344561462214,18217.75965023452,16594.758027073523,0.0,pvalloc_29nbfs_LRG2_max_sCs2p8
5035,10217.770613202816,5390.609944267851,12753.658915659122,10217.770613202816,0.0,pvalloc_29nbfs_LRG2_max_sCs2p8
5036,10.565908389250444,10991.467275014578,10991.479710163736,10.565908389250444,0.0,pvalloc_29nbfs_LRG2_max_sCs2p8
5037,0.0,15623.399766375915,15623.399766375915,0.0,0.0,pvalloc_29nbfs_LRG2_max_sCs2p8
5038,0.0,16022.715362504956,16022.715362504956,0.0,0.0,pvalloc_29nbfs_LRG2_max_sCs2p8
5039,0.0,16439.75171535185,16439.75171535185,0.0,0.0,pvalloc_29nbfs_LRG2_max_sCs2p8
5040,0.0,12326.556850038325,12326.556850038325,0.0,0.0,pvalloc_29nbfs_LRG2_max_sCs2p8
5041,0.0,9488.472208125195,9488.472208125195,0.0,0.0,pvalloc_29nbfs_LRG2_max_sCs2p8
5042,0.0,8024.4353338224,8024.4353338224,0.0,0.0,pvalloc_29nbfs_LRG2_max_sCs2p8
5043,0.0,7253.657469496068,7253.657469496068,0.0,0.0,pvalloc_29nbfs_LRG2_max_sCs2p8
5044,0.0,6638.189465394041,6638.189465394041,0.0,0.0,pvalloc_29nbfs_LRG2_max_sCs2p8
5045,0.0,6441.096729282571,6441.096729282571,0.0,0.0,pvalloc_29nbfs_LRG2_max_sCs2p8
5046,127.10673454796812,4133.8209996033775,4135.372289336945,127.10673454796812,0.0,pvalloc_29nbfs_LRG2_max_sCs2p8
5047,11294.312814501252,2640.9729856836598,12115.10937372376,11294.312814501252,0.0,pvalloc_29nbfs_LRG2_max_sCs2p8
5048,32384.56535942494,2959.9271001411307,32663.98390500815,32384.56535942494,0.0,pvalloc_29nbfs_LRG2_max_sCs2p8
5049,53138.9109485855,3327.563385010066,53307.63318542349,51761.5965254929,1377.3144230925977,pvalloc_29nbfs_LRG2_max_sCs2p8
5050,72230.19794754588,3409.213562199226,72329.54299973816,65788.36671302137,6441.831234524445,pvalloc_29nbfs_LRG2_max_sCs2p8
5051,65838.78582749018,3814.1381587768287,66008.77080038523,61465.980421811444,4372.805405678781,pvalloc_29nbfs_LRG2_max_sCs2p8
5052,60327.647837991644,4447.952401613914,60622.555283310394,57416.39904765822,2911.2487903334313,pvalloc_29nbfs_LRG2_max_sCs2p8
5053,66914.68100004942,4710.7256771304055,67202.85160727073,62166.01262770804,4748.668372341357,pvalloc_29nbfs_LRG2_max_sCs2p8
5054,68040.50668913453,4590.4915497422435,68315.38686397346,62853.17592550052,5187.33076363404,pvalloc_29nbfs_LRG2_max_sCs2p8
5055,57551.0346068999,4863.259312311562,57964.09917734922,55191.22003265193,2359.81457424797,pvalloc_29nbfs_LRG2_max_sCs2p8
5056,51402.711109366406,4304.890070913273,51762.811055479586,50214.32761010003,1188.38349926637,pvalloc_29nbfs_LRG2_max_sCs2p8
5057,34340.22510211758,3724.980592372704,34829.19040917667,34297.54870475163,42.67639736595919,pvalloc_29nbfs_LRG2_max_sCs2p8
5058,12126.846074327921,3720.807683687687,13403.76367979559,12126.846074327921,0.0,pvalloc_29nbfs_LRG2_max_sCs2p8
5059,6178.948027247234,4371.729270273291,8407.24923873131,6178.948027247234,0.0,pvalloc_29nbfs_LRG2_max_sCs2p8
5060,212.97956812299094,7653.920660308295,7656.510817204023,212.97956812299094,0.0,pvalloc_29nbfs_LRG2_max_sCs2p8
5061,0.0,12442.644294585474,12442.644294585474,0.0,0.0,pvalloc_29nbfs_LRG2_max_sCs2p8
5062,0.0,12652.578225358759,12652.578225358759,0.0,0.0,pvalloc_29nbfs_LRG2_max_sCs2p8
5063,0.0,12878.862779430521,12878.862779430521,0.0,0.0,pvalloc_29nbfs_LRG2_max_sCs2p8
5064,0.0,12350.75565968853,12350.75565968853,0.0,0.0,pvalloc_29nbfs_LRG2_max_sCs2p8
5065,0.0,11097.685205202353,11097.685205202353,0.0,0.0,pvalloc_29nbfs_LRG2_max_sCs2p8
5066,0.0,9294.124150992038,9294.124150992038,0.0,0.0,pvalloc_29nbfs_LRG2_max_sCs2p8
5067,0.0,7868.8472553816255,7868.8472553816255,0.0,0.0,pvalloc_29nbfs_LRG2_max_sCs2p8
5068,0.0,6865.793803809358,6865.793803809358,0.0,0.0,pvalloc_29nbfs_LRG2_max_sCs2p8
5069,0.0,7046.117084101745,7046.117084101745,0.0,0.0,pvalloc_29nbfs_LRG2_max_sCs2p8
5070,117.85489980314169,4243.422536094986,4244.869500265552,117.85489980314169,0.0,pvalloc_29nbfs_LRG2_max_sCs2p8
5071,13179.208094719801,2495.3170852825933,13787.750647102743,13179.208094719801,0.0,pvalloc_29nbfs_LRG2_max_sCs2p8
5072,30178.26049396733,2796.6415406583737,30451.01994695626,30178.26049396733,0.0,pvalloc_29nbfs_LRG2_max_sCs2p8
5073,52401.08904797235,3196.0182192090124,52557.78559845133,51114.68796014778,1286.4010878245717,pvalloc_29nbfs_LRG2_max_sCs2p8
5074,69802.18883969051,3484.29379037957,69935.20148785302,64152.4756447985,5649.713194891904,pvalloc_29nbfs_LRG2_max_sCs2p8
5075,80371.52847014241,3902.0027176965173,80516.06574705685,70539.23634548164,9832.292124660731,pvalloc_29nbfs_LRG2_max_sCs2p8
5076,70878.2032011239,4438.177847222173,71103.27102475887,64829.02164614281,6049.181554981053,pvalloc_29nbfs_LRG2_max_sCs2p8
5077,62699.77965349187,4864.054879252265,63049.836348266705,59153.82738342191,3545.9522700699385,pvalloc_29nbfs_LRG2_max_sCs2p8
5078,53268.29218175395,5048.409386842502,53802.07541708244,51711.05940532678,1557.232776427174,pvalloc_29nbfs_LRG2_max_sCs2p8
5079,33080.90820618428,5064.471014919742,34063.31539872922,33053.66936736276,27.238838821518982,pvalloc_29nbfs_LRG2_max_sCs2p8
5080,36281.05778062883,4694.347108743681,37021.859003780686,36177.60262000008,103.45516062875117,pvalloc_29nbfs_LRG2_max_sCs2p8
5081,28586.138403453213,4457.469876368335,29456.83512957664,28586.138403453213,0.0,pvalloc_29nbfs_LRG2_max_sCs2p8
5082,16321.793806773694,4413.729255323208,17738.03699563106,16321.793806773694,0.0,pvalloc_29nbfs_LRG2_max_sCs2p8
5083,8591.750520775944,4733.452456678667,10816.054562568735,8591.750520775944,0.0,pvalloc_29nbfs_LRG2_max_sCs2p8
5084,45.19234047007717,9039.465447558754,9039.742457589684,45.19234047007717,0.0,pvalloc_29nbfs_LRG2_max_sCs2p8
5085,0.0,14038.88407146415,14038.88407146415,0.0,0.0,pvalloc_29nbfs_LRG2_max_sCs2p8
5086,0.0,16707.678657408913,16707.678657408913,0.0,0.0,pvalloc_29nbfs_LRG2_max_sCs2p8
5087,0.0,14798.423471834054,14798.423471834054,0.0,0.0,pvalloc_29nbfs_LRG2_max_sCs2p8
5088,0.0,12920.992928294934,12920.992928294934,0.0,0.0,pvalloc_29nbfs_LRG2_max_sCs2p8
5089,0.0,9900.944565301277,9900.944565301277,0.0,0.0,pvalloc_29nbfs_LRG2_max_sCs2p8
5090,0.0,9389.785903685059,9389.785903685059,0.0,0.0,pvalloc_29nbfs_LRG2_max_sCs2p8
5091,0.0,7401.546438254428,7401.546438254428,0.0,0.0,pvalloc_29nbfs_LRG2_max_sCs2p8
5092,0.0,6692.067790682453,6692.067790682453,0.0,0.0,pvalloc_29nbfs_LRG2_max_sCs2p8
5093,0.0,6497.448685059626,6497.448685059626,0.0,0.0,pvalloc_29nbfs_LRG2_max_sCs2p8
5094,300.4949442115208,3841.6895860338013,3845.4481379770036,300.4949442115208,0.0,pvalloc_29nbfs_LRG2_max_sCs2p8
5095,14803.606027999273,2371.9423973661055,15271.227146554555,14803.606027999273,0.0,pvalloc_29nbfs_LRG2_max_sCs2p8
5096,34803.78384478212,2366.7635063884177,34941.041960036375,34775.05278417424,28.731060607887912,pvalloc_29nbfs_LRG2_max_sCs2p8
5097,56889.67630322382,2793.9157972716266,56984.17441962181,54837.79378843031,2051.8825147935154,pvalloc_29nbfs_LRG2_max_sCs2p8
5098,73779.67772738507,2917.9299067853367,73855.83305405949,66752.5656353138,7027.112092071237,pvalloc_29nbfs_LRG2_max_sCs2p8
5099,89260.67628728815,3507.7634325762424,89361.4788669996,75288.1918397952,13972.484447492938,pvalloc_29nbfs_LRG2_max_sCs2p8
5100,75365.87880329957,4903.185066890683,75622.18505082635,67644.33418415263,7721.544619147017,pvalloc_29nbfs_LRG2_max_sCs2p8
5101,66103.91465148021,5574.821528783473,66571.61511129644,61521.92451584913,4581.990135631053,pvalloc_29nbfs_LRG2_max_sCs2p8
5102,71187.90711403864,5661.45230529806,71651.27336594621,64853.94683526095,6333.960278777574,pvalloc_29nbfs_LRG2_max_sCs2p8
5103,64986.13780652206,5144.607170225747,65408.747168201,60686.53104184376,4299.6067646783,pvalloc_29nbfs_LRG2_max_sCs2p8
5104,61179.10513908704,4940.800654060735,61609.48027642301,57890.73725177806,3288.3678873089907,pvalloc_29nbfs_LRG2_max_sCs2p8
5105,25869.901667651025,4797.322276209456,26936.084862622054,25869.901667651025,0.0,pvalloc_29nbfs_LRG2_max_sCs2p8
5106,6547.953190876231,5129.249751847063,9134.703840102358,6547.953190876231,0.0,pvalloc_29nbfs_LRG2_max_sCs2p8
5107,1418.4869143709757,6932.424078597383,7054.01521935205,1418.4869143709757,0.0,pvalloc_29nbfs_LRG2_max_sCs2p8
5108,0.533309362441954,11344.07647127667,11344.07647127667,0.533309362441954,0.0,pvalloc_29nbfs_LRG2_max_sCs2p8
5109,0.0,13173.891725783153,13173.891725783153,0.0,0.0,pvalloc_29nbfs_LRG2_max_sCs2p8
5110,0.0,13106.449704799226,13106.449704799226,0.0,0.0,pvalloc_29nbfs_LRG2_max_sCs2p8
5111,0.0,12603.245316458497,12603.245316458497,0.0,0.0,pvalloc_29nbfs_LRG2_max_sCs2p8
5112,0.0,10413.182078012225,10413.182078012225,0.0,0.0,pvalloc_29nbfs_LRG2_max_sCs2p8
5113,0.0,8993.403916155024,8993.403916155024,0.0,0.0,pvalloc_29nbfs_LRG2_max_sCs2p8
5114,0.0,7817.17261512709,7817.17261512709,0.0,0.0,pvalloc_29nbfs_LRG2_max_sCs2p8
5115,0.0,7187.960258470543,7187.960258470543,0.0,0.0,pvalloc_29nbfs_LRG2_max_sCs2p8
5116,0.0,6597.782238100715,6597.782238100715,0.0,0.0,pvalloc_29nbfs_LRG2_max_sCs2p8
5117,0.0,6653.5821695844115,6653.5821695844115,0.0,0.0,pvalloc_29nbfs_LRG2_max_sCs2p8
5118,143.76927470273918,4119.701946275598,4121.386749393896,143.76927470273918,0.0,pvalloc_29nbfs_LRG2_max_sCs2p8
5119,10267.998896113175,2358.6667705695804,10948.388753266308,10267.998896113175,0.0,pvalloc_29nbfs_LRG2_max_sCs2p8
5120,31153.85748049793,2382.419843241109,31323.139433045544,31153.85748049793,0.0,pvalloc_29nbfs_LRG2_max_sCs2p8
5121,54449.33315131695,2713.4543610147193,54546.391294308836,52862.828695213204,1586.5044561037482,pvalloc_29nbfs_LRG2_max_sCs2p8
5122,70440.22919985262,3179.508107439646,70536.72922799586,64641.01860105027,5799.210598802395,pvalloc_29nbfs_LRG2_max_sCs2p8
5123,88929.99351770243,3493.823288187028,89014.18133615823,75201.00076426001,13728.992753442448,pvalloc_29nbfs_LRG2_max_sCs2p8
5124,88520.89297698792,4692.182587116636,88686.49153029399,75034.21868929215,13486.674287695747,pvalloc_29nbfs_LRG2_max_sCs2p8
5125,88442.73216718153,5520.7034870284015,88708.20672657705,74917.70669400012,13525.025473181437,pvalloc_29nbfs_LRG2_max_sCs2p8
5126,82172.51473780785,5401.233972105168,82464.5828073432,71504.92240399966,10667.592333808223,pvalloc_29nbfs_LRG2_max_sCs2p8
5127,77611.3747044093,5317.23650985273,77930.63636075742,68888.35568861009,8723.01901579933,pvalloc_29nbfs_LRG2_max_sCs2p8
5128,68740.5705458071,4485.530945593617,68999.066847696,63347.07160495275,5393.4989408544325,pvalloc_29nbfs_LRG2_max_sCs2p8
5129,50410.91438039911,4326.890125852813,50795.83238646332,49382.81402000621,1028.1003603928987,pvalloc_29nbfs_LRG2_max_sCs2p8
5130,30850.94265270386,4874.969135513887,31799.64619986702,30850.94265270386,0.0,pvalloc_29nbfs_LRG2_max_sCs2p8
5131,12200.719346028834,4979.418053237684,14326.253219720706,12200.719346028834,0.0,pvalloc_29nbfs_LRG2_max_sCs2p8
5132,1.3644705377227861,11936.960885631399,11936.960885631399,1.3644705377227861,0.0,pvalloc_29nbfs_LRG2_max_sCs2p8
5133,0.0,18228.216139042957,18228.216139042957,0.0,0.0,pvalloc_29nbfs_LRG2_max_sCs2p8
5134,0.0,18162.49636171034,18162.49636171034,0.0,0.0,pvalloc_29nbfs_LRG2_max_sCs2p8
5135,0.0,15581.301938822113,15581.301938822113,0.0,0.0,pvalloc_29nbfs_LRG2_max_sCs2p8
5136,0.0,13660.518661518498,13660.518661518498,0.0,0.0,pvalloc_29nbfs_LRG2_max_sCs2p8
5137,0.0,10358.480128423342,10358.480128423342,0.0,0.0,pvalloc_29nbfs_LRG2_max_sCs2p8
5138,0.0,8828.47113398323,8828.47113398323,0.0,0.0,pvalloc_29nbfs_LRG2_max_sCs2p8
5139,0.0,7213.798405873982,7213.798405873982,0.0,0.0,pvalloc_29nbfs_LRG2_max_sCs2p8
5140,0.0,6479.031429122138,6479.031429122138,0.0,0.0,pvalloc_29nbfs_LRG2_max_sCs2p8
5141,0.0,6403.162580960439,6403.162580960439,0.0,0.0,pvalloc_29nbfs_LRG2_max_sCs2p8
5142,125.6098358590607,4161.944634848868,4163.324719974207,125.6098358590607,0.0,pvalloc_29nbfs_LRG2_max_sCs2p8
5143,13306.969071439908,2354.9688015345364,13826.715134637856,13306.969071439908,0.0,pvalloc_29nbfs_LRG2_max_sCs2p8
5144,33115.19060029966,2663.1963701519903,33314.26481770502,33115.19060029966,0.0,pvalloc_29nbfs_LRG2_max_sCs2p8
5145,53978.24525612104,3207.816260578052,54120.12929856414,52473.857840100405,1504.387416020628,pvalloc_29nbfs_LRG2_max_sCs2p8
5146,74368.66959951574,3328.1103685978733,74465.60010723954,67144.68754555585,7223.982053959942,pvalloc_29nbfs_LRG2_max_sCs2p8
5147,87654.2921592269,4249.649892757319,87778.98284991996,74617.38606675896,13036.906092467889,pvalloc_29nbfs_LRG2_max_sCs2p8
5148,83270.05875561727,5795.197553528705,83636.72300102586,72370.04657719661,10900.012178420648,pvalloc_29nbfs_LRG2_max_sCs2p8
5149,88090.60920307685,5321.780535014404,88331.7805999529,74823.24458547875,13267.364617598083,pvalloc_29nbfs_LRG2_max_sCs2p8
5150,87695.27061831969,4495.76261506264,87887.03161370967,74416.59076391082,13278.679854408883,pvalloc_29nbfs_LRG2_max_sCs2p8
5151,75866.0544946204,5025.221192457812,76137.55111741064,67931.38524587823,7934.66924874221,pvalloc_29nbfs_LRG2_max_sCs2p8
5152,63205.72883982731,4265.46636577922,63451.23196367443,59532.319503008606,3673.409336818712,pvalloc_29nbfs_LRG2_max_sCs2p8
5153,45930.95948621562,3930.2782884727044,46258.23759199652,45494.127304437134,436.83218177849517,pvalloc_29nbfs_LRG2_max_sCs2p8
5154,30680.700782282118,3930.859867461911,31269.214483110936,30680.700782282118,0.0,pvalloc_29nbfs_LRG2_max_sCs2p8
5155,10169.819539497657,5608.372062363913,12943.848646687286,10169.819539497657,0.0,pvalloc_29nbfs_LRG2_max_sCs2p8
5156,0.991792069080347,13203.977792793125,13203.977792793125,0.991792069080347,0.0,pvalloc_29nbfs_LRG2_max_sCs2p8
5157,0.0,16656.158247084175,16656.158247084175,0.0,0.0,pvalloc_29nbfs_LRG2_max_sCs2p8
5158,0.0,16956.66673318879,16956.66673318879,0.0,0.0,pvalloc_29nbfs_LRG2_max_sCs2p8
5159,0.0,13878.197386105796,13878.197386105796,0.0,0.0,pvalloc_29nbfs_LRG2_max_sCs2p8
5160,0.0,13359.709264488025,13359.709264488025,0.0,0.0,pvalloc_29nbfs_LRG2_max_sCs2p8
5161,0.0,9823.421723926976,9823.421723926976,0.0,0.0,pvalloc_29nbfs_LRG2_max_sCs2p8
5162,0.0,8004.918441437759,8004.918441437759,0.0,0.0,pvalloc_29nbfs_LRG2_max_sCs2p8
5163,0.0,7279.771629046192,7279.771629046192,0.0,0.0,pvalloc_29nbfs_LRG2_max_sCs2p8
5164,0.0,6702.512682378077,6702.512682378077,0.0,0.0,pvalloc_29nbfs_LRG2_max_sCs2p8
5165,0.0,6398.7645866892735,6398.7645866892735,0.0,0.0,pvalloc_29nbfs_LRG2_max_sCs2p8
5166,103.07463744123321,4349.027910611253,4350.1285746835065,103.07463744123321,0.0,pvalloc_29nbfs_LRG2_max_sCs2p8
5167,12661.728015751105,2548.23063984849,13327.041812827583,12661.728015751105,0.0,pvalloc_29nbfs_LRG2_max_sCs2p8
5168,33063.2030449057,2920.5294745038464,33318.55347133915,33063.2030449057,0.0,pvalloc_29nbfs_LRG2_max_sCs2p8
5169,54912.66906052754,3160.623130097774,55044.974721267055,53238.784297969345,1673.8847625581957,pvalloc_29nbfs_LRG2_max_sCs2p8
5170,74938.46102532514,3061.32760499035,75022.67339149285,67464.99407312334,7473.466952201777,pvalloc_29nbfs_LRG2_max_sCs2p8
5171,89746.72917581635,3765.194904893623,89846.52598564076,75618.9661681137,14127.763007702648,pvalloc_29nbfs_LRG2_max_sCs2p8
5172,84030.5964382211,4277.753533387019,84190.08618119331,72607.73858400647,11422.85785421467,pvalloc_29nbfs_LRG2_max_sCs2p8
5173,78316.29934387411,4586.164947695464,78531.3891133945,69374.10270600991,8942.196637864206,pvalloc_29nbfs_LRG2_max_sCs2p8
5174,88609.0260515593,4540.778961204452,88797.44182193775,74907.34060052501,13701.68545103432,pvalloc_29nbfs_LRG2_max_sCs2p8
5175,76358.99355748911,4722.101958619252,76606.19388450247,68183.57933088411,8175.4142266049985,pvalloc_29nbfs_LRG2_max_sCs2p8
5176,61160.91793434914,4537.16034561197,61466.63189870861,57980.30156202783,3180.616372321307,pvalloc_29nbfs_LRG2_max_sCs2p8
5177,41836.16428243904,4211.117474267551,42311.36149492912,41624.11745988398,212.04682255505276,pvalloc_29nbfs_LRG2_max_sCs2p8
5178,22923.992761060068,4132.433007747976,23844.84425568701,22923.992761060068,0.0,pvalloc_29nbfs_LRG2_max_sCs2p8
5179,9383.640377912123,4312.564666818353,11201.505221819816,9383.640377912123,0.0,pvalloc_29nbfs_LRG2_max_sCs2p8
5180,20.160640443265773,9584.26011086164,9584.417072253063,20.160640443265773,0.0,pvalloc_29nbfs_LRG2_max_sCs2p8
5181,0.0,17958.547144614717,17958.547144614717,0.0,0.0,pvalloc_29nbfs_LRG2_max_sCs2p8
5182,0.0,15508.105894089556,15508.105894089556,0.0,0.0,pvalloc_29nbfs_LRG2_max_sCs2p8
5183,0.0,14273.89740347325,14273.89740347325,0.0,0.0,pvalloc_29nbfs_LRG2_max_sCs2p8
5184,0.0,13200.332246555769,13200.332246555769,0.0,0.0,pvalloc_29nbfs_LRG2_max_sCs2p8
5185,0.0,9638.325646422076,9638.325646422076,0.0,0.0,pvalloc_29nbfs_LRG2_max_sCs2p8
5186,0.0,8321.584507793394,8321.584507793394,0.0,0.0,pvalloc_29nbfs_LRG2_max_sCs2p8
5187,0.0,7169.817360127393,7169.817360127393,0.0,0.0,pvalloc_29nbfs_LRG2_max_sCs2p8
5188,0.0,7079.928698781938,7079.928698781938,0.0,0.0,pvalloc_29nbfs_LRG2_max_sCs2p8
5189,0.0,6529.334832922408,6529.334832922408,0.0,0.0,pvalloc_29nbfs_LRG2_max_sCs2p8
5190,43.7865313200487,4768.3221200842545,4768.818502280018,43.7865313200487,0.0,pvalloc_29nbfs_LRG2_max_sCs2p8
5191,10376.834869929655,2502.3160033099048,11127.168441556489,10376.834869929655,0.0,pvalloc_29nbfs_LRG2_max_sCs2p8
5192,27609.415423069717,2857.158431505942,27931.58110099772,27609.415423069717,0.0,pvalloc_29nbfs_LRG2_max_sCs2p8
5193,49189.89246483668,3114.9789081482336,49345.081462355265,48453.09275832717,736.7997065095042,pvalloc_29nbfs_LRG2_max_sCs2p8
5194,62314.80678452911,3395.8267934952723,62449.02089334439,58960.14523080057,3354.661553728539,pvalloc_29nbfs_LRG2_max_sCs2p8
5195,70870.93204506778,4074.589165369969,71039.81221406267,64933.89734836319,5937.034696704575,pvalloc_29nbfs_LRG2_max_sCs2p8
5196,68344.24441047522,5045.849333196774,68681.31631564753,63281.43420604243,5062.810204432827,pvalloc_29nbfs_LRG2_max_sCs2p8
5197,72575.05121161355,4919.529212970296,72850.69866468683,65915.79351864869,6659.257692964714,pvalloc_29nbfs_LRG2_max_sCs2p8
5198,71325.1985947555,5431.279702315484,71696.13311874184,65103.23857002296,6221.9600247324415,pvalloc_29nbfs_LRG2_max_sCs2p8
5199,70434.48714424485,4903.507834457009,70733.68187424743,64488.71986956478,5945.76727467997,pvalloc_29nbfs_LRG2_max_sCs2p8
5200,42350.70883589697,3815.1944761287864,42721.64282377093,42118.09993596537,232.60889993159503,pvalloc_29nbfs_LRG2_max_sCs2p8
5201,27213.0062626593,3805.070265786128,27860.304480381903,27213.0062626593,0.0,pvalloc_29nbfs_LRG2_max_sCs2p8
5202,13097.852580772727,4327.799852294378,14759.381172120564,13097.852580772727,0.0,pvalloc_29nbfs_LRG2_max_sCs2p8
5203,8220.157766860848,4806.81226552632,10539.460172601719,8220.157766860848,0.0,pvalloc_29nbfs_LRG2_max_sCs2p8
5204,0.0,15090.859318475916,15090.859318475916,0.0,0.0,pvalloc_29nbfs_LRG2_max_sCs2p8
5205,0.0,15791.348827533153,15791.348827533153,0.0,0.0,pvalloc_29nbfs_LRG2_max_sCs2p8
5206,0.0,15247.755727980577,15247.755727980577,0.0,0.0,pvalloc_29nbfs_LRG2_max_sCs2p8
5207,0.0,15008.22525066832,15008.22525066832,0.0,0.0,pvalloc_29nbfs_LRG2_max_sCs2p8
5208,0.0,12069.433844123945,12069.433844123945,0.0,0.0,pvalloc_29nbfs_LRG2_max_sCs2p8
5209,0.0,11145.876780548275,11145.876780548275,0.0,0.0,pvalloc_29nbfs_LRG2_max_sCs2p8
5210,0.0,8940.899584908117,8940.899584908117,0.0,0.0,pvalloc_29nbfs_LRG2_max_sCs2p8
5211,0.0,7874.895807358424,7874.895807358424,0.0,0.0,pvalloc_29nbfs_LRG2_max_sCs2p8
5212,0.0,7043.6445566479815,7043.6445566479815,0.0,0.0,pvalloc_29nbfs_LRG2_max_sCs2p8
5213,0.0,7125.558647681808,7125.558647681808,0.0,0.0,pvalloc_29nbfs_LRG2_max_sCs2p8
5214,3.613633483159658,5734.152314457892,5734.2239977537065,3.613633483159658,0.0,pvalloc_29nbfs_LRG2_max_sCs2p8
5215,1654.299151371269,3024.2111155307025,3676.2062478729,1654.299151371269,0.0,pvalloc_29nbfs_LRG2_max_sCs2p8
5216,6111.166182516559,2945.5437919677497,7458.438289201169,6111.166182516559,0.0,pvalloc_29nbfs_LRG2_max_sCs2p8
5217,12203.789111963637,3187.9056970770325,13273.524278053112,12203.789111963637,0.0,pvalloc_29nbfs_LRG2_max_sCs2p8
5218,23891.324085370794,3307.5459561180883,24451.762790440047,23891.324085370794,0.0,pvalloc_29nbfs_LRG2_max_sCs2p8
5219,28429.223191876787,3946.143206657145,29097.9967429802,28429.223191876787,0.0,pvalloc_29nbfs_LRG2_max_sCs2p8
5220,21052.038584257523,5083.006778622115,22716.40892571183,21052.038584257523,0.0,pvalloc_29nbfs_LRG2_max_sCs2p8
5221,45693.94320109133,4532.499987502512,46200.81828324631,45240.35773110242,453.5854699889066,pvalloc_29nbfs_LRG2_max_sCs2p8
5222,60411.6247971844,4698.888908864979,60766.63224804828,57375.60039675801,3036.0244004263923,pvalloc_29nbfs_LRG2_max_sCs2p8
5223,47440.632594427094,4724.811354350441,47959.57698988983,46825.16349028058,615.4691041465098,pvalloc_29nbfs_LRG2_max_sCs2p8
5224,47798.04239385371,4121.419118925403,48164.786154179405,47159.01433173554,639.0280621181644,pvalloc_29nbfs_LRG2_max_sCs2p8
5225,35797.77049874716,4199.67423611976,36373.37324954772,35730.161746070255,67.60875267690619,pvalloc_29nbfs_LRG2_max_sCs2p8
5226,24954.730085553136,4094.488575158861,25775.12755455618,24954.730085553136,0.0,pvalloc_29nbfs_LRG2_max_sCs2p8
5227,10269.850820836898,4774.145930111107,12372.62468372726,10269.850820836898,0.0,pvalloc_29nbfs_LRG2_max_sCs2p8
5228,0.24499232903631912,12343.660706406357,12343.660706406357,0.24499232903631912,0.0,pvalloc_29nbfs_LRG2_max_sCs2p8
5229,0.0,17463.787611216965,17463.787611216965,0.0,0.0,pvalloc_29nbfs_LRG2_max_sCs2p8
5230,0.0,16776.24576513662,16776.24576513662,0.0,0.0,pvalloc_29nbfs_LRG2_max_sCs2p8
5231,0.0,13863.094861205216,13863.094861205216,0.0,0.0,pvalloc_29nbfs_LRG2_max_sCs2p8
5232,0.0,12379.083196074875,12379.083196074875,0.0,0.0,pvalloc_29nbfs_LRG2_max_sCs2p8
5233,0.0,10840.796451126307,10840.796451126307,0.0,0.0,pvalloc_29nbfs_LRG2_max_sCs2p8
5234,0.0,8839.193140860432,8839.193140860432,0.0,0.0,pvalloc_29nbfs_LRG2_max_sCs2p8
5235,0.0,7691.549078353806,7691.549078353806,0.0,0.0,pvalloc_29nbfs_LRG2_max_sCs2p8
5236,0.0,6881.188714069509,6881.188714069509,0.0,0.0,pvalloc_29nbfs_LRG2_max_sCs2p8
5237,0.0,7020.828203404438,7020.828203404438,0.0,0.0,pvalloc_29nbfs_LRG2_max_sCs2p8
5238,66.53431422600151,4741.045131961954,4741.729494779155,66.53431422600151,0.0,pvalloc_29nbfs_LRG2_max_sCs2p8
5239,11461.046326711597,2608.6312876842017,12192.333225371502,11461.046326711597,0.0,pvalloc_29nbfs_LRG2_max_sCs2p8
5240,24404.873098077067,2926.971073171228,24809.789487603677,24404.873098077067,0.0,pvalloc_29nbfs_LRG2_max_sCs2p8
5241,48300.35848705157,3153.1756252427404,48466.004445205646,47668.15124239091,632.2072446606583,pvalloc_29nbfs_LRG2_max_sCs2p8
5242,62256.435692008905,3597.6487860014413,62409.6935604475,58915.32471391125,3341.1109780976444,pvalloc_29nbfs_LRG2_max_sCs2p8
5243,68811.25100935696,3909.7425517374977,68977.6673544181,63520.604386205865,5290.646623151061,pvalloc_29nbfs_LRG2_max_sCs2p8
5244,56475.47099950999,4417.982474716367,56791.879790967745,54420.543800348,2054.92719916198,pvalloc_29nbfs_LRG2_max_sCs2p8
5245,54906.60152863714,4932.526560006504,55356.28567855009,53130.44575899957,1776.155769637568,pvalloc_29nbfs_LRG2_max_sCs2p8
5246,51246.428204258526,4986.670034043951,51794.62630541759,50041.4899684768,1204.9382357817258,pvalloc_29nbfs_LRG2_max_sCs2p8
5247,50990.538445625476,4681.216243867455,51466.014337378576,49840.47476848385,1150.063677141629,pvalloc_29nbfs_LRG2_max_sCs2p8
5248,43367.147485091904,4129.402805912245,43824.08540824535,43070.68589719323,296.4615878986745,pvalloc_29nbfs_LRG2_max_sCs2p8
5249,35400.135877005305,4003.805313961812,35935.28387798345,35339.35136659937,60.784510405937624,pvalloc_29nbfs_LRG2_max_sCs2p8
5250,18123.863553964486,4538.8803045317845,19490.655990435087,18123.863553964486,0.0,pvalloc_29nbfs_LRG2_max_sCs2p8
5251,8334.044762911784,5134.407040781565,10854.501712352872,8334.044762911784,0.0,pvalloc_29nbfs_LRG2_max_sCs2p8
5252,0.0,19000.261318709796,19000.261318709796,0.0,0.0,pvalloc_29nbfs_LRG2_max_sCs2p8
5253,0.0,19290.580116971658,19290.580116971658,0.0,0.0,pvalloc_29nbfs_LRG2_max_sCs2p8
5254,0.0,16835.26838147422,16835.26838147422,0.0,0.0,pvalloc_29nbfs_LRG2_max_sCs2p8
5255,0.0,14924.78827852718,14924.78827852718,0.0,0.0,pvalloc_29nbfs_LRG2_max_sCs2p8
5256,0.0,13381.168060104115,13381.168060104115,0.0,0.0,pvalloc_29nbfs_LRG2_max_sCs2p8
5257,0.0,10539.960012448035,10539.960012448035,0.0,0.0,pvalloc_29nbfs_LRG2_max_sCs2p8
5258,0.0,8429.066249258416,8429.066249258416,0.0,0.0,pvalloc_29nbfs_LRG2_max_sCs2p8
5259,0.0,7662.686930720702,7662.686930720702,0.0,0.0,pvalloc_29nbfs_LRG2_max_sCs2p8
5260,0.0,6987.569716052491,6987.569716052491,0.0,0.0,pvalloc_29nbfs_LRG2_max_sCs2p8
5261,0.0,6946.060646242223,6946.060646242223,0.0,0.0,pvalloc_29nbfs_LRG2_max_sCs2p8
5262,58.78683165370196,4987.603431943183,4988.226500870328,58.78683165370196,0.0,pvalloc_29nbfs_LRG2_max_sCs2p8
5263,12689.62353872739,2563.012387488909,13328.563330286725,12689.62353872739,0.0,pvalloc_29nbfs_LRG2_max_sCs2p8
5264,33505.272263891115,2856.08867305385,33741.131610125165,33501.91326453949,3.3589993516220034,pvalloc_29nbfs_LRG2_max_sCs2p8
5265,56198.209969615666,2947.183623558681,56310.81258905344,54277.012368601434,1921.1976010142346,pvalloc_29nbfs_LRG2_max_sCs2p8
5266,75224.77699776123,3724.4323431317803,75341.56436990472,67680.72797866444,7544.049019096837,pvalloc_29nbfs_LRG2_max_sCs2p8
5267,88826.66810513868,4800.2509836084255,88997.16619945716,75238.42871291615,13588.239392222513,pvalloc_29nbfs_LRG2_max_sCs2p8
5268,86120.19486363172,5848.261088967273,86454.47402381792,73819.30543246481,12300.88943116683,pvalloc_29nbfs_LRG2_max_sCs2p8
5269,91017.0391372781,5814.744604230779,91307.22693323983,76239.56359586274,14777.475541415348,pvalloc_29nbfs_LRG2_max_sCs2p8
5270,91502.43355898994,5228.563894190182,91772.00863058148,76217.06746290991,15285.366096080095,pvalloc_29nbfs_LRG2_max_sCs2p8
5271,83045.93849863704,5020.184295226816,83307.97125922561,71929.18525294571,11116.753245691325,pvalloc_29nbfs_LRG2_max_sCs2p8
5272,69189.89942579428,4778.522147863421,69477.8163013761,63661.79427586895,5528.105149925341,pvalloc_29nbfs_LRG2_max_sCs2p8
5273,52123.62311649623,4342.843335707967,52498.973046835476,50808.97551650019,1314.647599996045,pvalloc_29nbfs_LRG2_max_sCs2p8
5274,31261.97791141698,4443.1314453190735,32026.470048881067,31261.97791141698,0.0,pvalloc_29nbfs_LRG2_max_sCs2p8
5275,12674.25988209157,4709.289446625041,14447.628705795383,12674.25988209157,0.0,pvalloc_29nbfs_LRG2_max_sCs2p8
5276,0.001144878417680309,16108.253045436717,16108.253045436717,0.001144878417680309,0.0,pvalloc_29nbfs_LRG2_max_sCs2p8
5277,0.0,16661.54003587522,16661.54003587522,0.0,0.0,pvalloc_29nbfs_LRG2_max_sCs2p8
5278,0.0,16071.87963882066,16071.87963882066,0.0,0.0,pvalloc_29nbfs_LRG2_max_sCs2p8
5279,0.0,16513.61501158644,16513.61501158644,0.0,0.0,pvalloc_29nbfs_LRG2_max_sCs2p8
5280,0.0,14223.402737580198,14223.402737580198,0.0,0.0,pvalloc_29nbfs_LRG2_max_sCs2p8
5281,0.0,10189.901163932846,10189.901163932846,0.0,0.0,pvalloc_29nbfs_LRG2_max_sCs2p8
5282,0.0,9219.908618123189,9219.908618123189,0.0,0.0,pvalloc_29nbfs_LRG2_max_sCs2p8
5283,0.0,8077.212368111324,8077.212368111324,0.0,0.0,pvalloc_29nbfs_LRG2_max_sCs2p8
5284,0.0,7416.3887727037745,7416.3887727037745,0.0,0.0,pvalloc_29nbfs_LRG2_max_sCs2p8
5285,0.0,7104.393955178768,7104.393955178768,0.0,0.0,pvalloc_29nbfs_LRG2_max_sCs2p8
5286,19.615594840225402,5505.51609976068,5505.778628495315,19.615594840225402,0.0,pvalloc_29nbfs_LRG2_max_sCs2p8
5287,11799.043814468314,2604.477814426107,12505.891386633346,11799.043814468314,0.0,pvalloc_29nbfs_LRG2_max_sCs2p8
5288,33671.76208932999,2762.7791168852555,33887.44068725183,33666.065161976134,5.696927353860644,pvalloc_29nbfs_LRG2_max_sCs2p8
5289,55885.383516707385,2764.964719180983,55986.423891863975,54023.72569674707,1861.657819960316,pvalloc_29nbfs_LRG2_max_sCs2p8
5290,74182.37314523848,3621.440317945079,74292.36649803996,67053.58376971413,7128.789375524317,pvalloc_29nbfs_LRG2_max_sCs2p8
5291,90215.07068820785,4049.8531357819124,90337.38971375619,75840.54749553857,14374.523192669258,pvalloc_29nbfs_LRG2_max_sCs2p8
5292,85613.28470806938,5619.10889171053,85914.9768524835,73555.54014814192,12057.744559927498,pvalloc_29nbfs_LRG2_max_sCs2p8
5293,91366.23647263358,5532.835443676761,91626.402606113,76303.68480332161,15062.551669311986,pvalloc_29nbfs_LRG2_max_sCs2p8
5294,86745.32533528721,6652.633107167271,87201.13406830479,73908.93429149274,12836.391043794496,pvalloc_29nbfs_LRG2_max_sCs2p8
5295,80005.92866761574,6058.4702947202795,80428.38125883866,70227.24720912684,9778.681458488922,pvalloc_29nbfs_LRG2_max_sCs2p8
5296,65442.81702393961,6116.4763323671805,66030.84774977078,61105.35696352113,4337.460060418479,pvalloc_29nbfs_LRG2_max_sCs2p8
5297,49694.86399590813,5439.192406776939,50386.57982123522,48723.8590341708,971.0049617373298,pvalloc_29nbfs_LRG2_max_sCs2p8
5298,29308.07944042043,5433.08540264987,30512.643909176582,29308.07944042043,0.0,pvalloc_29nbfs_LRG2_max_sCs2p8
5299,8809.09230648375,6469.552869782121,12180.436452009531,8809.09230648375,0.0,pvalloc_29nbfs_LRG2_max_sCs2p8
5300,0.002782290935076717,16915.24899914541,16915.24899914541,0.002782290935076717,0.0,pvalloc_29nbfs_LRG2_max_sCs2p8
5301,0.0,19664.8737674663,19664.8737674663,0.0,0.0,pvalloc_29nbfs_LRG2_max_sCs2p8
5302,0.0,21717.297616531432,21717.297616531432,0.0,0.0,pvalloc_29nbfs_LRG2_max_sCs2p8
5303,0.0,17214.825474050005,17214.825474050005,0.0,0.0,pvalloc_29nbfs_LRG2_max_sCs2p8
5304,0.0,12578.207549128689,12578.207549128689,0.0,0.0,pvalloc_29nbfs_LRG2_max_sCs2p8
5305,0.0,10294.109997870488,10294.109997870488,0.0,0.0,pvalloc_29nbfs_LRG2_max_sCs2p8
5306,0.0,8325.709247505114,8325.709247505114,0.0,0.0,pvalloc_29nbfs_LRG2_max_sCs2p8
5307,0.0,7293.515981600715,7293.515981600715,0.0,0.0,pvalloc_29nbfs_LRG2_max_sCs2p8
5308,0.0,6735.77447883469,6735.77447883469,0.0,0.0,pvalloc_29nbfs_LRG2_max_sCs2p8
5309,0.0,6710.483943585054,6710.483943585054,0.0,0.0,pvalloc_29nbfs_LRG2_max_sCs2p8
5310,30.303210730420222,4984.983134688122,4985.368260128796,30.303210730420222,0.0,pvalloc_29nbfs_LRG2_max_sCs2p8
5311,11751.2153546106,2510.584288092961,12418.844924318542,11751.2153546106,0.0,pvalloc_29nbfs_LRG2_max_sCs2p8
5312,32869.01690489034,2874.343565492166,33117.581634011505,32869.01690489034,0.0,pvalloc_29nbfs_LRG2_max_sCs2p8
5313,54814.83499493107,3219.797456771727,54955.53840285218,53149.858302179775,1664.9766927513094,pvalloc_29nbfs_LRG2_max_sCs2p8
5314,74957.08685080011,3688.729536583982,75083.07431800629,67483.71275645308,7473.374094347069,pvalloc_29nbfs_LRG2_max_sCs2p8
5315,91190.34500650004,3849.742324431742,91302.79900496737,76296.20696005315,14894.138046446902,pvalloc_29nbfs_LRG2_max_sCs2p8
5316,85234.4857576157,5913.176444007983,85584.41557077752,73338.13631201944,11896.349445596305,pvalloc_29nbfs_LRG2_max_sCs2p8
5317,90958.82986548895,5415.218212128404,91198.91853401868,76181.17408772773,14777.655777761229,pvalloc_29nbfs_LRG2_max_sCs2p8
5318,88563.05924392857,5553.045414626008,88835.20109445162,74905.83146258314,13657.227781345411,pvalloc_29nbfs_LRG2_max_sCs2p8
5319,82018.41123840348,4917.0295983048445,82252.05613265015,71431.31995254784,10587.091285855624,pvalloc_29nbfs_LRG2_max_sCs2p8
5320,67937.94058882695,4825.657031630293,68236.25463482497,62832.33475917828,5105.605829648694,pvalloc_29nbfs_LRG2_max_sCs2p8
5321,50056.76992438162,4697.474032687261,50513.87584884965,49096.248974893664,960.5209494879479,pvalloc_29nbfs_LRG2_max_sCs2p8
5322,31967.845553683,3954.809451547309,32562.243768608947,31967.845553683,0.0,pvalloc_29nbfs_LRG2_max_sCs2p8
5323,10836.436149704732,4742.449428418117,12903.431669754747,10836.436149704732,0.0,pvalloc_29nbfs_LRG2_max_sCs2p8
5324,0.6165545583833121,11780.598395433224,11780.598395433224,0.6165545583833121,0.0,pvalloc_29nbfs_LRG2_max_sCs2p8
5325,0.0,17798.4514230697,17798.4514230697,0.0,0.0,pvalloc_29nbfs_LRG2_max_sCs2p8
5326,0.0,19605.334016129706,19605.334016129706,0.0,0.0,pvalloc_29nbfs_LRG2_max_sCs2p8
5327,0.0,17993.3392447101,17993.3392447101,0.0,0.0,pvalloc_29nbfs_LRG2_max_sCs2p8
5328,0.0,14499.905393880885,14499.905393880885,0.0,0.0,pvalloc_29nbfs_LRG2_max_sCs2p8
5329,0.0,10706.798579119697,10706.798579119697,0.0,0.0,pvalloc_29nbfs_LRG2_max_sCs2p8
5330,0.0,8691.305275136961,8691.305275136961,0.0,0.0,pvalloc_29nbfs_LRG2_max_sCs2p8
5331,0.0,7299.838339654398,7299.838339654398,0.0,0.0,pvalloc_29nbfs_LRG2_max_sCs2p8
5332,0.0,6942.4868277889755,6942.4868277889755,0.0,0.0,pvalloc_29nbfs_LRG2_max_sCs2p8
5333,0.0,6828.13401308158,6828.13401308158,0.0,0.0,pvalloc_29nbfs_LRG2_max_sCs2p8
5334,10.246012047811925,5417.913229444214,5418.048820024615,10.246012047811925,0.0,pvalloc_29nbfs_LRG2_max_sCs2p8
5335,10504.977466390072,2805.838686778589,11438.139798370094,10504.977466390072,0.0,pvalloc_29nbfs_LRG2_max_sCs2p8
5336,31587.79644928402,3234.4566533650395,31942.882800250867,31587.79644928402,0.0,pvalloc_29nbfs_LRG2_max_sCs2p8
5337,53925.9073900436,3412.6627263109385,54094.694988219286,52411.69423797598,1514.213152067616,pvalloc_29nbfs_LRG2_max_sCs2p8
5338,73873.24995460991,3725.5709538902283,74000.64669562544,66833.0260064164,7040.223948193439,pvalloc_29nbfs_LRG2_max_sCs2p8
5339,89046.6160869561,4023.098160294397,89163.84986360198,75276.71355974124,13769.902527214837,pvalloc_29nbfs_LRG2_max_sCs2p8
5340,84360.94341118405,5740.350559746941,84709.4463251981,72964.16041979344,11396.782991390552,pvalloc_29nbfs_LRG2_max_sCs2p8
5341,88659.03714011246,5708.71001305357,88950.0545212607,75097.60824655498,13561.428893557435,pvalloc_29nbfs_LRG2_max_sCs2p8
5342,85471.30432419732,6552.6593862046075,85928.97782376713,73432.20273891273,12039.101585284623,pvalloc_29nbfs_LRG2_max_sCs2p8
5343,80351.10290525212,5459.1867090508495,80661.51583516537,70487.30434644422,9863.798558807868,pvalloc_29nbfs_LRG2_max_sCs2p8
5344,68384.1287814317,4524.344633341749,68642.28119514277,63124.230911615676,5259.897869815945,pvalloc_29nbfs_LRG2_max_sCs2p8
5345,48964.90202085031,4481.468488608479,49387.22329479877,48175.74499717104,789.157023679282,pvalloc_29nbfs_LRG2_max_sCs2p8
5346,29290.343551778806,4464.088761664078,30117.985172037235,29290.343551778806,0.0,pvalloc_29nbfs_LRG2_max_sCs2p8
5347,7442.769691659434,6365.684958241262,10945.902261624718,7442.769691659434,0.0,pvalloc_29nbfs_LRG2_max_sCs2p8
5348,0.0,15989.85318889917,15989.85318889917,0.0,0.0,pvalloc_29nbfs_LRG2_max_sCs2p8
5349,0.0,16826.71504393423,16826.71504393423,0.0,0.0,pvalloc_29nbfs_LRG2_max_sCs2p8
5350,0.0,17455.218388780388,17455.218388780388,0.0,0.0,pvalloc_29nbfs_LRG2_max_sCs2p8
5351,0.0,17312.601875985754,17312.601875985754,0.0,0.0,pvalloc_29nbfs_LRG2_max_sCs2p8
5352,0.0,14414.143741518079,14414.143741518079,0.0,0.0,pvalloc_29nbfs_LRG2_max_sCs2p8
5353,0.0,9954.17201230051,9954.17201230051,0.0,0.0,pvalloc_29nbfs_LRG2_max_sCs2p8
5354,0.0,8448.308232531268,8448.308232531268,0.0,0.0,pvalloc_29nbfs_LRG2_max_sCs2p8
5355,0.0,7461.470557932398,7461.470557932398,0.0,0.0,pvalloc_29nbfs_LRG2_max_sCs2p8
5356,0.0,6904.553782501743,6904.553782501743,0.0,0.0,pvalloc_29nbfs_LRG2_max_sCs2p8
5357,0.0,6785.528064411384,6785.528064411384,0.0,0.0,pvalloc_29nbfs_LRG2_max_sCs2p8
5358,16.20061687471275,5398.163046969413,5398.393010845571,16.20061687471275,0.0,pvalloc_29nbfs_LRG2_max_sCs2p8
5359,10621.89777006328,2700.338359982842,11464.298153746735,10621.89777006328,0.0,pvalloc_29nbfs_LRG2_max_sCs2p8
5360,31814.926197143413,3036.5775677431147,32115.48278143525,31814.926197143413,0.0,pvalloc_29nbfs_LRG2_max_sCs2p8
5361,51627.462920609294,4021.67580970406,51931.4563139453,50504.64346671199,1122.8194538973123,pvalloc_29nbfs_LRG2_max_sCs2p8
5362,72711.23129436199,4119.579959371815,72875.53496303783,66132.87867383142,6578.352620530561,pvalloc_29nbfs_LRG2_max_sCs2p8
5363,86933.82010440131,4994.827024495932,87142.66622407683,74312.38937943552,12621.430724965823,pvalloc_29nbfs_LRG2_max_sCs2p8
5364,84888.9456353636,5829.793784504602,85249.98290144051,73247.84596172124,11641.099673642346,pvalloc_29nbfs_LRG2_max_sCs2p8
5365,87842.2912699963,6394.181960790699,88276.11713644576,74767.27771134941,13075.01355864694,pvalloc_29nbfs_LRG2_max_sCs2p8
5366,90074.44870828209,5273.567940798178,90312.54437421358,75671.92942011009,14402.519288171998,pvalloc_29nbfs_LRG2_max_sCs2p8
5367,81532.64110610473,4898.520213692069,81759.6580884764,71191.15823897778,10341.48286712692,pvalloc_29nbfs_LRG2_max_sCs2p8
5368,67785.0694986288,4601.350348740343,68042.05745229448,62794.965125336734,4990.104373292019,pvalloc_29nbfs_LRG2_max_sCs2p8
5369,48928.081057322044,4696.805284304964,49391.25975551925,48167.854230551464,760.2268267705924,pvalloc_29nbfs_LRG2_max_sCs2p8
5370,28008.480808367272,4838.861047949204,29075.807443146692,28008.480808367272,0.0,pvalloc_29nbfs_LRG2_max_sCs2p8
5371,9366.605969979559,5176.165712935881,11827.445600318819,9366.605969979559,0.0,pvalloc_29nbfs_LRG2_max_sCs2p8
5372,0.0,16855.910998791645,16855.910998791645,0.0,0.0,pvalloc_29nbfs_LRG2_max_sCs2p8
5373,0.0,17345.89249504484,17345.89249504484,0.0,0.0,pvalloc_29nbfs_LRG2_max_sCs2p8
5374,0.0,16579.52219038973,16579.52219038973,0.0,0.0,pvalloc_29nbfs_LRG2_max_sCs2p8
5375,0.0,15251.446364993697,15251.446364993697,0.0,0.0,pvalloc_29nbfs_LRG2_max_sCs2p8
5376,0.0,13188.262672566276,13188.262672566276,0.0,0.0,pvalloc_29nbfs_LRG2_max_sCs2p8
5377,0.0,11323.92566649367,11323.92566649367,0.0,0.0,pvalloc_29nbfs_LRG2_max_sCs2p8
5378,0.0,9734.491596408214,9734.491596408214,0.0,0.0,pvalloc_29nbfs_LRG2_max_sCs2p8
5379,0.0,8493.110696508547,8493.110696508547,0.0,0.0,pvalloc_29nbfs_LRG2_max_sCs2p8
5380,0.0,7434.255107382792,7434.255107382792,0.0,0.0,pvalloc_29nbfs_LRG2_max_sCs2p8
5381,0.0,7087.3506932827795,7087.3506932827795,0.0,0.0,pvalloc_29nbfs_LRG2_max_sCs2p8
5382,6.52120353895807,5749.49772815823,5749.597118968069,6.52120353895807,0.0,pvalloc_29nbfs_LRG2_max_sCs2p8
5383,10252.883085899102,2774.4847264182094,11157.174682947205,10252.883085899102,0.0,pvalloc_29nbfs_LRG2_max_sCs2p8
5384,32069.378287238163,2885.5980503335168,32337.127498670892,32069.378287238163,0.0,pvalloc_29nbfs_LRG2_max_sCs2p8
5385,54199.5747797138,3221.0025631125245,54345.25412322439,52632.468489512365,1567.1062902014564,pvalloc_29nbfs_LRG2_max_sCs2p8
5386,72802.98823066895,3905.235282090257,72942.80310310704,66182.24889083073,6620.739339838186,pvalloc_29nbfs_LRG2_max_sCs2p8
5387,88417.72701193731,4434.800077774518,88565.48685012324,74961.7322285403,13455.994783396965,pvalloc_29nbfs_LRG2_max_sCs2p8
5388,85509.86397421845,5516.984884845277,85794.93756320994,73486.20739101063,12023.656583207805,pvalloc_29nbfs_LRG2_max_sCs2p8
5389,89243.65411741691,5835.616186667276,89546.63163107673,75338.8123571545,13904.84176026241,pvalloc_29nbfs_LRG2_max_sCs2p8
5390,85610.68655206663,6239.885202273533,85999.94277993371,73449.23602703103,12161.45052503559,pvalloc_29nbfs_LRG2_max_sCs2p8
5391,78814.85480497329,5603.9843191841965,79151.58684508689,69671.06018139997,9143.79462357331,pvalloc_29nbfs_LRG2_max_sCs2p8
5392,64775.25386109832,5314.59293020485,65183.815466614215,60733.83117679545,4041.422684302858,pvalloc_29nbfs_LRG2_max_sCs2p8
5393,45996.115428797544,5338.351139735511,46707.922384028214,45552.512506103034,443.6029226945113,pvalloc_29nbfs_LRG2_max_sCs2p8
5394,27030.71203089474,4954.141089224528,28197.338045692857,27030.71203089474,0.0,pvalloc_29nbfs_LRG2_max_sCs2p8
5395,6321.212616973788,7006.3789797645095,10430.166532869765,6321.212616973788,0.0,pvalloc_29nbfs_LRG2_max_sCs2p8
5396,0.0,17146.012240082204,17146.012240082204,0.0,0.0,pvalloc_29nbfs_LRG2_max_sCs2p8
5397,0.0,18592.2121303555,18592.2121303555,0.0,0.0,pvalloc_29nbfs_LRG2_max_sCs2p8
5398,0.0,17959.280865600802,17959.280865600802,0.0,0.0,pvalloc_29nbfs_LRG2_max_sCs2p8
5399,0.0,15321.147510146637,15321.147510146637,0.0,0.0,pvalloc_29nbfs_LRG2_max_sCs2p8
5400,0.0,13722.161589340783,13722.161589340783,0.0,0.0,pvalloc_29nbfs_LRG2_max_sCs2p8
5401,0.0,10430.229263731497,10430.229263731497,0.0,0.0,pvalloc_29nbfs_LRG2_max_sCs2p8
5402,0.0,8829.571873465273,8829.571873465273,0.0,0.0,pvalloc_29nbfs_LRG2_max_sCs2p8
5403,0.0,7657.188196967489,7657.188196967489,0.0,0.0,pvalloc_29nbfs_LRG2_max_sCs2p8
5404,0.0,7455.696363549953,7455.696363549953,0.0,0.0,pvalloc_29nbfs_LRG2_max_sCs2p8
5405,0.0,7031.549107246736,7031.549107246736,0.0,0.0,pvalloc_29nbfs_LRG2_max_sCs2p8
5406,1.9981509122230396,6089.756437797668,6089.803788790199,1.9981509122230396,0.0,pvalloc_29nbfs_LRG2_max_sCs2p8
5407,10245.744421315632,2615.8602068731316,11049.497461433328,10245.744421315632,0.0,pvalloc_29nbfs_LRG2_max_sCs2p8
5408,29304.538222094405,3029.06811689668,29643.59683028661,29304.538222094405,0.0,pvalloc_29nbfs_LRG2_max_sCs2p8
5409,48763.012788947985,3991.4495593235188,49080.017760268944,48070.39680872355,692.615980224429,pvalloc_29nbfs_LRG2_max_sCs2p8
5410,67045.42188198418,3842.8198413673827,67207.34193379455,62347.15810687551,4698.263775108609,pvalloc_29nbfs_LRG2_max_sCs2p8
5411,74845.56425920545,4142.303651760786,75017.56960443206,67356.8235994066,7488.740659798881,pvalloc_29nbfs_LRG2_max_sCs2p8
5412,63304.09606419025,5462.651085104767,63784.36748031241,59680.25909810677,3623.8369660834787,pvalloc_29nbfs_LRG2_max_sCs2p8
5413,62770.68966925178,6093.9550761391465,63401.42377401835,59232.75468128463,3537.9349879671545,pvalloc_29nbfs_LRG2_max_sCs2p8
5414,57274.0811178656,6035.391975649125,57998.22714419564,54904.36732319364,2369.713794671967,pvalloc_29nbfs_LRG2_max_sCs2p8
5415,46204.63153761034,5488.386577671209,46964.3761742996,45693.68282024978,510.9487173605524,pvalloc_29nbfs_LRG2_max_sCs2p8
5416,34368.36672568074,5014.532597955134,35259.20936597997,34319.56584704063,48.80087864011165,pvalloc_29nbfs_LRG2_max_sCs2p8
5417,27438.55303206687,4820.5557678259875,28491.865039232307,27438.55303206687,0.0,pvalloc_29nbfs_LRG2_max_sCs2p8
5418,11358.324767916482,5234.419657709118,13692.009636136248,11358.324767916482,0.0,pvalloc_29nbfs_LRG2_max_sCs2p8
5419,2517.1929209389073,6575.831975765096,7235.749879794522,2517.1929209389073,0.0,pvalloc_29nbfs_LRG2_max_sCs2p8
5420,0.0,14157.295781725466,14157.295781725466,0.0,0.0,pvalloc_29nbfs_LRG2_max_sCs2p8
5421,0.0,16175.31795512087,16175.31795512087,0.0,0.0,pvalloc_29nbfs_LRG2_max_sCs2p8
5422,0.0,16617.529616008724,16617.529616008724,0.0,0.0,pvalloc_29nbfs_LRG2_max_sCs2p8
5423,0.0,15583.466132818583,15583.466132818583,0.0,0.0,pvalloc_29nbfs_LRG2_max_sCs2p8
5424,0.0,13573.678772779584,13573.678772779584,0.0,0.0,pvalloc_29nbfs_LRG2_max_sCs2p8
4920,0.0,11113.463869085279,11113.463869085279,0.0,0.0,pvalloc_29nbfs_LRG2_max_sCs4p4
4921,0.0,10737.831728562101,10737.831728562101,0.0,0.0,pvalloc_29nbfs_LRG2_max_sCs4p4
4922,0.0,10105.311448681487,10105.311448681487,0.0,0.0,pvalloc_29nbfs_LRG2_max_sCs4p4
4923,0.0,8120.094880445638,8120.094880445638,0.0,0.0,pvalloc_29nbfs_LRG2_max_sCs4p4
4924,0.0,7251.733657230992,7251.733657230992,0.0,0.0,pvalloc_29nbfs_LRG2_max_sCs4p4
4925,0.0,6971.075169345191,6971.075169345191,0.0,0.0,pvalloc_29nbfs_LRG2_max_sCs4p4
4926,823.7110807236133,3596.4644821860784,3690.9328337290144,823.7110807236133,0.0,pvalloc_29nbfs_LRG2_max_sCs4p4
4927,15761.085953951484,2536.371094232099,16268.842457889994,15761.085953951484,0.0,pvalloc_29nbfs_LRG2_max_sCs4p4
4928,35993.33461562529,2697.901715364252,36178.882672728796,35926.664379072456,66.67023655282856,pvalloc_29nbfs_LRG2_max_sCs4p4
4929,55366.76602723159,3338.084570972951,55523.301989811705,53600.00062871715,1766.7653985144266,pvalloc_29nbfs_LRG2_max_sCs4p4
4930,74388.51108537611,3562.9673773323257,74502.30335230156,67097.20790384444,7291.303181531669,pvalloc_29nbfs_LRG2_max_sCs4p4
4931,89315.11776233501,4072.3320582627493,89444.01997577828,75344.71290966182,13970.40485267316,pvalloc_29nbfs_LRG2_max_sCs4p4
4932,74219.15228719152,5133.80088819226,74527.14847025827,66961.29315635518,7257.859130836239,pvalloc_29nbfs_LRG2_max_sCs4p4
4933,61765.81270578932,6642.937187307553,62613.40671788691,58532.38109695682,3233.431608832501,pvalloc_29nbfs_LRG2_max_sCs4p4
4934,58390.44069865667,5487.978595710333,58934.567438423524,55849.22227002988,2541.2184286267907,pvalloc_29nbfs_LRG2_max_sCs4p4
4935,50979.41978787886,5066.93215331755,51547.27422404585,49810.342131345446,1169.0776565334156,pvalloc_29nbfs_LRG2_max_sCs4p4
4936,50362.99265613755,4815.612893447917,50877.186225542086,49303.68884644782,1059.3038096897276,pvalloc_29nbfs_LRG2_max_sCs4p4
4937,34084.886713989086,4267.357400408094,34734.7686031398,34042.700740738095,42.18597325100018,pvalloc_29nbfs_LRG2_max_sCs4p4
4938,16343.493683502864,3926.507443754629,17455.56754950801,16343.493683502864,0.0,pvalloc_29nbfs_LRG2_max_sCs4p4
4939,7179.888305126513,5152.579623895502,9874.209889304002,7179.888305126513,0.0,pvalloc_29nbfs_LRG2_max_sCs4p4
4940,296.31995935825836,8837.806823606188,8841.254190079357,296.31995935825836,0.0,pvalloc_29nbfs_LRG2_max_sCs4p4
4941,0.0,12714.325160437364,12714.325160437364,0.0,0.0,pvalloc_29nbfs_LRG2_max_sCs4p4
4942,0.0,13844.117670126652,13844.117670126652,0.0,0.0,pvalloc_29nbfs_LRG2_max_sCs4p4
4943,0.0,13190.081500942473,13190.081500942473,0.0,0.0,pvalloc_29nbfs_LRG2_max_sCs4p4
4944,0.0,15734.473543662867,15734.473543662867,0.0,0.0,pvalloc_29nbfs_LRG2_max_sCs4p4
4945,0.0,11843.652935827871,11843.652935827871,0.0,0.0,pvalloc_29nbfs_LRG2_max_sCs4p4
4946,0.0,9148.163406638314,9148.163406638314,0.0,0.0,pvalloc_29nbfs_LRG2_max_sCs4p4
4947,0.0,7889.191632688865,7889.191632688865,0.0,0.0,pvalloc_29nbfs_LRG2_max_sCs4p4
4948,0.0,7842.183829125384,7842.183829125384,0.0,0.0,pvalloc_29nbfs_LRG2_max_sCs4p4
4949,0.0,6888.334696423667,6888.334696423667,0.0,0.0,pvalloc_29nbfs_LRG2_max_sCs4p4
4950,7.620478598555696,5201.47572770974,5201.4930400726935,7.620478598555696,0.0,pvalloc_29nbfs_LRG2_max_sCs4p4
4951,9123.58742544956,2539.592239822459,9969.757977811825,9123.58742544956,0.0,pvalloc_29nbfs_LRG2_max_sCs4p4
4952,30301.493446273846,2554.131178813433,30515.08305245369,30301.493446273846,0.0,pvalloc_29nbfs_LRG2_max_sCs4p4
4953,54003.54819716302,3006.762967431013,54127.690159412945,52469.21161248927,1534.3365846737415,pvalloc_29nbfs_LRG2_max_sCs4p4
4954,75422.39044121894,3368.8320766304296,75518.46079128882,67729.2524795097,7693.1379617092525,pvalloc_29nbfs_LRG2_max_sCs4p4
4955,86704.84099958581,3615.91800966371,86811.71240785104,73961.40266475889,12743.438334826893,pvalloc_29nbfs_LRG2_max_sCs4p4
4956,74735.10036412938,4604.605168461652,74961.134684451,67279.61910522959,7455.481258899818,pvalloc_29nbfs_LRG2_max_sCs4p4
4957,50049.7987786878,4868.095544597227,50565.41790339217,49060.76072347834,989.0380552094515,pvalloc_29nbfs_LRG2_max_sCs4p4
4958,60895.10013054004,5005.975190331722,61338.16212274513,57679.84700506007,3215.2531254799824,pvalloc_29nbfs_LRG2_max_sCs4p4
4959,48570.42624158603,5048.800164693484,49207.39785269742,47747.00132469754,823.4249168884871,pvalloc_29nbfs_LRG2_max_sCs4p4
4960,44655.57439900247,4723.631064026371,45272.35002211731,44235.14641141598,420.42798758649343,pvalloc_29nbfs_LRG2_max_sCs4p4
4961,35979.02768133532,4805.759748280936,36782.83723638199,35881.35762476816,97.67005656715043,pvalloc_29nbfs_LRG2_max_sCs4p4
4962,19839.86172067042,4687.611607654946,21184.304457002996,19839.86172067042,0.0,pvalloc_29nbfs_LRG2_max_sCs4p4
4963,9129.651816398187,6051.049040340477,12244.253826022124,9129.651816398187,0.0,pvalloc_29nbfs_LRG2_max_sCs4p4
4964,3.5753611423399807,11428.30381990573,11428.30381990573,3.5753611423399807,0.0,pvalloc_29nbfs_LRG2_max_sCs4p4
4965,0.0,21698.627529472968,21698.627529472968,0.0,0.0,pvalloc_29nbfs_LRG2_max_sCs4p4
4966,0.0,15054.668580548847,15054.668580548847,0.0,0.0,pvalloc_29nbfs_LRG2_max_sCs4p4
4967,0.0,14761.300435221638,14761.300435221638,0.0,0.0,pvalloc_29nbfs_LRG2_max_sCs4p4
4968,0.0,12492.279958567411,12492.279958567411,0.0,0.0,pvalloc_29nbfs_LRG2_max_sCs4p4
4969,0.0,10052.532145121631,10052.532145121631,0.0,0.0,pvalloc_29nbfs_LRG2_max_sCs4p4
4970,0.0,8034.332061846784,8034.332061846784,0.0,0.0,pvalloc_29nbfs_LRG2_max_sCs4p4
4971,0.0,7219.022230515399,7219.022230515399,0.0,0.0,pvalloc_29nbfs_LRG2_max_sCs4p4
4972,0.0,6689.043790452777,6689.043790452777,0.0,0.0,pvalloc_29nbfs_LRG2_max_sCs4p4
4973,0.0,6426.52820091012,6426.52820091012,0.0,0.0,pvalloc_29nbfs_LRG2_max_sCs4p4
4974,161.10452227290662,3989.556605154687,3991.5063534948695,161.10452227290662,0.0,pvalloc_29nbfs_LRG2_max_sCs4p4
4975,10202.554132932899,2534.2144228419806,10985.46670397534,10202.554132932899,0.0,pvalloc_29nbfs_LRG2_max_sCs4p4
4976,3134.6081545964885,2922.339727432104,4786.804089181866,3134.6081545964885,0.0,pvalloc_29nbfs_LRG2_max_sCs4p4
4977,18337.56334005939,3139.0042126836997,19030.414582765574,18337.56334005939,0.0,pvalloc_29nbfs_LRG2_max_sCs4p4
4978,36175.40286843606,3432.6477752607225,36531.28567014863,36084.09935734257,91.3035110934876,pvalloc_29nbfs_LRG2_max_sCs4p4
4979,57339.36522226488,3908.8832074344473,57571.2539899014,55088.34296645708,2251.0222558077967,pvalloc_29nbfs_LRG2_max_sCs4p4
4980,59621.742782282294,4677.7218677172605,59968.57612681662,56856.13898392379,2765.603798358491,pvalloc_29nbfs_LRG2_max_sCs4p4
4981,62945.24220312306,5378.021663178989,63405.45527610625,59352.89462349594,3592.3475796271227,pvalloc_29nbfs_LRG2_max_sCs4p4
4982,47635.18187312614,4926.173607974806,48238.51058027478,46947.8060119108,687.3758612153281,pvalloc_29nbfs_LRG2_max_sCs4p4
4983,52861.01918288431,5535.700741573662,53506.80153944622,51406.16041051573,1454.8587723685846,pvalloc_29nbfs_LRG2_max_sCs4p4
4984,42936.46843644503,4886.100864056461,43581.39876647867,42655.63871784464,280.8297186003856,pvalloc_29nbfs_LRG2_max_sCs4p4
4985,28497.22329282931,4367.254711408146,29331.747872502834,28497.22329282931,0.0,pvalloc_29nbfs_LRG2_max_sCs4p4
4986,22523.989240465486,4916.987292508256,23926.157009758746,22523.989240465486,0.0,pvalloc_29nbfs_LRG2_max_sCs4p4
4987,9973.879759621384,5114.8480656801985,12425.019711845858,9973.879759621384,0.0,pvalloc_29nbfs_LRG2_max_sCs4p4
4988,1.749906197020339,11602.774034545035,11602.774034545035,1.749906197020339,0.0,pvalloc_29nbfs_LRG2_max_sCs4p4
4989,0.0,15306.207062822388,15306.207062822388,0.0,0.0,pvalloc_29nbfs_LRG2_max_sCs4p4
4990,0.0,18487.54111223772,18487.54111223772,0.0,0.0,pvalloc_29nbfs_LRG2_max_sCs4p4
4991,0.0,15678.910070087288,15678.910070087288,0.0,0.0,pvalloc_29nbfs_LRG2_max_sCs4p4
4992,0.0,12457.95010585332,12457.95010585332,0.0,0.0,pvalloc_29nbfs_LRG2_max_sCs4p4
4993,0.0,9566.578165666271,9566.578165666271,0.0,0.0,pvalloc_29nbfs_LRG2_max_sCs4p4
4994,0.0,8172.598108657662,8172.598108657662,0.0,0.0,pvalloc_29nbfs_LRG2_max_sCs4p4
4995,0.0,7275.373634775014,7275.373634775014,0.0,0.0,pvalloc_29nbfs_LRG2_max_sCs4p4
4996,0.0,6657.432000184344,6657.432000184344,0.0,0.0,pvalloc_29nbfs_LRG2_max_sCs4p4
4997,0.0,6227.237294939229,6227.237294939229,0.0,0.0,pvalloc_29nbfs_LRG2_max_sCs4p4
4998,409.33708292447375,3581.794023359861,3598.622623240587,409.33708292447375,0.0,pvalloc_29nbfs_LRG2_max_sCs4p4
4999,14923.19530832003,2526.3582999525047,15467.783412228262,14923.19530832003,0.0,pvalloc_29nbfs_LRG2_max_sCs4p4
5000,33566.25273428433,2776.546389163164,33791.76184619555,33555.806189621704,10.44654466262358,pvalloc_29nbfs_LRG2_max_sCs4p4
5001,52006.8984283041,3114.549160949993,52153.537675375395,50793.69401491121,1213.2044133928896,pvalloc_29nbfs_LRG2_max_sCs4p4
5002,65699.26464027744,3225.2239445096916,65815.94422186507,61378.543300196914,4320.721340080488,pvalloc_29nbfs_LRG2_max_sCs4p4
5003,85563.19956834188,3940.369444059538,85687.82313932196,73404.50916658383,12158.690401758033,pvalloc_29nbfs_LRG2_max_sCs4p4
5004,83655.95348606331,4478.117193556516,83826.83778852687,72399.87980541054,11256.073680652722,pvalloc_29nbfs_LRG2_max_sCs4p4
5005,90114.15366796283,4606.52487706295,90290.75836112158,75711.28690289776,14402.866765065106,pvalloc_29nbfs_LRG2_max_sCs4p4
5006,83914.71350313888,4591.916081828875,84120.3500358231,72421.01522585689,11493.698277282,pvalloc_29nbfs_LRG2_max_sCs4p4
5007,70142.11307237226,4609.456473375605,70402.98084770581,64296.237808086546,5845.875264285557,pvalloc_29nbfs_LRG2_max_sCs4p4
5008,55300.323127697484,4087.6750007252276,55594.97925781816,53406.89762634337,1893.4255013541301,pvalloc_29nbfs_LRG2_max_sCs4p4
5009,32729.38107122347,3834.4358586049693,33277.24364285379,32721.323222889667,8.057848333800678,pvalloc_29nbfs_LRG2_max_sCs4p4
5010,13738.981941407408,3958.3156494674213,15068.959879969407,13738.981941407408,0.0,pvalloc_29nbfs_LRG2_max_sCs4p4
5011,2512.8485440896648,6083.731769667872,6860.100920354607,2512.8485440896648,0.0,pvalloc_29nbfs_LRG2_max_sCs4p4
5012,0.024958675141344665,13827.349048404581,13827.349048404581,0.024958675141344665,0.0,pvalloc_29nbfs_LRG2_max_sCs4p4
5013,0.0,14662.181682635239,14662.181682635239,0.0,0.0,pvalloc_29nbfs_LRG2_max_sCs4p4
5014,0.0,16274.799124460178,16274.799124460178,0.0,0.0,pvalloc_29nbfs_LRG2_max_sCs4p4
5015,0.0,15624.092956490873,15624.092956490873,0.0,0.0,pvalloc_29nbfs_LRG2_max_sCs4p4
5016,0.0,12724.185769730162,12724.185769730162,0.0,0.0,pvalloc_29nbfs_LRG2_max_sCs4p4
5017,0.0,10867.074894322574,10867.074894322574,0.0,0.0,pvalloc_29nbfs_LRG2_max_sCs4p4
5018,0.0,8769.371741640622,8769.371741640622,0.0,0.0,pvalloc_29nbfs_LRG2_max_sCs4p4
5019,0.0,7592.314610242441,7592.314610242441,0.0,0.0,pvalloc_29nbfs_LRG2_max_sCs4p4
5020,0.0,6804.494587055006,6804.494587055006,0.0,0.0,pvalloc_29nbfs_LRG2_max_sCs4p4
5021,0.0,6914.447201421452,6914.447201421452,0.0,0.0,pvalloc_29nbfs_LRG2_max_sCs4p4
5022,126.5674616432567,4157.07755189971,4158.650013373196,126.5674616432567,0.0,pvalloc_29nbfs_LRG2_max_sCs4p4
5023,10440.486273725652,2564.3727104857553,11233.472150070873,10440.486273725652,0.0,pvalloc_29nbfs_LRG2_max_sCs4p4
5024,21691.48297554832,2749.5266002686644,22113.81140872416,21691.48297554832,0.0,pvalloc_29nbfs_LRG2_max_sCs4p4
5025,18560.459139185656,3366.8749398169593,19407.325056246165,18560.459139185656,0.0,pvalloc_29nbfs_LRG2_max_sCs4p4
5026,30574.596873666287,3799.29370259829,31186.757003422277,30574.596873666287,0.0,pvalloc_29nbfs_LRG2_max_sCs4p4
5027,65863.75346262722,3646.597350459636,66022.02146207134,61450.87222026621,4412.881242360995,pvalloc_29nbfs_LRG2_max_sCs4p4
5028,78968.62767594637,5326.909657093817,79295.87073375071,69859.26993387692,9109.35774206943,pvalloc_29nbfs_LRG2_max_sCs4p4
5029,52061.50126455564,5045.602038304078,52595.22825166183,50732.67618143278,1328.825083122867,pvalloc_29nbfs_LRG2_max_sCs4p4
5030,22716.08746014206,5837.390492520715,24591.050036500827,22716.08746014206,0.0,pvalloc_29nbfs_LRG2_max_sCs4p4
5031,25365.970990590144,4960.294901995205,26612.252485596153,25365.970990590144,0.0,pvalloc_29nbfs_LRG2_max_sCs4p4
5032,33757.552410345685,4039.1303682020666,34345.70977471762,33716.166715293475,41.38569505220005,pvalloc_29nbfs_LRG2_max_sCs4p4
5033,26713.220420359547,4129.706761939584,27518.38764770533,26713.220420359547,0.0,pvalloc_29nbfs_LRG2_max_sCs4p4
5034,16596.912605786376,4723.570328596995,18220.179531618676,16596.912605786376,0.0,pvalloc_29nbfs_LRG2_max_sCs4p4
5035,10219.190610869824,5390.527704333405,12755.097756895191,10219.190610869824,0.0,pvalloc_29nbfs_LRG2_max_sCs4p4
5036,10.566789799567825,10991.153699256594,10991.16613440575,10.566789799567825,0.0,pvalloc_29nbfs_LRG2_max_sCs4p4
5037,0.0,15623.399766375918,15623.399766375918,0.0,0.0,pvalloc_29nbfs_LRG2_max_sCs4p4
5038,0.0,16022.715362504956,16022.715362504956,0.0,0.0,pvalloc_29nbfs_LRG2_max_sCs4p4
5039,0.0,16439.75171535185,16439.75171535185,0.0,0.0,pvalloc_29nbfs_LRG2_max_sCs4p4
5040,0.0,12326.556850038325,12326.556850038325,0.0,0.0,pvalloc_29nbfs_LRG2_max_sCs4p4
5041,0.0,9488.472208125193,9488.472208125193,0.0,0.0,pvalloc_29nbfs_LRG2_max_sCs4p4
5042,0.0,8024.4353338224,8024.4353338224,0.0,0.0,pvalloc_29nbfs_LRG2_max_sCs4p4
5043,0.0,7253.657469496068,7253.657469496068,0.0,0.0,pvalloc_29nbfs_LRG2_max_sCs4p4
5044,0.0,6638.189465394041,6638.189465394041,0.0,0.0,pvalloc_29nbfs_LRG2_max_sCs4p4
5045,0.0,6441.096729282571,6441.096729282571,0.0,0.0,pvalloc_29nbfs_LRG2_max_sCs4p4
5046,127.12630596881385,4133.65273639828,4135.204026131848,127.12630596881385,0.0,pvalloc_29nbfs_LRG2_max_sCs4p4
5047,11295.791983886329,2641.1963995720316,12116.862588030144,11295.791983886329,0.0,pvalloc_29nbfs_LRG2_max_sCs4p4
5048,32387.635948137027,2960.053335128116,32667.191759714256,32387.635948137027,0.0,pvalloc_29nbfs_LRG2_max_sCs4p4
5049,53143.69291754379,3327.719249725049,53312.48594121958,51764.47329995241,1379.2196175913703,pvalloc_29nbfs_LRG2_max_sCs4p4
5050,72236.44916810299,3409.364797269208,72336.05680273935,65792.07284227024,6444.376325832833,pvalloc_29nbfs_LRG2_max_sCs4p4
5051,65844.5654116029,3814.284146915812,66014.57962105786,61468.538065462235,4376.027346140674,pvalloc_29nbfs_LRG2_max_sCs4p4
5052,60333.140899038444,4448.131414553894,60628.40016739219,57421.001480209896,2912.1394188285394,pvalloc_29nbfs_LRG2_max_sCs4p4
5053,66920.6958174658,4710.9016036403855,67208.99396157055,62171.348830380535,4749.346987085315,pvalloc_29nbfs_LRG2_max_sCs4p4
5054,68046.45599877817,4590.61531558523,68321.34427766672,62858.70597732572,5187.750021452556,pvalloc_29nbfs_LRG2_max_sCs4p4
5055,57556.25336519387,4863.404528843046,57969.38558318452,55194.7390837062,2361.514281487677,pvalloc_29nbfs_LRG2_max_sCs4p4
5056,51407.370443116524,4305.020009616258,51767.52149327715,50217.1069663058,1190.263476810721,pvalloc_29nbfs_LRG2_max_sCs4p4
5057,34343.46040464086,3725.1229402204867,34832.43607481017,34300.060734881234,43.399669759626136,pvalloc_29nbfs_LRG2_max_sCs4p4
5058,12128.397949421405,3720.964691062921,13405.580186022875,12128.397949421405,0.0,pvalloc_29nbfs_LRG2_max_sCs4p4
5059,6178.97552678576,4370.769137919184,8407.681176060112,6178.97552678576,0.0,pvalloc_29nbfs_LRG2_max_sCs4p4
5060,213.05751436819665,7653.748590296942,7656.338747192671,213.05751436819665,0.0,pvalloc_29nbfs_LRG2_max_sCs4p4
5061,0.0,12442.644294585478,12442.644294585478,0.0,0.0,pvalloc_29nbfs_LRG2_max_sCs4p4
5062,0.0,12652.578225358759,12652.578225358759,0.0,0.0,pvalloc_29nbfs_LRG2_max_sCs4p4
5063,0.0,12878.862779430521,12878.862779430521,0.0,0.0,pvalloc_29nbfs_LRG2_max_sCs4p4
5064,0.0,12350.755659688532,12350.755659688532,0.0,0.0,pvalloc_29nbfs_LRG2_max_sCs4p4
5065,0.0,11097.685205202353,11097.685205202353,0.0,0.0,pvalloc_29nbfs_LRG2_max_sCs4p4
5066,0.0,9294.124150992036,9294.124150992036,0.0,0.0,pvalloc_29nbfs_LRG2_max_sCs4p4
5067,0.0,7868.8472553816255,7868.8472553816255,0.0,0.0,pvalloc_29nbfs_LRG2_max_sCs4p4
5068,0.0,6865.793803809358,6865.793803809358,0.0,0.0,pvalloc_29nbfs_LRG2_max_sCs4p4
5069,0.0,7046.117084101745,7046.117084101745,0.0,0.0,pvalloc_29nbfs_LRG2_max_sCs4p4
5070,117.87270109765876,4243.261715238149,4244.708679408715,117.87270109765876,0.0,pvalloc_29nbfs_LRG2_max_sCs4p4
5071,13180.719540037126,2495.4743046830076,13789.414245318225,13180.719540037126,0.0,pvalloc_29nbfs_LRG2_max_sCs4p4
5072,30181.06835244651,2796.737219988363,30453.835959528296,30181.06835244651,0.0,pvalloc_29nbfs_LRG2_max_sCs4p4
5073,52405.68463675674,3196.1288677245,52562.41109197273,51117.42852567794,1288.2561110788129,pvalloc_29nbfs_LRG2_max_sCs4p4
5074,69808.16370251363,3484.4089142185567,69941.4286015232,64156.16477864471,5651.998923868829,pvalloc_29nbfs_LRG2_max_sCs4p4
5075,80378.3841808605,3902.1294156480017,80523.20996228817,70541.76685753773,9836.617323322822,pvalloc_29nbfs_LRG2_max_sCs4p4
5076,70884.44662349037,4438.333711937155,71109.53682212786,64832.366090915726,6052.080532574519,pvalloc_29nbfs_LRG2_max_sCs4p4
5077,62705.47913612457,4864.230805762245,63055.84341576387,59158.71757464982,3546.7615614747547,pvalloc_29nbfs_LRG2_max_sCs4p4
5078,53273.17423359041,5048.544881119486,53807.01861333178,51713.70204555241,1559.4721880379989,pvalloc_29nbfs_LRG2_max_sCs4p4
5079,33084.39111412374,5064.700248357917,34067.034544764625,33056.35725161585,28.033862507879633,pvalloc_29nbfs_LRG2_max_sCs4p4
5080,36284.64455416141,4694.535508975456,37025.411652411676,36180.36836358992,104.27619057148945,pvalloc_29nbfs_LRG2_max_sCs4p4
5081,28589.139806303483,4457.665885816601,29460.040308185165,28589.139806303483,0.0,pvalloc_29nbfs_LRG2_max_sCs4p4
5082,16323.892522207989,4413.995781822408,17740.371282842152,16323.892522207989,0.0,pvalloc_29nbfs_LRG2_max_sCs4p4
5083,8592.902962779859,4733.351999692401,10817.222684958278,8592.902962779859,0.0,pvalloc_29nbfs_LRG2_max_sCs4p4
5084,45.19484014542876,9039.234931547022,9039.511941577952,45.19484014542876,0.0,pvalloc_29nbfs_LRG2_max_sCs4p4
5085,0.0,14038.884071464148,14038.884071464148,0.0,0.0,pvalloc_29nbfs_LRG2_max_sCs4p4
5086,0.0,16707.678657408916,16707.678657408916,0.0,0.0,pvalloc_29nbfs_LRG2_max_sCs4p4
5087,0.0,14798.423471834056,14798.423471834056,0.0,0.0,pvalloc_29nbfs_LRG2_max_sCs4p4
5088,0.0,12920.992928294934,12920.992928294934,0.0,0.0,pvalloc_29nbfs_LRG2_max_sCs4p4
5089,0.0,9900.944565301277,9900.944565301277,0.0,0.0,pvalloc_29nbfs_LRG2_max_sCs4p4
5090,0.0,9389.78590368506,9389.78590368506,0.0,0.0,pvalloc_29nbfs_LRG2_max_sCs4p4
5091,0.0,7401.546438254426,7401.546438254426,0.0,0.0,pvalloc_29nbfs_LRG2_max_sCs4p4
5092,0.0,6692.067790682455,6692.067790682455,0.0,0.0,pvalloc_29nbfs_LRG2_max_sCs4p4
5093,0.0,6497.448685059625,6497.448685059625,0.0,0.0,pvalloc_29nbfs_LRG2_max_sCs4p4
5094,300.5464365631659,3841.474663272879,3845.221436110579,300.5464365631659,0.0,pvalloc_29nbfs_LRG2_max_sCs4p4
5095,14805.14281350842,2372.042031402447,15272.884554077644,14805.14281350842,0.0,pvalloc_29nbfs_LRG2_max_sCs4p4
5096,34806.74899214572,2366.8363461364092,34943.939984286975,34777.4581171802,29.290874965514206,pvalloc_29nbfs_LRG2_max_sCs4p4
5097,56894.38090331907,2794.024902572114,56989.059250956445,54841.14700460023,2053.2338987188446,pvalloc_29nbfs_LRG2_max_sCs4p4
5098,73785.57853952098,2918.023425614326,73862.05131845284,66756.27292199692,7029.305617524103,pvalloc_29nbfs_LRG2_max_sCs4p4
5099,89267.76496855778,3507.856951405232,89368.92804458973,75291.19379499897,13976.57117355876,pvalloc_29nbfs_LRG2_max_sCs4p4
5100,75372.23047674159,4903.353277325663,75628.35166744929,67647.97366285141,7724.256813890241,pvalloc_29nbfs_LRG2_max_sCs4p4
5101,66109.60301910098,5574.982023143455,66577.345209546,61527.127566690135,4582.4754524107775,pvalloc_29nbfs_LRG2_max_sCs4p4
5102,71193.8788259929,5661.574373604548,71657.06078752372,64860.09214770406,6333.7866782887395,pvalloc_29nbfs_LRG2_max_sCs4p4
5103,64991.58307393759,5144.713806382236,65413.986954088294,60690.82480048917,4300.758273448409,pvalloc_29nbfs_LRG2_max_sCs4p4
5104,61184.23346219882,4940.893246960724,61614.437260620834,57895.336311119776,3288.8971510790507,pvalloc_29nbfs_LRG2_max_sCs4p4
5105,25872.536977877247,4797.5554631455825,26939.029798680793,25872.536977877247,0.0,pvalloc_29nbfs_LRG2_max_sCs4p4
5106,6548.201961041088,5128.616997193718,9135.213291264825,6548.201961041088,0.0,pvalloc_29nbfs_LRG2_max_sCs4p4
5107,1418.8139089245192,6932.263750788367,7053.782934540548,1418.8139089245192,0.0,pvalloc_29nbfs_LRG2_max_sCs4p4
5108,0.538724495559608,11343.887200593843,11343.887200593843,0.538724495559608,0.0,pvalloc_29nbfs_LRG2_max_sCs4p4
5109,0.0,13173.891725783154,13173.891725783154,0.0,0.0,pvalloc_29nbfs_LRG2_max_sCs4p4
5110,0.0,13106.449704799226,13106.449704799226,0.0,0.0,pvalloc_29nbfs_LRG2_max_sCs4p4
5111,0.0,12603.245316458497,12603.245316458497,0.0,0.0,pvalloc_29nbfs_LRG2_max_sCs4p4
5112,0.0,10413.182078012225,10413.182078012225,0.0,0.0,pvalloc_29nbfs_LRG2_max_sCs4p4
5113,0.0,8993.403916155026,8993.403916155026,0.0,0.0,pvalloc_29nbfs_LRG2_max_sCs4p4
5114,0.0,7817.17261512709,7817.17261512709,0.0,0.0,pvalloc_29nbfs_LRG2_max_sCs4p4
5115,0.0,7187.960258470543,7187.960258470543,0.0,0.0,pvalloc_29nbfs_LRG2_max_sCs4p4
5116,0.0,6597.782238100716,6597.782238100716,0.0,0.0,pvalloc_29nbfs_LRG2_max_sCs4p4
5117,0.0,6653.5821695844115,6653.5821695844115,0.0,0.0,pvalloc_29nbfs_LRG2_max_sCs4p4
5118,143.79177469164367,4119.492363668208,4121.177166786506,143.79177469164367,0.0,pvalloc_29nbfs_LRG2_max_sCs4p4
5119,10269.291153977538,2358.8679092767843,10949.918078122895,10269.291153977538,0.0,pvalloc_29nbfs_LRG2_max_sCs4p4
5120,31156.542896978863,2382.4940718826006,31325.843580844725,31156.542896978863,0.0,pvalloc_29nbfs_LRG2_max_sCs4p4
5121,54453.825826953915,2713.554361346708,54551.057263146104,52865.49221293501,1588.3336140189033,pvalloc_29nbfs_LRG2_max_sCs4p4
5122,70445.93784853761,3179.6269349946338,70542.7491591657,64644.82519832945,5801.11265020822,pvalloc_29nbfs_LRG2_max_sCs4p4
5123,88937.11368635844,3493.9452021720144,89021.68403178893,75204.22917391807,13732.884512440407,pvalloc_29nbfs_LRG2_max_sCs4p4
5124,88528.30724786331,4692.389377926612,88693.88550593755,75037.50396845669,13490.803279406648,pvalloc_29nbfs_LRG2_max_sCs4p4
5125,88450.22521667485,5520.9226235583765,88715.49947419959,74921.14458515089,13529.080631523946,pvalloc_29nbfs_LRG2_max_sCs4p4
5126,82179.39234603912,5401.408355400148,82471.36397876655,71507.56454274646,10671.827803292636,pvalloc_29nbfs_LRG2_max_sCs4p4
5127,77617.85390854269,5317.380800455214,77937.06021754512,68892.46519595144,8725.388712591204,pvalloc_29nbfs_LRG2_max_sCs4p4
5128,68746.26945663347,4485.643445967104,69004.70123736278,63352.237639314175,5394.03181731934,pvalloc_29nbfs_LRG2_max_sCs4p4
5129,50415.24985511363,4327.0018546188,50800.23132136846,49385.545105393685,1029.7047497199496,pvalloc_29nbfs_LRG2_max_sCs4p4
5130,30854.11109744152,4875.195002116873,31803.07576123303,30854.11109744152,0.0,pvalloc_29nbfs_LRG2_max_sCs4p4
5131,12202.524754884467,4979.60818176445,14328.385529224002,12202.524754884467,0.0,pvalloc_29nbfs_LRG2_max_sCs4p4
5132,1.3780241203617698,11936.641937565302,11936.641937565302,1.3780241203617698,0.0,pvalloc_29nbfs_LRG2_max_sCs4p4
5133,0.0,18228.216139042957,18228.216139042957,0.0,0.0,pvalloc_29nbfs_LRG2_max_sCs4p4
5134,0.0,18162.49636171034,18162.49636171034,0.0,0.0,pvalloc_29nbfs_LRG2_max_sCs4p4
5135,0.0,15581.301938822113,15581.301938822113,0.0,0.0,pvalloc_29nbfs_LRG2_max_sCs4p4
5136,0.0,13660.5186615185,13660.5186615185,0.0,0.0,pvalloc_29nbfs_LRG2_max_sCs4p4
5137,0.0,10358.480128423344,10358.480128423344,0.0,0.0,pvalloc_29nbfs_LRG2_max_sCs4p4
5138,0.0,8828.47113398323,8828.47113398323,0.0,0.0,pvalloc_29nbfs_LRG2_max_sCs4p4
5139,0.0,7213.798405873982,7213.798405873982,0.0,0.0,pvalloc_29nbfs_LRG2_max_sCs4p4
5140,0.0,6479.031429122138,6479.031429122138,0.0,0.0,pvalloc_29nbfs_LRG2_max_sCs4p4
5141,0.0,6403.162580960438,6403.162580960438,0.0,0.0,pvalloc_29nbfs_LRG2_max_sCs4p4
5142,125.62923085159738,4161.72545985992,4163.105544985259,125.62923085159738,0.0,pvalloc_29nbfs_LRG2_max_sCs4p4
5143,13308.399626292457,2355.069107984932,13828.300839074645,13308.399626292457,0.0,pvalloc_29nbfs_LRG2_max_sCs4p4
5144,33118.12587494484,2663.2969877699784,33317.36784755792,33118.12587494484,0.0,pvalloc_29nbfs_LRG2_max_sCs4p4
5145,53982.85643886725,3207.9582363580353,54124.63393347318,52476.62549977028,1506.2309390969867,pvalloc_29nbfs_LRG2_max_sCs4p4
5146,74374.75332127167,3328.2392270503587,74472.0060819241,67148.6613925955,7226.091928676295,pvalloc_29nbfs_LRG2_max_sCs4p4
5147,87661.5908455131,4249.845881062298,87786.53265204326,74620.60278078,13040.988064733174,pvalloc_29nbfs_LRG2_max_sCs4p4
5148,83277.46446384645,5795.516999033669,83644.56857294575,72373.7157390534,10903.748724793073,pvalloc_29nbfs_LRG2_max_sCs4p4
5149,88098.14207941227,5322.027449414377,88339.15461393715,74826.58270979516,13271.559369617185,pvalloc_29nbfs_LRG2_max_sCs4p4
5150,87702.37977079881,4495.880979653127,87894.40993164653,74419.79597806057,13282.58379273817,pvalloc_29nbfs_LRG2_max_sCs4p4
5151,75872.46670178618,5025.390946107794,76143.72868119134,67935.04717503491,7937.419526751217,pvalloc_29nbfs_LRG2_max_sCs4p4
5152,63211.03438861116,4265.592292123205,63456.455430721166,59536.81361716552,3674.2207714456317,pvalloc_29nbfs_LRG2_max_sCs4p4
5153,45935.00990692394,3930.4144000356887,46262.307615041434,45496.52522924186,438.4846776820839,pvalloc_29nbfs_LRG2_max_sCs4p4
5154,30683.702367298087,3931.0518560451196,31272.218699767458,30683.702367298087,0.0,pvalloc_29nbfs_LRG2_max_sCs4p4
5155,10171.646263697747,5608.599986212557,12945.888894829859,10171.646263697747,0.0,pvalloc_29nbfs_LRG2_max_sCs4p4
5156,0.9919247249657315,13203.607651198872,13203.607651198872,0.9919247249657315,0.0,pvalloc_29nbfs_LRG2_max_sCs4p4
5157,0.0,16656.158247084175,16656.158247084175,0.0,0.0,pvalloc_29nbfs_LRG2_max_sCs4p4
5158,0.0,16956.666733188795,16956.666733188795,0.0,0.0,pvalloc_29nbfs_LRG2_max_sCs4p4
5159,0.0,13878.197386105796,13878.197386105796,0.0,0.0,pvalloc_29nbfs_LRG2_max_sCs4p4
5160,0.0,13359.709264488023,13359.709264488023,0.0,0.0,pvalloc_29nbfs_LRG2_max_sCs4p4
5161,0.0,9823.421723926976,9823.421723926976,0.0,0.0,pvalloc_29nbfs_LRG2_max_sCs4p4
5162,0.0,8004.918441437758,8004.918441437758,0.0,0.0,pvalloc_29nbfs_LRG2_max_sCs4p4
5163,0.0,7279.771629046192,7279.771629046192,0.0,0.0,pvalloc_29nbfs_LRG2_max_sCs4p4
5164,0.0,6702.512682378077,6702.512682378077,0.0,0.0,pvalloc_29nbfs_LRG2_max_sCs4p4
5165,0.0,6398.7645866892735,6398.7645866892735,0.0,0.0,pvalloc_29nbfs_LRG2_max_sCs4p4
5166,103.08311306841009,4348.807690671506,4349.908354743759,103.08311306841009,0.0,pvalloc_29nbfs_LRG2_max_sCs4p4
5167,12663.183700876703,2548.35317179149,13328.74680911352,12663.183700876703,0.0,pvalloc_29nbfs_LRG2_max_sCs4p4
5168,33066.21054620055,2920.6498452738324,33321.53186475235,33066.21054620055,0.0,pvalloc_29nbfs_LRG2_max_sCs4p4
5169,54917.31301827557,3160.751216942759,55049.60892561047,53241.57303718281,1675.7399810927586,pvalloc_29nbfs_LRG2_max_sCs4p4
5170,74944.49084137134,3061.428068286839,75029.02455700072,67468.40094331487,7476.0898980565225,pvalloc_29nbfs_LRG2_max_sCs4p4
5171,89754.00154920909,3765.3350288156075,89854.1837589287,75621.96411807503,14132.037431134033,pvalloc_29nbfs_LRG2_max_sCs4p4
5172,84037.52052921081,4277.906311672001,84197.26914618738,72611.2530451217,11426.267484089047,pvalloc_29nbfs_LRG2_max_sCs4p4
5173,78322.76259293473,4586.304762974449,78537.84619465978,69378.20191633313,8944.560676601652,pvalloc_29nbfs_LRG2_max_sCs4p4
5174,88616.24017422785,4540.908128299938,88804.92740346176,74910.32840130726,13705.91177292058,pvalloc_29nbfs_LRG2_max_sCs4p4
5175,76365.31736834599,4722.231280036238,76612.44349307413,68187.17151085116,8178.145857494779,pvalloc_29nbfs_LRG2_max_sCs4p4
5176,61166.12051165545,4537.292753458954,61471.56508738088,57984.97600675568,3181.144504899758,pvalloc_29nbfs_LRG2_max_sCs4p4
5177,41839.944934507366,4211.297744670478,42315.11821519188,41627.21127584309,212.73365866427338,pvalloc_29nbfs_LRG2_max_sCs4p4
5178,22926.41009687238,4132.608135722551,23847.518878807747,22926.41009687238,0.0,pvalloc_29nbfs_LRG2_max_sCs4p4
5179,9384.88782450736,4312.569067089179,11203.004776099458,9384.88782450736,0.0,pvalloc_29nbfs_LRG2_max_sCs4p4
5180,20.165783852792636,9583.947451958162,9584.104413349585,20.165783852792636,0.0,pvalloc_29nbfs_LRG2_max_sCs4p4
5181,0.0,17958.547144614713,17958.547144614713,0.0,0.0,pvalloc_29nbfs_LRG2_max_sCs4p4
5182,0.0,15508.105894089558,15508.105894089558,0.0,0.0,pvalloc_29nbfs_LRG2_max_sCs4p4
5183,0.0,14273.897403473246,14273.897403473246,0.0,0.0,pvalloc_29nbfs_LRG2_max_sCs4p4
5184,0.0,13200.332246555772,13200.332246555772,0.0,0.0,pvalloc_29nbfs_LRG2_max_sCs4p4
5185,0.0,9638.325646422076,9638.325646422076,0.0,0.0,pvalloc_29nbfs_LRG2_max_sCs4p4
5186,0.0,8321.584507793394,8321.584507793394,0.0,0.0,pvalloc_29nbfs_LRG2_max_sCs4p4
5187,0.0,7169.817360127392,7169.817360127392,0.0,0.0,pvalloc_29nbfs_LRG2_max_sCs4p4
5188,0.0,7079.928698781939,7079.928698781939,0.0,0.0,pvalloc_29nbfs_LRG2_max_sCs4p4
5189,0.0,6529.334832922408,6529.334832922408,0.0,0.0,pvalloc_29nbfs_LRG2_max_sCs4p4
5190,43.786988641991925,4768.13304585144,4768.629428047204,43.786988641991925,0.0,pvalloc_29nbfs_LRG2_max_sCs4p4
5191,10378.186151265803,2502.524195676255,11128.781400714084,10378.186151265803,0.0,pvalloc_29nbfs_LRG2_max_sCs4p4
5192,27611.960770408827,2857.2690800214295,27934.052809804954,27611.960770408827,0.0,pvalloc_29nbfs_LRG2_max_sCs4p4
5193,49194.09892943755,3115.108229565218,49349.20092476281,48455.602078059026,738.4968513785218,pvalloc_29nbfs_LRG2_max_sCs4p4
5194,62319.98719092944,3395.9558062692568,62454.271350693954,58964.77343815029,3355.2137527791288,pvalloc_29nbfs_LRG2_max_sCs4p4
5195,70876.90868826814,4074.768178309949,71045.75120804818,64937.57505380727,5939.333634460861,pvalloc_29nbfs_LRG2_max_sCs4p4
5196,68350.25148995723,5046.091617951745,68687.6906803561,63285.13372600145,5065.117763955596,pvalloc_29nbfs_LRG2_max_sCs4p4
5197,72581.17178205494,4919.712855555273,72856.74088160256,65919.73524635601,6661.436535698899,pvalloc_29nbfs_LRG2_max_sCs4p4
5198,71331.30819519747,5431.472604190463,71702.57133507259,65107.16089584176,6224.147299355738,pvalloc_29nbfs_LRG2_max_sCs4p4
5199,70440.3890197911,4903.646106520993,70739.51802426488,64494.44891968528,5945.940100105721,pvalloc_29nbfs_LRG2_max_sCs4p4
5200,42354.3398138115,3815.2918529952753,42725.3443999732,42120.666609639346,233.6732041721604,pvalloc_29nbfs_LRG2_max_sCs4p4
5201,27215.580885994284,3805.2162853971977,27862.896551514856,27215.580885994284,0.0,pvalloc_29nbfs_LRG2_max_sCs4p4
5202,13099.73831878976,4328.120909178785,14761.598711345632,13099.73831878976,0.0,pvalloc_29nbfs_LRG2_max_sCs4p4
5203,8221.302148408315,4806.718590390103,10540.63574386168,8221.302148408315,0.0,pvalloc_29nbfs_LRG2_max_sCs4p4
5204,0.0,15090.67506760008,15090.67506760008,0.0,0.0,pvalloc_29nbfs_LRG2_max_sCs4p4
5205,0.0,15791.348827533153,15791.348827533153,0.0,0.0,pvalloc_29nbfs_LRG2_max_sCs4p4
5206,0.0,15247.75572798058,15247.75572798058,0.0,0.0,pvalloc_29nbfs_LRG2_max_sCs4p4
5207,0.0,15008.22525066832,15008.22525066832,0.0,0.0,pvalloc_29nbfs_LRG2_max_sCs4p4
5208,0.0,12069.433844123947,12069.433844123947,0.0,0.0,pvalloc_29nbfs_LRG2_max_sCs4p4
5209,0.0,11145.876780548277,11145.876780548277,0.0,0.0,pvalloc_29nbfs_LRG2_max_sCs4p4
5210,0.0,8940.899584908115,8940.899584908115,0.0,0.0,pvalloc_29nbfs_LRG2_max_sCs4p4
5211,0.0,7874.895807358424,7874.895807358424,0.0,0.0,pvalloc_29nbfs_LRG2_max_sCs4p4
5212,0.0,7043.644556647981,7043.644556647981,0.0,0.0,pvalloc_29nbfs_LRG2_max_sCs4p4
5213,0.0,7125.558647681809,7125.558647681809,0.0,0.0,pvalloc_29nbfs_LRG2_max_sCs4p4
5214,3.6212660142521775,5734.024428321117,5734.096111616931,3.6212660142521775,0.0,pvalloc_29nbfs_LRG2_max_sCs4p4
5215,1654.4730984654625,3023.9478699130213,3676.495903228005,1654.4730984654625,0.0,pvalloc_29nbfs_LRG2_max_sCs4p4
5216,6111.996572993476,2945.502046519531,7459.391551206118,6111.996572993476,0.0,pvalloc_29nbfs_LRG2_max_sCs4p4
5217,12205.465866163086,3188.2266336556386,13275.485588535805,12205.465866163086,0.0,pvalloc_29nbfs_LRG2_max_sCs4p4
5218,23893.658855991005,3307.7072592479353,24454.262691401567,23893.658855991005,0.0,pvalloc_29nbfs_LRG2_max_sCs4p4
5219,28431.99808832406,3946.335904404333,29100.963587941118,28431.99808832406,0.0,pvalloc_29nbfs_LRG2_max_sCs4p4
5220,21054.613422221995,5083.30241830704,22719.516400937195,21054.613422221995,0.0,pvalloc_29nbfs_LRG2_max_sCs4p4
5221,45697.870216599105,4532.620512594,46204.735924685614,45242.41867303169,455.4515435674179,pvalloc_29nbfs_LRG2_max_sCs4p4
5222,60416.67198826112,4699.015915459465,60771.51161787247,57379.945126225786,3036.7268620353325,pvalloc_29nbfs_LRG2_max_sCs4p4
5223,47444.8065904496,4724.949317771426,47963.727500489775,46827.491343885384,617.3152465642207,pvalloc_29nbfs_LRG2_max_sCs4p4
5224,47802.13914755768,4121.531156334391,48168.9477965222,47161.209550244515,640.9295973131575,pvalloc_29nbfs_LRG2_max_sCs4p4
5225,35801.10787358303,4199.853763701942,36376.711052316496,35732.872168482594,68.23570510044152,pvalloc_29nbfs_LRG2_max_sCs4p4
5226,24957.256695983786,4094.6546593244652,25777.851286231882,24957.256695983786,0.0,pvalloc_29nbfs_LRG2_max_sCs4p4
5227,10271.259024333427,4774.142492688569,12374.233358736281,10271.259024333427,0.0,pvalloc_29nbfs_LRG2_max_sCs4p4
5228,0.244856892281013,12343.425897114812,12343.425897114812,0.244856892281013,0.0,pvalloc_29nbfs_LRG2_max_sCs4p4
5229,0.0,17463.78761121696,17463.78761121696,0.0,0.0,pvalloc_29nbfs_LRG2_max_sCs4p4
5230,0.0,16776.245765136624,16776.245765136624,0.0,0.0,pvalloc_29nbfs_LRG2_max_sCs4p4
5231,0.0,13863.094861205216,13863.094861205216,0.0,0.0,pvalloc_29nbfs_LRG2_max_sCs4p4
5232,0.0,12379.083196074876,12379.083196074876,0.0,0.0,pvalloc_29nbfs_LRG2_max_sCs4p4
5233,0.0,10840.796451126313,10840.796451126313,0.0,0.0,pvalloc_29nbfs_LRG2_max_sCs4p4
5234,0.0,8839.193140860432,8839.193140860432,0.0,0.0,pvalloc_29nbfs_LRG2_max_sCs4p4
5235,0.0,7691.549078353807,7691.549078353807,0.0,0.0,pvalloc_29nbfs_LRG2_max_sCs4p4
5236,0.0,6881.188714069511,6881.188714069511,0.0,0.0,pvalloc_29nbfs_LRG2_max_sCs4p4
5237,0.0,7020.828203404438,7020.828203404438,0.0,0.0,pvalloc_29nbfs_LRG2_max_sCs4p4
5238,66.53533419846028,4740.846497796296,4741.530860613498,66.53533419846028,0.0,pvalloc_29nbfs_LRG2_max_sCs4p4
5239,11462.489083540084,2608.8477944007163,12194.02782202596,11462.489083540084,0.0,pvalloc_29nbfs_LRG2_max_sCs4p4
5240,24407.21310266949,2927.0831105802154,24812.092942542284,24407.21310266949,0.0,pvalloc_29nbfs_LRG2_max_sCs4p4
5241,48304.4656851696,3153.2899774742273,48470.00774551731,47670.42466704559,634.0410181240195,pvalloc_29nbfs_LRG2_max_sCs4p4
5242,62261.62999010452,3597.7927679609247,62414.88992698658,58919.6702210649,3341.9597690396276,pvalloc_29nbfs_LRG2_max_sCs4p4
5243,68816.94697466024,3909.884373195982,68983.36448092428,63525.85446752525,5291.092507135032,pvalloc_29nbfs_LRG2_max_sCs4p4
5244,56480.330086479276,4418.139882646349,56796.995455455835,54423.936347400035,2056.393739079239,pvalloc_29nbfs_LRG2_max_sCs4p4
5245,54911.377872448684,4932.694770441484,55361.03871770385,53133.885401448184,1777.492471000492,pvalloc_29nbfs_LRG2_max_sCs4p4
5246,51250.857131450866,4986.818280168036,51799.11413606399,50044.153099952026,1206.70403149884,pvalloc_29nbfs_LRG2_max_sCs4p4
5247,50994.89348853126,4681.328281276441,51470.477232027995,49843.12097803704,1151.7725104942144,pvalloc_29nbfs_LRG2_max_sCs4p4
5248,43370.90389791567,4129.558162250677,43827.93312790872,43072.84195452327,298.0619433923962,pvalloc_29nbfs_LRG2_max_sCs4p4
5249,35403.352919987745,4003.968227951362,35938.49826955686,35341.897422962276,61.45549702546526,pvalloc_29nbfs_LRG2_max_sCs4p4
5250,18126.01097784327,4539.121785529546,19493.209718085007,18126.01097784327,0.0,pvalloc_29nbfs_LRG2_max_sCs4p4
5251,8334.80361469905,5133.888750134453,10855.475965273037,8334.80361469905,0.0,pvalloc_29nbfs_LRG2_max_sCs4p4
5252,0.0,19000.047766972806,19000.047766972806,0.0,0.0,pvalloc_29nbfs_LRG2_max_sCs4p4
5253,0.0,19290.580116971654,19290.580116971654,0.0,0.0,pvalloc_29nbfs_LRG2_max_sCs4p4
5254,0.0,16835.268381474216,16835.268381474216,0.0,0.0,pvalloc_29nbfs_LRG2_max_sCs4p4
5255,0.0,14924.78827852718,14924.78827852718,0.0,0.0,pvalloc_29nbfs_LRG2_max_sCs4p4
5256,0.0,13381.168060104115,13381.168060104115,0.0,0.0,pvalloc_29nbfs_LRG2_max_sCs4p4
5257,0.0,10539.960012448035,10539.960012448035,0.0,0.0,pvalloc_29nbfs_LRG2_max_sCs4p4
5258,0.0,8429.066249258418,8429.066249258418,0.0,0.0,pvalloc_29nbfs_LRG2_max_sCs4p4
5259,0.0,7662.686930720702,7662.686930720702,0.0,0.0,pvalloc_29nbfs_LRG2_max_sCs4p4
5260,0.0,6987.56971605249,6987.56971605249,0.0,0.0,pvalloc_29nbfs_LRG2_max_sCs4p4
5261,0.0,6946.060646242225,6946.060646242225,0.0,0.0,pvalloc_29nbfs_LRG2_max_sCs4p4
5262,58.784781305023934,4987.41074949509,4988.0338184222355,58.784781305023934,0.0,pvalloc_29nbfs_LRG2_max_sCs4p4
5263,12691.115408226036,2563.197750513851,13330.2004746579,12691.115408226036,0.0,pvalloc_29nbfs_LRG2_max_sCs4p4
5264,33508.276280536666,2856.197161068338,33744.10884010163,33504.335165495264,3.9411150414047142,pvalloc_29nbfs_LRG2_max_sCs4p4
5265,56202.882591589754,2947.2925745376688,56315.66289681458,54280.09803750054,1922.784554089204,pvalloc_29nbfs_LRG2_max_sCs4p4
5266,75231.049099687,3724.597467136761,75348.0527441719,67684.29314675715,7546.7559529299115,pvalloc_29nbfs_LRG2_max_sCs4p4
5267,88834.20133639853,4800.487095503399,89004.6663813954,75241.75871272074,13592.442623677729,pvalloc_29nbfs_LRG2_max_sCs4p4
5268,86127.73427814418,5848.548126957241,86462.40436363102,73822.98159264581,12304.752685498348,pvalloc_29nbfs_LRG2_max_sCs4p4
5269,91024.82398006132,5814.988432200753,91314.82715162325,76242.81527756316,14782.008702498104,pvalloc_29nbfs_LRG2_max_sCs4p4
5270,91509.87600099009,5228.678092100169,91779.63945150016,76219.55351653059,15290.322484459512,pvalloc_29nbfs_LRG2_max_sCs4p4
5271,83052.78255416821,5020.312845036301,83314.98833310165,71931.91380973122,11120.868744436988,pvalloc_29nbfs_LRG2_max_sCs4p4
5272,69195.71984943197,4778.655172996407,69483.5660996465,63667.76197667018,5527.957872761742,pvalloc_29nbfs_LRG2_max_sCs4p4
5273,52128.079197941,4342.945187897955,52503.4787106389,50811.817580779374,1316.2616171616337,pvalloc_29nbfs_LRG2_max_sCs4p4
5274,31264.993516722305,4443.296763799683,32029.49192748576,31264.993516722305,0.0,pvalloc_29nbfs_LRG2_max_sCs4p4
5275,12675.794572320254,4709.28848041651,14449.509052626709,12675.794572320254,0.0,pvalloc_29nbfs_LRG2_max_sCs4p4
5276,0.001144878417680309,16107.972340279457,16107.972340279457,0.001144878417680309,0.0,pvalloc_29nbfs_LRG2_max_sCs4p4
5277,0.0,16661.54003587522,16661.54003587522,0.0,0.0,pvalloc_29nbfs_LRG2_max_sCs4p4
5278,0.0,16071.879638820657,16071.879638820657,0.0,0.0,pvalloc_29nbfs_LRG2_max_sCs4p4
5279,0.0,16513.615011586437,16513.615011586437,0.0,0.0,pvalloc_29nbfs_LRG2_max_sCs4p4
5280,0.0,14223.4027375802,14223.4027375802,0.0,0.0,pvalloc_29nbfs_LRG2_max_sCs4p4
5281,0.0,10189.901163932846,10189.901163932846,0.0,0.0,pvalloc_29nbfs_LRG2_max_sCs4p4
5282,0.0,9219.908618123189,9219.908618123189,0.0,0.0,pvalloc_29nbfs_LRG2_max_sCs4p4
5283,0.0,8077.212368111326,8077.212368111326,0.0,0.0,pvalloc_29nbfs_LRG2_max_sCs4p4
5284,0.0,7416.388772703773,7416.388772703773,0.0,0.0,pvalloc_29nbfs_LRG2_max_sCs4p4
5285,0.0,7104.393955178767,7104.393955178767,0.0,0.0,pvalloc_29nbfs_LRG2_max_sCs4p4
5286,19.610090733635406,5505.336419871993,5505.598948606629,19.610090733635406,0.0,pvalloc_29nbfs_LRG2_max_sCs4p4
5287,11800.506871295265,2604.6920153677906,12507.61047432255,11800.506871295265,0.0,pvalloc_29nbfs_LRG2_max_sCs4p4
5288,33674.7344948991,2762.872790035745,33890.43908941598,33668.4607301095,6.273764789597578,pvalloc_29nbfs_LRG2_max_sCs4p4
5289,55889.98682315572,2765.0605528324727,55991.20260307099,54026.76265092439,1863.2241722313156,pvalloc_29nbfs_LRG2_max_sCs4p4
5290,74188.55205387596,3621.6023555200604,74298.77293118971,67058.16318224803,7130.388871627962,pvalloc_29nbfs_LRG2_max_sCs4p4
5291,90222.4260945007,4050.002981958395,90345.13405255227,75843.56954650208,14378.856547998617,pvalloc_29nbfs_LRG2_max_sCs4p4
5292,85620.7410893514,5619.385127195498,85922.49837615571,73559.19777895437,12061.543310397006,pvalloc_29nbfs_LRG2_max_sCs4p4
5293,91373.87532593016,5533.0206294767395,91634.00048819082,76306.71472542096,15067.160600509216,pvalloc_29nbfs_LRG2_max_sCs4p4
5294,86752.8240745871,6652.863046202246,87208.72997578332,73912.35599991016,12840.46807467696,pvalloc_29nbfs_LRG2_max_sCs4p4
5295,80012.74917627285,6058.6462212302595,80434.94046994734,70230.39186095551,9782.357315317338,pvalloc_29nbfs_LRG2_max_sCs4p4
5296,65448.64891906287,6116.681579962157,66036.66838913177,61110.814936427094,4337.833982635763,pvalloc_29nbfs_LRG2_max_sCs4p4
5297,49699.40460264467,5439.4129388948095,50391.10995448414,48726.046936028295,973.3576666163693,pvalloc_29nbfs_LRG2_max_sCs4p4
5298,29311.276315197745,5433.4674523897365,30516.405386987604,29311.276315197745,0.0,pvalloc_29nbfs_LRG2_max_sCs4p4
5299,8809.645813049834,6468.603454419395,12181.642268766094,8809.645813049834,0.0,pvalloc_29nbfs_LRG2_max_sCs4p4
5300,0.006800150706788702,16914.96945679447,16914.96945679447,0.006800150706788702,0.0,pvalloc_29nbfs_LRG2_max_sCs4p4
5301,0.0,19664.8737674663,19664.8737674663,0.0,0.0,pvalloc_29nbfs_LRG2_max_sCs4p4
5302,0.0,21717.297616531436,21717.297616531436,0.0,0.0,pvalloc_29nbfs_LRG2_max_sCs4p4
5303,0.0,17214.825474050005,17214.825474050005,0.0,0.0,pvalloc_29nbfs_LRG2_max_sCs4p4
5304,0.0,12578.207549128692,12578.207549128692,0.0,0.0,pvalloc_29nbfs_LRG2_max_sCs4p4
5305,0.0,10294.109997870488,10294.109997870488,0.0,0.0,pvalloc_29nbfs_LRG2_max_sCs4p4
5306,0.0,8325.709247505112,8325.709247505112,0.0,0.0,pvalloc_29nbfs_LRG2_max_sCs4p4
5307,0.0,7293.515981600716,7293.515981600716,0.0,0.0,pvalloc_29nbfs_LRG2_max_sCs4p4
5308,0.0,6735.774478834689,6735.774478834689,0.0,0.0,pvalloc_29nbfs_LRG2_max_sCs4p4
5309,0.0,6710.483943585054,6710.483943585054,0.0,0.0,pvalloc_29nbfs_LRG2_max_sCs4p4
5310,30.303237036913977,4984.816596136226,4985.201721576898,30.303237036913977,0.0,pvalloc_29nbfs_LRG2_max_sCs4p4
5311,11752.650440844804,2510.7803689383313,12420.496259339268,11752.650440844804,0.0,pvalloc_29nbfs_LRG2_max_sCs4p4
5312,32871.95317655324,2874.4434115026547,33120.49703441408,32871.95317655324,0.0,pvalloc_29nbfs_LRG2_max_sCs4p4
5313,54819.466542213886,3219.9215312577126,54960.16009767707,53152.639143805616,1666.827398408272,pvalloc_29nbfs_LRG2_max_sCs4p4
5314,74963.27654720069,3688.871358042466,75089.49688707078,67487.22175456944,7476.054792631264,pvalloc_29nbfs_LRG2_max_sCs4p4
5315,91197.69857227264,3849.8691767047276,91310.54250774845,76299.09015505644,14898.608417216283,pvalloc_29nbfs_LRG2_max_sCs4p4
5316,85241.96026363446,5913.46193878295,85592.27791214165,73341.80735322803,11900.152910406425,pvalloc_29nbfs_LRG2_max_sCs4p4
5317,90966.49341022532,5415.428089368381,91206.54666154626,76184.27290792901,14782.220502296334,pvalloc_29nbfs_LRG2_max_sCs4p4
5318,88570.51469492397,5553.238316500988,88842.59759041708,74909.21986243641,13661.294832487618,pvalloc_29nbfs_LRG2_max_sCs4p4
5319,82025.23935269342,4917.1839198048265,82258.86231939396,71433.8945226329,10591.344830060585,pvalloc_29nbfs_LRG2_max_sCs4p4
5320,67943.70489459108,4825.802248161777,68241.83160842794,62837.53552607647,5106.169368514645,pvalloc_29nbfs_LRG2_max_sCs4p4
5321,50061.23676220466,4697.628354187242,50518.336587486134,49099.11860977275,962.1181524319054,pvalloc_29nbfs_LRG2_max_sCs4p4
5322,31970.822120846206,3954.9534627794174,32565.222242691994,31970.822120846206,0.0,pvalloc_29nbfs_LRG2_max_sCs4p4
5323,10837.968201631498,4742.503474496114,12905.159871508651,10837.968201631498,0.0,pvalloc_29nbfs_LRG2_max_sCs4p4
5324,0.6236049522747651,11780.339030714544,11780.339030714544,0.6236049522747651,0.0,pvalloc_29nbfs_LRG2_max_sCs4p4
5325,0.0,17798.451423069702,17798.451423069702,0.0,0.0,pvalloc_29nbfs_LRG2_max_sCs4p4
5326,0.0,19605.334016129706,19605.334016129706,0.0,0.0,pvalloc_29nbfs_LRG2_max_sCs4p4
5327,0.0,17993.3392447101,17993.3392447101,0.0,0.0,pvalloc_29nbfs_LRG2_max_sCs4p4
5328,0.0,14499.905393880885,14499.905393880885,0.0,0.0,pvalloc_29nbfs_LRG2_max_sCs4p4
5329,0.0,10706.798579119697,10706.798579119697,0.0,0.0,pvalloc_29nbfs_LRG2_max_sCs4p4
5330,0.0,8691.305275136961,8691.305275136961,0.0,0.0,pvalloc_29nbfs_LRG2_max_sCs4p4
5331,0.0,7299.838339654399,7299.838339654399,0.0,0.0,pvalloc_29nbfs_LRG2_max_sCs4p4
5332,0.0,6942.4868277889755,6942.4868277889755,0.0,0.0,pvalloc_29nbfs_LRG2_max_sCs4p4
5333,0.0,6828.1340130815815,6828.1340130815815,0.0,0.0,pvalloc_29nbfs_LRG2_max_sCs4p4
5334,10.252249534258958,5417.76101272107,5417.896603301471,10.252249534258958,0.0,pvalloc_29nbfs_LRG2_max_sCs4p4
5335,10506.43571671424,2806.0860308130455,11439.885285688206,10506.43571671424,0.0,pvalloc_29nbfs_LRG2_max_sCs4p4
5336,31590.743266968042,3234.5867463895247,31945.74027553042,31590.743266968042,0.0,pvalloc_29nbfs_LRG2_max_sCs4p4
5337,53930.522966129116,3412.8003810889218,54099.1924801742,52414.47052835328,1516.052437775843,pvalloc_29nbfs_LRG2_max_sCs4p4
5338,73879.3860674372,3725.722651924712,74007.01371198928,66836.88642288689,7042.499644550276,pvalloc_29nbfs_LRG2_max_sCs4p4
5339,89053.90293040112,4023.257111439379,89171.52220798044,75279.91321988466,13773.98971051644,pvalloc_29nbfs_LRG2_max_sCs4p4
5340,84368.42372837731,5740.668462036907,84717.37041324824,72967.66320997733,11400.760518399984,pvalloc_29nbfs_LRG2_max_sCs4p4
5341,88666.68040275804,5708.970816388539,88957.50967836016,75101.0051534576,13565.675249300475,pvalloc_29nbfs_LRG2_max_sCs4p4
5342,85478.90187659448,6552.966485989575,85937.01159588643,73435.94122798323,12042.96064861126,pvalloc_29nbfs_LRG2_max_sCs4p4
5343,80357.90311726092,5459.361092345829,80668.07257170191,70489.87995897072,9868.0231582902,pvalloc_29nbfs_LRG2_max_sCs4p4
5344,68389.84672854017,4524.467473255734,68647.92523596928,63129.38572537304,5260.461003167207,pvalloc_29nbfs_LRG2_max_sCs4p4
5345,48969.23479896821,4481.609229816462,49391.55451052671,48177.78837214168,791.4464268265381,pvalloc_29nbfs_LRG2_max_sCs4p4
5346,29293.307479082458,4464.288442308608,30121.12225139181,29293.307479082458,0.0,pvalloc_29nbfs_LRG2_max_sCs4p4
5347,7444.124356554019,6365.5995668826245,10947.260057991398,7444.124356554019,0.0,pvalloc_29nbfs_LRG2_max_sCs4p4
5348,0.0,15989.604838920632,15989.604838920632,0.0,0.0,pvalloc_29nbfs_LRG2_max_sCs4p4
5349,0.0,16826.71504393423,16826.71504393423,0.0,0.0,pvalloc_29nbfs_LRG2_max_sCs4p4
5350,0.0,17455.218388780384,17455.218388780384,0.0,0.0,pvalloc_29nbfs_LRG2_max_sCs4p4
5351,0.0,17312.601875985754,17312.601875985754,0.0,0.0,pvalloc_29nbfs_LRG2_max_sCs4p4
5352,0.0,14414.143741518079,14414.143741518079,0.0,0.0,pvalloc_29nbfs_LRG2_max_sCs4p4
5353,0.0,9954.17201230051,9954.17201230051,0.0,0.0,pvalloc_29nbfs_LRG2_max_sCs4p4
5354,0.0,8448.308232531268,8448.308232531268,0.0,0.0,pvalloc_29nbfs_LRG2_max_sCs4p4
5355,0.0,7461.470557932399,7461.470557932399,0.0,0.0,pvalloc_29nbfs_LRG2_max_sCs4p4
5356,0.0,6904.553782501744,6904.553782501744,0.0,0.0,pvalloc_29nbfs_LRG2_max_sCs4p4
5357,0.0,6785.528064411385,6785.528064411385,0.0,0.0,pvalloc_29nbfs_LRG2_max_sCs4p4
5358,16.200331120416386,5398.011048966484,5398.241012842642,16.200331120416386,0.0,pvalloc_29nbfs_LRG2_max_sCs4p4
5359,10623.341759445273,2700.59114406798,11466.026664678922,10623.341759445273,0.0,pvalloc_29nbfs_LRG2_max_sCs4p4
5360,31817.82547121932,3036.6882162586026,32118.380124181287,31817.82547121932,0.0,pvalloc_29nbfs_LRG2_max_sCs4p4
5361,51632.140868660266,4021.8856869440365,51936.34360168164,50507.66101185246,1124.4798568078124,pvalloc_29nbfs_LRG2_max_sCs4p4
5362,72717.4229095215,4119.774404461793,72881.57685103532,66136.78864407793,6580.634265443671,pvalloc_29nbfs_LRG2_max_sCs4p4
5363,86941.31987613087,4995.098630335902,87149.9829004178,74315.92297350969,12625.396902621269,pvalloc_29nbfs_LRG2_max_sCs4p4
5364,84896.48923955137,5830.117859654565,85257.97320685974,73251.46671143954,11645.022528111831,pvalloc_29nbfs_LRG2_max_sCs4p4
5365,87850.14618857212,6394.52609773566,88284.42163238705,74770.7985776683,13079.347610903813,pvalloc_29nbfs_LRG2_max_sCs4p4
5366,90081.95185634258,5273.743867308158,90320.0465590513,75675.14191654848,14406.80993979406,pvalloc_29nbfs_LRG2_max_sCs4p4
5367,81539.46383522102,4898.686880912051,81766.44545895593,71193.7387581592,10345.725077061845,pvalloc_29nbfs_LRG2_max_sCs4p4
5368,67790.85347580262,4601.513929530327,68047.65034815986,62800.184337148596,4990.669138654013,pvalloc_29nbfs_LRG2_max_sCs4p4
5369,48932.54460480908,4696.990470104942,49395.69526787039,48170.30497566696,762.2396291421322,pvalloc_29nbfs_LRG2_max_sCs4p4
5370,28011.488945637633,4839.103631409201,29079.037382337236,28011.488945637633,0.0,pvalloc_29nbfs_LRG2_max_sCs4p4
5371,9368.088430703277,5176.247519392139,11828.963959739143,9368.088430703277,0.0,pvalloc_29nbfs_LRG2_max_sCs4p4
5372,0.0,16855.69103253664,16855.69103253664,0.0,0.0,pvalloc_29nbfs_LRG2_max_sCs4p4
5373,0.0,17345.89249504484,17345.89249504484,0.0,0.0,pvalloc_29nbfs_LRG2_max_sCs4p4
5374,0.0,16579.52219038973,16579.52219038973,0.0,0.0,pvalloc_29nbfs_LRG2_max_sCs4p4
5375,0.0,15251.446364993699,15251.446364993699,0.0,0.0,pvalloc_29nbfs_LRG2_max_sCs4p4
5376,0.0,13188.262672566278,13188.262672566278,0.0,0.0,pvalloc_29nbfs_LRG2_max_sCs4p4
5377,0.0,11323.92566649367,11323.92566649367,0.0,0.0,pvalloc_29nbfs_LRG2_max_sCs4p4
5378,0.0,9734.491596408214,9734.491596408214,0.0,0.0,pvalloc_29nbfs_LRG2_max_sCs4p4
5379,0.0,8493.11069650855,8493.11069650855,0.0,0.0,pvalloc_29nbfs_LRG2_max_sCs4p4
5380,0.0,7434.255107382792,7434.255107382792,0.0,0.0,pvalloc_29nbfs_LRG2_max_sCs4p4
5381,0.0,7087.350693282779,7087.350693282779,0.0,0.0,pvalloc_29nbfs_LRG2_max_sCs4p4
5382,6.530050202960768,5749.362740668431,5749.46213147827,6.530050202960768,0.0,pvalloc_29nbfs_LRG2_max_sCs4p4
5383,10254.254348997858,2774.684485213011,11158.825247069874,10254.254348997858,0.0,pvalloc_29nbfs_LRG2_max_sCs4p4
5384,32072.224552956774,2885.685241981008,32339.977368193104,32072.224552956774,0.0,pvalloc_29nbfs_LRG2_max_sCs4p4
5385,54204.13842769251,3221.1178412730105,54349.79987958188,52635.20427173156,1568.934155960948,pvalloc_29nbfs_LRG2_max_sCs4p4
5386,72809.12337765306,3905.411208600237,72948.92355081505,66186.11620717165,6623.00717048134,pvalloc_29nbfs_LRG2_max_sCs4p4
5387,88425.07141015198,4434.985263574498,88573.10558913472,74965.06705297972,13460.004357172209,pvalloc_29nbfs_LRG2_max_sCs4p4
5388,85517.27385514435,5517.248774610246,85802.1649820967,73489.83613190618,12027.437723238207,pvalloc_29nbfs_LRG2_max_sCs4p4
5389,89251.30704958539,5835.85847142225,89554.10326713645,75342.19813463022,13909.108914955186,pvalloc_29nbfs_LRG2_max_sCs4p4
5390,85618.15849112012,6240.149092038502,86007.81336165784,73452.86844511988,12165.29004600018,pvalloc_29nbfs_LRG2_max_sCs4p4
5391,78821.62591678163,5604.188023564173,79158.37519422837,69674.61637808352,9147.009538698085,pvalloc_29nbfs_LRG2_max_sCs4p4
5392,64781.01229783976,5314.812066734825,65189.84607723834,60739.748506378884,4041.2637914608686,pvalloc_29nbfs_LRG2_max_sCs4p4
5393,46000.56978131016,5338.598054135484,46712.42732356939,45555.21724831215,445.3525329980105,pvalloc_29nbfs_LRG2_max_sCs4p4
5394,27033.670881181133,4954.388885532539,28200.23245865931,27033.670881181133,0.0,pvalloc_29nbfs_LRG2_max_sCs4p4
5395,6321.473919556992,7005.260792431837,10430.646870134116,6321.473919556992,0.0,pvalloc_29nbfs_LRG2_max_sCs4p4
5396,0.0,17145.792273827192,17145.792273827192,0.0,0.0,pvalloc_29nbfs_LRG2_max_sCs4p4
5397,0.0,18592.212130355496,18592.212130355496,0.0,0.0,pvalloc_29nbfs_LRG2_max_sCs4p4
5398,0.0,17959.280865600802,17959.280865600802,0.0,0.0,pvalloc_29nbfs_LRG2_max_sCs4p4
5399,0.0,15321.147510146637,15321.147510146637,0.0,0.0,pvalloc_29nbfs_LRG2_max_sCs4p4
5400,0.0,13722.161589340783,13722.161589340783,0.0,0.0,pvalloc_29nbfs_LRG2_max_sCs4p4
5401,0.0,10430.229263731499,10430.229263731499,0.0,0.0,pvalloc_29nbfs_LRG2_max_sCs4p4
5402,0.0,8829.571873465273,8829.571873465273,0.0,0.0,pvalloc_29nbfs_LRG2_max_sCs4p4
5403,0.0,7657.188196967489,7657.188196967489,0.0,0.0,pvalloc_29nbfs_LRG2_max_sCs4p4
5404,0.0,7455.696363549953,7455.696363549953,0.0,0.0,pvalloc_29nbfs_LRG2_max_sCs4p4
5405,0.0,7031.549107246735,7031.549107246735,0.0,0.0,pvalloc_29nbfs_LRG2_max_sCs4p4
5406,2.004767935622187,6089.62660037471,6089.673951367242,2.004767935622187,0.0,pvalloc_29nbfs_LRG2_max_sCs4p4
5407,10247.068634885714,2616.0439200187893,11051.084798054882,10247.068634885714,0.0,pvalloc_29nbfs_LRG2_max_sCs4p4
5408,29307.246209529516,3029.181080234667,29646.272812243085,29307.246209529516,0.0,pvalloc_29nbfs_LRG2_max_sCs4p4
5409,48767.41493139613,3991.6424611984967,49084.63063795194,48072.86333116255,694.5516002335767,pvalloc_29nbfs_LRG2_max_sCs4p4
5410,67051.01747582396,3842.970150508365,67212.93393021636,62352.29538315069,4698.722092673203,pvalloc_29nbfs_LRG2_max_sCs4p4
5411,74851.69857980846,4142.45180040077,75023.7305307963,67360.76426112432,7490.934318684082,pvalloc_29nbfs_LRG2_max_sCs4p4
5412,63309.73653508763,5462.9149748697355,63790.203347561706,59684.92230559502,3624.814229492596,pvalloc_29nbfs_LRG2_max_sCs4p4
5413,62776.35810432467,6094.2297684091145,63406.87940037101,59237.43387638343,3538.9242279412374,pvalloc_29nbfs_LRG2_max_sCs4p4
5414,57279.1988507568,6035.658687164733,58003.322745627556,54907.887894285275,2371.310956471514,pvalloc_29nbfs_LRG2_max_sCs4p4
5415,46208.868755066746,5488.643010595833,46968.43983005554,45695.948245919804,512.9205091469315,pvalloc_29nbfs_LRG2_max_sCs4p4
5416,34371.60681844046,5014.729082039541,35262.464943047424,34322.02980199144,49.57701644901044,pvalloc_29nbfs_LRG2_max_sCs4p4
5417,27441.40762362728,4820.830136433838,28495.24494509623,27441.40762362728,0.0,pvalloc_29nbfs_LRG2_max_sCs4p4
5418,11359.838506215809,5234.424353153977,13693.75906182661,11359.838506215809,0.0,pvalloc_29nbfs_LRG2_max_sCs4p4
5419,2517.4721745493453,6575.374221172416,7235.634712113705,2517.4721745493453,0.0,pvalloc_29nbfs_LRG2_max_sCs4p4
5420,0.0,14157.187883089737,14157.187883089737,0.0,0.0,pvalloc_29nbfs_LRG2_max_sCs4p4
5421,0.0,16175.317955120869,16175.317955120869,0.0,0.0,pvalloc_29nbfs_LRG2_max_sCs4p4
5422,0.0,16617.529616008724,16617.529616008724,0.0,0.0,pvalloc_29nbfs_LRG2_max_sCs4p4
5423,0.0,15583.466132818583,15583.466132818583,0.0,0.0,pvalloc_29nbfs_LRG2_max_sCs4p4
5424,0.0,13573.678772779584,13573.678772779584,0.0,0.0,pvalloc_29nbfs_LRG2_max_sCs4p4
4920,0.0,11113.463869085279,11113.463869085279,0.0,0.0,pvalloc_29nbfs_LRG2_max_sCs4p6
4921,0.0,10737.831728562103,10737.831728562103,0.0,0.0,pvalloc_29nbfs_LRG2_max_sCs4p6
4922,0.0,10105.311448681487,10105.311448681487,0.0,0.0,pvalloc_29nbfs_LRG2_max_sCs4p6
4923,0.0,8120.094880445637,8120.094880445637,0.0,0.0,pvalloc_29nbfs_LRG2_max_sCs4p6
4924,0.0,7251.733657230991,7251.733657230991,0.0,0.0,pvalloc_29nbfs_LRG2_max_sCs4p6
4925,0.0,6971.075169345191,6971.075169345191,0.0,0.0,pvalloc_29nbfs_LRG2_max_sCs4p6
4926,823.6807173697977,3596.344272551866,3691.0610014197164,823.6807173697977,0.0,pvalloc_29nbfs_LRG2_max_sCs4p6
4927,15761.583744198784,2536.3204335261767,16269.297875286182,15761.583744198784,0.0,pvalloc_29nbfs_LRG2_max_sCs4p6
4928,35994.55011864453,2698.0094186109663,36179.74576105161,35927.75008659178,66.80003205274642,pvalloc_29nbfs_LRG2_max_sCs4p6
4929,55368.61845319924,3338.2600260056342,55524.35312356035,53601.617947990686,1767.0005052085571,pvalloc_29nbfs_LRG2_max_sCs4p6
4930,74390.8733213368,3563.1404389595264,74504.25692964175,67094.71032197739,7296.162999359411,pvalloc_29nbfs_LRG2_max_sCs4p6
4931,89317.89540494168,4072.50788151166,89446.31203752947,75341.56228775565,13976.333117186066,pvalloc_29nbfs_LRG2_max_sCs4p6
4932,74221.72323357462,5134.067844957623,74528.74367240096,66958.80274333863,7262.920490235976,pvalloc_29nbfs_LRG2_max_sCs4p6
4933,61768.31801316443,6643.345907320727,62614.94105314817,58532.99698171645,3235.321031447964,pvalloc_29nbfs_LRG2_max_sCs4p6
4934,58392.56585696404,5488.208730852887,58936.12668668934,55850.78497156998,2541.7808853940755,pvalloc_29nbfs_LRG2_max_sCs4p6
4935,50981.288765925514,5067.1083447826895,51548.83825811157,49812.32561915118,1168.9631467743347,pvalloc_29nbfs_LRG2_max_sCs4p6
4936,50364.74292974713,4815.764414425774,50878.68184853997,49305.55359088634,1059.1893388607841,pvalloc_29nbfs_LRG2_max_sCs4p6
4937,34085.96215672951,4267.271451130414,34735.66134807584,34043.646532093044,42.315624636466794,pvalloc_29nbfs_LRG2_max_sCs4p6
4938,16344.034018021508,3926.4051621049857,17457.53841263219,16344.034018021508,0.0,pvalloc_29nbfs_LRG2_max_sCs4p6
4939,7180.461685906774,5152.7081260557325,9875.344200318325,7180.461685906774,0.0,pvalloc_29nbfs_LRG2_max_sCs4p6
4940,296.42720717138957,8837.764580647236,8841.211947120404,296.42720717138957,0.0,pvalloc_29nbfs_LRG2_max_sCs4p6
4941,0.0,12714.325160437362,12714.325160437362,0.0,0.0,pvalloc_29nbfs_LRG2_max_sCs4p6
4942,0.0,13844.117670126652,13844.117670126652,0.0,0.0,pvalloc_29nbfs_LRG2_max_sCs4p6
4943,0.0,13190.081500942473,13190.081500942473,0.0,0.0,pvalloc_29nbfs_LRG2_max_sCs4p6
4944,0.0,15734.473543662865,15734.473543662865,0.0,0.0,pvalloc_29nbfs_LRG2_max_sCs4p6
4945,0.0,11843.652935827873,11843.652935827873,0.0,0.0,pvalloc_29nbfs_LRG2_max_sCs4p6
4946,0.0,9148.163406638314,9148.163406638314,0.0,0.0,pvalloc_29nbfs_LRG2_max_sCs4p6
4947,0.0,7889.191632688864,7889.191632688864,0.0,0.0,pvalloc_29nbfs_LRG2_max_sCs4p6
4948,0.0,7842.183829125385,7842.183829125385,0.0,0.0,pvalloc_29nbfs_LRG2_max_sCs4p6
4949,0.0,6888.334696423667,6888.334696423667,0.0,0.0,pvalloc_29nbfs_LRG2_max_sCs4p6
4950,7.648514725334512,5201.485366708731,5201.502679071685,7.648514725334512,0.0,pvalloc_29nbfs_LRG2_max_sCs4p6
4951,9123.884673658635,2539.515954329417,9970.81331678661,9123.884673658635,0.0,pvalloc_29nbfs_LRG2_max_sCs4p6
4952,30302.539456219634,2554.2283878976477,30515.977547259743,30302.539456219634,0.0,pvalloc_29nbfs_LRG2_max_sCs4p6
4953,54005.32648128512,3006.906939976194,54128.99682978063,52471.11240160781,1534.2140796772878,pvalloc_29nbfs_LRG2_max_sCs4p6
4954,75424.76164316856,3368.9929871221034,75520.4200430924,67726.72405987947,7698.037583289102,pvalloc_29nbfs_LRG2_max_sCs4p6
4955,86707.51695086685,3616.0548019924445,86813.99144002603,73958.73747821085,12748.77947265599,pvalloc_29nbfs_LRG2_max_sCs4p6
4956,74737.64927713528,4604.840826847627,74962.59557678067,67277.1227999335,7460.526477201756,pvalloc_29nbfs_LRG2_max_sCs4p6
4957,50051.678239148576,4868.294381360394,50566.77718840398,49062.75305455047,988.9251845981005,pvalloc_29nbfs_LRG2_max_sCs4p6
4958,60897.192997858256,5006.109589254974,61340.019391762566,57680.10591674258,3217.0870811156865,pvalloc_29nbfs_LRG2_max_sCs4p6
4959,48572.20658730411,5048.931468544494,49208.98775323808,47749.33591134887,822.8706759552417,pvalloc_29nbfs_LRG2_max_sCs4p6
4960,44657.18481693447,4723.744224537038,45273.79533698365,44237.61501650036,419.56980043411284,pvalloc_29nbfs_LRG2_max_sCs4p6
4961,35980.099051148914,4805.583539124664,36783.93192382652,35882.29235568754,97.8066954613771,pvalloc_29nbfs_LRG2_max_sCs4p6
4962,19840.497835666676,4687.45984384079,21186.524908647247,19840.497835666676,0.0,pvalloc_29nbfs_LRG2_max_sCs4p6
4963,9130.365715266857,6051.20383744825,12245.855282933466,9130.365715266857,0.0,pvalloc_29nbfs_LRG2_max_sCs4p6
4964,3.578634772104177,11428.221530371775,11428.221530371775,3.578634772104177,0.0,pvalloc_29nbfs_LRG2_max_sCs4p6
4965,0.0,21698.627529472968,21698.627529472968,0.0,0.0,pvalloc_29nbfs_LRG2_max_sCs4p6
4966,0.0,15054.668580548849,15054.668580548849,0.0,0.0,pvalloc_29nbfs_LRG2_max_sCs4p6
4967,0.0,14761.30043522164,14761.30043522164,0.0,0.0,pvalloc_29nbfs_LRG2_max_sCs4p6
4968,0.0,12492.279958567413,12492.279958567413,0.0,0.0,pvalloc_29nbfs_LRG2_max_sCs4p6
4969,0.0,10052.532145121631,10052.532145121631,0.0,0.0,pvalloc_29nbfs_LRG2_max_sCs4p6
4970,0.0,8034.332061846785,8034.332061846785,0.0,0.0,pvalloc_29nbfs_LRG2_max_sCs4p6
4971,0.0,7219.022230515399,7219.022230515399,0.0,0.0,pvalloc_29nbfs_LRG2_max_sCs4p6
4972,0.0,6689.043790452777,6689.043790452777,0.0,0.0,pvalloc_29nbfs_LRG2_max_sCs4p6
4973,0.0,6426.528200910122,6426.528200910122,0.0,0.0,pvalloc_29nbfs_LRG2_max_sCs4p6
4974,161.15162868361676,3989.552547793623,3991.502296133806,161.15162868361676,0.0,pvalloc_29nbfs_LRG2_max_sCs4p6
4975,10202.785558982838,2534.0358893247294,10986.490465213281,10202.785558982838,0.0,pvalloc_29nbfs_LRG2_max_sCs4p6
4976,3135.020679999142,2922.534261041767,4787.153029880121,3135.020679999142,0.0,pvalloc_29nbfs_LRG2_max_sCs4p6
4977,18338.22219981974,3138.9641099809105,19030.976731057992,18338.22219981974,0.0,pvalloc_29nbfs_LRG2_max_sCs4p6
4978,36176.78254828528,3432.782542400202,36532.306549989014,36085.345949345414,91.43659893986029,pvalloc_29nbfs_LRG2_max_sCs4p6
4979,57341.36661314129,3909.0444861423484,57572.38898566166,55089.81546955712,2251.5511435841445,pvalloc_29nbfs_LRG2_max_sCs4p6
4980,59623.89432716717,4677.939115291831,59970.05776805103,56856.796097499064,2767.098229668082,pvalloc_29nbfs_LRG2_max_sCs4p6
4981,62947.57991066865,5378.288619944352,63406.814556388184,59353.28470068669,3594.295209981976,pvalloc_29nbfs_LRG2_max_sCs4p6
4982,47636.97124213969,4926.32225752705,48240.06645597087,46950.23732493225,686.7339172074527,pvalloc_29nbfs_LRG2_max_sCs4p6
4983,52863.068163471034,5535.958492933322,53508.44366614364,51408.33887962575,1454.7292838452886,pvalloc_29nbfs_LRG2_max_sCs4p6
4984,42938.17184126718,4886.321793793313,43582.96369993386,42657.885031087564,280.2868101796259,pvalloc_29nbfs_LRG2_max_sCs4p6
4985,28498.166778355517,4367.166126069722,29332.610001862013,28498.166778355517,0.0,pvalloc_29nbfs_LRG2_max_sCs4p6
4986,22524.679827722422,4916.800854247949,23928.435956661142,22524.679827722422,0.0,pvalloc_29nbfs_LRG2_max_sCs4p6
4987,9974.35812813978,5114.782319191303,12426.474237555902,9974.35812813978,0.0,pvalloc_29nbfs_LRG2_max_sCs4p6
4988,1.7405799026816333,11602.667627824849,11602.667627824849,1.7405799026816333,0.0,pvalloc_29nbfs_LRG2_max_sCs4p6
4989,0.0,15306.207062822386,15306.207062822386,0.0,0.0,pvalloc_29nbfs_LRG2_max_sCs4p6
4990,0.0,18487.54111223772,18487.54111223772,0.0,0.0,pvalloc_29nbfs_LRG2_max_sCs4p6
4991,0.0,15678.910070087288,15678.910070087288,0.0,0.0,pvalloc_29nbfs_LRG2_max_sCs4p6
4992,0.0,12457.950105853319,12457.950105853319,0.0,0.0,pvalloc_29nbfs_LRG2_max_sCs4p6
4993,0.0,9566.57816566627,9566.57816566627,0.0,0.0,pvalloc_29nbfs_LRG2_max_sCs4p6
4994,0.0,8172.598108657664,8172.598108657664,0.0,0.0,pvalloc_29nbfs_LRG2_max_sCs4p6
4995,0.0,7275.373634775014,7275.373634775014,0.0,0.0,pvalloc_29nbfs_LRG2_max_sCs4p6
4996,0.0,6657.432000184345,6657.432000184345,0.0,0.0,pvalloc_29nbfs_LRG2_max_sCs4p6
4997,0.0,6227.237294939229,6227.237294939229,0.0,0.0,pvalloc_29nbfs_LRG2_max_sCs4p6
4998,409.3724771620096,3581.753497032699,3598.7211030213934,409.3724771620096,0.0,pvalloc_29nbfs_LRG2_max_sCs4p6
4999,14923.691856129542,2526.323856335233,15468.189424536391,14923.691856129542,0.0,pvalloc_29nbfs_LRG2_max_sCs4p6
5000,33567.41580102227,2776.6531718693086,33792.823567258136,33556.847118046564,10.568682975700654,pvalloc_29nbfs_LRG2_max_sCs4p6
5001,52008.625655314965,3114.69018776535,52154.53049374028,50795.53642715912,1213.0892281558476,pvalloc_29nbfs_LRG2_max_sCs4p6
5002,65701.3490722168,3225.3603686221977,65817.66726860788,61377.81145890202,4323.537613314778,pvalloc_29nbfs_LRG2_max_sCs4p6
5003,85565.90600510153,3940.5461878490196,85690.06168756349,73401.88414171977,12164.021863381777,pvalloc_29nbfs_LRG2_max_sCs4p6
5004,83658.67348056451,4478.336282212227,83828.83414133175,72395.06178465817,11263.611695906337,pvalloc_29nbfs_LRG2_max_sCs4p6
5005,90116.9883996488,4606.716349501554,90293.09997627792,75708.10275434563,14408.885645303179,pvalloc_29nbfs_LRG2_max_sCs4p6
5006,83917.35273243739,4592.076992320547,84122.14464386425,72416.17328687746,11501.179445559888,pvalloc_29nbfs_LRG2_max_sCs4p6
5007,70144.37552569306,4609.614990461796,70404.3410512728,64292.029714248056,5852.3458114449695,pvalloc_29nbfs_LRG2_max_sCs4p6
5008,55302.13628015006,4087.7909888370746,55596.48480281623,53408.63155877363,1893.5047213764315,pvalloc_29nbfs_LRG2_max_sCs4p6
5009,32730.517940869537,3834.468962982408,33278.318046615954,32722.403327022967,8.114613846568375,pvalloc_29nbfs_LRG2_max_sCs4p6
5010,13739.457356399562,3958.195071309537,15070.553515883063,13739.457356399562,0.0,pvalloc_29nbfs_LRG2_max_sCs4p6
5011,2513.3918564786095,6083.94522246275,6861.229474303034,2513.3918564786095,0.0,pvalloc_29nbfs_LRG2_max_sCs4p6
5012,0.024958675141344665,13827.324605065654,13827.324605065654,0.024958675141344665,0.0,pvalloc_29nbfs_LRG2_max_sCs4p6
5013,0.0,14662.181682635239,14662.181682635239,0.0,0.0,pvalloc_29nbfs_LRG2_max_sCs4p6
5014,0.0,16274.799124460178,16274.799124460178,0.0,0.0,pvalloc_29nbfs_LRG2_max_sCs4p6
5015,0.0,15624.092956490873,15624.092956490873,0.0,0.0,pvalloc_29nbfs_LRG2_max_sCs4p6
5016,0.0,12724.185769730164,12724.185769730164,0.0,0.0,pvalloc_29nbfs_LRG2_max_sCs4p6
5017,0.0,10867.074894322572,10867.074894322572,0.0,0.0,pvalloc_29nbfs_LRG2_max_sCs4p6
5018,0.0,8769.37174164062,8769.37174164062,0.0,0.0,pvalloc_29nbfs_LRG2_max_sCs4p6
5019,0.0,7592.314610242441,7592.314610242441,0.0,0.0,pvalloc_29nbfs_LRG2_max_sCs4p6
5020,0.0,6804.494587055006,6804.494587055006,0.0,0.0,pvalloc_29nbfs_LRG2_max_sCs4p6
5021,0.0,6914.447201421452,6914.447201421452,0.0,0.0,pvalloc_29nbfs_LRG2_max_sCs4p6
5022,126.61560743693882,4157.067941693754,4158.640403167239,126.61560743693882,0.0,pvalloc_29nbfs_LRG2_max_sCs4p6
5023,10440.731206036691,2564.1920868762663,11234.49965804392,10440.731206036691,0.0,pvalloc_29nbfs_LRG2_max_sCs4p6
5024,21692.388223372298,2749.6398483612707,22114.581676972262,21692.388223372298,0.0,pvalloc_29nbfs_LRG2_max_sCs4p6
5025,18561.126311078173,3366.7835242187507,19409.397838690205,18561.126311078173,0.0,pvalloc_29nbfs_LRG2_max_sCs4p6
5026,30575.955854824475,3799.5164734162818,31187.891236932894,30575.955854824475,0.0,pvalloc_29nbfs_LRG2_max_sCs4p6
5027,65865.98333002451,3646.748871437493,66023.54152245195,61450.240655383765,4415.742674640741,pvalloc_29nbfs_LRG2_max_sCs4p6
5028,78971.4653777105,5327.244733861376,79297.3952686669,69856.15366362249,9115.311714087986,pvalloc_29nbfs_LRG2_max_sCs4p6
5029,52063.54880485605,5045.82480912207,52596.80743822565,50734.85109269991,1328.697712156137,pvalloc_29nbfs_LRG2_max_sCs4p6
5030,22716.724888196663,5836.990703616156,24593.348903678856,22716.724888196663,0.0,pvalloc_29nbfs_LRG2_max_sCs4p6
5031,25366.61151360754,4959.904957771853,26614.834151448045,25366.61151360754,0.0,pvalloc_29nbfs_LRG2_max_sCs4p6
5032,33758.89634916446,4039.2635683638914,34346.83792888441,33717.383555660024,41.5127935044419,pvalloc_29nbfs_LRG2_max_sCs4p6
5033,26714.135907895496,4129.632961151032,27519.227698484876,26714.135907895496,0.0,pvalloc_29nbfs_LRG2_max_sCs4p6
5034,16597.492873528416,4723.433283716576,18222.135444827487,16597.492873528416,0.0,pvalloc_29nbfs_LRG2_max_sCs4p6
5035,10219.88483130746,5390.686344159502,12756.899422795925,10219.88483130746,0.0,pvalloc_29nbfs_LRG2_max_sCs4p6
5036,10.589658791995392,10991.066844653584,10991.07927980274,10.589658791995392,0.0,pvalloc_29nbfs_LRG2_max_sCs4p6
5037,0.0,15623.399766375915,15623.399766375915,0.0,0.0,pvalloc_29nbfs_LRG2_max_sCs4p6
5038,0.0,16022.715362504956,16022.715362504956,0.0,0.0,pvalloc_29nbfs_LRG2_max_sCs4p6
5039,0.0,16439.75171535185,16439.75171535185,0.0,0.0,pvalloc_29nbfs_LRG2_max_sCs4p6
5040,0.0,12326.556850038325,12326.556850038325,0.0,0.0,pvalloc_29nbfs_LRG2_max_sCs4p6
5041,0.0,9488.472208125191,9488.472208125191,0.0,0.0,pvalloc_29nbfs_LRG2_max_sCs4p6
5042,0.0,8024.435333822398,8024.435333822398,0.0,0.0,pvalloc_29nbfs_LRG2_max_sCs4p6
5043,0.0,7253.65746949607,7253.65746949607,0.0,0.0,pvalloc_29nbfs_LRG2_max_sCs4p6
5044,0.0,6638.189465394041,6638.189465394041,0.0,0.0,pvalloc_29nbfs_LRG2_max_sCs4p6
5045,0.0,6441.09672928257,6441.09672928257,0.0,0.0,pvalloc_29nbfs_LRG2_max_sCs4p6
5046,127.16961486141737,4133.637731843053,4135.189021576622,127.16961486141737,0.0,pvalloc_29nbfs_LRG2_max_sCs4p6
5047,11296.093106281389,2641.0498485873795,12117.993764339615,11296.093106281389,0.0,pvalloc_29nbfs_LRG2_max_sCs4p6
5048,32388.82755823959,2960.2039355654033,32667.875345868528,32388.82755823959,0.0,pvalloc_29nbfs_LRG2_max_sCs4p6
5049,53145.50069870903,3327.905198920232,53313.47563766502,51766.40114652264,1379.0995521864024,pvalloc_29nbfs_LRG2_max_sCs4p6
5050,72238.76086903768,3409.54522322097,72338.01760826781,65789.12834341961,6449.63252561808,pvalloc_29nbfs_LRG2_max_sCs4p6
5051,65846.74753272007,3814.458313191697,66015.88147418768,61467.84582154957,4378.901711170476,pvalloc_29nbfs_LRG2_max_sCs4p6
5052,60335.26410390981,4448.344979966183,60629.811486388375,57421.43556991383,2913.8285339959793,pvalloc_29nbfs_LRG2_max_sCs4p6
5053,66922.99812687491,4711.111486890395,67210.28382839935,62167.90863599526,4755.089490879622,pvalloc_29nbfs_LRG2_max_sCs4p6
5054,68048.64692998429,4590.762970292692,68322.7070708667,62855.62753756407,5193.01939242015,pvalloc_29nbfs_LRG2_max_sCs4p6
5055,57558.22389477121,4863.577774578361,57971.16069179734,55196.16722105329,2362.056673717906,pvalloc_29nbfs_LRG2_max_sCs4p6
5056,51409.13828243485,4305.175028648282,51769.16098010085,50218.99041568646,1190.1478667483984,pvalloc_29nbfs_LRG2_max_sCs4p6
5057,34344.688164476494,3725.223996087418,34833.4797541148,34301.16144440908,43.52672006740261,pvalloc_29nbfs_LRG2_max_sCs4p6
5058,12128.839127775636,3720.8738278416677,13407.016641777782,12128.839127775636,0.0,pvalloc_29nbfs_LRG2_max_sCs4p6
5059,6179.737848935815,4371.171815968497,8408.73556219551,6179.737848935815,0.0,pvalloc_29nbfs_LRG2_max_sCs4p6
5060,213.10922384854953,7653.713523544549,7656.303680440277,213.10922384854953,0.0,pvalloc_29nbfs_LRG2_max_sCs4p6
5061,0.0,12442.644294585478,12442.644294585478,0.0,0.0,pvalloc_29nbfs_LRG2_max_sCs4p6
5062,0.0,12652.578225358759,12652.578225358759,0.0,0.0,pvalloc_29nbfs_LRG2_max_sCs4p6
5063,0.0,12878.862779430521,12878.862779430521,0.0,0.0,pvalloc_29nbfs_LRG2_max_sCs4p6
5064,0.0,12350.755659688532,12350.755659688532,0.0,0.0,pvalloc_29nbfs_LRG2_max_sCs4p6
5065,0.0,11097.685205202353,11097.685205202353,0.0,0.0,pvalloc_29nbfs_LRG2_max_sCs4p6
5066,0.0,9294.124150992036,9294.124150992036,0.0,0.0,pvalloc_29nbfs_LRG2_max_sCs4p6
5067,0.0,7868.8472553816255,7868.8472553816255,0.0,0.0,pvalloc_29nbfs_LRG2_max_sCs4p6
5068,0.0,6865.793803809358,6865.793803809358,0.0,0.0,pvalloc_29nbfs_LRG2_max_sCs4p6
5069,0.0,7046.117084101746,7046.117084101746,0.0,0.0,pvalloc_29nbfs_LRG2_max_sCs4p6
5070,117.91548229824387,4243.249386888207,4244.696351058772,117.91548229824387,0.0,pvalloc_29nbfs_LRG2_max_sCs4p6
5071,13181.136237094213,2495.4077997078543,13790.132272750758,13181.136237094213,0.0,pvalloc_29nbfs_LRG2_max_sCs4p6
5072,30182.15880107326,2796.8513670190696,30454.695257209216,30182.15880107326,0.0,pvalloc_29nbfs_LRG2_max_sCs4p6
5073,52407.39860964606,3196.2608732422686,52563.39076323964,51119.258794725065,1288.1398149209895,pvalloc_29nbfs_LRG2_max_sCs4p6
5074,69810.35875769761,3484.5462588716327,69943.24083050738,64153.571875117486,5656.786882580067,pvalloc_29nbfs_LRG2_max_sCs4p6
5075,80380.89752765962,3902.280568409631,80525.28441784754,70537.64849375795,9843.24903390169,pvalloc_29nbfs_LRG2_max_sCs4p6
5076,70886.78329798016,4438.519661132338,71110.82267343253,64829.31475436986,6057.468543610345,pvalloc_29nbfs_LRG2_max_sCs4p6
5077,62707.65525017694,4864.440689012254,63057.29617374697,59158.99556773388,3548.659682443052,pvalloc_29nbfs_LRG2_max_sCs4p6
5078,53275.07144963621,5048.706528043615,53808.55747294437,51715.7251759382,1559.346273698014,pvalloc_29nbfs_LRG2_max_sCs4p6
5079,33085.54553627457,5064.614637389938,34068.05439252662,33057.37899338118,28.16654289338635,pvalloc_29nbfs_LRG2_max_sCs4p6
5080,36285.80904986662,4694.4174788099235,37026.42957587317,36181.394095141695,104.4149547249192,pvalloc_29nbfs_LRG2_max_sCs4p6
5081,28590.09549954408,4457.585346989697,29460.917270043283,28590.09549954408,0.0,pvalloc_29nbfs_LRG2_max_sCs4p6
5082,16324.423940818762,4413.847639783425,17742.26227165175,16324.423940818762,0.0,pvalloc_29nbfs_LRG2_max_sCs4p6
5083,8593.46682285705,4733.459651994114,10818.712165354576,8593.46682285705,0.0,pvalloc_29nbfs_LRG2_max_sCs4p6
5084,45.21551305638912,9039.178896089414,9039.455906120344,45.21551305638912,0.0,pvalloc_29nbfs_LRG2_max_sCs4p6
5085,0.0,14038.884071464148,14038.884071464148,0.0,0.0,pvalloc_29nbfs_LRG2_max_sCs4p6
5086,0.0,16707.678657408913,16707.678657408913,0.0,0.0,pvalloc_29nbfs_LRG2_max_sCs4p6
5087,0.0,14798.423471834054,14798.423471834054,0.0,0.0,pvalloc_29nbfs_LRG2_max_sCs4p6
5088,0.0,12920.992928294934,12920.992928294934,0.0,0.0,pvalloc_29nbfs_LRG2_max_sCs4p6
5089,0.0,9900.944565301277,9900.944565301277,0.0,0.0,pvalloc_29nbfs_LRG2_max_sCs4p6
5090,0.0,9389.785903685059,9389.785903685059,0.0,0.0,pvalloc_29nbfs_LRG2_max_sCs4p6
5091,0.0,7401.546438254426,7401.546438254426,0.0,0.0,pvalloc_29nbfs_LRG2_max_sCs4p6
5092,0.0,6692.067790682454,6692.067790682454,0.0,0.0,pvalloc_29nbfs_LRG2_max_sCs4p6
5093,0.0,6497.448685059626,6497.448685059626,0.0,0.0,pvalloc_29nbfs_LRG2_max_sCs4p6
5094,300.563611901402,3841.406728663338,3845.3080386281895,300.563611901402,0.0,pvalloc_29nbfs_LRG2_max_sCs4p6
5095,14805.590382802695,2372.000605486959,15273.291289517225,14805.590382802695,0.0,pvalloc_29nbfs_LRG2_max_sCs4p6
5096,34807.814143873584,2366.9232451662374,34944.52766553901,34778.39954103834,29.41460283524657,pvalloc_29nbfs_LRG2_max_sCs4p6
5097,56896.052865842306,2794.155067008742,56990.436830234336,54842.26382430213,2053.7890415401853,pvalloc_29nbfs_LRG2_max_sCs4p6
5098,73787.64134711133,2918.1349951314364,73863.78462475805,66753.46362166035,7034.177725450994,pvalloc_29nbfs_LRG2_max_sCs4p6
5099,89270.20769633984,3507.968520922342,89370.97510717671,75288.3217587928,13981.885937547097,pvalloc_29nbfs_LRG2_max_sCs4p6
5100,75374.50444864808,4903.553955169969,75629.69540005272,67644.94698711041,7729.557461537709,pvalloc_29nbfs_LRG2_max_sCs4p6
5101,66111.66921667036,5575.173495582059,66579.21627005174,61524.32172823803,4587.3474884323105,pvalloc_29nbfs_LRG2_max_sCs4p6
5102,71196.00158947996,5661.720003122756,71658.738632087,64856.09217619624,6339.90941328363,pvalloc_29nbfs_LRG2_max_sCs4p6
5103,64993.51264621646,5144.841025089038,65415.54247052075,60691.022936700894,4302.489709515586,pvalloc_29nbfs_LRG2_max_sCs4p6
5104,61186.03222238114,4941.00371182915,61615.88338715898,57895.461203153245,3290.571019227882,pvalloc_29nbfs_LRG2_max_sCs4p6
5105,25873.10652693762,4797.2764069110835,26939.63412613132,25873.10652693762,0.0,pvalloc_29nbfs_LRG2_max_sCs4p6
5106,6548.857242058746,5128.914709817104,9136.327755452685,6548.857242058746,0.0,pvalloc_29nbfs_LRG2_max_sCs4p6
5107,1418.8246596829263,6932.09093494392,7053.984575035354,1418.8246596829263,0.0,pvalloc_29nbfs_LRG2_max_sCs4p6
5108,0.5361198090454553,11343.815656085813,11343.815656085813,0.5361198090454553,0.0,pvalloc_29nbfs_LRG2_max_sCs4p6
5109,0.0,13173.89172578315,13173.89172578315,0.0,0.0,pvalloc_29nbfs_LRG2_max_sCs4p6
5110,0.0,13106.449704799224,13106.449704799224,0.0,0.0,pvalloc_29nbfs_LRG2_max_sCs4p6
5111,0.0,12603.245316458497,12603.245316458497,0.0,0.0,pvalloc_29nbfs_LRG2_max_sCs4p6
5112,0.0,10413.182078012227,10413.182078012227,0.0,0.0,pvalloc_29nbfs_LRG2_max_sCs4p6
5113,0.0,8993.403916155024,8993.403916155024,0.0,0.0,pvalloc_29nbfs_LRG2_max_sCs4p6
5114,0.0,7817.17261512709,7817.17261512709,0.0,0.0,pvalloc_29nbfs_LRG2_max_sCs4p6
5115,0.0,7187.960258470543,7187.960258470543,0.0,0.0,pvalloc_29nbfs_LRG2_max_sCs4p6
5116,0.0,6597.782238100716,6597.782238100716,0.0,0.0,pvalloc_29nbfs_LRG2_max_sCs4p6
5117,0.0,6653.58216958441,6653.58216958441,0.0,0.0,pvalloc_29nbfs_LRG2_max_sCs4p6
5118,143.8280125053206,4119.45040792513,4121.135211043429,143.8280125053206,0.0,pvalloc_29nbfs_LRG2_max_sCs4p6
5119,10269.526223419349,2358.7057768934337,10950.950782949676,10269.526223419349,0.0,pvalloc_29nbfs_LRG2_max_sCs4p6
5120,31157.536013120785,2382.582627885455,31326.755646012192,31157.536013120785,0.0,pvalloc_29nbfs_LRG2_max_sCs4p6
5121,54455.424392315595,2713.6736634046083,54552.37362346174,52867.15451169492,1588.2698806206697,pvalloc_29nbfs_LRG2_max_sCs4p6
5122,70447.99454963398,3179.768698242446,70544.48555770032,64642.04353804384,5805.951011590028,pvalloc_29nbfs_LRG2_max_sCs4p6
5123,88939.60887481802,3494.0906475821084,89023.84165505377,75201.78874036325,13737.820134454754,pvalloc_29nbfs_LRG2_max_sCs4p6
5124,88530.94642346592,4692.6360827994295,88695.97211792301,75035.46163296427,13495.48479050165,pvalloc_29nbfs_LRG2_max_sCs4p6
5125,88452.91128990643,5521.184057080318,88717.05543888372,74918.75876275607,13534.152527150376,pvalloc_29nbfs_LRG2_max_sCs4p6
5126,82181.87281006514,5401.616397569016,82472.78942350612,71503.45223923851,10678.420570826649,pvalloc_29nbfs_LRG2_max_sCs4p6
5127,77620.15637282065,5317.552941541844,77938.55102084692,68888.75354645279,8731.402826367797,pvalloc_29nbfs_LRG2_max_sCs4p6
5128,68748.27319639269,4485.777660782242,69005.86213476509,63349.41339155525,5398.859804837476,pvalloc_29nbfs_LRG2_max_sCs4p6
5129,50416.81235412116,4327.135148893368,50801.571675538646,49387.17504820603,1029.6373059151324,pvalloc_29nbfs_LRG2_max_sCs4p6
5130,30855.03843188096,4875.133787352735,31803.80449109634,30855.03843188096,0.0,pvalloc_29nbfs_LRG2_max_sCs4p6
5131,12203.077762369037,4979.6056544861485,14329.99847942902,12203.077762369037,0.0,pvalloc_29nbfs_LRG2_max_sCs4p6
5132,1.3614489677331176,11936.510606800819,11936.510606800819,1.3614489677331176,0.0,pvalloc_29nbfs_LRG2_max_sCs4p6
5133,0.0,18228.216139042957,18228.216139042957,0.0,0.0,pvalloc_29nbfs_LRG2_max_sCs4p6
5134,0.0,18162.496361710335,18162.496361710335,0.0,0.0,pvalloc_29nbfs_LRG2_max_sCs4p6
5135,0.0,15581.301938822113,15581.301938822113,0.0,0.0,pvalloc_29nbfs_LRG2_max_sCs4p6
5136,0.0,13660.518661518496,13660.518661518496,0.0,0.0,pvalloc_29nbfs_LRG2_max_sCs4p6
5137,0.0,10358.480128423342,10358.480128423342,0.0,0.0,pvalloc_29nbfs_LRG2_max_sCs4p6
5138,0.0,8828.47113398323,8828.47113398323,0.0,0.0,pvalloc_29nbfs_LRG2_max_sCs4p6
5139,0.0,7213.798405873982,7213.798405873982,0.0,0.0,pvalloc_29nbfs_LRG2_max_sCs4p6
5140,0.0,6479.031429122139,6479.031429122139,0.0,0.0,pvalloc_29nbfs_LRG2_max_sCs4p6
5141,0.0,6403.162580960439,6403.162580960439,0.0,0.0,pvalloc_29nbfs_LRG2_max_sCs4p6
5142,125.65329929459143,4161.67178323573,4163.05186836107,125.65329929459143,0.0,pvalloc_29nbfs_LRG2_max_sCs4p6
5143,13308.824863024534,2355.0404974769226,13828.646839149891,13308.824863024534,0.0,pvalloc_29nbfs_LRG2_max_sCs4p6
5144,33119.20488743395,2663.417026260335,33318.045236732534,33119.20488743395,0.0,pvalloc_29nbfs_LRG2_max_sCs4p6
5145,53984.52129786385,3208.127615822955,54125.82011191757,52478.352487419834,1506.1688104440113,pvalloc_29nbfs_LRG2_max_sCs4p6
5146,74376.88684149776,3328.392957325584,74473.80351537716,67145.40281370207,7231.484027795812,pvalloc_29nbfs_LRG2_max_sCs4p6
5147,87664.18132329857,4250.079698367133,87788.69198660848,74618.47585750076,13045.705465797753,pvalloc_29nbfs_LRG2_max_sCs4p6
5148,83280.1932831869,5795.898102829737,83646.31575856174,72369.06007412774,10911.133209059164,pvalloc_29nbfs_LRG2_max_sCs4p6
5149,88100.85504335981,5322.322022396846,88341.0908035079,74824.49222745442,13276.36281590531,pvalloc_29nbfs_LRG2_max_sCs4p6
5150,87704.84553325552,4496.0221905765975,87896.43135690984,74417.41042580093,13287.435107454568,pvalloc_29nbfs_LRG2_max_sCs4p6
5151,75874.75012433811,5025.593465033242,76145.0200784218,67932.02278837725,7942.727335960858,pvalloc_29nbfs_LRG2_max_sCs4p6
5152,63212.92687678932,4265.742524344265,63457.529772951915,59536.961938345325,3675.9649384439945,pvalloc_29nbfs_LRG2_max_sCs4p6
5153,45936.48849684144,3930.5767833922737,46263.57067636279,45498.75206051687,437.7364363245657,pvalloc_29nbfs_LRG2_max_sCs4p6
5154,30684.813837022193,3931.2176235958555,31273.140462859028,30684.813837022193,0.0,pvalloc_29nbfs_LRG2_max_sCs4p6
5155,10172.146799902246,5608.556629388918,12947.457040204074,10172.146799902246,0.0,pvalloc_29nbfs_LRG2_max_sCs4p6
5156,0.9827747758397187,13203.476585177013,13203.476585177013,0.9827747758397187,0.0,pvalloc_29nbfs_LRG2_max_sCs4p6
5157,0.0,16656.158247084175,16656.158247084175,0.0,0.0,pvalloc_29nbfs_LRG2_max_sCs4p6
5158,0.0,16956.66673318879,16956.66673318879,0.0,0.0,pvalloc_29nbfs_LRG2_max_sCs4p6
5159,0.0,13878.197386105796,13878.197386105796,0.0,0.0,pvalloc_29nbfs_LRG2_max_sCs4p6
5160,0.0,13359.709264488023,13359.709264488023,0.0,0.0,pvalloc_29nbfs_LRG2_max_sCs4p6
5161,0.0,9823.421723926978,9823.421723926978,0.0,0.0,pvalloc_29nbfs_LRG2_max_sCs4p6
5162,0.0,8004.918441437759,8004.918441437759,0.0,0.0,pvalloc_29nbfs_LRG2_max_sCs4p6
5163,0.0,7279.771629046192,7279.771629046192,0.0,0.0,pvalloc_29nbfs_LRG2_max_sCs4p6
5164,0.0,6702.5126823780765,6702.5126823780765,0.0,0.0,pvalloc_29nbfs_LRG2_max_sCs4p6
5165,0.0,6398.764586689275,6398.764586689275,0.0,0.0,pvalloc_29nbfs_LRG2_max_sCs4p6
5166,103.08716694434479,4348.7360839277535,4349.836748000007,103.08716694434479,0.0,pvalloc_29nbfs_LRG2_max_sCs4p6
5167,12663.575289393988,2548.2913842181365,13330.10945550188,12663.575289393988,0.0,pvalloc_29nbfs_LRG2_max_sCs4p6
5168,33067.32369977213,2920.7934496027865,33322.371180227696,33067.32369977213,0.0,pvalloc_29nbfs_LRG2_max_sCs4p6
5169,54918.97282508475,3160.904026677414,55050.81652428371,53243.29443784943,1675.6783872353226,pvalloc_29nbfs_LRG2_max_sCs4p6
5170,74946.5850802952,3061.547922669081,75030.78388874774,67465.46855249153,7481.116527803655,pvalloc_29nbfs_LRG2_max_sCs4p6
5171,89756.53490141926,3765.5021989831585,89856.31458332631,75619.42049244673,14137.114408972528,pvalloc_29nbfs_LRG2_max_sCs4p6
5172,84039.94270227436,4278.088578704904,84199.26254753502,72606.84713403038,11433.095568243989,pvalloc_29nbfs_LRG2_max_sCs4p6
5173,78325.05728564323,4586.471564925771,78539.31635966859,69374.48842065003,8950.56886499317,pvalloc_29nbfs_LRG2_max_sCs4p6
5174,88618.74220028092,4541.062226791391,88806.98023379954,74907.90478937216,13710.837410908767,pvalloc_29nbfs_LRG2_max_sCs4p6
5175,76367.53456769089,4722.385562635805,76613.91294172886,68184.12922500692,8183.4053426839755,pvalloc_29nbfs_LRG2_max_sCs4p6
5176,61167.97406903368,4537.4507182208035,61473.0632823586,57985.144929677495,3182.829139356168,pvalloc_29nbfs_LRG2_max_sCs4p6
5177,41841.29145432337,4211.431738866947,42316.21934726165,41628.40284928129,212.88860504208316,pvalloc_29nbfs_LRG2_max_sCs4p6
5178,22927.139757013745,4132.57490768607,23848.111356751804,22927.139757013745,0.0,pvalloc_29nbfs_LRG2_max_sCs4p6
5179,9385.386585583252,4312.642781186519,11204.2968517085,9385.386585583252,0.0,pvalloc_29nbfs_LRG2_max_sCs4p6
5180,20.15501886023004,9583.833024282489,9583.989985673914,20.15501886023004,0.0,pvalloc_29nbfs_LRG2_max_sCs4p6
5181,0.0,17958.547144614717,17958.547144614717,0.0,0.0,pvalloc_29nbfs_LRG2_max_sCs4p6
5182,0.0,15508.105894089556,15508.105894089556,0.0,0.0,pvalloc_29nbfs_LRG2_max_sCs4p6
5183,0.0,14273.897403473246,14273.897403473246,0.0,0.0,pvalloc_29nbfs_LRG2_max_sCs4p6
5184,0.0,13200.332246555767,13200.332246555767,0.0,0.0,pvalloc_29nbfs_LRG2_max_sCs4p6
5185,0.0,9638.325646422078,9638.325646422078,0.0,0.0,pvalloc_29nbfs_LRG2_max_sCs4p6
5186,0.0,8321.584507793394,8321.584507793394,0.0,0.0,pvalloc_29nbfs_LRG2_max_sCs4p6
5187,0.0,7169.817360127393,7169.817360127393,0.0,0.0,pvalloc_29nbfs_LRG2_max_sCs4p6
5188,0.0,7079.928698781938,7079.928698781938,0.0,0.0,pvalloc_29nbfs_LRG2_max_sCs4p6
5189,0.0,6529.334832922408,6529.334832922408,0.0,0.0,pvalloc_29nbfs_LRG2_max_sCs4p6
5190,43.805503885421835,4768.085282069819,4768.581664265584,43.805503885421835,0.0,pvalloc_29nbfs_LRG2_max_sCs4p6
5191,10378.365080207059,2502.3095806050887,11129.75084643298,10378.365080207059,0.0,pvalloc_29nbfs_LRG2_max_sCs4p6
5192,27612.949616871578,2857.4010855391984,27934.89366670606,27612.949616871578,0.0,pvalloc_29nbfs_LRG2_max_sCs4p6
5193,49195.635734887146,3115.2625121647866,49350.05131488666,48457.652293135274,737.9834417518723,pvalloc_29nbfs_LRG2_max_sCs4p6
5194,62321.85230834892,3396.1097206525965,62455.81065510005,58964.95823878554,3356.894069563383,pvalloc_29nbfs_LRG2_max_sCs4p6
5195,70879.0893738334,4074.9817437222387,71047.32231349972,64934.82742792819,5944.2619459051375,pvalloc_29nbfs_LRG2_max_sCs4p6
5196,68352.5099638562,5046.380667690794,68688.74511026811,63283.091944303276,5069.418019552929,pvalloc_29nbfs_LRG2_max_sCs4p6
5197,72583.45691358346,4919.931944210985,72857.94736244036,65916.78056379352,6666.676349789824,pvalloc_29nbfs_LRG2_max_sCs4p6
5198,71333.57759338003,5431.702739333017,71704.11340652093,65104.27837727971,6229.299216100372,pvalloc_29nbfs_LRG2_max_sCs4p6
5199,70442.50212590872,4903.811067391175,70740.88571221769,64490.53306502848,5951.969060880191,pvalloc_29nbfs_LRG2_max_sCs4p6
5200,42355.70081546042,3815.408025215236,42726.50030459336,42122.29453193061,233.4062835298003,pvalloc_29nbfs_LRG2_max_sCs4p6
5201,27216.350482488946,3805.107216261152,27863.596997164215,27216.350482488946,0.0,pvalloc_29nbfs_LRG2_max_sCs4p6
5202,13100.218825420185,4328.037832858849,14763.098466381029,13100.218825420185,0.0,pvalloc_29nbfs_LRG2_max_sCs4p6
5203,8221.861431126657,4806.842473651488,10542.069172990045,8221.861431126657,0.0,pvalloc_29nbfs_LRG2_max_sCs4p6
5204,0.0,15090.608421547518,15090.608421547518,0.0,0.0,pvalloc_29nbfs_LRG2_max_sCs4p6
5205,0.0,15791.348827533151,15791.348827533151,0.0,0.0,pvalloc_29nbfs_LRG2_max_sCs4p6
5206,0.0,15247.755727980579,15247.755727980579,0.0,0.0,pvalloc_29nbfs_LRG2_max_sCs4p6
5207,0.0,15008.225250668322,15008.225250668322,0.0,0.0,pvalloc_29nbfs_LRG2_max_sCs4p6
5208,0.0,12069.433844123945,12069.433844123945,0.0,0.0,pvalloc_29nbfs_LRG2_max_sCs4p6
5209,0.0,11145.876780548273,11145.876780548273,0.0,0.0,pvalloc_29nbfs_LRG2_max_sCs4p6
5210,0.0,8940.899584908117,8940.899584908117,0.0,0.0,pvalloc_29nbfs_LRG2_max_sCs4p6
5211,0.0,7874.895807358424,7874.895807358424,0.0,0.0,pvalloc_29nbfs_LRG2_max_sCs4p6
5212,0.0,7043.644556647981,7043.644556647981,0.0,0.0,pvalloc_29nbfs_LRG2_max_sCs4p6
5213,0.0,7125.558647681808,7125.558647681808,0.0,0.0,pvalloc_29nbfs_LRG2_max_sCs4p6
5214,3.6239206901952317,5733.996687023191,5734.068370319005,3.6239206901952317,0.0,pvalloc_29nbfs_LRG2_max_sCs4p6
5215,1654.7455419772525,3024.024048132463,3676.883680519766,1654.7455419772525,0.0,pvalloc_29nbfs_LRG2_max_sCs4p6
5216,6112.4090027727425,2945.5962738683834,7460.3967950187,6112.4090027727425,0.0,pvalloc_29nbfs_LRG2_max_sCs4p6
5217,12205.702245553515,3187.960825652035,13276.62269971481,12205.702245553515,0.0,pvalloc_29nbfs_LRG2_max_sCs4p6
5218,23894.573015168018,3307.8128663969705,24455.048798093147,23894.573015168018,0.0,pvalloc_29nbfs_LRG2_max_sCs4p6
5219,28433.066827240717,3946.4524369428964,29101.880427495624,28433.066827240717,0.0,pvalloc_29nbfs_LRG2_max_sCs4p6
5220,21055.38526017354,5083.244362612622,22721.71169582488,21055.38526017354,0.0,pvalloc_29nbfs_LRG2_max_sCs4p6
5221,45699.41641039015,4532.764301031066,46206.02476287323,45244.77813750589,454.63827288426205,pvalloc_29nbfs_LRG2_max_sCs4p6
5222,60418.57778451949,4699.167436437322,60773.07071958731,57380.177873069835,3038.3999114496573,pvalloc_29nbfs_LRG2_max_sCs4p6
5223,47446.3835958711,4725.11391042538,47965.041093781896,46829.93228375394,616.4513121171524,pvalloc_29nbfs_LRG2_max_sCs4p6
5224,47803.65919080787,4121.664818825187,48170.26270455549,47163.471266705405,640.1879241024542,pvalloc_29nbfs_LRG2_max_sCs4p6
5225,35802.32617666551,4199.993895437325,36377.64000222067,35733.9542597692,68.37191689632107,pvalloc_29nbfs_LRG2_max_sCs4p6
5226,24957.999308160026,4094.5848635135126,25778.52320983851,24957.999308160026,0.0,pvalloc_29nbfs_LRG2_max_sCs4p6
5227,10271.827969612446,4774.227848167127,12375.76790809967,10271.827969612446,0.0,pvalloc_29nbfs_LRG2_max_sCs4p6
5228,0.23879845763027266,12343.341828200655,12343.341828200655,0.23879845763027266,0.0,pvalloc_29nbfs_LRG2_max_sCs4p6
5229,0.0,17463.78761121696,17463.78761121696,0.0,0.0,pvalloc_29nbfs_LRG2_max_sCs4p6
5230,0.0,16776.24576513662,16776.24576513662,0.0,0.0,pvalloc_29nbfs_LRG2_max_sCs4p6
5231,0.0,13863.094861205218,13863.094861205218,0.0,0.0,pvalloc_29nbfs_LRG2_max_sCs4p6
5232,0.0,12379.083196074875,12379.083196074875,0.0,0.0,pvalloc_29nbfs_LRG2_max_sCs4p6
5233,0.0,10840.796451126313,10840.796451126313,0.0,0.0,pvalloc_29nbfs_LRG2_max_sCs4p6
5234,0.0,8839.193140860432,8839.193140860432,0.0,0.0,pvalloc_29nbfs_LRG2_max_sCs4p6
5235,0.0,7691.549078353807,7691.549078353807,0.0,0.0,pvalloc_29nbfs_LRG2_max_sCs4p6
5236,0.0,6881.188714069509,6881.188714069509,0.0,0.0,pvalloc_29nbfs_LRG2_max_sCs4p6
5237,0.0,7020.828203404438,7020.828203404438,0.0,0.0,pvalloc_29nbfs_LRG2_max_sCs4p6
5238,66.53656862096003,4740.778883908951,4741.463246726152,66.53656862096003,0.0,pvalloc_29nbfs_LRG2_max_sCs4p6
5239,11462.717865486527,2608.658348226208,12195.133275526237,11462.717865486527,0.0,pvalloc_29nbfs_LRG2_max_sCs4p6
5240,24408.11307635855,2927.21677307101,24812.845250799957,24408.11307635855,0.0,pvalloc_29nbfs_LRG2_max_sCs4p6
5241,48305.95536072124,3153.426401586733,48470.82666559739,47672.521587688294,633.4337730329505,pvalloc_29nbfs_LRG2_max_sCs4p6
5242,62263.55131345334,3597.9645408313268,62416.2914854903,58919.881827000485,3343.6694864528486,pvalloc_29nbfs_LRG2_max_sCs4p6
5243,68819.02735147913,3910.053568552788,68985.01440962276,63522.93726699413,5296.090084485123,pvalloc_29nbfs_LRG2_max_sCs4p6
5244,56482.15299383568,4418.327672922673,56798.19398886669,54425.19519723848,2056.9577965972,pvalloc_29nbfs_LRG2_max_sCs4p6
5245,54913.22025143603,4932.895448285791,55362.57012819744,53135.445652502916,1777.774598933112,pvalloc_29nbfs_LRG2_max_sCs4p6
5246,51252.53048223946,4986.9643003335605,51800.51234037452,50045.91708144691,1206.6134007925486,pvalloc_29nbfs_LRG2_max_sCs4p6
5247,50996.517648285706,4681.461943767237,51471.8534486425,49844.828382789834,1151.689265495863,pvalloc_29nbfs_LRG2_max_sCs4p6
5248,43372.28638435746,4129.659521711305,43829.10764163365,43075.04203641517,297.2443479423029,pvalloc_29nbfs_LRG2_max_sCs4p6
5249,35404.558326359314,4004.091523364251,35939.5108778112,35342.96935190188,61.5889744574352,pvalloc_29nbfs_LRG2_max_sCs4p6
5250,18126.50940060643,4538.935905833328,19495.22834966348,18126.50940060643,0.0,pvalloc_29nbfs_LRG2_max_sCs4p6
5251,8335.532297526843,5134.164515211818,10856.812384688306,8335.532297526843,0.0,pvalloc_29nbfs_LRG2_max_sCs4p6
5252,0.0,18999.97382854631,18999.97382854631,0.0,0.0,pvalloc_29nbfs_LRG2_max_sCs4p6
5253,0.0,19290.580116971654,19290.580116971654,0.0,0.0,pvalloc_29nbfs_LRG2_max_sCs4p6
5254,0.0,16835.268381474212,16835.268381474212,0.0,0.0,pvalloc_29nbfs_LRG2_max_sCs4p6
5255,0.0,14924.78827852718,14924.78827852718,0.0,0.0,pvalloc_29nbfs_LRG2_max_sCs4p6
5256,0.0,13381.168060104115,13381.168060104115,0.0,0.0,pvalloc_29nbfs_LRG2_max_sCs4p6
5257,0.0,10539.960012448035,10539.960012448035,0.0,0.0,pvalloc_29nbfs_LRG2_max_sCs4p6
5258,0.0,8429.066249258418,8429.066249258418,0.0,0.0,pvalloc_29nbfs_LRG2_max_sCs4p6
5259,0.0,7662.686930720702,7662.686930720702,0.0,0.0,pvalloc_29nbfs_LRG2_max_sCs4p6
5260,0.0,6987.56971605249,6987.56971605249,0.0,0.0,pvalloc_29nbfs_LRG2_max_sCs4p6
5261,0.0,6946.060646242224,6946.060646242224,0.0,0.0,pvalloc_29nbfs_LRG2_max_sCs4p6
5262,58.790430793724674,4987.350158330342,4987.9732272574865,58.790430793724674,0.0,pvalloc_29nbfs_LRG2_max_sCs4p6
5263,12691.348556553097,2562.9875154619754,13330.428066029186,12691.348556553097,0.0,pvalloc_29nbfs_LRG2_max_sCs4p6
5264,33509.37866721232,2856.32658907251,33745.08341734263,33505.37360514305,4.005062069259566,pvalloc_29nbfs_LRG2_max_sCs4p6
5265,56204.535673837745,2947.422554866183,56317.02475599924,54281.611438110405,1922.9242357273447,pvalloc_29nbfs_LRG2_max_sCs4p6
5266,75233.27278640693,3724.794462818787,75349.90560643305,67681.36276780232,7551.910018604658,pvalloc_29nbfs_LRG2_max_sCs4p6
5267,88836.89880764755,4800.768780917885,89006.65006304996,75239.74193408334,13597.156873564156,pvalloc_29nbfs_LRG2_max_sCs4p6
5268,86130.47479113062,5848.89056804936,86464.15058648608,73820.792380573,12309.682410557596,pvalloc_29nbfs_LRG2_max_sCs4p6
5269,91027.60784229382,5815.27932302094,91316.4756680024,76240.25128050515,14787.35656178865,pvalloc_29nbfs_LRG2_max_sCs4p6
5270,91512.43665715867,5228.814332104561,91781.35120779953,76217.35969563914,15295.076961519495,pvalloc_29nbfs_LRG2_max_sCs4p6
5271,83055.15910748021,5020.466207095299,83316.58746167766,71928.09295294128,11127.066154538978,pvalloc_29nbfs_LRG2_max_sCs4p6
5272,69197.76605092318,4778.8138741907105,69484.89897529202,63665.05294154864,5532.7131093745365,pvalloc_29nbfs_LRG2_max_sCs4p6
5273,52129.65169416407,4343.066699253224,52504.87174059711,50813.45314136275,1316.1985528013317,pvalloc_29nbfs_LRG2_max_sCs4p6
5274,31265.827055509773,4443.1740226080365,32030.246144579396,31265.827055509773,0.0,pvalloc_29nbfs_LRG2_max_sCs4p6
5275,12676.3323229396,4709.305497285197,14451.034340693033,12676.3323229396,0.0,pvalloc_29nbfs_LRG2_max_sCs4p6
5276,0.001144878417680309,16107.88058348258,16107.88058348258,0.001144878417680309,0.0,pvalloc_29nbfs_LRG2_max_sCs4p6
5277,0.0,16661.54003587522,16661.54003587522,0.0,0.0,pvalloc_29nbfs_LRG2_max_sCs4p6
5278,0.0,16071.879638820657,16071.879638820657,0.0,0.0,pvalloc_29nbfs_LRG2_max_sCs4p6
5279,0.0,16513.61501158644,16513.61501158644,0.0,0.0,pvalloc_29nbfs_LRG2_max_sCs4p6
5280,0.0,14223.402737580196,14223.402737580196,0.0,0.0,pvalloc_29nbfs_LRG2_max_sCs4p6
5281,0.0,10189.901163932847,10189.901163932847,0.0,0.0,pvalloc_29nbfs_LRG2_max_sCs4p6
5282,0.0,9219.90861812319,9219.90861812319,0.0,0.0,pvalloc_29nbfs_LRG2_max_sCs4p6
5283,0.0,8077.212368111324,8077.212368111324,0.0,0.0,pvalloc_29nbfs_LRG2_max_sCs4p6
5284,0.0,7416.388772703774,7416.388772703774,0.0,0.0,pvalloc_29nbfs_LRG2_max_sCs4p6
5285,0.0,7104.393955178766,7104.393955178766,0.0,0.0,pvalloc_29nbfs_LRG2_max_sCs4p6
5286,19.61906969524922,5505.282982973017,5505.5455117076535,19.61906969524922,0.0,pvalloc_29nbfs_LRG2_max_sCs4p6
5287,11800.731028642618,2604.4920680354503,12508.729691330262,11800.731028642618,0.0,pvalloc_29nbfs_LRG2_max_sCs4p6
5288,33675.8123883382,2762.984543660969,33891.35335838845,33669.475107036844,6.337281301351425,pvalloc_29nbfs_LRG2_max_sCs4p6
5289,55891.60474194017,2765.1748839712936,55992.532980715216,54028.24261850232,1863.3621234378634,pvalloc_29nbfs_LRG2_max_sCs4p6
5290,74190.74372932162,3621.7956690398055,74300.58486628575,67054.76114554999,7135.982583771667,pvalloc_29nbfs_LRG2_max_sCs4p6
5291,90224.99255577655,4050.1817509371317,90347.29407238855,75841.01380716235,14383.978748614247,pvalloc_29nbfs_LRG2_max_sCs4p6
5292,85623.44607503765,5619.714680719635,85924.35858700417,73557.00294579455,12066.443129243029,pvalloc_29nbfs_LRG2_max_sCs4p6
5293,91376.56045037547,5533.241559213591,91635.48110691694,76304.18275628613,15072.377694089377,pvalloc_29nbfs_LRG2_max_sCs4p6
5294,86755.5023925258,6653.13736729217,87211.04555587757,73909.96884033845,12845.533552187357,pvalloc_29nbfs_LRG2_max_sCs4p6
5295,80015.15939902647,6058.856104480268,80436.8826787618,70226.22492471739,9788.934474309059,pvalloc_29nbfs_LRG2_max_sCs4p6
5296,65450.761075853465,6116.926443753834,66038.34597204627,61107.82558729062,4342.935488562851,pvalloc_29nbfs_LRG2_max_sCs4p6
5297,49701.010461434365,5439.579450708609,50392.42884897656,48728.13726850956,972.8731929248055,pvalloc_29nbfs_LRG2_max_sCs4p6
5298,29311.79623415204,5433.0425172396035,30516.812005963136,29311.79623415204,0.0,pvalloc_29nbfs_LRG2_max_sCs4p6
5299,8810.637180960233,6469.095234728231,12183.22946663068,8810.637180960233,0.0,pvalloc_29nbfs_LRG2_max_sCs4p6
5300,0.002782290935076717,16914.8741995099,16914.8741995099,0.002782290935076717,0.0,pvalloc_29nbfs_LRG2_max_sCs4p6
5301,0.0,19664.8737674663,19664.8737674663,0.0,0.0,pvalloc_29nbfs_LRG2_max_sCs4p6
5302,0.0,21717.29761653144,21717.29761653144,0.0,0.0,pvalloc_29nbfs_LRG2_max_sCs4p6
5303,0.0,17214.825474050005,17214.825474050005,0.0,0.0,pvalloc_29nbfs_LRG2_max_sCs4p6
5304,0.0,12578.207549128692,12578.207549128692,0.0,0.0,pvalloc_29nbfs_LRG2_max_sCs4p6
5305,0.0,10294.109997870488,10294.109997870488,0.0,0.0,pvalloc_29nbfs_LRG2_max_sCs4p6
5306,0.0,8325.709247505114,8325.709247505114,0.0,0.0,pvalloc_29nbfs_LRG2_max_sCs4p6
5307,0.0,7293.515981600714,7293.515981600714,0.0,0.0,pvalloc_29nbfs_LRG2_max_sCs4p6
5308,0.0,6735.774478834691,6735.774478834691,0.0,0.0,pvalloc_29nbfs_LRG2_max_sCs4p6
5309,0.0,6710.483943585053,6710.483943585053,0.0,0.0,pvalloc_29nbfs_LRG2_max_sCs4p6
5310,30.31219513997688,4984.765444678703,4985.1505701193755,30.31219513997688,0.0,pvalloc_29nbfs_LRG2_max_sCs4p6
5311,11752.877002719664,2510.5859999875884,12421.616662478953,11752.877002719664,0.0,pvalloc_29nbfs_LRG2_max_sCs4p6
5312,32873.026210049946,2874.5625294524402,33121.41347338619,32873.026210049946,0.0,pvalloc_29nbfs_LRG2_max_sCs4p6
5313,54821.11815278325,3220.069554181403,54961.36047470635,53154.352080655335,1666.7660721279253,pvalloc_29nbfs_LRG2_max_sCs4p6
5314,74965.453390471,3689.040553399271,75091.28960250877,67484.29283746699,7481.160553004038,pvalloc_29nbfs_LRG2_max_sCs4p6
5315,91200.2437135729,3850.020513574471,91312.68008663831,76296.56762362414,14903.676089948729,pvalloc_29nbfs_LRG2_max_sCs4p6
5316,85244.67915227622,5913.80253879393,85593.95312208684,73339.62059863398,11905.058553642215,pvalloc_29nbfs_LRG2_max_sCs4p6
5317,90969.20799196891,5415.678476403478,91208.53275777148,76181.7703960924,14787.437595876487,pvalloc_29nbfs_LRG2_max_sCs4p6
5318,88573.14554641228,5553.468451643541,88844.07089915022,74906.86175223003,13666.283794182278,pvalloc_29nbfs_LRG2_max_sCs4p6
5319,82027.63194568266,4917.368027918869,82260.38773831638,71429.92290641923,10597.709039263436,pvalloc_29nbfs_LRG2_max_sCs4p6
5320,67945.74236483943,4825.975493897091,68243.02002796586,62834.778781186484,5110.963583652891,pvalloc_29nbfs_LRG2_max_sCs4p6
5321,50062.85714880869,4697.812462301285,50519.62606567539,49100.80126774464,962.0558810640516,pvalloc_29nbfs_LRG2_max_sCs4p6
5322,31971.62649885865,3954.8072737501034,32565.879123304974,31971.62649885865,0.0,pvalloc_29nbfs_LRG2_max_sCs4p6
5323,10838.507420075252,4742.541237888467,12906.725205805855,10838.507420075252,0.0,pvalloc_29nbfs_LRG2_max_sCs4p6
5324,0.6169206341999018,11780.247270256357,11780.247270256357,0.6169206341999018,0.0,pvalloc_29nbfs_LRG2_max_sCs4p6
5325,0.0,17798.4514230697,17798.4514230697,0.0,0.0,pvalloc_29nbfs_LRG2_max_sCs4p6
5326,0.0,19605.334016129702,19605.334016129702,0.0,0.0,pvalloc_29nbfs_LRG2_max_sCs4p6
5327,0.0,17993.3392447101,17993.3392447101,0.0,0.0,pvalloc_29nbfs_LRG2_max_sCs4p6
5328,0.0,14499.905393880888,14499.905393880888,0.0,0.0,pvalloc_29nbfs_LRG2_max_sCs4p6
5329,0.0,10706.798579119699,10706.798579119699,0.0,0.0,pvalloc_29nbfs_LRG2_max_sCs4p6
5330,0.0,8691.305275136961,8691.305275136961,0.0,0.0,pvalloc_29nbfs_LRG2_max_sCs4p6
5331,0.0,7299.838339654399,7299.838339654399,0.0,0.0,pvalloc_29nbfs_LRG2_max_sCs4p6
5332,0.0,6942.4868277889755,6942.4868277889755,0.0,0.0,pvalloc_29nbfs_LRG2_max_sCs4p6
5333,0.0,6828.134013081582,6828.134013081582,0.0,0.0,pvalloc_29nbfs_LRG2_max_sCs4p6
5334,10.248949627329177,5417.704453950923,5417.840044531325,10.248949627329177,0.0,pvalloc_29nbfs_LRG2_max_sCs4p6
5335,10506.633339567281,2805.8724799774595,11440.884226181677,10506.633339567281,0.0,pvalloc_29nbfs_LRG2_max_sCs4p6
5336,31591.84603794695,3234.741949529663,31946.67022496439,31591.84603794695,0.0,pvalloc_29nbfs_LRG2_max_sCs4p6
5337,53932.181256650154,3412.9646055266485,54100.09942066606,52416.189877458026,1515.9913791921333,pvalloc_29nbfs_LRG2_max_sCs4p6
5338,73881.55635722636,3725.9036302008158,74008.80351139528,66834.11021094533,7047.446146281081,pvalloc_29nbfs_LRG2_max_sCs4p6
5339,89056.45945052539,4023.4467427968434,89173.67625891749,75277.84278662823,13778.616663897177,pvalloc_29nbfs_LRG2_max_sCs4p6
5340,84371.17271031704,5741.047724751835,84719.1280999075,72965.37154460077,11405.801165716235,pvalloc_29nbfs_LRG2_max_sCs4p6
5341,88669.43722901914,5709.281959101272,88959.34377391575,75098.9805618396,13570.456667179498,pvalloc_29nbfs_LRG2_max_sCs4p6
5342,85481.67732547586,6553.332861136519,85938.262760464,73433.75143137692,12047.925894098935,pvalloc_29nbfs_LRG2_max_sCs4p6
5343,80360.30165742399,5459.569134514698,80669.35905022689,70485.9682678303,9874.33338959364,pvalloc_29nbfs_LRG2_max_sCs4p6
5344,68391.84850967138,4524.614023314513,68649.02843930967,63126.61784969853,5265.230659972937,pvalloc_29nbfs_LRG2_max_sCs4p6
5345,48970.8026980344,4481.777136416468,49392.79701588971,48179.827312555586,790.9753854788289,pvalloc_29nbfs_LRG2_max_sCs4p6
5346,29294.16281516932,4464.216487137651,30121.825923995915,29294.16281516932,0.0,pvalloc_29nbfs_LRG2_max_sCs4p6
5347,7444.819694227735,6365.806380496001,10949.005476672333,7444.819694227735,0.0,pvalloc_29nbfs_LRG2_max_sCs4p6
5348,0.0,15989.524770241565,15989.524770241565,0.0,0.0,pvalloc_29nbfs_LRG2_max_sCs4p6
5349,0.0,16826.715043934226,16826.715043934226,0.0,0.0,pvalloc_29nbfs_LRG2_max_sCs4p6
5350,0.0,17455.218388780384,17455.218388780384,0.0,0.0,pvalloc_29nbfs_LRG2_max_sCs4p6
5351,0.0,17312.601875985754,17312.601875985754,0.0,0.0,pvalloc_29nbfs_LRG2_max_sCs4p6
5352,0.0,14414.143741518075,14414.143741518075,0.0,0.0,pvalloc_29nbfs_LRG2_max_sCs4p6
5353,0.0,9954.17201230051,9954.17201230051,0.0,0.0,pvalloc_29nbfs_LRG2_max_sCs4p6
5354,0.0,8448.308232531268,8448.308232531268,0.0,0.0,pvalloc_29nbfs_LRG2_max_sCs4p6
5355,0.0,7461.470557932399,7461.470557932399,0.0,0.0,pvalloc_29nbfs_LRG2_max_sCs4p6
5356,0.0,6904.553782501744,6904.553782501744,0.0,0.0,pvalloc_29nbfs_LRG2_max_sCs4p6
5357,0.0,6785.528064411385,6785.528064411385,0.0,0.0,pvalloc_29nbfs_LRG2_max_sCs4p6
5358,16.202486738100244,5397.9676106910565,5398.197574567213,16.202486738100244,0.0,pvalloc_29nbfs_LRG2_max_sCs4p6
5359,10623.568984925252,2700.4135435675335,11467.047085143928,10623.568984925252,0.0,pvalloc_29nbfs_LRG2_max_sCs4p6
5360,31818.895287438896,3036.820221776371,32119.131437692387,31818.895287438896,0.0,pvalloc_29nbfs_LRG2_max_sCs4p6
5361,51633.88214792468,4022.136073979135,51937.19999832288,50509.46791248959,1124.4142354351059,pvalloc_29nbfs_LRG2_max_sCs4p6
5362,72719.64689996306,4120.006380685488,72883.16149125305,66134.06091386978,6585.585986093258,pvalloc_29nbfs_LRG2_max_sCs4p6
5363,86944.03747526767,4995.422660616617,87151.79755048772,74314.02356685119,12630.013908416564,pvalloc_29nbfs_LRG2_max_sCs4p6
5364,84899.2620885759,5830.504486694055,85259.74751443684,73249.62707283886,11649.635015737054,pvalloc_29nbfs_LRG2_max_sCs4p6
5365,87853.03744713523,6394.936658829976,88285.80572970503,74768.78209082801,13084.255356307262,pvalloc_29nbfs_LRG2_max_sCs4p6
5366,90084.58202718463,5273.953750558167,90322.17621916998,75672.27705564519,14412.304971539426,pvalloc_29nbfs_LRG2_max_sCs4p6
5367,81541.86544392198,4898.885717675217,81767.87644430895,71189.7926526397,10352.07279128228,pvalloc_29nbfs_LRG2_max_sCs4p6
5368,67792.9126428992,4601.709084131211,68048.81797668993,62797.4506400021,4995.462002897059,pvalloc_29nbfs_LRG2_max_sCs4p6
5369,48934.19017514402,4697.211399841794,49396.869484346746,48172.4792480705,761.7109270735098,pvalloc_29nbfs_LRG2_max_sCs4p6
5370,28012.395219013364,4839.0828255443985,29079.76809423562,28012.395219013364,0.0,pvalloc_29nbfs_LRG2_max_sCs4p6
5371,9368.663867131176,5176.347127176041,11830.546277293275,9368.663867131176,0.0,pvalloc_29nbfs_LRG2_max_sCs4p6
5372,0.0,16855.617532044333,16855.617532044333,0.0,0.0,pvalloc_29nbfs_LRG2_max_sCs4p6
5373,0.0,17345.89249504484,17345.89249504484,0.0,0.0,pvalloc_29nbfs_LRG2_max_sCs4p6
5374,0.0,16579.52219038973,16579.52219038973,0.0,0.0,pvalloc_29nbfs_LRG2_max_sCs4p6
5375,0.0,15251.446364993697,15251.446364993697,0.0,0.0,pvalloc_29nbfs_LRG2_max_sCs4p6
5376,0.0,13188.262672566278,13188.262672566278,0.0,0.0,pvalloc_29nbfs_LRG2_max_sCs4p6
5377,0.0,11323.92566649367,11323.92566649367,0.0,0.0,pvalloc_29nbfs_LRG2_max_sCs4p6
5378,0.0,9734.491596408214,9734.491596408214,0.0,0.0,pvalloc_29nbfs_LRG2_max_sCs4p6
5379,0.0,8493.110696508547,8493.110696508547,0.0,0.0,pvalloc_29nbfs_LRG2_max_sCs4p6
5380,0.0,7434.255107382792,7434.255107382792,0.0,0.0,pvalloc_29nbfs_LRG2_max_sCs4p6
5381,0.0,7087.350693282778,7087.350693282778,0.0,0.0,pvalloc_29nbfs_LRG2_max_sCs4p6
5382,6.534590110971986,5749.32915183087,5749.42854264071,6.534590110971986,0.0,pvalloc_29nbfs_LRG2_max_sCs4p6
5383,10254.543322127673,2774.574980070554,11159.89589217542,10254.543322127673,0.0,pvalloc_29nbfs_LRG2_max_sCs4p6
5384,32073.256863180737,2885.789263065441,32340.799595297365,32073.256863180737,0.0,pvalloc_29nbfs_LRG2_max_sCs4p6
5385,54205.76050097478,3221.2553700342005,54350.93172184921,52636.88713590089,1568.8733650738754,pvalloc_29nbfs_LRG2_max_sCs4p6
5386,72811.31234412975,3905.6210918502466,72950.51721360256,66183.38628914299,6627.926054986679,pvalloc_29nbfs_LRG2_max_sCs4p6
5387,88427.66369176596,4435.20619331135,88575.24405322116,74962.72964926895,13464.93404249698,pvalloc_29nbfs_LRG2_max_sCs4p6
5388,85519.95247428949,5517.56359948526,85803.95143729288,73487.63971844286,12032.312755846608,pvalloc_29nbfs_LRG2_max_sCs4p6
5389,89254.04579967225,5836.147521161296,89555.59507148586,75340.15650041611,13913.889299256167,pvalloc_29nbfs_LRG2_max_sCs4p6
5390,85620.85710554598,6240.463916913516,86009.30827503206,73450.6663578044,12170.190747741515,pvalloc_29nbfs_LRG2_max_sCs4p6
5391,78824.04314674318,5604.431046274711,79159.65198841567,69671.06130315515,9152.981843588002,pvalloc_29nbfs_LRG2_max_sCs4p6
5392,64783.112247656565,5315.073500256766,65191.20388416466,60738.291641674325,4044.8206059822096,pvalloc_29nbfs_LRG2_max_sCs4p6
5393,46002.2661431412,5338.8926271179525,46713.76843384521,45557.710023544736,444.55611959646365,pvalloc_29nbfs_LRG2_max_sCs4p6
5394,27034.450772132386,4954.2586240381,28202.37342422388,27034.450772132386,0.0,pvalloc_29nbfs_LRG2_max_sCs4p6
5395,6322.362925686571,7005.691203502797,10432.06049811608,6322.362925686571,0.0,pvalloc_29nbfs_LRG2_max_sCs4p6
5396,0.0,17145.718773334902,17145.718773334902,0.0,0.0,pvalloc_29nbfs_LRG2_max_sCs4p6
5397,0.0,18592.212130355496,18592.212130355496,0.0,0.0,pvalloc_29nbfs_LRG2_max_sCs4p6
5398,0.0,17959.280865600802,17959.280865600802,0.0,0.0,pvalloc_29nbfs_LRG2_max_sCs4p6
5399,0.0,15321.147510146637,15321.147510146637,0.0,0.0,pvalloc_29nbfs_LRG2_max_sCs4p6
5400,0.0,13722.161589340785,13722.161589340785,0.0,0.0,pvalloc_29nbfs_LRG2_max_sCs4p6
5401,0.0,10430.229263731497,10430.229263731497,0.0,0.0,pvalloc_29nbfs_LRG2_max_sCs4p6
5402,0.0,8829.571873465271,8829.571873465271,0.0,0.0,pvalloc_29nbfs_LRG2_max_sCs4p6
5403,0.0,7657.188196967489,7657.188196967489,0.0,0.0,pvalloc_29nbfs_LRG2_max_sCs4p6
5404,0.0,7455.696363549952,7455.696363549952,0.0,0.0,pvalloc_29nbfs_LRG2_max_sCs4p6
5405,0.0,7031.549107246737,7031.549107246737,0.0,0.0,pvalloc_29nbfs_LRG2_max_sCs4p6
5406,2.006801835978374,6089.598311944105,6089.645662936637,2.006801835978374,0.0,pvalloc_29nbfs_LRG2_max_sCs4p6
5407,10247.345467022738,2615.9315598710787,11052.142302440503,10247.345467022738,0.0,pvalloc_29nbfs_LRG2_max_sCs4p6
5408,29308.269072196224,3029.315847374146,29647.074876654046,29308.269072196224,0.0,pvalloc_29nbfs_LRG2_max_sCs4p6
5409,48769.07296564486,3991.8725963410498,49085.5208073659,48075.16245761834,693.9105080265198,pvalloc_29nbfs_LRG2_max_sCs4p6
5410,67053.05883313756,3843.1494718114436,67214.42004188252,62349.482513225914,4703.576319911629,pvalloc_29nbfs_LRG2_max_sCs4p6
5411,74853.96932495938,4142.628544190251,75025.57673022932,67357.71853165663,7496.250793302738,pvalloc_29nbfs_LRG2_max_sCs4p6
5412,63311.98497977488,5463.22979974475,63791.569224965555,59685.3300348397,3626.6549449351915,pvalloc_29nbfs_LRG2_max_sCs4p6
5413,62778.63383069604,6094.557480852111,63408.85968002255,59237.86101101485,3540.7728196811904,pvalloc_29nbfs_LRG2_max_sCs4p6
5414,57281.14721199153,6035.863027134606,58004.957700033,54909.2592041212,2371.888007870336,pvalloc_29nbfs_LRG2_max_sCs4p6
5415,46210.56470413566,5488.853169383431,46969.985162126985,45698.43115906903,512.1335450666356,pvalloc_29nbfs_LRG2_max_sCs4p6
5416,34372.621734202155,5014.600058504661,35263.45541004507,34322.90864547653,49.71308872562304,pvalloc_29nbfs_LRG2_max_sCs4p6
5417,27442.22407182179,4820.693739528186,28495.89797264999,27442.22407182179,0.0,pvalloc_29nbfs_LRG2_max_sCs4p6
5418,11360.500951310849,5234.522779735861,13695.460380380027,11360.500951310849,0.0,pvalloc_29nbfs_LRG2_max_sCs4p6
5419,2517.7384115288123,6575.37446900414,7236.546916598099,2517.7384115288123,0.0,pvalloc_29nbfs_LRG2_max_sCs4p6
5420,0.0,14157.191503559567,14157.191503559567,0.0,0.0,pvalloc_29nbfs_LRG2_max_sCs4p6
5421,0.0,16175.317955120869,16175.317955120869,0.0,0.0,pvalloc_29nbfs_LRG2_max_sCs4p6
5422,0.0,16617.529616008724,16617.529616008724,0.0,0.0,pvalloc_29nbfs_LRG2_max_sCs4p6
5423,0.0,15583.466132818583,15583.466132818583,0.0,0.0,pvalloc_29nbfs_LRG2_max_sCs4p6
5424,0.0,13573.678772779584,13573.678772779584,0.0,0.0,pvalloc_29nbfs_LRG2_max_sCs4p6
4920,0.0,11113.463869085277,11113.463869085277,0.0,0.0,pvalloc_29nbfs_LRG2_max_sCs6p8
4921,0.0,10737.831728562103,10737.831728562103,0.0,0.0,pvalloc_29nbfs_LRG2_max_sCs6p8
4922,0.0,10105.311448681485,10105.311448681485,0.0,0.0,pvalloc_29nbfs_LRG2_max_sCs6p8
4923,0.0,8120.094880445638,8120.094880445638,0.0,0.0,pvalloc_29nbfs_LRG2_max_sCs6p8
4924,0.0,7251.733657230992,7251.733657230992,0.0,0.0,pvalloc_29nbfs_LRG2_max_sCs6p8
4925,0.0,6971.075169345191,6971.075169345191,0.0,0.0,pvalloc_29nbfs_LRG2_max_sCs6p8
4926,823.6638210877718,3595.9351766201007,3690.6697366346325,823.6638210877718,0.0,pvalloc_29nbfs_LRG2_max_sCs6p8
4927,15763.300460158467,2536.179471020978,16270.729677047377,15763.300460158467,0.0,pvalloc_29nbfs_LRG2_max_sCs6p8
4928,35997.94712096922,2697.6738706924925,36183.33005357629,35931.20486611359,66.74225485562357,pvalloc_29nbfs_LRG2_max_sCs6p8
4929,55373.730275576534,3337.7133983709214,55530.13329313214,53606.31830382024,1767.4119717563008,pvalloc_29nbfs_LRG2_max_sCs6p8
4930,74397.73537339884,3562.601267945225,74511.45934762231,67099.72989927787,7298.005474121029,pvalloc_29nbfs_LRG2_max_sCs6p8
4931,89326.15532211962,4071.9601067045774,89454.97670700723,75346.13239187682,13980.022930242798,pvalloc_29nbfs_LRG2_max_sCs6p8
4932,74228.55284250637,5133.236144988753,74536.05114595123,66963.73587549017,7264.816967016238,pvalloc_29nbfs_LRG2_max_sCs6p8
4933,61773.93661874942,6642.07254598908,62620.90987913758,58537.30385169458,3236.6327670548435,pvalloc_29nbfs_LRG2_max_sCs6p8
4934,58398.035092687074,5487.491748121103,58942.161169912564,55855.06590424474,2542.969188442329,pvalloc_29nbfs_LRG2_max_sCs6p8
4935,50986.10827429073,5066.559422803236,51553.891418775354,49816.592911685075,1169.515362605661,pvalloc_29nbfs_LRG2_max_sCs6p8
4936,50369.55345615268,4815.292352995168,50883.638113917514,49309.81727963784,1059.7361765148414,pvalloc_29nbfs_LRG2_max_sCs6p8
4937,34089.479215791296,4267.074249850198,34738.93462795324,34047.22239011651,42.25682567478566,pvalloc_29nbfs_LRG2_max_sCs6p8
4938,16345.84971418044,3926.175747056843,17457.517892376654,16345.84971418044,0.0,pvalloc_29nbfs_LRG2_max_sCs6p8
4939,7181.287373295903,5152.054690091549,9874.723974970497,7181.287373295903,0.0,pvalloc_29nbfs_LRG2_max_sCs6p8
4940,296.2131143072364,8836.971544279952,8840.41891075312,296.2131143072364,0.0,pvalloc_29nbfs_LRG2_max_sCs6p8
4941,0.0,12714.325160437362,12714.325160437362,0.0,0.0,pvalloc_29nbfs_LRG2_max_sCs6p8
4942,0.0,13844.117670126652,13844.117670126652,0.0,0.0,pvalloc_29nbfs_LRG2_max_sCs6p8
4943,0.0,13190.081500942473,13190.081500942473,0.0,0.0,pvalloc_29nbfs_LRG2_max_sCs6p8
4944,0.0,15734.473543662867,15734.473543662867,0.0,0.0,pvalloc_29nbfs_LRG2_max_sCs6p8
4945,0.0,11843.652935827871,11843.652935827871,0.0,0.0,pvalloc_29nbfs_LRG2_max_sCs6p8
4946,0.0,9148.163406638314,9148.163406638314,0.0,0.0,pvalloc_29nbfs_LRG2_max_sCs6p8
4947,0.0,7889.191632688864,7889.191632688864,0.0,0.0,pvalloc_29nbfs_LRG2_max_sCs6p8
4948,0.0,7842.183829125384,7842.183829125384,0.0,0.0,pvalloc_29nbfs_LRG2_max_sCs6p8
4949,0.0,6888.334696423667,6888.334696423667,0.0,0.0,pvalloc_29nbfs_LRG2_max_sCs6p8
4950,7.612392280874639,5201.267078308898,5201.284390671853,7.612392280874639,0.0,pvalloc_29nbfs_LRG2_max_sCs6p8
4951,9125.026992086898,2539.392225361443,9970.917592729915,9125.026992086898,0.0,pvalloc_29nbfs_LRG2_max_sCs6p8
4952,30305.421313582978,2553.925534391742,30518.956927529263,30305.421313582978,0.0,pvalloc_29nbfs_LRG2_max_sCs6p8
4953,54010.32060338458,3006.45839557919,54134.44315751216,52475.962247583695,1534.358355800892,pvalloc_29nbfs_LRG2_max_sCs6p8
4954,75431.71484427822,3368.49167279604,75527.71624952197,67731.82298894,7699.891855338249,pvalloc_29nbfs_LRG2_max_sCs6p8
4955,86715.53403608626,3615.628627456672,86822.23125518732,73963.39898615866,12752.13504992756,pvalloc_29nbfs_LRG2_max_sCs6p8
4956,74744.50897872857,4604.10663653028,74970.35915633073,67282.11062412431,7462.398354604257,pvalloc_29nbfs_LRG2_max_sCs6p8
4957,50056.35700609252,4867.6749082801325,50571.92761251701,49066.8872622105,989.4697438820369,pvalloc_29nbfs_LRG2_max_sCs6p8
4958,60902.955708924455,5005.690871339612,61346.00452182638,57684.44199011854,3218.5137188059216,pvalloc_29nbfs_LRG2_max_sCs6p8
4959,48576.84810469786,5048.519351004016,49213.17534478175,47753.40511296965,823.4429917282185,pvalloc_29nbfs_LRG2_max_sCs6p8
4960,44661.48491901338,4723.38880866597,45277.680630714676,44241.57686038004,419.9080586333531,pvalloc_29nbfs_LRG2_max_sCs6p8
4961,35983.91778702774,4805.494124236253,36787.26303605771,35886.17352763933,97.74425938841193,pvalloc_29nbfs_LRG2_max_sCs6p8
4962,19842.808874675047,4687.263494000798,21186.49933072717,19842.808874675047,0.0,pvalloc_29nbfs_LRG2_max_sCs6p8
4963,9131.399063705792,6050.407822455938,12245.353914807636,9131.399063705792,0.0,pvalloc_29nbfs_LRG2_max_sCs6p8
4964,3.5457193338609443,11427.836205666286,11427.836205666286,3.5457193338609443,0.0,pvalloc_29nbfs_LRG2_max_sCs6p8
4965,0.0,21698.627529472968,21698.627529472968,0.0,0.0,pvalloc_29nbfs_LRG2_max_sCs6p8
4966,0.0,15054.668580548847,15054.668580548847,0.0,0.0,pvalloc_29nbfs_LRG2_max_sCs6p8
4967,0.0,14761.300435221638,14761.300435221638,0.0,0.0,pvalloc_29nbfs_LRG2_max_sCs6p8
4968,0.0,12492.279958567413,12492.279958567413,0.0,0.0,pvalloc_29nbfs_LRG2_max_sCs6p8
4969,0.0,10052.532145121631,10052.532145121631,0.0,0.0,pvalloc_29nbfs_LRG2_max_sCs6p8
4970,0.0,8034.332061846784,8034.332061846784,0.0,0.0,pvalloc_29nbfs_LRG2_max_sCs6p8
4971,0.0,7219.022230515399,7219.022230515399,0.0,0.0,pvalloc_29nbfs_LRG2_max_sCs6p8
4972,0.0,6689.043790452775,6689.043790452775,0.0,0.0,pvalloc_29nbfs_LRG2_max_sCs6p8
4973,0.0,6426.52820091012,6426.52820091012,0.0,0.0,pvalloc_29nbfs_LRG2_max_sCs6p8
4974,161.0651561283401,3989.1957780425464,3991.1455263827293,161.0651561283401,0.0,pvalloc_29nbfs_LRG2_max_sCs6p8
4975,10204.0555063736,2533.941981635678,10986.568002894208,10204.0555063736,0.0,pvalloc_29nbfs_LRG2_max_sCs6p8
4976,3135.2029427037764,2922.0030838083903,4787.014628287103,3135.2029427037764,0.0,pvalloc_29nbfs_LRG2_max_sCs6p8
4977,18340.172518839623,3138.733914902159,19032.577688860136,18340.172518839623,0.0,pvalloc_29nbfs_LRG2_max_sCs6p8
4978,36180.16755133905,3432.3626773124697,36536.00976291917,36088.7923310589,91.37522028014376,pvalloc_29nbfs_LRG2_max_sCs6p8
4979,57346.67372590764,3908.542024643915,57578.424579569066,55094.003554406205,2252.6701715014233,pvalloc_29nbfs_LRG2_max_sCs6p8
4980,59629.39940745261,4677.262283593027,59975.85241734405,56860.93092254927,2768.468484903348,pvalloc_29nbfs_LRG2_max_sCs6p8
4981,62953.37464786265,5377.456919975482,63413.2881318163,59357.38394396304,3595.9907038996107,pvalloc_29nbfs_LRG2_max_sCs6p8
4982,47641.48405370669,4925.856183346628,48244.12659801244,46954.41681002898,687.0672436777102,pvalloc_29nbfs_LRG2_max_sCs6p8
4983,52867.982172087955,5535.155472273724,53513.59984205386,51413.110813464235,1454.8713586237195,pvalloc_29nbfs_LRG2_max_sCs6p8
4984,42942.18481272225,4885.633490370802,43587.08516809241,42661.84270241201,280.3421103102389,pvalloc_29nbfs_LRG2_max_sCs6p8
4985,28501.172333776216,4366.910412793043,29335.114874454342,28501.172333776216,0.0,pvalloc_29nbfs_LRG2_max_sCs6p8
4986,22527.134534559846,4916.360329043775,23928.189170273003,22527.134534559846,0.0,pvalloc_29nbfs_LRG2_max_sCs6p8
4987,9975.594628484503,5114.21868172793,12426.193069152287,9975.594628484503,0.0,pvalloc_29nbfs_LRG2_max_sCs6p8
4988,1.7075923127892678,11602.235331993503,11602.235331993503,1.7075923127892678,0.0,pvalloc_29nbfs_LRG2_max_sCs6p8
4989,0.0,15306.20706282239,15306.20706282239,0.0,0.0,pvalloc_29nbfs_LRG2_max_sCs6p8
4990,0.0,18487.54111223772,18487.54111223772,0.0,0.0,pvalloc_29nbfs_LRG2_max_sCs6p8
4991,0.0,15678.910070087288,15678.910070087288,0.0,0.0,pvalloc_29nbfs_LRG2_max_sCs6p8
4992,0.0,12457.950105853319,12457.950105853319,0.0,0.0,pvalloc_29nbfs_LRG2_max_sCs6p8
4993,0.0,9566.57816566627,9566.57816566627,0.0,0.0,pvalloc_29nbfs_LRG2_max_sCs6p8
4994,0.0,8172.598108657664,8172.598108657664,0.0,0.0,pvalloc_29nbfs_LRG2_max_sCs6p8
4995,0.0,7275.373634775014,7275.373634775014,0.0,0.0,pvalloc_29nbfs_LRG2_max_sCs6p8
4996,0.0,6657.432000184344,6657.432000184344,0.0,0.0,pvalloc_29nbfs_LRG2_max_sCs6p8
4997,0.0,6227.237294939229,6227.237294939229,0.0,0.0,pvalloc_29nbfs_LRG2_max_sCs6p8
4998,409.28776355749994,3581.321149853968,3598.324939106725,409.28776355749994,0.0,pvalloc_29nbfs_LRG2_max_sCs6p8
4999,14925.30979426727,2526.141750144815,15469.529719755525,14925.30979426727,0.0,pvalloc_29nbfs_LRG2_max_sCs6p8
5000,33570.594728875294,2776.320491881761,33796.0685182584,33560.08067720159,10.514051673701374,pvalloc_29nbfs_LRG2_max_sCs6p8
5001,52013.45098697605,3114.250820747313,52159.98600900142,50799.8158402678,1213.6351467082586,pvalloc_29nbfs_LRG2_max_sCs6p8
5002,65707.43615247284,3224.9353412587966,65824.05472973692,61383.62644008358,4323.809712389212,pvalloc_29nbfs_LRG2_max_sCs6p8
5003,85573.79418686121,3939.99554511101,85698.3390506238,73406.41803505295,12167.37615180821,pvalloc_29nbfs_LRG2_max_sCs6p8
5004,83666.37759249698,4477.653714651569,83837.2334055631,72401.66546480777,11264.7121276892,pvalloc_29nbfs_LRG2_max_sCs6p8
5005,90125.3430136675,4606.11981986871,90301.86579590055,75712.70722851697,14412.635785150505,pvalloc_29nbfs_LRG2_max_sCs6p8
5006,83925.18028135,4591.575677994486,84130.55490590616,72422.90712969677,11502.273151653175,pvalloc_29nbfs_LRG2_max_sCs6p8
5007,70150.96237753918,4609.121132756143,70411.72119808248,64298.79769560386,5852.164681935192,pvalloc_29nbfs_LRG2_max_sCs6p8
5008,55307.3779348925,4087.4296295402564,55602.16412195934,53413.009638761796,1894.368296130699,pvalloc_29nbfs_LRG2_max_sCs6p8
5009,32733.76310008399,3834.199445415639,33281.22551525688,32725.613594997936,8.14950508605915,pvalloc_29nbfs_LRG2_max_sCs6p8
5010,13741.064565026252,3957.941604893728,15070.661110543993,13741.064565026252,0.0,pvalloc_29nbfs_LRG2_max_sCs6p8
5011,2513.080611921565,6082.6892387148555,6860.312706872828,2513.080611921565,0.0,pvalloc_29nbfs_LRG2_max_sCs6p8
5012,0.024958675141344665,13827.147281333962,13827.147281333962,0.024958675141344665,0.0,pvalloc_29nbfs_LRG2_max_sCs6p8
5013,0.0,14662.18168263524,14662.18168263524,0.0,0.0,pvalloc_29nbfs_LRG2_max_sCs6p8
5014,0.0,16274.799124460178,16274.799124460178,0.0,0.0,pvalloc_29nbfs_LRG2_max_sCs6p8
5015,0.0,15624.092956490873,15624.092956490873,0.0,0.0,pvalloc_29nbfs_LRG2_max_sCs6p8
5016,0.0,12724.185769730164,12724.185769730164,0.0,0.0,pvalloc_29nbfs_LRG2_max_sCs6p8
5017,0.0,10867.074894322574,10867.074894322574,0.0,0.0,pvalloc_29nbfs_LRG2_max_sCs6p8
5018,0.0,8769.371741640622,8769.371741640622,0.0,0.0,pvalloc_29nbfs_LRG2_max_sCs6p8
5019,0.0,7592.31461024244,7592.31461024244,0.0,0.0,pvalloc_29nbfs_LRG2_max_sCs6p8
5020,0.0,6804.494587055007,6804.494587055007,0.0,0.0,pvalloc_29nbfs_LRG2_max_sCs6p8
5021,0.0,6914.447201421453,6914.447201421453,0.0,0.0,pvalloc_29nbfs_LRG2_max_sCs6p8
5022,126.52466933616675,4156.698791030259,4158.271252503745,126.52466933616675,0.0,pvalloc_29nbfs_LRG2_max_sCs6p8
5023,10442.027874795982,2564.0963985621966,11234.601392041546,10442.027874795982,0.0,pvalloc_29nbfs_LRG2_max_sCs6p8
5024,21694.448744106925,2749.2855133424778,22116.45527187164,21694.448744106925,0.0,pvalloc_29nbfs_LRG2_max_sCs6p8
5025,18563.131407310895,3366.50649356143,19409.33669982142,18563.131407310895,0.0,pvalloc_29nbfs_LRG2_max_sCs6p8
5026,30578.741233969322,3798.822434131915,31190.651064117366,30578.741233969322,0.0,pvalloc_29nbfs_LRG2_max_sCs6p8
5027,65872.04104797309,3646.276810006886,66030.10480796112,61456.05328233887,4415.987765634249,pvalloc_29nbfs_LRG2_max_sCs6p8
5028,78978.62272817624,5326.200807003898,79305.3358818357,69861.28440932305,9117.338318853235,pvalloc_29nbfs_LRG2_max_sCs6p8
5029,52068.348619213946,5045.130769837703,52602.077415767846,50739.52534975085,1328.8232694630808,pvalloc_29nbfs_LRG2_max_sCs6p8
5030,22719.46897744351,5836.789936847992,24593.61858443855,22719.46897744351,0.0,pvalloc_29nbfs_LRG2_max_sCs6p8
5031,25369.412544931245,4959.654387697137,26614.689964025132,25369.412544931245,0.0,pvalloc_29nbfs_LRG2_max_sCs6p8
5032,33762.106693105765,4038.846438688028,34349.83672426688,33720.65295097394,41.45374213182498,pvalloc_29nbfs_LRG2_max_sCs6p8
5033,26716.93612582314,4129.360905412195,27521.53920554622,26716.93612582314,0.0,pvalloc_29nbfs_LRG2_max_sCs6p8
5034,16599.50745368091,4723.167012909001,18222.281387537223,16599.50745368091,0.0,pvalloc_29nbfs_LRG2_max_sCs6p8
5035,10221.20264157747,5390.193885807266,12756.661033552415,10221.20264157747,0.0,pvalloc_29nbfs_LRG2_max_sCs6p8
5036,10.498558755643943,10990.531018005566,10990.543453154722,10.498558755643943,0.0,pvalloc_29nbfs_LRG2_max_sCs6p8
5037,0.0,15623.399766375918,15623.399766375918,0.0,0.0,pvalloc_29nbfs_LRG2_max_sCs6p8
5038,0.0,16022.715362504956,16022.715362504956,0.0,0.0,pvalloc_29nbfs_LRG2_max_sCs6p8
5039,0.0,16439.75171535185,16439.75171535185,0.0,0.0,pvalloc_29nbfs_LRG2_max_sCs6p8
5040,0.0,12326.556850038325,12326.556850038325,0.0,0.0,pvalloc_29nbfs_LRG2_max_sCs6p8
5041,0.0,9488.472208125191,9488.472208125191,0.0,0.0,pvalloc_29nbfs_LRG2_max_sCs6p8
5042,0.0,8024.4353338224,8024.4353338224,0.0,0.0,pvalloc_29nbfs_LRG2_max_sCs6p8
5043,0.0,7253.657469496068,7253.657469496068,0.0,0.0,pvalloc_29nbfs_LRG2_max_sCs6p8
5044,0.0,6638.189465394041,6638.189465394041,0.0,0.0,pvalloc_29nbfs_LRG2_max_sCs6p8
5045,0.0,6441.096729282571,6441.096729282571,0.0,0.0,pvalloc_29nbfs_LRG2_max_sCs6p8
5046,127.08846254467593,4133.264201021264,4134.815490754831,127.08846254467593,0.0,pvalloc_29nbfs_LRG2_max_sCs6p8
5047,11297.364131792821,2640.798052530725,12117.937056620223,11297.364131792821,0.0,pvalloc_29nbfs_LRG2_max_sCs6p8
5048,32391.85676028819,2959.734742065724,32671.283431796794,32391.85676028819,0.0,pvalloc_29nbfs_LRG2_max_sCs6p8
5049,53150.394529080564,3327.3258768729506,53319.01329542125,51770.72629497983,1379.668234100726,pvalloc_29nbfs_LRG2_max_sCs6p8
5050,72245.40228487644,3408.9831087592515,72344.9433855536,65794.4998433664,6450.90244151005,pvalloc_29nbfs_LRG2_max_sCs6p8
5051,65852.83393030059,3813.915700660283,66022.67760463065,61473.66100236024,4379.17292794041,pvalloc_29nbfs_LRG2_max_sCs6p8
5052,60340.83813564593,4447.679619991089,60635.69694826073,57425.68554866564,2915.152586980292,pvalloc_29nbfs_LRG2_max_sCs6p8
5053,66929.19883094676,4710.457598639008,67217.31291690176,62173.958216853425,4755.240614093315,pvalloc_29nbfs_LRG2_max_sCs6p8
5054,68055.05753545645,4590.30295417198,68329.78955566883,62861.58327316702,5193.4742622893955,pvalloc_29nbfs_LRG2_max_sCs6p8
5055,57563.66198207074,4863.0380299778735,57976.78855268437,55200.456965540696,2363.2050165300525,pvalloc_29nbfs_LRG2_max_sCs6p8
5056,51413.99173522587,4304.692069080153,51774.13223507972,50223.291398201916,1190.7003370239354,pvalloc_29nbfs_LRG2_max_sCs6p8
5057,34348.013547504335,3724.9067798908677,34836.48712987747,34304.54422153374,43.46932597059754,pvalloc_29nbfs_LRG2_max_sCs6p8
5058,12130.321219698904,3720.70142508146,13407.130815859524,12130.321219698904,0.0,pvalloc_29nbfs_LRG2_max_sCs6p8
5059,6180.030348343199,4370.268672245261,8408.118456183456,6180.030348343199,0.0,pvalloc_29nbfs_LRG2_max_sCs6p8
5060,213.10812231117455,7653.3465580970915,7655.936714992819,213.10812231117455,0.0,pvalloc_29nbfs_LRG2_max_sCs6p8
5061,0.0,12442.644294585474,12442.644294585474,0.0,0.0,pvalloc_29nbfs_LRG2_max_sCs6p8
5062,0.0,12652.57822535876,12652.57822535876,0.0,0.0,pvalloc_29nbfs_LRG2_max_sCs6p8
5063,0.0,12878.862779430521,12878.862779430521,0.0,0.0,pvalloc_29nbfs_LRG2_max_sCs6p8
5064,0.0,12350.75565968853,12350.75565968853,0.0,0.0,pvalloc_29nbfs_LRG2_max_sCs6p8
5065,0.0,11097.685205202353,11097.685205202353,0.0,0.0,pvalloc_29nbfs_LRG2_max_sCs6p8
5066,0.0,9294.124150992036,9294.124150992036,0.0,0.0,pvalloc_29nbfs_LRG2_max_sCs6p8
5067,0.0,7868.8472553816255,7868.8472553816255,0.0,0.0,pvalloc_29nbfs_LRG2_max_sCs6p8
5068,0.0,6865.793803809358,6865.793803809358,0.0,0.0,pvalloc_29nbfs_LRG2_max_sCs6p8
5069,0.0,7046.117084101746,7046.117084101746,0.0,0.0,pvalloc_29nbfs_LRG2_max_sCs6p8
5070,117.83549785197705,4242.888450540238,4244.335414710804,117.83549785197705,0.0,pvalloc_29nbfs_LRG2_max_sCs6p8
5071,13182.579940702599,2495.214137104223,13790.8148735669,13182.579940702599,0.0,pvalloc_29nbfs_LRG2_max_sCs6p8
5072,30185.017931240174,2796.4957435841047,30457.78770123334,30185.017931240174,0.0,pvalloc_29nbfs_LRG2_max_sCs6p8
5073,52412.28841546927,3195.8496119473175,52568.88057442502,51123.598184382754,1288.690231086532,pvalloc_29nbfs_LRG2_max_sCs6p8
5074,69816.84559187038,3484.118363577304,69950.04617015818,64159.553591186384,5657.2920006839895,pvalloc_29nbfs_LRG2_max_sCs6p8
5075,80388.35903237137,3901.809654151396,80533.11123167543,70543.90695934818,9844.452073023203,pvalloc_29nbfs_LRG2_max_sCs6p8
5076,70893.37019146515,4437.940339085057,71118.3176817398,64835.45901100238,6057.911180462769,pvalloc_29nbfs_LRG2_max_sCs6p8
5077,62713.49798518828,4863.786800760867,63063.466228032245,59163.17506574927,3550.3229194390096,pvalloc_29nbfs_LRG2_max_sCs6p8
5078,53280.12526634094,5048.20291937281,53813.85113567915,51720.64004289757,1559.4852234433865,pvalloc_29nbfs_LRG2_max_sCs6p8
5079,33088.9812026092,5064.260138137252,34070.92973133022,33060.87584281563,28.105359793567573,pvalloc_29nbfs_LRG2_max_sCs6p8
5080,36289.56376042716,4694.206789483207,37029.88255047698,36185.212518836954,104.35124159019932,pvalloc_29nbfs_LRG2_max_sCs6p8
5081,28593.10779331858,4457.298997473359,29463.40860043657,28593.10779331858,0.0,pvalloc_29nbfs_LRG2_max_sCs6p8
5082,16326.341950958955,4413.595137207887,17742.313836935322,16326.341950958955,0.0,pvalloc_29nbfs_LRG2_max_sCs6p8
5083,8594.574188538569,4733.054326921686,10818.5213881327,8594.574188538569,0.0,pvalloc_29nbfs_LRG2_max_sCs6p8
5084,45.17652840743558,9038.7931616801,9039.07017171103,45.17652840743558,0.0,pvalloc_29nbfs_LRG2_max_sCs6p8
5085,0.0,14038.884071464148,14038.884071464148,0.0,0.0,pvalloc_29nbfs_LRG2_max_sCs6p8
5086,0.0,16707.678657408913,16707.678657408913,0.0,0.0,pvalloc_29nbfs_LRG2_max_sCs6p8
5087,0.0,14798.423471834056,14798.423471834056,0.0,0.0,pvalloc_29nbfs_LRG2_max_sCs6p8
5088,0.0,12920.992928294932,12920.992928294932,0.0,0.0,pvalloc_29nbfs_LRG2_max_sCs6p8
5089,0.0,9900.944565301277,9900.944565301277,0.0,0.0,pvalloc_29nbfs_LRG2_max_sCs6p8
5090,0.0,9389.785903685059,9389.785903685059,0.0,0.0,pvalloc_29nbfs_LRG2_max_sCs6p8
5091,0.0,7401.546438254426,7401.546438254426,0.0,0.0,pvalloc_29nbfs_LRG2_max_sCs6p8
5092,0.0,6692.067790682453,6692.067790682453,0.0,0.0,pvalloc_29nbfs_LRG2_max_sCs6p8
5093,0.0,6497.448685059626,6497.448685059626,0.0,0.0,pvalloc_29nbfs_LRG2_max_sCs6p8
5094,300.51907197417404,3841.117407619604,3845.026119737357,300.51907197417404,0.0,pvalloc_29nbfs_LRG2_max_sCs6p8
5095,14807.183311438048,2371.8585872308254,15274.62926053445,14807.183311438048,0.0,pvalloc_29nbfs_LRG2_max_sCs6p8
5096,34811.12193948398,2366.6525124867158,34948.28100965759,34781.762104619265,29.359834864717868,pvalloc_29nbfs_LRG2_max_sCs6p8
5097,56901.36740992094,2793.749541575645,56996.00101565401,54846.54224901388,2054.825160907048,pvalloc_29nbfs_LRG2_max_sCs6p8
5098,73794.55267191015,2917.7874019030673,73870.87938946085,66758.84621645464,7035.706455455523,pvalloc_29nbfs_LRG2_max_sCs6p8
5099,89278.58916448875,3507.620927693973,89379.5765493473,75293.01154821526,13985.577616273511,pvalloc_29nbfs_LRG2_max_sCs6p8
5100,75381.61645289775,4902.928746227854,75637.61224483937,67650.23130048525,7731.38515241246,pvalloc_29nbfs_LRG2_max_sCs6p8
5101,66118.01838397853,5574.576965949215,66585.74227928085,61530.11537492027,4587.903009058203,pvalloc_29nbfs_LRG2_max_sCs6p8
5102,71202.89091156819,5661.266296450083,71666.25267458154,64861.96183168337,6340.929079884694,pvalloc_29nbfs_LRG2_max_sCs6p8
5103,64999.80660751032,5144.444677034908,65422.313292281084,60695.95801117256,4303.848596337747,pvalloc_29nbfs_LRG2_max_sCs6p8
5104,61191.97278784334,4940.659560117894,61622.07168290512,57899.84739947148,3292.1253883718528,pvalloc_29nbfs_LRG2_max_sCs6p8
5105,25876.17528875817,4797.315191196098,26942.203686694742,25876.17528875817,0.0,pvalloc_29nbfs_LRG2_max_sCs6p8
5106,6548.916041415613,5127.818157442255,9135.4908216719,6548.916041415613,0.0,pvalloc_29nbfs_LRG2_max_sCs6p8
5107,1418.7547782860906,6931.439790806034,7053.423424836886,1418.7547782860906,0.0,pvalloc_29nbfs_LRG2_max_sCs6p8
5108,0.5324502983419575,11343.653395559095,11343.653395559095,0.5324502983419575,0.0,pvalloc_29nbfs_LRG2_max_sCs6p8
5109,0.0,13173.891725783154,13173.891725783154,0.0,0.0,pvalloc_29nbfs_LRG2_max_sCs6p8
5110,0.0,13106.449704799228,13106.449704799228,0.0,0.0,pvalloc_29nbfs_LRG2_max_sCs6p8
5111,0.0,12603.245316458499,12603.245316458499,0.0,0.0,pvalloc_29nbfs_LRG2_max_sCs6p8
5112,0.0,10413.182078012227,10413.182078012227,0.0,0.0,pvalloc_29nbfs_LRG2_max_sCs6p8
5113,0.0,8993.403916155024,8993.403916155024,0.0,0.0,pvalloc_29nbfs_LRG2_max_sCs6p8
5114,0.0,7817.17261512709,7817.17261512709,0.0,0.0,pvalloc_29nbfs_LRG2_max_sCs6p8
5115,0.0,7187.960258470543,7187.960258470543,0.0,0.0,pvalloc_29nbfs_LRG2_max_sCs6p8
5116,0.0,6597.782238100715,6597.782238100715,0.0,0.0,pvalloc_29nbfs_LRG2_max_sCs6p8
5117,0.0,6653.58216958441,6653.58216958441,0.0,0.0,pvalloc_29nbfs_LRG2_max_sCs6p8
5118,143.75240503750288,4119.168001274147,4120.852804392445,143.75240503750288,0.0,pvalloc_29nbfs_LRG2_max_sCs6p8
5119,10270.768540283601,2358.607657522958,10950.998370764732,10270.768540283601,0.0,pvalloc_29nbfs_LRG2_max_sCs6p8
5120,31160.519717741663,2382.3067329302644,31329.810646743223,31160.519717741663,0.0,pvalloc_29nbfs_LRG2_max_sCs6p8
5121,54460.5259341091,2713.301979556451,54557.71431488022,52872.117552458076,1588.4083816510397,pvalloc_29nbfs_LRG2_max_sCs6p8
5122,70454.60210368842,3179.327036879667,70551.27200340743,64647.2770549288,5807.325048759637,pvalloc_29nbfs_LRG2_max_sCs6p8
5123,88947.92008525052,3493.637514495621,89032.31425279383,75205.97259234384,13741.947492906718,pvalloc_29nbfs_LRG2_max_sCs6p8
5124,88539.16748044109,4691.867477310958,88704.75886558586,75039.4017750676,13499.765705373407,pvalloc_29nbfs_LRG2_max_sCs6p8
5125,88461.18820323935,5520.369564697011,88726.30275764797,74922.75205746018,13538.436145779155,pvalloc_29nbfs_LRG2_max_sCs6p8
5126,82189.66394105145,5400.968245179483,82481.50101944116,71509.90222938637,10679.761711665013,pvalloc_29nbfs_LRG2_max_sCs6p8
5127,77627.56007901616,5317.016638458471,77946.58539248153,68894.91892720567,8732.641151810447,pvalloc_29nbfs_LRG2_max_sCs6p8
5128,68754.83043167742,4485.359516453065,69013.0869457456,63355.41066931915,5399.419762358322,pvalloc_29nbfs_LRG2_max_sCs6p8
5129,50421.677947045515,4326.719872495119,50806.65304839155,49391.52363973066,1030.1543073148569,pvalloc_29nbfs_LRG2_max_sCs6p8
5130,30858.30735265735,4874.762681457637,31806.5937321669,30858.30735265735,0.0,pvalloc_29nbfs_LRG2_max_sCs6p8
5131,12204.53958159832,4979.094964843357,14329.708365044291,12204.53958159832,0.0,pvalloc_29nbfs_LRG2_max_sCs6p8
5132,1.3598635867638527,11936.163853378715,11936.163853378715,1.3598635867638527,0.0,pvalloc_29nbfs_LRG2_max_sCs6p8
5133,0.0,18228.216139042957,18228.216139042957,0.0,0.0,pvalloc_29nbfs_LRG2_max_sCs6p8
5134,0.0,18162.49636171034,18162.49636171034,0.0,0.0,pvalloc_29nbfs_LRG2_max_sCs6p8
5135,0.0,15581.301938822113,15581.301938822113,0.0,0.0,pvalloc_29nbfs_LRG2_max_sCs6p8
5136,0.0,13660.518661518496,13660.518661518496,0.0,0.0,pvalloc_29nbfs_LRG2_max_sCs6p8
5137,0.0,10358.480128423342,10358.480128423342,0.0,0.0,pvalloc_29nbfs_LRG2_max_sCs6p8
5138,0.0,8828.47113398323,8828.47113398323,0.0,0.0,pvalloc_29nbfs_LRG2_max_sCs6p8
5139,0.0,7213.798405873982,7213.798405873982,0.0,0.0,pvalloc_29nbfs_LRG2_max_sCs6p8
5140,0.0,6479.031429122139,6479.031429122139,0.0,0.0,pvalloc_29nbfs_LRG2_max_sCs6p8
5141,0.0,6403.16258096044,6403.16258096044,0.0,0.0,pvalloc_29nbfs_LRG2_max_sCs6p8
5142,125.5885696252941,4161.397604915674,4162.777690041013,125.5885696252941,0.0,pvalloc_29nbfs_LRG2_max_sCs6p8
5143,13310.26433817586,2354.879042686097,13829.845368609032,13310.26433817586,0.0,pvalloc_29nbfs_LRG2_max_sCs6p8
5144,33122.33658555572,2663.0430480674363,33321.35330593073,33122.33658555572,0.0,pvalloc_29nbfs_LRG2_max_sCs6p8
5145,53989.546774105664,3207.599916532362,54131.35689808029,52483.241002644216,1506.305771461443,pvalloc_29nbfs_LRG2_max_sCs6p8
5146,74383.81611982732,3327.914012860753,74480.91957219105,67150.94278413145,7232.873335695894,pvalloc_29nbfs_LRG2_max_sCs6p8
5147,87672.29912508887,4249.351243911639,87797.24764447428,74623.05491567684,13049.24420941208,pvalloc_29nbfs_LRG2_max_sCs6p8
5148,83287.83489936407,5794.710779425904,83654.57714624536,72375.55021685014,10912.284682513875,pvalloc_29nbfs_LRG2_max_sCs6p8
5149,88109.02556379049,5321.404284500163,88350.05594928376,74829.00232344528,13280.023240345228,pvalloc_29nbfs_LRG2_max_sCs6p8
5150,87713.12954824456,4495.582249972375,87905.09396602254,74421.58313033877,13291.546417905802,pvalloc_29nbfs_LRG2_max_sCs6p8
5151,75881.90927660179,5024.962520229272,76153.09364972672,67937.34313002303,7944.56614657874,pvalloc_29nbfs_LRG2_max_sCs6p8
5152,63218.93582542153,4265.274478016956,63464.25916371051,59541.50720220059,3677.4286232209306,pvalloc_29nbfs_LRG2_max_sCs6p8
5153,45940.85541400338,3930.070880376728,46268.04626742234,45502.62938280484,438.2260311985455,pvalloc_29nbfs_LRG2_max_sCs6p8
5154,30687.770083580443,3930.698988912446,31275.755806201276,30687.770083580443,0.0,pvalloc_29nbfs_LRG2_max_sCs6p8
5155,10173.398465824655,5607.8675714822075,12947.089908389104,10173.398465824655,0.0,pvalloc_29nbfs_LRG2_max_sCs6p8
5156,0.989704069304306,13203.09894964175,13203.09894964175,0.989704069304306,0.0,pvalloc_29nbfs_LRG2_max_sCs6p8
5157,0.0,16656.158247084175,16656.158247084175,0.0,0.0,pvalloc_29nbfs_LRG2_max_sCs6p8
5158,0.0,16956.66673318879,16956.66673318879,0.0,0.0,pvalloc_29nbfs_LRG2_max_sCs6p8
5159,0.0,13878.197386105796,13878.197386105796,0.0,0.0,pvalloc_29nbfs_LRG2_max_sCs6p8
5160,0.0,13359.709264488025,13359.709264488025,0.0,0.0,pvalloc_29nbfs_LRG2_max_sCs6p8
5161,0.0,9823.421723926976,9823.421723926976,0.0,0.0,pvalloc_29nbfs_LRG2_max_sCs6p8
5162,0.0,8004.918441437759,8004.918441437759,0.0,0.0,pvalloc_29nbfs_LRG2_max_sCs6p8
5163,0.0,7279.771629046192,7279.771629046192,0.0,0.0,pvalloc_29nbfs_LRG2_max_sCs6p8
5164,0.0,6702.512682378077,6702.512682378077,0.0,0.0,pvalloc_29nbfs_LRG2_max_sCs6p8
5165,0.0,6398.764586689275,6398.764586689275,0.0,0.0,pvalloc_29nbfs_LRG2_max_sCs6p8
5166,103.06305690459833,4348.5149151687365,4349.61557924099,103.06305690459833,0.0,pvalloc_29nbfs_LRG2_max_sCs6p8
5167,12664.992948755364,2548.107021650375,13330.026191271363,12664.992948755364,0.0,pvalloc_29nbfs_LRG2_max_sCs6p8
5168,33070.435824782864,2920.3460523781528,33325.75000715295,33070.435824782864,0.0,pvalloc_29nbfs_LRG2_max_sCs6p8
5169,54924.10158602984,3160.42795014351,55056.387593484375,53248.28647058503,1675.8151154448205,pvalloc_29nbfs_LRG2_max_sCs6p8
5170,74953.59324851925,3061.1745180623675,75037.97822808716,67470.73592593767,7482.857322581534,pvalloc_29nbfs_LRG2_max_sCs6p8
5171,89764.89704039336,3764.98138272679,89864.90034482296,75623.97986729005,14140.917173103291,pvalloc_29nbfs_LRG2_max_sCs6p8
5172,84047.80134674639,4277.520728381331,84207.48656553803,72613.71470889325,11434.0866378532,pvalloc_29nbfs_LRG2_max_sCs6p8
5173,78332.46563335453,4585.951895841775,78547.27042862783,69380.65993604886,8951.805697305686,pvalloc_29nbfs_LRG2_max_sCs6p8
5174,88627.09055683055,4540.582135154189,88815.71143327437,74912.40241598841,13714.6881408421,pvalloc_29nbfs_LRG2_max_sCs6p8
5175,76374.77990693974,4721.904897412418,76621.69141792407,68189.55118455242,8185.22872238731,pvalloc_29nbfs_LRG2_max_sCs6p8
5176,61173.80262671089,4536.958581273707,61479.39128225647,57989.41332762841,3184.3892990824897,pvalloc_29nbfs_LRG2_max_sCs6p8
5177,41845.34963046689,4211.01147828801,42319.96190018211,41632.5295169648,212.82011350207495,pvalloc_29nbfs_LRG2_max_sCs6p8
5178,22929.61774844679,4132.282638377991,23850.18740268222,22929.61774844679,0.0,pvalloc_29nbfs_LRG2_max_sCs6p8
5179,9386.518644169884,4312.283460790717,11204.279276688003,9386.518644169884,0.0,pvalloc_29nbfs_LRG2_max_sCs6p8
5180,20.12885218800662,9583.492709115948,9583.649670507371,20.12885218800662,0.0,pvalloc_29nbfs_LRG2_max_sCs6p8
5181,0.0,17958.547144614713,17958.547144614713,0.0,0.0,pvalloc_29nbfs_LRG2_max_sCs6p8
5182,0.0,15508.10589408956,15508.10589408956,0.0,0.0,pvalloc_29nbfs_LRG2_max_sCs6p8
5183,0.0,14273.897403473247,14273.897403473247,0.0,0.0,pvalloc_29nbfs_LRG2_max_sCs6p8
5184,0.0,13200.332246555769,13200.332246555769,0.0,0.0,pvalloc_29nbfs_LRG2_max_sCs6p8
5185,0.0,9638.325646422076,9638.325646422076,0.0,0.0,pvalloc_29nbfs_LRG2_max_sCs6p8
5186,0.0,8321.584507793394,8321.584507793394,0.0,0.0,pvalloc_29nbfs_LRG2_max_sCs6p8
5187,0.0,7169.817360127393,7169.817360127393,0.0,0.0,pvalloc_29nbfs_LRG2_max_sCs6p8
5188,0.0,7079.928698781938,7079.928698781938,0.0,0.0,pvalloc_29nbfs_LRG2_max_sCs6p8
5189,0.0,6529.334832922408,6529.334832922408,0.0,0.0,pvalloc_29nbfs_LRG2_max_sCs6p8
5190,43.77060094437677,4767.902381239299,4768.398763435062,43.77060094437677,0.0,pvalloc_29nbfs_LRG2_max_sCs6p8
5191,10379.643582051107,2502.21957940824,11129.79950559339,10379.643582051107,0.0,pvalloc_29nbfs_LRG2_max_sCs6p8
5192,27615.59512932035,2856.9898242442473,27937.647719142795,27615.59512932035,0.0,pvalloc_29nbfs_LRG2_max_sCs6p8
5193,49200.24525051205,3114.781846941399,49355.23022442962,48461.68207257018,738.5631779418641,pvalloc_29nbfs_LRG2_max_sCs6p8
5194,62327.699270752615,3395.63020260158,62461.93401447132,58969.227586479166,3358.4716842734415,pvalloc_29nbfs_LRG2_max_sCs6p8
5195,70885.70488904548,4074.3163837471434,71054.58979087738,64940.090225123226,5945.614663922175,pvalloc_29nbfs_LRG2_max_sCs6p8
5196,68358.88218061085,5045.480137379672,68695.84837088789,63288.440188408604,5070.441992202198,pvalloc_29nbfs_LRG2_max_sCs6p8
5197,72590.33443363325,4919.249376650327,72865.70870716183,65922.0712892893,6668.263144343944,pvalloc_29nbfs_LRG2_max_sCs6p8
5198,71340.35935500432,5430.985756601233,71711.30018030794,65109.484776841586,6230.874578162648,pvalloc_29nbfs_LRG2_max_sCs6p8
5199,70449.22210728255,4903.297134169033,70748.2465650107,64496.426694004804,5952.795413277689,pvalloc_29nbfs_LRG2_max_sCs6p8
5200,42359.830599274006,3815.0460923322325,42730.66764634063,42126.40154027674,233.42905899725662,pvalloc_29nbfs_LRG2_max_sCs6p8
5201,27219.31163335646,3804.9670194315117,27866.32319457776,27219.31163335646,0.0,pvalloc_29nbfs_LRG2_max_sCs6p8
5202,13101.778218758454,4327.6344053435705,14763.147693715417,13101.778218758454,0.0,pvalloc_29nbfs_LRG2_max_sCs6p8
5203,8222.75972030461,4806.234199746847,10541.693090143119,8222.75972030461,0.0,pvalloc_29nbfs_LRG2_max_sCs6p8
5204,0.0,15090.462660497056,15090.462660497056,0.0,0.0,pvalloc_29nbfs_LRG2_max_sCs6p8
5205,0.0,15791.348827533153,15791.348827533153,0.0,0.0,pvalloc_29nbfs_LRG2_max_sCs6p8
5206,0.0,15247.755727980579,15247.755727980579,0.0,0.0,pvalloc_29nbfs_LRG2_max_sCs6p8
5207,0.0,15008.225250668323,15008.225250668323,0.0,0.0,pvalloc_29nbfs_LRG2_max_sCs6p8
5208,0.0,12069.433844123945,12069.433844123945,0.0,0.0,pvalloc_29nbfs_LRG2_max_sCs6p8
5209,0.0,11145.876780548273,11145.876780548273,0.0,0.0,pvalloc_29nbfs_LRG2_max_sCs6p8
5210,0.0,8940.899584908117,8940.899584908117,0.0,0.0,pvalloc_29nbfs_LRG2_max_sCs6p8
5211,0.0,7874.895807358424,7874.895807358424,0.0,0.0,pvalloc_29nbfs_LRG2_max_sCs6p8
5212,0.0,7043.644556647981,7043.644556647981,0.0,0.0,pvalloc_29nbfs_LRG2_max_sCs6p8
5213,0.0,7125.558647681808,7125.558647681808,0.0,0.0,pvalloc_29nbfs_LRG2_max_sCs6p8
5214,3.6114199996371763,5733.899550108124,5733.971233403937,3.6114199996371763,0.0,pvalloc_29nbfs_LRG2_max_sCs6p8
5215,1654.624852451227,3023.399961544502,3676.499124466478,1654.624852451227,0.0,pvalloc_29nbfs_LRG2_max_sCs6p8
5216,6113.069081685274,2945.2029564994737,7460.176518833603,6113.069081685274,0.0,pvalloc_29nbfs_LRG2_max_sCs6p8
5217,12207.258204405136,3187.812413247969,13276.828836670908,12207.258204405136,0.0,pvalloc_29nbfs_LRG2_max_sCs6p8
5218,23896.965568990556,3307.4089190452546,24457.07704321392,23896.965568990556,0.0,pvalloc_29nbfs_LRG2_max_sCs6p8
5219,28435.91783541063,3945.977974056731,29104.3022783987,28435.91783541063,0.0,pvalloc_29nbfs_LRG2_max_sCs6p8
5220,21057.77947319321,5082.723901361532,22721.617690546445,21057.77947319321,0.0,pvalloc_29nbfs_LRG2_max_sCs6p8
5221,45703.9235586001,4532.316330220248,46210.179862420795,45248.745388909025,455.17816969106985,pvalloc_29nbfs_LRG2_max_sCs6p8
5222,60424.43144966505,4698.695375006715,60779.42671450288,57384.67534302757,3039.7561066374897,pvalloc_29nbfs_LRG2_max_sCs6p8
5223,47450.9966662993,4724.601124375608,47969.333277172875,46833.59129754261,617.4053687566965,pvalloc_29nbfs_LRG2_max_sCs6p8
5224,47808.287917064896,4121.248395254566,48175.092969766614,47167.36825109219,640.9196659726949,pvalloc_29nbfs_LRG2_max_sCs6p8
5225,35805.82583525765,4199.549970806263,36380.94891736295,35737.5140975522,68.31173770544848,pvalloc_29nbfs_LRG2_max_sCs6p8
5226,24960.699766022313,4094.347750604214,25780.80623567378,24960.699766022313,0.0,pvalloc_29nbfs_LRG2_max_sCs6p8
5227,10273.051273992465,4773.742855619262,12375.566100188553,10273.051273992465,0.0,pvalloc_29nbfs_LRG2_max_sCs6p8
5228,0.24485689228101298,12343.140021910602,12343.140021910602,0.24485689228101298,0.0,pvalloc_29nbfs_LRG2_max_sCs6p8
5229,0.0,17463.787611216965,17463.787611216965,0.0,0.0,pvalloc_29nbfs_LRG2_max_sCs6p8
5230,0.0,16776.24576513662,16776.24576513662,0.0,0.0,pvalloc_29nbfs_LRG2_max_sCs6p8
5231,0.0,13863.094861205218,13863.094861205218,0.0,0.0,pvalloc_29nbfs_LRG2_max_sCs6p8
5232,0.0,12379.083196074876,12379.083196074876,0.0,0.0,pvalloc_29nbfs_LRG2_max_sCs6p8
5233,0.0,10840.796451126309,10840.796451126309,0.0,0.0,pvalloc_29nbfs_LRG2_max_sCs6p8
5234,0.0,8839.193140860432,8839.193140860432,0.0,0.0,pvalloc_29nbfs_LRG2_max_sCs6p8
5235,0.0,7691.549078353807,7691.549078353807,0.0,0.0,pvalloc_29nbfs_LRG2_max_sCs6p8
5236,0.0,6881.188714069509,6881.188714069509,0.0,0.0,pvalloc_29nbfs_LRG2_max_sCs6p8
5237,0.0,7020.828203404439,7020.828203404439,0.0,0.0,pvalloc_29nbfs_LRG2_max_sCs6p8
5238,66.5231505746988,4740.605062215981,4741.289425033181,66.5231505746988,0.0,pvalloc_29nbfs_LRG2_max_sCs6p8
5239,11464.075074517186,2608.5475522770566,12195.187168589795,11464.075074517186,0.0,pvalloc_29nbfs_LRG2_max_sCs6p8
5240,24410.453932445667,2926.80034950039,24814.98714439407,24410.453932445667,0.0,pvalloc_29nbfs_LRG2_max_sCs6p8
5241,48310.51205523347,3153.0013742233314,48475.96737728173,47676.347425270695,634.1646299627761,pvalloc_29nbfs_LRG2_max_sCs6p8
5242,62269.410472313146,3597.429384920324,62422.65729897001,58924.25642673575,3345.1540455773775,pvalloc_29nbfs_LRG2_max_sCs6p8
5243,68825.51896927404,3909.5264428483797,68991.92081234792,63528.87105913773,5296.64791013632,pvalloc_29nbfs_LRG2_max_sCs6p8
5244,56487.53515082044,4417.742615013537,56803.85660024463,54429.46160747347,2058.073543346947,pvalloc_29nbfs_LRG2_max_sCs6p8
5245,54918.51173713663,4932.270239343676,55368.13048547397,53140.2908787828,1778.2208583538277,pvalloc_29nbfs_LRG2_max_sCs6p8
5246,51257.56629670398,4986.505918754786,51805.24024888727,50050.38490648147,1207.181390222525,pvalloc_29nbfs_LRG2_max_sCs6p8
5247,51001.504488176826,4681.045520196617,51476.51284496667,49849.26534856555,1152.239139611282,pvalloc_29nbfs_LRG2_max_sCs6p8
5248,43376.56921741281,4129.340833486844,43833.0722110616,43078.99941849194,297.5697989208791,pvalloc_29nbfs_LRG2_max_sCs6p8
5249,35408.05330565272,4003.7049407751065,35942.704531615476,35346.52312717761,61.530178475114724,pvalloc_29nbfs_LRG2_max_sCs6p8
5250,18128.73437395628,4538.755014521934,19495.341541785296,18128.73437395628,0.0,pvalloc_29nbfs_LRG2_max_sCs6p8
5251,8336.253289042425,5133.321600625255,10856.244016515277,8336.253289042425,0.0,pvalloc_29nbfs_LRG2_max_sCs6p8
5252,0.0,18999.791353488374,18999.791353488374,0.0,0.0,pvalloc_29nbfs_LRG2_max_sCs6p8
5253,0.0,19290.580116971654,19290.580116971654,0.0,0.0,pvalloc_29nbfs_LRG2_max_sCs6p8
5254,0.0,16835.26838147422,16835.26838147422,0.0,0.0,pvalloc_29nbfs_LRG2_max_sCs6p8
5255,0.0,14924.78827852718,14924.78827852718,0.0,0.0,pvalloc_29nbfs_LRG2_max_sCs6p8
5256,0.0,13381.168060104113,13381.168060104113,0.0,0.0,pvalloc_29nbfs_LRG2_max_sCs6p8
5257,0.0,10539.960012448035,10539.960012448035,0.0,0.0,pvalloc_29nbfs_LRG2_max_sCs6p8
5258,0.0,8429.066249258416,8429.066249258416,0.0,0.0,pvalloc_29nbfs_LRG2_max_sCs6p8
5259,0.0,7662.686930720702,7662.686930720702,0.0,0.0,pvalloc_29nbfs_LRG2_max_sCs6p8
5260,0.0,6987.569716052491,6987.569716052491,0.0,0.0,pvalloc_29nbfs_LRG2_max_sCs6p8
5261,0.0,6946.060646242223,6946.060646242223,0.0,0.0,pvalloc_29nbfs_LRG2_max_sCs6p8
5262,58.77414966362198,4987.185414355002,4987.808483282147,58.77414966362198,0.0,pvalloc_29nbfs_LRG2_max_sCs6p8
5263,12692.727380332979,2562.7999243101317,13331.391627817671,12692.727380332979,0.0,pvalloc_29nbfs_LRG2_max_sCs6p8
5264,33512.54664536056,2855.923357984155,33748.36969744348,33508.62912168701,3.91752367356014,pvalloc_29nbfs_LRG2_max_sCs6p8
5265,56209.796178450495,2947.0176030192715,56322.53227848472,54286.041878161814,1923.7543002886714,pvalloc_29nbfs_LRG2_max_sCs6p8
5266,75240.25240488544,3724.180725600381,75357.26139392924,67686.55219216613,7553.700212719369,pvalloc_29nbfs_LRG2_max_sCs6p8
5267,88845.10263389852,4799.89119405418,89015.56651367767,75243.63943395161,13601.463199946907,pvalloc_29nbfs_LRG2_max_sCs6p8
5268,86138.43749189333,5847.823697744466,86472.57142792681,73825.26241288593,12313.175079007353,pvalloc_29nbfs_LRG2_max_sCs6p8
5269,91036.0929929517,5814.373056847966,91325.87890507291,76244.73405380882,14791.35893914287,pvalloc_29nbfs_LRG2_max_sCs6p8
5270,91521.13938752442,5228.389878327344,91790.68459256525,76221.88026782712,15299.259119697344,pvalloc_29nbfs_LRG2_max_sCs6p8
5271,83063.04076402313,5019.988409802839,83325.0467029474,71934.75640810624,11128.2843559169,pvalloc_29nbfs_LRG2_max_sCs6p8
5272,69204.34637887322,4778.319442898873,69492.08728834798,63670.16680957712,5534.179569295967,pvalloc_29nbfs_LRG2_max_sCs6p8
5273,52134.679818170196,4342.688132370841,52510.06831855782,50817.96034801646,1316.7194701537273,pvalloc_29nbfs_LRG2_max_sCs6p8
5274,31269.186752786907,4443.012834285643,32033.33788319229,31269.186752786907,0.0,pvalloc_29nbfs_LRG2_max_sCs6p8
5275,12677.860008555781,4708.975906061896,14451.057310687274,12677.860008555781,0.0,pvalloc_29nbfs_LRG2_max_sCs6p8
5276,0.001144878417680309,16107.613846584281,16107.613846584281,0.001144878417680309,0.0,pvalloc_29nbfs_LRG2_max_sCs6p8
5277,0.0,16661.54003587522,16661.54003587522,0.0,0.0,pvalloc_29nbfs_LRG2_max_sCs6p8
5278,0.0,16071.87963882066,16071.87963882066,0.0,0.0,pvalloc_29nbfs_LRG2_max_sCs6p8
5279,0.0,16513.61501158644,16513.61501158644,0.0,0.0,pvalloc_29nbfs_LRG2_max_sCs6p8
5280,0.0,14223.402737580198,14223.402737580198,0.0,0.0,pvalloc_29nbfs_LRG2_max_sCs6p8
5281,0.0,10189.901163932847,10189.901163932847,0.0,0.0,pvalloc_29nbfs_LRG2_max_sCs6p8
5282,0.0,9219.908618123189,9219.908618123189,0.0,0.0,pvalloc_29nbfs_LRG2_max_sCs6p8
5283,0.0,8077.212368111326,8077.212368111326,0.0,0.0,pvalloc_29nbfs_LRG2_max_sCs6p8
5284,0.0,7416.388772703774,7416.388772703774,0.0,0.0,pvalloc_29nbfs_LRG2_max_sCs6p8
5285,0.0,7104.393955178768,7104.393955178768,0.0,0.0,pvalloc_29nbfs_LRG2_max_sCs6p8
5286,19.59757862188574,5505.136660995314,5505.399189729948,19.59757862188574,0.0,pvalloc_29nbfs_LRG2_max_sCs6p8
5287,11802.11247884953,2604.3799552859473,12508.779261729056,11802.11247884953,0.0,pvalloc_29nbfs_LRG2_max_sCs6p8
5288,33679.01205675766,2762.6363768464144,33894.62887810142,33672.76172389314,6.250332864517475,pvalloc_29nbfs_LRG2_max_sCs6p8
5289,55896.84169539676,2764.8186869501424,55998.013804396964,54032.66041574026,1864.1812796564977,pvalloc_29nbfs_LRG2_max_sCs6p8
5290,74197.62417657711,3621.1934035451072,74307.83605710047,67059.97682158915,7137.647354987961,pvalloc_29nbfs_LRG2_max_sCs6p8
5291,90233.405827765,4049.624798751081,90355.9330969781,75845.60528427888,14387.800543486139,pvalloc_29nbfs_LRG2_max_sCs6p8
5292,85631.36035787652,5618.68796144772,85933.06705747993,73561.51631973212,12069.84403814444,pvalloc_29nbfs_LRG2_max_sCs6p8
5293,91385.15395822456,5532.553255791079,91645.0401550224,76308.90678316964,15076.247175054923,pvalloc_29nbfs_LRG2_max_sCs6p8
5294,86763.69884817378,6652.282723875883,87219.49519150377,73914.54388065246,12849.154967521312,pvalloc_29nbfs_LRG2_max_sCs6p8
5295,80022.77688704792,6058.202216228882,80445.15312525514,70232.6846923767,9790.09219467128,pvalloc_29nbfs_LRG2_max_sCs6p8
5296,65456.99638899544,6116.163574127215,66044.96316437083,61113.871381545396,4343.12500745004,pvalloc_29nbfs_LRG2_max_sCs6p8
5297,49705.851499642806,5439.057345415636,50396.86268928627,48732.5528595227,973.2986401201013,pvalloc_29nbfs_LRG2_max_sCs6p8
5298,29315.026701841474,5432.796138110805,30519.38285781321,29315.026701841474,0.0,pvalloc_29nbfs_LRG2_max_sCs6p8
5299,8811.035163805467,6467.661082323221,12181.972752113643,8811.035163805467,0.0,pvalloc_29nbfs_LRG2_max_sCs6p8
5300,0.006800150706788702,16914.610374663505,16914.610374663505,0.006800150706788702,0.0,pvalloc_29nbfs_LRG2_max_sCs6p8
5301,0.0,19664.8737674663,19664.8737674663,0.0,0.0,pvalloc_29nbfs_LRG2_max_sCs6p8
5302,0.0,21717.297616531436,21717.297616531436,0.0,0.0,pvalloc_29nbfs_LRG2_max_sCs6p8
5303,0.0,17214.825474050005,17214.825474050005,0.0,0.0,pvalloc_29nbfs_LRG2_max_sCs6p8
5304,0.0,12578.207549128692,12578.207549128692,0.0,0.0,pvalloc_29nbfs_LRG2_max_sCs6p8
5305,0.0,10294.109997870488,10294.109997870488,0.0,0.0,pvalloc_29nbfs_LRG2_max_sCs6p8
5306,0.0,8325.709247505114,8325.709247505114,0.0,0.0,pvalloc_29nbfs_LRG2_max_sCs6p8
5307,0.0,7293.515981600714,7293.515981600714,0.0,0.0,pvalloc_29nbfs_LRG2_max_sCs6p8
5308,0.0,6735.774478834689,6735.774478834689,0.0,0.0,pvalloc_29nbfs_LRG2_max_sCs6p8
5309,0.0,6710.483943585053,6710.483943585053,0.0,0.0,pvalloc_29nbfs_LRG2_max_sCs6p8
5310,30.288361980515987,4984.62785286478,4985.0129783054535,30.288361980515987,0.0,pvalloc_29nbfs_LRG2_max_sCs6p8
5311,11754.163809333453,2510.391476639773,12421.503807651623,11754.163809333453,0.0,pvalloc_29nbfs_LRG2_max_sCs6p8
5312,32876.15291105582,2874.191419190469,33124.66313932903,32876.15291105582,0.0,pvalloc_29nbfs_LRG2_max_sCs6p8
5313,54826.25013996795,3219.6083908883197,54966.9338313969,53159.347876829066,1666.902263138888,pvalloc_29nbfs_LRG2_max_sCs6p8
5314,74972.44622249472,3688.513427694864,75098.60919108165,67489.51279986162,7482.933422633023,pvalloc_29nbfs_LRG2_max_sCs6p8
5315,91208.76746188603,3849.5490257300494,91321.43019609073,76301.3420201895,14907.425441696494,pvalloc_29nbfs_LRG2_max_sCs6p8
5316,85252.5700296394,5912.74140435089,85602.35610102436,73344.1063680033,11908.463661636117,pvalloc_29nbfs_LRG2_max_sCs6p8
5317,90977.70972602845,5414.898399191298,91217.76224659749,76186.33160890188,14791.378117126591,pvalloc_29nbfs_LRG2_max_sCs6p8
5318,88581.46963583757,5552.751468911757,88853.33696247848,74910.92318439878,13670.546451438811,pvalloc_29nbfs_LRG2_max_sCs6p8
5319,82035.36374764451,4916.794441733442,82268.69344914443,71436.3386643349,10599.025083309538,pvalloc_29nbfs_LRG2_max_sCs6p8
5320,67952.19028470636,4825.435749296605,68250.25753470957,62840.664425551455,5111.525859154929,pvalloc_29nbfs_LRG2_max_sCs6p8
5321,50067.63618782351,4697.238876115858,50524.695198729554,49105.06494722162,962.5712406018868,pvalloc_29nbfs_LRG2_max_sCs6p8
5322,31975.040593600505,3954.722502283086,32568.983507480018,31975.040593600505,0.0,pvalloc_29nbfs_LRG2_max_sCs6p8
5323,10839.717142933205,4741.966535882238,12906.431551180996,10839.717142933205,0.0,pvalloc_29nbfs_LRG2_max_sCs6p8
5324,0.6158641885272247,11780.00144828806,11780.00144828806,0.6158641885272247,0.0,pvalloc_29nbfs_LRG2_max_sCs6p8
5325,0.0,17798.4514230697,17798.4514230697,0.0,0.0,pvalloc_29nbfs_LRG2_max_sCs6p8
5326,0.0,19605.334016129706,19605.334016129706,0.0,0.0,pvalloc_29nbfs_LRG2_max_sCs6p8
5327,0.0,17993.3392447101,17993.3392447101,0.0,0.0,pvalloc_29nbfs_LRG2_max_sCs6p8
5328,0.0,14499.905393880888,14499.905393880888,0.0,0.0,pvalloc_29nbfs_LRG2_max_sCs6p8
5329,0.0,10706.798579119697,10706.798579119697,0.0,0.0,pvalloc_29nbfs_LRG2_max_sCs6p8
5330,0.0,8691.305275136961,8691.305275136961,0.0,0.0,pvalloc_29nbfs_LRG2_max_sCs6p8
5331,0.0,7299.838339654398,7299.838339654398,0.0,0.0,pvalloc_29nbfs_LRG2_max_sCs6p8
5332,0.0,6942.4868277889755,6942.4868277889755,0.0,0.0,pvalloc_29nbfs_LRG2_max_sCs6p8
5333,0.0,6828.1340130815815,6828.1340130815815,0.0,0.0,pvalloc_29nbfs_LRG2_max_sCs6p8
5334,10.234537740660677,5417.583463528182,5417.719054108583,10.234537740660677,0.0,pvalloc_29nbfs_LRG2_max_sCs6p8
5335,10507.933716012876,2805.7276794523495,11441.002242060955,10507.933716012876,0.0,pvalloc_29nbfs_LRG2_max_sCs6p8
5336,31594.835850070853,3234.2584163753477,31949.78687959339,31594.835850070853,0.0,pvalloc_29nbfs_LRG2_max_sCs6p8
5337,53937.22606926613,3412.452966649247,54105.79700357469,52421.09931679129,1516.1267524748496,pvalloc_29nbfs_LRG2_max_sCs6p8
5338,73888.43744378485,3725.3397949805412,74016.00820706277,66839.42181967883,7049.0156241060695,pvalloc_29nbfs_LRG2_max_sCs6p8
5339,89064.74997400437,4022.855949025854,89182.1904060883,75281.90396549723,13782.84600850708,pvalloc_29nbfs_LRG2_max_sCs6p8
5340,84378.91010549535,5739.866137209854,84727.49158802733,72969.59011118108,11409.319994314219,pvalloc_29nbfs_LRG2_max_sCs6p8
5341,88677.66917201126,5708.3125984479,88968.36929317613,75102.84970494591,13574.819467065321,pvalloc_29nbfs_LRG2_max_sCs6p8
5342,85489.6104816041,6552.191424627519,85947.1333210968,73438.23234956877,12051.378132035336,pvalloc_29nbfs_LRG2_max_sCs6p8
5343,80367.89480058626,5458.920982125164,80677.98095661728,70492.25570819697,9875.639092389214,pvalloc_29nbfs_LRG2_max_sCs6p8
5344,68398.34755323776,4524.157448710912,68656.25884179454,63132.5571730149,5265.790380222828,pvalloc_29nbfs_LRG2_max_sCs6p8
5345,48975.48712101777,4481.25402581536,49397.76346290308,48184.097355922124,791.3897650956325,pvalloc_29nbfs_LRG2_max_sCs6p8
5346,29297.271863870228,4463.9137644039365,30124.502802805135,29297.271863870228,0.0,pvalloc_29nbfs_LRG2_max_sCs6p8
5347,7445.8152717398025,6365.065919129612,10948.962910800703,7445.8152717398025,0.0,pvalloc_29nbfs_LRG2_max_sCs6p8
5348,0.0,15989.303215837635,15989.303215837635,0.0,0.0,pvalloc_29nbfs_LRG2_max_sCs6p8
5349,0.0,16826.71504393423,16826.71504393423,0.0,0.0,pvalloc_29nbfs_LRG2_max_sCs6p8
5350,0.0,17455.218388780384,17455.218388780384,0.0,0.0,pvalloc_29nbfs_LRG2_max_sCs6p8
5351,0.0,17312.601875985758,17312.601875985758,0.0,0.0,pvalloc_29nbfs_LRG2_max_sCs6p8
5352,0.0,14414.143741518077,14414.143741518077,0.0,0.0,pvalloc_29nbfs_LRG2_max_sCs6p8
5353,0.0,9954.17201230051,9954.17201230051,0.0,0.0,pvalloc_29nbfs_LRG2_max_sCs6p8
5354,0.0,8448.30823253127,8448.30823253127,0.0,0.0,pvalloc_29nbfs_LRG2_max_sCs6p8
5355,0.0,7461.470557932397,7461.470557932397,0.0,0.0,pvalloc_29nbfs_LRG2_max_sCs6p8
5356,0.0,6904.553782501743,6904.553782501743,0.0,0.0,pvalloc_29nbfs_LRG2_max_sCs6p8
5357,0.0,6785.528064411384,6785.528064411384,0.0,0.0,pvalloc_29nbfs_LRG2_max_sCs6p8
5358,16.185624103185038,5397.8509538337175,5398.080917709875,16.185624103185038,0.0,pvalloc_29nbfs_LRG2_max_sCs6p8
5359,10624.875063543832,2700.298911205007,11467.180282769512,10624.875063543832,0.0,pvalloc_29nbfs_LRG2_max_sCs6p8
5360,31821.921218431246,3036.40896048142,32122.47623586627,31821.921218431246,0.0,pvalloc_29nbfs_LRG2_max_sCs6p8
5361,51638.64628921108,4021.355996766954,51942.47419644023,50513.697478384776,1124.948810826316,pvalloc_29nbfs_LRG2_max_sCs6p8
5362,72726.38242812989,4119.283662091849,72890.5822524553,66139.22404161049,6587.158386519459,pvalloc_29nbfs_LRG2_max_sCs6p8
5363,86952.0237457325,4994.413148930265,87160.56011755118,74318.5057020862,12633.518043646236,pvalloc_29nbfs_LRG2_max_sCs6p8
5364,84907.04407266127,5829.299955704658,85268.16033253996,73253.94658668559,11653.097485975642,pvalloc_29nbfs_LRG2_max_sCs6p8
5365,87861.10769356784,6393.657561636473,88294.57897841057,74773.08554809731,13088.022145470477,pvalloc_29nbfs_LRG2_max_sCs6p8
5366,90093.0472617457,5273.29986230678,90331.03657182213,75676.88048364874,14416.16677809695,pvalloc_29nbfs_LRG2_max_sCs6p8
5367,81549.52933959823,4898.2662445949545,81776.297706901,71196.14399524496,10353.385344353266,pvalloc_29nbfs_LRG2_max_sCs6p8
5368,67799.29279740437,4601.101082774658,68055.98101658656,62803.268426285984,4996.024371118347,pvalloc_29nbfs_LRG2_max_sCs6p8
5369,48938.81094953448,4696.5230964192815,49401.9593201845,48176.54929288526,762.2616566492229,pvalloc_29nbfs_LRG2_max_sCs6p8
5370,28015.34533489841,4838.620678600682,29082.257327446903,28015.34533489841,0.0,pvalloc_29nbfs_LRG2_max_sCs6p8
5371,9369.800152220521,5175.796305366134,11830.268098991735,9369.800152220521,0.0,pvalloc_29nbfs_LRG2_max_sCs6p8
5372,0.0,16855.432426069,16855.432426069,0.0,0.0,pvalloc_29nbfs_LRG2_max_sCs6p8
5373,0.0,17345.89249504484,17345.89249504484,0.0,0.0,pvalloc_29nbfs_LRG2_max_sCs6p8
5374,0.0,16579.52219038973,16579.52219038973,0.0,0.0,pvalloc_29nbfs_LRG2_max_sCs6p8
5375,0.0,15251.446364993697,15251.446364993697,0.0,0.0,pvalloc_29nbfs_LRG2_max_sCs6p8
5376,0.0,13188.262672566276,13188.262672566276,0.0,0.0,pvalloc_29nbfs_LRG2_max_sCs6p8
5377,0.0,11323.92566649367,11323.92566649367,0.0,0.0,pvalloc_29nbfs_LRG2_max_sCs6p8
5378,0.0,9734.491596408214,9734.491596408214,0.0,0.0,pvalloc_29nbfs_LRG2_max_sCs6p8
5379,0.0,8493.11069650855,8493.11069650855,0.0,0.0,pvalloc_29nbfs_LRG2_max_sCs6p8
5380,0.0,7434.25510738279,7434.25510738279,0.0,0.0,pvalloc_29nbfs_LRG2_max_sCs6p8
5381,0.0,7087.350693282779,7087.350693282779,0.0,0.0,pvalloc_29nbfs_LRG2_max_sCs6p8
5382,6.517592995073649,5749.21977694815,5749.319167757991,6.517592995073649,0.0,pvalloc_29nbfs_LRG2_max_sCs6p8
5383,10255.797266140471,2774.432679091851,11159.998401976822,10255.797266140471,0.0,pvalloc_29nbfs_LRG2_max_sCs6p8
5384,32076.333280288858,2885.4651868706756,32344.056598681822,32076.333280288858,0.0,pvalloc_29nbfs_LRG2_max_sCs6p8
5385,54210.85178460322,3220.8269011536877,54356.45726546906,52641.84386397487,1569.0079206283453,pvalloc_29nbfs_LRG2_max_sCs6p8
5386,72818.068316653,3904.9672035988597,72957.85445064706,66188.58003427643,6629.488282376681,pvalloc_29nbfs_LRG2_max_sCs6p8
5387,88435.88553953104,4434.517889888836,88583.85246159454,74966.75108191068,13469.134457620377,pvalloc_29nbfs_LRG2_max_sCs6p8
5388,85527.8690966362,5516.58276710818,85812.63542157198,73492.17191494984,12035.697181686364,pvalloc_29nbfs_LRG2_max_sCs6p8
5389,89262.37252355044,5835.246990850176,89564.95524871231,75344.10742186735,13918.265101683128,pvalloc_29nbfs_LRG2_max_sCs6p8
5390,85628.85079575983,6239.483084536436,86017.90064962913,73455.18872016833,12173.662075591506,pvalloc_29nbfs_LRG2_max_sCs6p8
5391,78831.45928478161,5603.673912509947,79168.08216934613,69676.94392364596,9154.515361135673,pvalloc_29nbfs_LRG2_max_sCs6p8
5392,64789.186332482896,5314.259007873459,65197.66299045444,60742.922648258274,4046.263684224635,pvalloc_29nbfs_LRG2_max_sCs6p8
5393,46006.56940549502,5337.97488922127,46718.110835087806,45561.49289448377,445.0765110112567,pvalloc_29nbfs_LRG2_max_sCs6p8
5394,27037.428214958127,4953.890353601167,28203.325014885908,27037.428214958127,0.0,pvalloc_29nbfs_LRG2_max_sCs6p8
5395,6322.759582887521,7004.414085045992,10431.511964138628,6322.759582887521,0.0,pvalloc_29nbfs_LRG2_max_sCs6p8
5396,0.0,17145.53366735956,17145.53366735956,0.0,0.0,pvalloc_29nbfs_LRG2_max_sCs6p8
5397,0.0,18592.212130355496,18592.212130355496,0.0,0.0,pvalloc_29nbfs_LRG2_max_sCs6p8
5398,0.0,17959.2808656008,17959.2808656008,0.0,0.0,pvalloc_29nbfs_LRG2_max_sCs6p8
5399,0.0,15321.147510146637,15321.147510146637,0.0,0.0,pvalloc_29nbfs_LRG2_max_sCs6p8
5400,0.0,13722.161589340783,13722.161589340783,0.0,0.0,pvalloc_29nbfs_LRG2_max_sCs6p8
5401,0.0,10430.229263731497,10430.229263731497,0.0,0.0,pvalloc_29nbfs_LRG2_max_sCs6p8
5402,0.0,8829.571873465273,8829.571873465273,0.0,0.0,pvalloc_29nbfs_LRG2_max_sCs6p8
5403,0.0,7657.188196967485,7657.188196967485,0.0,0.0,pvalloc_29nbfs_LRG2_max_sCs6p8
5404,0.0,7455.696363549953,7455.696363549953,0.0,0.0,pvalloc_29nbfs_LRG2_max_sCs6p8
5405,0.0,7031.549107246736,7031.549107246736,0.0,0.0,pvalloc_29nbfs_LRG2_max_sCs6p8
5406,1.9991247344507341,6089.505719974938,6089.5530709674695,1.9991247344507341,0.0,pvalloc_29nbfs_LRG2_max_sCs6p8
5407,10248.59599493051,2615.8230877652763,11052.228442333299,10248.59599493051,0.0,pvalloc_29nbfs_LRG2_max_sCs6p8
5408,29311.068610601214,3028.8959822864135,29650.103570180825,29311.068610601214,0.0,pvalloc_29nbfs_LRG2_max_sCs6p8
5409,48773.61524171461,3991.155613609266,49090.48332622405,48078.932927104215,694.6823146103902,pvalloc_29nbfs_LRG2_max_sCs6p8
5410,67059.35856163497,3842.5907988668373,67221.26195832764,62355.236566632826,4704.121995002045,pvalloc_29nbfs_LRG2_max_sCs6p8
5411,74861.05192284836,4142.077901452241,75032.99448443713,67363.19972502512,7497.852197823197,pvalloc_29nbfs_LRG2_max_sCs6p8
5412,63317.9543848965,5462.248967367671,63798.00254802498,59689.63113985241,3628.3232450440887,pvalloc_29nbfs_LRG2_max_sCs6p8
5413,62784.60024404797,6093.536497442052,63415.02978504123,59242.14399606547,3542.456247982504,pvalloc_29nbfs_LRG2_max_sCs6p8
5414,57286.76799819248,6035.222471724784,58010.12617799344,54913.67541634711,2373.092581845362,pvalloc_29nbfs_LRG2_max_sCs6p8
5415,46215.12688671675,5488.195110813743,46974.21733965569,45702.41840194326,512.7084847734886,pvalloc_29nbfs_LRG2_max_sCs6p8
5416,34376.39310105418,5014.3863413367235,35266.87776760406,34326.739647619586,49.65345343459171,pvalloc_29nbfs_LRG2_max_sCs6p8
5417,27445.24190276045,4820.376655543135,28498.26385626907,27445.24190276045,0.0,pvalloc_29nbfs_LRG2_max_sCs6p8
5418,11361.870402659264,5233.965680051632,13695.225876934854,11361.870402659264,0.0,pvalloc_29nbfs_LRG2_max_sCs6p8
5419,2517.557056890283,6574.27951575607,7235.854961358215,2517.557056890283,0.0,pvalloc_29nbfs_LRG2_max_sCs6p8
5420,0.0,14157.129203575763,14157.129203575763,0.0,0.0,pvalloc_29nbfs_LRG2_max_sCs6p8
5421,0.0,16175.317955120869,16175.317955120869,0.0,0.0,pvalloc_29nbfs_LRG2_max_sCs6p8
5422,0.0,16617.529616008727,16617.529616008727,0.0,0.0,pvalloc_29nbfs_LRG2_max_sCs6p8
5423,0.0,15583.466132818583,15583.466132818583,0.0,0.0,pvalloc_29nbfs_LRG2_max_sCs6p8
5424,0.0,13573.678772779584,13573.678772779584,0.0,0.0,pvalloc_29nbfs_LRG2_max_sCs6p8
4920,0.0,11113.463869085279,11113.463869085279,0.0,0.0,pvalloc_29nbfs_LRG2_rnd
4921,0.0,10737.831728562103,10737.831728562103,0.0,0.0,pvalloc_29nbfs_LRG2_rnd
4922,0.0,10105.311448681487,10105.311448681487,0.0,0.0,pvalloc_29nbfs_LRG2_rnd
4923,0.0,8120.094880445638,8120.094880445638,0.0,0.0,pvalloc_29nbfs_LRG2_rnd
4924,0.0,7251.733657230993,7251.733657230993,0.0,0.0,pvalloc_29nbfs_LRG2_rnd
4925,0.0,6971.075169345189,6971.075169345189,0.0,0.0,pvalloc_29nbfs_LRG2_rnd
4926,823.4141817408092,3596.1315851669974,3690.769782820174,823.4141817408092,0.0,pvalloc_29nbfs_LRG2_rnd
4927,15760.971492262595,2536.038864128769,16268.81376822842,15760.971492262595,0.0,pvalloc_29nbfs_LRG2_rnd
4928,35993.54619707962,2697.6738706924925,36179.2971848241,35926.86880435535,66.67739272427508,pvalloc_29nbfs_LRG2_rnd
4929,55367.060482226334,3337.713398370922,55523.6174441341,53599.35350158683,1767.7069806395057,pvalloc_29nbfs_LRG2_rnd
4930,74389.01451142154,3562.601267945225,74502.38993220088,67093.17088599152,7295.843625430004,pvalloc_29nbfs_LRG2_rnd
4931,89315.77970783215,4071.960106704577,89444.18607805886,75341.54409916999,13974.235608662124,pvalloc_29nbfs_LRG2_rnd
4932,74219.49811610248,5133.236144988753,74527.73298005678,66956.92701629127,7262.571099811105,pvalloc_29nbfs_LRG2_rnd
4933,61765.773779653995,6642.072545989079,62613.8572781069,58530.36682216856,3235.406957485449,pvalloc_29nbfs_LRG2_rnd
4934,58390.69860677169,5487.491748121102,58934.97796829424,55847.528278348924,2543.1703284227738,pvalloc_29nbfs_LRG2_rnd
4935,50979.706637199866,5066.559422803236,51547.695198997426,49810.21358880021,1169.49304839966,pvalloc_29nbfs_LRG2_rnd
4936,50363.30268354199,4815.292352995168,50877.59319970821,49303.59217513039,1059.7105084116051,pvalloc_29nbfs_LRG2_rnd
4937,34084.83846712176,4266.855584393733,34734.92094088583,34042.643415133316,42.19505198844092,pvalloc_29nbfs_LRG2_rnd
4938,16343.273021706395,3926.036283671991,17455.321895234727,16343.273021706395,0.0,pvalloc_29nbfs_LRG2_rnd
4939,7178.956286598257,5151.472009871417,9872.949659319178,7178.956286598257,0.0,pvalloc_29nbfs_LRG2_rnd
4940,296.08955337216725,8837.517034232316,8840.964400705485,296.08955337216725,0.0,pvalloc_29nbfs_LRG2_rnd
4941,0.0,12714.325160437362,12714.325160437362,0.0,0.0,pvalloc_29nbfs_LRG2_rnd
4942,0.0,13844.117670126652,13844.117670126652,0.0,0.0,pvalloc_29nbfs_LRG2_rnd
4943,0.0,13190.081500942473,13190.081500942473,0.0,0.0,pvalloc_29nbfs_LRG2_rnd
4944,0.0,15734.473543662869,15734.473543662869,0.0,0.0,pvalloc_29nbfs_LRG2_rnd
4945,0.0,11843.652935827871,11843.652935827871,0.0,0.0,pvalloc_29nbfs_LRG2_rnd
4946,0.0,9148.163406638314,9148.163406638314,0.0,0.0,pvalloc_29nbfs_LRG2_rnd
4947,0.0,7889.191632688864,7889.191632688864,0.0,0.0,pvalloc_29nbfs_LRG2_rnd
4948,0.0,7842.183829125385,7842.183829125385,0.0,0.0,pvalloc_29nbfs_LRG2_rnd
4949,0.0,6888.334696423668,6888.334696423668,0.0,0.0,pvalloc_29nbfs_LRG2_rnd
4950,7.631543166725176,5201.482073453511,5201.499385816465,7.631543166725176,0.0,pvalloc_29nbfs_LRG2_rnd
4951,9123.42100476654,2539.277558335158,9969.644577910674,9123.42100476654,0.0,pvalloc_29nbfs_LRG2_rnd
4952,30301.66368433352,2553.925534391742,30515.279929548415,30301.66368433352,0.0,pvalloc_29nbfs_LRG2_rnd
4953,54003.889728901224,3006.45839557919,54127.90912123826,52469.15780559849,1534.7319233027224,pvalloc_29nbfs_LRG2_rnd
4954,75422.92731181507,3368.49167279604,75518.57756031152,67725.21392742792,7697.713384387233,pvalloc_29nbfs_LRG2_rnd
4955,86705.55512832745,3615.628627456672,86812.10548386909,73958.6908516274,12746.864276700024,pvalloc_29nbfs_LRG2_rnd
4956,74735.51253294264,4604.10663653028,74961.56949761922,67275.34578158749,7460.166751355092,pvalloc_29nbfs_LRG2_rnd
4957,50050.03184376851,4867.6749082801325,50565.76152038273,49060.58351691222,989.4483268562905,pvalloc_29nbfs_LRG2_rnd
4958,60895.57788565589,5005.690871339613,61338.75527296954,57678.07818774217,3217.499697913687,pvalloc_29nbfs_LRG2_rnd
4959,48570.78162220632,5048.519351004016,49207.943693026675,47747.67703252979,823.1045896765277,pvalloc_29nbfs_LRG2_rnd
4960,44655.91217000284,4723.38880866597,45272.875677833115,44235.975970778534,419.93619922429855,pvalloc_29nbfs_LRG2_rnd
4961,35978.945748154976,4805.193509845014,36782.928384222614,35881.265291145755,97.68045700922784,pvalloc_29nbfs_LRG2_rnd
4962,19839.70067410291,4687.143384389573,21184.031155366858,19839.70067410291,0.0,pvalloc_29nbfs_LRG2_rnd
4963,9128.721076542455,6049.898614566069,12243.213469229706,9128.721076542455,0.0,pvalloc_29nbfs_LRG2_rnd
4964,3.574210132015989,11428.268511855482,11428.268511855482,3.574210132015989,0.0,pvalloc_29nbfs_LRG2_rnd
4965,0.0,21698.627529472975,21698.627529472975,0.0,0.0,pvalloc_29nbfs_LRG2_rnd
4966,0.0,15054.668580548847,15054.668580548847,0.0,0.0,pvalloc_29nbfs_LRG2_rnd
4967,0.0,14761.30043522164,14761.30043522164,0.0,0.0,pvalloc_29nbfs_LRG2_rnd
4968,0.0,12492.27995856741,12492.27995856741,0.0,0.0,pvalloc_29nbfs_LRG2_rnd
4969,0.0,10052.53214512163,10052.53214512163,0.0,0.0,pvalloc_29nbfs_LRG2_rnd
4970,0.0,8034.332061846784,8034.332061846784,0.0,0.0,pvalloc_29nbfs_LRG2_rnd
4971,0.0,7219.022230515399,7219.022230515399,0.0,0.0,pvalloc_29nbfs_LRG2_rnd
4972,0.0,6689.043790452775,6689.043790452775,0.0,0.0,pvalloc_29nbfs_LRG2_rnd
4973,0.0,6426.528200910122,6426.528200910122,0.0,0.0,pvalloc_29nbfs_LRG2_rnd
4974,161.01589792376296,3989.448872580342,3991.398620920525,161.01589792376296,0.0,pvalloc_29nbfs_LRG2_rnd
4975,10202.341737088149,2533.840205249948,10985.236251376571,10202.341737088149,0.0,pvalloc_29nbfs_LRG2_rnd
4976,3134.740862124368,2922.383078856844,4786.433747586349,3134.740862124368,0.0,pvalloc_29nbfs_LRG2_rnd
4977,18337.39671559983,3138.5667113009836,19030.304059393067,18337.39671559983,0.0,pvalloc_29nbfs_LRG2_rnd
4978,36175.59759810693,3432.3626773124697,36531.54725864609,36084.28295557563,91.31464253129718,pvalloc_29nbfs_LRG2_rnd
4979,57339.740079441865,3908.542024643915,57571.65852324485,55086.87448520833,2252.8655942335404,pvalloc_29nbfs_LRG2_rnd
4980,59622.038626105415,4677.262283593026,59969.15645889889,56854.54651969375,2767.4921064116575,pvalloc_29nbfs_LRG2_rnd
4981,62945.4864990384,5377.4569199754815,63406.09188928288,59350.7969042447,3594.689594793718,pvalloc_29nbfs_LRG2_rnd
4982,47635.49565910037,4925.856183346628,48238.98778430727,46947.96775095259,687.5279081477745,pvalloc_29nbfs_LRG2_rnd
4983,52861.17317439432,5535.155472273724,53507.099452268194,51405.904493780945,1455.2686806133663,pvalloc_29nbfs_LRG2_rnd
4984,42936.57866016122,4885.633490370802,43581.74860175064,42655.89654259619,280.68211756502734,pvalloc_29nbfs_LRG2_rnd
4985,28497.03026112393,4366.660060085624,29331.733307313567,28497.03026112393,0.0,pvalloc_29nbfs_LRG2_rnd
4986,22523.449707535798,4916.102052678991,23925.448738327792,22523.449707535798,0.0,pvalloc_29nbfs_LRG2_rnd
4987,9973.017705847906,5113.7715090653965,12424.110681035414,9973.017705847906,0.0,pvalloc_29nbfs_LRG2_rnd
4988,1.740047332392808,11602.725089812648,11602.725089812648,1.740047332392808,0.0,pvalloc_29nbfs_LRG2_rnd
4989,0.0,15306.207062822386,15306.207062822386,0.0,0.0,pvalloc_29nbfs_LRG2_rnd
4990,0.0,18487.541112237723,18487.541112237723,0.0,0.0,pvalloc_29nbfs_LRG2_rnd
4991,0.0,15678.910070087288,15678.910070087288,0.0,0.0,pvalloc_29nbfs_LRG2_rnd
4992,0.0,12457.95010585332,12457.95010585332,0.0,0.0,pvalloc_29nbfs_LRG2_rnd
4993,0.0,9566.57816566627,9566.57816566627,0.0,0.0,pvalloc_29nbfs_LRG2_rnd
4994,0.0,8172.598108657664,8172.598108657664,0.0,0.0,pvalloc_29nbfs_LRG2_rnd
4995,0.0,7275.373634775014,7275.373634775014,0.0,0.0,pvalloc_29nbfs_LRG2_rnd
4996,0.0,6657.432000184344,6657.432000184344,0.0,0.0,pvalloc_29nbfs_LRG2_rnd
4997,0.0,6227.237294939229,6227.237294939229,0.0,0.0,pvalloc_29nbfs_LRG2_rnd
4998,409.0875190982815,3581.5145426879303,3598.479789668615,409.0875190982815,0.0,pvalloc_29nbfs_LRG2_rnd
4999,14923.053449917557,2526.005560009849,15467.683612848467,14923.053449917557,0.0,pvalloc_29nbfs_LRG2_rnd
5000,33566.44411196572,2776.320491881761,33792.013293431824,33555.99036808638,10.453743879340266,pvalloc_29nbfs_LRG2_rnd
5001,52007.22652521314,3114.250820747313,52153.90048111862,50793.61696851173,1213.6095567014186,pvalloc_29nbfs_LRG2_rnd
5002,65699.74709804704,3224.935341258797,65816.05883063827,61377.18511015971,4322.561987887262,pvalloc_29nbfs_LRG2_rnd
5003,85563.82641116488,3939.99554511101,85687.97313081095,73401.714484647,12162.111926517799,pvalloc_29nbfs_LRG2_rnd
5004,83656.48096336507,4477.653714651569,83827.18040141481,72394.63234530429,11261.848618060734,pvalloc_29nbfs_LRG2_rnd
5005,90114.79911988488,4606.119819868709,90290.89997298946,75708.04523341857,14406.75388646635,pvalloc_29nbfs_LRG2_rnd
5006,83915.35574852067,4591.575677994486,84120.61789484465,72415.92451858253,11499.431229938196,pvalloc_29nbfs_LRG2_rnd
5007,70142.61226357758,4609.121132756143,70403.4373715219,64292.038667679764,5850.573595897815,pvalloc_29nbfs_LRG2_rnd
5008,55300.74698320156,4087.4296295402555,55595.35789222836,53406.14779889284,1894.5991843087268,pvalloc_29nbfs_LRG2_rnd
5009,32729.49757730121,3834.1218629350733,33277.57881752254,32721.460838478026,8.036738823183782,pvalloc_29nbfs_LRG2_rnd
5010,13738.625754502518,3957.7284531611817,15068.62883091545,13738.625754502518,0.0,pvalloc_29nbfs_LRG2_rnd
5011,2512.711544712405,6083.398453306867,6860.466481255362,2512.711544712405,0.0,pvalloc_29nbfs_LRG2_rnd
5012,0.024958675141344665,13827.341384403348,13827.341384403348,0.024958675141344665,0.0,pvalloc_29nbfs_LRG2_rnd
5013,0.0,14662.181682635239,14662.181682635239,0.0,0.0,pvalloc_29nbfs_LRG2_rnd
5014,0.0,16274.799124460178,16274.799124460178,0.0,0.0,pvalloc_29nbfs_LRG2_rnd
5015,0.0,15624.092956490871,15624.092956490871,0.0,0.0,pvalloc_29nbfs_LRG2_rnd
5016,0.0,12724.18576973016,12724.18576973016,0.0,0.0,pvalloc_29nbfs_LRG2_rnd
5017,0.0,10867.074894322574,10867.074894322574,0.0,0.0,pvalloc_29nbfs_LRG2_rnd
5018,0.0,8769.371741640622,8769.371741640622,0.0,0.0,pvalloc_29nbfs_LRG2_rnd
5019,0.0,7592.31461024244,7592.31461024244,0.0,0.0,pvalloc_29nbfs_LRG2_rnd
5020,0.0,6804.494587055006,6804.494587055006,0.0,0.0,pvalloc_29nbfs_LRG2_rnd
5021,0.0,6914.447201421454,6914.447201421454,0.0,0.0,pvalloc_29nbfs_LRG2_rnd
5022,126.50419068641263,4156.992213936364,4158.564675409851,126.50419068641263,0.0,pvalloc_29nbfs_LRG2_rnd
5023,10440.264442927823,2563.9837328425974,11233.230009097182,10440.264442927823,0.0,pvalloc_29nbfs_LRG2_rnd
5024,21691.546845541303,2749.2855133424778,22114.041039224096,21691.546845541303,0.0,pvalloc_29nbfs_LRG2_rnd
5025,18560.116748105756,3366.241578371901,19406.883559415422,18560.116748105756,0.0,pvalloc_29nbfs_LRG2_rnd
5026,30574.563756296382,3798.8224341319146,31186.913833798462,30574.563756296382,0.0,pvalloc_29nbfs_LRG2_rnd
5027,65864.24055103229,3646.276810006886,66022.33556590833,61449.51747079132,4414.72308024101,pvalloc_29nbfs_LRG2_rnd
5028,78968.90358549957,5326.200807003898,79296.36356234526,69854.37381964053,9114.529765859095,pvalloc_29nbfs_LRG2_rnd
5029,52061.730473813586,5045.130769837703,52595.53631669979,50732.51768977016,1329.212784043424,pvalloc_29nbfs_LRG2_rnd
5030,22715.596651833395,5836.508029980644,24590.601667802963,22715.596651833395,0.0,pvalloc_29nbfs_LRG2_rnd
5031,25365.541041920573,4959.471319326453,26611.69349933627,25365.541041920573,0.0,pvalloc_29nbfs_LRG2_rnd
5032,33757.73253150841,4038.846438688028,34346.06931760936,33716.335432406566,41.39709910184092,pvalloc_29nbfs_LRG2_rnd
5033,26713.021210474144,4129.1245265917305,27518.35257482368,26713.021210474144,0.0,pvalloc_29nbfs_LRG2_rnd
5034,16596.55890902689,4722.937059490085,18219.92771664278,16596.55890902689,0.0,pvalloc_29nbfs_LRG2_rnd
5035,10218.584788482296,5389.709367393655,12754.526689181439,10218.584788482296,0.0,pvalloc_29nbfs_LRG2_rnd
5036,10.550182272625213,10991.093046858598,10991.105482007755,10.550182272625213,0.0,pvalloc_29nbfs_LRG2_rnd
5037,0.0,15623.399766375918,15623.399766375918,0.0,0.0,pvalloc_29nbfs_LRG2_rnd
5038,0.0,16022.715362504952,16022.715362504952,0.0,0.0,pvalloc_29nbfs_LRG2_rnd
5039,0.0,16439.75171535185,16439.75171535185,0.0,0.0,pvalloc_29nbfs_LRG2_rnd
5040,0.0,12326.556850038325,12326.556850038325,0.0,0.0,pvalloc_29nbfs_LRG2_rnd
5041,0.0,9488.472208125191,9488.472208125191,0.0,0.0,pvalloc_29nbfs_LRG2_rnd
5042,0.0,8024.4353338224,8024.4353338224,0.0,0.0,pvalloc_29nbfs_LRG2_rnd
5043,0.0,7253.657469496068,7253.657469496068,0.0,0.0,pvalloc_29nbfs_LRG2_rnd
5044,0.0,6638.189465394041,6638.189465394041,0.0,0.0,pvalloc_29nbfs_LRG2_rnd
5045,0.0,6441.096729282572,6441.096729282572,0.0,0.0,pvalloc_29nbfs_LRG2_rnd
5046,127.05289693230903,4133.556946697014,4135.108236430582,127.05289693230903,0.0,pvalloc_29nbfs_LRG2_rnd
5047,11295.432217749983,2640.6586952754906,12116.51040692269,11295.432217749983,0.0,pvalloc_29nbfs_LRG2_rnd
5048,32387.729943806866,2959.7347420657234,32667.467641111878,32387.729943806866,0.0,pvalloc_29nbfs_LRG2_rnd
5049,53143.9433047154,3327.3258768729506,53312.74075719595,51764.30335265246,1379.6399520629386,pvalloc_29nbfs_LRG2_rnd
5050,72236.91394050255,3408.9831087592515,72336.16278597746,65788.01554485624,6448.898395646331,pvalloc_29nbfs_LRG2_rnd
5051,65844.9887586774,3813.9157006602827,66014.8648472878,61467.0886709568,4377.900087720593,pvalloc_29nbfs_LRG2_rnd
5052,60333.439802729576,4447.679619991089,60628.96760345397,57419.3891379397,2914.05066478989,pvalloc_29nbfs_LRG2_rnd
5053,66921.07503579397,4710.457598639008,67209.39936873157,62167.17226459914,4753.902771194815,pvalloc_29nbfs_LRG2_rnd
5054,68046.95388771688,4590.30295417198,68321.84021938022,62854.90481090522,5192.049076811637,pvalloc_29nbfs_LRG2_rnd
5055,57556.59717959115,4863.038029977873,57969.84676553611,55193.20088219782,2363.3962973933217,pvalloc_29nbfs_LRG2_rnd
5056,51407.67888516872,4304.6920690801535,51767.94861385935,50217.00463766612,1190.6742475026144,pvalloc_29nbfs_LRG2_rnd
5057,34343.68567231592,3724.9067798908686,34832.77330366548,34300.2775063242,43.408165991715805,pvalloc_29nbfs_LRG2_rnd
5058,12128.015770548223,3720.37655117292,13405.162261666203,12128.015770548223,0.0,pvalloc_29nbfs_LRG2_rnd
5059,6179.236570377786,4370.892403009633,8407.373630811544,6179.236570377786,0.0,pvalloc_29nbfs_LRG2_rnd
5060,213.03173809201556,7653.6880949257065,7656.2782518214335,213.03173809201556,0.0,pvalloc_29nbfs_LRG2_rnd
5061,0.0,12442.644294585478,12442.644294585478,0.0,0.0,pvalloc_29nbfs_LRG2_rnd
5062,0.0,12652.57822535876,12652.57822535876,0.0,0.0,pvalloc_29nbfs_LRG2_rnd
5063,0.0,12878.862779430521,12878.862779430521,0.0,0.0,pvalloc_29nbfs_LRG2_rnd
5064,0.0,12350.75565968853,12350.75565968853,0.0,0.0,pvalloc_29nbfs_LRG2_rnd
5065,0.0,11097.685205202351,11097.685205202351,0.0,0.0,pvalloc_29nbfs_LRG2_rnd
5066,0.0,9294.124150992038,9294.124150992038,0.0,0.0,pvalloc_29nbfs_LRG2_rnd
5067,0.0,7868.8472553816255,7868.8472553816255,0.0,0.0,pvalloc_29nbfs_LRG2_rnd
5068,0.0,6865.793803809358,6865.793803809358,0.0,0.0,pvalloc_29nbfs_LRG2_rnd
5069,0.0,7046.117084101745,7046.117084101745,0.0,0.0,pvalloc_29nbfs_LRG2_rnd
5070,117.8025320745382,4243.170631693487,4244.617595864054,117.8025320745382,0.0,pvalloc_29nbfs_LRG2_rnd
5071,13180.529409683291,2495.0923203997604,13789.235587200934,13180.529409683291,0.0,pvalloc_29nbfs_LRG2_rnd
5072,30181.2114208815,2796.4957435841043,30454.05287965956,30181.2114208815,0.0,pvalloc_29nbfs_LRG2_rnd
5073,52406.03195966098,3195.849611947318,52562.66426113336,51117.36837583055,1288.6635838304285,pvalloc_29nbfs_LRG2_rnd
5074,69808.68894173222,3484.1183635773045,69941.56378052401,64153.6803280742,5655.008613657955,pvalloc_29nbfs_LRG2_rnd
5075,80379.0007649161,3901.809654151396,80523.37904331034,70536.99235661355,9842.00840830255,pvalloc_29nbfs_LRG2_rnd
5076,70884.90375775717,4437.9403390850575,71110.05495556103,64828.97358522932,6055.930172527795,pvalloc_29nbfs_LRG2_rnd
5077,62705.81068542509,4863.786800760867,63056.468348226495,59156.755984178315,3549.054701246767,pvalloc_29nbfs_LRG2_rnd
5078,53273.51044583375,5048.202919372811,53807.441247764116,51713.6393171553,1559.87112867844,pvalloc_29nbfs_LRG2_rnd
5079,33084.136418300375,5063.967572472651,34066.97454524842,33056.09147005335,28.04494824702641,pvalloc_29nbfs_LRG2_rnd
5080,36284.53956944446,4693.934525022644,37025.47922263899,36180.25227304973,104.28729639473471,pvalloc_29nbfs_LRG2_rnd
5081,28588.92406473378,4457.046032776101,29460.005851661404,28588.92406473378,0.0,pvalloc_29nbfs_LRG2_rnd
5082,16323.526103160575,4413.3641677863925,17740.02827242785,16323.526103160575,0.0,pvalloc_29nbfs_LRG2_rnd
5083,8592.200322702452,4732.469433165695,10816.54116955585,8592.200322702452,0.0,pvalloc_29nbfs_LRG2_rnd
5084,45.20929506351264,9039.219058763065,9039.496068793997,45.20929506351264,0.0,pvalloc_29nbfs_LRG2_rnd
5085,0.0,14038.884071464148,14038.884071464148,0.0,0.0,pvalloc_29nbfs_LRG2_rnd
5086,0.0,16707.678657408913,16707.678657408913,0.0,0.0,pvalloc_29nbfs_LRG2_rnd
5087,0.0,14798.423471834052,14798.423471834052,0.0,0.0,pvalloc_29nbfs_LRG2_rnd
5088,0.0,12920.99292829493,12920.99292829493,0.0,0.0,pvalloc_29nbfs_LRG2_rnd
5089,0.0,9900.944565301277,9900.944565301277,0.0,0.0,pvalloc_29nbfs_LRG2_rnd
5090,0.0,9389.785903685059,9389.785903685059,0.0,0.0,pvalloc_29nbfs_LRG2_rnd
5091,0.0,7401.546438254426,7401.546438254426,0.0,0.0,pvalloc_29nbfs_LRG2_rnd
5092,0.0,6692.067790682453,6692.067790682453,0.0,0.0,pvalloc_29nbfs_LRG2_rnd
5093,0.0,6497.448685059626,6497.448685059626,0.0,0.0,pvalloc_29nbfs_LRG2_rnd
5094,300.35739107935814,3841.2960043541984,3845.2097298802682,300.35739107935814,0.0,pvalloc_29nbfs_LRG2_rnd
5095,14804.999973111078,2371.730980683299,15272.835389854989,14804.999973111078,0.0,pvalloc_29nbfs_LRG2_rnd
5096,34806.93701352473,2366.6525124867158,34944.22058383546,34777.641332230676,29.295681294052656,pvalloc_29nbfs_LRG2_rnd
5097,56894.70211079631,2793.749541575645,56989.07220014285,54839.78255563329,2054.919555163017,pvalloc_29nbfs_LRG2_rnd
5098,73786.11167573402,2917.7874019030673,73862.31715647476,66752.53419373157,7033.577482002514,pvalloc_29nbfs_LRG2_rnd
5099,89268.43517486924,3507.620927693973,89369.27720876943,75288.68522660407,13979.749948265102,pvalloc_29nbfs_LRG2_rnd
5100,75372.62528490374,4902.928746227854,75628.96134965663,67644.26090462161,7728.364380282202,pvalloc_29nbfs_LRG2_rnd
5101,66109.95829739745,5574.576965949215,66577.92070642087,61523.61772508914,4586.340572308286,pvalloc_29nbfs_LRG2_rnd
5102,71194.36745872763,5661.266296450081,71657.57000053913,64855.28148807457,6339.085970652931,pvalloc_29nbfs_LRG2_rnd
5103,64992.03469605157,5144.444677034908,65414.268869200525,60690.13739913553,4301.897296916048,pvalloc_29nbfs_LRG2_rnd
5104,61184.659835004575,4940.659560117894,61614.677515867224,57893.88281822125,3290.7770167833205,pvalloc_29nbfs_LRG2_rnd
5105,25872.44428361865,4797.102671996862,26939.14243133826,25872.44428361865,0.0,pvalloc_29nbfs_LRG2_rnd
5106,6548.377809881086,5128.603927410284,9135.31395087771,6548.377809881086,0.0,pvalloc_29nbfs_LRG2_rnd
5107,1418.3752158977525,6931.770267519165,7053.718844810731,1418.3752158977525,0.0,pvalloc_29nbfs_LRG2_rnd
5108,0.539949434216838,11343.899371015757,11343.899371015757,0.539949434216838,0.0,pvalloc_29nbfs_LRG2_rnd
5109,0.0,13173.891725783153,13173.891725783153,0.0,0.0,pvalloc_29nbfs_LRG2_rnd
5110,0.0,13106.449704799226,13106.449704799226,0.0,0.0,pvalloc_29nbfs_LRG2_rnd
5111,0.0,12603.2453164585,12603.2453164585,0.0,0.0,pvalloc_29nbfs_LRG2_rnd
5112,0.0,10413.182078012227,10413.182078012227,0.0,0.0,pvalloc_29nbfs_LRG2_rnd
5113,0.0,8993.403916155024,8993.403916155024,0.0,0.0,pvalloc_29nbfs_LRG2_rnd
5114,0.0,7817.172615127088,7817.172615127088,0.0,0.0,pvalloc_29nbfs_LRG2_rnd
5115,0.0,7187.960258470543,7187.960258470543,0.0,0.0,pvalloc_29nbfs_LRG2_rnd
5116,0.0,6597.782238100716,6597.782238100716,0.0,0.0,pvalloc_29nbfs_LRG2_rnd
5117,0.0,6653.5821695844115,6653.5821695844115,0.0,0.0,pvalloc_29nbfs_LRG2_rnd
5118,143.72012241262968,4119.429217752792,4121.114020871091,143.72012241262968,0.0,pvalloc_29nbfs_LRG2_rnd
5119,10269.110104342033,2358.530293665173,10949.650325510469,10269.110104342033,0.0,pvalloc_29nbfs_LRG2_rnd
5120,31156.71927331587,2382.3067329302644,31326.12038657359,31156.71927331587,0.0,pvalloc_29nbfs_LRG2_rnd
5121,54454.1501062515,2713.301979556451,54551.0863539268,52865.43605824368,1588.7140480078253,pvalloc_29nbfs_LRG2_rnd
5122,70446.4318378175,3179.327036879667,70542.98331525759,64641.21263418051,5805.219203637049,pvalloc_29nbfs_LRG2_rnd
5123,88937.73894744109,3493.637514495621,89022.04666884933,75201.74888552305,13735.990061918072,pvalloc_29nbfs_LRG2_rnd
5124,88528.71035726256,4691.867477310958,88694.14734309203,75034.92623844114,13493.78411882149,pvalloc_29nbfs_LRG2_rnd
5125,88450.62119619596,5520.369564697012,88716.05544471224,74918.36312300396,13532.258073191993,pvalloc_29nbfs_LRG2_rnd
5126,82179.88082773944,5400.968245179483,82471.84508056016,71502.7012820244,10677.17954571505,pvalloc_29nbfs_LRG2_rnd
5127,77618.33943171229,5317.01663845847,77937.58367818248,68888.47138443474,8729.868047277545,pvalloc_29nbfs_LRG2_rnd
5128,68746.71677698704,4485.359516453065,69005.08559944651,63348.8749686817,5397.841808305326,pvalloc_29nbfs_LRG2_rnd
5129,50415.53514901787,4326.719872495119,50800.6630713346,49385.418857044235,1030.1162919736373,pvalloc_29nbfs_LRG2_rnd
5130,30853.787436777548,4874.498188599776,31802.912067811285,30853.787436777548,0.0,pvalloc_29nbfs_LRG2_rnd
5131,12201.77270906959,4978.653036326884,14327.596908300888,12201.77270906959,0.0,pvalloc_29nbfs_LRG2_rnd
5132,1.378036400542232,11936.632692467432,11936.632692467432,1.378036400542232,0.0,pvalloc_29nbfs_LRG2_rnd
5133,0.0,18228.21613904296,18228.21613904296,0.0,0.0,pvalloc_29nbfs_LRG2_rnd
5134,0.0,18162.49636171034,18162.49636171034,0.0,0.0,pvalloc_29nbfs_LRG2_rnd
5135,0.0,15581.301938822113,15581.301938822113,0.0,0.0,pvalloc_29nbfs_LRG2_rnd
5136,0.0,13660.518661518496,13660.518661518496,0.0,0.0,pvalloc_29nbfs_LRG2_rnd
5137,0.0,10358.480128423344,10358.480128423344,0.0,0.0,pvalloc_29nbfs_LRG2_rnd
5138,0.0,8828.47113398323,8828.47113398323,0.0,0.0,pvalloc_29nbfs_LRG2_rnd
5139,0.0,7213.798405873982,7213.798405873982,0.0,0.0,pvalloc_29nbfs_LRG2_rnd
5140,0.0,6479.031429122138,6479.031429122138,0.0,0.0,pvalloc_29nbfs_LRG2_rnd
5141,0.0,6403.162580960438,6403.162580960438,0.0,0.0,pvalloc_29nbfs_LRG2_rnd
5142,125.56221399887481,4161.670470866548,4163.050555991888,125.56221399887481,0.0,pvalloc_29nbfs_LRG2_rnd
5143,13308.246042467963,2354.761083026092,13828.196830902756,13308.246042467963,0.0,pvalloc_29nbfs_LRG2_rnd
5144,33118.23587921921,2663.0430480674368,33317.63727399108,33118.23587921921,0.0,pvalloc_29nbfs_LRG2_rnd
5145,53983.071234422656,3207.5999165323624,54124.92971530806,52476.45627971793,1506.6149547047303,pvalloc_29nbfs_LRG2_rnd
5146,74375.18636009899,3327.914012860753,74472.16647718224,67145.057323026,7230.129037073019,pvalloc_29nbfs_LRG2_rnd
5147,87662.00152627086,4249.351243911639,87786.52050512978,74618.03901425716,13043.962512013768,pvalloc_29nbfs_LRG2_rnd
5148,83277.56029884572,5794.710779425904,83644.91643567024,72368.28204243534,10909.278256410373,pvalloc_29nbfs_LRG2_rnd
5149,88098.45420785288,5321.404284500162,88339.58414990881,74823.81165360806,13274.642554244781,pvalloc_29nbfs_LRG2_rnd
5150,87702.98312346784,4495.582249972375,87894.54523220006,74417.36521645826,13285.617907009586,pvalloc_29nbfs_LRG2_rnd
5151,75872.8475561416,5024.962520229271,76144.38270155984,67931.3222939046,7941.525262236982,pvalloc_29nbfs_LRG2_rnd
5152,63211.40513243523,4265.274478016955,63456.812672330096,59535.367754478786,3676.0373779564497,pvalloc_29nbfs_LRG2_rnd
5153,45935.176937281045,3930.070880376728,46262.58375079531,45496.84261055668,438.33432672436567,pvalloc_29nbfs_LRG2_rnd
5154,30683.706836052355,3930.6989889124457,31272.40062613868,30683.706836052355,0.0,pvalloc_29nbfs_LRG2_rnd
5155,10170.759592948018,5607.521662323496,12944.894352494943,10170.759592948018,0.0,pvalloc_29nbfs_LRG2_rnd
5156,0.9916523735260425,13203.600870850336,13203.600870850336,0.9916523735260425,0.0,pvalloc_29nbfs_LRG2_rnd
5157,0.0,16656.158247084175,16656.158247084175,0.0,0.0,pvalloc_29nbfs_LRG2_rnd
5158,0.0,16956.66673318879,16956.66673318879,0.0,0.0,pvalloc_29nbfs_LRG2_rnd
5159,0.0,13878.197386105796,13878.197386105796,0.0,0.0,pvalloc_29nbfs_LRG2_rnd
5160,0.0,13359.709264488023,13359.709264488023,0.0,0.0,pvalloc_29nbfs_LRG2_rnd
5161,0.0,9823.421723926978,9823.421723926978,0.0,0.0,pvalloc_29nbfs_LRG2_rnd
5162,0.0,8004.918441437759,8004.918441437759,0.0,0.0,pvalloc_29nbfs_LRG2_rnd
5163,0.0,7279.771629046192,7279.771629046192,0.0,0.0,pvalloc_29nbfs_LRG2_rnd
5164,0.0,6702.512682378077,6702.512682378077,0.0,0.0,pvalloc_29nbfs_LRG2_rnd
5165,0.0,6398.764586689275,6398.764586689275,0.0,0.0,pvalloc_29nbfs_LRG2_rnd
5166,103.04985571401865,4348.786649774355,4349.887313846609,103.04985571401865,0.0,pvalloc_29nbfs_LRG2_rnd
5167,12662.9125810613,2547.929373419981,13328.394589814527,12662.9125810613,0.0,pvalloc_29nbfs_LRG2_rnd
5168,33066.26745218826,2920.3460523781523,33321.726080677035,33066.26745218826,0.0,pvalloc_29nbfs_LRG2_rnd
5169,54917.563146920445,3160.4279501435108,55049.7672607046,53241.43642062952,1676.1267262909225,pvalloc_29nbfs_LRG2_rnd
5170,74944.99672606589,3061.1745180623675,75029.25875571616,67465.02051823873,7479.976207827171,pvalloc_29nbfs_LRG2_rnd
5171,89754.55673590994,3764.9813827267903,89854.41233094933,75619.44488033636,14135.111855573581,pvalloc_29nbfs_LRG2_rnd
5172,84037.99005374189,4277.5207283813315,84197.28675306399,72606.51066852511,11431.479385216837,pvalloc_29nbfs_LRG2_rnd
5173,78323.25994282443,4585.951895841774,78538.24925048953,69374.22338448523,8949.036558339207,pvalloc_29nbfs_LRG2_rnd
5174,88616.81702884937,4540.582135154189,88805.03080155795,74908.13640469186,13708.680624157478,pvalloc_29nbfs_LRG2_rnd
5175,76365.79076652876,4721.904897412417,76612.88824590009,68183.57781001178,8182.2129565171035,pvalloc_29nbfs_LRG2_rnd
5176,61166.44480355072,4536.958581273707,61471.932232129795,57983.41161012011,3183.0331934306073,pvalloc_29nbfs_LRG2_rnd
5177,41840.128084781376,4211.011478288011,42315.47236737617,41627.389065928495,212.73901885287734,pvalloc_29nbfs_LRG2_rnd
5178,22926.172545804053,4132.080734489582,23847.37733785491,22926.172545804053,0.0,pvalloc_29nbfs_LRG2_rnd
5179,9384.380272503447,4311.918499884149,11202.573507886838,9384.380272503447,0.0,pvalloc_29nbfs_LRG2_rnd
5180,20.189671771514963,9583.973010883718,9584.129972275141,20.189671771514963,0.0,pvalloc_29nbfs_LRG2_rnd
5181,0.0,17958.547144614713,17958.547144614713,0.0,0.0,pvalloc_29nbfs_LRG2_rnd
5182,0.0,15508.105894089556,15508.105894089556,0.0,0.0,pvalloc_29nbfs_LRG2_rnd
5183,0.0,14273.897403473246,14273.897403473246,0.0,0.0,pvalloc_29nbfs_LRG2_rnd
5184,0.0,13200.33224655577,13200.33224655577,0.0,0.0,pvalloc_29nbfs_LRG2_rnd
5185,0.0,9638.325646422078,9638.325646422078,0.0,0.0,pvalloc_29nbfs_LRG2_rnd
5186,0.0,8321.584507793394,8321.584507793394,0.0,0.0,pvalloc_29nbfs_LRG2_rnd
5187,0.0,7169.817360127392,7169.817360127392,0.0,0.0,pvalloc_29nbfs_LRG2_rnd
5188,0.0,7079.928698781937,7079.928698781937,0.0,0.0,pvalloc_29nbfs_LRG2_rnd
5189,0.0,6529.334832922408,6529.334832922408,0.0,0.0,pvalloc_29nbfs_LRG2_rnd
5190,43.80538437145223,4768.1650068672325,4768.661389062997,43.80538437145223,0.0,pvalloc_29nbfs_LRG2_rnd
5191,10377.902866533694,2502.1087307251496,11128.405358331092,10377.902866533694,0.0,pvalloc_29nbfs_LRG2_rnd
5192,27612.03794064543,2856.9898242442473,27934.226569156825,27612.03794064543,0.0,pvalloc_29nbfs_LRG2_rnd
5193,49194.3190564844,3114.7818469413983,49349.483593677454,48456.08658934378,738.2324671406293,pvalloc_29nbfs_LRG2_rnd
5194,62320.34610997035,3395.63020260158,62454.41975475078,58963.23120470846,3357.1149052618757,pvalloc_29nbfs_LRG2_rnd
5195,70877.25336331714,4074.316383747143,71046.19845976481,64933.72139180426,5943.531971512866,pvalloc_29nbfs_LRG2_rnd
5196,68350.45603491843,5045.480137379673,68688.06104785544,63282.883999552294,5067.572035366083,pvalloc_29nbfs_LRG2_rnd
5197,72581.60646356415,4919.249376650326,72857.25733471363,65915.55095378865,6666.05550977544,pvalloc_29nbfs_LRG2_rnd
5198,71331.68674564511,5430.985756601232,71703.40551669002,65103.00440446355,6228.682341181592,pvalloc_29nbfs_LRG2_rnd
5199,70440.82462636365,4903.297134169034,70740.02808275493,64489.8427117011,5950.981914662607,pvalloc_29nbfs_LRG2_rnd
5200,42354.63616074399,3815.0460923322316,42725.74840085547,42120.86440534609,233.77175539790585,pvalloc_29nbfs_LRG2_rnd
5201,27215.501158618066,3804.7410579687953,27862.97085819747,27215.501158618066,0.0,pvalloc_29nbfs_LRG2_rnd
5202,13099.189816227521,4327.334683083499,14761.074053053535,13099.189816227521,0.0,pvalloc_29nbfs_LRG2_rnd
5203,8220.675112760711,4805.931214372249,10540.000552791813,8220.675112760711,0.0,pvalloc_29nbfs_LRG2_rnd
5204,0.0,15090.685042967132,15090.685042967132,0.0,0.0,pvalloc_29nbfs_LRG2_rnd
5205,0.0,15791.348827533153,15791.348827533153,0.0,0.0,pvalloc_29nbfs_LRG2_rnd
5206,0.0,15247.755727980577,15247.755727980577,0.0,0.0,pvalloc_29nbfs_LRG2_rnd
5207,0.0,15008.225250668322,15008.225250668322,0.0,0.0,pvalloc_29nbfs_LRG2_rnd
5208,0.0,12069.433844123945,12069.433844123945,0.0,0.0,pvalloc_29nbfs_LRG2_rnd
5209,0.0,11145.876780548275,11145.876780548275,0.0,0.0,pvalloc_29nbfs_LRG2_rnd
5210,0.0,8940.899584908117,8940.899584908117,0.0,0.0,pvalloc_29nbfs_LRG2_rnd
5211,0.0,7874.895807358424,7874.895807358424,0.0,0.0,pvalloc_29nbfs_LRG2_rnd
5212,0.0,7043.644556647981,7043.644556647981,0.0,0.0,pvalloc_29nbfs_LRG2_rnd
5213,0.0,7125.558647681807,7125.558647681807,0.0,0.0,pvalloc_29nbfs_LRG2_rnd
5214,3.627653856609882,5734.049007486631,5734.120690782445,3.627653856609882,0.0,pvalloc_29nbfs_LRG2_rnd
5215,1654.4138785727332,3023.804511223489,3676.522738104082,1654.4138785727332,0.0,pvalloc_29nbfs_LRG2_rnd
5216,6111.620351361099,2945.007953431344,7459.006437488203,6111.620351361099,0.0,pvalloc_29nbfs_LRG2_rnd
5217,12205.059845205593,3187.6030501861082,13275.144538220551,12205.059845205593,0.0,pvalloc_29nbfs_LRG2_rnd
5218,23893.705061334676,3307.374353748447,24454.459569847033,23893.705061334676,0.0,pvalloc_29nbfs_LRG2_rnd
5219,28432.034148195333,3945.926319924131,29101.18388876288,28432.034148195333,0.0,pvalloc_29nbfs_LRG2_rnd
5220,21053.992444763913,5082.304659851902,22718.83244012698,21053.992444763913,0.0,pvalloc_29nbfs_LRG2_rnd
5221,45698.244949270265,4532.316330220248,46205.26624653908,45242.95666486283,455.28828440742615,pvalloc_29nbfs_LRG2_rnd
5222,60417.152391677984,4698.695375006715,60771.98605746009,57378.56986393004,3038.582527747944,pvalloc_29nbfs_LRG2_rnd
5223,47445.06880202702,4724.601124375608,47964.183356431706,46828.06829167291,617.0005103540981,pvalloc_29nbfs_LRG2_rnd
5224,47802.4464583328,4121.248395254566,48169.38693444614,47161.52097948983,640.9254788429633,pvalloc_29nbfs_LRG2_rnd
5225,35801.230894398504,4199.547671070001,36376.99765121408,35732.99037616638,68.24051823212585,pvalloc_29nbfs_LRG2_rnd
5226,24957.05679458544,4094.133759447344,25777.814487401225,24957.05679458544,0.0,pvalloc_29nbfs_LRG2_rnd
5227,10270.647723699665,4773.361799830827,12373.625678477834,10270.647723699665,0.0,pvalloc_29nbfs_LRG2_rnd
5228,0.24472296825941672,12343.435674390177,12343.435674390177,0.24472296825941672,0.0,pvalloc_29nbfs_LRG2_rnd
5229,0.0,17463.78761121696,17463.78761121696,0.0,0.0,pvalloc_29nbfs_LRG2_rnd
5230,0.0,16776.245765136624,16776.245765136624,0.0,0.0,pvalloc_29nbfs_LRG2_rnd
5231,0.0,13863.094861205218,13863.094861205218,0.0,0.0,pvalloc_29nbfs_LRG2_rnd
5232,0.0,12379.083196074876,12379.083196074876,0.0,0.0,pvalloc_29nbfs_LRG2_rnd
5233,0.0,10840.796451126309,10840.796451126309,0.0,0.0,pvalloc_29nbfs_LRG2_rnd
5234,0.0,8839.193140860432,8839.193140860432,0.0,0.0,pvalloc_29nbfs_LRG2_rnd
5235,0.0,7691.549078353806,7691.549078353806,0.0,0.0,pvalloc_29nbfs_LRG2_rnd
5236,0.0,6881.18871406951,6881.18871406951,0.0,0.0,pvalloc_29nbfs_LRG2_rnd
5237,0.0,7020.828203404438,7020.828203404438,0.0,0.0,pvalloc_29nbfs_LRG2_rnd
5238,66.54663521116143,4740.871486426126,4741.555849243327,66.54663521116143,0.0,pvalloc_29nbfs_LRG2_rnd
5239,11462.263181977649,2608.4829834696507,12193.712258230024,11462.263181977649,0.0,pvalloc_29nbfs_LRG2_rnd
5240,24407.22634146851,2926.80034950039,24812.265113430967,24407.22634146851,0.0,pvalloc_29nbfs_LRG2_rnd
5241,48304.71040307798,3153.0013742233314,48470.380233107,47671.22695993259,633.4834431453976,pvalloc_29nbfs_LRG2_rnd
5242,62262.008973690616,3597.429384920323,62415.15517290941,58918.230483070336,3343.7784906202673,pvalloc_29nbfs_LRG2_rnd
5243,68817.39028263348,3909.52644284838,68983.68579830069,63522.310884704595,5295.07939792892,pvalloc_29nbfs_LRG2_rnd
5244,56480.634728661935,4417.742615013536,56797.59273059262,54422.455541946074,2058.179186715859,pvalloc_29nbfs_LRG2_rnd
5245,54911.69914552904,4932.270239343676,55361.50623325836,53133.248655496594,1778.4504900324516,pvalloc_29nbfs_LRG2_rnd
5246,51251.238345861035,4986.505918754786,51799.666735453706,50044.09524299253,1207.1431028685083,pvalloc_29nbfs_LRG2_rnd
5247,50995.26282538297,4681.045520196617,51470.979113276066,49843.061680658044,1152.2011447249292,pvalloc_29nbfs_LRG2_rnd
5248,43371.25851854057,4129.3408334868445,43828.39569552803,43073.67629510198,297.58222343859615,pvalloc_29nbfs_LRG2_rnd
5249,35403.562379317525,4003.7049407751065,35938.86121854778,35342.10243711467,61.45994220285354,pvalloc_29nbfs_LRG2_rnd
5250,18125.677613764405,4538.493981153399,19492.856375509695,18125.677613764405,0.0,pvalloc_29nbfs_LRG2_rnd
5251,8334.124831197116,5133.037599102874,10854.54404534217,8334.124831197116,0.0,pvalloc_29nbfs_LRG2_rnd
5252,0.0,19000.057414705552,19000.057414705552,0.0,0.0,pvalloc_29nbfs_LRG2_rnd
5253,0.0,19290.580116971654,19290.580116971654,0.0,0.0,pvalloc_29nbfs_LRG2_rnd
5254,0.0,16835.268381474212,16835.268381474212,0.0,0.0,pvalloc_29nbfs_LRG2_rnd
5255,0.0,14924.78827852718,14924.78827852718,0.0,0.0,pvalloc_29nbfs_LRG2_rnd
5256,0.0,13381.168060104115,13381.168060104115,0.0,0.0,pvalloc_29nbfs_LRG2_rnd
5257,0.0,10539.960012448035,10539.960012448035,0.0,0.0,pvalloc_29nbfs_LRG2_rnd
5258,0.0,8429.066249258418,8429.066249258418,0.0,0.0,pvalloc_29nbfs_LRG2_rnd
5259,0.0,7662.686930720702,7662.686930720702,0.0,0.0,pvalloc_29nbfs_LRG2_rnd
5260,0.0,6987.5697160524915,6987.5697160524915,0.0,0.0,pvalloc_29nbfs_LRG2_rnd
5261,0.0,6946.060646242224,6946.060646242224,0.0,0.0,pvalloc_29nbfs_LRG2_rnd
5262,58.797256061011694,4987.437483344348,4988.060552271493,58.797256061011694,0.0,pvalloc_29nbfs_LRG2_rnd
5263,12690.87080995043,2562.8057511417323,13329.980833144675,12690.87080995043,0.0,pvalloc_29nbfs_LRG2_rnd
5264,33508.36522925213,2855.923357984155,33744.34439827243,33504.39856095879,3.9666682933352604,pvalloc_29nbfs_LRG2_rnd
5265,56203.18775494015,2947.0176030192715,56315.66289480459,54279.29426820987,1923.8934867302753,pvalloc_29nbfs_LRG2_rnd
5266,75231.40554170692,3724.1807256003804,75348.0458651479,67680.66883870939,7550.73670299765,pvalloc_29nbfs_LRG2_rnd
5267,88834.52860732746,4799.891194054181,89004.91458548947,75239.06876753492,13595.459839792547,pvalloc_29nbfs_LRG2_rnd
5268,86127.9269180968,5847.823697744466,86462.9621683844,73819.89976465206,12308.027153444787,pvalloc_29nbfs_LRG2_rnd
5269,91025.16285068006,5814.373056847965,91315.30796401594,76239.89920574884,14785.263644931287,pvalloc_29nbfs_LRG2_rnd
5270,91510.51672604299,5228.389878327345,91779.96871262492,76217.57445262044,15292.942273422559,pvalloc_29nbfs_LRG2_rnd
5271,83053.3084862904,5019.988409802839,83315.22876192468,71927.31100831831,11125.997477972114,pvalloc_29nbfs_LRG2_rnd
5272,69196.10556223284,4778.3194428988745,69484.03034958815,63663.61145890024,5532.494103332458,pvalloc_29nbfs_LRG2_rnd
5273,52128.374581959455,4342.688132370842,52503.946848955915,50811.69456347782,1316.6800184816307,pvalloc_29nbfs_LRG2_rnd
5274,31264.812059489857,4442.756925463465,32029.509571444378,31264.812059489857,0.0,pvalloc_29nbfs_LRG2_rnd
5275,12675.316219934604,4708.630201437828,14449.069934241188,12675.316219934604,0.0,pvalloc_29nbfs_LRG2_rnd
5276,0.001144878417680309,16107.978209532945,16107.978209532945,0.001144878417680309,0.0,pvalloc_29nbfs_LRG2_rnd
5277,0.0,16661.54003587522,16661.54003587522,0.0,0.0,pvalloc_29nbfs_LRG2_rnd
5278,0.0,16071.87963882066,16071.87963882066,0.0,0.0,pvalloc_29nbfs_LRG2_rnd
5279,0.0,16513.61501158644,16513.61501158644,0.0,0.0,pvalloc_29nbfs_LRG2_rnd
5280,0.0,14223.402737580196,14223.402737580196,0.0,0.0,pvalloc_29nbfs_LRG2_rnd
5281,0.0,10189.901163932846,10189.901163932846,0.0,0.0,pvalloc_29nbfs_LRG2_rnd
5282,0.0,9219.908618123189,9219.908618123189,0.0,0.0,pvalloc_29nbfs_LRG2_rnd
5283,0.0,8077.212368111326,8077.212368111326,0.0,0.0,pvalloc_29nbfs_LRG2_rnd
5284,0.0,7416.388772703772,7416.388772703772,0.0,0.0,pvalloc_29nbfs_LRG2_rnd
5285,0.0,7104.393955178768,7104.393955178768,0.0,0.0,pvalloc_29nbfs_LRG2_rnd
5286,19.624239773543366,5505.3645655019045,5505.627094236541,19.624239773543366,0.0,pvalloc_29nbfs_LRG2_rnd
5287,11800.281634353125,2604.3272883809727,12507.290530585484,11800.281634353125,0.0,pvalloc_29nbfs_LRG2_rnd
5288,33674.856727676895,2762.636376846415,33890.62249836416,33668.55755928533,6.299168391569538,pvalloc_29nbfs_LRG2_rnd
5289,55890.31629980125,2764.8186869501424,55991.230792331284,54025.99750784059,1864.3187919606398,pvalloc_29nbfs_LRG2_rnd
5290,74188.90662210234,3621.1934035451072,74298.7552195361,67054.08486365678,7134.821758445537,pvalloc_29nbfs_LRG2_rnd
5291,90222.96230160573,4049.624798751082,90345.34046640378,75840.9849278953,14381.977373710422,pvalloc_29nbfs_LRG2_rnd
5292,85620.95335021387,5618.687961447721,85922.83238840433,73556.22793339424,12064.725416819629,pvalloc_29nbfs_LRG2_rnd
5293,91374.35086041174,5532.553255791079,91634.44093518247,76304.171591486,15070.179268925735,pvalloc_29nbfs_LRG2_rnd
5294,86753.1637235152,6652.282723875883,87209.64479650353,73909.53381655035,12843.629906964821,pvalloc_29nbfs_LRG2_rnd
5295,80013.14710291188,6058.202216228881,80435.40297001706,70225.9656728133,9787.181430098615,pvalloc_29nbfs_LRG2_rnd
5296,65448.844181715154,6116.163574127217,66037.08341063038,61107.17543654913,4341.668745166015,pvalloc_29nbfs_LRG2_rnd
5297,49699.5964376933,5439.057345415636,50391.534464558164,48726.337881315805,973.2585563775021,pvalloc_29nbfs_LRG2_rnd
5298,29310.9511224457,5432.788096391546,30516.247281457185,29310.9511224457,0.0,pvalloc_29nbfs_LRG2_rnd
5299,8808.724216145512,6467.517070390217,12179.970790165247,8808.724216145512,0.0,pvalloc_29nbfs_LRG2_rnd
5300,0.002782290935076717,16914.972980851875,16914.972980851875,0.002782290935076717,0.0,pvalloc_29nbfs_LRG2_rnd
5301,0.0,19664.8737674663,19664.8737674663,0.0,0.0,pvalloc_29nbfs_LRG2_rnd
5302,0.0,21717.297616531436,21717.297616531436,0.0,0.0,pvalloc_29nbfs_LRG2_rnd
5303,0.0,17214.82547405001,17214.82547405001,0.0,0.0,pvalloc_29nbfs_LRG2_rnd
5304,0.0,12578.207549128692,12578.207549128692,0.0,0.0,pvalloc_29nbfs_LRG2_rnd
5305,0.0,10294.109997870488,10294.109997870488,0.0,0.0,pvalloc_29nbfs_LRG2_rnd
5306,0.0,8325.709247505112,8325.709247505112,0.0,0.0,pvalloc_29nbfs_LRG2_rnd
5307,0.0,7293.515981600714,7293.515981600714,0.0,0.0,pvalloc_29nbfs_LRG2_rnd
5308,0.0,6735.774478834691,6735.774478834691,0.0,0.0,pvalloc_29nbfs_LRG2_rnd
5309,0.0,6710.483943585051,6710.483943585051,0.0,0.0,pvalloc_29nbfs_LRG2_rnd
5310,30.312457775782317,4984.840171347018,4985.225296787692,30.312457775782317,0.0,pvalloc_29nbfs_LRG2_rnd
5311,11752.394770876079,2510.3863805520537,12420.155835536634,11752.394770876079,0.0,pvalloc_29nbfs_LRG2_rnd
5312,32872.05690627795,2874.191419190469,33120.71307941843,32872.05690627795,0.0,pvalloc_29nbfs_LRG2_rnd
5313,54819.724744372426,3219.60839088832,54960.32677920974,53152.511539547,1667.2132048254257,pvalloc_29nbfs_LRG2_rnd
5314,74963.68477064664,3688.5134276948643,75089.50114378308,67483.68622433032,7479.99854631636,pvalloc_29nbfs_LRG2_rnd
5315,91198.2942735754,3849.5490257300503,91310.80750538725,76296.75073944643,14901.543534128938,pvalloc_29nbfs_LRG2_rnd
5316,85242.15021027728,5912.74140435089,85592.82952926631,73338.81145514277,11903.338755134479,pvalloc_29nbfs_LRG2_rnd
5317,90966.90662821554,5414.898399191297,91206.82797835988,76181.55278781785,14785.35384039766,pvalloc_29nbfs_LRG2_rnd
5318,88570.94517780443,5552.751468911758,88843.01111776827,74906.54204695002,13664.403130854387,pvalloc_29nbfs_LRG2_rnd
5319,82025.69338333543,4916.794441733442,82259.22797546456,71429.19776755122,10596.495615784184,pvalloc_29nbfs_LRG2_rnd
5320,67944.04981658845,4825.435749296605,68242.46540218238,62834.11044920891,5109.93936737952,pvalloc_29nbfs_LRG2_rnd
5321,50061.39286503647,4697.238876115857,50518.656425745314,49098.860647934736,962.5322171017383,pvalloc_29nbfs_LRG2_rnd
5322,31970.69310823355,3954.46817799178,32565.22770839307,31970.69310823355,0.0,pvalloc_29nbfs_LRG2_rnd
5323,10837.264526931172,4741.627784254588,12904.398691247201,10837.264526931172,0.0,pvalloc_29nbfs_LRG2_rnd
5324,0.6233554401438943,11780.34908657292,11780.34908657292,0.6233554401438943,0.0,pvalloc_29nbfs_LRG2_rnd
5325,0.0,17798.451423069695,17798.451423069695,0.0,0.0,pvalloc_29nbfs_LRG2_rnd
5326,0.0,19605.334016129702,19605.334016129702,0.0,0.0,pvalloc_29nbfs_LRG2_rnd
5327,0.0,17993.339244710096,17993.339244710096,0.0,0.0,pvalloc_29nbfs_LRG2_rnd
5328,0.0,14499.905393880888,14499.905393880888,0.0,0.0,pvalloc_29nbfs_LRG2_rnd
5329,0.0,10706.7985791197,10706.7985791197,0.0,0.0,pvalloc_29nbfs_LRG2_rnd
5330,0.0,8691.305275136961,8691.305275136961,0.0,0.0,pvalloc_29nbfs_LRG2_rnd
5331,0.0,7299.838339654398,7299.838339654398,0.0,0.0,pvalloc_29nbfs_LRG2_rnd
5332,0.0,6942.4868277889755,6942.4868277889755,0.0,0.0,pvalloc_29nbfs_LRG2_rnd
5333,0.0,6828.134013081582,6828.134013081582,0.0,0.0,pvalloc_29nbfs_LRG2_rnd
5334,10.259738937310072,5417.783258236108,5417.918848816509,10.259738937310072,0.0,pvalloc_29nbfs_LRG2_rnd
5335,10506.07528052487,2805.591672376599,11439.556945697519,10506.07528052487,0.0,pvalloc_29nbfs_LRG2_rnd
5336,31590.7683157365,3234.2584163753477,31945.886437205383,31590.7683157365,0.0,pvalloc_29nbfs_LRG2_rnd
5337,53930.743379335865,3412.452966649247,54099.50544453833,52414.307609641364,1516.4357696945058,pvalloc_29nbfs_LRG2_rnd
5338,73879.76497839112,3725.339794980541,74006.99260130504,66832.93553260485,7046.829445786291,pvalloc_29nbfs_LRG2_rnd
5339,89054.41324464473,4022.855949025853,89171.70595472341,75277.47757258987,13776.935672054844,pvalloc_29nbfs_LRG2_rnd
5340,84368.52872123175,5739.866137209854,84717.73087053033,72964.56332370968,11403.965397522054,pvalloc_29nbfs_LRG2_rnd
5341,88666.96326385514,5708.3125984479,88957.82817220758,75098.22564438087,13568.737619474281,pvalloc_29nbfs_LRG2_rnd
5342,85479.04651593497,6552.191424627519,85937.46264460956,73432.86324268162,12046.183273253382,pvalloc_29nbfs_LRG2_rnd
5343,80358.29701632631,5458.920982125165,80668.69995588469,70485.16742308368,9873.129593242673,pvalloc_29nbfs_LRG2_rnd
5344,68390.24337514433,4524.157448710912,68648.27018833913,63126.03254981972,5264.21082532467,pvalloc_29nbfs_LRG2_rnd
5345,48969.4146404738,4481.2540258153595,49391.874858312185,48178.06382581868,791.3508146551221,pvalloc_29nbfs_LRG2_rnd
5346,29293.030999707178,4463.6657127940625,30121.062929353164,29293.030999707178,0.0,pvalloc_29nbfs_LRG2_rnd
5347,7443.390241891308,6364.699004476328,10947.346244376096,7443.390241891308,0.0,pvalloc_29nbfs_LRG2_rnd
5348,0.0,15989.616617565556,15989.616617565556,0.0,0.0,pvalloc_29nbfs_LRG2_rnd
5349,0.0,16826.715043934226,16826.715043934226,0.0,0.0,pvalloc_29nbfs_LRG2_rnd
5350,0.0,17455.218388780384,17455.218388780384,0.0,0.0,pvalloc_29nbfs_LRG2_rnd
5351,0.0,17312.601875985758,17312.601875985758,0.0,0.0,pvalloc_29nbfs_LRG2_rnd
5352,0.0,14414.143741518079,14414.143741518079,0.0,0.0,pvalloc_29nbfs_LRG2_rnd
5353,0.0,9954.172012300509,9954.172012300509,0.0,0.0,pvalloc_29nbfs_LRG2_rnd
5354,0.0,8448.308232531268,8448.308232531268,0.0,0.0,pvalloc_29nbfs_LRG2_rnd
5355,0.0,7461.470557932397,7461.470557932397,0.0,0.0,pvalloc_29nbfs_LRG2_rnd
5356,0.0,6904.553782501744,6904.553782501744,0.0,0.0,pvalloc_29nbfs_LRG2_rnd
5357,0.0,6785.528064411384,6785.528064411384,0.0,0.0,pvalloc_29nbfs_LRG2_rnd
5358,16.207822312575008,5398.034664297588,5398.264628173746,16.207822312575008,0.0,pvalloc_29nbfs_LRG2_rnd
5359,10623.062256980413,2700.1800626103113,11465.7752990986,10623.062256980413,0.0,pvalloc_29nbfs_LRG2_rnd
5360,31817.895198054324,3036.40896048142,32118.560576210406,31817.895198054324,0.0,pvalloc_29nbfs_LRG2_rnd
5361,51632.177834502574,4021.355996766954,51936.52465407354,50507.2690248031,1124.9088096994835,pvalloc_29nbfs_LRG2_rnd
5362,72717.69334409875,4119.28366209185,72881.96349963927,66132.72524000486,6584.968104093814,pvalloc_29nbfs_LRG2_rnd
5363,86941.54936571365,4994.413148930265,87150.24600643442,74312.99488273717,12628.554482976475,pvalloc_29nbfs_LRG2_rnd
5364,84896.58260058872,5829.299955704659,85258.3246098515,73248.50267812375,11648.079922465045,pvalloc_29nbfs_LRG2_rnd
5365,87850.22450794619,6393.657561636473,88284.74201305547,74767.735534046,13082.48897390022,pvalloc_29nbfs_LRG2_rnd
5366,90082.43097674135,5273.29986230678,90320.34765693387,75672.35210312858,14410.07887361279,pvalloc_29nbfs_LRG2_rnd
5367,81539.88459868848,4898.266244594955,81766.83394828407,71189.02205598941,10350.86254269906,pvalloc_29nbfs_LRG2_rnd
5368,67791.15125674951,4601.101082774659,68048.17266304199,62796.71371891527,4994.43753783404,pvalloc_29nbfs_LRG2_rnd
5369,48932.61780100884,4696.5230964192815,49395.954210527816,48170.70126640593,761.9165346029056,pvalloc_29nbfs_LRG2_rnd
5370,28011.10336547724,4838.37259426978,29078.810351996508,28011.10336547724,0.0,pvalloc_29nbfs_LRG2_rnd
5371,9367.408171274476,5175.405498728235,11828.321533030965,9367.408171274476,0.0,pvalloc_29nbfs_LRG2_rnd
5372,0.0,16855.704344420545,16855.704344420545,0.0,0.0,pvalloc_29nbfs_LRG2_rnd
5373,0.0,17345.89249504484,17345.89249504484,0.0,0.0,pvalloc_29nbfs_LRG2_rnd
5374,0.0,16579.52219038973,16579.52219038973,0.0,0.0,pvalloc_29nbfs_LRG2_rnd
5375,0.0,15251.446364993699,15251.446364993699,0.0,0.0,pvalloc_29nbfs_LRG2_rnd
5376,0.0,13188.262672566276,13188.262672566276,0.0,0.0,pvalloc_29nbfs_LRG2_rnd
5377,0.0,11323.925666493667,11323.925666493667,0.0,0.0,pvalloc_29nbfs_LRG2_rnd
5378,0.0,9734.491596408214,9734.491596408214,0.0,0.0,pvalloc_29nbfs_LRG2_rnd
5379,0.0,8493.11069650855,8493.11069650855,0.0,0.0,pvalloc_29nbfs_LRG2_rnd
5380,0.0,7434.255107382792,7434.255107382792,0.0,0.0,pvalloc_29nbfs_LRG2_rnd
5381,0.0,7087.350693282779,7087.350693282779,0.0,0.0,pvalloc_29nbfs_LRG2_rnd
5382,6.5383080505540665,5749.388008653257,5749.487399463096,6.5383080505540665,0.0,pvalloc_29nbfs_LRG2_rnd
5383,10254.00914215406,2774.3100426306364,11158.608528406246,10254.00914215406,0.0,pvalloc_29nbfs_LRG2_rnd
5384,32072.349965577232,2885.4651868706756,32340.186862012706,32072.349965577232,0.0,pvalloc_29nbfs_LRG2_rnd
5385,54204.41180033824,3220.826901153687,54349.99345481876,52635.09678695711,1569.315013381119,pvalloc_29nbfs_LRG2_rnd
5386,72809.434981801,3904.9672035988597,72949.11730372711,66182.12283896556,6627.31214283549,pvalloc_29nbfs_LRG2_rnd
5387,88425.51080606475,4434.517889888837,88573.06693406396,74962.43180283818,13463.079003226481,pvalloc_29nbfs_LRG2_rnd
5388,85517.51226323478,5516.58276710818,85802.43839529893,73486.90883394425,12030.603429290479,pvalloc_29nbfs_LRG2_rnd
5389,89251.6324116984,5835.246990850177,89554.56796000719,75339.46614108204,13912.166270616393,pvalloc_29nbfs_LRG2_rnd
5390,85618.40428046143,6239.483084536436,86008.3592528311,73449.8588362054,12168.54544425603,pvalloc_29nbfs_LRG2_rnd
5391,78821.94266086764,5603.673912509947,79158.89397859998,69670.24215949367,9151.70050137399,pvalloc_29nbfs_LRG2_rnd
5392,64781.16116966127,5314.259007873459,65190.42177420642,60737.12037804932,4044.0407916119498,pvalloc_29nbfs_LRG2_rnd
5393,46000.47875056601,5337.974889221269,46712.64500582663,45555.286455773574,445.19229479243893,pvalloc_29nbfs_LRG2_rnd
5394,27033.147349284,4953.525430282635,28199.826477224433,27033.147349284,0.0,pvalloc_29nbfs_LRG2_rnd
5395,6321.203393732746,7004.842380218323,10430.354837960027,6321.203393732746,0.0,pvalloc_29nbfs_LRG2_rnd
5396,0.0,17145.805585711092,17145.805585711092,0.0,0.0,pvalloc_29nbfs_LRG2_rnd
5397,0.0,18592.212130355496,18592.212130355496,0.0,0.0,pvalloc_29nbfs_LRG2_rnd
5398,0.0,17959.2808656008,17959.2808656008,0.0,0.0,pvalloc_29nbfs_LRG2_rnd
5399,0.0,15321.147510146635,15321.147510146635,0.0,0.0,pvalloc_29nbfs_LRG2_rnd
5400,0.0,13722.161589340783,13722.161589340783,0.0,0.0,pvalloc_29nbfs_LRG2_rnd
5401,0.0,10430.229263731497,10430.229263731497,0.0,0.0,pvalloc_29nbfs_LRG2_rnd
5402,0.0,8829.571873465271,8829.571873465271,0.0,0.0,pvalloc_29nbfs_LRG2_rnd
5403,0.0,7657.188196967489,7657.188196967489,0.0,0.0,pvalloc_29nbfs_LRG2_rnd
5404,0.0,7455.696363549953,7455.696363549953,0.0,0.0,pvalloc_29nbfs_LRG2_rnd
5405,0.0,7031.549107246737,7031.549107246737,0.0,0.0,pvalloc_29nbfs_LRG2_rnd
5406,2.009192857416406,6089.649707319717,6089.697058312249,2.009192857416406,0.0,pvalloc_29nbfs_LRG2_rnd
5407,10246.858293558946,2615.7069765456977,11050.858162326258,10246.858293558946,0.0,pvalloc_29nbfs_LRG2_rnd
5408,29307.3060397363,3028.895982286414,29646.458076959865,29307.3060397363,0.0,pvalloc_29nbfs_LRG2_rnd
5409,48767.49452141371,3991.1556136092668,49084.963923400894,48073.581866268,693.9126551457105,pvalloc_29nbfs_LRG2_rnd
5410,67051.40533394132,3842.5907988668378,67213.20377545602,62348.819929666344,4702.585404274955,pvalloc_29nbfs_LRG2_rnd
5411,74852.24265534326,4142.077901452241,75024.08369013177,67356.61842400294,7495.624231340251,pvalloc_29nbfs_LRG2_rnd
5412,63309.97413602562,5462.248967367669,63790.738167905605,59683.15112251674,3626.823013508871,pvalloc_29nbfs_LRG2_rnd
5413,62776.58376389813,6093.536497442051,63407.34004547026,59235.6362387715,3540.947525126625,pvalloc_29nbfs_LRG2_rnd
5414,57279.57337690827,6035.222471724784,58003.932636019075,54906.36157536784,2373.211801540426,pvalloc_29nbfs_LRG2_rnd
5415,46209.161292292825,5488.195110813742,46969.02547008261,45696.40770965995,512.7535826328906,pvalloc_29nbfs_LRG2_rnd
5416,34371.54344665014,5014.096505740972,35262.58947541333,34321.96243802199,49.58100862814604,pvalloc_29nbfs_LRG2_rnd
5417,27441.162747151644,4820.133780816532,28495.11223590507,27441.162747151644,0.0,pvalloc_29nbfs_LRG2_rnd
5418,11359.199669041007,5233.526899729152,13693.081382011533,11359.199669041007,0.0,pvalloc_29nbfs_LRG2_rnd
5419,2516.9840141016425,6574.797962168997,7235.560786210241,2516.9840141016425,0.0,pvalloc_29nbfs_LRG2_rnd
5420,0.0,14157.216234709502,14157.216234709502,0.0,0.0,pvalloc_29nbfs_LRG2_rnd
5421,0.0,16175.317955120869,16175.317955120869,0.0,0.0,pvalloc_29nbfs_LRG2_rnd
5422,0.0,16617.529616008727,16617.529616008727,0.0,0.0,pvalloc_29nbfs_LRG2_rnd
5423,0.0,15583.466132818583,15583.466132818583,0.0,0.0,pvalloc_29nbfs_LRG2_rnd
5424,0.0,13573.678772779585,13573.678772779585,0.0,0.0,pvalloc_29nbfs_LRG2_rnd
