¨n_iter,feedin_atnode_loss_kW,demand_atnode_kW,feedin_atnode_kW,TotalPower,n_EGID_pvinst,ratio_EGID_pvinst,scen
1,0.0,474753759.39694583,7242785.909458927,11532.642380422762,540.0,0.038341380289690426,pvalloc_29nbfs_30y5_max
2,0.0,465428416.8114525,10992855.227735804,12819.189989906656,826.0,0.09698949162169838,pvalloc_29nbfs_30y5_max
3,0.0,455079072.35576874,15391716.290804889,15552.809791112602,1223.0,0.183825617722238,pvalloc_29nbfs_30y5_max
4,0.0,443071177.8935158,21274249.780000307,18329.115501748583,1713.0,0.3054529963078671,pvalloc_29nbfs_30y5_max
5,12170.122680138431,429819575.7233724,29306593.775170147,21131.030781736135,2237.0,0.4642857142857143,pvalloc_29nbfs_30y5_max
6,135378.24622143758,415626854.74555093,39383084.40657055,23963.08137885424,2903.0,0.6704061346208463,pvalloc_29nbfs_30y5_max
7,753924.3256453946,400589272.33515334,51361830.007777445,26832.094584434682,3547.0,0.9222522010792389,pvalloc_29nbfs_30y5_max
8,2413250.2601174708,385557343.40840846,65211500.42164793,7937.27957549676,1095.0,1.0,pvalloc_29nbfs_30y5_max
9,3086772.808193281,381570848.6223842,68759984.0021498,0.0,0.0,1.0,pvalloc_29nbfs_30y5_max
10,3086772.808193281,381570848.6223842,68759984.0021498,0.0,0.0,1.0,pvalloc_29nbfs_30y5_max
11,3086772.808193281,381570848.6223842,68759984.0021498,0.0,0.0,1.0,pvalloc_29nbfs_30y5_max
12,3086772.808193281,381570848.6223842,68759984.0021498,0.0,0.0,1.0,pvalloc_29nbfs_30y5_max
13,3086772.808193281,381570848.6223842,68759984.0021498,0.0,0.0,1.0,pvalloc_29nbfs_30y5_max
14,3086772.808193281,381570848.6223842,68759984.0021498,0.0,0.0,1.0,pvalloc_29nbfs_30y5_max
15,3086772.808193281,381570848.6223842,68759984.0021498,0.0,0.0,1.0,pvalloc_29nbfs_30y5_max
16,3086772.808193281,381570848.6223842,68759984.0021498,0.0,0.0,1.0,pvalloc_29nbfs_30y5_max
17,3086772.808193281,381570848.6223842,68759984.0021498,0.0,0.0,1.0,pvalloc_29nbfs_30y5_max
18,3086772.808193281,381570848.6223842,68759984.0021498,0.0,0.0,1.0,pvalloc_29nbfs_30y5_max
19,3086772.808193281,381570848.6223842,68759984.0021498,0.0,0.0,1.0,pvalloc_29nbfs_30y5_max
20,3086772.808193281,381570848.6223842,68759984.0021498,0.0,0.0,1.0,pvalloc_29nbfs_30y5_max
21,3086772.808193281,381570848.6223842,68759984.0021498,0.0,0.0,1.0,pvalloc_29nbfs_30y5_max
22,3086772.808193281,381570848.6223842,68759984.0021498,0.0,0.0,1.0,pvalloc_29nbfs_30y5_max
23,3086772.808193281,381570848.6223842,68759984.0021498,0.0,0.0,1.0,pvalloc_29nbfs_30y5_max
24,3086772.808193281,381570848.6223842,68759984.0021498,0.0,0.0,1.0,pvalloc_29nbfs_30y5_max
25,3086772.808193281,381570848.6223842,68759984.0021498,0.0,0.0,1.0,pvalloc_29nbfs_30y5_max
26,3086772.808193281,381570848.6223842,68759984.0021498,0.0,0.0,1.0,pvalloc_29nbfs_30y5_max
27,3086772.808193281,381570848.6223842,68759984.0021498,0.0,0.0,1.0,pvalloc_29nbfs_30y5_max
28,3086772.808193281,381570848.6223842,68759984.0021498,0.0,0.0,1.0,pvalloc_29nbfs_30y5_max
29,3086772.808193281,381570848.6223842,68759984.0021498,0.0,0.0,1.0,pvalloc_29nbfs_30y5_max
30,3086772.808193281,381570848.6223842,68759984.0021498,0.0,0.0,1.0,pvalloc_29nbfs_30y5_max
1,0.0,474747000.7688348,7247394.089208613,11522.17190126962,540.0,0.038341380289690426,pvalloc_29nbfs_30y5_max_1hll
2,0.0,465446463.12535614,10992710.109274529,12805.899115161941,826.0,0.09698949162169838,pvalloc_29nbfs_30y5_max_1hll
3,0.0,455082253.8108997,15385951.689544244,15555.229626986082,1222.0,0.18375461516614597,pvalloc_29nbfs_30y5_max_1hll
4,0.0,443074539.04387605,21275681.960642025,18331.497812329628,1713.0,0.30538199375177505,pvalloc_29nbfs_30y5_max_1hll
5,12588.735597469977,429840722.0547238,29290259.95376915,21137.33103611682,2238.0,0.4642857142857143,pvalloc_29nbfs_30y5_max_1hll
6,103810.9750707545,415649183.1622725,39366119.84405174,23970.062031613485,2958.0,0.6743112752059074,pvalloc_29nbfs_30y5_max_1hll
7,246191.7512608022,400803685.6376092,51576744.27614228,19859.557693967123,2690.0,0.8653081510934394,pvalloc_29nbfs_30y5_max_1hll
8,607733.1293640428,390155922.41880137,61544119.98630246,0.0,0.0,0.8653081510934394,pvalloc_29nbfs_30y5_max_1hll
9,607733.1293640428,390155922.41880137,61544119.98630246,0.0,0.0,0.8653081510934394,pvalloc_29nbfs_30y5_max_1hll
10,607733.1293640428,390155922.41880137,61544119.98630246,0.0,0.0,0.8653081510934394,pvalloc_29nbfs_30y5_max_1hll
11,607733.1293640428,390155922.41880137,61544119.98630246,0.0,0.0,0.8653081510934394,pvalloc_29nbfs_30y5_max_1hll
12,607733.1293640428,390155922.41880137,61544119.98630246,0.0,0.0,0.8653081510934394,pvalloc_29nbfs_30y5_max_1hll
13,607733.1293640428,390155922.41880137,61544119.98630246,0.0,0.0,0.8653081510934394,pvalloc_29nbfs_30y5_max_1hll
14,607733.1293640428,390155922.41880137,61544119.98630246,0.0,0.0,0.8653081510934394,pvalloc_29nbfs_30y5_max_1hll
15,607733.1293640428,390155922.41880137,61544119.98630246,0.0,0.0,0.8653081510934394,pvalloc_29nbfs_30y5_max_1hll
16,607733.1293640428,390155922.41880137,61544119.98630246,0.0,0.0,0.8653081510934394,pvalloc_29nbfs_30y5_max_1hll
17,607733.1293640428,390155922.41880137,61544119.98630246,0.0,0.0,0.8653081510934394,pvalloc_29nbfs_30y5_max_1hll
18,607733.1293640428,390155922.41880137,61544119.98630246,0.0,0.0,0.8653081510934394,pvalloc_29nbfs_30y5_max_1hll
19,607733.1293640428,390155922.41880137,61544119.98630246,0.0,0.0,0.8653081510934394,pvalloc_29nbfs_30y5_max_1hll
20,607733.1293640428,390155922.41880137,61544119.98630246,0.0,0.0,0.8653081510934394,pvalloc_29nbfs_30y5_max_1hll
21,607733.1293640428,390155922.41880137,61544119.98630246,0.0,0.0,0.8653081510934394,pvalloc_29nbfs_30y5_max_1hll
22,607733.1293640428,390155922.41880137,61544119.98630246,0.0,0.0,0.8653081510934394,pvalloc_29nbfs_30y5_max_1hll
23,607733.1293640428,390155922.41880137,61544119.98630246,0.0,0.0,0.8653081510934394,pvalloc_29nbfs_30y5_max_1hll
24,607733.1293640428,390155922.41880137,61544119.98630246,0.0,0.0,0.8653081510934394,pvalloc_29nbfs_30y5_max_1hll
25,607733.1293640428,390155922.41880137,61544119.98630246,0.0,0.0,0.8653081510934394,pvalloc_29nbfs_30y5_max_1hll
26,607733.1293640428,390155922.41880137,61544119.98630246,0.0,0.0,0.8653081510934394,pvalloc_29nbfs_30y5_max_1hll
27,607733.1293640428,390155922.41880137,61544119.98630246,0.0,0.0,0.8653081510934394,pvalloc_29nbfs_30y5_max_1hll
28,607733.1293640428,390155922.41880137,61544119.98630246,0.0,0.0,0.8653081510934394,pvalloc_29nbfs_30y5_max_1hll
29,607733.1293640428,390155922.41880137,61544119.98630246,0.0,0.0,0.8653081510934394,pvalloc_29nbfs_30y5_max_1hll
30,607733.1293640428,390155922.41880137,61544119.98630246,0.0,0.0,0.8653081510934394,pvalloc_29nbfs_30y5_max_1hll
1,0.0,474783600.66614634,7218563.586029123,11526.557525039998,540.0,0.038341380289690426,pvalloc_29nbfs_30y5_max_1hll_sAs2p0
2,0.0,465471887.62079626,10972432.268870607,12805.029428133648,823.0,0.09677648395342232,pvalloc_29nbfs_30y5_max_1hll_sAs2p0
3,0.0,455150071.1170049,15351030.500391433,15552.61061401282,1220.0,0.1833996023856859,pvalloc_29nbfs_30y5_max_1hll_sAs2p0
4,38.73272290942987,443151484.17764616,21299308.816073716,18331.99203852972,1691.0,0.30346492473729053,pvalloc_29nbfs_30y5_max_1hll_sAs2p0
5,38.73272290942987,430068603.39799243,29332485.76659646,21142.573086913584,2229.0,0.4617296222664016,pvalloc_29nbfs_30y5_max_1hll_sAs2p0
6,90724.57026286724,415913011.62215453,39399437.12639661,23964.82009382735,2960.0,0.6718971882987788,pvalloc_29nbfs_30y5_max_1hll_sAs2p0
7,302371.51700744225,401104093.179635,51638942.49821689,19210.377020994794,2628.0,0.8584919057086056,pvalloc_29nbfs_30y5_max_1hll_sAs2p0
8,534923.4726785312,390621129.0997981,61219046.764261596,0.0,0.0,0.8584919057086056,pvalloc_29nbfs_30y5_max_1hll_sAs2p0
9,534923.4726785312,390621129.0997981,61219046.764261596,0.0,0.0,0.8584919057086056,pvalloc_29nbfs_30y5_max_1hll_sAs2p0
10,534923.4726785312,390621129.0997981,61219046.764261596,0.0,0.0,0.8584919057086056,pvalloc_29nbfs_30y5_max_1hll_sAs2p0
11,534923.4726785312,390621129.0997981,61219046.764261596,0.0,0.0,0.8584919057086056,pvalloc_29nbfs_30y5_max_1hll_sAs2p0
12,534923.4726785312,390621129.0997981,61219046.764261596,0.0,0.0,0.8584919057086056,pvalloc_29nbfs_30y5_max_1hll_sAs2p0
13,534923.4726785312,390621129.0997981,61219046.764261596,0.0,0.0,0.8584919057086056,pvalloc_29nbfs_30y5_max_1hll_sAs2p0
14,534923.4726785312,390621129.0997981,61219046.764261596,0.0,0.0,0.8584919057086056,pvalloc_29nbfs_30y5_max_1hll_sAs2p0
15,534923.4726785312,390621129.0997981,61219046.764261596,0.0,0.0,0.8584919057086056,pvalloc_29nbfs_30y5_max_1hll_sAs2p0
16,534923.4726785312,390621129.0997981,61219046.764261596,0.0,0.0,0.8584919057086056,pvalloc_29nbfs_30y5_max_1hll_sAs2p0
17,534923.4726785312,390621129.0997981,61219046.764261596,0.0,0.0,0.8584919057086056,pvalloc_29nbfs_30y5_max_1hll_sAs2p0
18,534923.4726785312,390621129.0997981,61219046.764261596,0.0,0.0,0.8584919057086056,pvalloc_29nbfs_30y5_max_1hll_sAs2p0
19,534923.4726785312,390621129.0997981,61219046.764261596,0.0,0.0,0.8584919057086056,pvalloc_29nbfs_30y5_max_1hll_sAs2p0
20,534923.4726785312,390621129.0997981,61219046.764261596,0.0,0.0,0.8584919057086056,pvalloc_29nbfs_30y5_max_1hll_sAs2p0
21,534923.4726785312,390621129.0997981,61219046.764261596,0.0,0.0,0.8584919057086056,pvalloc_29nbfs_30y5_max_1hll_sAs2p0
22,534923.4726785312,390621129.0997981,61219046.764261596,0.0,0.0,0.8584919057086056,pvalloc_29nbfs_30y5_max_1hll_sAs2p0
23,534923.4726785312,390621129.0997981,61219046.764261596,0.0,0.0,0.8584919057086056,pvalloc_29nbfs_30y5_max_1hll_sAs2p0
24,534923.4726785312,390621129.0997981,61219046.764261596,0.0,0.0,0.8584919057086056,pvalloc_29nbfs_30y5_max_1hll_sAs2p0
25,534923.4726785312,390621129.0997981,61219046.764261596,0.0,0.0,0.8584919057086056,pvalloc_29nbfs_30y5_max_1hll_sAs2p0
26,534923.4726785312,390621129.0997981,61219046.764261596,0.0,0.0,0.8584919057086056,pvalloc_29nbfs_30y5_max_1hll_sAs2p0
27,534923.4726785312,390621129.0997981,61219046.764261596,0.0,0.0,0.8584919057086056,pvalloc_29nbfs_30y5_max_1hll_sAs2p0
28,534923.4726785312,390621129.0997981,61219046.764261596,0.0,0.0,0.8584919057086056,pvalloc_29nbfs_30y5_max_1hll_sAs2p0
29,534923.4726785312,390621129.0997981,61219046.764261596,0.0,0.0,0.8584919057086056,pvalloc_29nbfs_30y5_max_1hll_sAs2p0
30,534923.4726785312,390621129.0997981,61219046.764261596,0.0,0.0,0.8584919057086056,pvalloc_29nbfs_30y5_max_1hll_sAs2p0
1,0.0,474745310.35073566,7250757.902765973,11532.23762997859,540.0,0.038341380289690426,pvalloc_29nbfs_30y5_max_1hll_sAs4p0
2,0.0,465438608.1629355,11006933.45141986,12811.598329582363,825.0,0.09691848906560636,pvalloc_29nbfs_30y5_max_1hll_sAs4p0
3,0.0,455083342.17114675,15398163.110283412,15557.17272464523,1214.0,0.18311559216131781,pvalloc_29nbfs_30y5_max_1hll_sAs4p0
4,221.59526184612884,443204453.28541374,21350573.27154081,18333.905592728603,1674.0,0.30197387105935813,pvalloc_29nbfs_30y5_max_1hll_sAs4p0
5,221.59526184612884,430263221.39054036,29434433.47057515,21138.648341688313,2225.0,0.4599545583641011,pvalloc_29nbfs_30y5_max_1hll_sAs4p0
6,74415.08090567308,416220089.7721028,39494819.49204755,23965.554132572393,2947.0,0.669199091167282,pvalloc_29nbfs_30y5_max_1hll_sAs4p0
7,299745.18115546217,401578301.8144722,51794070.86541005,19093.745685580157,2644.0,0.8569298494745811,pvalloc_29nbfs_30y5_max_1hll_sAs4p0
8,535025.3097090384,390839612.8276798,61197646.33220015,0.0,0.0,0.8569298494745811,pvalloc_29nbfs_30y5_max_1hll_sAs4p0
9,535025.3097090384,390839612.8276798,61197646.33220015,0.0,0.0,0.8569298494745811,pvalloc_29nbfs_30y5_max_1hll_sAs4p0
10,535025.3097090384,390839612.8276798,61197646.33220015,0.0,0.0,0.8569298494745811,pvalloc_29nbfs_30y5_max_1hll_sAs4p0
11,535025.3097090384,390839612.8276798,61197646.33220015,0.0,0.0,0.8569298494745811,pvalloc_29nbfs_30y5_max_1hll_sAs4p0
12,535025.3097090384,390839612.8276798,61197646.33220015,0.0,0.0,0.8569298494745811,pvalloc_29nbfs_30y5_max_1hll_sAs4p0
13,535025.3097090384,390839612.8276798,61197646.33220015,0.0,0.0,0.8569298494745811,pvalloc_29nbfs_30y5_max_1hll_sAs4p0
14,535025.3097090384,390839612.8276798,61197646.33220015,0.0,0.0,0.8569298494745811,pvalloc_29nbfs_30y5_max_1hll_sAs4p0
15,535025.3097090384,390839612.8276798,61197646.33220015,0.0,0.0,0.8569298494745811,pvalloc_29nbfs_30y5_max_1hll_sAs4p0
16,535025.3097090384,390839612.8276798,61197646.33220015,0.0,0.0,0.8569298494745811,pvalloc_29nbfs_30y5_max_1hll_sAs4p0
17,535025.3097090384,390839612.8276798,61197646.33220015,0.0,0.0,0.8569298494745811,pvalloc_29nbfs_30y5_max_1hll_sAs4p0
18,535025.3097090384,390839612.8276798,61197646.33220015,0.0,0.0,0.8569298494745811,pvalloc_29nbfs_30y5_max_1hll_sAs4p0
19,535025.3097090384,390839612.8276798,61197646.33220015,0.0,0.0,0.8569298494745811,pvalloc_29nbfs_30y5_max_1hll_sAs4p0
20,535025.3097090384,390839612.8276798,61197646.33220015,0.0,0.0,0.8569298494745811,pvalloc_29nbfs_30y5_max_1hll_sAs4p0
21,535025.3097090384,390839612.8276798,61197646.33220015,0.0,0.0,0.8569298494745811,pvalloc_29nbfs_30y5_max_1hll_sAs4p0
22,535025.3097090384,390839612.8276798,61197646.33220015,0.0,0.0,0.8569298494745811,pvalloc_29nbfs_30y5_max_1hll_sAs4p0
23,535025.3097090384,390839612.8276798,61197646.33220015,0.0,0.0,0.8569298494745811,pvalloc_29nbfs_30y5_max_1hll_sAs4p0
24,535025.3097090384,390839612.8276798,61197646.33220015,0.0,0.0,0.8569298494745811,pvalloc_29nbfs_30y5_max_1hll_sAs4p0
25,535025.3097090384,390839612.8276798,61197646.33220015,0.0,0.0,0.8569298494745811,pvalloc_29nbfs_30y5_max_1hll_sAs4p0
26,535025.3097090384,390839612.8276798,61197646.33220015,0.0,0.0,0.8569298494745811,pvalloc_29nbfs_30y5_max_1hll_sAs4p0
27,535025.3097090384,390839612.8276798,61197646.33220015,0.0,0.0,0.8569298494745811,pvalloc_29nbfs_30y5_max_1hll_sAs4p0
28,535025.3097090384,390839612.8276798,61197646.33220015,0.0,0.0,0.8569298494745811,pvalloc_29nbfs_30y5_max_1hll_sAs4p0
29,535025.3097090384,390839612.8276798,61197646.33220015,0.0,0.0,0.8569298494745811,pvalloc_29nbfs_30y5_max_1hll_sAs4p0
30,535025.3097090384,390839612.8276798,61197646.33220015,0.0,0.0,0.8569298494745811,pvalloc_29nbfs_30y5_max_1hll_sAs4p0
1,0.0,474762361.35144264,7231392.5965399565,11521.537784368287,540.0,0.038341380289690426,pvalloc_29nbfs_30y5_max_1hll_sAs6p0
2,0.0,465472061.546239,10995786.497849694,12808.486998083583,824.0,0.09684748650951434,pvalloc_29nbfs_30y5_max_1hll_sAs6p0
3,0.0,455135684.06721437,15391008.111578878,15562.766918997062,1207.0,0.18254757171258165,pvalloc_29nbfs_30y5_max_1hll_sAs6p0
4,827.5241952557783,443347429.94267005,21407317.35337961,18337.02919335999,1663.0,0.3006248224936098,pvalloc_29nbfs_30y5_max_1hll_sAs6p0
5,827.5241952557783,430542285.22623044,29488700.09590001,21134.27578181953,2230.0,0.4589605225788128,pvalloc_29nbfs_30y5_max_1hll_sAs6p0
6,54851.06999613648,416539479.4648014,39573641.322003536,23961.774682976316,2964.0,0.6694120988355581,pvalloc_29nbfs_30y5_max_1hll_sAs6p0
7,280338.4870125663,401809268.00779915,51848605.93724591,18812.23772719013,2605.0,0.8543737574552683,pvalloc_29nbfs_30y5_max_1hll_sAs6p0
8,523888.01178204827,391091522.8300908,61070784.14204033,0.0,0.0,0.8543737574552683,pvalloc_29nbfs_30y5_max_1hll_sAs6p0
9,523888.01178204827,391091522.8300908,61070784.14204033,0.0,0.0,0.8543737574552683,pvalloc_29nbfs_30y5_max_1hll_sAs6p0
10,523888.01178204827,391091522.8300908,61070784.14204033,0.0,0.0,0.8543737574552683,pvalloc_29nbfs_30y5_max_1hll_sAs6p0
11,523888.01178204827,391091522.8300908,61070784.14204033,0.0,0.0,0.8543737574552683,pvalloc_29nbfs_30y5_max_1hll_sAs6p0
12,523888.01178204827,391091522.8300908,61070784.14204033,0.0,0.0,0.8543737574552683,pvalloc_29nbfs_30y5_max_1hll_sAs6p0
13,523888.01178204827,391091522.8300908,61070784.14204033,0.0,0.0,0.8543737574552683,pvalloc_29nbfs_30y5_max_1hll_sAs6p0
14,523888.01178204827,391091522.8300908,61070784.14204033,0.0,0.0,0.8543737574552683,pvalloc_29nbfs_30y5_max_1hll_sAs6p0
15,523888.01178204827,391091522.8300908,61070784.14204033,0.0,0.0,0.8543737574552683,pvalloc_29nbfs_30y5_max_1hll_sAs6p0
16,523888.01178204827,391091522.8300908,61070784.14204033,0.0,0.0,0.8543737574552683,pvalloc_29nbfs_30y5_max_1hll_sAs6p0
17,523888.01178204827,391091522.8300908,61070784.14204033,0.0,0.0,0.8543737574552683,pvalloc_29nbfs_30y5_max_1hll_sAs6p0
18,523888.01178204827,391091522.8300908,61070784.14204033,0.0,0.0,0.8543737574552683,pvalloc_29nbfs_30y5_max_1hll_sAs6p0
19,523888.01178204827,391091522.8300908,61070784.14204033,0.0,0.0,0.8543737574552683,pvalloc_29nbfs_30y5_max_1hll_sAs6p0
20,523888.01178204827,391091522.8300908,61070784.14204033,0.0,0.0,0.8543737574552683,pvalloc_29nbfs_30y5_max_1hll_sAs6p0
21,523888.01178204827,391091522.8300908,61070784.14204033,0.0,0.0,0.8543737574552683,pvalloc_29nbfs_30y5_max_1hll_sAs6p0
22,523888.01178204827,391091522.8300908,61070784.14204033,0.0,0.0,0.8543737574552683,pvalloc_29nbfs_30y5_max_1hll_sAs6p0
23,523888.01178204827,391091522.8300908,61070784.14204033,0.0,0.0,0.8543737574552683,pvalloc_29nbfs_30y5_max_1hll_sAs6p0
24,523888.01178204827,391091522.8300908,61070784.14204033,0.0,0.0,0.8543737574552683,pvalloc_29nbfs_30y5_max_1hll_sAs6p0
25,523888.01178204827,391091522.8300908,61070784.14204033,0.0,0.0,0.8543737574552683,pvalloc_29nbfs_30y5_max_1hll_sAs6p0
26,523888.01178204827,391091522.8300908,61070784.14204033,0.0,0.0,0.8543737574552683,pvalloc_29nbfs_30y5_max_1hll_sAs6p0
27,523888.01178204827,391091522.8300908,61070784.14204033,0.0,0.0,0.8543737574552683,pvalloc_29nbfs_30y5_max_1hll_sAs6p0
28,523888.01178204827,391091522.8300908,61070784.14204033,0.0,0.0,0.8543737574552683,pvalloc_29nbfs_30y5_max_1hll_sAs6p0
29,523888.01178204827,391091522.8300908,61070784.14204033,0.0,0.0,0.8543737574552683,pvalloc_29nbfs_30y5_max_1hll_sAs6p0
30,523888.01178204827,391091522.8300908,61070784.14204033,0.0,0.0,0.8543737574552683,pvalloc_29nbfs_30y5_max_1hll_sAs6p0
1,0.0,474762128.8271981,7234162.502959867,11521.125885898206,541.0,0.038412382845782446,pvalloc_29nbfs_30y5_max_1hll_sBs0p4
2,0.0,465536151.59934723,10987897.659544954,12807.657209834528,828.0,0.09720249928997444,pvalloc_29nbfs_30y5_max_1hll_sBs0p4
3,0.0,455208975.6700563,15362179.683007209,15561.907828524465,1224.0,0.18410962794660607,pvalloc_29nbfs_30y5_max_1hll_sBs0p4
4,0.0,443177839.7217804,21297659.366573732,18333.057511927454,1725.0,0.30658903720533937,pvalloc_29nbfs_30y5_max_1hll_sBs0p4
5,8484.602847899645,429910052.841465,29362686.77142009,21132.257005523308,2236.0,0.4653507526270946,pvalloc_29nbfs_30y5_max_1hll_sBs0p4
6,60438.11849435272,415812052.49340564,39418824.693792984,23968.32866650497,2958.0,0.6753763135472877,pvalloc_29nbfs_30y5_max_1hll_sBs0p4
7,195206.59751065023,401094150.0691891,51497085.633543566,19445.035573501984,2622.0,0.8615450156205623,pvalloc_29nbfs_30y5_max_1hll_sBs0p4
8,564874.3116674724,390447714.76452726,61272345.60835706,0.0,0.0,0.8615450156205623,pvalloc_29nbfs_30y5_max_1hll_sBs0p4
9,564874.3116674724,390447714.76452726,61272345.60835706,0.0,0.0,0.8615450156205623,pvalloc_29nbfs_30y5_max_1hll_sBs0p4
10,564874.3116674724,390447714.76452726,61272345.60835706,0.0,0.0,0.8615450156205623,pvalloc_29nbfs_30y5_max_1hll_sBs0p4
11,564874.3116674724,390447714.76452726,61272345.60835706,0.0,0.0,0.8615450156205623,pvalloc_29nbfs_30y5_max_1hll_sBs0p4
12,564874.3116674724,390447714.76452726,61272345.60835706,0.0,0.0,0.8615450156205623,pvalloc_29nbfs_30y5_max_1hll_sBs0p4
13,564874.3116674724,390447714.76452726,61272345.60835706,0.0,0.0,0.8615450156205623,pvalloc_29nbfs_30y5_max_1hll_sBs0p4
14,564874.3116674724,390447714.76452726,61272345.60835706,0.0,0.0,0.8615450156205623,pvalloc_29nbfs_30y5_max_1hll_sBs0p4
15,564874.3116674724,390447714.76452726,61272345.60835706,0.0,0.0,0.8615450156205623,pvalloc_29nbfs_30y5_max_1hll_sBs0p4
16,564874.3116674724,390447714.76452726,61272345.60835706,0.0,0.0,0.8615450156205623,pvalloc_29nbfs_30y5_max_1hll_sBs0p4
17,564874.3116674724,390447714.76452726,61272345.60835706,0.0,0.0,0.8615450156205623,pvalloc_29nbfs_30y5_max_1hll_sBs0p4
18,564874.3116674724,390447714.76452726,61272345.60835706,0.0,0.0,0.8615450156205623,pvalloc_29nbfs_30y5_max_1hll_sBs0p4
19,564874.3116674724,390447714.76452726,61272345.60835706,0.0,0.0,0.8615450156205623,pvalloc_29nbfs_30y5_max_1hll_sBs0p4
20,564874.3116674724,390447714.76452726,61272345.60835706,0.0,0.0,0.8615450156205623,pvalloc_29nbfs_30y5_max_1hll_sBs0p4
21,564874.3116674724,390447714.76452726,61272345.60835706,0.0,0.0,0.8615450156205623,pvalloc_29nbfs_30y5_max_1hll_sBs0p4
22,564874.3116674724,390447714.76452726,61272345.60835706,0.0,0.0,0.8615450156205623,pvalloc_29nbfs_30y5_max_1hll_sBs0p4
23,564874.3116674724,390447714.76452726,61272345.60835706,0.0,0.0,0.8615450156205623,pvalloc_29nbfs_30y5_max_1hll_sBs0p4
24,564874.3116674724,390447714.76452726,61272345.60835706,0.0,0.0,0.8615450156205623,pvalloc_29nbfs_30y5_max_1hll_sBs0p4
25,564874.3116674724,390447714.76452726,61272345.60835706,0.0,0.0,0.8615450156205623,pvalloc_29nbfs_30y5_max_1hll_sBs0p4
26,564874.3116674724,390447714.76452726,61272345.60835706,0.0,0.0,0.8615450156205623,pvalloc_29nbfs_30y5_max_1hll_sBs0p4
27,564874.3116674724,390447714.76452726,61272345.60835706,0.0,0.0,0.8615450156205623,pvalloc_29nbfs_30y5_max_1hll_sBs0p4
28,564874.3116674724,390447714.76452726,61272345.60835706,0.0,0.0,0.8615450156205623,pvalloc_29nbfs_30y5_max_1hll_sBs0p4
29,564874.3116674724,390447714.76452726,61272345.60835706,0.0,0.0,0.8615450156205623,pvalloc_29nbfs_30y5_max_1hll_sBs0p4
30,564874.3116674724,390447714.76452726,61272345.60835706,0.0,0.0,0.8615450156205623,pvalloc_29nbfs_30y5_max_1hll_sBs0p4
1,0.0,474738517.71561724,7255898.446592969,11519.111085483106,547.0,0.03883839818233457,pvalloc_29nbfs_30y5_max_1hll_sBs0p6
2,0.0,465564967.01452893,11007589.432738034,12813.793626206576,828.0,0.09762851462652655,pvalloc_29nbfs_30y5_max_1hll_sBs0p6
3,0.0,455244242.7482467,15381727.870262051,15556.700360338442,1239.0,0.1856006816245385,pvalloc_29nbfs_30y5_max_1hll_sBs0p6
4,0.0,443271769.8056487,21460910.80672452,18333.22333073608,1755.0,0.31021016756603237,pvalloc_29nbfs_30y5_max_1hll_sBs0p6
5,5246.784394671717,430086565.6923692,29524760.226626292,21137.696127775853,2248.0,0.46982391366089177,pvalloc_29nbfs_30y5_max_1hll_sBs0p6
6,20589.85512869604,416123308.78133047,39494156.08640395,23967.018849932952,2901.0,0.6758023288838398,pvalloc_29nbfs_30y5_max_1hll_sBs0p6
7,246845.45210934783,401234056.40375865,51449988.0936895,21395.573937015648,2873.0,0.8797926725362113,pvalloc_29nbfs_30y5_max_1hll_sBs0p6
8,903374.596441146,389321091.6342924,62328032.474887595,0.0,0.0,0.8797926725362113,pvalloc_29nbfs_30y5_max_1hll_sBs0p6
9,903374.596441146,389321091.6342924,62328032.474887595,0.0,0.0,0.8797926725362113,pvalloc_29nbfs_30y5_max_1hll_sBs0p6
10,903374.596441146,389321091.6342924,62328032.474887595,0.0,0.0,0.8797926725362113,pvalloc_29nbfs_30y5_max_1hll_sBs0p6
11,903374.596441146,389321091.6342924,62328032.474887595,0.0,0.0,0.8797926725362113,pvalloc_29nbfs_30y5_max_1hll_sBs0p6
12,903374.596441146,389321091.6342924,62328032.474887595,0.0,0.0,0.8797926725362113,pvalloc_29nbfs_30y5_max_1hll_sBs0p6
13,903374.596441146,389321091.6342924,62328032.474887595,0.0,0.0,0.8797926725362113,pvalloc_29nbfs_30y5_max_1hll_sBs0p6
14,903374.596441146,389321091.6342924,62328032.474887595,0.0,0.0,0.8797926725362113,pvalloc_29nbfs_30y5_max_1hll_sBs0p6
15,903374.596441146,389321091.6342924,62328032.474887595,0.0,0.0,0.8797926725362113,pvalloc_29nbfs_30y5_max_1hll_sBs0p6
16,903374.596441146,389321091.6342924,62328032.474887595,0.0,0.0,0.8797926725362113,pvalloc_29nbfs_30y5_max_1hll_sBs0p6
17,903374.596441146,389321091.6342924,62328032.474887595,0.0,0.0,0.8797926725362113,pvalloc_29nbfs_30y5_max_1hll_sBs0p6
18,903374.596441146,389321091.6342924,62328032.474887595,0.0,0.0,0.8797926725362113,pvalloc_29nbfs_30y5_max_1hll_sBs0p6
19,903374.596441146,389321091.6342924,62328032.474887595,0.0,0.0,0.8797926725362113,pvalloc_29nbfs_30y5_max_1hll_sBs0p6
20,903374.596441146,389321091.6342924,62328032.474887595,0.0,0.0,0.8797926725362113,pvalloc_29nbfs_30y5_max_1hll_sBs0p6
21,903374.596441146,389321091.6342924,62328032.474887595,0.0,0.0,0.8797926725362113,pvalloc_29nbfs_30y5_max_1hll_sBs0p6
22,903374.596441146,389321091.6342924,62328032.474887595,0.0,0.0,0.8797926725362113,pvalloc_29nbfs_30y5_max_1hll_sBs0p6
23,903374.596441146,389321091.6342924,62328032.474887595,0.0,0.0,0.8797926725362113,pvalloc_29nbfs_30y5_max_1hll_sBs0p6
24,903374.596441146,389321091.6342924,62328032.474887595,0.0,0.0,0.8797926725362113,pvalloc_29nbfs_30y5_max_1hll_sBs0p6
25,903374.596441146,389321091.6342924,62328032.474887595,0.0,0.0,0.8797926725362113,pvalloc_29nbfs_30y5_max_1hll_sBs0p6
26,903374.596441146,389321091.6342924,62328032.474887595,0.0,0.0,0.8797926725362113,pvalloc_29nbfs_30y5_max_1hll_sBs0p6
27,903374.596441146,389321091.6342924,62328032.474887595,0.0,0.0,0.8797926725362113,pvalloc_29nbfs_30y5_max_1hll_sBs0p6
28,903374.596441146,389321091.6342924,62328032.474887595,0.0,0.0,0.8797926725362113,pvalloc_29nbfs_30y5_max_1hll_sBs0p6
29,903374.596441146,389321091.6342924,62328032.474887595,0.0,0.0,0.8797926725362113,pvalloc_29nbfs_30y5_max_1hll_sBs0p6
30,903374.596441146,389321091.6342924,62328032.474887595,0.0,0.0,0.8797926725362113,pvalloc_29nbfs_30y5_max_1hll_sBs0p6
1,0.0,474752436.73185545,7249075.380715969,11538.227683470503,548.0,0.03890940073842658,pvalloc_29nbfs_30y5_max_1hll_sBs0p8
2,0.0,465566782.00074124,11005366.626770094,12817.266809307052,829.0,0.09777051973871059,pvalloc_29nbfs_30y5_max_1hll_sBs0p8
3,0.0,455210270.6590838,15387080.442626264,15557.054012332292,1239.0,0.18574268673672253,pvalloc_29nbfs_30y5_max_1hll_sBs0p8
4,0.0,443239360.0500998,21461558.499783576,18332.21274587091,1755.0,0.3103521726782164,pvalloc_29nbfs_30y5_max_1hll_sBs0p8
5,5217.892941729713,430070146.24525803,29535268.647687286,21140.12130335873,2250.0,0.47010792388525985,pvalloc_29nbfs_30y5_max_1hll_sBs0p8
6,20354.49248083252,416110368.63233125,39513546.48236762,23965.984025511272,2900.0,0.6760153365521159,pvalloc_29nbfs_30y5_max_1hll_sBs0p8
7,247097.42411290613,401228263.00548625,51458691.78393729,20004.913384546897,2687.0,0.8667992047713717,pvalloc_29nbfs_30y5_max_1hll_sBs0p8
8,638750.7993473643,390072132.9119806,61570179.089796774,0.0,0.0,0.8667992047713717,pvalloc_29nbfs_30y5_max_1hll_sBs0p8
9,638750.7993473643,390072132.9119806,61570179.089796774,0.0,0.0,0.8667992047713717,pvalloc_29nbfs_30y5_max_1hll_sBs0p8
10,638750.7993473643,390072132.9119806,61570179.089796774,0.0,0.0,0.8667992047713717,pvalloc_29nbfs_30y5_max_1hll_sBs0p8
11,638750.7993473643,390072132.9119806,61570179.089796774,0.0,0.0,0.8667992047713717,pvalloc_29nbfs_30y5_max_1hll_sBs0p8
12,638750.7993473643,390072132.9119806,61570179.089796774,0.0,0.0,0.8667992047713717,pvalloc_29nbfs_30y5_max_1hll_sBs0p8
13,638750.7993473643,390072132.9119806,61570179.089796774,0.0,0.0,0.8667992047713717,pvalloc_29nbfs_30y5_max_1hll_sBs0p8
14,638750.7993473643,390072132.9119806,61570179.089796774,0.0,0.0,0.8667992047713717,pvalloc_29nbfs_30y5_max_1hll_sBs0p8
15,638750.7993473643,390072132.9119806,61570179.089796774,0.0,0.0,0.8667992047713717,pvalloc_29nbfs_30y5_max_1hll_sBs0p8
16,638750.7993473643,390072132.9119806,61570179.089796774,0.0,0.0,0.8667992047713717,pvalloc_29nbfs_30y5_max_1hll_sBs0p8
17,638750.7993473643,390072132.9119806,61570179.089796774,0.0,0.0,0.8667992047713717,pvalloc_29nbfs_30y5_max_1hll_sBs0p8
18,638750.7993473643,390072132.9119806,61570179.089796774,0.0,0.0,0.8667992047713717,pvalloc_29nbfs_30y5_max_1hll_sBs0p8
19,638750.7993473643,390072132.9119806,61570179.089796774,0.0,0.0,0.8667992047713717,pvalloc_29nbfs_30y5_max_1hll_sBs0p8
20,638750.7993473643,390072132.9119806,61570179.089796774,0.0,0.0,0.8667992047713717,pvalloc_29nbfs_30y5_max_1hll_sBs0p8
21,638750.7993473643,390072132.9119806,61570179.089796774,0.0,0.0,0.8667992047713717,pvalloc_29nbfs_30y5_max_1hll_sBs0p8
22,638750.7993473643,390072132.9119806,61570179.089796774,0.0,0.0,0.8667992047713717,pvalloc_29nbfs_30y5_max_1hll_sBs0p8
23,638750.7993473643,390072132.9119806,61570179.089796774,0.0,0.0,0.8667992047713717,pvalloc_29nbfs_30y5_max_1hll_sBs0p8
24,638750.7993473643,390072132.9119806,61570179.089796774,0.0,0.0,0.8667992047713717,pvalloc_29nbfs_30y5_max_1hll_sBs0p8
25,638750.7993473643,390072132.9119806,61570179.089796774,0.0,0.0,0.8667992047713717,pvalloc_29nbfs_30y5_max_1hll_sBs0p8
26,638750.7993473643,390072132.9119806,61570179.089796774,0.0,0.0,0.8667992047713717,pvalloc_29nbfs_30y5_max_1hll_sBs0p8
27,638750.7993473643,390072132.9119806,61570179.089796774,0.0,0.0,0.8667992047713717,pvalloc_29nbfs_30y5_max_1hll_sBs0p8
28,638750.7993473643,390072132.9119806,61570179.089796774,0.0,0.0,0.8667992047713717,pvalloc_29nbfs_30y5_max_1hll_sBs0p8
29,638750.7993473643,390072132.9119806,61570179.089796774,0.0,0.0,0.8667992047713717,pvalloc_29nbfs_30y5_max_1hll_sBs0p8
30,638750.7993473643,390072132.9119806,61570179.089796774,0.0,0.0,0.8667992047713717,pvalloc_29nbfs_30y5_max_1hll_sBs0p8
1,0.0,474742953.28570724,7249974.7751326775,11532.389651007063,543.0,0.038554387957966486,pvalloc_29nbfs_30y5_max_1hll_sC4p4
2,0.0,465561813.7713919,11012931.080049038,12805.53392013158,822.0,0.09691848906560636,pvalloc_29nbfs_30y5_max_1hll_sC4p4
3,0.0,455209659.238207,15400106.900255501,15562.651487680385,1211.0,0.18290258449304175,pvalloc_29nbfs_30y5_max_1hll_sC4p4
4,43.76080532635899,443459815.75183034,21445053.47949119,18328.68098395965,1676.0,0.30190286850326614,pvalloc_29nbfs_30y5_max_1hll_sC4p4
5,43.76080532635899,430667537.4113641,29614325.32211309,21131.79635981815,2252.0,0.4618006248224936,pvalloc_29nbfs_30y5_max_1hll_sC4p4
6,23722.673923341354,416700787.9259855,39719255.9959847,23967.856570127093,2916.0,0.6688440783868219,pvalloc_29nbfs_30y5_max_1hll_sC4p4
7,359097.9390212575,401913306.0026096,51762254.91443633,21132.917075246503,2902.0,0.874893496165862,pvalloc_29nbfs_30y5_max_1hll_sC4p4
8,709824.9295604073,389710333.7657749,62132744.948484674,0.0,0.0,0.874893496165862,pvalloc_29nbfs_30y5_max_1hll_sC4p4
9,709824.9295604073,389710333.7657749,62132744.948484674,0.0,0.0,0.874893496165862,pvalloc_29nbfs_30y5_max_1hll_sC4p4
10,709824.9295604073,389710333.7657749,62132744.948484674,0.0,0.0,0.874893496165862,pvalloc_29nbfs_30y5_max_1hll_sC4p4
11,709824.9295604073,389710333.7657749,62132744.948484674,0.0,0.0,0.874893496165862,pvalloc_29nbfs_30y5_max_1hll_sC4p4
12,709824.9295604073,389710333.7657749,62132744.948484674,0.0,0.0,0.874893496165862,pvalloc_29nbfs_30y5_max_1hll_sC4p4
13,709824.9295604073,389710333.7657749,62132744.948484674,0.0,0.0,0.874893496165862,pvalloc_29nbfs_30y5_max_1hll_sC4p4
14,709824.9295604073,389710333.7657749,62132744.948484674,0.0,0.0,0.874893496165862,pvalloc_29nbfs_30y5_max_1hll_sC4p4
15,709824.9295604073,389710333.7657749,62132744.948484674,0.0,0.0,0.874893496165862,pvalloc_29nbfs_30y5_max_1hll_sC4p4
16,709824.9295604073,389710333.7657749,62132744.948484674,0.0,0.0,0.874893496165862,pvalloc_29nbfs_30y5_max_1hll_sC4p4
17,709824.9295604073,389710333.7657749,62132744.948484674,0.0,0.0,0.874893496165862,pvalloc_29nbfs_30y5_max_1hll_sC4p4
18,709824.9295604073,389710333.7657749,62132744.948484674,0.0,0.0,0.874893496165862,pvalloc_29nbfs_30y5_max_1hll_sC4p4
19,709824.9295604073,389710333.7657749,62132744.948484674,0.0,0.0,0.874893496165862,pvalloc_29nbfs_30y5_max_1hll_sC4p4
20,709824.9295604073,389710333.7657749,62132744.948484674,0.0,0.0,0.874893496165862,pvalloc_29nbfs_30y5_max_1hll_sC4p4
21,709824.9295604073,389710333.7657749,62132744.948484674,0.0,0.0,0.874893496165862,pvalloc_29nbfs_30y5_max_1hll_sC4p4
22,709824.9295604073,389710333.7657749,62132744.948484674,0.0,0.0,0.874893496165862,pvalloc_29nbfs_30y5_max_1hll_sC4p4
23,709824.9295604073,389710333.7657749,62132744.948484674,0.0,0.0,0.874893496165862,pvalloc_29nbfs_30y5_max_1hll_sC4p4
24,709824.9295604073,389710333.7657749,62132744.948484674,0.0,0.0,0.874893496165862,pvalloc_29nbfs_30y5_max_1hll_sC4p4
25,709824.9295604073,389710333.7657749,62132744.948484674,0.0,0.0,0.874893496165862,pvalloc_29nbfs_30y5_max_1hll_sC4p4
26,709824.9295604073,389710333.7657749,62132744.948484674,0.0,0.0,0.874893496165862,pvalloc_29nbfs_30y5_max_1hll_sC4p4
27,709824.9295604073,389710333.7657749,62132744.948484674,0.0,0.0,0.874893496165862,pvalloc_29nbfs_30y5_max_1hll_sC4p4
28,709824.9295604073,389710333.7657749,62132744.948484674,0.0,0.0,0.874893496165862,pvalloc_29nbfs_30y5_max_1hll_sC4p4
29,709824.9295604073,389710333.7657749,62132744.948484674,0.0,0.0,0.874893496165862,pvalloc_29nbfs_30y5_max_1hll_sC4p4
30,709824.9295604073,389710333.7657749,62132744.948484674,0.0,0.0,0.874893496165862,pvalloc_29nbfs_30y5_max_1hll_sC4p4
1,0.0,474742956.8327564,7252836.048363035,11534.048630053026,547.0,0.03883839818233457,pvalloc_29nbfs_30y5_max_1hll_sC4p6
2,0.0,465578366.34689003,11019273.428248053,12810.79675970583,823.0,0.09727350184606647,pvalloc_29nbfs_30y5_max_1hll_sC4p6
3,0.0,455322388.4168306,15426069.671451598,15564.398024478987,1213.0,0.1833996023856859,pvalloc_29nbfs_30y5_max_1hll_sC4p6
4,11.662410952037021,443529431.6573071,21477521.997831415,18336.947201217055,1685.0,0.3030389094007384,pvalloc_29nbfs_30y5_max_1hll_sC4p6
5,11.662410952037021,430744257.9966554,29690749.322418436,21135.386820969634,2263.0,0.46371769383697814,pvalloc_29nbfs_30y5_max_1hll_sC4p6
6,19075.66744266153,416809946.0066746,39746578.629999995,23962.90656744973,2890.0,0.668915080942914,pvalloc_29nbfs_30y5_max_1hll_sC4p6
7,357845.5722601991,402002562.0759601,51730633.542406,22915.548891202212,3125.0,0.8907980687304743,pvalloc_29nbfs_30y5_max_1hll_sC4p6
8,981818.710691066,388687259.671583,63068592.08799631,0.0,0.0,0.8907980687304743,pvalloc_29nbfs_30y5_max_1hll_sC4p6
9,981818.710691066,388687259.671583,63068592.08799631,0.0,0.0,0.8907980687304743,pvalloc_29nbfs_30y5_max_1hll_sC4p6
10,981818.710691066,388687259.671583,63068592.08799631,0.0,0.0,0.8907980687304743,pvalloc_29nbfs_30y5_max_1hll_sC4p6
11,981818.710691066,388687259.671583,63068592.08799631,0.0,0.0,0.8907980687304743,pvalloc_29nbfs_30y5_max_1hll_sC4p6
12,981818.710691066,388687259.671583,63068592.08799631,0.0,0.0,0.8907980687304743,pvalloc_29nbfs_30y5_max_1hll_sC4p6
13,981818.710691066,388687259.671583,63068592.08799631,0.0,0.0,0.8907980687304743,pvalloc_29nbfs_30y5_max_1hll_sC4p6
14,981818.710691066,388687259.671583,63068592.08799631,0.0,0.0,0.8907980687304743,pvalloc_29nbfs_30y5_max_1hll_sC4p6
15,981818.710691066,388687259.671583,63068592.08799631,0.0,0.0,0.8907980687304743,pvalloc_29nbfs_30y5_max_1hll_sC4p6
16,981818.710691066,388687259.671583,63068592.08799631,0.0,0.0,0.8907980687304743,pvalloc_29nbfs_30y5_max_1hll_sC4p6
17,981818.710691066,388687259.671583,63068592.08799631,0.0,0.0,0.8907980687304743,pvalloc_29nbfs_30y5_max_1hll_sC4p6
18,981818.710691066,388687259.671583,63068592.08799631,0.0,0.0,0.8907980687304743,pvalloc_29nbfs_30y5_max_1hll_sC4p6
19,981818.710691066,388687259.671583,63068592.08799631,0.0,0.0,0.8907980687304743,pvalloc_29nbfs_30y5_max_1hll_sC4p6
20,981818.710691066,388687259.671583,63068592.08799631,0.0,0.0,0.8907980687304743,pvalloc_29nbfs_30y5_max_1hll_sC4p6
21,981818.710691066,388687259.671583,63068592.08799631,0.0,0.0,0.8907980687304743,pvalloc_29nbfs_30y5_max_1hll_sC4p6
22,981818.710691066,388687259.671583,63068592.08799631,0.0,0.0,0.8907980687304743,pvalloc_29nbfs_30y5_max_1hll_sC4p6
23,981818.710691066,388687259.671583,63068592.08799631,0.0,0.0,0.8907980687304743,pvalloc_29nbfs_30y5_max_1hll_sC4p6
24,981818.710691066,388687259.671583,63068592.08799631,0.0,0.0,0.8907980687304743,pvalloc_29nbfs_30y5_max_1hll_sC4p6
25,981818.710691066,388687259.671583,63068592.08799631,0.0,0.0,0.8907980687304743,pvalloc_29nbfs_30y5_max_1hll_sC4p6
26,981818.710691066,388687259.671583,63068592.08799631,0.0,0.0,0.8907980687304743,pvalloc_29nbfs_30y5_max_1hll_sC4p6
27,981818.710691066,388687259.671583,63068592.08799631,0.0,0.0,0.8907980687304743,pvalloc_29nbfs_30y5_max_1hll_sC4p6
28,981818.710691066,388687259.671583,63068592.08799631,0.0,0.0,0.8907980687304743,pvalloc_29nbfs_30y5_max_1hll_sC4p6
29,981818.710691066,388687259.671583,63068592.08799631,0.0,0.0,0.8907980687304743,pvalloc_29nbfs_30y5_max_1hll_sC4p6
30,981818.710691066,388687259.671583,63068592.08799631,0.0,0.0,0.8907980687304743,pvalloc_29nbfs_30y5_max_1hll_sC4p6
1,0.0,474748972.5128314,7248189.292763498,11537.554409428281,552.0,0.03919341096279466,pvalloc_29nbfs_30y5_max_1hll_sC4p8
2,0.0,465608753.05126905,11014195.70510553,12818.396111607137,820.0,0.09741550695825049,pvalloc_29nbfs_30y5_max_1hll_sC4p8
3,0.0,455352685.89814675,15433297.173992947,15557.756816208086,1226.0,0.18446464072706617,pvalloc_29nbfs_30y5_max_1hll_sC4p8
4,1.4427049799643896,443528931.7781709,21532266.143862315,18333.927423546964,1702.0,0.30531099119568306,pvalloc_29nbfs_30y5_max_1hll_sC4p8
5,1.4427049799643896,430861881.00656426,29785815.766118143,21142.704998760062,2265.0,0.46613178074410677,pvalloc_29nbfs_30y5_max_1hll_sC4p8
6,11947.600878206475,416919494.6049885,39793210.28530367,23961.624360920345,2870.0,0.6699091167282022,pvalloc_29nbfs_30y5_max_1hll_sC4p8
7,352366.4175083358,402040930.243959,51752223.97657375,22832.881483921214,3099.0,0.88994603805737,pvalloc_29nbfs_30y5_max_1hll_sC4p8
8,976230.948643984,388728130.8844635,63060769.95849063,0.0,0.0,0.88994603805737,pvalloc_29nbfs_30y5_max_1hll_sC4p8
9,976230.948643984,388728130.8844635,63060769.95849063,0.0,0.0,0.88994603805737,pvalloc_29nbfs_30y5_max_1hll_sC4p8
10,976230.948643984,388728130.8844635,63060769.95849063,0.0,0.0,0.88994603805737,pvalloc_29nbfs_30y5_max_1hll_sC4p8
11,976230.948643984,388728130.8844635,63060769.95849063,0.0,0.0,0.88994603805737,pvalloc_29nbfs_30y5_max_1hll_sC4p8
12,976230.948643984,388728130.8844635,63060769.95849063,0.0,0.0,0.88994603805737,pvalloc_29nbfs_30y5_max_1hll_sC4p8
13,976230.948643984,388728130.8844635,63060769.95849063,0.0,0.0,0.88994603805737,pvalloc_29nbfs_30y5_max_1hll_sC4p8
14,976230.948643984,388728130.8844635,63060769.95849063,0.0,0.0,0.88994603805737,pvalloc_29nbfs_30y5_max_1hll_sC4p8
15,976230.948643984,388728130.8844635,63060769.95849063,0.0,0.0,0.88994603805737,pvalloc_29nbfs_30y5_max_1hll_sC4p8
16,976230.948643984,388728130.8844635,63060769.95849063,0.0,0.0,0.88994603805737,pvalloc_29nbfs_30y5_max_1hll_sC4p8
17,976230.948643984,388728130.8844635,63060769.95849063,0.0,0.0,0.88994603805737,pvalloc_29nbfs_30y5_max_1hll_sC4p8
18,976230.948643984,388728130.8844635,63060769.95849063,0.0,0.0,0.88994603805737,pvalloc_29nbfs_30y5_max_1hll_sC4p8
19,976230.948643984,388728130.8844635,63060769.95849063,0.0,0.0,0.88994603805737,pvalloc_29nbfs_30y5_max_1hll_sC4p8
20,976230.948643984,388728130.8844635,63060769.95849063,0.0,0.0,0.88994603805737,pvalloc_29nbfs_30y5_max_1hll_sC4p8
21,976230.948643984,388728130.8844635,63060769.95849063,0.0,0.0,0.88994603805737,pvalloc_29nbfs_30y5_max_1hll_sC4p8
22,976230.948643984,388728130.8844635,63060769.95849063,0.0,0.0,0.88994603805737,pvalloc_29nbfs_30y5_max_1hll_sC4p8
23,976230.948643984,388728130.8844635,63060769.95849063,0.0,0.0,0.88994603805737,pvalloc_29nbfs_30y5_max_1hll_sC4p8
24,976230.948643984,388728130.8844635,63060769.95849063,0.0,0.0,0.88994603805737,pvalloc_29nbfs_30y5_max_1hll_sC4p8
25,976230.948643984,388728130.8844635,63060769.95849063,0.0,0.0,0.88994603805737,pvalloc_29nbfs_30y5_max_1hll_sC4p8
26,976230.948643984,388728130.8844635,63060769.95849063,0.0,0.0,0.88994603805737,pvalloc_29nbfs_30y5_max_1hll_sC4p8
27,976230.948643984,388728130.8844635,63060769.95849063,0.0,0.0,0.88994603805737,pvalloc_29nbfs_30y5_max_1hll_sC4p8
28,976230.948643984,388728130.8844635,63060769.95849063,0.0,0.0,0.88994603805737,pvalloc_29nbfs_30y5_max_1hll_sC4p8
29,976230.948643984,388728130.8844635,63060769.95849063,0.0,0.0,0.88994603805737,pvalloc_29nbfs_30y5_max_1hll_sC4p8
30,976230.948643984,388728130.8844635,63060769.95849063,0.0,0.0,0.88994603805737,pvalloc_29nbfs_30y5_max_1hll_sC4p8
1,0.0,474756916.0349023,7240484.180570264,11524.263880771128,541.0,0.038412382845782446,pvalloc_29nbfs_30y5_max_1hll_sCs2p4
2,0.0,465534182.71581453,10999260.20499675,12814.721516299513,827.0,0.09713149673388242,pvalloc_29nbfs_30y5_max_1hll_sCs2p4
3,0.0,455215945.11405766,15374207.861523692,15554.398171293275,1216.0,0.18347060494177792,pvalloc_29nbfs_30y5_max_1hll_sCs2p4
4,8.276755889818844,443227282.72160727,21345737.11403067,18336.492038825836,1704.0,0.3044589605225788,pvalloc_29nbfs_30y5_max_1hll_sCs2p4
5,8.276755889818844,430113710.80864,29434506.225609828,21134.41581511464,2235.0,0.463149673388242,pvalloc_29nbfs_30y5_max_1hll_sCs2p4
6,42831.78974616545,416053242.0222042,39449722.119731605,23965.3082783449,2949.0,0.672536211303607,pvalloc_29nbfs_30y5_max_1hll_sCs2p4
7,230567.1742160701,401313741.8866912,51525909.671026714,19918.75909279671,2716.0,0.8653791536495313,pvalloc_29nbfs_30y5_max_1hll_sCs2p4
8,619792.0961969893,390235047.03145015,61531564.46333065,0.0,0.0,0.8653791536495313,pvalloc_29nbfs_30y5_max_1hll_sCs2p4
9,619792.0961969893,390235047.03145015,61531564.46333065,0.0,0.0,0.8653791536495313,pvalloc_29nbfs_30y5_max_1hll_sCs2p4
10,619792.0961969893,390235047.03145015,61531564.46333065,0.0,0.0,0.8653791536495313,pvalloc_29nbfs_30y5_max_1hll_sCs2p4
11,619792.0961969893,390235047.03145015,61531564.46333065,0.0,0.0,0.8653791536495313,pvalloc_29nbfs_30y5_max_1hll_sCs2p4
12,619792.0961969893,390235047.03145015,61531564.46333065,0.0,0.0,0.8653791536495313,pvalloc_29nbfs_30y5_max_1hll_sCs2p4
13,619792.0961969893,390235047.03145015,61531564.46333065,0.0,0.0,0.8653791536495313,pvalloc_29nbfs_30y5_max_1hll_sCs2p4
14,619792.0961969893,390235047.03145015,61531564.46333065,0.0,0.0,0.8653791536495313,pvalloc_29nbfs_30y5_max_1hll_sCs2p4
15,619792.0961969893,390235047.03145015,61531564.46333065,0.0,0.0,0.8653791536495313,pvalloc_29nbfs_30y5_max_1hll_sCs2p4
16,619792.0961969893,390235047.03145015,61531564.46333065,0.0,0.0,0.8653791536495313,pvalloc_29nbfs_30y5_max_1hll_sCs2p4
17,619792.0961969893,390235047.03145015,61531564.46333065,0.0,0.0,0.8653791536495313,pvalloc_29nbfs_30y5_max_1hll_sCs2p4
18,619792.0961969893,390235047.03145015,61531564.46333065,0.0,0.0,0.8653791536495313,pvalloc_29nbfs_30y5_max_1hll_sCs2p4
19,619792.0961969893,390235047.03145015,61531564.46333065,0.0,0.0,0.8653791536495313,pvalloc_29nbfs_30y5_max_1hll_sCs2p4
20,619792.0961969893,390235047.03145015,61531564.46333065,0.0,0.0,0.8653791536495313,pvalloc_29nbfs_30y5_max_1hll_sCs2p4
21,619792.0961969893,390235047.03145015,61531564.46333065,0.0,0.0,0.8653791536495313,pvalloc_29nbfs_30y5_max_1hll_sCs2p4
22,619792.0961969893,390235047.03145015,61531564.46333065,0.0,0.0,0.8653791536495313,pvalloc_29nbfs_30y5_max_1hll_sCs2p4
23,619792.0961969893,390235047.03145015,61531564.46333065,0.0,0.0,0.8653791536495313,pvalloc_29nbfs_30y5_max_1hll_sCs2p4
24,619792.0961969893,390235047.03145015,61531564.46333065,0.0,0.0,0.8653791536495313,pvalloc_29nbfs_30y5_max_1hll_sCs2p4
25,619792.0961969893,390235047.03145015,61531564.46333065,0.0,0.0,0.8653791536495313,pvalloc_29nbfs_30y5_max_1hll_sCs2p4
26,619792.0961969893,390235047.03145015,61531564.46333065,0.0,0.0,0.8653791536495313,pvalloc_29nbfs_30y5_max_1hll_sCs2p4
27,619792.0961969893,390235047.03145015,61531564.46333065,0.0,0.0,0.8653791536495313,pvalloc_29nbfs_30y5_max_1hll_sCs2p4
28,619792.0961969893,390235047.03145015,61531564.46333065,0.0,0.0,0.8653791536495313,pvalloc_29nbfs_30y5_max_1hll_sCs2p4
29,619792.0961969893,390235047.03145015,61531564.46333065,0.0,0.0,0.8653791536495313,pvalloc_29nbfs_30y5_max_1hll_sCs2p4
30,619792.0961969893,390235047.03145015,61531564.46333065,0.0,0.0,0.8653791536495313,pvalloc_29nbfs_30y5_max_1hll_sCs2p4
1,0.0,474753177.8457603,7238333.197086571,11531.66491933528,545.0,0.03869639307015053,pvalloc_29nbfs_30y5_max_1hll_sCs2p6
2,0.0,465546460.45638037,10997810.4488811,12815.575093761357,827.0,0.09741550695825049,pvalloc_29nbfs_30y5_max_1hll_sCs2p6
3,0.0,455210300.32947594,15381995.144155098,15564.97097730777,1224.0,0.18432263561488213,pvalloc_29nbfs_30y5_max_1hll_sCs2p6
4,7.990948330101503,443293410.1675694,21404913.417415496,18328.44908597681,1715.0,0.30609201931269525,pvalloc_29nbfs_30y5_max_1hll_sCs2p6
5,7.990948330101503,430204868.6184234,29490475.960828293,21137.95659056285,2243.0,0.4653507526270946,pvalloc_29nbfs_30y5_max_1hll_sCs2p6
6,22284.48377217509,416157959.3234151,39518295.22937422,23963.160391336343,2936.0,0.6738142573132633,pvalloc_29nbfs_30y5_max_1hll_sCs2p6
7,239317.20850986734,401409341.0584027,51494731.25526184,21326.154037960445,2891.0,0.8790826469752911,pvalloc_29nbfs_30y5_max_1hll_sCs2p6
8,892540.0304466381,389427982.82219195,62299830.75547658,0.0,0.0,0.8790826469752911,pvalloc_29nbfs_30y5_max_1hll_sCs2p6
9,892540.0304466381,389427982.82219195,62299830.75547658,0.0,0.0,0.8790826469752911,pvalloc_29nbfs_30y5_max_1hll_sCs2p6
10,892540.0304466381,389427982.82219195,62299830.75547658,0.0,0.0,0.8790826469752911,pvalloc_29nbfs_30y5_max_1hll_sCs2p6
11,892540.0304466381,389427982.82219195,62299830.75547658,0.0,0.0,0.8790826469752911,pvalloc_29nbfs_30y5_max_1hll_sCs2p6
12,892540.0304466381,389427982.82219195,62299830.75547658,0.0,0.0,0.8790826469752911,pvalloc_29nbfs_30y5_max_1hll_sCs2p6
13,892540.0304466381,389427982.82219195,62299830.75547658,0.0,0.0,0.8790826469752911,pvalloc_29nbfs_30y5_max_1hll_sCs2p6
14,892540.0304466381,389427982.82219195,62299830.75547658,0.0,0.0,0.8790826469752911,pvalloc_29nbfs_30y5_max_1hll_sCs2p6
15,892540.0304466381,389427982.82219195,62299830.75547658,0.0,0.0,0.8790826469752911,pvalloc_29nbfs_30y5_max_1hll_sCs2p6
16,892540.0304466381,389427982.82219195,62299830.75547658,0.0,0.0,0.8790826469752911,pvalloc_29nbfs_30y5_max_1hll_sCs2p6
17,892540.0304466381,389427982.82219195,62299830.75547658,0.0,0.0,0.8790826469752911,pvalloc_29nbfs_30y5_max_1hll_sCs2p6
18,892540.0304466381,389427982.82219195,62299830.75547658,0.0,0.0,0.8790826469752911,pvalloc_29nbfs_30y5_max_1hll_sCs2p6
19,892540.0304466381,389427982.82219195,62299830.75547658,0.0,0.0,0.8790826469752911,pvalloc_29nbfs_30y5_max_1hll_sCs2p6
20,892540.0304466381,389427982.82219195,62299830.75547658,0.0,0.0,0.8790826469752911,pvalloc_29nbfs_30y5_max_1hll_sCs2p6
21,892540.0304466381,389427982.82219195,62299830.75547658,0.0,0.0,0.8790826469752911,pvalloc_29nbfs_30y5_max_1hll_sCs2p6
22,892540.0304466381,389427982.82219195,62299830.75547658,0.0,0.0,0.8790826469752911,pvalloc_29nbfs_30y5_max_1hll_sCs2p6
23,892540.0304466381,389427982.82219195,62299830.75547658,0.0,0.0,0.8790826469752911,pvalloc_29nbfs_30y5_max_1hll_sCs2p6
24,892540.0304466381,389427982.82219195,62299830.75547658,0.0,0.0,0.8790826469752911,pvalloc_29nbfs_30y5_max_1hll_sCs2p6
25,892540.0304466381,389427982.82219195,62299830.75547658,0.0,0.0,0.8790826469752911,pvalloc_29nbfs_30y5_max_1hll_sCs2p6
26,892540.0304466381,389427982.82219195,62299830.75547658,0.0,0.0,0.8790826469752911,pvalloc_29nbfs_30y5_max_1hll_sCs2p6
27,892540.0304466381,389427982.82219195,62299830.75547658,0.0,0.0,0.8790826469752911,pvalloc_29nbfs_30y5_max_1hll_sCs2p6
28,892540.0304466381,389427982.82219195,62299830.75547658,0.0,0.0,0.8790826469752911,pvalloc_29nbfs_30y5_max_1hll_sCs2p6
29,892540.0304466381,389427982.82219195,62299830.75547658,0.0,0.0,0.8790826469752911,pvalloc_29nbfs_30y5_max_1hll_sCs2p6
30,892540.0304466381,389427982.82219195,62299830.75547658,0.0,0.0,0.8790826469752911,pvalloc_29nbfs_30y5_max_1hll_sCs2p6
1,0.0,474733495.6007943,7256469.623960403,11535.650716736913,549.0,0.0389804032945186,pvalloc_29nbfs_30y5_max_1hll_sCs2p8
2,0.0,465544878.35605925,11012645.525773805,12809.859074298094,825.0,0.09755751207043453,pvalloc_29nbfs_30y5_max_1hll_sCs2p8
3,0.0,455261748.7978557,15398226.673220007,15556.848418165468,1235.0,0.1852456688440784,pvalloc_29nbfs_30y5_max_1hll_sCs2p8
4,0.0,443332714.5953767,21492656.27468692,18331.506159141307,1729.0,0.30800908832717977,pvalloc_29nbfs_30y5_max_1hll_sCs2p8
5,6171.364355923313,430297833.43273157,29598469.091114793,21140.121819983407,2259.0,0.4684038625390514,pvalloc_29nbfs_30y5_max_1hll_sCs2p8
6,17481.44368056,416356736.39963365,39612433.80998347,23961.484747178532,2885.0,0.6732462368645271,pvalloc_29nbfs_30y5_max_1hll_sCs2p8
7,274916.37403434765,401384934.36091435,51487583.56951608,21963.415553217972,2970.0,0.8841238284578244,pvalloc_29nbfs_30y5_max_1hll_sCs2p8
8,941865.44074159,389025327.77341056,62619596.96883892,0.0,0.0,0.8841238284578244,pvalloc_29nbfs_30y5_max_1hll_sCs2p8
9,941865.44074159,389025327.77341056,62619596.96883892,0.0,0.0,0.8841238284578244,pvalloc_29nbfs_30y5_max_1hll_sCs2p8
10,941865.44074159,389025327.77341056,62619596.96883892,0.0,0.0,0.8841238284578244,pvalloc_29nbfs_30y5_max_1hll_sCs2p8
11,941865.44074159,389025327.77341056,62619596.96883892,0.0,0.0,0.8841238284578244,pvalloc_29nbfs_30y5_max_1hll_sCs2p8
12,941865.44074159,389025327.77341056,62619596.96883892,0.0,0.0,0.8841238284578244,pvalloc_29nbfs_30y5_max_1hll_sCs2p8
13,941865.44074159,389025327.77341056,62619596.96883892,0.0,0.0,0.8841238284578244,pvalloc_29nbfs_30y5_max_1hll_sCs2p8
14,941865.44074159,389025327.77341056,62619596.96883892,0.0,0.0,0.8841238284578244,pvalloc_29nbfs_30y5_max_1hll_sCs2p8
15,941865.44074159,389025327.77341056,62619596.96883892,0.0,0.0,0.8841238284578244,pvalloc_29nbfs_30y5_max_1hll_sCs2p8
16,941865.44074159,389025327.77341056,62619596.96883892,0.0,0.0,0.8841238284578244,pvalloc_29nbfs_30y5_max_1hll_sCs2p8
17,941865.44074159,389025327.77341056,62619596.96883892,0.0,0.0,0.8841238284578244,pvalloc_29nbfs_30y5_max_1hll_sCs2p8
18,941865.44074159,389025327.77341056,62619596.96883892,0.0,0.0,0.8841238284578244,pvalloc_29nbfs_30y5_max_1hll_sCs2p8
19,941865.44074159,389025327.77341056,62619596.96883892,0.0,0.0,0.8841238284578244,pvalloc_29nbfs_30y5_max_1hll_sCs2p8
20,941865.44074159,389025327.77341056,62619596.96883892,0.0,0.0,0.8841238284578244,pvalloc_29nbfs_30y5_max_1hll_sCs2p8
21,941865.44074159,389025327.77341056,62619596.96883892,0.0,0.0,0.8841238284578244,pvalloc_29nbfs_30y5_max_1hll_sCs2p8
22,941865.44074159,389025327.77341056,62619596.96883892,0.0,0.0,0.8841238284578244,pvalloc_29nbfs_30y5_max_1hll_sCs2p8
23,941865.44074159,389025327.77341056,62619596.96883892,0.0,0.0,0.8841238284578244,pvalloc_29nbfs_30y5_max_1hll_sCs2p8
24,941865.44074159,389025327.77341056,62619596.96883892,0.0,0.0,0.8841238284578244,pvalloc_29nbfs_30y5_max_1hll_sCs2p8
25,941865.44074159,389025327.77341056,62619596.96883892,0.0,0.0,0.8841238284578244,pvalloc_29nbfs_30y5_max_1hll_sCs2p8
26,941865.44074159,389025327.77341056,62619596.96883892,0.0,0.0,0.8841238284578244,pvalloc_29nbfs_30y5_max_1hll_sCs2p8
27,941865.44074159,389025327.77341056,62619596.96883892,0.0,0.0,0.8841238284578244,pvalloc_29nbfs_30y5_max_1hll_sCs2p8
28,941865.44074159,389025327.77341056,62619596.96883892,0.0,0.0,0.8841238284578244,pvalloc_29nbfs_30y5_max_1hll_sCs2p8
29,941865.44074159,389025327.77341056,62619596.96883892,0.0,0.0,0.8841238284578244,pvalloc_29nbfs_30y5_max_1hll_sCs2p8
30,941865.44074159,389025327.77341056,62619596.96883892,0.0,0.0,0.8841238284578244,pvalloc_29nbfs_30y5_max_1hll_sCs2p8
1,0.0,474747705.5956459,7243521.573824208,11529.354796644993,542.0,0.038483385401874466,pvalloc_29nbfs_30y5_max_1hll_sCs4p4
2,0.0,465556661.61732715,11004771.795402424,12807.315475738698,825.0,0.0970604941777904,pvalloc_29nbfs_30y5_max_1hll_sCs4p4
3,0.0,455167265.5709573,15391226.433642935,15564.275087802946,1215.0,0.18332859982959387,pvalloc_29nbfs_30y5_max_1hll_sCs4p4
4,101.5868683012128,443304417.44774115,21396046.889368534,18331.443139682087,1687.0,0.30310991195683046,pvalloc_29nbfs_30y5_max_1hll_sCs4p4
5,101.5868683012128,430361599.5600056,29496749.416396193,21134.904511969744,2230.0,0.4614456120420335,pvalloc_29nbfs_30y5_max_1hll_sCs4p4
6,32852.32630462293,416330674.83766127,39551025.24918454,23968.153884776,2948.0,0.6707611474013064,pvalloc_29nbfs_30y5_max_1hll_sCs4p4
7,290309.78207105986,401577822.36079615,51673240.57574599,20185.975951204648,2760.0,0.8667282022152798,pvalloc_29nbfs_30y5_max_1hll_sCs4p4
8,592449.9681226935,390147980.0997903,61689501.722765535,0.0,0.0,0.8667282022152798,pvalloc_29nbfs_30y5_max_1hll_sCs4p4
9,592449.9681226935,390147980.0997903,61689501.722765535,0.0,0.0,0.8667282022152798,pvalloc_29nbfs_30y5_max_1hll_sCs4p4
10,592449.9681226935,390147980.0997903,61689501.722765535,0.0,0.0,0.8667282022152798,pvalloc_29nbfs_30y5_max_1hll_sCs4p4
11,592449.9681226935,390147980.0997903,61689501.722765535,0.0,0.0,0.8667282022152798,pvalloc_29nbfs_30y5_max_1hll_sCs4p4
12,592449.9681226935,390147980.0997903,61689501.722765535,0.0,0.0,0.8667282022152798,pvalloc_29nbfs_30y5_max_1hll_sCs4p4
13,592449.9681226935,390147980.0997903,61689501.722765535,0.0,0.0,0.8667282022152798,pvalloc_29nbfs_30y5_max_1hll_sCs4p4
14,592449.9681226935,390147980.0997903,61689501.722765535,0.0,0.0,0.8667282022152798,pvalloc_29nbfs_30y5_max_1hll_sCs4p4
15,592449.9681226935,390147980.0997903,61689501.722765535,0.0,0.0,0.8667282022152798,pvalloc_29nbfs_30y5_max_1hll_sCs4p4
16,592449.9681226935,390147980.0997903,61689501.722765535,0.0,0.0,0.8667282022152798,pvalloc_29nbfs_30y5_max_1hll_sCs4p4
17,592449.9681226935,390147980.0997903,61689501.722765535,0.0,0.0,0.8667282022152798,pvalloc_29nbfs_30y5_max_1hll_sCs4p4
18,592449.9681226935,390147980.0997903,61689501.722765535,0.0,0.0,0.8667282022152798,pvalloc_29nbfs_30y5_max_1hll_sCs4p4
19,592449.9681226935,390147980.0997903,61689501.722765535,0.0,0.0,0.8667282022152798,pvalloc_29nbfs_30y5_max_1hll_sCs4p4
20,592449.9681226935,390147980.0997903,61689501.722765535,0.0,0.0,0.8667282022152798,pvalloc_29nbfs_30y5_max_1hll_sCs4p4
21,592449.9681226935,390147980.0997903,61689501.722765535,0.0,0.0,0.8667282022152798,pvalloc_29nbfs_30y5_max_1hll_sCs4p4
22,592449.9681226935,390147980.0997903,61689501.722765535,0.0,0.0,0.8667282022152798,pvalloc_29nbfs_30y5_max_1hll_sCs4p4
23,592449.9681226935,390147980.0997903,61689501.722765535,0.0,0.0,0.8667282022152798,pvalloc_29nbfs_30y5_max_1hll_sCs4p4
24,592449.9681226935,390147980.0997903,61689501.722765535,0.0,0.0,0.8667282022152798,pvalloc_29nbfs_30y5_max_1hll_sCs4p4
25,592449.9681226935,390147980.0997903,61689501.722765535,0.0,0.0,0.8667282022152798,pvalloc_29nbfs_30y5_max_1hll_sCs4p4
26,592449.9681226935,390147980.0997903,61689501.722765535,0.0,0.0,0.8667282022152798,pvalloc_29nbfs_30y5_max_1hll_sCs4p4
27,592449.9681226935,390147980.0997903,61689501.722765535,0.0,0.0,0.8667282022152798,pvalloc_29nbfs_30y5_max_1hll_sCs4p4
28,592449.9681226935,390147980.0997903,61689501.722765535,0.0,0.0,0.8667282022152798,pvalloc_29nbfs_30y5_max_1hll_sCs4p4
29,592449.9681226935,390147980.0997903,61689501.722765535,0.0,0.0,0.8667282022152798,pvalloc_29nbfs_30y5_max_1hll_sCs4p4
30,592449.9681226935,390147980.0997903,61689501.722765535,0.0,0.0,0.8667282022152798,pvalloc_29nbfs_30y5_max_1hll_sCs4p4
1,0.0,474776139.69541204,7224458.574419795,11525.128962061157,545.0,0.03869639307015053,pvalloc_29nbfs_30y5_max_1hll_sCs4p6
2,0.0,465568273.6019766,10985426.229552865,12809.923179892154,825.0,0.09727350184606647,pvalloc_29nbfs_30y5_max_1hll_sCs4p6
3,0.0,455291794.1371148,15385069.090826172,15559.855071062939,1219.0,0.183825617722238,pvalloc_29nbfs_30y5_max_1hll_sCs4p6
4,0.0,443396294.6198383,21420150.84880592,18334.79788842235,1696.0,0.3042459528543028,pvalloc_29nbfs_30y5_max_1hll_sCs4p6
5,8393.884298829258,430473599.7568772,29561032.510480095,21131.56140479282,2251.0,0.4640727066174382,pvalloc_29nbfs_30y5_max_1hll_sCs4p6
6,24874.107024040124,416505010.8568754,39577983.60022076,23963.29993904009,2921.0,0.6714711729622267,pvalloc_29nbfs_30y5_max_1hll_sCs4p6
7,268767.8773031648,401668052.93507576,51637145.1816115,19700.8891095697,2685.0,0.8621130360692985,pvalloc_29nbfs_30y5_max_1hll_sCs4p6
8,571151.4263529,390468549.6567361,61437363.91260292,0.0,0.0,0.8621130360692985,pvalloc_29nbfs_30y5_max_1hll_sCs4p6
9,571151.4263529,390468549.6567361,61437363.91260292,0.0,0.0,0.8621130360692985,pvalloc_29nbfs_30y5_max_1hll_sCs4p6
10,571151.4263529,390468549.6567361,61437363.91260292,0.0,0.0,0.8621130360692985,pvalloc_29nbfs_30y5_max_1hll_sCs4p6
11,571151.4263529,390468549.6567361,61437363.91260292,0.0,0.0,0.8621130360692985,pvalloc_29nbfs_30y5_max_1hll_sCs4p6
12,571151.4263529,390468549.6567361,61437363.91260292,0.0,0.0,0.8621130360692985,pvalloc_29nbfs_30y5_max_1hll_sCs4p6
13,571151.4263529,390468549.6567361,61437363.91260292,0.0,0.0,0.8621130360692985,pvalloc_29nbfs_30y5_max_1hll_sCs4p6
14,571151.4263529,390468549.6567361,61437363.91260292,0.0,0.0,0.8621130360692985,pvalloc_29nbfs_30y5_max_1hll_sCs4p6
15,571151.4263529,390468549.6567361,61437363.91260292,0.0,0.0,0.8621130360692985,pvalloc_29nbfs_30y5_max_1hll_sCs4p6
16,571151.4263529,390468549.6567361,61437363.91260292,0.0,0.0,0.8621130360692985,pvalloc_29nbfs_30y5_max_1hll_sCs4p6
17,571151.4263529,390468549.6567361,61437363.91260292,0.0,0.0,0.8621130360692985,pvalloc_29nbfs_30y5_max_1hll_sCs4p6
18,571151.4263529,390468549.6567361,61437363.91260292,0.0,0.0,0.8621130360692985,pvalloc_29nbfs_30y5_max_1hll_sCs4p6
19,571151.4263529,390468549.6567361,61437363.91260292,0.0,0.0,0.8621130360692985,pvalloc_29nbfs_30y5_max_1hll_sCs4p6
20,571151.4263529,390468549.6567361,61437363.91260292,0.0,0.0,0.8621130360692985,pvalloc_29nbfs_30y5_max_1hll_sCs4p6
21,571151.4263529,390468549.6567361,61437363.91260292,0.0,0.0,0.8621130360692985,pvalloc_29nbfs_30y5_max_1hll_sCs4p6
22,571151.4263529,390468549.6567361,61437363.91260292,0.0,0.0,0.8621130360692985,pvalloc_29nbfs_30y5_max_1hll_sCs4p6
23,571151.4263529,390468549.6567361,61437363.91260292,0.0,0.0,0.8621130360692985,pvalloc_29nbfs_30y5_max_1hll_sCs4p6
24,571151.4263529,390468549.6567361,61437363.91260292,0.0,0.0,0.8621130360692985,pvalloc_29nbfs_30y5_max_1hll_sCs4p6
25,571151.4263529,390468549.6567361,61437363.91260292,0.0,0.0,0.8621130360692985,pvalloc_29nbfs_30y5_max_1hll_sCs4p6
26,571151.4263529,390468549.6567361,61437363.91260292,0.0,0.0,0.8621130360692985,pvalloc_29nbfs_30y5_max_1hll_sCs4p6
27,571151.4263529,390468549.6567361,61437363.91260292,0.0,0.0,0.8621130360692985,pvalloc_29nbfs_30y5_max_1hll_sCs4p6
28,571151.4263529,390468549.6567361,61437363.91260292,0.0,0.0,0.8621130360692985,pvalloc_29nbfs_30y5_max_1hll_sCs4p6
29,571151.4263529,390468549.6567361,61437363.91260292,0.0,0.0,0.8621130360692985,pvalloc_29nbfs_30y5_max_1hll_sCs4p6
30,571151.4263529,390468549.6567361,61437363.91260292,0.0,0.0,0.8621130360692985,pvalloc_29nbfs_30y5_max_1hll_sCs4p6
1,0.0,474778778.5544527,7220962.965598476,11521.422933903754,551.0,0.03912240840670264,pvalloc_29nbfs_30y5_max_1hll_sCs4p8
2,0.0,465652385.3585134,10974155.040786574,12806.520434864513,821.0,0.09741550695825049,pvalloc_29nbfs_30y5_max_1hll_sCs4p8
3,0.0,455342022.24791116,15385769.462773426,15561.751679479901,1230.0,0.18474865095143425,pvalloc_29nbfs_30y5_max_1hll_sCs4p8
4,0.0,443474155.4122211,21480834.5685208,18335.03218685427,1710.0,0.3061630218687873,pvalloc_29nbfs_30y5_max_1hll_sCs4p8
5,6092.120525500717,430610849.976331,29628903.83550775,21134.785246724656,2267.0,0.46712581652939505,pvalloc_29nbfs_30y5_max_1hll_sCs4p8
6,14579.554983211809,416609283.4407174,39635987.612403765,23966.67091687578,2878.0,0.6714711729622267,pvalloc_29nbfs_30y5_max_1hll_sCs4p8
7,297099.54062471987,401636124.6775452,51518372.316208154,23079.6335373526,3129.0,0.8936381709741551,pvalloc_29nbfs_30y5_max_1hll_sCs4p8
8,1009707.2099316447,388445403.9149621,63128561.788203135,0.0,0.0,0.8936381709741551,pvalloc_29nbfs_30y5_max_1hll_sCs4p8
9,1009707.2099316447,388445403.9149621,63128561.788203135,0.0,0.0,0.8936381709741551,pvalloc_29nbfs_30y5_max_1hll_sCs4p8
10,1009707.2099316447,388445403.9149621,63128561.788203135,0.0,0.0,0.8936381709741551,pvalloc_29nbfs_30y5_max_1hll_sCs4p8
11,1009707.2099316447,388445403.9149621,63128561.788203135,0.0,0.0,0.8936381709741551,pvalloc_29nbfs_30y5_max_1hll_sCs4p8
12,1009707.2099316447,388445403.9149621,63128561.788203135,0.0,0.0,0.8936381709741551,pvalloc_29nbfs_30y5_max_1hll_sCs4p8
13,1009707.2099316447,388445403.9149621,63128561.788203135,0.0,0.0,0.8936381709741551,pvalloc_29nbfs_30y5_max_1hll_sCs4p8
14,1009707.2099316447,388445403.9149621,63128561.788203135,0.0,0.0,0.8936381709741551,pvalloc_29nbfs_30y5_max_1hll_sCs4p8
15,1009707.2099316447,388445403.9149621,63128561.788203135,0.0,0.0,0.8936381709741551,pvalloc_29nbfs_30y5_max_1hll_sCs4p8
16,1009707.2099316447,388445403.9149621,63128561.788203135,0.0,0.0,0.8936381709741551,pvalloc_29nbfs_30y5_max_1hll_sCs4p8
17,1009707.2099316447,388445403.9149621,63128561.788203135,0.0,0.0,0.8936381709741551,pvalloc_29nbfs_30y5_max_1hll_sCs4p8
18,1009707.2099316447,388445403.9149621,63128561.788203135,0.0,0.0,0.8936381709741551,pvalloc_29nbfs_30y5_max_1hll_sCs4p8
19,1009707.2099316447,388445403.9149621,63128561.788203135,0.0,0.0,0.8936381709741551,pvalloc_29nbfs_30y5_max_1hll_sCs4p8
20,1009707.2099316447,388445403.9149621,63128561.788203135,0.0,0.0,0.8936381709741551,pvalloc_29nbfs_30y5_max_1hll_sCs4p8
21,1009707.2099316447,388445403.9149621,63128561.788203135,0.0,0.0,0.8936381709741551,pvalloc_29nbfs_30y5_max_1hll_sCs4p8
22,1009707.2099316447,388445403.9149621,63128561.788203135,0.0,0.0,0.8936381709741551,pvalloc_29nbfs_30y5_max_1hll_sCs4p8
23,1009707.2099316447,388445403.9149621,63128561.788203135,0.0,0.0,0.8936381709741551,pvalloc_29nbfs_30y5_max_1hll_sCs4p8
24,1009707.2099316447,388445403.9149621,63128561.788203135,0.0,0.0,0.8936381709741551,pvalloc_29nbfs_30y5_max_1hll_sCs4p8
25,1009707.2099316447,388445403.9149621,63128561.788203135,0.0,0.0,0.8936381709741551,pvalloc_29nbfs_30y5_max_1hll_sCs4p8
26,1009707.2099316447,388445403.9149621,63128561.788203135,0.0,0.0,0.8936381709741551,pvalloc_29nbfs_30y5_max_1hll_sCs4p8
27,1009707.2099316447,388445403.9149621,63128561.788203135,0.0,0.0,0.8936381709741551,pvalloc_29nbfs_30y5_max_1hll_sCs4p8
28,1009707.2099316447,388445403.9149621,63128561.788203135,0.0,0.0,0.8936381709741551,pvalloc_29nbfs_30y5_max_1hll_sCs4p8
29,1009707.2099316447,388445403.9149621,63128561.788203135,0.0,0.0,0.8936381709741551,pvalloc_29nbfs_30y5_max_1hll_sCs4p8
30,1009707.2099316447,388445403.9149621,63128561.788203135,0.0,0.0,0.8936381709741551,pvalloc_29nbfs_30y5_max_1hll_sCs4p8
1,0.0,474738729.0417273,7252273.218931311,11527.429758157205,543.0,0.038554387957966486,pvalloc_29nbfs_30y5_max_1hll_sCs6p4
2,0.0,465592582.6757867,11016075.063134573,12817.378342962429,823.0,0.09698949162169838,pvalloc_29nbfs_30y5_max_1hll_sCs6p4
3,0.0,455194032.48367184,15404272.937809924,15558.91842324854,1211.0,0.18297358704913377,pvalloc_29nbfs_30y5_max_1hll_sCs6p4
4,44.327197531873026,443409295.42269045,21459376.528277036,18329.162111639325,1675.0,0.30190286850326614,pvalloc_29nbfs_30y5_max_1hll_sCs6p4
5,44.327197531873026,430658894.699397,29625991.13282911,21132.07531349105,2252.0,0.4618006248224936,pvalloc_29nbfs_30y5_max_1hll_sCs6p4
6,22667.230794338102,416733829.30757207,39702893.365164936,23967.465106183154,2916.0,0.6688440783868219,pvalloc_29nbfs_30y5_max_1hll_sCs6p4
7,360299.8674966224,401917277.9504667,51752904.30957263,21145.494402501747,2903.0,0.874964498721954,pvalloc_29nbfs_30y5_max_1hll_sCs6p4
8,711211.6403099775,389697412.4831976,62141722.58598499,0.0,0.0,0.874964498721954,pvalloc_29nbfs_30y5_max_1hll_sCs6p4
9,711211.6403099775,389697412.4831976,62141722.58598499,0.0,0.0,0.874964498721954,pvalloc_29nbfs_30y5_max_1hll_sCs6p4
10,711211.6403099775,389697412.4831976,62141722.58598499,0.0,0.0,0.874964498721954,pvalloc_29nbfs_30y5_max_1hll_sCs6p4
11,711211.6403099775,389697412.4831976,62141722.58598499,0.0,0.0,0.874964498721954,pvalloc_29nbfs_30y5_max_1hll_sCs6p4
12,711211.6403099775,389697412.4831976,62141722.58598499,0.0,0.0,0.874964498721954,pvalloc_29nbfs_30y5_max_1hll_sCs6p4
13,711211.6403099775,389697412.4831976,62141722.58598499,0.0,0.0,0.874964498721954,pvalloc_29nbfs_30y5_max_1hll_sCs6p4
14,711211.6403099775,389697412.4831976,62141722.58598499,0.0,0.0,0.874964498721954,pvalloc_29nbfs_30y5_max_1hll_sCs6p4
15,711211.6403099775,389697412.4831976,62141722.58598499,0.0,0.0,0.874964498721954,pvalloc_29nbfs_30y5_max_1hll_sCs6p4
16,711211.6403099775,389697412.4831976,62141722.58598499,0.0,0.0,0.874964498721954,pvalloc_29nbfs_30y5_max_1hll_sCs6p4
17,711211.6403099775,389697412.4831976,62141722.58598499,0.0,0.0,0.874964498721954,pvalloc_29nbfs_30y5_max_1hll_sCs6p4
18,711211.6403099775,389697412.4831976,62141722.58598499,0.0,0.0,0.874964498721954,pvalloc_29nbfs_30y5_max_1hll_sCs6p4
19,711211.6403099775,389697412.4831976,62141722.58598499,0.0,0.0,0.874964498721954,pvalloc_29nbfs_30y5_max_1hll_sCs6p4
20,711211.6403099775,389697412.4831976,62141722.58598499,0.0,0.0,0.874964498721954,pvalloc_29nbfs_30y5_max_1hll_sCs6p4
21,711211.6403099775,389697412.4831976,62141722.58598499,0.0,0.0,0.874964498721954,pvalloc_29nbfs_30y5_max_1hll_sCs6p4
22,711211.6403099775,389697412.4831976,62141722.58598499,0.0,0.0,0.874964498721954,pvalloc_29nbfs_30y5_max_1hll_sCs6p4
23,711211.6403099775,389697412.4831976,62141722.58598499,0.0,0.0,0.874964498721954,pvalloc_29nbfs_30y5_max_1hll_sCs6p4
24,711211.6403099775,389697412.4831976,62141722.58598499,0.0,0.0,0.874964498721954,pvalloc_29nbfs_30y5_max_1hll_sCs6p4
25,711211.6403099775,389697412.4831976,62141722.58598499,0.0,0.0,0.874964498721954,pvalloc_29nbfs_30y5_max_1hll_sCs6p4
26,711211.6403099775,389697412.4831976,62141722.58598499,0.0,0.0,0.874964498721954,pvalloc_29nbfs_30y5_max_1hll_sCs6p4
27,711211.6403099775,389697412.4831976,62141722.58598499,0.0,0.0,0.874964498721954,pvalloc_29nbfs_30y5_max_1hll_sCs6p4
28,711211.6403099775,389697412.4831976,62141722.58598499,0.0,0.0,0.874964498721954,pvalloc_29nbfs_30y5_max_1hll_sCs6p4
29,711211.6403099775,389697412.4831976,62141722.58598499,0.0,0.0,0.874964498721954,pvalloc_29nbfs_30y5_max_1hll_sCs6p4
30,711211.6403099775,389697412.4831976,62141722.58598499,0.0,0.0,0.874964498721954,pvalloc_29nbfs_30y5_max_1hll_sCs6p4
1,0.0,474759173.3817035,7242771.888044066,11524.40530674259,546.0,0.03876739562624255,pvalloc_29nbfs_30y5_max_1hll_sCs6p6
2,0.0,465602556.8591051,11005257.561260954,12818.19047557179,823.0,0.09720249928997444,pvalloc_29nbfs_30y5_max_1hll_sCs6p6
3,0.0,455331227.4352343,15424579.311732873,15554.642077993663,1212.0,0.18325759727350185,pvalloc_29nbfs_30y5_max_1hll_sCs6p6
4,11.499664186357904,443532639.71119374,21464133.095408183,18339.108612285298,1685.0,0.30289690428855437,pvalloc_29nbfs_30y5_max_1hll_sCs6p6
5,11.499664186357904,430775039.70716304,29675692.31389701,21134.686110306615,2263.0,0.4635756887247941,pvalloc_29nbfs_30y5_max_1hll_sCs6p6
6,19145.11244908093,416811832.1682892,39742526.35727853,23963.607218331625,2890.0,0.6687730758307299,pvalloc_29nbfs_30y5_max_1hll_sCs6p6
7,362011.4392271059,401973629.11687666,51749286.02815005,22903.875327029415,3124.0,0.8905850610621983,pvalloc_29nbfs_30y5_max_1hll_sCs6p6
8,986002.9063672952,388677646.48363537,63076607.74066224,0.0,0.0,0.8905850610621983,pvalloc_29nbfs_30y5_max_1hll_sCs6p6
9,986002.9063672952,388677646.48363537,63076607.74066224,0.0,0.0,0.8905850610621983,pvalloc_29nbfs_30y5_max_1hll_sCs6p6
10,986002.9063672952,388677646.48363537,63076607.74066224,0.0,0.0,0.8905850610621983,pvalloc_29nbfs_30y5_max_1hll_sCs6p6
11,986002.9063672952,388677646.48363537,63076607.74066224,0.0,0.0,0.8905850610621983,pvalloc_29nbfs_30y5_max_1hll_sCs6p6
12,986002.9063672952,388677646.48363537,63076607.74066224,0.0,0.0,0.8905850610621983,pvalloc_29nbfs_30y5_max_1hll_sCs6p6
13,986002.9063672952,388677646.48363537,63076607.74066224,0.0,0.0,0.8905850610621983,pvalloc_29nbfs_30y5_max_1hll_sCs6p6
14,986002.9063672952,388677646.48363537,63076607.74066224,0.0,0.0,0.8905850610621983,pvalloc_29nbfs_30y5_max_1hll_sCs6p6
15,986002.9063672952,388677646.48363537,63076607.74066224,0.0,0.0,0.8905850610621983,pvalloc_29nbfs_30y5_max_1hll_sCs6p6
16,986002.9063672952,388677646.48363537,63076607.74066224,0.0,0.0,0.8905850610621983,pvalloc_29nbfs_30y5_max_1hll_sCs6p6
17,986002.9063672952,388677646.48363537,63076607.74066224,0.0,0.0,0.8905850610621983,pvalloc_29nbfs_30y5_max_1hll_sCs6p6
18,986002.9063672952,388677646.48363537,63076607.74066224,0.0,0.0,0.8905850610621983,pvalloc_29nbfs_30y5_max_1hll_sCs6p6
19,986002.9063672952,388677646.48363537,63076607.74066224,0.0,0.0,0.8905850610621983,pvalloc_29nbfs_30y5_max_1hll_sCs6p6
20,986002.9063672952,388677646.48363537,63076607.74066224,0.0,0.0,0.8905850610621983,pvalloc_29nbfs_30y5_max_1hll_sCs6p6
21,986002.9063672952,388677646.48363537,63076607.74066224,0.0,0.0,0.8905850610621983,pvalloc_29nbfs_30y5_max_1hll_sCs6p6
22,986002.9063672952,388677646.48363537,63076607.74066224,0.0,0.0,0.8905850610621983,pvalloc_29nbfs_30y5_max_1hll_sCs6p6
23,986002.9063672952,388677646.48363537,63076607.74066224,0.0,0.0,0.8905850610621983,pvalloc_29nbfs_30y5_max_1hll_sCs6p6
24,986002.9063672952,388677646.48363537,63076607.74066224,0.0,0.0,0.8905850610621983,pvalloc_29nbfs_30y5_max_1hll_sCs6p6
25,986002.9063672952,388677646.48363537,63076607.74066224,0.0,0.0,0.8905850610621983,pvalloc_29nbfs_30y5_max_1hll_sCs6p6
26,986002.9063672952,388677646.48363537,63076607.74066224,0.0,0.0,0.8905850610621983,pvalloc_29nbfs_30y5_max_1hll_sCs6p6
27,986002.9063672952,388677646.48363537,63076607.74066224,0.0,0.0,0.8905850610621983,pvalloc_29nbfs_30y5_max_1hll_sCs6p6
28,986002.9063672952,388677646.48363537,63076607.74066224,0.0,0.0,0.8905850610621983,pvalloc_29nbfs_30y5_max_1hll_sCs6p6
29,986002.9063672952,388677646.48363537,63076607.74066224,0.0,0.0,0.8905850610621983,pvalloc_29nbfs_30y5_max_1hll_sCs6p6
30,986002.9063672952,388677646.48363537,63076607.74066224,0.0,0.0,0.8905850610621983,pvalloc_29nbfs_30y5_max_1hll_sCs6p6
1,0.0,474741336.93533176,7258679.083723501,11522.430621396385,552.0,0.03919341096279466,pvalloc_29nbfs_30y5_max_1hll_sCs6p8
2,0.0,465626466.13962007,11024187.282767238,12806.003060863173,819.0,0.09734450440215847,pvalloc_29nbfs_30y5_max_1hll_sCs6p8
3,0.0,455377647.5394969,15429795.938535366,15558.927553661679,1226.0,0.18439363817097415,pvalloc_29nbfs_30y5_max_1hll_sCs6p8
4,0.0,443539140.1729088,21531394.607187975,18330.950366352736,1700.0,0.30509798352740697,pvalloc_29nbfs_30y5_max_1hll_sCs6p8
5,6542.292919333131,430869235.2302009,29772692.16142978,21137.99662432809,2260.0,0.4655637602953706,pvalloc_29nbfs_30y5_max_1hll_sCs6p8
6,17678.404994185017,416935293.8439008,39765698.155774936,23969.108304127818,2871.0,0.6694120988355581,pvalloc_29nbfs_30y5_max_1hll_sCs6p8
7,349485.20929920557,402045466.74376714,51718253.38023749,22943.23435865448,3113.0,0.8904430559500142,pvalloc_29nbfs_30y5_max_1hll_sCs6p8
8,973760.7821060994,388655610.0027665,63086979.293690585,0.0,0.0,0.8904430559500142,pvalloc_29nbfs_30y5_max_1hll_sCs6p8
9,973760.7821060994,388655610.0027665,63086979.293690585,0.0,0.0,0.8904430559500142,pvalloc_29nbfs_30y5_max_1hll_sCs6p8
10,973760.7821060994,388655610.0027665,63086979.293690585,0.0,0.0,0.8904430559500142,pvalloc_29nbfs_30y5_max_1hll_sCs6p8
11,973760.7821060994,388655610.0027665,63086979.293690585,0.0,0.0,0.8904430559500142,pvalloc_29nbfs_30y5_max_1hll_sCs6p8
12,973760.7821060994,388655610.0027665,63086979.293690585,0.0,0.0,0.8904430559500142,pvalloc_29nbfs_30y5_max_1hll_sCs6p8
13,973760.7821060994,388655610.0027665,63086979.293690585,0.0,0.0,0.8904430559500142,pvalloc_29nbfs_30y5_max_1hll_sCs6p8
14,973760.7821060994,388655610.0027665,63086979.293690585,0.0,0.0,0.8904430559500142,pvalloc_29nbfs_30y5_max_1hll_sCs6p8
15,973760.7821060994,388655610.0027665,63086979.293690585,0.0,0.0,0.8904430559500142,pvalloc_29nbfs_30y5_max_1hll_sCs6p8
16,973760.7821060994,388655610.0027665,63086979.293690585,0.0,0.0,0.8904430559500142,pvalloc_29nbfs_30y5_max_1hll_sCs6p8
17,973760.7821060994,388655610.0027665,63086979.293690585,0.0,0.0,0.8904430559500142,pvalloc_29nbfs_30y5_max_1hll_sCs6p8
18,973760.7821060994,388655610.0027665,63086979.293690585,0.0,0.0,0.8904430559500142,pvalloc_29nbfs_30y5_max_1hll_sCs6p8
19,973760.7821060994,388655610.0027665,63086979.293690585,0.0,0.0,0.8904430559500142,pvalloc_29nbfs_30y5_max_1hll_sCs6p8
20,973760.7821060994,388655610.0027665,63086979.293690585,0.0,0.0,0.8904430559500142,pvalloc_29nbfs_30y5_max_1hll_sCs6p8
21,973760.7821060994,388655610.0027665,63086979.293690585,0.0,0.0,0.8904430559500142,pvalloc_29nbfs_30y5_max_1hll_sCs6p8
22,973760.7821060994,388655610.0027665,63086979.293690585,0.0,0.0,0.8904430559500142,pvalloc_29nbfs_30y5_max_1hll_sCs6p8
23,973760.7821060994,388655610.0027665,63086979.293690585,0.0,0.0,0.8904430559500142,pvalloc_29nbfs_30y5_max_1hll_sCs6p8
24,973760.7821060994,388655610.0027665,63086979.293690585,0.0,0.0,0.8904430559500142,pvalloc_29nbfs_30y5_max_1hll_sCs6p8
25,973760.7821060994,388655610.0027665,63086979.293690585,0.0,0.0,0.8904430559500142,pvalloc_29nbfs_30y5_max_1hll_sCs6p8
26,973760.7821060994,388655610.0027665,63086979.293690585,0.0,0.0,0.8904430559500142,pvalloc_29nbfs_30y5_max_1hll_sCs6p8
27,973760.7821060994,388655610.0027665,63086979.293690585,0.0,0.0,0.8904430559500142,pvalloc_29nbfs_30y5_max_1hll_sCs6p8
28,973760.7821060994,388655610.0027665,63086979.293690585,0.0,0.0,0.8904430559500142,pvalloc_29nbfs_30y5_max_1hll_sCs6p8
29,973760.7821060994,388655610.0027665,63086979.293690585,0.0,0.0,0.8904430559500142,pvalloc_29nbfs_30y5_max_1hll_sCs6p8
30,973760.7821060994,388655610.0027665,63086979.293690585,0.0,0.0,0.8904430559500142,pvalloc_29nbfs_30y5_max_1hll_sCs6p8
1,0.0,474734478.37037146,7257686.708711754,11519.324685367808,539.0,0.03827037773359841,pvalloc_29nbfs_30y5_max_sAs2p0
2,0.0,465431621.75596946,11005649.578714516,12808.275792856748,825.0,0.09684748650951434,pvalloc_29nbfs_30y5_max_sAs2p0
3,0.0,455080373.11413455,15401336.12307486,15556.860474884737,1219.0,0.1833996023856859,pvalloc_29nbfs_30y5_max_sAs2p0
4,38.4889015325503,443125411.1415447,21323040.917834193,18332.392100955567,1691.0,0.30346492473729053,pvalloc_29nbfs_30y5_max_sAs2p0
5,10975.80358961253,430020647.8160114,29353339.834420826,21140.88838245478,2225.0,0.4614456120420335,pvalloc_29nbfs_30y5_max_sAs2p0
6,126735.86450038044,415870403.1990117,39404854.930069506,23964.153198640914,2896.0,0.6670690144845215,pvalloc_29nbfs_30y5_max_sAs2p0
7,771804.9940186243,400819456.90142477,51438773.56886307,26822.987107743083,3570.0,0.9205481397330304,pvalloc_29nbfs_30y5_max_sAs2p0
8,2508291.4227580223,385689234.53423566,65241769.85874823,7946.487738669238,1119.0,1.0,pvalloc_29nbfs_30y5_max_sAs2p0
9,3088813.4120167373,381567275.7697654,68769167.4831668,0.0,0.0,1.0,pvalloc_29nbfs_30y5_max_sAs2p0
10,3088813.4120167373,381567275.7697654,68769167.4831668,0.0,0.0,1.0,pvalloc_29nbfs_30y5_max_sAs2p0
11,3088813.4120167373,381567275.7697654,68769167.4831668,0.0,0.0,1.0,pvalloc_29nbfs_30y5_max_sAs2p0
12,3088813.4120167373,381567275.7697654,68769167.4831668,0.0,0.0,1.0,pvalloc_29nbfs_30y5_max_sAs2p0
13,3088813.4120167373,381567275.7697654,68769167.4831668,0.0,0.0,1.0,pvalloc_29nbfs_30y5_max_sAs2p0
14,3088813.4120167373,381567275.7697654,68769167.4831668,0.0,0.0,1.0,pvalloc_29nbfs_30y5_max_sAs2p0
15,3088813.4120167373,381567275.7697654,68769167.4831668,0.0,0.0,1.0,pvalloc_29nbfs_30y5_max_sAs2p0
16,3088813.4120167373,381567275.7697654,68769167.4831668,0.0,0.0,1.0,pvalloc_29nbfs_30y5_max_sAs2p0
17,3088813.4120167373,381567275.7697654,68769167.4831668,0.0,0.0,1.0,pvalloc_29nbfs_30y5_max_sAs2p0
18,3088813.4120167373,381567275.7697654,68769167.4831668,0.0,0.0,1.0,pvalloc_29nbfs_30y5_max_sAs2p0
19,3088813.4120167373,381567275.7697654,68769167.4831668,0.0,0.0,1.0,pvalloc_29nbfs_30y5_max_sAs2p0
20,3088813.4120167373,381567275.7697654,68769167.4831668,0.0,0.0,1.0,pvalloc_29nbfs_30y5_max_sAs2p0
21,3088813.4120167373,381567275.7697654,68769167.4831668,0.0,0.0,1.0,pvalloc_29nbfs_30y5_max_sAs2p0
22,3088813.4120167373,381567275.7697654,68769167.4831668,0.0,0.0,1.0,pvalloc_29nbfs_30y5_max_sAs2p0
23,3088813.4120167373,381567275.7697654,68769167.4831668,0.0,0.0,1.0,pvalloc_29nbfs_30y5_max_sAs2p0
24,3088813.4120167373,381567275.7697654,68769167.4831668,0.0,0.0,1.0,pvalloc_29nbfs_30y5_max_sAs2p0
25,3088813.4120167373,381567275.7697654,68769167.4831668,0.0,0.0,1.0,pvalloc_29nbfs_30y5_max_sAs2p0
26,3088813.4120167373,381567275.7697654,68769167.4831668,0.0,0.0,1.0,pvalloc_29nbfs_30y5_max_sAs2p0
27,3088813.4120167373,381567275.7697654,68769167.4831668,0.0,0.0,1.0,pvalloc_29nbfs_30y5_max_sAs2p0
28,3088813.4120167373,381567275.7697654,68769167.4831668,0.0,0.0,1.0,pvalloc_29nbfs_30y5_max_sAs2p0
29,3088813.4120167373,381567275.7697654,68769167.4831668,0.0,0.0,1.0,pvalloc_29nbfs_30y5_max_sAs2p0
30,3088813.4120167373,381567275.7697654,68769167.4831668,0.0,0.0,1.0,pvalloc_29nbfs_30y5_max_sAs2p0
1,0.0,474747316.22972435,7253041.127072879,11529.97911693843,540.0,0.038341380289690426,pvalloc_29nbfs_30y5_max_sAs4p0
2,0.0,465440475.4218149,11006731.910280533,12820.082847902413,826.0,0.09698949162169838,pvalloc_29nbfs_30y5_max_sAs4p0
3,0.0,455074612.6321338,15401632.094829623,15562.447993820879,1214.0,0.18318659471740983,pvalloc_29nbfs_30y5_max_sAs4p0
4,218.5590214582573,443186212.71973944,21360849.111169614,18335.240576276352,1673.0,0.30197387105935813,pvalloc_29nbfs_30y5_max_sAs4p0
5,9970.358330952786,430247593.76341,29427808.09859217,21131.310531897376,2218.0,0.459457540471457,pvalloc_29nbfs_30y5_max_sAs4p0
6,123514.3546851699,416196672.03008556,39481120.72081674,23970.08689125764,2903.0,0.665577960806589,pvalloc_29nbfs_30y5_max_sAs4p0
7,826700.6048511473,401258843.1554386,51593990.81702867,26821.255265038024,3587.0,0.9202641295086623,pvalloc_29nbfs_30y5_max_sAs4p0
8,2521505.831007807,385748798.61719525,65234382.741485655,7916.106087255177,1123.0,1.0,pvalloc_29nbfs_30y5_max_sAs4p0
9,3087838.428361209,381575228.75927323,68759672.42323165,0.0,0.0,1.0,pvalloc_29nbfs_30y5_max_sAs4p0
10,3087838.428361209,381575228.75927323,68759672.42323165,0.0,0.0,1.0,pvalloc_29nbfs_30y5_max_sAs4p0
11,3087838.428361209,381575228.75927323,68759672.42323165,0.0,0.0,1.0,pvalloc_29nbfs_30y5_max_sAs4p0
12,3087838.428361209,381575228.75927323,68759672.42323165,0.0,0.0,1.0,pvalloc_29nbfs_30y5_max_sAs4p0
13,3087838.428361209,381575228.75927323,68759672.42323165,0.0,0.0,1.0,pvalloc_29nbfs_30y5_max_sAs4p0
14,3087838.428361209,381575228.75927323,68759672.42323165,0.0,0.0,1.0,pvalloc_29nbfs_30y5_max_sAs4p0
15,3087838.428361209,381575228.75927323,68759672.42323165,0.0,0.0,1.0,pvalloc_29nbfs_30y5_max_sAs4p0
16,3087838.428361209,381575228.75927323,68759672.42323165,0.0,0.0,1.0,pvalloc_29nbfs_30y5_max_sAs4p0
17,3087838.428361209,381575228.75927323,68759672.42323165,0.0,0.0,1.0,pvalloc_29nbfs_30y5_max_sAs4p0
18,3087838.428361209,381575228.75927323,68759672.42323165,0.0,0.0,1.0,pvalloc_29nbfs_30y5_max_sAs4p0
19,3087838.428361209,381575228.75927323,68759672.42323165,0.0,0.0,1.0,pvalloc_29nbfs_30y5_max_sAs4p0
20,3087838.428361209,381575228.75927323,68759672.42323165,0.0,0.0,1.0,pvalloc_29nbfs_30y5_max_sAs4p0
21,3087838.428361209,381575228.75927323,68759672.42323165,0.0,0.0,1.0,pvalloc_29nbfs_30y5_max_sAs4p0
22,3087838.428361209,381575228.75927323,68759672.42323165,0.0,0.0,1.0,pvalloc_29nbfs_30y5_max_sAs4p0
23,3087838.428361209,381575228.75927323,68759672.42323165,0.0,0.0,1.0,pvalloc_29nbfs_30y5_max_sAs4p0
24,3087838.428361209,381575228.75927323,68759672.42323165,0.0,0.0,1.0,pvalloc_29nbfs_30y5_max_sAs4p0
25,3087838.428361209,381575228.75927323,68759672.42323165,0.0,0.0,1.0,pvalloc_29nbfs_30y5_max_sAs4p0
26,3087838.428361209,381575228.75927323,68759672.42323165,0.0,0.0,1.0,pvalloc_29nbfs_30y5_max_sAs4p0
27,3087838.428361209,381575228.75927323,68759672.42323165,0.0,0.0,1.0,pvalloc_29nbfs_30y5_max_sAs4p0
28,3087838.428361209,381575228.75927323,68759672.42323165,0.0,0.0,1.0,pvalloc_29nbfs_30y5_max_sAs4p0
29,3087838.428361209,381575228.75927323,68759672.42323165,0.0,0.0,1.0,pvalloc_29nbfs_30y5_max_sAs4p0
30,3087838.428361209,381575228.75927323,68759672.42323165,0.0,0.0,1.0,pvalloc_29nbfs_30y5_max_sAs4p0
1,0.0,474757798.1622955,7236322.420196627,11531.72738446099,541.0,0.038412382845782446,pvalloc_29nbfs_30y5_max_sAs6p0
2,0.0,465474789.2217948,11005276.423202109,12813.453553275125,825.0,0.09698949162169838,pvalloc_29nbfs_30y5_max_sAs6p0
3,0.0,455113877.5878563,15401356.079126002,15552.584946539517,1206.0,0.18261857426867367,pvalloc_29nbfs_30y5_max_sAs6p0
4,831.9247720952905,443361990.63300097,21407792.066357646,18336.495503523558,1662.0,0.3006248224936098,pvalloc_29nbfs_30y5_max_sAs6p0
5,12932.315566507792,430532577.783754,29488591.87762948,21132.14637704538,2226.0,0.4586765123544448,pvalloc_29nbfs_30y5_max_sAs6p0
6,110172.30377528687,416524543.83248013,39558126.041646644,23966.81968224109,2891.0,0.6639449020164726,pvalloc_29nbfs_30y5_max_sAs6p0
7,828353.0539068949,401757311.9337641,51729296.388612665,26824.87704193488,3608.0,0.9201221243964782,pvalloc_29nbfs_30y5_max_sAs6p0
8,2516075.8935358636,385759477.90668184,65232876.23198044,7925.21122441058,1125.0,1.0,pvalloc_29nbfs_30y5_max_sAs6p0
9,3088435.60270318,381578313.0496077,68760560.09161144,0.0,0.0,1.0,pvalloc_29nbfs_30y5_max_sAs6p0
10,3088435.60270318,381578313.0496077,68760560.09161144,0.0,0.0,1.0,pvalloc_29nbfs_30y5_max_sAs6p0
11,3088435.60270318,381578313.0496077,68760560.09161144,0.0,0.0,1.0,pvalloc_29nbfs_30y5_max_sAs6p0
12,3088435.60270318,381578313.0496077,68760560.09161144,0.0,0.0,1.0,pvalloc_29nbfs_30y5_max_sAs6p0
13,3088435.60270318,381578313.0496077,68760560.09161144,0.0,0.0,1.0,pvalloc_29nbfs_30y5_max_sAs6p0
14,3088435.60270318,381578313.0496077,68760560.09161144,0.0,0.0,1.0,pvalloc_29nbfs_30y5_max_sAs6p0
15,3088435.60270318,381578313.0496077,68760560.09161144,0.0,0.0,1.0,pvalloc_29nbfs_30y5_max_sAs6p0
16,3088435.60270318,381578313.0496077,68760560.09161144,0.0,0.0,1.0,pvalloc_29nbfs_30y5_max_sAs6p0
17,3088435.60270318,381578313.0496077,68760560.09161144,0.0,0.0,1.0,pvalloc_29nbfs_30y5_max_sAs6p0
18,3088435.60270318,381578313.0496077,68760560.09161144,0.0,0.0,1.0,pvalloc_29nbfs_30y5_max_sAs6p0
19,3088435.60270318,381578313.0496077,68760560.09161144,0.0,0.0,1.0,pvalloc_29nbfs_30y5_max_sAs6p0
20,3088435.60270318,381578313.0496077,68760560.09161144,0.0,0.0,1.0,pvalloc_29nbfs_30y5_max_sAs6p0
21,3088435.60270318,381578313.0496077,68760560.09161144,0.0,0.0,1.0,pvalloc_29nbfs_30y5_max_sAs6p0
22,3088435.60270318,381578313.0496077,68760560.09161144,0.0,0.0,1.0,pvalloc_29nbfs_30y5_max_sAs6p0
23,3088435.60270318,381578313.0496077,68760560.09161144,0.0,0.0,1.0,pvalloc_29nbfs_30y5_max_sAs6p0
24,3088435.60270318,381578313.0496077,68760560.09161144,0.0,0.0,1.0,pvalloc_29nbfs_30y5_max_sAs6p0
25,3088435.60270318,381578313.0496077,68760560.09161144,0.0,0.0,1.0,pvalloc_29nbfs_30y5_max_sAs6p0
26,3088435.60270318,381578313.0496077,68760560.09161144,0.0,0.0,1.0,pvalloc_29nbfs_30y5_max_sAs6p0
27,3088435.60270318,381578313.0496077,68760560.09161144,0.0,0.0,1.0,pvalloc_29nbfs_30y5_max_sAs6p0
28,3088435.60270318,381578313.0496077,68760560.09161144,0.0,0.0,1.0,pvalloc_29nbfs_30y5_max_sAs6p0
29,3088435.60270318,381578313.0496077,68760560.09161144,0.0,0.0,1.0,pvalloc_29nbfs_30y5_max_sAs6p0
30,3088435.60270318,381578313.0496077,68760560.09161144,0.0,0.0,1.0,pvalloc_29nbfs_30y5_max_sAs6p0
1,0.0,474778725.6511034,7220515.843306177,11521.653620529647,542.0,0.038483385401874466,pvalloc_29nbfs_30y5_max_sBs0p4
2,0.0,465547714.9333152,10975261.407797536,12812.871991236427,828.0,0.09727350184606647,pvalloc_29nbfs_30y5_max_sBs0p4
3,0.0,455219653.19914454,15348832.675998796,15556.240152651144,1224.0,0.1841806305026981,pvalloc_29nbfs_30y5_max_sBs0p4
4,0.0,443194628.28887594,21285366.97542655,18330.44412827925,1727.0,0.30680204487361545,pvalloc_29nbfs_30y5_max_sBs0p4
5,8032.559373720953,429919193.7299546,29355679.57766076,21139.66931175331,2235.0,0.4654927577392786,pvalloc_29nbfs_30y5_max_sBs0p4
6,83218.09271783647,415804029.14061517,39400164.01948963,23967.614159628036,2898.0,0.6712581652939505,pvalloc_29nbfs_30y5_max_sBs0p4
7,602280.6854534708,400922357.04114574,51344512.19380373,26822.27411299005,3533.0,0.9221101959670548,pvalloc_29nbfs_30y5_max_sBs0p4
8,2327836.027230478,385666996.3132142,65181112.22844603,7927.015756168047,1097.0,1.0,pvalloc_29nbfs_30y5_max_sBs0p4
9,3086636.1130445693,381586415.10232127,68744368.73046522,0.0,0.0,1.0,pvalloc_29nbfs_30y5_max_sBs0p4
10,3086636.1130445693,381586415.10232127,68744368.73046522,0.0,0.0,1.0,pvalloc_29nbfs_30y5_max_sBs0p4
11,3086636.1130445693,381586415.10232127,68744368.73046522,0.0,0.0,1.0,pvalloc_29nbfs_30y5_max_sBs0p4
12,3086636.1130445693,381586415.10232127,68744368.73046522,0.0,0.0,1.0,pvalloc_29nbfs_30y5_max_sBs0p4
13,3086636.1130445693,381586415.10232127,68744368.73046522,0.0,0.0,1.0,pvalloc_29nbfs_30y5_max_sBs0p4
14,3086636.1130445693,381586415.10232127,68744368.73046522,0.0,0.0,1.0,pvalloc_29nbfs_30y5_max_sBs0p4
15,3086636.1130445693,381586415.10232127,68744368.73046522,0.0,0.0,1.0,pvalloc_29nbfs_30y5_max_sBs0p4
16,3086636.1130445693,381586415.10232127,68744368.73046522,0.0,0.0,1.0,pvalloc_29nbfs_30y5_max_sBs0p4
17,3086636.1130445693,381586415.10232127,68744368.73046522,0.0,0.0,1.0,pvalloc_29nbfs_30y5_max_sBs0p4
18,3086636.1130445693,381586415.10232127,68744368.73046522,0.0,0.0,1.0,pvalloc_29nbfs_30y5_max_sBs0p4
19,3086636.1130445693,381586415.10232127,68744368.73046522,0.0,0.0,1.0,pvalloc_29nbfs_30y5_max_sBs0p4
20,3086636.1130445693,381586415.10232127,68744368.73046522,0.0,0.0,1.0,pvalloc_29nbfs_30y5_max_sBs0p4
21,3086636.1130445693,381586415.10232127,68744368.73046522,0.0,0.0,1.0,pvalloc_29nbfs_30y5_max_sBs0p4
22,3086636.1130445693,381586415.10232127,68744368.73046522,0.0,0.0,1.0,pvalloc_29nbfs_30y5_max_sBs0p4
23,3086636.1130445693,381586415.10232127,68744368.73046522,0.0,0.0,1.0,pvalloc_29nbfs_30y5_max_sBs0p4
24,3086636.1130445693,381586415.10232127,68744368.73046522,0.0,0.0,1.0,pvalloc_29nbfs_30y5_max_sBs0p4
25,3086636.1130445693,381586415.10232127,68744368.73046522,0.0,0.0,1.0,pvalloc_29nbfs_30y5_max_sBs0p4
26,3086636.1130445693,381586415.10232127,68744368.73046522,0.0,0.0,1.0,pvalloc_29nbfs_30y5_max_sBs0p4
27,3086636.1130445693,381586415.10232127,68744368.73046522,0.0,0.0,1.0,pvalloc_29nbfs_30y5_max_sBs0p4
28,3086636.1130445693,381586415.10232127,68744368.73046522,0.0,0.0,1.0,pvalloc_29nbfs_30y5_max_sBs0p4
29,3086636.1130445693,381586415.10232127,68744368.73046522,0.0,0.0,1.0,pvalloc_29nbfs_30y5_max_sBs0p4
30,3086636.1130445693,381586415.10232127,68744368.73046522,0.0,0.0,1.0,pvalloc_29nbfs_30y5_max_sBs0p4
1,0.0,474750142.7560837,7243014.980992234,11531.794704634185,548.0,0.03890940073842658,pvalloc_29nbfs_30y5_max_sBs0p6
2,0.0,465564049.7977332,10995752.321630102,12812.869554095709,828.0,0.09769951718261857,pvalloc_29nbfs_30y5_max_sBs0p6
3,0.0,455241321.5819833,15365991.957044253,15561.82388867484,1240.0,0.18574268673672253,pvalloc_29nbfs_30y5_max_sBs0p6
4,0.0,443255039.6364856,21459907.692465693,18339.75937045457,1755.0,0.3103521726782164,pvalloc_29nbfs_30y5_max_sBs0p6
5,5232.039797284326,430075026.1842347,29533578.796674058,21131.457349371485,2245.0,0.4697529111047998,pvalloc_29nbfs_30y5_max_sBs0p6
6,43760.393042871925,416092888.2281511,39503520.46000965,23964.111788205308,2864.0,0.6731042317523431,pvalloc_29nbfs_30y5_max_sBs0p6
7,535443.9175275466,401086331.2869106,51384677.16213505,26823.300211093116,3504.0,0.9218971882987788,pvalloc_29nbfs_30y5_max_sBs0p6
8,2319086.2855972457,385663292.67521,65182729.443739474,7934.983176533594,1100.0,1.0,pvalloc_29nbfs_30y5_max_sBs0p6
9,3089405.249024651,381565168.93726605,68775363.78360054,0.0,0.0,1.0,pvalloc_29nbfs_30y5_max_sBs0p6
10,3089405.249024651,381565168.93726605,68775363.78360054,0.0,0.0,1.0,pvalloc_29nbfs_30y5_max_sBs0p6
11,3089405.249024651,381565168.93726605,68775363.78360054,0.0,0.0,1.0,pvalloc_29nbfs_30y5_max_sBs0p6
12,3089405.249024651,381565168.93726605,68775363.78360054,0.0,0.0,1.0,pvalloc_29nbfs_30y5_max_sBs0p6
13,3089405.249024651,381565168.93726605,68775363.78360054,0.0,0.0,1.0,pvalloc_29nbfs_30y5_max_sBs0p6
14,3089405.249024651,381565168.93726605,68775363.78360054,0.0,0.0,1.0,pvalloc_29nbfs_30y5_max_sBs0p6
15,3089405.249024651,381565168.93726605,68775363.78360054,0.0,0.0,1.0,pvalloc_29nbfs_30y5_max_sBs0p6
16,3089405.249024651,381565168.93726605,68775363.78360054,0.0,0.0,1.0,pvalloc_29nbfs_30y5_max_sBs0p6
17,3089405.249024651,381565168.93726605,68775363.78360054,0.0,0.0,1.0,pvalloc_29nbfs_30y5_max_sBs0p6
18,3089405.249024651,381565168.93726605,68775363.78360054,0.0,0.0,1.0,pvalloc_29nbfs_30y5_max_sBs0p6
19,3089405.249024651,381565168.93726605,68775363.78360054,0.0,0.0,1.0,pvalloc_29nbfs_30y5_max_sBs0p6
20,3089405.249024651,381565168.93726605,68775363.78360054,0.0,0.0,1.0,pvalloc_29nbfs_30y5_max_sBs0p6
21,3089405.249024651,381565168.93726605,68775363.78360054,0.0,0.0,1.0,pvalloc_29nbfs_30y5_max_sBs0p6
22,3089405.249024651,381565168.93726605,68775363.78360054,0.0,0.0,1.0,pvalloc_29nbfs_30y5_max_sBs0p6
23,3089405.249024651,381565168.93726605,68775363.78360054,0.0,0.0,1.0,pvalloc_29nbfs_30y5_max_sBs0p6
24,3089405.249024651,381565168.93726605,68775363.78360054,0.0,0.0,1.0,pvalloc_29nbfs_30y5_max_sBs0p6
25,3089405.249024651,381565168.93726605,68775363.78360054,0.0,0.0,1.0,pvalloc_29nbfs_30y5_max_sBs0p6
26,3089405.249024651,381565168.93726605,68775363.78360054,0.0,0.0,1.0,pvalloc_29nbfs_30y5_max_sBs0p6
27,3089405.249024651,381565168.93726605,68775363.78360054,0.0,0.0,1.0,pvalloc_29nbfs_30y5_max_sBs0p6
28,3089405.249024651,381565168.93726605,68775363.78360054,0.0,0.0,1.0,pvalloc_29nbfs_30y5_max_sBs0p6
29,3089405.249024651,381565168.93726605,68775363.78360054,0.0,0.0,1.0,pvalloc_29nbfs_30y5_max_sBs0p6
30,3089405.249024651,381565168.93726605,68775363.78360054,0.0,0.0,1.0,pvalloc_29nbfs_30y5_max_sBs0p6
1,0.0,474768792.0922523,7233364.72389815,11520.982244830644,547.0,0.03883839818233457,pvalloc_29nbfs_30y5_max_sBs0p8
2,0.0,465597874.13760513,10985643.16026695,12819.055580249835,829.0,0.09769951718261857,pvalloc_29nbfs_30y5_max_sBs0p8
3,0.0,455263479.69678885,15359636.488826644,15553.359386784214,1239.0,0.18567168418063051,pvalloc_29nbfs_30y5_max_sBs0p8
4,0.0,443295796.531765,21435992.950029373,18331.251263292022,1754.0,0.31021016756603237,pvalloc_29nbfs_30y5_max_sBs0p8
5,5259.615141529903,430114826.9933624,29498124.97342625,21136.425068502067,2245.0,0.46961090599261573,pvalloc_29nbfs_30y5_max_sBs0p8
6,43846.91037765986,416135880.3077343,39476011.29508077,23962.949907556464,2864.0,0.672962226640159,pvalloc_29nbfs_30y5_max_sBs0p8
7,531387.3931945143,401114276.5313359,51363063.327085644,26827.48402209915,3505.0,0.9218261857426867,pvalloc_29nbfs_30y5_max_sBs0p8
8,2312335.6726653916,385677691.4619244,65167524.563285924,7944.30375287451,1101.0,1.0,pvalloc_29nbfs_30y5_max_sBs0p8
9,3088049.571014696,381567219.0744002,68769641.81803828,0.0,0.0,1.0,pvalloc_29nbfs_30y5_max_sBs0p8
10,3088049.571014696,381567219.0744002,68769641.81803828,0.0,0.0,1.0,pvalloc_29nbfs_30y5_max_sBs0p8
11,3088049.571014696,381567219.0744002,68769641.81803828,0.0,0.0,1.0,pvalloc_29nbfs_30y5_max_sBs0p8
12,3088049.571014696,381567219.0744002,68769641.81803828,0.0,0.0,1.0,pvalloc_29nbfs_30y5_max_sBs0p8
13,3088049.571014696,381567219.0744002,68769641.81803828,0.0,0.0,1.0,pvalloc_29nbfs_30y5_max_sBs0p8
14,3088049.571014696,381567219.0744002,68769641.81803828,0.0,0.0,1.0,pvalloc_29nbfs_30y5_max_sBs0p8
15,3088049.571014696,381567219.0744002,68769641.81803828,0.0,0.0,1.0,pvalloc_29nbfs_30y5_max_sBs0p8
16,3088049.571014696,381567219.0744002,68769641.81803828,0.0,0.0,1.0,pvalloc_29nbfs_30y5_max_sBs0p8
17,3088049.571014696,381567219.0744002,68769641.81803828,0.0,0.0,1.0,pvalloc_29nbfs_30y5_max_sBs0p8
18,3088049.571014696,381567219.0744002,68769641.81803828,0.0,0.0,1.0,pvalloc_29nbfs_30y5_max_sBs0p8
19,3088049.571014696,381567219.0744002,68769641.81803828,0.0,0.0,1.0,pvalloc_29nbfs_30y5_max_sBs0p8
20,3088049.571014696,381567219.0744002,68769641.81803828,0.0,0.0,1.0,pvalloc_29nbfs_30y5_max_sBs0p8
21,3088049.571014696,381567219.0744002,68769641.81803828,0.0,0.0,1.0,pvalloc_29nbfs_30y5_max_sBs0p8
22,3088049.571014696,381567219.0744002,68769641.81803828,0.0,0.0,1.0,pvalloc_29nbfs_30y5_max_sBs0p8
23,3088049.571014696,381567219.0744002,68769641.81803828,0.0,0.0,1.0,pvalloc_29nbfs_30y5_max_sBs0p8
24,3088049.571014696,381567219.0744002,68769641.81803828,0.0,0.0,1.0,pvalloc_29nbfs_30y5_max_sBs0p8
25,3088049.571014696,381567219.0744002,68769641.81803828,0.0,0.0,1.0,pvalloc_29nbfs_30y5_max_sBs0p8
26,3088049.571014696,381567219.0744002,68769641.81803828,0.0,0.0,1.0,pvalloc_29nbfs_30y5_max_sBs0p8
27,3088049.571014696,381567219.0744002,68769641.81803828,0.0,0.0,1.0,pvalloc_29nbfs_30y5_max_sBs0p8
28,3088049.571014696,381567219.0744002,68769641.81803828,0.0,0.0,1.0,pvalloc_29nbfs_30y5_max_sBs0p8
29,3088049.571014696,381567219.0744002,68769641.81803828,0.0,0.0,1.0,pvalloc_29nbfs_30y5_max_sBs0p8
30,3088049.571014696,381567219.0744002,68769641.81803828,0.0,0.0,1.0,pvalloc_29nbfs_30y5_max_sBs0p8
1,0.0,474749902.3717589,7247677.993822724,11525.403865411989,541.0,0.038412382845782446,pvalloc_29nbfs_30y5_max_sCs2p4
2,0.0,465544041.9731872,11006416.075837206,12811.371320450742,827.0,0.09713149673388242,pvalloc_29nbfs_30y5_max_sCs2p4
3,0.0,455210279.61029613,15379757.974909369,15552.922338752192,1218.0,0.18361261005396196,pvalloc_29nbfs_30y5_max_sCs2p4
4,5.01897356528616,443211533.29366326,21343662.578388225,18333.667558629953,1701.0,0.30438795796648677,pvalloc_29nbfs_30y5_max_sCs2p4
5,8629.625942939874,430101601.91143376,29412201.069407795,21137.2819635638,2232.0,0.4628656631638739,pvalloc_29nbfs_30y5_max_sCs2p4
6,76241.22977312896,416027095.9634109,39441082.45448347,23961.511374620204,2895.0,0.6684180630502699,pvalloc_29nbfs_30y5_max_sCs2p4
7,595912.639030565,401085456.2014772,51444386.01858498,26823.483526045104,3554.0,0.9207611474013064,pvalloc_29nbfs_30y5_max_sCs2p4
8,2386081.328329487,385743430.32981384,65256711.3574436,7943.009580499181,1116.0,1.0,pvalloc_29nbfs_30y5_max_sCs2p4
9,3085759.1985853985,381570025.5015551,68766121.83040501,0.0,0.0,1.0,pvalloc_29nbfs_30y5_max_sCs2p4
10,3085759.1985853985,381570025.5015551,68766121.83040501,0.0,0.0,1.0,pvalloc_29nbfs_30y5_max_sCs2p4
11,3085759.1985853985,381570025.5015551,68766121.83040501,0.0,0.0,1.0,pvalloc_29nbfs_30y5_max_sCs2p4
12,3085759.1985853985,381570025.5015551,68766121.83040501,0.0,0.0,1.0,pvalloc_29nbfs_30y5_max_sCs2p4
13,3085759.1985853985,381570025.5015551,68766121.83040501,0.0,0.0,1.0,pvalloc_29nbfs_30y5_max_sCs2p4
14,3085759.1985853985,381570025.5015551,68766121.83040501,0.0,0.0,1.0,pvalloc_29nbfs_30y5_max_sCs2p4
15,3085759.1985853985,381570025.5015551,68766121.83040501,0.0,0.0,1.0,pvalloc_29nbfs_30y5_max_sCs2p4
16,3085759.1985853985,381570025.5015551,68766121.83040501,0.0,0.0,1.0,pvalloc_29nbfs_30y5_max_sCs2p4
17,3085759.1985853985,381570025.5015551,68766121.83040501,0.0,0.0,1.0,pvalloc_29nbfs_30y5_max_sCs2p4
18,3085759.1985853985,381570025.5015551,68766121.83040501,0.0,0.0,1.0,pvalloc_29nbfs_30y5_max_sCs2p4
19,3085759.1985853985,381570025.5015551,68766121.83040501,0.0,0.0,1.0,pvalloc_29nbfs_30y5_max_sCs2p4
20,3085759.1985853985,381570025.5015551,68766121.83040501,0.0,0.0,1.0,pvalloc_29nbfs_30y5_max_sCs2p4
21,3085759.1985853985,381570025.5015551,68766121.83040501,0.0,0.0,1.0,pvalloc_29nbfs_30y5_max_sCs2p4
22,3085759.1985853985,381570025.5015551,68766121.83040501,0.0,0.0,1.0,pvalloc_29nbfs_30y5_max_sCs2p4
23,3085759.1985853985,381570025.5015551,68766121.83040501,0.0,0.0,1.0,pvalloc_29nbfs_30y5_max_sCs2p4
24,3085759.1985853985,381570025.5015551,68766121.83040501,0.0,0.0,1.0,pvalloc_29nbfs_30y5_max_sCs2p4
25,3085759.1985853985,381570025.5015551,68766121.83040501,0.0,0.0,1.0,pvalloc_29nbfs_30y5_max_sCs2p4
26,3085759.1985853985,381570025.5015551,68766121.83040501,0.0,0.0,1.0,pvalloc_29nbfs_30y5_max_sCs2p4
27,3085759.1985853985,381570025.5015551,68766121.83040501,0.0,0.0,1.0,pvalloc_29nbfs_30y5_max_sCs2p4
28,3085759.1985853985,381570025.5015551,68766121.83040501,0.0,0.0,1.0,pvalloc_29nbfs_30y5_max_sCs2p4
29,3085759.1985853985,381570025.5015551,68766121.83040501,0.0,0.0,1.0,pvalloc_29nbfs_30y5_max_sCs2p4
30,3085759.1985853985,381570025.5015551,68766121.83040501,0.0,0.0,1.0,pvalloc_29nbfs_30y5_max_sCs2p4
1,0.0,474769183.0691728,7230244.8709588135,11518.509003726165,545.0,0.03869639307015053,pvalloc_29nbfs_30y5_max_sCs4p6
2,0.0,465563944.0329231,10984903.959040718,12813.902616316178,825.0,0.09727350184606647,pvalloc_29nbfs_30y5_max_sCs4p6
3,0.0,455302930.51255596,15381925.083576823,15560.589956096423,1219.0,0.183825617722238,pvalloc_29nbfs_30y5_max_sCs4p6
4,0.0,443408144.8591585,21422871.648611337,18329.509353444337,1696.0,0.3042459528543028,pvalloc_29nbfs_30y5_max_sCs4p6
5,8079.389251864041,430496420.48275924,29550398.43930052,21131.090771254854,2250.0,0.4640017040613462,pvalloc_29nbfs_30y5_max_sCs4p6
6,53820.227742327326,416481413.8629062,39579634.659849875,23964.196715687103,2867.0,0.6675660323771656,pvalloc_29nbfs_30y5_max_sCs4p6
7,575410.4739592612,401499272.79700136,51456973.86593545,26827.500235988173,3561.0,0.9204061346208463,pvalloc_29nbfs_30y5_max_sCs4p6
8,2391887.6549062002,385793936.85700893,65218265.025956325,7938.7749756332005,1121.0,1.0,pvalloc_29nbfs_30y5_max_sCs4p6
9,3087225.119055064,381574935.8749244,68764062.2392049,0.0,0.0,1.0,pvalloc_29nbfs_30y5_max_sCs4p6
10,3087225.119055064,381574935.8749244,68764062.2392049,0.0,0.0,1.0,pvalloc_29nbfs_30y5_max_sCs4p6
11,3087225.119055064,381574935.8749244,68764062.2392049,0.0,0.0,1.0,pvalloc_29nbfs_30y5_max_sCs4p6
12,3087225.119055064,381574935.8749244,68764062.2392049,0.0,0.0,1.0,pvalloc_29nbfs_30y5_max_sCs4p6
13,3087225.119055064,381574935.8749244,68764062.2392049,0.0,0.0,1.0,pvalloc_29nbfs_30y5_max_sCs4p6
14,3087225.119055064,381574935.8749244,68764062.2392049,0.0,0.0,1.0,pvalloc_29nbfs_30y5_max_sCs4p6
15,3087225.119055064,381574935.8749244,68764062.2392049,0.0,0.0,1.0,pvalloc_29nbfs_30y5_max_sCs4p6
16,3087225.119055064,381574935.8749244,68764062.2392049,0.0,0.0,1.0,pvalloc_29nbfs_30y5_max_sCs4p6
17,3087225.119055064,381574935.8749244,68764062.2392049,0.0,0.0,1.0,pvalloc_29nbfs_30y5_max_sCs4p6
18,3087225.119055064,381574935.8749244,68764062.2392049,0.0,0.0,1.0,pvalloc_29nbfs_30y5_max_sCs4p6
19,3087225.119055064,381574935.8749244,68764062.2392049,0.0,0.0,1.0,pvalloc_29nbfs_30y5_max_sCs4p6
20,3087225.119055064,381574935.8749244,68764062.2392049,0.0,0.0,1.0,pvalloc_29nbfs_30y5_max_sCs4p6
21,3087225.119055064,381574935.8749244,68764062.2392049,0.0,0.0,1.0,pvalloc_29nbfs_30y5_max_sCs4p6
22,3087225.119055064,381574935.8749244,68764062.2392049,0.0,0.0,1.0,pvalloc_29nbfs_30y5_max_sCs4p6
23,3087225.119055064,381574935.8749244,68764062.2392049,0.0,0.0,1.0,pvalloc_29nbfs_30y5_max_sCs4p6
24,3087225.119055064,381574935.8749244,68764062.2392049,0.0,0.0,1.0,pvalloc_29nbfs_30y5_max_sCs4p6
25,3087225.119055064,381574935.8749244,68764062.2392049,0.0,0.0,1.0,pvalloc_29nbfs_30y5_max_sCs4p6
26,3087225.119055064,381574935.8749244,68764062.2392049,0.0,0.0,1.0,pvalloc_29nbfs_30y5_max_sCs4p6
27,3087225.119055064,381574935.8749244,68764062.2392049,0.0,0.0,1.0,pvalloc_29nbfs_30y5_max_sCs4p6
28,3087225.119055064,381574935.8749244,68764062.2392049,0.0,0.0,1.0,pvalloc_29nbfs_30y5_max_sCs4p6
29,3087225.119055064,381574935.8749244,68764062.2392049,0.0,0.0,1.0,pvalloc_29nbfs_30y5_max_sCs4p6
30,3087225.119055064,381574935.8749244,68764062.2392049,0.0,0.0,1.0,pvalloc_29nbfs_30y5_max_sCs4p6
1,0.0,474744574.275255,7250407.646069949,11526.1636633166,552.0,0.03919341096279466,pvalloc_29nbfs_30y5_max_sCs6p8
2,0.0,465642138.67110294,11010027.06364818,12806.599648935326,819.0,0.09734450440215847,pvalloc_29nbfs_30y5_max_sCs6p8
3,0.0,455353905.6734498,15431130.265047133,15562.813449930163,1227.0,0.18446464072706617,pvalloc_29nbfs_30y5_max_sCs6p8
4,1.3207662197496006,443554548.0692924,21534231.08506323,18335.92038380967,1700.0,0.305168986083499,pvalloc_29nbfs_30y5_max_sCs6p8
5,6861.635240458811,430856027.96842456,29772445.404526338,21139.07890856375,2260.0,0.46563476285146266,pvalloc_29nbfs_30y5_max_sCs6p8
6,52740.41959268123,416901940.2672476,39778140.715818435,23964.90187353384,2844.0,0.6675660323771656,pvalloc_29nbfs_30y5_max_sCs6p8
7,581188.7886354255,401982156.8890009,51709446.42485369,26823.662790791583,3560.0,0.9203351320647544,pvalloc_29nbfs_30y5_max_sCs6p8
8,2383187.2860011244,385809336.27699846,65213478.10354112,7924.834703346165,1122.0,1.0,pvalloc_29nbfs_30y5_max_sCs6p8
9,3085374.0951961614,381584731.0075661,68758365.78188704,0.0,0.0,1.0,pvalloc_29nbfs_30y5_max_sCs6p8
10,3085374.0951961614,381584731.0075661,68758365.78188704,0.0,0.0,1.0,pvalloc_29nbfs_30y5_max_sCs6p8
11,3085374.0951961614,381584731.0075661,68758365.78188704,0.0,0.0,1.0,pvalloc_29nbfs_30y5_max_sCs6p8
12,3085374.0951961614,381584731.0075661,68758365.78188704,0.0,0.0,1.0,pvalloc_29nbfs_30y5_max_sCs6p8
13,3085374.0951961614,381584731.0075661,68758365.78188704,0.0,0.0,1.0,pvalloc_29nbfs_30y5_max_sCs6p8
14,3085374.0951961614,381584731.0075661,68758365.78188704,0.0,0.0,1.0,pvalloc_29nbfs_30y5_max_sCs6p8
15,3085374.0951961614,381584731.0075661,68758365.78188704,0.0,0.0,1.0,pvalloc_29nbfs_30y5_max_sCs6p8
16,3085374.0951961614,381584731.0075661,68758365.78188704,0.0,0.0,1.0,pvalloc_29nbfs_30y5_max_sCs6p8
17,3085374.0951961614,381584731.0075661,68758365.78188704,0.0,0.0,1.0,pvalloc_29nbfs_30y5_max_sCs6p8
18,3085374.0951961614,381584731.0075661,68758365.78188704,0.0,0.0,1.0,pvalloc_29nbfs_30y5_max_sCs6p8
19,3085374.0951961614,381584731.0075661,68758365.78188704,0.0,0.0,1.0,pvalloc_29nbfs_30y5_max_sCs6p8
20,3085374.0951961614,381584731.0075661,68758365.78188704,0.0,0.0,1.0,pvalloc_29nbfs_30y5_max_sCs6p8
21,3085374.0951961614,381584731.0075661,68758365.78188704,0.0,0.0,1.0,pvalloc_29nbfs_30y5_max_sCs6p8
22,3085374.0951961614,381584731.0075661,68758365.78188704,0.0,0.0,1.0,pvalloc_29nbfs_30y5_max_sCs6p8
23,3085374.0951961614,381584731.0075661,68758365.78188704,0.0,0.0,1.0,pvalloc_29nbfs_30y5_max_sCs6p8
24,3085374.0951961614,381584731.0075661,68758365.78188704,0.0,0.0,1.0,pvalloc_29nbfs_30y5_max_sCs6p8
25,3085374.0951961614,381584731.0075661,68758365.78188704,0.0,0.0,1.0,pvalloc_29nbfs_30y5_max_sCs6p8
26,3085374.0951961614,381584731.0075661,68758365.78188704,0.0,0.0,1.0,pvalloc_29nbfs_30y5_max_sCs6p8
27,3085374.0951961614,381584731.0075661,68758365.78188704,0.0,0.0,1.0,pvalloc_29nbfs_30y5_max_sCs6p8
28,3085374.0951961614,381584731.0075661,68758365.78188704,0.0,0.0,1.0,pvalloc_29nbfs_30y5_max_sCs6p8
29,3085374.0951961614,381584731.0075661,68758365.78188704,0.0,0.0,1.0,pvalloc_29nbfs_30y5_max_sCs6p8
30,3085374.0951961614,381584731.0075661,68758365.78188704,0.0,0.0,1.0,pvalloc_29nbfs_30y5_max_sCs6p8
1,0.0,474744763.2850497,7243240.198897419,11523.000705740325,1160.0,0.0823629650667424,pvalloc_29nbfs_30y5_rnd
2,0.0,467044235.8053665,12311826.416896814,12810.184876425228,1312.0,0.17551831865947173,pvalloc_29nbfs_30y5_rnd
3,0.0,458480620.1496658,18016794.03297486,15556.925053072966,1588.0,0.2882703777335984,pvalloc_29nbfs_30y5_rnd
4,844.3092096891321,448037778.10027605,24912236.29386839,18330.6715139487,1875.0,0.42140017040613464,pvalloc_29nbfs_30y5_rnd
5,27170.339884232264,435687552.6119404,33065507.61594066,21131.625592443783,2151.0,0.5741266685600681,pvalloc_29nbfs_30y5_rnd
6,191933.48588971942,421568112.2893252,42507895.36309189,23966.236022112662,2483.0,0.7504260153365521,pvalloc_29nbfs_30y5_rnd
7,862653.2188160385,405348572.0693373,53267463.172728285,26820.82280064448,2704.0,0.9424169270093723,pvalloc_29nbfs_30y5_rnd
8,2454449.637162306,387052923.5746669,65199458.25462644,7958.069417327697,811.0,1.0,pvalloc_29nbfs_30y5_rnd
9,3086699.9152702754,381568394.29929703,68767889.55537309,0.0,0.0,1.0,pvalloc_29nbfs_30y5_rnd
10,3086699.9152702754,381568394.29929703,68767889.55537309,0.0,0.0,1.0,pvalloc_29nbfs_30y5_rnd
11,3086699.9152702754,381568394.29929703,68767889.55537309,0.0,0.0,1.0,pvalloc_29nbfs_30y5_rnd
12,3086699.9152702754,381568394.29929703,68767889.55537309,0.0,0.0,1.0,pvalloc_29nbfs_30y5_rnd
13,3086699.9152702754,381568394.29929703,68767889.55537309,0.0,0.0,1.0,pvalloc_29nbfs_30y5_rnd
14,3086699.9152702754,381568394.29929703,68767889.55537309,0.0,0.0,1.0,pvalloc_29nbfs_30y5_rnd
15,3086699.9152702754,381568394.29929703,68767889.55537309,0.0,0.0,1.0,pvalloc_29nbfs_30y5_rnd
16,3086699.9152702754,381568394.29929703,68767889.55537309,0.0,0.0,1.0,pvalloc_29nbfs_30y5_rnd
17,3086699.9152702754,381568394.29929703,68767889.55537309,0.0,0.0,1.0,pvalloc_29nbfs_30y5_rnd
18,3086699.9152702754,381568394.29929703,68767889.55537309,0.0,0.0,1.0,pvalloc_29nbfs_30y5_rnd
19,3086699.9152702754,381568394.29929703,68767889.55537309,0.0,0.0,1.0,pvalloc_29nbfs_30y5_rnd
20,3086699.9152702754,381568394.29929703,68767889.55537309,0.0,0.0,1.0,pvalloc_29nbfs_30y5_rnd
21,3086699.9152702754,381568394.29929703,68767889.55537309,0.0,0.0,1.0,pvalloc_29nbfs_30y5_rnd
22,3086699.9152702754,381568394.29929703,68767889.55537309,0.0,0.0,1.0,pvalloc_29nbfs_30y5_rnd
23,3086699.9152702754,381568394.29929703,68767889.55537309,0.0,0.0,1.0,pvalloc_29nbfs_30y5_rnd
24,3086699.9152702754,381568394.29929703,68767889.55537309,0.0,0.0,1.0,pvalloc_29nbfs_30y5_rnd
25,3086699.9152702754,381568394.29929703,68767889.55537309,0.0,0.0,1.0,pvalloc_29nbfs_30y5_rnd
26,3086699.9152702754,381568394.29929703,68767889.55537309,0.0,0.0,1.0,pvalloc_29nbfs_30y5_rnd
27,3086699.9152702754,381568394.29929703,68767889.55537309,0.0,0.0,1.0,pvalloc_29nbfs_30y5_rnd
28,3086699.9152702754,381568394.29929703,68767889.55537309,0.0,0.0,1.0,pvalloc_29nbfs_30y5_rnd
29,3086699.9152702754,381568394.29929703,68767889.55537309,0.0,0.0,1.0,pvalloc_29nbfs_30y5_rnd
30,3086699.9152702754,381568394.29929703,68767889.55537309,0.0,0.0,1.0,pvalloc_29nbfs_30y5_rnd
1,0.0,474737622.3747259,7257754.193752629,11526.284351323733,1181.0,0.08385401874467481,pvalloc_29nbfs_30y5_rnd_1hll
2,0.0,466988391.70695037,12323757.48371468,12805.793449300425,1303.0,0.17637034933257598,pvalloc_29nbfs_30y5_rnd_1hll
3,0.0,458340304.6176368,17968120.242426652,15559.555538789122,1574.0,0.2881283726214144,pvalloc_29nbfs_30y5_rnd_1hll
4,1295.5249877228907,447866109.4140233,24817336.29222306,18338.766880195682,1852.0,0.4196251065038341,pvalloc_29nbfs_30y5_rnd_1hll
5,1469.5312211700275,435578374.4133769,32964199.929356568,21139.418350948803,2161.0,0.5730616302186878,pvalloc_29nbfs_30y5_rnd_1hll
6,61417.89883332835,421243255.0169054,42349547.426984906,23970.729064636045,2399.0,0.7433967622834422,pvalloc_29nbfs_30y5_rnd_1hll
7,161405.42668737465,404923165.6791842,52973599.76672941,16800.27737693335,1669.0,0.8619000284010224,pvalloc_29nbfs_30y5_rnd_1hll
8,220333.08001469006,393463577.83645785,60414383.9543422,0.0,0.0,0.8619000284010224,pvalloc_29nbfs_30y5_rnd_1hll
9,220333.08001469006,393463577.83645785,60414383.9543422,0.0,0.0,0.8619000284010224,pvalloc_29nbfs_30y5_rnd_1hll
10,220333.08001469006,393463577.83645785,60414383.9543422,0.0,0.0,0.8619000284010224,pvalloc_29nbfs_30y5_rnd_1hll
11,220333.08001469006,393463577.83645785,60414383.9543422,0.0,0.0,0.8619000284010224,pvalloc_29nbfs_30y5_rnd_1hll
12,220333.08001469006,393463577.83645785,60414383.9543422,0.0,0.0,0.8619000284010224,pvalloc_29nbfs_30y5_rnd_1hll
13,220333.08001469006,393463577.83645785,60414383.9543422,0.0,0.0,0.8619000284010224,pvalloc_29nbfs_30y5_rnd_1hll
14,220333.08001469006,393463577.83645785,60414383.9543422,0.0,0.0,0.8619000284010224,pvalloc_29nbfs_30y5_rnd_1hll
15,220333.08001469006,393463577.83645785,60414383.9543422,0.0,0.0,0.8619000284010224,pvalloc_29nbfs_30y5_rnd_1hll
16,220333.08001469006,393463577.83645785,60414383.9543422,0.0,0.0,0.8619000284010224,pvalloc_29nbfs_30y5_rnd_1hll
17,220333.08001469006,393463577.83645785,60414383.9543422,0.0,0.0,0.8619000284010224,pvalloc_29nbfs_30y5_rnd_1hll
18,220333.08001469006,393463577.83645785,60414383.9543422,0.0,0.0,0.8619000284010224,pvalloc_29nbfs_30y5_rnd_1hll
19,220333.08001469006,393463577.83645785,60414383.9543422,0.0,0.0,0.8619000284010224,pvalloc_29nbfs_30y5_rnd_1hll
20,220333.08001469006,393463577.83645785,60414383.9543422,0.0,0.0,0.8619000284010224,pvalloc_29nbfs_30y5_rnd_1hll
21,220333.08001469006,393463577.83645785,60414383.9543422,0.0,0.0,0.8619000284010224,pvalloc_29nbfs_30y5_rnd_1hll
22,220333.08001469006,393463577.83645785,60414383.9543422,0.0,0.0,0.8619000284010224,pvalloc_29nbfs_30y5_rnd_1hll
23,220333.08001469006,393463577.83645785,60414383.9543422,0.0,0.0,0.8619000284010224,pvalloc_29nbfs_30y5_rnd_1hll
24,220333.08001469006,393463577.83645785,60414383.9543422,0.0,0.0,0.8619000284010224,pvalloc_29nbfs_30y5_rnd_1hll
25,220333.08001469006,393463577.83645785,60414383.9543422,0.0,0.0,0.8619000284010224,pvalloc_29nbfs_30y5_rnd_1hll
26,220333.08001469006,393463577.83645785,60414383.9543422,0.0,0.0,0.8619000284010224,pvalloc_29nbfs_30y5_rnd_1hll
27,220333.08001469006,393463577.83645785,60414383.9543422,0.0,0.0,0.8619000284010224,pvalloc_29nbfs_30y5_rnd_1hll
28,220333.08001469006,393463577.83645785,60414383.9543422,0.0,0.0,0.8619000284010224,pvalloc_29nbfs_30y5_rnd_1hll
29,220333.08001469006,393463577.83645785,60414383.9543422,0.0,0.0,0.8619000284010224,pvalloc_29nbfs_30y5_rnd_1hll
30,220333.08001469006,393463577.83645785,60414383.9543422,0.0,0.0,0.8619000284010224,pvalloc_29nbfs_30y5_rnd_1hll
