t_int,feedin_atnode_kW,demand_atnode_kW,max_demand_feedin_atnode_kW,feedin_atnode_taken_kW,feedin_atnode_loss_kW,scen
4920,0.0,11113.463869085279,11113.463869085279,0.0,0.0,pvalloc_29nbfs_LRG2_gridoptim_max
4921,0.0,10737.831728562103,10737.831728562103,0.0,0.0,pvalloc_29nbfs_LRG2_gridoptim_max
4922,0.0,10105.311448681487,10105.311448681487,0.0,0.0,pvalloc_29nbfs_LRG2_gridoptim_max
4923,0.0,8120.094880445638,8120.094880445638,0.0,0.0,pvalloc_29nbfs_LRG2_gridoptim_max
4924,0.0,7251.733657230993,7251.733657230993,0.0,0.0,pvalloc_29nbfs_LRG2_gridoptim_max
4925,0.0,6971.075169345189,6971.075169345189,0.0,0.0,pvalloc_29nbfs_LRG2_gridoptim_max
4926,815.4872725855732,3618.2141821680602,3709.441404487184,815.4872725855732,0.0,pvalloc_29nbfs_LRG2_gridoptim_max
4927,15638.410199987686,2565.396533825808,16164.113051994089,15638.410199987686,0.0,pvalloc_29nbfs_LRG2_gridoptim_max
4928,35718.53635660216,2730.358569313444,35924.052846488354,35651.9737109701,66.56264563206088,pvalloc_29nbfs_LRG2_gridoptim_max
4929,54945.33062663259,3383.3676246703985,55123.19847335439,53178.968910011645,1766.3617166209488,pvalloc_29nbfs_LRG2_gridoptim_max
4930,73824.2746300653,3609.579001210335,73962.47030040898,66532.53535818376,7291.739271881597,pvalloc_29nbfs_LRG2_gridoptim_max
4931,88638.60523104356,4122.941324315314,88797.05384380394,74667.8380409171,13970.767190126473,pvalloc_29nbfs_LRG2_gridoptim_max
4932,73653.5695734071,5203.08748178389,73994.66169865592,66395.23850799666,7258.331065410372,pvalloc_29nbfs_LRG2_gridoptim_max
4933,61290.72150883773,6740.212818645233,62198.90552104714,58057.89031864898,3232.8311901887337,pvalloc_29nbfs_LRG2_gridoptim_max
4934,57943.44192181016,5555.331886811121,58522.39185949863,55402.36083129762,2541.0810905125227,pvalloc_29nbfs_LRG2_gridoptim_max
4935,50588.19470450244,5124.714976846567,51186.60070363388,49419.31315394979,1168.8815505526584,pvalloc_29nbfs_LRG2_gridoptim_max
4936,49978.20000671424,4868.598334665915,50522.20981492236,48919.08256724722,1059.117439467038,pvalloc_29nbfs_LRG2_gridoptim_max
4937,33822.00971150163,4313.970890398428,34494.19176294334,33779.93257699045,42.077134511181384,pvalloc_29nbfs_LRG2_gridoptim_max
4938,16215.28402813941,3968.053893891288,17355.497006478643,16215.28402813941,0.0,pvalloc_29nbfs_LRG2_gridoptim_max
4939,7120.365401152305,5213.912290598338,9870.554186216945,7120.365401152305,0.0,pvalloc_29nbfs_LRG2_gridoptim_max
4940,292.836357095626,8880.54990188169,8883.99726835486,292.836357095626,0.0,pvalloc_29nbfs_LRG2_gridoptim_max
4941,0.0,12714.325160437362,12714.325160437362,0.0,0.0,pvalloc_29nbfs_LRG2_gridoptim_max
4942,0.0,13844.117670126652,13844.117670126652,0.0,0.0,pvalloc_29nbfs_LRG2_gridoptim_max
4943,0.0,13190.081500942473,13190.081500942473,0.0,0.0,pvalloc_29nbfs_LRG2_gridoptim_max
4944,0.0,15734.473543662867,15734.473543662867,0.0,0.0,pvalloc_29nbfs_LRG2_gridoptim_max
4945,0.0,11843.652935827871,11843.652935827871,0.0,0.0,pvalloc_29nbfs_LRG2_gridoptim_max
4946,0.0,9148.163406638314,9148.163406638314,0.0,0.0,pvalloc_29nbfs_LRG2_gridoptim_max
4947,0.0,7889.191632688864,7889.191632688864,0.0,0.0,pvalloc_29nbfs_LRG2_gridoptim_max
4948,0.0,7842.183829125384,7842.183829125384,0.0,0.0,pvalloc_29nbfs_LRG2_gridoptim_max
4949,0.0,6888.334696423668,6888.334696423668,0.0,0.0,pvalloc_29nbfs_LRG2_gridoptim_max
4950,7.662290152269789,5213.380799062923,5213.398111425878,7.662290152269789,0.0,pvalloc_29nbfs_LRG2_gridoptim_max
4951,9050.9441511326,2569.6592936243765,9920.585561291826,9050.9441511326,0.0,pvalloc_29nbfs_LRG2_gridoptim_max
4952,30069.573060462477,2584.2796447880546,30301.25769710802,30069.573060462477,0.0,pvalloc_29nbfs_LRG2_gridoptim_max
4953,53592.51273633371,3045.846640432282,53737.43856232328,52058.64960880368,1533.8631275300322,pvalloc_29nbfs_LRG2_gridoptim_max
4954,74850.54935963964,3412.573866023831,74969.8905382359,67156.96867906617,7693.58068057342,pvalloc_29nbfs_LRG2_gridoptim_max
4955,86047.78306156346,3658.5110979635956,86182.2519184467,73304.32301114353,12743.460050419895,pvalloc_29nbfs_LRG2_gridoptim_max
4956,74165.75131405692,4666.295637605643,74421.71203490828,66709.78066963186,7455.97064442513,pvalloc_29nbfs_LRG2_gridoptim_max
4957,49665.1882449849,4927.196331043973,50210.772602989004,48676.34473462587,988.8435103590357,pvalloc_29nbfs_LRG2_gridoptim_max
4958,60429.52856220886,5058.25288183368,60907.86165234866,57214.45835763482,3215.0702045740354,pvalloc_29nbfs_LRG2_gridoptim_max
4959,48196.82597029076,5101.101842406046,48862.14365497623,47373.62906019923,823.1969100915228,pvalloc_29nbfs_LRG2_gridoptim_max
4960,44312.44256158638,4771.388603693307,44955.27987942988,43892.576482323704,419.86607926267675,pvalloc_29nbfs_LRG2_gridoptim_max
4961,35701.13353663263,4855.1441793653885,36527.54357633926,35603.57878783052,97.55474880209795,pvalloc_29nbfs_LRG2_gridoptim_max
4962,19684.135282950465,4740.436467574063,21066.017929980444,19684.135282950465,0.0,pvalloc_29nbfs_LRG2_gridoptim_max
4963,9054.245344334944,6126.141048394837,12237.992935715074,9054.245344334944,0.0,pvalloc_29nbfs_LRG2_gridoptim_max
4964,3.629909223792617,11455.36281352495,11455.36281352495,3.629909223792617,0.0,pvalloc_29nbfs_LRG2_gridoptim_max
4965,0.0,21698.627529472968,21698.627529472968,0.0,0.0,pvalloc_29nbfs_LRG2_gridoptim_max
4966,0.0,15054.668580548849,15054.668580548849,0.0,0.0,pvalloc_29nbfs_LRG2_gridoptim_max
4967,0.0,14761.30043522164,14761.30043522164,0.0,0.0,pvalloc_29nbfs_LRG2_gridoptim_max
4968,0.0,12492.279958567413,12492.279958567413,0.0,0.0,pvalloc_29nbfs_LRG2_gridoptim_max
4969,0.0,10052.532145121633,10052.532145121633,0.0,0.0,pvalloc_29nbfs_LRG2_gridoptim_max
4970,0.0,8034.332061846783,8034.332061846783,0.0,0.0,pvalloc_29nbfs_LRG2_gridoptim_max
4971,0.0,7219.022230515399,7219.022230515399,0.0,0.0,pvalloc_29nbfs_LRG2_gridoptim_max
4972,0.0,6689.043790452775,6689.043790452775,0.0,0.0,pvalloc_29nbfs_LRG2_gridoptim_max
4973,0.0,6426.528200910121,6426.528200910121,0.0,0.0,pvalloc_29nbfs_LRG2_gridoptim_max
4974,159.49975148365672,4007.391290756962,4009.3410390971458,159.49975148365672,0.0,pvalloc_29nbfs_LRG2_gridoptim_max
4975,10121.532985736469,2564.453481566318,10927.368051847146,10121.532985736469,0.0,pvalloc_29nbfs_LRG2_gridoptim_max
4976,3107.720190001757,2953.7624247795725,4788.278030151761,3107.720190001757,0.0,pvalloc_29nbfs_LRG2_gridoptim_max
4977,18193.6499756146,3176.83056871781,18911.46909898033,18193.6499756146,0.0,pvalloc_29nbfs_LRG2_gridoptim_max
4978,35896.22644111005,3473.662542608941,36273.8037297498,35805.0355436221,91.1908974879351,pvalloc_29nbfs_LRG2_gridoptim_max
4979,56900.682980273275,3956.5450041796184,57160.999697662846,54649.785137775754,2250.897842497519,pvalloc_29nbfs_LRG2_gridoptim_max
4980,59165.286352375755,4737.695066993477,59544.42005358159,56400.28745478306,2764.9988975926926,pvalloc_29nbfs_LRG2_gridoptim_max
4981,62462.73144074336,5449.051950974774,62958.57980311417,58870.633312153615,3592.0981285897496,pvalloc_29nbfs_LRG2_gridoptim_max
4982,47268.16626062229,4979.697322599027,47899.481630290284,46581.23639957166,686.9298610506268,pvalloc_29nbfs_LRG2_gridoptim_max
4983,52454.45872232879,5606.736983705357,53137.3605210739,51000.11422719596,1454.3444951328293,pvalloc_29nbfs_LRG2_gridoptim_max
4984,42605.388731376304,4947.9999515495165,43284.45354761237,42325.028465098614,280.3602662776917,pvalloc_29nbfs_LRG2_gridoptim_max
4985,28275.765716186514,4418.053569591566,29140.942431747804,28275.765716186514,0.0,pvalloc_29nbfs_LRG2_gridoptim_max
4986,22347.292513639288,4979.425738690356,23797.062476354567,22347.292513639288,0.0,pvalloc_29nbfs_LRG2_gridoptim_max
4987,9891.990407417754,5180.6561492334895,12403.190155487167,9891.990407417754,0.0,pvalloc_29nbfs_LRG2_gridoptim_max
4988,1.7793007076952996,11633.675158885044,11633.675158885044,1.7793007076952996,0.0,pvalloc_29nbfs_LRG2_gridoptim_max
4989,0.0,15306.207062822388,15306.207062822388,0.0,0.0,pvalloc_29nbfs_LRG2_gridoptim_max
4990,0.0,18487.541112237723,18487.541112237723,0.0,0.0,pvalloc_29nbfs_LRG2_gridoptim_max
4991,0.0,15678.910070087288,15678.910070087288,0.0,0.0,pvalloc_29nbfs_LRG2_gridoptim_max
4992,0.0,12457.950105853317,12457.950105853317,0.0,0.0,pvalloc_29nbfs_LRG2_gridoptim_max
4993,0.0,9566.57816566627,9566.57816566627,0.0,0.0,pvalloc_29nbfs_LRG2_gridoptim_max
4994,0.0,8172.598108657664,8172.598108657664,0.0,0.0,pvalloc_29nbfs_LRG2_gridoptim_max
4995,0.0,7275.373634775014,7275.373634775014,0.0,0.0,pvalloc_29nbfs_LRG2_gridoptim_max
4996,0.0,6657.432000184343,6657.432000184343,0.0,0.0,pvalloc_29nbfs_LRG2_gridoptim_max
4997,0.0,6227.237294939229,6227.237294939229,0.0,0.0,pvalloc_29nbfs_LRG2_gridoptim_max
4998,405.12638591912025,3603.721531022177,3620.7126499786277,405.12638591912025,0.0,pvalloc_29nbfs_LRG2_gridoptim_max
4999,14806.676434326646,2556.7429371384874,15371.48802607814,14806.676434326646,0.0,pvalloc_29nbfs_LRG2_gridoptim_max
5000,33309.37276237399,2809.454912821861,33554.89161792491,33299.027598069864,10.345164304125944,pvalloc_29nbfs_LRG2_gridoptim_max
5001,51610.74502508547,3154.048472067611,51779.155945125975,50397.725795390856,1213.0192296946047,pvalloc_29nbfs_LRG2_gridoptim_max
5002,65200.477251858014,3264.96301957325,65340.77886293772,60881.280492571925,4319.196759286076,pvalloc_29nbfs_LRG2_gridoptim_max
5003,84914.17738119492,3990.1414680629714,85066.89254599699,72755.46995812499,12158.707423069944,pvalloc_29nbfs_LRG2_gridoptim_max
5004,83020.84688897245,4536.892203977538,83222.33146488102,71764.77857089571,11256.068318076686,pvalloc_29nbfs_LRG2_gridoptim_max
5005,89431.3518483646,4662.873221858473,89641.95793336452,75028.12376466743,14403.228083697131,pvalloc_29nbfs_LRG2_gridoptim_max
5006,83278.48117569715,4644.448013336756,83519.97496934069,71784.79110207995,11493.690073617197,pvalloc_29nbfs_LRG2_gridoptim_max
5007,69609.38836048133,4661.818913120965,69906.57225687799,63762.36446851288,5847.023891968469,pvalloc_29nbfs_LRG2_gridoptim_max
5008,54879.2391494655,4131.12320034409,55205.76436655035,52986.5425540941,1892.6965953713961,pvalloc_29nbfs_LRG2_gridoptim_max
5009,32477.30534332885,3875.4067018161995,33044.87284059251,32469.361016903218,7.9443264256368025,pvalloc_29nbfs_LRG2_gridoptim_max
5010,13629.76872897807,4004.060657955872,14994.751639446944,13629.76872897807,0.0,pvalloc_29nbfs_LRG2_gridoptim_max
5011,2489.3964933028656,6139.608948066178,6895.633165424719,2489.3964933028656,0.0,pvalloc_29nbfs_LRG2_gridoptim_max
5012,0.024958675141344665,13839.079955832045,13839.079955832045,0.024958675141344665,0.0,pvalloc_29nbfs_LRG2_gridoptim_max
5013,0.0,14662.18168263524,14662.18168263524,0.0,0.0,pvalloc_29nbfs_LRG2_gridoptim_max
5014,0.0,16274.799124460178,16274.799124460178,0.0,0.0,pvalloc_29nbfs_LRG2_gridoptim_max
5015,0.0,15624.092956490873,15624.092956490873,0.0,0.0,pvalloc_29nbfs_LRG2_gridoptim_max
5016,0.0,12724.185769730164,12724.185769730164,0.0,0.0,pvalloc_29nbfs_LRG2_gridoptim_max
5017,0.0,10867.074894322572,10867.074894322572,0.0,0.0,pvalloc_29nbfs_LRG2_gridoptim_max
5018,0.0,8769.37174164062,8769.37174164062,0.0,0.0,pvalloc_29nbfs_LRG2_gridoptim_max
5019,0.0,7592.314610242441,7592.314610242441,0.0,0.0,pvalloc_29nbfs_LRG2_gridoptim_max
5020,0.0,6804.494587055006,6804.494587055006,0.0,0.0,pvalloc_29nbfs_LRG2_gridoptim_max
5021,0.0,6914.4472014214525,6914.4472014214525,0.0,0.0,pvalloc_29nbfs_LRG2_gridoptim_max
5022,125.24238815169035,4176.1005421892705,4177.673003662756,125.24238815169035,0.0,pvalloc_29nbfs_LRG2_gridoptim_max
5023,10357.425058436202,2595.3622637120466,11174.000486125971,10357.425058436202,0.0,pvalloc_29nbfs_LRG2_gridoptim_max
5024,21522.44857475348,2783.0629074488747,21963.46752748907,21522.44857475348,0.0,pvalloc_29nbfs_LRG2_gridoptim_max
5025,18413.585083269292,3411.930740164993,19293.725788769396,18413.585083269292,0.0,pvalloc_29nbfs_LRG2_gridoptim_max
5026,30336.39636517517,3853.5857085297625,30984.299092105808,30336.39636517517,0.0,pvalloc_29nbfs_LRG2_gridoptim_max
5027,65360.850176553264,3691.19477883266,65545.91636870203,60949.48807428592,4411.362102267357,pvalloc_29nbfs_LRG2_gridoptim_max
5028,78365.6384252133,5405.843390591151,78722.43925984818,69256.3528792689,9109.285545944387,pvalloc_29nbfs_LRG2_gridoptim_max
5029,51659.68730880064,5108.879013785169,52224.80560015881,50331.37939343279,1328.3079153678427,pvalloc_29nbfs_LRG2_gridoptim_max
5030,22534.767504643383,5908.050841662417,24463.185687373738,22534.767504643383,0.0,pvalloc_29nbfs_LRG2_gridoptim_max
5031,25166.20337014365,5019.0469860560215,26452.724438529513,25166.20337014365,0.0,pvalloc_29nbfs_LRG2_gridoptim_max
5032,33495.990193680824,4084.3749124208853,34104.95883862824,33454.71262790528,41.277565775529524,pvalloc_29nbfs_LRG2_gridoptim_max
5033,26505.026375608908,4178.905232308924,27340.707059949767,26505.026375608908,0.0,pvalloc_29nbfs_LRG2_gridoptim_max
5034,16465.17585602022,4781.410581584243,18134.392884179793,16465.17585602022,0.0,pvalloc_29nbfs_LRG2_gridoptim_max
5035,10136.403393680896,5455.584667621188,12729.509788600966,10136.403393680896,0.0,pvalloc_29nbfs_LRG2_gridoptim_max
5036,10.520503725772071,11025.82576603404,11025.838201183198,10.520503725772071,0.0,pvalloc_29nbfs_LRG2_gridoptim_max
5037,0.0,15623.399766375918,15623.399766375918,0.0,0.0,pvalloc_29nbfs_LRG2_gridoptim_max
5038,0.0,16022.715362504954,16022.715362504954,0.0,0.0,pvalloc_29nbfs_LRG2_gridoptim_max
5039,0.0,16439.75171535185,16439.75171535185,0.0,0.0,pvalloc_29nbfs_LRG2_gridoptim_max
5040,0.0,12326.556850038325,12326.556850038325,0.0,0.0,pvalloc_29nbfs_LRG2_gridoptim_max
5041,0.0,9488.472208125193,9488.472208125193,0.0,0.0,pvalloc_29nbfs_LRG2_gridoptim_max
5042,0.0,8024.435333822399,8024.435333822399,0.0,0.0,pvalloc_29nbfs_LRG2_gridoptim_max
5043,0.0,7253.657469496068,7253.657469496068,0.0,0.0,pvalloc_29nbfs_LRG2_gridoptim_max
5044,0.0,6638.189465394041,6638.189465394041,0.0,0.0,pvalloc_29nbfs_LRG2_gridoptim_max
5045,0.0,6441.09672928257,6441.09672928257,0.0,0.0,pvalloc_29nbfs_LRG2_gridoptim_max
5046,125.82861762094949,4153.706873991382,4155.25816372495,125.82861762094949,0.0,pvalloc_29nbfs_LRG2_gridoptim_max
5047,11206.21739703884,2675.4880630763196,12054.501275356952,11206.21739703884,0.0,pvalloc_29nbfs_LRG2_gridoptim_max
5048,32139.161655204178,2999.5910168265546,32438.07681040919,32139.161655204178,0.0,pvalloc_29nbfs_LRG2_gridoptim_max
5049,52738.819711081065,3374.1993358299055,52928.07649502315,51359.78986504273,1379.0298460383278,pvalloc_29nbfs_LRG2_gridoptim_max
5050,71688.33874031856,3455.7651723502536,71810.17555262853,65243.285661971684,6445.053078346931,pvalloc_29nbfs_LRG2_gridoptim_max
5051,65343.38566231303,3862.8350385515505,65540.10402621464,60968.908451239215,4374.477211073824,pvalloc_29nbfs_LRG2_gridoptim_max
5052,59872.330843038784,4506.010207820127,60197.754329247815,56960.59578324665,2911.735059792123,pvalloc_29nbfs_LRG2_gridoptim_max
5053,66410.33288060676,4770.22418413087,66731.70728924197,61660.02026411916,4750.312616487712,pvalloc_29nbfs_LRG2_gridoptim_max
5054,67529.58612165808,4641.523199183358,67841.47077407513,62340.9928279684,5188.59329368961,pvalloc_29nbfs_LRG2_gridoptim_max
5055,57117.29402282066,4919.372567907294,57564.289596491224,54755.91371068379,2361.3803121368765,pvalloc_29nbfs_LRG2_gridoptim_max
5056,51014.99040868977,4354.764280738541,51405.456865572734,49824.914967952034,1190.075440737742,pvalloc_29nbfs_LRG2_gridoptim_max
5057,34079.816410879095,3764.2249207628533,34589.095130300004,34036.52311847777,43.29329240131602,pvalloc_29nbfs_LRG2_gridoptim_max
5058,12031.87957671906,3762.151749895331,13340.081996994244,12031.87957671906,0.0,pvalloc_29nbfs_LRG2_gridoptim_max
5059,6128.356136769376,4417.859278333943,8397.681260558531,6128.356136769376,0.0,pvalloc_29nbfs_LRG2_gridoptim_max
5060,210.74799579234514,7679.436696148422,7682.026853044151,210.74799579234514,0.0,pvalloc_29nbfs_LRG2_gridoptim_max
5061,0.0,12442.644294585474,12442.644294585474,0.0,0.0,pvalloc_29nbfs_LRG2_gridoptim_max
5062,0.0,12652.578225358759,12652.578225358759,0.0,0.0,pvalloc_29nbfs_LRG2_gridoptim_max
5063,0.0,12878.862779430521,12878.862779430521,0.0,0.0,pvalloc_29nbfs_LRG2_gridoptim_max
5064,0.0,12350.755659688532,12350.755659688532,0.0,0.0,pvalloc_29nbfs_LRG2_gridoptim_max
5065,0.0,11097.685205202353,11097.685205202353,0.0,0.0,pvalloc_29nbfs_LRG2_gridoptim_max
5066,0.0,9294.124150992036,9294.124150992036,0.0,0.0,pvalloc_29nbfs_LRG2_gridoptim_max
5067,0.0,7868.8472553816255,7868.8472553816255,0.0,0.0,pvalloc_29nbfs_LRG2_gridoptim_max
5068,0.0,6865.793803809358,6865.793803809358,0.0,0.0,pvalloc_29nbfs_LRG2_gridoptim_max
5069,0.0,7046.117084101745,7046.117084101745,0.0,0.0,pvalloc_29nbfs_LRG2_gridoptim_max
5070,116.6842661793673,4262.46360447135,4263.910568641915,116.6842661793673,0.0,pvalloc_29nbfs_LRG2_gridoptim_max
5071,13077.32368214559,2525.529580133799,13707.175535825396,13077.32368214559,0.0,pvalloc_29nbfs_LRG2_gridoptim_max
5072,29949.338764740663,2830.6819347724204,30240.31276008676,29949.338764740663,0.0,pvalloc_29nbfs_LRG2_gridoptim_max
5073,52006.91033330382,3235.119216048023,52187.09531425338,50718.839173212305,1288.0711600915224,pvalloc_29nbfs_LRG2_gridoptim_max
5074,69278.57211174807,3526.1231572396796,69438.11783583136,63626.43813120965,5652.133980538314,pvalloc_29nbfs_LRG2_gridoptim_max
5075,79768.98388503474,3948.522379586093,79943.43922044657,69932.343823658,9836.640061376784,pvalloc_29nbfs_LRG2_gridoptim_max
5076,70345.45148567682,4492.797413544892,70602.73053877364,64292.68879077713,6052.7626948997195,pvalloc_29nbfs_LRG2_gridoptim_max
5077,62227.079542822576,4924.652267420666,62612.292754704795,58680.5733976002,3546.506145222388,pvalloc_29nbfs_LRG2_gridoptim_max
5078,52865.189920073026,5104.432394213774,53430.609800851445,51306.21633408708,1558.9735859859438,pvalloc_29nbfs_LRG2_gridoptim_max
5079,32826.49201496163,5125.95088986111,33847.347823499025,32798.57064010071,27.92137486092156,pvalloc_29nbfs_LRG2_gridoptim_max
5080,36003.77964527743,4746.771622971509,36770.83963695904,35899.62090872603,104.15873655138813,pvalloc_29nbfs_LRG2_gridoptim_max
5081,28366.94006780852,4510.403893087708,29270.629416405325,28366.94006780852,0.0,pvalloc_29nbfs_LRG2_gridoptim_max
5082,16194.935621914252,4465.171187990327,17650.16598512367,16194.935621914252,0.0,pvalloc_29nbfs_LRG2_gridoptim_max
5083,8523.16157230938,4787.330114853853,10793.90713822006,8523.16157230938,0.0,pvalloc_29nbfs_LRG2_gridoptim_max
5084,44.767042503057894,9064.934682172732,9065.211692203664,44.767042503057894,0.0,pvalloc_29nbfs_LRG2_gridoptim_max
5085,0.0,14038.884071464148,14038.884071464148,0.0,0.0,pvalloc_29nbfs_LRG2_gridoptim_max
5086,0.0,16707.67865740891,16707.67865740891,0.0,0.0,pvalloc_29nbfs_LRG2_gridoptim_max
5087,0.0,14798.423471834056,14798.423471834056,0.0,0.0,pvalloc_29nbfs_LRG2_gridoptim_max
5088,0.0,12920.992928294934,12920.992928294934,0.0,0.0,pvalloc_29nbfs_LRG2_gridoptim_max
5089,0.0,9900.944565301277,9900.944565301277,0.0,0.0,pvalloc_29nbfs_LRG2_gridoptim_max
5090,0.0,9389.78590368506,9389.78590368506,0.0,0.0,pvalloc_29nbfs_LRG2_gridoptim_max
5091,0.0,7401.546438254426,7401.546438254426,0.0,0.0,pvalloc_29nbfs_LRG2_gridoptim_max
5092,0.0,6692.067790682453,6692.067790682453,0.0,0.0,pvalloc_29nbfs_LRG2_gridoptim_max
5093,0.0,6497.448685059626,6497.448685059626,0.0,0.0,pvalloc_29nbfs_LRG2_gridoptim_max
5094,297.5625700708032,3860.0686017697217,3863.9726169856644,297.5625700708032,0.0,pvalloc_29nbfs_LRG2_gridoptim_max
5095,14691.24394875183,2399.43505872432,15176.004981480313,14691.24394875183,0.0,pvalloc_29nbfs_LRG2_gridoptim_max
5096,34544.02475887098,2394.3910359521597,34699.35333216513,34514.82696728786,29.197791583123262,pvalloc_29nbfs_LRG2_gridoptim_max
5097,56466.79183023145,2829.9041018373437,56581.04425331592,54413.60091100069,2053.190919230765,pvalloc_29nbfs_LRG2_gridoptim_max
5098,73232.29234051514,2952.5387853736647,73330.94680311177,66202.38253402502,7029.909806490064,pvalloc_29nbfs_LRG2_gridoptim_max
5099,88599.6490026297,3546.6136069004765,88729.18153994798,74622.69808442453,13976.950918205122,pvalloc_29nbfs_LRG2_gridoptim_max
5100,74805.4250524312,4962.945815801076,75097.79932660889,67080.93056424682,7724.49448818436,pvalloc_29nbfs_LRG2_gridoptim_max
5101,65610.75925673029,5638.27543300471,66115.902276062,61027.70100000609,4583.058256724188,pvalloc_29nbfs_LRG2_gridoptim_max
5102,70657.90697250873,5719.927689841852,71160.62984444143,64322.90054558955,6335.0064269191535,pvalloc_29nbfs_LRG2_gridoptim_max
5103,64502.37182831241,5197.1189901497555,64961.06542580324,60202.89722621133,4299.474602101078,pvalloc_29nbfs_LRG2_gridoptim_max
5104,60724.13616024098,4989.79991519638,61188.2810935433,57435.47696719245,3288.659193048532,pvalloc_29nbfs_LRG2_gridoptim_max
5105,25673.96851398722,4844.3441049229505,26766.038202319975,25673.96851398722,0.0,pvalloc_29nbfs_LRG2_gridoptim_max
5106,6493.753756882481,5170.125823656647,9117.413026324886,6493.753756882481,0.0,pvalloc_29nbfs_LRG2_gridoptim_max
5107,1404.590730277989,6967.219892444963,7086.148818660166,1404.590730277989,0.0,pvalloc_29nbfs_LRG2_gridoptim_max
5108,0.5412050785959202,11358.75881536401,11358.75881536401,0.5412050785959202,0.0,pvalloc_29nbfs_LRG2_gridoptim_max
5109,0.0,13173.891725783154,13173.891725783154,0.0,0.0,pvalloc_29nbfs_LRG2_gridoptim_max
5110,0.0,13106.449704799226,13106.449704799226,0.0,0.0,pvalloc_29nbfs_LRG2_gridoptim_max
5111,0.0,12603.245316458499,12603.245316458499,0.0,0.0,pvalloc_29nbfs_LRG2_gridoptim_max
5112,0.0,10413.182078012227,10413.182078012227,0.0,0.0,pvalloc_29nbfs_LRG2_gridoptim_max
5113,0.0,8993.403916155024,8993.403916155024,0.0,0.0,pvalloc_29nbfs_LRG2_gridoptim_max
5114,0.0,7817.1726151270905,7817.1726151270905,0.0,0.0,pvalloc_29nbfs_LRG2_gridoptim_max
5115,0.0,7187.960258470544,7187.960258470544,0.0,0.0,pvalloc_29nbfs_LRG2_gridoptim_max
5116,0.0,6597.782238100715,6597.782238100715,0.0,0.0,pvalloc_29nbfs_LRG2_gridoptim_max
5117,0.0,6653.582169584411,6653.582169584411,0.0,0.0,pvalloc_29nbfs_LRG2_gridoptim_max
5118,142.57535712978037,4136.713013426919,4138.397816545218,142.57535712978037,0.0,pvalloc_29nbfs_LRG2_gridoptim_max
5119,10188.292007420869,2386.9470306186904,10889.651069864858,10188.292007420869,0.0,pvalloc_29nbfs_LRG2_gridoptim_max
5120,30920.185859702873,2410.360720223922,31107.284466827772,30920.185859702873,0.0,pvalloc_29nbfs_LRG2_gridoptim_max
5121,54044.36523286255,2747.5371839249465,54161.144884666915,52456.40987355404,1587.9553593085116,pvalloc_29nbfs_LRG2_gridoptim_max
5122,69915.63940509743,3219.685747814582,70035.11860224413,64113.88877300772,5801.750632089714,pvalloc_29nbfs_LRG2_gridoptim_max
5123,88270.39240438587,3536.7108006001777,88380.62534192702,74537.39666623175,13732.995738154106,pvalloc_29nbfs_LRG2_gridoptim_max
5124,87864.01891719199,4756.053727187061,88060.41915022892,74373.5864365539,13490.432480638045,pvalloc_29nbfs_LRG2_gridoptim_max
5125,87785.58774767148,5592.327268462074,88088.67129348544,74256.44225321841,13529.145494453096,pvalloc_29nbfs_LRG2_gridoptim_max
5126,81560.65191023589,5465.473668583298,81893.50407119056,70889.00381143512,10671.648098800804,pvalloc_29nbfs_LRG2_gridoptim_max
5127,77034.25216583874,5376.483250136717,77396.24151060198,68308.3628750657,8725.889290773062,pvalloc_29nbfs_LRG2_gridoptim_max
5128,68229.9210087849,4534.167088377615,68525.14058986562,62835.370751974755,5394.550256810106,pvalloc_29nbfs_LRG2_gridoptim_max
5129,50034.82487391113,4374.26794723797,50448.25770199145,49005.24998337659,1029.5748905345383,pvalloc_29nbfs_LRG2_gridoptim_max
5130,30618.357270988297,4934.663035660093,31606.138686276106,30618.357270988297,0.0,pvalloc_29nbfs_LRG2_gridoptim_max
5131,12105.578205017555,5043.062018934186,14286.800164521228,12105.578205017555,0.0,pvalloc_29nbfs_LRG2_gridoptim_max
5132,1.376584551653424,11966.475014481402,11966.475014481402,1.376584551653424,0.0,pvalloc_29nbfs_LRG2_gridoptim_max
5133,0.0,18228.216139042957,18228.216139042957,0.0,0.0,pvalloc_29nbfs_LRG2_gridoptim_max
5134,0.0,18162.49636171034,18162.49636171034,0.0,0.0,pvalloc_29nbfs_LRG2_gridoptim_max
5135,0.0,15581.301938822113,15581.301938822113,0.0,0.0,pvalloc_29nbfs_LRG2_gridoptim_max
5136,0.0,13660.5186615185,13660.5186615185,0.0,0.0,pvalloc_29nbfs_LRG2_gridoptim_max
5137,0.0,10358.480128423342,10358.480128423342,0.0,0.0,pvalloc_29nbfs_LRG2_gridoptim_max
5138,0.0,8828.47113398323,8828.47113398323,0.0,0.0,pvalloc_29nbfs_LRG2_gridoptim_max
5139,0.0,7213.798405873982,7213.798405873982,0.0,0.0,pvalloc_29nbfs_LRG2_gridoptim_max
5140,0.0,6479.031429122139,6479.031429122139,0.0,0.0,pvalloc_29nbfs_LRG2_gridoptim_max
5141,0.0,6403.16258096044,6403.16258096044,0.0,0.0,pvalloc_29nbfs_LRG2_gridoptim_max
5142,124.61315346338634,4179.428323976388,4180.808409101727,124.61315346338634,0.0,pvalloc_29nbfs_LRG2_gridoptim_max
5143,13205.604924902582,2382.7251194783476,13743.81888380306,13205.604924902582,0.0,pvalloc_29nbfs_LRG2_gridoptim_max
5144,32867.43895812456,2697.000125193711,33085.33065325938,32867.43895812456,0.0,pvalloc_29nbfs_LRG2_gridoptim_max
5145,53576.43339574795,3251.568225191645,53739.055252959435,52070.585080978526,1505.8483147694321,pvalloc_29nbfs_LRG2_gridoptim_max
5146,73817.18025845845,3370.8182022151227,73937.75739355967,66590.68002244046,7226.5002360180615,pvalloc_29nbfs_LRG2_gridoptim_max
5147,87004.02284999903,4308.7654120359,87156.0837393238,73963.6589050558,13040.363944943278,pvalloc_29nbfs_LRG2_gridoptim_max
5148,82650.32285989076,5883.393456001827,83048.66378222912,71746.89786662672,10903.424993264007,pvalloc_29nbfs_LRG2_gridoptim_max
5149,87436.20965655458,5396.021936038552,87710.75327799708,74165.42147148526,13270.78818506932,pvalloc_29nbfs_LRG2_gridoptim_max
5150,87045.41997464852,4545.334343083406,87274.10771160175,73762.79225808186,13282.627716566683,pvalloc_29nbfs_LRG2_gridoptim_max
5151,75302.32219844633,5086.083306872193,75610.74653030376,67364.69878577148,7937.623412674724,pvalloc_29nbfs_LRG2_gridoptim_max
5152,62735.452990441125,4314.478191098243,63014.21159601368,59061.61928862729,3673.8337018137936,pvalloc_29nbfs_LRG2_gridoptim_max
5153,45588.1192298908,3978.3597715507753,45941.74169933611,45150.14396430495,437.97526558584195,pvalloc_29nbfs_LRG2_gridoptim_max
5154,30450.266862935518,3979.466973737413,31067.03942489881,30450.266862935518,0.0,pvalloc_29nbfs_LRG2_gridoptim_max
5155,10089.295171121212,5684.163026611971,12935.720234668219,10089.295171121212,0.0,pvalloc_29nbfs_LRG2_gridoptim_max
5156,1.0050200731623626,13236.803780013259,13236.803780013259,1.0050200731623626,0.0,pvalloc_29nbfs_LRG2_gridoptim_max
5157,0.0,16656.158247084175,16656.158247084175,0.0,0.0,pvalloc_29nbfs_LRG2_gridoptim_max
5158,0.0,16956.66673318879,16956.66673318879,0.0,0.0,pvalloc_29nbfs_LRG2_gridoptim_max
5159,0.0,13878.197386105796,13878.197386105796,0.0,0.0,pvalloc_29nbfs_LRG2_gridoptim_max
5160,0.0,13359.709264488023,13359.709264488023,0.0,0.0,pvalloc_29nbfs_LRG2_gridoptim_max
5161,0.0,9823.421723926976,9823.421723926976,0.0,0.0,pvalloc_29nbfs_LRG2_gridoptim_max
5162,0.0,8004.918441437758,8004.918441437758,0.0,0.0,pvalloc_29nbfs_LRG2_gridoptim_max
5163,0.0,7279.771629046192,7279.771629046192,0.0,0.0,pvalloc_29nbfs_LRG2_gridoptim_max
5164,0.0,6702.512682378077,6702.512682378077,0.0,0.0,pvalloc_29nbfs_LRG2_gridoptim_max
5165,0.0,6398.7645866892735,6398.7645866892735,0.0,0.0,pvalloc_29nbfs_LRG2_gridoptim_max
5166,102.30194312746053,4365.809984610746,4366.910648683,102.30194312746053,0.0,pvalloc_29nbfs_LRG2_gridoptim_max
5167,12564.864201117687,2580.5921920598716,13254.489595955642,12564.864201117687,0.0,pvalloc_29nbfs_LRG2_gridoptim_max
5168,32815.780520976536,2959.0568547213793,33090.32504832632,32815.780520976536,0.0,pvalloc_29nbfs_LRG2_gridoptim_max
5169,54504.31016844058,3202.012765199912,54658.36143989102,52828.95582233235,1675.3543461082313,pvalloc_29nbfs_LRG2_gridoptim_max
5170,74383.08678945125,3097.979515917103,74490.68742583232,66906.81218931917,7476.274600132091,pvalloc_29nbfs_LRG2_gridoptim_max
5171,89081.89481371915,3812.6872060228725,89208.96121370292,74949.9027051318,14131.99210858735,pvalloc_29nbfs_LRG2_gridoptim_max
5172,83407.8679946277,4330.774583238686,83598.88048984796,71982.17038964195,11425.697604985782,pvalloc_29nbfs_LRG2_gridoptim_max
5173,77734.25236427791,4639.510284410473,77984.68186927454,68789.18796709595,8945.064397181895,pvalloc_29nbfs_LRG2_gridoptim_max
5174,87952.61194400668,4592.249445787678,88177.45892571898,74246.72792781172,13705.884016194983,pvalloc_29nbfs_LRG2_gridoptim_max
5175,75792.2959908314,4774.892324308823,76077.1934348128,67613.95388136238,8178.3421094690075,pvalloc_29nbfs_LRG2_gridoptim_max
5176,60705.9257370672,4589.067275941681,61045.54803561059,57525.02147831187,3180.9042587553213,pvalloc_29nbfs_LRG2_gridoptim_max
5177,41523.615096237656,4257.9070367486165,42022.45984244869,41310.99910941267,212.61598682499755,pvalloc_29nbfs_LRG2_gridoptim_max
5178,22750.302909059283,4181.300954746877,23703.995228017066,22750.302909059283,0.0,pvalloc_29nbfs_LRG2_gridoptim_max
5179,9311.074841228878,4360.3465416383,11168.438781981227,9311.074841228878,0.0,pvalloc_29nbfs_LRG2_gridoptim_max
5180,20.041657698548974,9611.171387171167,9611.328348562589,20.041657698548974,0.0,pvalloc_29nbfs_LRG2_gridoptim_max
5181,0.0,17958.547144614717,17958.547144614717,0.0,0.0,pvalloc_29nbfs_LRG2_gridoptim_max
5182,0.0,15508.105894089556,15508.105894089556,0.0,0.0,pvalloc_29nbfs_LRG2_gridoptim_max
5183,0.0,14273.897403473246,14273.897403473246,0.0,0.0,pvalloc_29nbfs_LRG2_gridoptim_max
5184,0.0,13200.33224655577,13200.33224655577,0.0,0.0,pvalloc_29nbfs_LRG2_gridoptim_max
5185,0.0,9638.325646422076,9638.325646422076,0.0,0.0,pvalloc_29nbfs_LRG2_gridoptim_max
5186,0.0,8321.584507793394,8321.584507793394,0.0,0.0,pvalloc_29nbfs_LRG2_gridoptim_max
5187,0.0,7169.817360127395,7169.817360127395,0.0,0.0,pvalloc_29nbfs_LRG2_gridoptim_max
5188,0.0,7079.928698781938,7079.928698781938,0.0,0.0,pvalloc_29nbfs_LRG2_gridoptim_max
5189,0.0,6529.334832922409,6529.334832922409,0.0,0.0,pvalloc_29nbfs_LRG2_gridoptim_max
5190,43.497581879751806,4782.13348165916,4782.629863854924,43.497581879751806,0.0,pvalloc_29nbfs_LRG2_gridoptim_max
5191,10297.001248284112,2532.971226252629,11070.815037089009,10297.001248284112,0.0,pvalloc_29nbfs_LRG2_gridoptim_max
5192,27400.826054274887,2893.809909952023,27742.032563890803,27400.826054274887,0.0,pvalloc_29nbfs_LRG2_gridoptim_max
5193,48822.84759294813,3156.218660578848,48998.71102203075,48084.52329293373,738.3243000143913,pvalloc_29nbfs_LRG2_gridoptim_max
5194,61850.81767971091,3439.043218654837,62009.225572173804,58495.84028165059,3354.9773980603327,pvalloc_29nbfs_LRG2_gridoptim_max
5195,70342.79360735392,4129.970645924649,70538.40780599408,64402.96009427298,5939.833513080928,pvalloc_29nbfs_LRG2_gridoptim_max
5196,67833.21648206245,5117.420790804016,68200.7613187013,62768.177463576154,5065.039018486206,pvalloc_29nbfs_LRG2_gridoptim_max
5197,72032.05250084758,4981.655456149967,72342.3002134727,65369.80884670605,6662.243654141551,pvalloc_29nbfs_LRG2_gridoptim_max
5198,70791.89040676501,5498.429209395951,71202.30355904497,64566.99072885487,6224.899677910105,pvalloc_29nbfs_LRG2_gridoptim_max
5199,69910.13862188742,4958.903746140858,70248.29927656244,63963.14920996927,5946.989411918192,pvalloc_29nbfs_LRG2_gridoptim_max
5200,42032.577974775275,3856.8026003581595,42427.69331001104,41799.04854009074,233.52943468454032,pvalloc_29nbfs_LRG2_gridoptim_max
5201,27006.09143500732,3846.5658176747834,27675.236864701503,27006.09143500732,0.0,pvalloc_29nbfs_LRG2_gridoptim_max
5202,12995.614645198792,4383.159903859908,14703.696991557998,12995.614645198792,0.0,pvalloc_29nbfs_LRG2_gridoptim_max
5203,8155.118266023147,4863.189729247032,10524.103269713858,8155.118266023147,0.0,pvalloc_29nbfs_LRG2_gridoptim_max
5204,0.0,15104.626985880364,15104.626985880364,0.0,0.0,pvalloc_29nbfs_LRG2_gridoptim_max
5205,0.0,15791.348827533153,15791.348827533153,0.0,0.0,pvalloc_29nbfs_LRG2_gridoptim_max
5206,0.0,15247.755727980579,15247.755727980579,0.0,0.0,pvalloc_29nbfs_LRG2_gridoptim_max
5207,0.0,15008.22525066832,15008.22525066832,0.0,0.0,pvalloc_29nbfs_LRG2_gridoptim_max
5208,0.0,12069.433844123945,12069.433844123945,0.0,0.0,pvalloc_29nbfs_LRG2_gridoptim_max
5209,0.0,11145.876780548273,11145.876780548273,0.0,0.0,pvalloc_29nbfs_LRG2_gridoptim_max
5210,0.0,8940.899584908117,8940.899584908117,0.0,0.0,pvalloc_29nbfs_LRG2_gridoptim_max
5211,0.0,7874.895807358424,7874.895807358424,0.0,0.0,pvalloc_29nbfs_LRG2_gridoptim_max
5212,0.0,7043.644556647981,7043.644556647981,0.0,0.0,pvalloc_29nbfs_LRG2_gridoptim_max
5213,0.0,7125.558647681808,7125.558647681808,0.0,0.0,pvalloc_29nbfs_LRG2_gridoptim_max
5214,3.608269617264815,5743.405381889333,5743.477065185147,3.608269617264815,0.0,pvalloc_29nbfs_LRG2_gridoptim_max
5215,1639.570821189677,3051.794678832932,3689.829182848293,1639.570821189677,0.0,pvalloc_29nbfs_LRG2_gridoptim_max
5216,6062.155966375452,2981.615460990854,7441.041415788373,6062.155966375452,0.0,pvalloc_29nbfs_LRG2_gridoptim_max
5217,12108.355584223218,3229.3896437588546,13211.6259589205,12108.355584223218,0.0,pvalloc_29nbfs_LRG2_gridoptim_max
5218,23708.3336679383,3348.4897557595123,24293.53205861914,23708.3336679383,0.0,pvalloc_29nbfs_LRG2_gridoptim_max
5219,28211.98635897597,3995.09582996438,28910.51872840634,28211.98635897597,0.0,pvalloc_29nbfs_LRG2_gridoptim_max
5220,20888.682786959474,5153.105209856724,22610.844686148997,20888.682786959474,0.0,pvalloc_29nbfs_LRG2_gridoptim_max
5221,45348.05134453724,4582.634318847658,45881.148006674885,44893.14719294223,454.9041515950126,pvalloc_29nbfs_LRG2_gridoptim_max
5222,59957.92360979177,4751.169427652901,60346.94550153585,56921.50228105665,3036.4213287351276,pvalloc_29nbfs_LRG2_gridoptim_max
5223,47084.18788223614,4778.8686970642175,47630.23566486342,46467.073175146,617.1147070901347,pvalloc_29nbfs_LRG2_gridoptim_max
5224,47439.83904462774,4167.365512231297,47833.866969519586,46799.171462512684,640.6675821150541,pvalloc_29nbfs_LRG2_gridoptim_max
5225,35529.11862331398,4247.385010574515,36127.47908990333,35460.98870996877,68.12991334521138,pvalloc_29nbfs_LRG2_gridoptim_max
5226,24765.800722312615,4141.388108427709,25615.37555496819,24765.800722312615,0.0,pvalloc_29nbfs_LRG2_gridoptim_max
5227,10189.613126047134,4831.591948053002,12342.232016934653,10189.613126047134,0.0,pvalloc_29nbfs_LRG2_gridoptim_max
5228,0.2539297392622201,12361.984112338338,12361.984112338338,0.2539297392622201,0.0,pvalloc_29nbfs_LRG2_gridoptim_max
5229,0.0,17463.787611216965,17463.787611216965,0.0,0.0,pvalloc_29nbfs_LRG2_gridoptim_max
5230,0.0,16776.24576513662,16776.24576513662,0.0,0.0,pvalloc_29nbfs_LRG2_gridoptim_max
5231,0.0,13863.094861205218,13863.094861205218,0.0,0.0,pvalloc_29nbfs_LRG2_gridoptim_max
5232,0.0,12379.083196074876,12379.083196074876,0.0,0.0,pvalloc_29nbfs_LRG2_gridoptim_max
5233,0.0,10840.79645112631,10840.79645112631,0.0,0.0,pvalloc_29nbfs_LRG2_gridoptim_max
5234,0.0,8839.19314086043,8839.19314086043,0.0,0.0,pvalloc_29nbfs_LRG2_gridoptim_max
5235,0.0,7691.549078353807,7691.549078353807,0.0,0.0,pvalloc_29nbfs_LRG2_gridoptim_max
5236,0.0,6881.188714069509,6881.188714069509,0.0,0.0,pvalloc_29nbfs_LRG2_gridoptim_max
5237,0.0,7020.828203404437,7020.828203404437,0.0,0.0,pvalloc_29nbfs_LRG2_gridoptim_max
5238,66.05122249155731,4755.486413301996,4756.170776119197,66.05122249155731,0.0,pvalloc_29nbfs_LRG2_gridoptim_max
5239,11373.356754847977,2639.432806540843,12127.250409111617,11373.356754847977,0.0,pvalloc_29nbfs_LRG2_gridoptim_max
5240,24220.695209764126,2964.3214713760085,24647.120974694437,24220.695209764126,0.0,pvalloc_29nbfs_LRG2_gridoptim_max
5241,47940.07378394684,3192.507395842995,48128.20488379462,47306.14012526586,633.9336586809779,pvalloc_29nbfs_LRG2_gridoptim_max
5242,61791.1182266016,3644.496928156761,61969.302208577355,58449.527066111325,3341.5911604902767,pvalloc_29nbfs_LRG2_gridoptim_max
5243,68297.79923055491,3958.520021918728,68492.62138576931,63006.04409432327,5291.755136231671,pvalloc_29nbfs_LRG2_gridoptim_max
5244,56052.319282733275,4472.6755160470775,56400.84080780429,53995.95878582577,2056.3604969074904,pvalloc_29nbfs_LRG2_gridoptim_max
5245,54493.22061596656,4992.487352918986,54974.75894367601,52716.01772487135,1777.2028910952074,pvalloc_29nbfs_LRG2_gridoptim_max
5246,50860.71544909717,5040.540403133761,51437.9526053071,49654.15160912335,1206.563839973819,pvalloc_29nbfs_LRG2_gridoptim_max
5247,50607.90702143768,4731.18347625389,51112.07538486879,49456.27096295088,1151.6360584867937,pvalloc_29nbfs_LRG2_gridoptim_max
5248,43041.00762729418,4171.62424857715,43522.39952599111,42743.46611945937,297.5415078348032,pvalloc_29nbfs_LRG2_gridoptim_max
5249,35133.1747228511,4047.7740006916574,35688.90218275814,35071.83084254592,61.343880305180164,pvalloc_29nbfs_LRG2_gridoptim_max
5250,17984.39482859568,4592.391630275254,19391.37400007684,17984.39482859568,0.0,pvalloc_29nbfs_LRG2_gridoptim_max
5251,8267.378023595405,5193.693165617221,10840.807360660541,8267.378023595405,0.0,pvalloc_29nbfs_LRG2_gridoptim_max
5252,0.0,19016.661899300107,19016.661899300107,0.0,0.0,pvalloc_29nbfs_LRG2_gridoptim_max
5253,0.0,19290.580116971654,19290.580116971654,0.0,0.0,pvalloc_29nbfs_LRG2_gridoptim_max
5254,0.0,16835.268381474212,16835.268381474212,0.0,0.0,pvalloc_29nbfs_LRG2_gridoptim_max
5255,0.0,14924.78827852718,14924.78827852718,0.0,0.0,pvalloc_29nbfs_LRG2_gridoptim_max
5256,0.0,13381.168060104112,13381.168060104112,0.0,0.0,pvalloc_29nbfs_LRG2_gridoptim_max
5257,0.0,10539.960012448035,10539.960012448035,0.0,0.0,pvalloc_29nbfs_LRG2_gridoptim_max
5258,0.0,8429.066249258416,8429.066249258416,0.0,0.0,pvalloc_29nbfs_LRG2_gridoptim_max
5259,0.0,7662.686930720703,7662.686930720703,0.0,0.0,pvalloc_29nbfs_LRG2_gridoptim_max
5260,0.0,6987.56971605249,6987.56971605249,0.0,0.0,pvalloc_29nbfs_LRG2_gridoptim_max
5261,0.0,6946.060646242224,6946.060646242224,0.0,0.0,pvalloc_29nbfs_LRG2_gridoptim_max
5262,58.369077679886395,5001.356632006767,5001.979700933912,58.369077679886395,0.0,pvalloc_29nbfs_LRG2_gridoptim_max
5263,12592.923712611564,2592.7009958616745,13252.39501129717,12592.923712611564,0.0,pvalloc_29nbfs_LRG2_gridoptim_max
5264,33254.729613964766,2892.4240876656554,33509.98690587577,33250.77737619265,3.952237772112312,pvalloc_29nbfs_LRG2_gridoptim_max
5265,55780.678199575465,2984.250987392316,55914.6649921263,53858.50824034696,1922.1699592285145,pvalloc_29nbfs_LRG2_gridoptim_max
5266,74666.55509730223,3775.274144492402,74807.92587823478,67119.62872977763,7546.926367524595,pvalloc_29nbfs_LRG2_gridoptim_max
5267,88167.308162916,4869.1697456942165,88367.07704116577,74575.25117496587,13592.056987950122,pvalloc_29nbfs_LRG2_gridoptim_max
5268,85480.00614010869,5932.126101449814,85849.42322464888,73175.83241100288,12304.173729105814,pvalloc_29nbfs_LRG2_gridoptim_max
5269,90341.33792885525,5892.079677349886,90670.00542922356,75559.3879013155,14781.95002753974,pvalloc_29nbfs_LRG2_gridoptim_max
5270,90824.80550826502,5282.79091502351,91139.00675254066,75534.62211793812,15290.183390326858,pvalloc_29nbfs_LRG2_gridoptim_max
5271,82430.39924254833,5075.004817960054,82733.58924991167,71310.11045118453,11120.288791363837,pvalloc_29nbfs_LRG2_gridoptim_max
5272,68676.2004638245,4832.255008491737,69002.2340329977,63147.65145474589,5528.549009078493,pvalloc_29nbfs_LRG2_gridoptim_max
5273,51735.87243520252,4388.896080484301,52140.43039953637,50419.74196650747,1316.1304686950468,pvalloc_29nbfs_LRG2_gridoptim_max
5274,31027.26441807288,4491.178003515667,31817.32562156535,31027.26441807288,0.0,pvalloc_29nbfs_LRG2_gridoptim_max
5275,12576.817377111327,4761.507797983529,14392.022761675546,12576.817377111327,0.0,pvalloc_29nbfs_LRG2_gridoptim_max
5276,0.001144878417680309,16131.358194372164,16131.358194372164,0.001144878417680309,0.0,pvalloc_29nbfs_LRG2_gridoptim_max
5277,0.0,16661.54003587522,16661.54003587522,0.0,0.0,pvalloc_29nbfs_LRG2_gridoptim_max
5278,0.0,16071.879638820656,16071.879638820656,0.0,0.0,pvalloc_29nbfs_LRG2_gridoptim_max
5279,0.0,16513.61501158644,16513.61501158644,0.0,0.0,pvalloc_29nbfs_LRG2_gridoptim_max
5280,0.0,14223.402737580198,14223.402737580198,0.0,0.0,pvalloc_29nbfs_LRG2_gridoptim_max
5281,0.0,10189.901163932846,10189.901163932846,0.0,0.0,pvalloc_29nbfs_LRG2_gridoptim_max
5282,0.0,9219.908618123189,9219.908618123189,0.0,0.0,pvalloc_29nbfs_LRG2_gridoptim_max
5283,0.0,8077.212368111324,8077.212368111324,0.0,0.0,pvalloc_29nbfs_LRG2_gridoptim_max
5284,0.0,7416.3887727037745,7416.3887727037745,0.0,0.0,pvalloc_29nbfs_LRG2_gridoptim_max
5285,0.0,7104.393955178767,7104.393955178767,0.0,0.0,pvalloc_29nbfs_LRG2_gridoptim_max
5286,19.55398733696963,5518.19833575403,5518.460864488666,19.55398733696963,0.0,pvalloc_29nbfs_LRG2_gridoptim_max
5287,11708.947828355955,2634.9390445443355,12437.741377452623,11708.947828355955,0.0,pvalloc_29nbfs_LRG2_gridoptim_max
5288,33420.247484169304,2796.2862554798066,33655.25154550756,33413.9626330311,6.284851138199883,pvalloc_29nbfs_LRG2_gridoptim_max
5289,55470.4090330644,2798.810602335671,55592.090819140394,53607.79183137105,1862.6172016933629,pvalloc_29nbfs_LRG2_gridoptim_max
5290,73631.83893671531,3671.091855900137,73765.60456852238,66500.71808161864,7131.12085509665,pvalloc_29nbfs_LRG2_gridoptim_max
5291,89546.67824413384,4100.808989492844,89698.39735814965,75167.8646903284,14378.813553805412,pvalloc_29nbfs_LRG2_gridoptim_max
5292,84976.98459232319,5699.754902578274,85312.53880774898,72916.0238719671,12060.960720356048,pvalloc_29nbfs_LRG2_gridoptim_max
5293,90688.7415694188,5599.598523907548,90990.10077829238,75621.7113102919,15067.030259126961,pvalloc_29nbfs_LRG2_gridoptim_max
5294,86100.8784122056,6733.957814859404,86605.29722474086,73260.80953968741,12840.06887251817,pvalloc_29nbfs_LRG2_gridoptim_max
5295,79411.81201544986,6127.653018048642,79878.51883671911,69629.12944397857,9782.68257147132,pvalloc_29nbfs_LRG2_gridoptim_max
5296,64955.38035342513,6190.340837602778,65580.93090995557,60617.18041197018,4338.199941454939,pvalloc_29nbfs_LRG2_gridoptim_max
5297,49324.15553396642,5498.804375305083,50044.11488424842,48351.05729523151,973.0982387348985,pvalloc_29nbfs_LRG2_gridoptim_max
5298,29087.505389186506,5491.741201292757,30328.6298274391,29087.505389186506,0.0,pvalloc_29nbfs_LRG2_gridoptim_max
5299,8738.424952584091,6545.604470309605,12180.937900969331,8738.424952584091,0.0,pvalloc_29nbfs_LRG2_gridoptim_max
5300,0.006800150706788702,16938.46304421856,16938.46304421856,0.006800150706788702,0.0,pvalloc_29nbfs_LRG2_gridoptim_max
5301,0.0,19664.8737674663,19664.8737674663,0.0,0.0,pvalloc_29nbfs_LRG2_gridoptim_max
5302,0.0,21717.297616531436,21717.297616531436,0.0,0.0,pvalloc_29nbfs_LRG2_gridoptim_max
5303,0.0,17214.825474050005,17214.825474050005,0.0,0.0,pvalloc_29nbfs_LRG2_gridoptim_max
5304,0.0,12578.207549128694,12578.207549128694,0.0,0.0,pvalloc_29nbfs_LRG2_gridoptim_max
5305,0.0,10294.109997870488,10294.109997870488,0.0,0.0,pvalloc_29nbfs_LRG2_gridoptim_max
5306,0.0,8325.709247505114,8325.709247505114,0.0,0.0,pvalloc_29nbfs_LRG2_gridoptim_max
5307,0.0,7293.515981600716,7293.515981600716,0.0,0.0,pvalloc_29nbfs_LRG2_gridoptim_max
5308,0.0,6735.774478834691,6735.774478834691,0.0,0.0,pvalloc_29nbfs_LRG2_gridoptim_max
5309,0.0,6710.483943585053,6710.483943585053,0.0,0.0,pvalloc_29nbfs_LRG2_gridoptim_max
5310,30.156354708248756,4996.93877421374,4997.323899654413,30.156354708248756,0.0,pvalloc_29nbfs_LRG2_gridoptim_max
5311,11661.436102687807,2540.381640827431,12350.560249327558,11661.436102687807,0.0,pvalloc_29nbfs_LRG2_gridoptim_max
5312,32623.22975342187,2909.550809122031,32890.80169123934,32623.22975342187,0.0,pvalloc_29nbfs_LRG2_gridoptim_max
5313,54407.244981231015,3261.027809869292,54570.6801227458,52740.80239195888,1666.4425892721367,pvalloc_29nbfs_LRG2_gridoptim_max
5314,74401.09663779118,3735.9193559549785,74553.36366170437,66924.87155194185,7476.225085849353,pvalloc_29nbfs_LRG2_gridoptim_max
5315,90515.14942023579,3895.9087102809367,90656.96296973545,75616.65692766722,14898.492492568548,pvalloc_29nbfs_LRG2_gridoptim_max
5316,84600.76342653527,5997.282789957475,84986.60351210441,72701.19402959953,11899.569396935722,pvalloc_29nbfs_LRG2_gridoptim_max
5317,90284.08982134357,5484.736151428716,90562.30154504365,75501.99966042954,14782.090160914078,pvalloc_29nbfs_LRG2_gridoptim_max
5318,87906.10799237437,5621.0776555569655,88218.97827847203,74244.81025625425,13661.297736120128,pvalloc_29nbfs_LRG2_gridoptim_max
5319,81410.20731778584,4974.867116556441,81681.34053892623,70819.19549580022,10591.011821985636,pvalloc_29nbfs_LRG2_gridoptim_max
5320,67433.32332895405,4881.505603155233,67768.82948168881,62326.67820839745,5106.645120556597,pvalloc_29nbfs_LRG2_gridoptim_max
5321,49683.530849981995,4753.720044405229,50169.42158335755,48721.54258018939,961.9882697926032,pvalloc_29nbfs_LRG2_gridoptim_max
5322,31728.342678527883,3996.3015271009713,32341.387410012165,31728.342678527883,0.0,pvalloc_29nbfs_LRG2_gridoptim_max
5323,10751.842960901644,4801.685877695766,12870.932356728266,10751.842960901644,0.0,pvalloc_29nbfs_LRG2_gridoptim_max
5324,0.6264376223262784,11801.919618972262,11801.919618972262,0.6264376223262784,0.0,pvalloc_29nbfs_LRG2_gridoptim_max
5325,0.0,17798.4514230697,17798.4514230697,0.0,0.0,pvalloc_29nbfs_LRG2_gridoptim_max
5326,0.0,19605.334016129706,19605.334016129706,0.0,0.0,pvalloc_29nbfs_LRG2_gridoptim_max
5327,0.0,17993.339244710103,17993.339244710103,0.0,0.0,pvalloc_29nbfs_LRG2_gridoptim_max
5328,0.0,14499.905393880887,14499.905393880887,0.0,0.0,pvalloc_29nbfs_LRG2_gridoptim_max
5329,0.0,10706.798579119699,10706.798579119699,0.0,0.0,pvalloc_29nbfs_LRG2_gridoptim_max
5330,0.0,8691.305275136961,8691.305275136961,0.0,0.0,pvalloc_29nbfs_LRG2_gridoptim_max
5331,0.0,7299.838339654399,7299.838339654399,0.0,0.0,pvalloc_29nbfs_LRG2_gridoptim_max
5332,0.0,6942.486827788975,6942.486827788975,0.0,0.0,pvalloc_29nbfs_LRG2_gridoptim_max
5333,0.0,6828.1340130815815,6828.1340130815815,0.0,0.0,pvalloc_29nbfs_LRG2_gridoptim_max
5334,10.213214812079489,5429.266121746417,5429.401712326819,10.213214812079489,0.0,pvalloc_29nbfs_LRG2_gridoptim_max
5335,10424.09826246534,2841.6467039730537,11386.151197260877,10424.09826246534,0.0,pvalloc_29nbfs_LRG2_gridoptim_max
5336,31350.95833666428,3276.6517126969984,31728.450862921152,31350.95833666428,0.0,pvalloc_29nbfs_LRG2_gridoptim_max
5337,53524.622942091824,3457.2568104369084,53716.41401341669,52008.952933485794,1515.6700086060198,pvalloc_29nbfs_LRG2_gridoptim_max
5338,73325.00483612432,3774.464844799178,73478.17923982273,66281.93849316325,7043.06634296097,pvalloc_29nbfs_LRG2_gridoptim_max
5339,88386.53696796243,4075.1883509815652,88532.0668779702,74612.91409500518,13773.622872957267,pvalloc_29nbfs_LRG2_gridoptim_max
5340,83733.34047544637,5827.928649791423,84113.07419603244,72332.95853771151,11400.38193773486,pvalloc_29nbfs_LRG2_gridoptim_max
5341,88000.33276269872,5787.755323728049,88327.54123026234,74435.04005306051,13565.292709638208,pvalloc_29nbfs_LRG2_gridoptim_max
5342,84835.46947555704,6644.5028873609845,85333.47157003144,72793.10848758575,12042.360987971253,pvalloc_29nbfs_LRG2_gridoptim_max
5343,79754.82292519258,5523.841689619484,80106.28214563495,69887.1365520836,9867.686373108952,pvalloc_29nbfs_LRG2_gridoptim_max
5344,67876.63854990227,4574.766994089625,68170.99213240093,62615.70676998772,5260.931779914581,pvalloc_29nbfs_LRG2_gridoptim_max
5345,48599.794491749584,4534.184065962968,49050.13350988939,47808.600081572054,791.1944101775291,pvalloc_29nbfs_LRG2_gridoptim_max
5346,29069.752839943096,4517.527009336606,29930.946474375003,29069.752839943096,0.0,pvalloc_29nbfs_LRG2_gridoptim_max
5347,7383.3873510279955,6446.262260579175,10965.759374380703,7383.3873510279955,0.0,pvalloc_29nbfs_LRG2_gridoptim_max
5348,0.0,16009.289322890327,16009.289322890327,0.0,0.0,pvalloc_29nbfs_LRG2_gridoptim_max
5349,0.0,16826.71504393423,16826.71504393423,0.0,0.0,pvalloc_29nbfs_LRG2_gridoptim_max
5350,0.0,17455.218388780388,17455.218388780388,0.0,0.0,pvalloc_29nbfs_LRG2_gridoptim_max
5351,0.0,17312.601875985754,17312.601875985754,0.0,0.0,pvalloc_29nbfs_LRG2_gridoptim_max
5352,0.0,14414.143741518077,14414.143741518077,0.0,0.0,pvalloc_29nbfs_LRG2_gridoptim_max
5353,0.0,9954.172012300509,9954.172012300509,0.0,0.0,pvalloc_29nbfs_LRG2_gridoptim_max
5354,0.0,8448.308232531268,8448.308232531268,0.0,0.0,pvalloc_29nbfs_LRG2_gridoptim_max
5355,0.0,7461.470557932399,7461.470557932399,0.0,0.0,pvalloc_29nbfs_LRG2_gridoptim_max
5356,0.0,6904.553782501743,6904.553782501743,0.0,0.0,pvalloc_29nbfs_LRG2_gridoptim_max
5357,0.0,6785.528064411384,6785.528064411384,0.0,0.0,pvalloc_29nbfs_LRG2_gridoptim_max
5358,16.130692354319173,5408.842663299883,5409.07262717604,16.130692354319173,0.0,pvalloc_29nbfs_LRG2_gridoptim_max
5359,10540.337450784718,2733.50403867686,11408.555333759587,10540.337450784718,0.0,pvalloc_29nbfs_LRG2_gridoptim_max
5360,31576.72668854995,3074.5218475632414,31895.802105282546,31576.72668854995,0.0,pvalloc_29nbfs_LRG2_gridoptim_max
5361,51242.04694501916,4081.157754618377,51568.796820821524,50117.702587328844,1124.3443576903173,pvalloc_29nbfs_LRG2_gridoptim_max
5362,72170.96014045976,4177.533328801104,72360.77834262079,65589.76197941165,6581.198161048026,pvalloc_29nbfs_LRG2_gridoptim_max
5363,86287.89072443542,5070.312067825519,86524.4298666955,73663.4560258105,12624.434698624973,pvalloc_29nbfs_LRG2_gridoptim_max
5364,84257.44711889359,5918.913214503371,84650.09541146123,72613.42090637365,11644.026212519904,pvalloc_29nbfs_LRG2_gridoptim_max
5365,87188.69338410419,6490.278979031082,87657.7655129377,74110.17637508894,13078.517009015297,pvalloc_29nbfs_LRG2_gridoptim_max
5366,89406.74382304764,5337.118813088129,89684.50741318469,74999.59907190772,14407.144751139942,pvalloc_29nbfs_LRG2_gridoptim_max
5367,80927.8694621265,4958.024907751295,81191.215246232,70582.47611710777,10345.393345018709,pvalloc_29nbfs_LRG2_gridoptim_max
5368,67281.47126422811,4658.265151801159,67571.548417161,62290.3280810301,4991.143183198012,pvalloc_29nbfs_LRG2_gridoptim_max
5369,48562.8121492583,4757.53846675849,49056.02485839567,47800.748789884965,762.0633593733367,pvalloc_29nbfs_LRG2_gridoptim_max
5370,27796.743193422928,4901.19959857674,28908.446077502944,27796.743193422928,0.0,pvalloc_29nbfs_LRG2_gridoptim_max
5371,9293.220915743965,5238.817855376403,11809.715251638592,9293.220915743965,0.0,pvalloc_29nbfs_LRG2_gridoptim_max
5372,0.0,16872.606592374224,16872.606592374224,0.0,0.0,pvalloc_29nbfs_LRG2_gridoptim_max
5373,0.0,17345.89249504484,17345.89249504484,0.0,0.0,pvalloc_29nbfs_LRG2_gridoptim_max
5374,0.0,16579.52219038973,16579.52219038973,0.0,0.0,pvalloc_29nbfs_LRG2_gridoptim_max
5375,0.0,15251.446364993699,15251.446364993699,0.0,0.0,pvalloc_29nbfs_LRG2_gridoptim_max
5376,0.0,13188.262672566276,13188.262672566276,0.0,0.0,pvalloc_29nbfs_LRG2_gridoptim_max
5377,0.0,11323.92566649367,11323.92566649367,0.0,0.0,pvalloc_29nbfs_LRG2_gridoptim_max
5378,0.0,9734.491596408214,9734.491596408214,0.0,0.0,pvalloc_29nbfs_LRG2_gridoptim_max
5379,0.0,8493.11069650855,8493.11069650855,0.0,0.0,pvalloc_29nbfs_LRG2_gridoptim_max
5380,0.0,7434.25510738279,7434.25510738279,0.0,0.0,pvalloc_29nbfs_LRG2_gridoptim_max
5381,0.0,7087.350693282779,7087.350693282779,0.0,0.0,pvalloc_29nbfs_LRG2_gridoptim_max
5382,6.503500083001092,5759.519691344976,5759.619082154815,6.503500083001092,0.0,pvalloc_29nbfs_LRG2_gridoptim_max
5383,10173.999746282234,2808.366161627311,11105.002334972098,10173.999746282234,0.0,pvalloc_29nbfs_LRG2_gridoptim_max
5384,31829.619828944746,2919.0415457337976,32115.832763404618,31829.619828944746,0.0,pvalloc_29nbfs_LRG2_gridoptim_max
5385,53796.59456454308,3260.9590452996017,53965.75636242425,52228.04045778564,1568.5541067574368,pvalloc_29nbfs_LRG2_gridoptim_max
5386,72262.34862435481,3958.950203996304,72427.43237366586,65638.78208564557,6623.5665387092695,pvalloc_29nbfs_LRG2_gridoptim_max
5387,87762.0502325881,4493.673440707487,87940.07965453835,74302.03110387777,13460.019128710319,pvalloc_29nbfs_LRG2_gridoptim_max
5388,84874.51599622413,5595.100037864625,85193.49474240377,72847.65916578857,12026.856830435514,pvalloc_29nbfs_LRG2_gridoptim_max
5389,88581.02078321867,5912.875289898547,88922.72067056745,74672.31178073554,13908.709002483167,pvalloc_29nbfs_LRG2_gridoptim_max
5390,84974.35324653862,6323.192880671374,85404.95368659869,72809.63761270168,12164.71563383695,pvalloc_29nbfs_LRG2_gridoptim_max
5391,78229.37148455766,5673.9518326462485,78605.98277929684,69082.01807400609,9147.353410551545,pvalloc_29nbfs_LRG2_gridoptim_max
5392,64292.85897100753,5384.720917768026,64737.24199540249,60251.456158871326,4041.4028121361844,pvalloc_29nbfs_LRG2_gridoptim_max
5393,45651.48318480975,5412.66058293724,46410.03987393716,45206.67343106727,444.80975374248266,pvalloc_29nbfs_LRG2_gridoptim_max
5394,26826.034644479823,5018.19735982203,28039.372150227045,26826.034644479823,0.0,pvalloc_29nbfs_LRG2_gridoptim_max
5395,6270.150739769552,7089.445465723759,10461.309850569261,6270.150739769552,0.0,pvalloc_29nbfs_LRG2_gridoptim_max
5396,0.0,17162.70783366479,17162.70783366479,0.0,0.0,pvalloc_29nbfs_LRG2_gridoptim_max
5397,0.0,18592.212130355496,18592.212130355496,0.0,0.0,pvalloc_29nbfs_LRG2_gridoptim_max
5398,0.0,17959.2808656008,17959.2808656008,0.0,0.0,pvalloc_29nbfs_LRG2_gridoptim_max
5399,0.0,15321.147510146637,15321.147510146637,0.0,0.0,pvalloc_29nbfs_LRG2_gridoptim_max
5400,0.0,13722.161589340783,13722.161589340783,0.0,0.0,pvalloc_29nbfs_LRG2_gridoptim_max
5401,0.0,10430.229263731497,10430.229263731497,0.0,0.0,pvalloc_29nbfs_LRG2_gridoptim_max
5402,0.0,8829.571873465271,8829.571873465271,0.0,0.0,pvalloc_29nbfs_LRG2_gridoptim_max
5403,0.0,7657.188196967487,7657.188196967487,0.0,0.0,pvalloc_29nbfs_LRG2_gridoptim_max
5404,0.0,7455.696363549953,7455.696363549953,0.0,0.0,pvalloc_29nbfs_LRG2_gridoptim_max
5405,0.0,7031.549107246736,7031.549107246736,0.0,0.0,pvalloc_29nbfs_LRG2_gridoptim_max
5406,1.9933104640876094,6099.085403810211,6099.132754802743,1.9933104640876094,0.0,pvalloc_29nbfs_LRG2_gridoptim_max
5407,10167.04805595233,2646.9343304340136,10994.479619976571,10167.04805595233,0.0,pvalloc_29nbfs_LRG2_gridoptim_max
5408,29084.233549476296,3067.292714672747,29442.767003147503,29084.233549476296,0.0,pvalloc_29nbfs_LRG2_gridoptim_max
5409,48398.00062690981,4048.2407789035137,48739.16811845507,47703.56198801322,694.438638896585,pvalloc_29nbfs_LRG2_gridoptim_max
5410,66545.40530536618,3892.3529753434004,66734.25984445812,61846.06661843281,4699.338686933324,pvalloc_29nbfs_LRG2_gridoptim_max
5411,74285.98630920998,4193.675390859272,74488.2450413712,66794.21119701644,7491.775112193475,pvalloc_29nbfs_LRG2_gridoptim_max
5412,62826.154663751564,5540.354356142489,63341.95847503263,59201.718789530154,3624.4358742213963,pvalloc_29nbfs_LRG2_gridoptim_max
5413,62295.98316879195,6177.762563928377,62971.916229882285,58757.43696058367,3538.5462082082668,pvalloc_29nbfs_LRG2_gridoptim_max
5414,56841.964701320394,6103.947597995041,57599.12651335256,54470.678486993704,2371.2862143266816,pvalloc_29nbfs_LRG2_gridoptim_max
5415,45852.979599860155,5553.6772778981185,46646.05086112159,45340.40991559394,512.5696842662137,pvalloc_29nbfs_LRG2_gridoptim_max
5416,34105.454613462876,5070.043807887802,35026.95267340912,34056.00473205361,49.44988140926017,pvalloc_29nbfs_LRG2_gridoptim_max
5417,27228.152476700936,4876.9760090217,28318.52803481018,27228.152476700936,0.0,pvalloc_29nbfs_LRG2_gridoptim_max
5418,11267.907278085564,5298.466078339519,13657.416436466703,11267.907278085564,0.0,pvalloc_29nbfs_LRG2_gridoptim_max
5419,2493.8977359003584,6628.388478919789,7270.363252606665,2493.8977359003584,0.0,pvalloc_29nbfs_LRG2_gridoptim_max
5420,0.0,14163.997947172844,14163.997947172844,0.0,0.0,pvalloc_29nbfs_LRG2_gridoptim_max
5421,0.0,16175.317955120867,16175.317955120867,0.0,0.0,pvalloc_29nbfs_LRG2_gridoptim_max
5422,0.0,16617.529616008724,16617.529616008724,0.0,0.0,pvalloc_29nbfs_LRG2_gridoptim_max
5423,0.0,15583.466132818583,15583.466132818583,0.0,0.0,pvalloc_29nbfs_LRG2_gridoptim_max
5424,0.0,13573.678772779582,13573.678772779582,0.0,0.0,pvalloc_29nbfs_LRG2_gridoptim_max
4920,0.0,11113.463869085279,11113.463869085279,0.0,0.0,pvalloc_29nbfs_LRG2_gridoptim_max_1hll
4921,0.0,10737.831728562103,10737.831728562103,0.0,0.0,pvalloc_29nbfs_LRG2_gridoptim_max_1hll
4922,0.0,10105.311448681487,10105.311448681487,0.0,0.0,pvalloc_29nbfs_LRG2_gridoptim_max_1hll
4923,0.0,8120.0948804456375,8120.0948804456375,0.0,0.0,pvalloc_29nbfs_LRG2_gridoptim_max_1hll
4924,0.0,7251.733657230993,7251.733657230993,0.0,0.0,pvalloc_29nbfs_LRG2_gridoptim_max_1hll
4925,0.0,6971.075169345191,6971.075169345191,0.0,0.0,pvalloc_29nbfs_LRG2_gridoptim_max_1hll
4926,815.3274898023627,3618.446999451583,3709.7400121519677,815.3274898023627,0.0,pvalloc_29nbfs_LRG2_gridoptim_max_1hll
4927,15637.092530263688,2565.9714230575805,16163.161161381293,15637.092530263688,0.0,pvalloc_29nbfs_LRG2_gridoptim_max_1hll
4928,35715.16235488626,2730.8423967572903,35920.731126026236,35648.31727653923,66.84507834702822,pvalloc_29nbfs_LRG2_gridoptim_max_1hll
4929,54940.24845853256,3384.155808523364,55118.39226522237,53174.24467656578,1766.0037819667834,pvalloc_29nbfs_LRG2_gridoptim_max_1hll
4930,73817.36383807159,3610.3564333423265,73955.74749595173,66523.4791206556,7293.884717415933,pvalloc_29nbfs_LRG2_gridoptim_max_1hll
4931,88630.24059785191,4123.7311622791985,88788.9125635079,74655.3715423341,13974.869055517864,pvalloc_29nbfs_LRG2_gridoptim_max_1hll
4932,73646.76017924731,5204.286712200261,73988.22706888226,66386.26012271555,7260.500056531643,pvalloc_29nbfs_LRG2_gridoptim_max_1hll
4933,61285.32984308199,6742.048881765467,62194.0640618199,58051.23743274702,3234.092410334982,pvalloc_29nbfs_LRG2_gridoptim_max_1hll
4934,57937.977411701206,5556.365706135577,58517.34114183523,55396.74987379141,2541.2275379098082,pvalloc_29nbfs_LRG2_gridoptim_max_1hll
4935,50583.29689492467,5125.506468921371,51181.98826499982,49415.60536620683,1167.6915287178422,pvalloc_29nbfs_LRG2_gridoptim_max_1hll
4936,49973.36034726673,4869.279001309137,50517.54447761413,48915.32691400791,1058.0334332588175,pvalloc_29nbfs_LRG2_gridoptim_max_1hll
4937,33818.9713574749,4314.844167665095,34491.748807038595,33776.61168929784,42.35966817705855,pvalloc_29nbfs_LRG2_gridoptim_max_1hll
4938,16213.30839477123,3968.2162474385386,17353.64373672207,16213.30839477123,0.0,pvalloc_29nbfs_LRG2_gridoptim_max_1hll
4939,7119.50398635592,5214.557439877971,9870.360340842022,7119.50398635592,0.0,pvalloc_29nbfs_LRG2_gridoptim_max_1hll
4940,292.7139491820067,8881.04888481392,8884.496251287088,292.7139491820067,0.0,pvalloc_29nbfs_LRG2_gridoptim_max_1hll
4941,0.0,12714.325160437362,12714.325160437362,0.0,0.0,pvalloc_29nbfs_LRG2_gridoptim_max_1hll
4942,0.0,13844.117670126652,13844.117670126652,0.0,0.0,pvalloc_29nbfs_LRG2_gridoptim_max_1hll
4943,0.0,13190.081500942473,13190.081500942473,0.0,0.0,pvalloc_29nbfs_LRG2_gridoptim_max_1hll
4944,0.0,15734.473543662867,15734.473543662867,0.0,0.0,pvalloc_29nbfs_LRG2_gridoptim_max_1hll
4945,0.0,11843.652935827873,11843.652935827873,0.0,0.0,pvalloc_29nbfs_LRG2_gridoptim_max_1hll
4946,0.0,9148.163406638314,9148.163406638314,0.0,0.0,pvalloc_29nbfs_LRG2_gridoptim_max_1hll
4947,0.0,7889.191632688863,7889.191632688863,0.0,0.0,pvalloc_29nbfs_LRG2_gridoptim_max_1hll
4948,0.0,7842.183829125384,7842.183829125384,0.0,0.0,pvalloc_29nbfs_LRG2_gridoptim_max_1hll
4949,0.0,6888.334696423669,6888.334696423669,0.0,0.0,pvalloc_29nbfs_LRG2_gridoptim_max_1hll
4950,7.643692077459546,5213.507781446911,5213.525093809865,7.643692077459546,0.0,pvalloc_29nbfs_LRG2_gridoptim_max_1hll
4951,9049.86890897437,2569.858288823494,9920.22425491865,9049.86890897437,0.0,pvalloc_29nbfs_LRG2_gridoptim_max_1hll
4952,30066.721040676104,2584.7163300707057,30298.55465718818,30066.721040676104,0.0,pvalloc_29nbfs_LRG2_gridoptim_max_1hll
4953,53587.49025699228,3046.493397801662,53732.55155626428,52054.68306809145,1532.8071889008284,pvalloc_29nbfs_LRG2_gridoptim_max_1hll
4954,74843.52209611711,3413.296712495491,74963.05233912164,67147.78813677124,7695.73395934586,pvalloc_29nbfs_LRG2_gridoptim_max_1hll
4955,86039.57191582103,3659.1256001700526,86174.25448033673,73291.83928200648,12747.732633814576,pvalloc_29nbfs_LRG2_gridoptim_max_1hll
4956,74158.8380713918,4667.3542685938855,74415.02693382346,66700.76068894622,7458.077382445582,pvalloc_29nbfs_LRG2_gridoptim_max_1hll
4957,49660.45560413889,4928.089550940303,50206.41448448333,48672.799993090106,987.6556110487834,pvalloc_29nbfs_LRG2_gridoptim_max_1hll
4958,60423.5641075242,5058.856632319162,60902.06891050446,57207.543977454974,3216.020130069242,pvalloc_29nbfs_LRG2_gridoptim_max_1hll
4959,48192.07288851904,5101.766010706006,48858.11362685876,47369.29303277842,822.779855740624,pvalloc_29nbfs_LRG2_gridoptim_max_1hll
4960,44308.05908996923,4771.96695975535,44951.564112142834,43888.02593277357,420.0331571956656,pvalloc_29nbfs_LRG2_gridoptim_max_1hll
4961,35697.899640241,4856.057873344153,36524.98708610277,35600.04692171095,97.85271853005628,pvalloc_29nbfs_LRG2_gridoptim_max_1hll
4962,19681.8537581927,4740.785978260121,21063.93436922414,19681.8537581927,0.0,pvalloc_29nbfs_LRG2_gridoptim_max_1hll
4963,9052.999737295366,6126.780368738321,12237.677916871657,9052.999737295366,0.0,pvalloc_29nbfs_LRG2_gridoptim_max_1hll
4964,3.603481581488766,11455.690125853258,11455.690125853258,3.603481581488766,0.0,pvalloc_29nbfs_LRG2_gridoptim_max_1hll
4965,0.0,21698.627529472975,21698.627529472975,0.0,0.0,pvalloc_29nbfs_LRG2_gridoptim_max_1hll
4966,0.0,15054.66858054885,15054.66858054885,0.0,0.0,pvalloc_29nbfs_LRG2_gridoptim_max_1hll
4967,0.0,14761.30043522164,14761.30043522164,0.0,0.0,pvalloc_29nbfs_LRG2_gridoptim_max_1hll
4968,0.0,12492.279958567407,12492.279958567407,0.0,0.0,pvalloc_29nbfs_LRG2_gridoptim_max_1hll
4969,0.0,10052.532145121631,10052.532145121631,0.0,0.0,pvalloc_29nbfs_LRG2_gridoptim_max_1hll
4970,0.0,8034.332061846784,8034.332061846784,0.0,0.0,pvalloc_29nbfs_LRG2_gridoptim_max_1hll
4971,0.0,7219.022230515398,7219.022230515398,0.0,0.0,pvalloc_29nbfs_LRG2_gridoptim_max_1hll
4972,0.0,6689.043790452775,6689.043790452775,0.0,0.0,pvalloc_29nbfs_LRG2_gridoptim_max_1hll
4973,0.0,6426.52820091012,6426.52820091012,0.0,0.0,pvalloc_29nbfs_LRG2_gridoptim_max_1hll
4974,159.47147834718183,4007.6092624452936,4009.5590107854764,159.47147834718183,0.0,pvalloc_29nbfs_LRG2_gridoptim_max_1hll
4975,10120.448779061342,2564.754401132696,10927.149062269567,10120.448779061342,0.0,pvalloc_29nbfs_LRG2_gridoptim_max_1hll
4976,3107.226249979645,2954.0092385797466,4788.059488528832,3107.226249979645,0.0,pvalloc_29nbfs_LRG2_gridoptim_max_1hll
4977,18192.126164007124,3177.6002868177006,18910.345493309716,18192.126164007124,0.0,pvalloc_29nbfs_LRG2_gridoptim_max_1hll
4978,35892.76482542896,3474.267947205343,36270.58947593603,35801.284388823,91.48043660596005,pvalloc_29nbfs_LRG2_gridoptim_max_1hll
4979,56895.24242562204,3957.269504762197,57155.6664472205,54644.29509720745,2250.9473284145915,pvalloc_29nbfs_LRG2_gridoptim_max_1hll
4980,59159.72163784878,4738.670992435763,59539.05864537995,56393.751479292274,2765.9701585565094,pvalloc_29nbfs_LRG2_gridoptim_max_1hll
4981,62456.91964666846,5450.251181391143,62953.09254710819,58863.454375179004,3593.465271489455,pvalloc_29nbfs_LRG2_gridoptim_max_1hll
4982,47263.55127192409,4980.437368360959,47895.68864737406,46576.88466546595,686.6666064581271,pvalloc_29nbfs_LRG2_gridoptim_max_1hll
4983,52449.56830836063,5607.89486134875,53132.813954747115,50996.42730205284,1453.1410063077956,pvalloc_29nbfs_LRG2_gridoptim_max_1hll
4984,42601.40423307639,4948.9924181009965,43280.67069100442,42321.02030367076,280.3839294056278,pvalloc_29nbfs_LRG2_gridoptim_max_1hll
4985,28273.345488228097,4419.0768639592425,29139.11933257834,28273.345488228097,0.0,pvalloc_29nbfs_LRG2_gridoptim_max_1hll
4986,22345.361223665735,4980.501361718362,23797.032331762464,22345.361223665735,0.0,pvalloc_29nbfs_LRG2_gridoptim_max_1hll
4987,9890.967614072242,5181.480412681044,12403.164253338347,9890.967614072242,0.0,pvalloc_29nbfs_LRG2_gridoptim_max_1hll
4988,1.7609121581861644,11634.063581345092,11634.063581345092,1.7609121581861644,0.0,pvalloc_29nbfs_LRG2_gridoptim_max_1hll
4989,0.0,15306.207062822386,15306.207062822386,0.0,0.0,pvalloc_29nbfs_LRG2_gridoptim_max_1hll
4990,0.0,18487.54111223772,18487.54111223772,0.0,0.0,pvalloc_29nbfs_LRG2_gridoptim_max_1hll
4991,0.0,15678.910070087288,15678.910070087288,0.0,0.0,pvalloc_29nbfs_LRG2_gridoptim_max_1hll
4992,0.0,12457.950105853319,12457.950105853319,0.0,0.0,pvalloc_29nbfs_LRG2_gridoptim_max_1hll
4993,0.0,9566.578165666268,9566.578165666268,0.0,0.0,pvalloc_29nbfs_LRG2_gridoptim_max_1hll
4994,0.0,8172.598108657664,8172.598108657664,0.0,0.0,pvalloc_29nbfs_LRG2_gridoptim_max_1hll
4995,0.0,7275.373634775014,7275.373634775014,0.0,0.0,pvalloc_29nbfs_LRG2_gridoptim_max_1hll
4996,0.0,6657.432000184344,6657.432000184344,0.0,0.0,pvalloc_29nbfs_LRG2_gridoptim_max_1hll
4997,0.0,6227.237294939229,6227.237294939229,0.0,0.0,pvalloc_29nbfs_LRG2_gridoptim_max_1hll
4998,405.05391205309814,3603.9884532152964,3620.9739529467943,405.05391205309814,0.0,pvalloc_29nbfs_LRG2_gridoptim_max_1hll
4999,14805.467258140423,2557.3656009908045,15370.625287516294,14805.467258140423,0.0,pvalloc_29nbfs_LRG2_gridoptim_max_1hll
5000,33306.209595934684,2809.934604988409,33551.85136897714,33295.59898851821,10.610607416469406,pvalloc_29nbfs_LRG2_gridoptim_max_1hll
5001,51605.89010816553,3154.681996549638,51774.59482400119,50393.9454896438,1211.9446185217257,pvalloc_29nbfs_LRG2_gridoptim_max_1hll
5002,65194.30604686407,3265.5758676687883,65334.77234353306,60873.17220280609,4321.133844057985,pvalloc_29nbfs_LRG2_gridoptim_max_1hll
5003,84906.15975629061,3990.9354413041547,85059.08726606183,72743.171405929,12162.98835036166,pvalloc_29nbfs_LRG2_gridoptim_max_1hll
5004,83013.08461715118,4537.8763999744215,83214.78044650218,71752.72736823557,11260.357248915669,pvalloc_29nbfs_LRG2_gridoptim_max_1hll
5005,89422.9039107971,4663.73335953642,89633.73671321692,75015.50262316341,14407.401287633655,pvalloc_29nbfs_LRG2_gridoptim_max_1hll
5006,83270.52432107151,4645.170859808416,83512.14793768257,71772.56781306188,11497.956508009653,pvalloc_29nbfs_LRG2_gridoptim_max_1hll
5007,69602.73140753411,4662.531007871651,69900.04328364479,63753.179299107964,5849.5521084261,pvalloc_29nbfs_LRG2_gridoptim_max_1hll
5008,54873.90074167917,4131.644245283615,55200.479217306434,52980.877707099266,1893.0230345799155,pvalloc_29nbfs_LRG2_gridoptim_max_1hll
5009,32474.230649539957,3876.036645785839,33042.38079357099,32466.134795667775,8.095853872181578,pvalloc_29nbfs_LRG2_gridoptim_max_1hll
5010,13628.084348794879,4004.3306353302673,14994.184545439937,13628.084348794879,0.0,pvalloc_29nbfs_LRG2_gridoptim_max_1hll
5011,2488.824634621408,6140.131005005052,6895.811430437194,2488.824634621408,0.0,pvalloc_29nbfs_LRG2_gridoptim_max_1hll
5012,0.024958675141344665,13839.224268644659,13839.224268644659,0.024958675141344665,0.0,pvalloc_29nbfs_LRG2_gridoptim_max_1hll
5013,0.0,14662.181682635239,14662.181682635239,0.0,0.0,pvalloc_29nbfs_LRG2_gridoptim_max_1hll
5014,0.0,16274.799124460178,16274.799124460178,0.0,0.0,pvalloc_29nbfs_LRG2_gridoptim_max_1hll
5015,0.0,15624.092956490871,15624.092956490871,0.0,0.0,pvalloc_29nbfs_LRG2_gridoptim_max_1hll
5016,0.0,12724.18576973016,12724.18576973016,0.0,0.0,pvalloc_29nbfs_LRG2_gridoptim_max_1hll
5017,0.0,10867.074894322574,10867.074894322574,0.0,0.0,pvalloc_29nbfs_LRG2_gridoptim_max_1hll
5018,0.0,8769.371741640622,8769.371741640622,0.0,0.0,pvalloc_29nbfs_LRG2_gridoptim_max_1hll
5019,0.0,7592.31461024244,7592.31461024244,0.0,0.0,pvalloc_29nbfs_LRG2_gridoptim_max_1hll
5020,0.0,6804.494587055006,6804.494587055006,0.0,0.0,pvalloc_29nbfs_LRG2_gridoptim_max_1hll
5021,0.0,6914.447201421454,6914.447201421454,0.0,0.0,pvalloc_29nbfs_LRG2_gridoptim_max_1hll
5022,125.23667208763875,4176.35484275722,4177.927304230706,125.23667208763875,0.0,pvalloc_29nbfs_LRG2_gridoptim_max_1hll
5023,10356.349092874363,2595.7094894735474,11173.797307110179,10356.349092874363,0.0,pvalloc_29nbfs_LRG2_gridoptim_max_1hll
5024,21520.428387197164,2783.608586318831,21961.76248600942,21520.428387197164,0.0,pvalloc_29nbfs_LRG2_gridoptim_max_1hll
5025,18412.048908615434,3412.8284451525624,19293.6629134494,18412.048908615434,0.0,pvalloc_29nbfs_LRG2_gridoptim_max_1hll
5026,30333.68462452427,3854.586445635836,30981.91628184052,30333.68462452427,0.0,pvalloc_29nbfs_LRG2_gridoptim_max_1hll
5027,65354.58387911927,3691.8754454758828,65539.77151222555,60941.46107866165,4413.122800457625,pvalloc_29nbfs_LRG2_gridoptim_max_1hll
5028,78358.52569728783,5407.3486315275595,78715.83095118123,69245.75252541894,9112.77317186887,pvalloc_29nbfs_LRG2_gridoptim_max_1hll
5029,51654.758100777195,5109.879750891244,52220.15251881895,50327.74504453165,1327.0130562455415,pvalloc_29nbfs_LRG2_gridoptim_max_1hll
5030,22532.17437569934,5908.68448890792,24462.366552178864,22532.17437569934,0.0,pvalloc_29nbfs_LRG2_gridoptim_max_1hll
5031,25163.688220083637,5019.82594578604,26450.465142075944,25163.688220083637,0.0,pvalloc_29nbfs_LRG2_gridoptim_max_1hll
5032,33492.73347496573,4085.0257155145146,34102.29144870094,33451.17915482738,41.554320138347464,pvalloc_29nbfs_LRG2_gridoptim_max_1hll
5033,26502.774641014472,4179.91461598127,27338.973816336067,26502.774641014472,0.0,pvalloc_29nbfs_LRG2_gridoptim_max_1hll
5034,16463.21246574979,4781.837324734409,18133.737217243408,16463.21246574979,0.0,pvalloc_29nbfs_LRG2_gridoptim_max_1hll
5035,10135.133526258402,5456.1591341059975,12729.173925778021,10135.133526258402,0.0,pvalloc_29nbfs_LRG2_gridoptim_max_1hll
5036,10.48688564641069,11026.252449006553,11026.26488415571,10.48688564641069,0.0,pvalloc_29nbfs_LRG2_gridoptim_max_1hll
5037,0.0,15623.399766375916,15623.399766375916,0.0,0.0,pvalloc_29nbfs_LRG2_gridoptim_max_1hll
5038,0.0,16022.715362504954,16022.715362504954,0.0,0.0,pvalloc_29nbfs_LRG2_gridoptim_max_1hll
5039,0.0,16439.75171535185,16439.75171535185,0.0,0.0,pvalloc_29nbfs_LRG2_gridoptim_max_1hll
5040,0.0,12326.556850038323,12326.556850038323,0.0,0.0,pvalloc_29nbfs_LRG2_gridoptim_max_1hll
5041,0.0,9488.472208125191,9488.472208125191,0.0,0.0,pvalloc_29nbfs_LRG2_gridoptim_max_1hll
5042,0.0,8024.4353338224,8024.4353338224,0.0,0.0,pvalloc_29nbfs_LRG2_gridoptim_max_1hll
5043,0.0,7253.657469496068,7253.657469496068,0.0,0.0,pvalloc_29nbfs_LRG2_gridoptim_max_1hll
5044,0.0,6638.189465394041,6638.189465394041,0.0,0.0,pvalloc_29nbfs_LRG2_gridoptim_max_1hll
5045,0.0,6441.096729282571,6441.096729282571,0.0,0.0,pvalloc_29nbfs_LRG2_gridoptim_max_1hll
5046,125.8213269124872,4153.972434646497,4155.523724380066,125.8213269124872,0.0,pvalloc_29nbfs_LRG2_gridoptim_max_1hll
5047,11205.22494441865,2676.0361552852787,12054.506915312022,11205.22494441865,0.0,pvalloc_29nbfs_LRG2_gridoptim_max_1hll
5048,32136.222260620143,3000.2675481924784,32435.3092015249,32136.222260620143,0.0,pvalloc_29nbfs_LRG2_gridoptim_max_1hll
5049,52733.978752287214,3375.0346618440662,52923.52653443474,51356.0291807996,1377.9495714876134,pvalloc_29nbfs_LRG2_gridoptim_max_1hll
5050,71681.6670080814,3456.575686700627,71803.68683209404,65234.75777314784,6446.909234933714,pvalloc_29nbfs_LRG2_gridoptim_max_1hll
5051,65337.23252132827,3863.6174330162994,65534.11416350125,60960.81926943502,4376.413251893244,pvalloc_29nbfs_LRG2_gridoptim_max_1hll
5052,59866.73760099829,4506.969592153223,60192.36385017204,56953.87054269184,2912.8670583064436,pvalloc_29nbfs_LRG2_gridoptim_max_1hll
5053,66404.07910276063,4771.167027354774,66725.59138700529,61651.732643859665,4752.3464589010055,pvalloc_29nbfs_LRG2_gridoptim_max_1hll
5054,67523.09826037017,4642.186497661931,67834.98106073916,62332.601999916355,5190.4962604538505,pvalloc_29nbfs_LRG2_gridoptim_max_1hll
5055,57111.833450871454,4920.150827094744,57558.980447040296,54750.265561573055,2361.5678892983947,pvalloc_29nbfs_LRG2_gridoptim_max_1hll
5056,51010.112341398395,4355.460661435496,51400.65747586735,49821.128728162985,1188.9836132354037,pvalloc_29nbfs_LRG2_gridoptim_max_1hll
5057,34076.50732232054,3764.7369825146275,34586.390408839296,34032.93723777763,43.5700845429069,pvalloc_29nbfs_LRG2_gridoptim_max_1hll
5058,12030.311509373541,3762.3191019199685,13339.493069003978,12030.311509373541,0.0,pvalloc_29nbfs_LRG2_gridoptim_max_1hll
5059,6127.484149736008,4418.215454125488,8397.426756204088,6127.484149736008,0.0,pvalloc_29nbfs_LRG2_gridoptim_max_1hll
5060,210.7081794608165,7679.763562034881,7682.353718930608,210.7081794608165,0.0,pvalloc_29nbfs_LRG2_gridoptim_max_1hll
5061,0.0,12442.644294585474,12442.644294585474,0.0,0.0,pvalloc_29nbfs_LRG2_gridoptim_max_1hll
5062,0.0,12652.578225358759,12652.578225358759,0.0,0.0,pvalloc_29nbfs_LRG2_gridoptim_max_1hll
5063,0.0,12878.862779430523,12878.862779430523,0.0,0.0,pvalloc_29nbfs_LRG2_gridoptim_max_1hll
5064,0.0,12350.755659688533,12350.755659688533,0.0,0.0,pvalloc_29nbfs_LRG2_gridoptim_max_1hll
5065,0.0,11097.685205202353,11097.685205202353,0.0,0.0,pvalloc_29nbfs_LRG2_gridoptim_max_1hll
5066,0.0,9294.124150992036,9294.124150992036,0.0,0.0,pvalloc_29nbfs_LRG2_gridoptim_max_1hll
5067,0.0,7868.847255381625,7868.847255381625,0.0,0.0,pvalloc_29nbfs_LRG2_gridoptim_max_1hll
5068,0.0,6865.793803809358,6865.793803809358,0.0,0.0,pvalloc_29nbfs_LRG2_gridoptim_max_1hll
5069,0.0,7046.117084101746,7046.117084101746,0.0,0.0,pvalloc_29nbfs_LRG2_gridoptim_max_1hll
5070,116.6803893713917,4262.719338527253,4264.1663026978185,116.6803893713917,0.0,pvalloc_29nbfs_LRG2_gridoptim_max_1hll
5071,13076.221839912545,2526.089915056284,13706.30483546298,13076.221839912545,0.0,pvalloc_29nbfs_LRG2_gridoptim_max_1hll
5072,29946.509941203905,2831.194709157351,30237.687208811996,29946.509941203905,0.0,pvalloc_29nbfs_LRG2_gridoptim_max_1hll
5073,52001.99418174938,3235.712214812532,52182.26155594914,50714.98496889841,1287.0092128509832,pvalloc_29nbfs_LRG2_gridoptim_max_1hll
5074,69271.99503187327,3526.740140612515,69431.71596973523,63617.809053209414,5654.185978663827,pvalloc_29nbfs_LRG2_gridoptim_max_1hll
5075,79761.40107603796,3949.2013921183966,79936.05693144217,69921.1954507202,9840.205625317816,pvalloc_29nbfs_LRG2_gridoptim_max_1hll
5076,70338.80356874771,4493.632739559053,70596.42931050208,64284.07487160178,6054.728697145833,pvalloc_29nbfs_LRG2_gridoptim_max_1hll
5077,62221.223389575374,4925.595110644572,62606.66206463303,58673.28977462,3547.9336149553646,pvalloc_29nbfs_LRG2_gridoptim_max_1hll
5078,52860.04436905465,5105.158548907273,53425.761093279456,51302.23393587598,1557.810433178679,pvalloc_29nbfs_LRG2_gridoptim_max_1hll
5079,32823.70922995544,5127.223947191886,33845.226584193806,32795.498701390134,28.21052856531952,pvalloc_29nbfs_LRG2_gridoptim_max_1hll
5080,36000.57612312037,4747.796328027355,36768.21376383048,35896.11473702947,104.46138609090661,pvalloc_29nbfs_LRG2_gridoptim_max_1hll
5081,28364.540197943927,4511.478653354988,29268.78826946614,28364.540197943927,0.0,pvalloc_29nbfs_LRG2_gridoptim_max_1hll
5082,16192.952362171194,4465.45682296427,17649.40977642547,16192.952362171194,0.0,pvalloc_29nbfs_LRG2_gridoptim_max_1hll
5083,8522.007050589033,4787.718860848462,10793.520265716797,8522.007050589033,0.0,pvalloc_29nbfs_LRG2_gridoptim_max_1hll
5084,44.74130554443378,9065.2485358673,9065.52554589823,44.74130554443378,0.0,pvalloc_29nbfs_LRG2_gridoptim_max_1hll
5085,0.0,14038.884071464148,14038.884071464148,0.0,0.0,pvalloc_29nbfs_LRG2_gridoptim_max_1hll
5086,0.0,16707.678657408913,16707.678657408913,0.0,0.0,pvalloc_29nbfs_LRG2_gridoptim_max_1hll
5087,0.0,14798.423471834054,14798.423471834054,0.0,0.0,pvalloc_29nbfs_LRG2_gridoptim_max_1hll
5088,0.0,12920.992928294934,12920.992928294934,0.0,0.0,pvalloc_29nbfs_LRG2_gridoptim_max_1hll
5089,0.0,9900.944565301277,9900.944565301277,0.0,0.0,pvalloc_29nbfs_LRG2_gridoptim_max_1hll
5090,0.0,9389.785903685059,9389.785903685059,0.0,0.0,pvalloc_29nbfs_LRG2_gridoptim_max_1hll
5091,0.0,7401.546438254426,7401.546438254426,0.0,0.0,pvalloc_29nbfs_LRG2_gridoptim_max_1hll
5092,0.0,6692.067790682453,6692.067790682453,0.0,0.0,pvalloc_29nbfs_LRG2_gridoptim_max_1hll
5093,0.0,6497.448685059626,6497.448685059626,0.0,0.0,pvalloc_29nbfs_LRG2_gridoptim_max_1hll
5094,297.5214515067192,3860.3075693986048,3864.219892872538,297.5214515067192,0.0,pvalloc_29nbfs_LRG2_gridoptim_max_1hll
5095,14690.034560886015,2399.975066646129,15175.15627793547,14690.034560886015,0.0,pvalloc_29nbfs_LRG2_gridoptim_max_1hll
5096,34540.796240598436,2394.7814061290746,34696.31898878248,34511.33520855999,29.461032038452686,pvalloc_29nbfs_LRG2_gridoptim_max_1hll
5097,56461.58513316003,2830.4888300472567,56575.973561845574,54407.957980561,2053.6271525990237,pvalloc_29nbfs_LRG2_gridoptim_max_1hll
5098,73225.44183145213,2953.039980982161,73324.26989989688,66193.25936480086,7032.182466651357,pvalloc_29nbfs_LRG2_gridoptim_max_1hll
5099,88591.30577064505,3547.114802508973,88721.04641332128,74610.36851104039,13980.937259604609,pvalloc_29nbfs_LRG2_gridoptim_max_1hll
5100,74798.48844885212,4963.8473062520015,75091.02487490795,67070.96386932694,7727.524579525325,pvalloc_29nbfs_LRG2_gridoptim_max_1hll
5101,65604.5860931708,5639.135570682659,66109.86757687567,61019.351975300306,4585.234117870481,pvalloc_29nbfs_LRG2_gridoptim_max_1hll
5102,70651.12438699236,5720.581890710368,71154.0290449459,64313.2285269663,6337.895860025978,pvalloc_29nbfs_LRG2_gridoptim_max_1hll
5103,64496.168138497385,5197.690485472315,64954.915031536155,60194.745098914434,4301.42303958295,pvalloc_29nbfs_LRG2_gridoptim_max_1hll
5104,60718.26729832442,4990.296148472121,61182.60441109345,57427.85510655968,3290.41219176473,pvalloc_29nbfs_LRG2_gridoptim_max_1hll
5105,25670.94498485776,4844.380677987077,26763.59358454491,25670.94498485776,0.0,pvalloc_29nbfs_LRG2_gridoptim_max_1hll
5106,6492.8524735610345,5170.467543189533,9117.293610580076,6492.8524735610345,0.0,pvalloc_29nbfs_LRG2_gridoptim_max_1hll
5107,1404.2977611019269,6967.589697040809,7086.6014679504415,1404.2977611019269,0.0,pvalloc_29nbfs_LRG2_gridoptim_max_1hll
5108,0.5490029654056419,11358.949219887763,11358.949219887763,0.5490029654056419,0.0,pvalloc_29nbfs_LRG2_gridoptim_max_1hll
5109,0.0,13173.891725783154,13173.891725783154,0.0,0.0,pvalloc_29nbfs_LRG2_gridoptim_max_1hll
5110,0.0,13106.449704799226,13106.449704799226,0.0,0.0,pvalloc_29nbfs_LRG2_gridoptim_max_1hll
5111,0.0,12603.245316458497,12603.245316458497,0.0,0.0,pvalloc_29nbfs_LRG2_gridoptim_max_1hll
5112,0.0,10413.182078012225,10413.182078012225,0.0,0.0,pvalloc_29nbfs_LRG2_gridoptim_max_1hll
5113,0.0,8993.403916155026,8993.403916155026,0.0,0.0,pvalloc_29nbfs_LRG2_gridoptim_max_1hll
5114,0.0,7817.17261512709,7817.17261512709,0.0,0.0,pvalloc_29nbfs_LRG2_gridoptim_max_1hll
5115,0.0,7187.9602584705435,7187.9602584705435,0.0,0.0,pvalloc_29nbfs_LRG2_gridoptim_max_1hll
5116,0.0,6597.782238100715,6597.782238100715,0.0,0.0,pvalloc_29nbfs_LRG2_gridoptim_max_1hll
5117,0.0,6653.582169584408,6653.582169584408,0.0,0.0,pvalloc_29nbfs_LRG2_gridoptim_max_1hll
5118,142.4954475504538,4136.86988681366,4138.554689931958,142.4954475504538,0.0,pvalloc_29nbfs_LRG2_gridoptim_max_1hll
5119,10187.273015736631,2387.2749620193918,10888.840003424437,10187.273015736631,0.0,pvalloc_29nbfs_LRG2_gridoptim_max_1hll
5120,30917.290246704804,2410.758533899973,31104.440079666914,30917.290246704804,0.0,pvalloc_29nbfs_LRG2_gridoptim_max_1hll
5121,54039.36060981415,2748.073115862745,54156.27056166288,52452.15601587352,1587.2045939406378,pvalloc_29nbfs_LRG2_gridoptim_max_1hll
5122,69909.1408082613,3220.3225805184475,70028.78916639625,64105.36273268388,5803.77807557732,pvalloc_29nbfs_LRG2_gridoptim_max_1hll
5123,88262.16730006156,3537.3641744132347,88372.60942287729,74524.42859630336,13737.738703758245,pvalloc_29nbfs_LRG2_gridoptim_max_1hll
5124,87856.01655173712,4757.161981502878,88052.81785559897,74360.43027148089,13495.58628025626,pvalloc_29nbfs_LRG2_gridoptim_max_1hll
5125,87777.5493415364,5593.501687214657,88081.22725270664,74243.45480448933,13534.094537047053,pvalloc_29nbfs_LRG2_gridoptim_max_1hll
5126,81553.0388508249,5466.408241252607,81886.06500901331,70877.31126510246,10675.727585722483,pvalloc_29nbfs_LRG2_gridoptim_max_1hll
5127,77026.98232369097,5377.256546991411,77388.99507089127,68298.08261480852,8728.899708882369,pvalloc_29nbfs_LRG2_gridoptim_max_1hll
5128,68223.45808127227,4534.770011807638,68518.90126343504,62826.69558407592,5396.762497196315,pvalloc_29nbfs_LRG2_gridoptim_max_1hll
5129,50030.07789396556,4374.866735390695,50443.690564217315,49001.2402056043,1028.837688361265,pvalloc_29nbfs_LRG2_gridoptim_max_1hll
5130,30615.90313181635,4935.8917345874315,31604.366651789947,30615.90313181635,0.0,pvalloc_29nbfs_LRG2_gridoptim_max_1hll
5131,12104.182731807472,5043.65618778534,14286.564289882523,12104.182731807472,0.0,pvalloc_29nbfs_LRG2_gridoptim_max_1hll
5132,1.3949049544287724,11966.886837783435,11966.886837783435,1.3949049544287724,0.0,pvalloc_29nbfs_LRG2_gridoptim_max_1hll
5133,0.0,18228.21613904296,18228.21613904296,0.0,0.0,pvalloc_29nbfs_LRG2_gridoptim_max_1hll
5134,0.0,18162.496361710335,18162.496361710335,0.0,0.0,pvalloc_29nbfs_LRG2_gridoptim_max_1hll
5135,0.0,15581.301938822115,15581.301938822115,0.0,0.0,pvalloc_29nbfs_LRG2_gridoptim_max_1hll
5136,0.0,13660.518661518498,13660.518661518498,0.0,0.0,pvalloc_29nbfs_LRG2_gridoptim_max_1hll
5137,0.0,10358.480128423342,10358.480128423342,0.0,0.0,pvalloc_29nbfs_LRG2_gridoptim_max_1hll
5138,0.0,8828.47113398323,8828.47113398323,0.0,0.0,pvalloc_29nbfs_LRG2_gridoptim_max_1hll
5139,0.0,7213.798405873982,7213.798405873982,0.0,0.0,pvalloc_29nbfs_LRG2_gridoptim_max_1hll
5140,0.0,6479.031429122138,6479.031429122138,0.0,0.0,pvalloc_29nbfs_LRG2_gridoptim_max_1hll
5141,0.0,6403.16258096044,6403.16258096044,0.0,0.0,pvalloc_29nbfs_LRG2_gridoptim_max_1hll
5142,124.56743516186891,4179.623059459698,4181.003144585038,124.56743516186891,0.0,pvalloc_29nbfs_LRG2_gridoptim_max_1hll
5143,13204.534281556615,2383.2678930734937,13743.054045339832,13204.534281556615,0.0,pvalloc_29nbfs_LRG2_gridoptim_max_1hll
5144,32864.43319604986,2697.539365353348,33082.45481848618,32864.43319604986,0.0,pvalloc_29nbfs_LRG2_gridoptim_max_1hll
5145,53571.5717213177,3252.329116214446,53734.552261543664,52066.47346251114,1505.0982588065615,pvalloc_29nbfs_LRG2_gridoptim_max_1hll
5146,73810.36566786091,3371.5087935238603,73931.11964551406,66581.0126954517,7229.352972409296,pvalloc_29nbfs_LRG2_gridoptim_max_1hll
5147,86996.10889185124,4309.815772469548,87148.4061484868,73950.76044893387,13045.348442917371,pvalloc_29nbfs_LRG2_gridoptim_max_1hll
5148,82643.08683299224,5885.105460803126,83042.01309853628,71734.76780208075,10908.319030911509,pvalloc_29nbfs_LRG2_gridoptim_max_1hll
5149,87428.32229790461,5397.345224773856,87703.45117313146,74152.27585558759,13276.046442317012,pvalloc_29nbfs_LRG2_gridoptim_max_1hll
5150,87037.21363392717,4545.968694620891,87266.10727923746,73749.83136604737,13287.38226787977,pvalloc_29nbfs_LRG2_gridoptim_max_1hll
5151,75295.33903465977,5086.993067877716,75604.21340179852,67354.65079114551,7940.688243514242,pvalloc_29nbfs_LRG2_gridoptim_max_1hll
5152,62729.56834175647,4315.153068353247,63008.46890947063,59053.94339612503,3675.6249456314536,pvalloc_29nbfs_LRG2_gridoptim_max_1hll
5153,45583.91582689399,3979.089234466112,45937.732074050065,45146.139161451305,437.77666544268226,pvalloc_29nbfs_LRG2_gridoptim_max_1hll
5154,30447.549798689164,3980.2650974857293,31064.71883403515,30447.549798689164,0.0,pvalloc_29nbfs_LRG2_gridoptim_max_1hll
5155,10088.237464581493,5685.063331036664,12935.761969552606,10088.237464581493,0.0,pvalloc_29nbfs_LRG2_gridoptim_max_1hll
5156,1.0167446049018039,13237.255052553932,13237.255052553932,1.0167446049018039,0.0,pvalloc_29nbfs_LRG2_gridoptim_max_1hll
5157,0.0,16656.158247084175,16656.158247084175,0.0,0.0,pvalloc_29nbfs_LRG2_gridoptim_max_1hll
5158,0.0,16956.66673318879,16956.66673318879,0.0,0.0,pvalloc_29nbfs_LRG2_gridoptim_max_1hll
5159,0.0,13878.197386105796,13878.197386105796,0.0,0.0,pvalloc_29nbfs_LRG2_gridoptim_max_1hll
5160,0.0,13359.709264488023,13359.709264488023,0.0,0.0,pvalloc_29nbfs_LRG2_gridoptim_max_1hll
5161,0.0,9823.421723926976,9823.421723926976,0.0,0.0,pvalloc_29nbfs_LRG2_gridoptim_max_1hll
5162,0.0,8004.918441437759,8004.918441437759,0.0,0.0,pvalloc_29nbfs_LRG2_gridoptim_max_1hll
5163,0.0,7279.771629046192,7279.771629046192,0.0,0.0,pvalloc_29nbfs_LRG2_gridoptim_max_1hll
5164,0.0,6702.512682378076,6702.512682378076,0.0,0.0,pvalloc_29nbfs_LRG2_gridoptim_max_1hll
5165,0.0,6398.7645866892735,6398.7645866892735,0.0,0.0,pvalloc_29nbfs_LRG2_gridoptim_max_1hll
5166,102.27784490632736,4366.012971428999,4367.113635501252,102.27784490632736,0.0,pvalloc_29nbfs_LRG2_gridoptim_max_1hll
5167,12563.851862378697,2581.1945201469125,13253.624974417817,12563.851862378697,0.0,pvalloc_29nbfs_LRG2_gridoptim_max_1hll
5168,32812.82532341367,2959.70195797984,33087.557305865965,32812.82532341367,0.0,pvalloc_29nbfs_LRG2_gridoptim_max_1hll
5169,54499.321260201636,3202.6992212313503,54653.53226844016,52824.718736728224,1674.6025234734207,pvalloc_29nbfs_LRG2_gridoptim_max_1hll
5170,74376.14735747149,3098.5179290212805,74483.92425044726,66896.97322824018,7479.17412923134,pvalloc_29nbfs_LRG2_gridoptim_max_1hll
5171,89073.64420591632,3813.438172380157,89200.92219633548,74937.33493977385,14136.30926614251,pvalloc_29nbfs_LRG2_gridoptim_max_1hll
5172,83400.14666027554,4331.593368143656,83591.35793388338,71969.57728769707,11430.569372578444,pvalloc_29nbfs_LRG2_gridoptim_max_1hll
5173,77726.9708390918,4640.25959665684,77977.78101893431,68778.9022167889,8948.068622302819,pvalloc_29nbfs_LRG2_gridoptim_max_1hll
5174,87944.35672017455,4592.941691207336,88169.41194067169,74233.83124301372,13710.525477160869,pvalloc_29nbfs_LRG2_gridoptim_max_1hll
5175,75785.16094876354,4775.585396783938,76070.44960145467,67603.77731531665,8181.383633446842,pvalloc_29nbfs_LRG2_gridoptim_max_1hll
5176,60700.233350749026,4589.776889525988,61040.08638119674,57517.56096739444,3182.6723833545802,pvalloc_29nbfs_LRG2_gridoptim_max_1hll
5177,41519.752763527635,4258.577459492472,42019.321221169695,41306.804527303946,212.9482362236801,pvalloc_29nbfs_LRG2_gridoptim_max_1hll
5178,22748.45420202885,4182.252128598066,23702.671077075014,22748.45420202885,0.0,pvalloc_29nbfs_LRG2_gridoptim_max_1hll
5179,9309.769905257994,4360.543880814583,11168.102100415666,9309.769905257994,0.0,pvalloc_29nbfs_LRG2_gridoptim_max_1hll
5180,20.010962566532612,9611.499307655784,9611.65626904721,20.010962566532612,0.0,pvalloc_29nbfs_LRG2_gridoptim_max_1hll
5181,0.0,17958.547144614713,17958.547144614713,0.0,0.0,pvalloc_29nbfs_LRG2_gridoptim_max_1hll
5182,0.0,15508.10589408956,15508.10589408956,0.0,0.0,pvalloc_29nbfs_LRG2_gridoptim_max_1hll
5183,0.0,14273.89740347325,14273.89740347325,0.0,0.0,pvalloc_29nbfs_LRG2_gridoptim_max_1hll
5184,0.0,13200.332246555769,13200.332246555769,0.0,0.0,pvalloc_29nbfs_LRG2_gridoptim_max_1hll
5185,0.0,9638.325646422076,9638.325646422076,0.0,0.0,pvalloc_29nbfs_LRG2_gridoptim_max_1hll
5186,0.0,8321.584507793394,8321.584507793394,0.0,0.0,pvalloc_29nbfs_LRG2_gridoptim_max_1hll
5187,0.0,7169.817360127394,7169.817360127394,0.0,0.0,pvalloc_29nbfs_LRG2_gridoptim_max_1hll
5188,0.0,7079.928698781938,7079.928698781938,0.0,0.0,pvalloc_29nbfs_LRG2_gridoptim_max_1hll
5189,0.0,6529.334832922409,6529.334832922409,0.0,0.0,pvalloc_29nbfs_LRG2_gridoptim_max_1hll
5190,43.47336630157121,4782.281202708776,4782.777584904539,43.47336630157121,0.0,pvalloc_29nbfs_LRG2_gridoptim_max_1hll
5191,10295.959605298727,2533.3070482092867,11070.704325317372,10295.959605298727,0.0,pvalloc_29nbfs_LRG2_gridoptim_max_1hll
5192,27398.332447037246,2894.4029087165313,27739.704719348298,27398.332447037246,0.0,pvalloc_29nbfs_LRG2_gridoptim_max_1hll
5193,48818.38945934845,3156.911733053964,48994.54966921317,48080.34666873427,738.0427906141697,pvalloc_29nbfs_LRG2_gridoptim_max_1hll
5194,61845.1043261124,3439.7346370190335,62003.793177792395,58488.38696273843,3356.7173633739776,pvalloc_29nbfs_LRG2_gridoptim_max_1hll
5195,70336.38090488291,4130.930030257745,70532.27774415787,64394.46268169069,5941.918223192207,pvalloc_29nbfs_LRG2_gridoptim_max_1hll
5196,67827.1514920113,5118.719267875535,68195.1673735473,62759.384179639106,5067.767312372225,pvalloc_29nbfs_LRG2_gridoptim_max_1hll
5197,72025.38566531926,4982.639652146849,72335.98766993328,65360.83405675557,6664.551608563679,pvalloc_29nbfs_LRG2_gridoptim_max_1hll
5198,70785.33343293733,5499.463028720408,71195.887225995,64558.126821874255,6227.206611063066,pvalloc_29nbfs_LRG2_gridoptim_max_1hll
5199,69903.55351903435,4959.644787832629,70241.75714467531,63953.89414372442,5949.659375309948,pvalloc_29nbfs_LRG2_gridoptim_max_1hll
5200,42028.55901604504,3857.324472353146,42423.9800998183,41795.17567760676,233.38333843827354,pvalloc_29nbfs_LRG2_gridoptim_max_1hll
5201,27003.756360419757,3847.361135431175,27673.35360242663,27003.756360419757,0.0,pvalloc_29nbfs_LRG2_gridoptim_max_1hll
5202,12994.226368152686,4383.7499137473405,14703.616217730014,12994.226368152686,0.0,pvalloc_29nbfs_LRG2_gridoptim_max_1hll
5203,8154.085759442351,4863.673710844415,10523.883943788032,8154.085759442351,0.0,pvalloc_29nbfs_LRG2_gridoptim_max_1hll
5204,0.0,15104.804546934238,15104.804546934238,0.0,0.0,pvalloc_29nbfs_LRG2_gridoptim_max_1hll
5205,0.0,15791.348827533153,15791.348827533153,0.0,0.0,pvalloc_29nbfs_LRG2_gridoptim_max_1hll
5206,0.0,15247.75572798058,15247.75572798058,0.0,0.0,pvalloc_29nbfs_LRG2_gridoptim_max_1hll
5207,0.0,15008.225250668322,15008.225250668322,0.0,0.0,pvalloc_29nbfs_LRG2_gridoptim_max_1hll
5208,0.0,12069.433844123947,12069.433844123947,0.0,0.0,pvalloc_29nbfs_LRG2_gridoptim_max_1hll
5209,0.0,11145.876780548275,11145.876780548275,0.0,0.0,pvalloc_29nbfs_LRG2_gridoptim_max_1hll
5210,0.0,8940.899584908117,8940.899584908117,0.0,0.0,pvalloc_29nbfs_LRG2_gridoptim_max_1hll
5211,0.0,7874.8958073584245,7874.8958073584245,0.0,0.0,pvalloc_29nbfs_LRG2_gridoptim_max_1hll
5212,0.0,7043.64455664798,7043.64455664798,0.0,0.0,pvalloc_29nbfs_LRG2_gridoptim_max_1hll
5213,0.0,7125.558647681808,7125.558647681808,0.0,0.0,pvalloc_29nbfs_LRG2_gridoptim_max_1hll
5214,3.6015326686948574,5743.514287764251,5743.585971060065,3.6015326686948574,0.0,pvalloc_29nbfs_LRG2_gridoptim_max_1hll
5215,1639.2667946716226,3052.0591051869405,3689.836302405128,1639.2667946716226,0.0,pvalloc_29nbfs_LRG2_gridoptim_max_1hll
5216,6061.431990614368,2981.947862993594,7440.8903365245305,6061.431990614368,0.0,pvalloc_29nbfs_LRG2_gridoptim_max_1hll
5217,12107.177273084524,3229.925731631007,13211.523782288587,12107.177273084524,0.0,pvalloc_29nbfs_LRG2_gridoptim_max_1hll
5218,23706.22329193833,3349.198161697985,24291.920667749746,23706.22329193833,0.0,pvalloc_29nbfs_LRG2_gridoptim_max_1hll
5219,28209.49110206322,3995.9551461243286,28908.617084184185,28209.49110206322,0.0,pvalloc_29nbfs_LRG2_gridoptim_max_1hll
5220,20887.092481895557,5154.455856133063,22611.313001077986,20887.092481895557,0.0,pvalloc_29nbfs_LRG2_gridoptim_max_1hll
5221,45343.693009766735,4583.2802491615785,45877.571276832445,44888.97273153553,454.7202782312027,pvalloc_29nbfs_LRG2_gridoptim_max_1hll
5222,59952.20791688886,4751.850094296123,60341.30692563764,56914.42608898939,3037.7818278994637,pvalloc_29nbfs_LRG2_gridoptim_max_1hll
5223,47079.7432540544,4779.6080846450695,47626.56181600152,46462.98290456599,616.7603494884091,pvalloc_29nbfs_LRG2_gridoptim_max_1hll
5224,47435.33644779497,4167.965954494941,47829.53139373459,46794.863136729145,640.4733110658284,pvalloc_29nbfs_LRG2_gridoptim_max_1hll
5225,35525.83240804176,4248.08775859476,36124.812419302594,35457.40833172426,68.424076317492,pvalloc_29nbfs_LRG2_gridoptim_max_1hll
5226,24763.735514973345,4142.291484680759,25613.9161080577,24763.735514973345,0.0,pvalloc_29nbfs_LRG2_gridoptim_max_1hll
5227,10188.418454436785,4832.119335407979,12342.09426962763,10188.418454436785,0.0,pvalloc_29nbfs_LRG2_gridoptim_max_1hll
5228,0.25916786472437386,12362.2276086306,12362.2276086306,0.25916786472437386,0.0,pvalloc_29nbfs_LRG2_gridoptim_max_1hll
5229,0.0,17463.78761121696,17463.78761121696,0.0,0.0,pvalloc_29nbfs_LRG2_gridoptim_max_1hll
5230,0.0,16776.245765136617,16776.245765136617,0.0,0.0,pvalloc_29nbfs_LRG2_gridoptim_max_1hll
5231,0.0,13863.094861205218,13863.094861205218,0.0,0.0,pvalloc_29nbfs_LRG2_gridoptim_max_1hll
5232,0.0,12379.083196074876,12379.083196074876,0.0,0.0,pvalloc_29nbfs_LRG2_gridoptim_max_1hll
5233,0.0,10840.79645112631,10840.79645112631,0.0,0.0,pvalloc_29nbfs_LRG2_gridoptim_max_1hll
5234,0.0,8839.193140860434,8839.193140860434,0.0,0.0,pvalloc_29nbfs_LRG2_gridoptim_max_1hll
5235,0.0,7691.549078353807,7691.549078353807,0.0,0.0,pvalloc_29nbfs_LRG2_gridoptim_max_1hll
5236,0.0,6881.188714069509,6881.188714069509,0.0,0.0,pvalloc_29nbfs_LRG2_gridoptim_max_1hll
5237,0.0,7020.828203404438,7020.828203404438,0.0,0.0,pvalloc_29nbfs_LRG2_gridoptim_max_1hll
5238,66.04790928016442,4755.66797354757,4756.352336364771,66.04790928016442,0.0,pvalloc_29nbfs_LRG2_gridoptim_max_1hll
5239,11372.231450429228,2639.7861901016254,12126.233285415536,11372.231450429228,0.0,pvalloc_29nbfs_LRG2_gridoptim_max_1hll
5240,24218.510679665575,2964.9219136396523,24645.26148541753,24218.510679665575,0.0,pvalloc_29nbfs_LRG2_gridoptim_max_1hll
5241,47935.64531787672,3193.1202439385333,48124.04213933102,47302.139396340506,633.5059215362116,pvalloc_29nbfs_LRG2_gridoptim_max_1hll
5242,61785.42012100682,3645.268570900535,61963.77793003325,58442.12310472753,3343.297016279294,pvalloc_29nbfs_LRG2_gridoptim_max_1hll
5243,68291.45557640171,3959.2800858860696,68486.63438746243,62997.53586841887,5293.919707982799,pvalloc_29nbfs_LRG2_gridoptim_max_1hll
5244,56047.125571495744,4473.519112615834,56395.877574810205,53990.36756800775,2056.7580034879984,pvalloc_29nbfs_LRG2_gridoptim_max_1hll
5245,54488.13977395391,4993.388843369912,54970.04090411664,52711.15736755073,1776.9824064031723,pvalloc_29nbfs_LRG2_gridoptim_max_1hll
5246,50855.84359912862,5041.222869631552,51433.84336209462,49650.14452497292,1205.699074155692,pvalloc_29nbfs_LRG2_gridoptim_max_1hll
5247,50603.04297849171,4731.783918517534,51107.847538813636,49452.229422149045,1150.81355634267,pvalloc_29nbfs_LRG2_gridoptim_max_1hll
5248,43036.883069537216,4172.150528646767,43518.858176465874,42739.16730292573,297.71576661148777,pvalloc_29nbfs_LRG2_gridoptim_max_1hll
5249,35129.86638073444,4048.3879074028105,35686.21561249061,35068.225781755085,61.64059897935397,pvalloc_29nbfs_LRG2_gridoptim_max_1hll
5250,17982.294112142732,4592.71788275575,19389.899854339972,17982.294112142732,0.0,pvalloc_29nbfs_LRG2_gridoptim_max_1hll
5251,8266.404645877832,5194.29399411206,10840.72197660486,8266.404645877832,0.0,pvalloc_29nbfs_LRG2_gridoptim_max_1hll
5252,0.0,19016.87238720869,19016.87238720869,0.0,0.0,pvalloc_29nbfs_LRG2_gridoptim_max_1hll
5253,0.0,19290.580116971658,19290.580116971658,0.0,0.0,pvalloc_29nbfs_LRG2_gridoptim_max_1hll
5254,0.0,16835.268381474212,16835.268381474212,0.0,0.0,pvalloc_29nbfs_LRG2_gridoptim_max_1hll
5255,0.0,14924.78827852718,14924.78827852718,0.0,0.0,pvalloc_29nbfs_LRG2_gridoptim_max_1hll
5256,0.0,13381.168060104115,13381.168060104115,0.0,0.0,pvalloc_29nbfs_LRG2_gridoptim_max_1hll
5257,0.0,10539.960012448035,10539.960012448035,0.0,0.0,pvalloc_29nbfs_LRG2_gridoptim_max_1hll
5258,0.0,8429.066249258418,8429.066249258418,0.0,0.0,pvalloc_29nbfs_LRG2_gridoptim_max_1hll
5259,0.0,7662.686930720702,7662.686930720702,0.0,0.0,pvalloc_29nbfs_LRG2_gridoptim_max_1hll
5260,0.0,6987.56971605249,6987.56971605249,0.0,0.0,pvalloc_29nbfs_LRG2_gridoptim_max_1hll
5261,0.0,6946.060646242224,6946.060646242224,0.0,0.0,pvalloc_29nbfs_LRG2_gridoptim_max_1hll
5262,58.361798308621246,5001.520162695693,5002.143231622838,58.361798308621246,0.0,pvalloc_29nbfs_LRG2_gridoptim_max_1hll
5263,12591.710943003374,2593.066887385581,13251.442211678443,12591.710943003374,0.0,pvalloc_29nbfs_LRG2_gridoptim_max_1hll
5264,33251.69893954767,2893.0055076537296,33507.13732888203,33247.62954049295,4.069399054719156,pvalloc_29nbfs_LRG2_gridoptim_max_1hll
5265,55775.52526877066,2984.834888546769,55909.64667142775,53852.7581062226,1922.7671625480652,pvalloc_29nbfs_LRG2_gridoptim_max_1hll
5266,74659.74671201632,3776.159093834137,74801.32072757509,67109.8285156399,7549.918196376428,pvalloc_29nbfs_LRG2_gridoptim_max_1hll
5267,88159.37016247639,4870.435140547352,88359.4013640732,74562.11730650846,13597.25285596795,pvalloc_29nbfs_LRG2_gridoptim_max_1hll
5268,85472.39243919699,5933.664424604606,85842.38868811043,73163.2226731343,12309.16976606271,pvalloc_29nbfs_LRG2_gridoptim_max_1hll
5269,90333.12550952955,5893.386424976,90662.36026930109,75546.60610427773,14786.519405251787,pvalloc_29nbfs_LRG2_gridoptim_max_1hll
5270,90816.16660252045,5283.402936063588,91130.51410978123,75521.87256564513,15294.294036875313,pvalloc_29nbfs_LRG2_gridoptim_max_1hll
5271,82422.61624542711,5075.693755157872,82725.94050288318,71298.0263804319,11124.589864995272,pvalloc_29nbfs_LRG2_gridoptim_max_1hll
5272,68669.74518499026,4832.967930297882,68995.8226357226,63139.09689427337,5530.648290716815,pvalloc_29nbfs_LRG2_gridoptim_max_1hll
5273,51730.942758628764,4389.441937087613,52135.63310165363,50415.53718677576,1315.4055718530028,pvalloc_29nbfs_LRG2_gridoptim_max_1hll
5274,31024.60579993527,4492.081529860039,31815.188875319764,31024.60579993527,0.0,pvalloc_29nbfs_LRG2_gridoptim_max_1hll
5275,12575.264665035578,4761.8286669580875,14391.697933610185,12575.264665035578,0.0,pvalloc_29nbfs_LRG2_gridoptim_max_1hll
5276,0.001144878417680309,16131.66265027085,16131.66265027085,0.001144878417680309,0.0,pvalloc_29nbfs_LRG2_gridoptim_max_1hll
5277,0.0,16661.54003587522,16661.54003587522,0.0,0.0,pvalloc_29nbfs_LRG2_gridoptim_max_1hll
5278,0.0,16071.879638820656,16071.879638820656,0.0,0.0,pvalloc_29nbfs_LRG2_gridoptim_max_1hll
5279,0.0,16513.61501158644,16513.61501158644,0.0,0.0,pvalloc_29nbfs_LRG2_gridoptim_max_1hll
5280,0.0,14223.402737580198,14223.402737580198,0.0,0.0,pvalloc_29nbfs_LRG2_gridoptim_max_1hll
5281,0.0,10189.901163932846,10189.901163932846,0.0,0.0,pvalloc_29nbfs_LRG2_gridoptim_max_1hll
5282,0.0,9219.90861812319,9219.90861812319,0.0,0.0,pvalloc_29nbfs_LRG2_gridoptim_max_1hll
5283,0.0,8077.212368111325,8077.212368111325,0.0,0.0,pvalloc_29nbfs_LRG2_gridoptim_max_1hll
5284,0.0,7416.388772703773,7416.388772703773,0.0,0.0,pvalloc_29nbfs_LRG2_gridoptim_max_1hll
5285,0.0,7104.393955178768,7104.393955178768,0.0,0.0,pvalloc_29nbfs_LRG2_gridoptim_max_1hll
5286,19.532481156536925,5518.33190870737,5518.594437442006,19.532481156536925,0.0,pvalloc_29nbfs_LRG2_gridoptim_max_1hll
5287,11707.783248363128,2635.279239468434,12436.737207144413,11707.783248363128,0.0,pvalloc_29nbfs_LRG2_gridoptim_max_1hll
5288,33417.16099959572,2796.7882781437634,33652.29431540904,33410.75980823104,6.401191364675583,pvalloc_29nbfs_LRG2_gridoptim_max_1hll
5289,55465.25906381826,2799.324203776061,55587.07375593825,53602.05220695751,1863.2068568607485,pvalloc_29nbfs_LRG2_gridoptim_max_1hll
5290,73625.12640199922,3671.9602641326805,73759.09235207863,66491.0387624095,7134.0876395896985,pvalloc_29nbfs_LRG2_gridoptim_max_1hll
5291,89538.3909363135,4101.612060344082,89690.32366094909,75155.2280332271,14383.16290308636,pvalloc_29nbfs_LRG2_gridoptim_max_1hll
5292,84969.40297336676,5701.235331850894,85305.49087547632,72903.48002047247,12065.922952894227,pvalloc_29nbfs_LRG2_gridoptim_max_1hll
5293,90680.32607330664,5600.590990459027,90981.89685747691,75608.89850006558,15071.42757324098,pvalloc_29nbfs_LRG2_gridoptim_max_1hll
5294,86092.93690987478,6735.190127494153,86597.53056536114,73247.85516945297,12845.081740421785,pvalloc_29nbfs_LRG2_gridoptim_max_1hll
5295,79404.37233774397,6128.595861272545,79871.24362316853,69618.25435012182,9786.117987622285,pvalloc_29nbfs_LRG2_gridoptim_max_1hll
5296,64949.389810813336,6191.440821364,65575.4119652168,60608.67837297574,4340.711437837602,pvalloc_29nbfs_LRG2_gridoptim_max_1hll
5297,49319.55375185153,5499.6339821209485,50040.38368232655,48346.70547398915,972.848277862389,pvalloc_29nbfs_LRG2_gridoptim_max_1hll
5298,29084.592909544266,5492.3461594380115,30326.234721634504,29084.592909544266,0.0,pvalloc_29nbfs_LRG2_gridoptim_max_1hll
5299,8737.19997852168,6546.219071929453,12180.879855016681,8737.19997852168,0.0,pvalloc_29nbfs_LRG2_gridoptim_max_1hll
5300,0.006800150706788702,16938.769059083756,16938.769059083756,0.006800150706788702,0.0,pvalloc_29nbfs_LRG2_gridoptim_max_1hll
5301,0.0,19664.8737674663,19664.8737674663,0.0,0.0,pvalloc_29nbfs_LRG2_gridoptim_max_1hll
5302,0.0,21717.29761653144,21717.29761653144,0.0,0.0,pvalloc_29nbfs_LRG2_gridoptim_max_1hll
5303,0.0,17214.825474050005,17214.825474050005,0.0,0.0,pvalloc_29nbfs_LRG2_gridoptim_max_1hll
5304,0.0,12578.207549128694,12578.207549128694,0.0,0.0,pvalloc_29nbfs_LRG2_gridoptim_max_1hll
5305,0.0,10294.109997870488,10294.109997870488,0.0,0.0,pvalloc_29nbfs_LRG2_gridoptim_max_1hll
5306,0.0,8325.709247505114,8325.709247505114,0.0,0.0,pvalloc_29nbfs_LRG2_gridoptim_max_1hll
5307,0.0,7293.515981600716,7293.515981600716,0.0,0.0,pvalloc_29nbfs_LRG2_gridoptim_max_1hll
5308,0.0,6735.774478834691,6735.774478834691,0.0,0.0,pvalloc_29nbfs_LRG2_gridoptim_max_1hll
5309,0.0,6710.483943585054,6710.483943585054,0.0,0.0,pvalloc_29nbfs_LRG2_gridoptim_max_1hll
5310,30.130977377836267,4997.059877799937,4997.44500324061,30.130977377836267,0.0,pvalloc_29nbfs_LRG2_gridoptim_max_1hll
5311,11660.319446501715,2540.7573410319974,12349.61504504752,11660.319446501715,0.0,pvalloc_29nbfs_LRG2_gridoptim_max_1hll
5312,32620.227275056597,2910.0859140043694,32887.97839759369,32620.227275056597,0.0,pvalloc_29nbfs_LRG2_gridoptim_max_1hll
5313,54402.24636313402,3261.692762458784,54565.84098674897,52736.51901516203,1665.727347971992,pvalloc_29nbfs_LRG2_gridoptim_max_1hll
5314,74394.23787828856,3736.67941992232,74546.68278090544,66915.05098947471,7479.186888813849,pvalloc_29nbfs_LRG2_gridoptim_max_1hll
5315,90506.71341915714,3896.5885498687,90648.74115687037,75603.97247157575,14902.740947581373,pvalloc_29nbfs_LRG2_gridoptim_max_1hll
5316,84593.22025423273,5998.8128425576715,84979.63428696386,72688.68236459383,11904.537889638945,pvalloc_29nbfs_LRG2_gridoptim_max_1hll
5317,90275.80665410495,5485.860946853723,90554.28712572626,75489.21248841187,14786.59416569307,pvalloc_29nbfs_LRG2_gridoptim_max_1hll
5318,87897.97804851063,5622.111474881422,88211.01567024233,74231.73323078126,13666.244817729355,pvalloc_29nbfs_LRG2_gridoptim_max_1hll
5319,81402.61719739811,4975.6941720160075,81674.1480964212,70807.52680934394,10595.090388054281,pvalloc_29nbfs_LRG2_gridoptim_max_1hll
5320,67427.02167599398,4882.283862342685,67762.82752503267,62318.142804222996,5108.8788717709685,pvalloc_29nbfs_LRG2_gridoptim_max_1hll
5321,49678.93713073631,4754.547099864794,50165.18655090986,48717.66607605568,961.2710546806395,pvalloc_29nbfs_LRG2_gridoptim_max_1hll
5322,31725.592079957616,3997.090719665434,32339.175972001038,31725.592079957616,0.0,pvalloc_29nbfs_LRG2_gridoptim_max_1hll
5323,10750.670641466404,4802.313253095668,12870.82210475772,10750.670641466404,0.0,pvalloc_29nbfs_LRG2_gridoptim_max_1hll
5324,0.640415122049454,11802.213732066495,11802.213732066495,0.640415122049454,0.0,pvalloc_29nbfs_LRG2_gridoptim_max_1hll
5325,0.0,17798.4514230697,17798.4514230697,0.0,0.0,pvalloc_29nbfs_LRG2_gridoptim_max_1hll
5326,0.0,19605.334016129702,19605.334016129702,0.0,0.0,pvalloc_29nbfs_LRG2_gridoptim_max_1hll
5327,0.0,17993.339244710096,17993.339244710096,0.0,0.0,pvalloc_29nbfs_LRG2_gridoptim_max_1hll
5328,0.0,14499.905393880887,14499.905393880887,0.0,0.0,pvalloc_29nbfs_LRG2_gridoptim_max_1hll
5329,0.0,10706.798579119697,10706.798579119697,0.0,0.0,pvalloc_29nbfs_LRG2_gridoptim_max_1hll
5330,0.0,8691.305275136963,8691.305275136963,0.0,0.0,pvalloc_29nbfs_LRG2_gridoptim_max_1hll
5331,0.0,7299.838339654399,7299.838339654399,0.0,0.0,pvalloc_29nbfs_LRG2_gridoptim_max_1hll
5332,0.0,6942.4868277889755,6942.4868277889755,0.0,0.0,pvalloc_29nbfs_LRG2_gridoptim_max_1hll
5333,0.0,6828.1340130815815,6828.1340130815815,0.0,0.0,pvalloc_29nbfs_LRG2_gridoptim_max_1hll
5334,10.199378631416742,5429.391596217095,5429.527186797496,10.199378631416742,0.0,pvalloc_29nbfs_LRG2_gridoptim_max_1hll
5335,10423.08045879056,2842.0846260525827,11386.133494928832,10423.08045879056,0.0,pvalloc_29nbfs_LRG2_gridoptim_max_1hll
5336,31348.142798221623,3277.3489204494117,31725.828758714397,31348.142798221623,0.0,pvalloc_29nbfs_LRG2_gridoptim_max_1hll
5337,53519.73436045399,3457.99454390684,53711.88532229394,52004.80992859365,1514.9244318603583,pvalloc_29nbfs_LRG2_gridoptim_max_1hll
5338,73318.27539415593,3775.2778403159314,73471.62596061332,66272.85682778565,7045.418566370302,pvalloc_29nbfs_LRG2_gridoptim_max_1hll
5339,88378.38913575289,4076.040218104917,88524.13062783262,74599.68069306365,13778.70844268925,pvalloc_29nbfs_LRG2_gridoptim_max_1hll
5340,83726.00451481131,5829.632384038128,84106.33015505504,72320.90220062672,11405.102314184556,pvalloc_29nbfs_LRG2_gridoptim_max_1hll
5341,87992.40469761463,5789.153047454714,88320.36307673212,74421.84450366335,13570.560193951254,pvalloc_29nbfs_LRG2_gridoptim_max_1hll
5342,84827.91746026423,6646.148727725521,85326.42760925848,72780.5158539096,12047.401606354608,pvalloc_29nbfs_LRG2_gridoptim_max_1hll
5343,79747.40513226374,5524.776262288791,80099.28009404356,69875.6694427101,9871.735689553574,pvalloc_29nbfs_LRG2_gridoptim_max_1hll
5344,67870.2493790251,4575.425330235439,68164.76242469731,62607.093175373164,5263.156203651877,pvalloc_29nbfs_LRG2_gridoptim_max_1hll
5345,48595.275538173606,4534.938340542092,49045.970921783875,47804.32449067556,790.9510474980345,pvalloc_29nbfs_LRG2_gridoptim_max_1hll
5346,29067.38836330694,4518.614035342453,29929.203586329448,29067.38836330694,0.0,pvalloc_29nbfs_LRG2_gridoptim_max_1hll
5347,7382.535223777435,6447.160779001136,10966.056741633283,7382.535223777435,0.0,pvalloc_29nbfs_LRG2_gridoptim_max_1hll
5348,0.0,16009.543347917079,16009.543347917079,0.0,0.0,pvalloc_29nbfs_LRG2_gridoptim_max_1hll
5349,0.0,16826.71504393423,16826.71504393423,0.0,0.0,pvalloc_29nbfs_LRG2_gridoptim_max_1hll
5350,0.0,17455.218388780384,17455.218388780384,0.0,0.0,pvalloc_29nbfs_LRG2_gridoptim_max_1hll
5351,0.0,17312.601875985758,17312.601875985758,0.0,0.0,pvalloc_29nbfs_LRG2_gridoptim_max_1hll
5352,0.0,14414.143741518077,14414.143741518077,0.0,0.0,pvalloc_29nbfs_LRG2_gridoptim_max_1hll
5353,0.0,9954.172012300509,9954.172012300509,0.0,0.0,pvalloc_29nbfs_LRG2_gridoptim_max_1hll
5354,0.0,8448.308232531268,8448.308232531268,0.0,0.0,pvalloc_29nbfs_LRG2_gridoptim_max_1hll
5355,0.0,7461.470557932398,7461.470557932398,0.0,0.0,pvalloc_29nbfs_LRG2_gridoptim_max_1hll
5356,0.0,6904.553782501744,6904.553782501744,0.0,0.0,pvalloc_29nbfs_LRG2_gridoptim_max_1hll
5357,0.0,6785.528064411385,6785.528064411385,0.0,0.0,pvalloc_29nbfs_LRG2_gridoptim_max_1hll
5358,16.11922606575371,5408.9616420153525,5409.19160589151,16.11922606575371,0.0,pvalloc_29nbfs_LRG2_gridoptim_max_1hll
5359,10539.23701484275,2733.834491436657,11408.423084048187,10539.23701484275,0.0,pvalloc_29nbfs_LRG2_gridoptim_max_1hll
5360,31573.84357175573,3075.11484632775,31893.15870147565,31573.84357175573,0.0,pvalloc_29nbfs_LRG2_gridoptim_max_1hll
5361,51237.5578438627,4082.2825500433855,51564.678868372095,50113.96447766064,1123.59336620207,pvalloc_29nbfs_LRG2_gridoptim_max_1hll
5362,72164.44612444258,4178.575418680156,72354.75176771624,65580.88999622595,6583.556128216648,pvalloc_29nbfs_LRG2_gridoptim_max_1hll
5363,86280.22987643565,5071.767685434355,86517.50169336582,73650.5935580299,12629.636318405708,pvalloc_29nbfs_LRG2_gridoptim_max_1hll
5364,84250.0754930903,5920.650030968461,84643.32063765467,72600.81080884654,11649.26468424375,pvalloc_29nbfs_LRG2_gridoptim_max_1hll
5365,87181.06100772887,6492.123312705911,87650.75462410053,74097.11755187724,13083.943455851664,pvalloc_29nbfs_LRG2_gridoptim_max_1hll
5366,89398.44354147142,5338.061656312033,89676.70903188981,74987.09733443857,14411.346207032895,pvalloc_29nbfs_LRG2_gridoptim_max_1hll
5367,80920.36785952303,4958.918127647626,81183.90209516339,70570.90706252534,10349.460796997737,pvalloc_29nbfs_LRG2_gridoptim_max_1hll
5368,67275.26746841954,4659.141830588298,67565.71162887738,62281.889673573976,4993.377794845507,pvalloc_29nbfs_LRG2_gridoptim_max_1hll
5369,48558.427985350885,4758.5309333099685,49051.99455797899,47796.65636956529,761.7716157856034,pvalloc_29nbfs_LRG2_gridoptim_max_1hll
5370,27794.61810315982,4902.526573403822,28906.87597131539,27794.61810315982,0.0,pvalloc_29nbfs_LRG2_gridoptim_max_1hll
5371,9292.03212372649,5239.330034926372,11809.465893215149,9292.03212372649,0.0,pvalloc_29nbfs_LRG2_gridoptim_max_1hll
5372,0.0,16872.820507260174,16872.820507260174,0.0,0.0,pvalloc_29nbfs_LRG2_gridoptim_max_1hll
5373,0.0,17345.892495044838,17345.892495044838,0.0,0.0,pvalloc_29nbfs_LRG2_gridoptim_max_1hll
5374,0.0,16579.52219038973,16579.52219038973,0.0,0.0,pvalloc_29nbfs_LRG2_gridoptim_max_1hll
5375,0.0,15251.446364993699,15251.446364993699,0.0,0.0,pvalloc_29nbfs_LRG2_gridoptim_max_1hll
5376,0.0,13188.262672566276,13188.262672566276,0.0,0.0,pvalloc_29nbfs_LRG2_gridoptim_max_1hll
5377,0.0,11323.925666493666,11323.925666493666,0.0,0.0,pvalloc_29nbfs_LRG2_gridoptim_max_1hll
5378,0.0,9734.491596408214,9734.491596408214,0.0,0.0,pvalloc_29nbfs_LRG2_gridoptim_max_1hll
5379,0.0,8493.11069650855,8493.11069650855,0.0,0.0,pvalloc_29nbfs_LRG2_gridoptim_max_1hll
5380,0.0,7434.25510738279,7434.25510738279,0.0,0.0,pvalloc_29nbfs_LRG2_gridoptim_max_1hll
5381,0.0,7087.350693282779,7087.350693282779,0.0,0.0,pvalloc_29nbfs_LRG2_gridoptim_max_1hll
5382,6.494520957281072,5759.633188675986,5759.732579485827,6.494520957281072,0.0,pvalloc_29nbfs_LRG2_gridoptim_max_1hll
5383,10172.875605179333,2808.648072173648,11104.829383348319,10172.875605179333,0.0,pvalloc_29nbfs_LRG2_gridoptim_max_1hll
5384,31826.648255299508,2919.508832068452,32113.090405656443,31826.648255299508,0.0,pvalloc_29nbfs_LRG2_gridoptim_max_1hll
5385,53791.62331544244,3261.576855727896,53960.962591855845,52223.81066091596,1567.8126545264884,pvalloc_29nbfs_LRG2_gridoptim_max_1hll
5386,72255.78441084518,3959.893047220208,72421.10837252528,65629.8752355665,6625.909175278639,pvalloc_29nbfs_LRG2_gridoptim_max_1hll
5387,87754.01316321464,4494.665907258967,87932.25291234604,74289.13013655973,13464.883026654908,pvalloc_29nbfs_LRG2_gridoptim_max_1hll
5388,84866.91235707715,5596.5143027004815,85186.61684939598,72835.11724680879,12031.795110268346,pvalloc_29nbfs_LRG2_gridoptim_max_1hll
5389,88572.96661854647,5914.173766970066,88915.22379458873,74658.96824896833,13913.998369578105,pvalloc_29nbfs_LRG2_gridoptim_max_1hll
5390,84966.67137067628,6324.6071455072315,85397.75066262696,72796.99090184802,12169.680468828363,pvalloc_29nbfs_LRG2_gridoptim_max_1hll
5391,78222.18014200094,5675.043545852874,78599.21173476208,69071.8246274646,9150.355514536304,pvalloc_29nbfs_LRG2_gridoptim_max_1hll
5392,64287.05406767528,5385.895336520608,64731.74304011095,60243.32509550664,4043.728972168631,pvalloc_29nbfs_LRG2_gridoptim_max_1hll
5393,45647.51925647529,5413.983871672545,46406.515602723775,45202.92223944595,444.59701702933097,pvalloc_29nbfs_LRG2_gridoptim_max_1hll
5394,26823.88282174236,5019.429979684721,28037.76367127433,26823.88282174236,0.0,pvalloc_29nbfs_LRG2_gridoptim_max_1hll
5395,6268.99009640165,7089.964559110003,10461.276741853071,6268.99009640165,0.0,pvalloc_29nbfs_LRG2_gridoptim_max_1hll
5396,0.0,17162.92174855074,17162.92174855074,0.0,0.0,pvalloc_29nbfs_LRG2_gridoptim_max_1hll
5397,0.0,18592.2121303555,18592.2121303555,0.0,0.0,pvalloc_29nbfs_LRG2_gridoptim_max_1hll
5398,0.0,17959.280865600802,17959.280865600802,0.0,0.0,pvalloc_29nbfs_LRG2_gridoptim_max_1hll
5399,0.0,15321.147510146637,15321.147510146637,0.0,0.0,pvalloc_29nbfs_LRG2_gridoptim_max_1hll
5400,0.0,13722.161589340783,13722.161589340783,0.0,0.0,pvalloc_29nbfs_LRG2_gridoptim_max_1hll
5401,0.0,10430.229263731497,10430.229263731497,0.0,0.0,pvalloc_29nbfs_LRG2_gridoptim_max_1hll
5402,0.0,8829.571873465273,8829.571873465273,0.0,0.0,pvalloc_29nbfs_LRG2_gridoptim_max_1hll
5403,0.0,7657.188196967487,7657.188196967487,0.0,0.0,pvalloc_29nbfs_LRG2_gridoptim_max_1hll
5404,0.0,7455.696363549953,7455.696363549953,0.0,0.0,pvalloc_29nbfs_LRG2_gridoptim_max_1hll
5405,0.0,7031.549107246735,7031.549107246735,0.0,0.0,pvalloc_29nbfs_LRG2_gridoptim_max_1hll
5406,1.9935351631718325,6099.200078230239,6099.247429222771,1.9935351631718325,0.0,pvalloc_29nbfs_LRG2_gridoptim_max_1hll
5407,10165.903982778791,2647.158428388482,10994.249295727666,10165.903982778791,0.0,pvalloc_29nbfs_LRG2_gridoptim_max_1hll
5408,29081.58520242455,3067.8981192691494,29440.30062429936,29081.58520242455,0.0,pvalloc_29nbfs_LRG2_gridoptim_max_1hll
5409,48393.711880561576,4049.274598227971,48735.09599098595,47699.72272629135,693.9891542702169,pvalloc_29nbfs_LRG2_gridoptim_max_1hll
5410,66539.26849978216,3893.1585273610162,66728.31280634062,61837.803408067644,4701.46509171445,pvalloc_29nbfs_LRG2_gridoptim_max_1hll
5411,74279.05712886984,4194.469364100454,74481.74867783657,66784.96651190448,7494.090616965245,pvalloc_29nbfs_LRG2_gridoptim_max_1hll
5412,62820.54183015458,5541.768620978349,63336.604190291415,59194.321295555106,3626.220534599479,pvalloc_29nbfs_LRG2_gridoptim_max_1hll
5413,62290.39139665734,6179.234722646403,62966.667602927686,58750.059693111216,3540.3317035461305,pvalloc_29nbfs_LRG2_gridoptim_max_1hll
5414,56836.6490365749,6104.961722911689,57594.80238704388,54465.0064816673,2371.6425549076075,pvalloc_29nbfs_LRG2_gridoptim_max_1hll
5415,45848.73391549464,5554.702266859164,46642.57237999034,45336.47311971734,512.2607957772981,pvalloc_29nbfs_LRG2_gridoptim_max_1hll
5416,34102.50289242386,5071.112876943155,35024.52504632844,34052.73612455602,49.7667678678485,pvalloc_29nbfs_LRG2_gridoptim_max_1hll
5417,27225.809795157464,4877.998285387979,28316.64298582641,27225.809795157464,0.0,pvalloc_29nbfs_LRG2_gridoptim_max_1hll
5418,11266.689728293724,5299.188151136189,13657.292502620658,11266.689728293724,0.0,pvalloc_29nbfs_LRG2_gridoptim_max_1hll
5419,2493.4867970308173,6629.022297247113,7271.291084806828,2493.4867970308173,0.0,pvalloc_29nbfs_LRG2_gridoptim_max_1hll
5420,0.0,14164.083274275416,14164.083274275416,0.0,0.0,pvalloc_29nbfs_LRG2_gridoptim_max_1hll
5421,0.0,16175.317955120869,16175.317955120869,0.0,0.0,pvalloc_29nbfs_LRG2_gridoptim_max_1hll
5422,0.0,16617.529616008724,16617.529616008724,0.0,0.0,pvalloc_29nbfs_LRG2_gridoptim_max_1hll
5423,0.0,15583.466132818583,15583.466132818583,0.0,0.0,pvalloc_29nbfs_LRG2_gridoptim_max_1hll
5424,0.0,13573.678772779584,13573.678772779584,0.0,0.0,pvalloc_29nbfs_LRG2_gridoptim_max_1hll
4920,0.0,11113.463869085279,11113.463869085279,0.0,0.0,pvalloc_29nbfs_LRG2_max
4921,0.0,10737.831728562103,10737.831728562103,0.0,0.0,pvalloc_29nbfs_LRG2_max
4922,0.0,10105.311448681487,10105.311448681487,0.0,0.0,pvalloc_29nbfs_LRG2_max
4923,0.0,8120.094880445637,8120.094880445637,0.0,0.0,pvalloc_29nbfs_LRG2_max
4924,0.0,7251.733657230992,7251.733657230992,0.0,0.0,pvalloc_29nbfs_LRG2_max
4925,0.0,6971.075169345189,6971.075169345189,0.0,0.0,pvalloc_29nbfs_LRG2_max
4926,823.4663318638765,3596.413361093193,3691.051413493289,823.4663318638765,0.0,pvalloc_29nbfs_LRG2_max
4927,15759.635592769926,2536.3089151472877,16267.247917392819,15759.635592769926,0.0,pvalloc_29nbfs_LRG2_max
4928,35990.51736262642,2697.9943378056428,36175.817516461866,35923.80443374434,66.71292888207807,pvalloc_29nbfs_LRG2_max
4929,55362.44803164208,3338.2354584714894,55518.47041284957,53596.111596786795,1766.3364348552725,pvalloc_29nbfs_LRG2_max
4930,74382.78242619857,3563.1162065543895,74496.14705949188,67089.52243472385,7293.259991474731,pvalloc_29nbfs_LRG2_max
4931,89308.25523762566,4072.4832624192063,89436.64931077175,75336.43431217177,13971.820925453863,pvalloc_29nbfs_LRG2_max
4932,74213.25350324623,5134.03046518374,74520.87263394232,66953.36221603397,7259.891287212186,pvalloc_29nbfs_LRG2_max
4933,61760.64345423232,6643.288677597958,62607.56239686555,58528.084178759906,3232.559275472406,pvalloc_29nbfs_LRG2_max
4934,58385.68384611848,5488.176506909885,58929.74853317504,55844.89083576584,2540.7930103526437,pvalloc_29nbfs_LRG2_max
4935,50975.24858712911,5067.083674131927,51543.2288902742,49806.80550416659,1168.4430829625128,pvalloc_29nbfs_LRG2_max
4936,50358.92186625686,4815.743198181703,50873.09529050148,49300.228621304195,1058.6932449526603,pvalloc_29nbfs_LRG2_max
4937,34081.828094713055,4267.250166239484,34731.636654929236,34039.60080910971,42.22728560334582,pvalloc_29nbfs_LRG2_max
4938,16341.701291960519,3926.2959182413765,17453.663082237552,16341.701291960519,0.0,pvalloc_29nbfs_LRG2_max
4939,7179.017039950038,5152.796407419936,9873.57342865646,7179.017039950038,0.0,pvalloc_29nbfs_LRG2_max
4940,296.1589191922898,8837.998755280882,8841.44612175405,296.1589191922898,0.0,pvalloc_29nbfs_LRG2_max
4941,0.0,12714.325160437362,12714.325160437362,0.0,0.0,pvalloc_29nbfs_LRG2_max
4942,0.0,13844.117670126652,13844.117670126652,0.0,0.0,pvalloc_29nbfs_LRG2_max
4943,0.0,13190.081500942473,13190.081500942473,0.0,0.0,pvalloc_29nbfs_LRG2_max
4944,0.0,15734.473543662867,15734.473543662867,0.0,0.0,pvalloc_29nbfs_LRG2_max
4945,0.0,11843.652935827873,11843.652935827873,0.0,0.0,pvalloc_29nbfs_LRG2_max
4946,0.0,9148.163406638314,9148.163406638314,0.0,0.0,pvalloc_29nbfs_LRG2_max
4947,0.0,7889.191632688863,7889.191632688863,0.0,0.0,pvalloc_29nbfs_LRG2_max
4948,0.0,7842.183829125385,7842.183829125385,0.0,0.0,pvalloc_29nbfs_LRG2_max
4949,0.0,6888.334696423668,6888.334696423668,0.0,0.0,pvalloc_29nbfs_LRG2_max
4950,7.632958860916613,5201.5267899649025,5201.544102327856,7.632958860916613,0.0,pvalloc_29nbfs_LRG2_max
4951,9122.658681577745,2539.572702487997,9969.459234023527,9122.658681577745,0.0,pvalloc_29nbfs_LRG2_max
4952,30299.108434910635,2554.214776504124,30512.777099972885,30299.108434910635,0.0,pvalloc_29nbfs_LRG2_max
4953,53999.361772344804,3006.8867806774515,54123.20809183118,52465.8845681387,1533.477204206093,pvalloc_29nbfs_LRG2_max
4954,75416.6041168901,3368.9704561411563,75512.24340233949,67721.49355553529,7695.110561354736,pvalloc_29nbfs_LRG2_max
4955,86698.2057143981,3616.035648080724,86804.65663956916,73954.42363669245,12743.782077705699,pvalloc_29nbfs_LRG2_max
4956,74729.20707437473,4604.807829529993,74954.54989703292,67271.69908193564,7457.507992439022,pvalloc_29nbfs_LRG2_max
4957,50045.697355634504,4868.266539873641,50561.22306555321,49057.287645109376,988.4097105251226,pvalloc_29nbfs_LRG2_max
4958,60890.21557445388,5006.09077047226,61333.295796020226,57675.53445490552,3214.681119548357,pvalloc_29nbfs_LRG2_max
4959,48566.43040160411,5048.909646050428,49203.34581229514,47743.53708034341,822.8933212607085,pvalloc_29nbfs_LRG2_max
4960,44651.91134234755,4723.725141745917,45268.64595984409,44232.09756198926,419.8137803582879,pvalloc_29nbfs_LRG2_max
4961,35975.70656229277,4805.568900951947,36779.39443773477,35877.993543047254,97.71301924550414,pvalloc_29nbfs_LRG2_max
4962,19837.79222339783,4687.503751180476,21182.10416795469,19837.79222339783,0.0,pvalloc_29nbfs_LRG2_max
4963,9128.518851131623,6051.295777562344,12243.68384898618,9128.518851131623,0.0,pvalloc_29nbfs_LRG2_max
4964,3.591470729688477,11428.485431886207,11428.485431886207,3.591470729688477,0.0,pvalloc_29nbfs_LRG2_max
4965,0.0,21698.627529472968,21698.627529472968,0.0,0.0,pvalloc_29nbfs_LRG2_max
4966,0.0,15054.66858054885,15054.66858054885,0.0,0.0,pvalloc_29nbfs_LRG2_max
4967,0.0,14761.300435221636,14761.300435221636,0.0,0.0,pvalloc_29nbfs_LRG2_max
4968,0.0,12492.279958567413,12492.279958567413,0.0,0.0,pvalloc_29nbfs_LRG2_max
4969,0.0,10052.532145121631,10052.532145121631,0.0,0.0,pvalloc_29nbfs_LRG2_max
4970,0.0,8034.332061846783,8034.332061846783,0.0,0.0,pvalloc_29nbfs_LRG2_max
4971,0.0,7219.022230515399,7219.022230515399,0.0,0.0,pvalloc_29nbfs_LRG2_max
4972,0.0,6689.043790452775,6689.043790452775,0.0,0.0,pvalloc_29nbfs_LRG2_max
4973,0.0,6426.52820091012,6426.52820091012,0.0,0.0,pvalloc_29nbfs_LRG2_max
4974,161.0491194901358,3989.593887593714,3991.543635933897,161.0491194901358,0.0,pvalloc_29nbfs_LRG2_max
4975,10201.516783199517,2534.171164772036,10985.009203078167,10201.516783199517,0.0,pvalloc_29nbfs_LRG2_max
4976,3134.6199599427687,2922.8382650694725,4787.039481594387,3134.6199599427687,0.0,pvalloc_29nbfs_LRG2_max
4977,18335.815567191843,3138.947795797823,19028.516426691614,18335.815567191843,0.0,pvalloc_29nbfs_LRG2_max
4978,36172.46246556281,3432.76367205918,36528.29001468018,36081.11775187515,91.3447136876527,pvalloc_29nbfs_LRG2_max
4979,57334.8227385219,3909.0219036030935,57566.28067177001,55084.21146381461,2250.6112747072834,pvalloc_29nbfs_LRG2_max
4980,59616.947545039475,4677.908695889638,59963.540384559856,56852.115534682096,2764.832010357394,pvalloc_29nbfs_LRG2_max
4981,62940.126015672795,5378.251240170471,63399.83219138692,59348.32971599781,3591.796299674983,pvalloc_29nbfs_LRG2_max
4982,47631.25109903376,4926.2981007541375,48234.65122642818,46944.111291550034,687.1398074837147,pvalloc_29nbfs_LRG2_max
4983,52856.63941062893,5535.922402117159,53502.18179558341,51402.71249684702,1453.9269137819056,pvalloc_29nbfs_LRG2_max
4984,42932.88574922168,4886.290858808032,43577.74203332938,42652.32496908758,280.5607801340997,pvalloc_29nbfs_LRG2_max
4985,28494.526174355055,4367.145741011109,29328.83354896163,28494.526174355055,0.0,pvalloc_29nbfs_LRG2_max
4986,22521.62930470931,4916.883611767216,23925.15997012801,22521.62930470931,0.0,pvalloc_29nbfs_LRG2_max
4987,9972.526761930749,5114.846291163877,12424.547683893552,9972.526761930749,0.0,pvalloc_29nbfs_LRG2_max
4988,1.7663838072682991,11602.993253802151,11602.993253802151,1.7663838072682991,0.0,pvalloc_29nbfs_LRG2_max
4989,0.0,15306.207062822388,15306.207062822388,0.0,0.0,pvalloc_29nbfs_LRG2_max
4990,0.0,18487.54111223772,18487.54111223772,0.0,0.0,pvalloc_29nbfs_LRG2_max
4991,0.0,15678.910070087288,15678.910070087288,0.0,0.0,pvalloc_29nbfs_LRG2_max
4992,0.0,12457.950105853319,12457.950105853319,0.0,0.0,pvalloc_29nbfs_LRG2_max
4993,0.0,9566.57816566627,9566.57816566627,0.0,0.0,pvalloc_29nbfs_LRG2_max
4994,0.0,8172.598108657664,8172.598108657664,0.0,0.0,pvalloc_29nbfs_LRG2_max
4995,0.0,7275.373634775014,7275.373634775014,0.0,0.0,pvalloc_29nbfs_LRG2_max
4996,0.0,6657.432000184344,6657.432000184344,0.0,0.0,pvalloc_29nbfs_LRG2_max
4997,0.0,6227.23729493923,6227.23729493923,0.0,0.0,pvalloc_29nbfs_LRG2_max
4998,409.1337684388798,3581.747662591352,3598.70882590255,409.1337684388798,0.0,pvalloc_29nbfs_LRG2_max
4999,14921.806450582799,2526.3106457932663,15466.25827328022,14921.806450582799,0.0,pvalloc_29nbfs_LRG2_max
5000,33563.60307785231,2776.638219959756,33789.20380253637,33553.11665801228,10.486419840031601,pvalloc_29nbfs_LRG2_max
5001,52002.85012937062,3114.6704409330787,52149.175514453025,50790.25276626393,1212.5973631066834,pvalloc_29nbfs_LRG2_max
5002,65694.20780886433,3225.341266268787,65810.50928308627,61373.987271634964,4320.220537229327,pvalloc_29nbfs_LRG2_max
5003,85556.60842321352,3940.521439860794,85680.74246229837,73396.5222212315,12160.086201982065,pvalloc_29nbfs_LRG2_max
5004,83649.43960698761,4478.30560501849,83819.87106482788,72391.05284162902,11258.386765358637,pvalloc_29nbfs_LRG2_max
5005,90107.1776852743,4606.689539180977,90283.26634739885,75702.8809264183,14404.296758856026,pvalloc_29nbfs_LRG2_max
5006,83908.20057057192,4592.054461339601,84113.43586878787,72412.20684477211,11495.993725799875,pvalloc_29nbfs_LRG2_max
5007,70136.61263984254,4609.592794609856,70397.23587241382,64288.170435364555,5848.442204477891,pvalloc_29nbfs_LRG2_max
5008,55295.959576224384,4087.7747479698023,55590.57313354191,53403.08389818448,1892.8756780399044,pvalloc_29nbfs_LRG2_max
5009,32726.60527380908,3834.450914809063,33274.59989839775,32718.52137444798,8.083899361097679,pvalloc_29nbfs_LRG2_max
5010,13737.396402336008,3958.167662831268,15068.297480543451,13737.396402336008,0.0,pvalloc_29nbfs_LRG2_max
5011,2512.675291516487,6084.199637464661,6861.107368828937,2512.675291516487,0.0,pvalloc_29nbfs_LRG2_max
5012,0.024958675141344665,13827.375649259955,13827.375649259955,0.024958675141344665,0.0,pvalloc_29nbfs_LRG2_max
5013,0.0,14662.18168263524,14662.18168263524,0.0,0.0,pvalloc_29nbfs_LRG2_max
5014,0.0,16274.799124460178,16274.799124460178,0.0,0.0,pvalloc_29nbfs_LRG2_max
5015,0.0,15624.092956490873,15624.092956490873,0.0,0.0,pvalloc_29nbfs_LRG2_max
5016,0.0,12724.185769730162,12724.185769730162,0.0,0.0,pvalloc_29nbfs_LRG2_max
5017,0.0,10867.074894322574,10867.074894322574,0.0,0.0,pvalloc_29nbfs_LRG2_max
5018,0.0,8769.37174164062,8769.37174164062,0.0,0.0,pvalloc_29nbfs_LRG2_max
5019,0.0,7592.314610242441,7592.314610242441,0.0,0.0,pvalloc_29nbfs_LRG2_max
5020,0.0,6804.494587055006,6804.494587055006,0.0,0.0,pvalloc_29nbfs_LRG2_max
5021,0.0,6914.447201421453,6914.447201421453,0.0,0.0,pvalloc_29nbfs_LRG2_max
5022,126.52405241148954,4157.135728146506,4158.7081896199925,126.52405241148954,0.0,pvalloc_29nbfs_LRG2_max
5023,10439.42048771634,2564.3295349408527,11232.984389840241,10439.42048771634,0.0,pvalloc_29nbfs_LRG2_max
5024,21689.679546161748,2749.6222826969733,22112.005661816656,21689.679546161748,0.0,pvalloc_29nbfs_LRG2_max
5025,18558.637909122164,3366.8497926195214,19406.6311370166,18558.637909122164,0.0,pvalloc_29nbfs_LRG2_max
5026,30572.005109184247,3799.4852806394565,31184.121527976313,30572.005109184247,0.0,pvalloc_29nbfs_LRG2_max
5027,65858.60030682731,3646.727655193421,66016.4807765589,61446.250303226945,4412.3500036004,pvalloc_29nbfs_LRG2_max
5028,78962.32071608602,5327.197815800366,79288.77362371841,69850.54021225906,9111.780503826978,pvalloc_29nbfs_LRG2_max
5029,52057.196520553975,5045.793616345245,52590.86561188164,50729.30595420115,1327.8905663528353,pvalloc_29nbfs_LRG2_max
5030,22713.594404441545,5837.304361833433,24589.87332933177,22713.594404441545,0.0,pvalloc_29nbfs_LRG2_max
5031,25363.200762971403,4959.9889301223775,26609.29727464076,25363.200762971403,0.0,pvalloc_29nbfs_LRG2_max
5032,33754.72645812098,4039.2424923900207,34342.857902641634,33713.30195288552,41.42450523545375,pvalloc_29nbfs_LRG2_max
5033,26710.680957392018,4129.612382222736,27515.652308583907,26710.680957392018,0.0,pvalloc_29nbfs_LRG2_max
5034,16595.107575715934,4723.5408119912245,18219.539729416505,16595.107575715934,0.0,pvalloc_29nbfs_LRG2_max
5035,10217.952702266215,5390.640466087906,12754.665494390696,10217.952702266215,0.0,pvalloc_29nbfs_LRG2_max
5036,10.553742885164864,10991.380956047822,10991.393391196978,10.553742885164864,0.0,pvalloc_29nbfs_LRG2_max
5037,0.0,15623.399766375915,15623.399766375915,0.0,0.0,pvalloc_29nbfs_LRG2_max
5038,0.0,16022.715362504954,16022.715362504954,0.0,0.0,pvalloc_29nbfs_LRG2_max
5039,0.0,16439.75171535185,16439.75171535185,0.0,0.0,pvalloc_29nbfs_LRG2_max
5040,0.0,12326.556850038325,12326.556850038325,0.0,0.0,pvalloc_29nbfs_LRG2_max
5041,0.0,9488.47220812519,9488.47220812519,0.0,0.0,pvalloc_29nbfs_LRG2_max
5042,0.0,8024.435333822401,8024.435333822401,0.0,0.0,pvalloc_29nbfs_LRG2_max
5043,0.0,7253.657469496068,7253.657469496068,0.0,0.0,pvalloc_29nbfs_LRG2_max
5044,0.0,6638.189465394041,6638.189465394041,0.0,0.0,pvalloc_29nbfs_LRG2_max
5045,0.0,6441.096729282571,6441.096729282571,0.0,0.0,pvalloc_29nbfs_LRG2_max
5046,127.06514045854892,4133.7025478848,4135.253837618368,127.06514045854892,0.0,pvalloc_29nbfs_LRG2_max
5047,11294.573344966639,2641.0934989299117,12116.38385177019,11294.573344966639,0.0,pvalloc_29nbfs_LRG2_max
5048,32385.04330242632,2960.182848217103,32664.326757105602,32385.04330242632,0.0,pvalloc_29nbfs_LRG2_max
5049,53139.534230580604,3327.8791619742874,53308.05085230024,51760.940060586545,1378.5941699940627,pvalloc_29nbfs_LRG2_max
5050,72230.8864742791,3409.5199596496573,72330.1247422561,65784.60830481992,6446.278169459173,pvalloc_29nbfs_LRG2_max
5051,65839.42712037012,3814.4339261116334,66009.08073378056,61463.915714378076,4375.5114059920525,pvalloc_29nbfs_LRG2_max
5052,60328.32758730337,4448.315076147078,60623.27873863565,57416.754364279084,2911.5732230242875,pvalloc_29nbfs_LRG2_max
5053,66915.3805978659,4711.082098654378,67203.19339679976,62163.891347448654,4751.489250417219,pvalloc_29nbfs_LRG2_max
5054,68041.11520535473,4590.742295410863,68315.7257572463,62851.51081649739,5189.604388857267,pvalloc_29nbfs_LRG2_max
5055,57551.643729046446,4863.5535163940685,57964.821243235114,55190.532800370456,2361.110928676002,pvalloc_29nbfs_LRG2_max
5056,51403.2604874338,4305.153322600277,51763.45933082578,50213.61333352918,1189.6471539046156,pvalloc_29nbfs_LRG2_max
5057,34340.66150609385,3725.2071593495107,34829.6740359693,34297.221077101174,43.44042899268112,pvalloc_29nbfs_LRG2_max
5058,12126.938068130214,3720.7731684631385,13404.854571693779,12126.938068130214,0.0,pvalloc_29nbfs_LRG2_max
5059,6178.516446828936,4371.186363688359,8407.66436831956,6178.516446828936,0.0,pvalloc_29nbfs_LRG2_max
5060,213.07382870477954,7653.93982118612,7656.529978081848,213.07382870477954,0.0,pvalloc_29nbfs_LRG2_max
5061,0.0,12442.644294585474,12442.644294585474,0.0,0.0,pvalloc_29nbfs_LRG2_max
5062,0.0,12652.578225358759,12652.578225358759,0.0,0.0,pvalloc_29nbfs_LRG2_max
5063,0.0,12878.862779430521,12878.862779430521,0.0,0.0,pvalloc_29nbfs_LRG2_max
5064,0.0,12350.75565968853,12350.75565968853,0.0,0.0,pvalloc_29nbfs_LRG2_max
5065,0.0,11097.685205202353,11097.685205202353,0.0,0.0,pvalloc_29nbfs_LRG2_max
5066,0.0,9294.124150992036,9294.124150992036,0.0,0.0,pvalloc_29nbfs_LRG2_max
5067,0.0,7868.8472553816255,7868.8472553816255,0.0,0.0,pvalloc_29nbfs_LRG2_max
5068,0.0,6865.793803809358,6865.793803809358,0.0,0.0,pvalloc_29nbfs_LRG2_max
5069,0.0,7046.117084101745,7046.117084101745,0.0,0.0,pvalloc_29nbfs_LRG2_max
5070,117.83569389935617,4243.326546598355,4244.7735107689205,117.83569389935617,0.0,pvalloc_29nbfs_LRG2_max
5071,13179.428144938129,2495.3926443859013,13788.140686493385,13179.428144938129,0.0,pvalloc_29nbfs_LRG2_max
5072,30178.65944792407,2796.8353839433403,30451.45021966692,30178.65944792407,0.0,pvalloc_29nbfs_LRG2_max
5073,52401.610514855114,3196.242389588563,52558.09484144575,51113.96250010147,1287.6480147536363,pvalloc_29nbfs_LRG2_max
5074,69802.78879322353,3484.52702762245,69935.65312337142,64149.27640094454,5653.512392278957,pvalloc_29nbfs_LRG2_max
5075,80372.19450595244,3902.259403723868,80516.56105593922,70533.53666197034,9838.657843982077,pvalloc_29nbfs_LRG2_max
5076,70878.88422557278,4438.493624186393,71103.59877603129,64824.56130511886,6054.322920453804,pvalloc_29nbfs_LRG2_max
5077,62700.4691831348,4864.411300776236,63050.52317584159,59154.23485568554,3546.234327449273,pvalloc_29nbfs_LRG2_max
5078,53268.847460026314,5048.683893946051,53802.771804851116,51710.27882286412,1558.5686371621973,pvalloc_29nbfs_LRG2_max
5079,33081.223812902994,5064.588456993675,34063.63687886425,33053.148892511635,28.074920391363833,pvalloc_29nbfs_LRG2_max
5080,36281.31186889616,4694.393127058452,37021.97520580067,36176.99241887803,104.31945001813358,pvalloc_29nbfs_LRG2_max
5081,28586.424215617888,4457.563470441799,29457.115213734112,28586.424215617888,0.0,pvalloc_29nbfs_LRG2_max
5082,16322.067075137962,4413.85262462847,17739.563823547927,16322.067075137962,0.0,pvalloc_29nbfs_LRG2_max
5083,8591.722408595933,4733.28773660223,10816.692575329433,8591.722408595933,0.0,pvalloc_29nbfs_LRG2_max
5084,45.20444894486791,9039.40142278752,9039.678432818448,45.20444894486791,0.0,pvalloc_29nbfs_LRG2_max
5085,0.0,14038.884071464148,14038.884071464148,0.0,0.0,pvalloc_29nbfs_LRG2_max
5086,0.0,16707.678657408913,16707.678657408913,0.0,0.0,pvalloc_29nbfs_LRG2_max
5087,0.0,14798.423471834054,14798.423471834054,0.0,0.0,pvalloc_29nbfs_LRG2_max
5088,0.0,12920.992928294934,12920.992928294934,0.0,0.0,pvalloc_29nbfs_LRG2_max
5089,0.0,9900.944565301277,9900.944565301277,0.0,0.0,pvalloc_29nbfs_LRG2_max
5090,0.0,9389.785903685059,9389.785903685059,0.0,0.0,pvalloc_29nbfs_LRG2_max
5091,0.0,7401.546438254427,7401.546438254427,0.0,0.0,pvalloc_29nbfs_LRG2_max
5092,0.0,6692.067790682453,6692.067790682453,0.0,0.0,pvalloc_29nbfs_LRG2_max
5093,0.0,6497.448685059627,6497.448685059627,0.0,0.0,pvalloc_29nbfs_LRG2_max
5094,300.53090178037024,3841.6021661702957,3845.503689443355,300.53090178037024,0.0,pvalloc_29nbfs_LRG2_max
5095,14803.676524442459,2371.9896152686574,15271.279551073725,14803.676524442459,0.0,pvalloc_29nbfs_LRG2_max
5096,34803.80462529211,2366.9110774053606,34940.87069568755,34774.470724561594,29.33390073051754,pvalloc_29nbfs_LRG2_max
5097,56889.59367627835,2794.136841146581,56983.96419413586,54836.70827073816,2052.8854055401985,pvalloc_29nbfs_LRG2_max
5098,73779.43882224511,2918.119372963869,73855.563371586,66748.16061071408,7031.278211531007,pvalloc_29nbfs_LRG2_max
5099,89260.31224401407,3507.9528987547747,89361.05718464094,75283.05744456279,13977.254799451266,pvalloc_29nbfs_LRG2_max
5100,75365.73475802314,4903.525855891673,75621.69531206581,67639.66077967332,7726.073978349785,pvalloc_29nbfs_LRG2_max
5101,66103.82554117503,5575.146685261483,66571.60127704451,61519.73623235558,4584.089308819418,pvalloc_29nbfs_LRG2_max
5102,71187.70618810892,5661.699611811623,71650.9181983543,64851.1901728374,6336.516015271426,pvalloc_29nbfs_LRG2_max
5103,64985.95791451862,5144.823211693346,65408.49081255136,60685.27360725247,4300.684307266153,pvalloc_29nbfs_LRG2_max
5104,61178.926381023295,4940.9882443365095,61609.25535796323,57890.3028601561,3288.6235208671887,pvalloc_29nbfs_LRG2_max
5105,25869.767958215773,4797.277118013449,26936.205886662563,25869.767958215773,0.0,pvalloc_29nbfs_LRG2_max
5106,6547.545455562273,5128.806200076065,9135.298117387963,6547.545455562273,0.0,pvalloc_29nbfs_LRG2_max
5107,1418.6466398371538,6932.495493153047,7054.349968621018,1418.6466398371538,0.0,pvalloc_29nbfs_LRG2_max
5108,0.5385104481312999,11343.956667051181,11343.956667051181,0.5385104481312999,0.0,pvalloc_29nbfs_LRG2_max
5109,0.0,13173.891725783154,13173.891725783154,0.0,0.0,pvalloc_29nbfs_LRG2_max
5110,0.0,13106.449704799226,13106.449704799226,0.0,0.0,pvalloc_29nbfs_LRG2_max
5111,0.0,12603.2453164585,12603.2453164585,0.0,0.0,pvalloc_29nbfs_LRG2_max
5112,0.0,10413.182078012227,10413.182078012227,0.0,0.0,pvalloc_29nbfs_LRG2_max
5113,0.0,8993.403916155026,8993.403916155026,0.0,0.0,pvalloc_29nbfs_LRG2_max
5114,0.0,7817.172615127089,7817.172615127089,0.0,0.0,pvalloc_29nbfs_LRG2_max
5115,0.0,7187.9602584705435,7187.9602584705435,0.0,0.0,pvalloc_29nbfs_LRG2_max
5116,0.0,6597.782238100716,6597.782238100716,0.0,0.0,pvalloc_29nbfs_LRG2_max
5117,0.0,6653.582169584409,6653.582169584409,0.0,0.0,pvalloc_29nbfs_LRG2_max
5118,143.7761526479226,4119.582109870076,4121.266912988375,143.7761526479226,0.0,pvalloc_29nbfs_LRG2_max
5119,10268.201098590172,2358.80668676548,10948.861126118958,10268.201098590172,0.0,pvalloc_29nbfs_LRG2_max
5120,31153.912884330748,2382.5702281121885,31323.224935803497,31153.912884330748,0.0,pvalloc_29nbfs_LRG2_max
5121,54449.2537601088,2713.6569585125567,54546.19011095404,52861.698358816946,1587.5554012918662,pvalloc_29nbfs_LRG2_max
5122,70440.0689787186,3179.7488482935564,70536.54180318578,64637.018402692185,5803.050576026349,pvalloc_29nbfs_LRG2_max
5123,88929.6890570636,3494.0702820501315,89013.89928308508,75196.97203838971,13732.71701867401,pvalloc_29nbfs_LRG2_max
5124,88520.71808932135,4692.601538732532,88685.85030007263,75029.65652655896,13491.06156276243,pvalloc_29nbfs_LRG2_max
5125,88442.57677074325,5521.147450681068,88707.46345400055,74913.71303797232,13528.863732770951,pvalloc_29nbfs_LRG2_max
5126,82172.33289341877,5401.587267124542,82464.02812799561,71498.74208772794,10673.590805690836,pvalloc_29nbfs_LRG2_max
5127,77611.1674057459,5317.52883803248,77930.20519408236,68883.8955445513,8727.271861194631,pvalloc_29nbfs_LRG2_max
5128,68740.37479781892,4485.758867778683,68998.55941278997,63344.79672605826,5395.5780717607695,pvalloc_29nbfs_LRG2_max
5129,50410.860013291924,4327.116484785582,50795.83148124963,49381.69601437957,1029.1639989123378,pvalloc_29nbfs_LRG2_max
5130,30850.931195063757,4875.107617198476,31799.6757281646,30850.931195063757,0.0,pvalloc_29nbfs_LRG2_max
5131,12200.812034311959,4979.504933724513,14327.738143874649,12200.812034311959,0.0,pvalloc_29nbfs_LRG2_max
5132,1.3709608802841613,11936.851245286893,11936.851245286893,1.3709608802841613,0.0,pvalloc_29nbfs_LRG2_max
5133,0.0,18228.216139042954,18228.216139042954,0.0,0.0,pvalloc_29nbfs_LRG2_max
5134,0.0,18162.49636171034,18162.49636171034,0.0,0.0,pvalloc_29nbfs_LRG2_max
5135,0.0,15581.301938822113,15581.301938822113,0.0,0.0,pvalloc_29nbfs_LRG2_max
5136,0.0,13660.518661518496,13660.518661518496,0.0,0.0,pvalloc_29nbfs_LRG2_max
5137,0.0,10358.480128423342,10358.480128423342,0.0,0.0,pvalloc_29nbfs_LRG2_max
5138,0.0,8828.47113398323,8828.47113398323,0.0,0.0,pvalloc_29nbfs_LRG2_max
5139,0.0,7213.798405873981,7213.798405873981,0.0,0.0,pvalloc_29nbfs_LRG2_max
5140,0.0,6479.031429122138,6479.031429122138,0.0,0.0,pvalloc_29nbfs_LRG2_max
5141,0.0,6403.162580960439,6403.162580960439,0.0,0.0,pvalloc_29nbfs_LRG2_max
5142,125.60353084673669,4161.814930600812,4163.195015726151,125.60353084673669,0.0,pvalloc_29nbfs_LRG2_max
5143,13307.06365897513,2355.0289780946405,13826.843686371947,13307.06365897513,0.0,pvalloc_29nbfs_LRG2_max
5144,33115.273617525905,2663.4002182516647,33314.34922064128,33115.273617525905,0.0,pvalloc_29nbfs_LRG2_max
5145,53978.2417257448,3208.1038990009065,54119.77965309566,52472.799680384946,1505.4420453598632,pvalloc_29nbfs_LRG2_max
5146,74368.48422252227,3328.3714317316594,74465.38178193154,67140.2857016427,7228.198520879606,pvalloc_29nbfs_LRG2_max
5147,87654.1231843568,4250.046958841042,87778.62548991604,74612.45983663325,13041.663347723495,pvalloc_29nbfs_LRG2_max
5148,83270.12406275491,5795.844739980126,83636.40359476859,72364.4613962857,10905.662666469228,pvalloc_29nbfs_LRG2_max
5149,88090.50744754718,5322.280775749804,88331.13430771971,74818.22688697223,13272.28056057494,pvalloc_29nbfs_LRG2_max
5150,87694.9395973046,4496.002417965172,87886.50510578303,74412.58259909852,13282.3569982061,pvalloc_29nbfs_LRG2_max
5151,75865.90583824385,5025.5651079634,76136.9757126847,67926.68779804409,7939.218040199747,pvalloc_29nbfs_LRG2_max
5152,63205.60352984642,4265.721488554273,63450.818320930695,59531.89872332375,3673.7048065226545,pvalloc_29nbfs_LRG2_max
5153,45930.985217787005,3930.5540461780924,46258.39621154998,45492.83236162194,438.1528561650624,pvalloc_29nbfs_LRG2_max
5154,30680.896882338428,3931.1919402802805,31269.273435337233,30680.896882338428,0.0,pvalloc_29nbfs_LRG2_max
5155,10170.310011103991,5608.855852042302,12945.50350848339,10170.310011103991,0.0,pvalloc_29nbfs_LRG2_max
5156,0.9899346697857694,13203.866541393156,13203.866541393156,0.9899346697857694,0.0,pvalloc_29nbfs_LRG2_max
5157,0.0,16656.158247084175,16656.158247084175,0.0,0.0,pvalloc_29nbfs_LRG2_max
5158,0.0,16956.66673318879,16956.66673318879,0.0,0.0,pvalloc_29nbfs_LRG2_max
5159,0.0,13878.197386105796,13878.197386105796,0.0,0.0,pvalloc_29nbfs_LRG2_max
5160,0.0,13359.709264488025,13359.709264488025,0.0,0.0,pvalloc_29nbfs_LRG2_max
5161,0.0,9823.421723926978,9823.421723926978,0.0,0.0,pvalloc_29nbfs_LRG2_max
5162,0.0,8004.918441437758,8004.918441437758,0.0,0.0,pvalloc_29nbfs_LRG2_max
5163,0.0,7279.771629046192,7279.771629046192,0.0,0.0,pvalloc_29nbfs_LRG2_max
5164,0.0,6702.512682378077,6702.512682378077,0.0,0.0,pvalloc_29nbfs_LRG2_max
5165,0.0,6398.764586689275,6398.764586689275,0.0,0.0,pvalloc_29nbfs_LRG2_max
5166,103.08274599691063,4348.912231598527,4350.01289567078,103.08274599691063,0.0,pvalloc_29nbfs_LRG2_max
5167,12661.867061115752,2548.3357696933344,13327.408580968466,12661.867061115752,0.0,pvalloc_29nbfs_LRG2_max
5168,33063.31971360106,2920.773341862354,33318.61053611316,33063.31971360106,0.0,pvalloc_29nbfs_LRG2_max
5169,54912.632014730945,3160.882629979262,55044.647300930585,53237.687921522884,1674.9440932080745,pvalloc_29nbfs_LRG2_max
5170,74938.22118067804,3061.5311404395657,75022.40094339904,67460.43126385083,7477.78991682716,pvalloc_29nbfs_LRG2_max
5171,89746.44391779917,3765.478791510962,89846.20073488887,75613.2430695548,14133.200848244414,pvalloc_29nbfs_LRG2_max
5172,84030.3563041679,4278.063057342047,84189.65651976196,72603.97345725654,11426.382846911441,pvalloc_29nbfs_LRG2_max
5173,78316.08435536122,4586.4482090118845,78530.82174388337,69369.63969197967,8946.44466338161,pvalloc_29nbfs_LRG2_max
5174,88608.7060836352,4541.040649639158,88796.92356333828,74902.54884765657,13706.157235978633,pvalloc_29nbfs_LRG2_max
5175,76358.76768149757,4722.3639597044175,76605.6210205791,68178.84314818513,8179.9245333124945,pvalloc_29nbfs_LRG2_max
5176,61160.81570906203,4537.428599706327,61466.41366407632,57979.94760633856,3180.8681027234625,pvalloc_29nbfs_LRG2_max
5177,41836.23921930465,4211.409809336453,42311.43688427577,41623.45160656979,212.78761273484855,pvalloc_29nbfs_LRG2_max
5178,22924.03788466295,4132.5545134457,23844.938451347825,22924.03788466295,0.0,pvalloc_29nbfs_LRG2_max
5179,9383.504380687384,4312.385195304403,11202.402271547182,9383.504380687384,0.0,pvalloc_29nbfs_LRG2_max
5180,20.172669371651217,9584.153312380959,9584.310273772382,20.172669371651217,0.0,pvalloc_29nbfs_LRG2_max
5181,0.0,17958.547144614713,17958.547144614713,0.0,0.0,pvalloc_29nbfs_LRG2_max
5182,0.0,15508.105894089556,15508.105894089556,0.0,0.0,pvalloc_29nbfs_LRG2_max
5183,0.0,14273.897403473246,14273.897403473246,0.0,0.0,pvalloc_29nbfs_LRG2_max
5184,0.0,13200.33224655577,13200.33224655577,0.0,0.0,pvalloc_29nbfs_LRG2_max
5185,0.0,9638.325646422076,9638.325646422076,0.0,0.0,pvalloc_29nbfs_LRG2_max
5186,0.0,8321.584507793394,8321.584507793394,0.0,0.0,pvalloc_29nbfs_LRG2_max
5187,0.0,7169.817360127395,7169.817360127395,0.0,0.0,pvalloc_29nbfs_LRG2_max
5188,0.0,7079.928698781938,7079.928698781938,0.0,0.0,pvalloc_29nbfs_LRG2_max
5189,0.0,6529.334832922408,6529.334832922408,0.0,0.0,pvalloc_29nbfs_LRG2_max
5190,43.79279254112965,4768.209226984169,4768.705609179932,43.79279254112965,0.0,pvalloc_29nbfs_LRG2_max
5191,10377.04885964868,2502.475925410089,11128.376946287266,10377.04885964868,0.0,pvalloc_29nbfs_LRG2_max
5192,27609.5643858336,2857.3826018854925,27931.5608148745,27609.5643858336,0.0,pvalloc_29nbfs_LRG2_max
5193,49189.90628267559,3115.2409092333987,49344.78799722419,48451.894453762136,738.0118289134541,pvalloc_29nbfs_LRG2_max
5194,62314.71965420802,3396.0881692795183,62448.66315800395,58959.77677899768,3354.9428752103395,pvalloc_29nbfs_LRG2_max
5195,70870.86993324856,4074.951839903133,71039.31556536816,64929.93909757063,5940.930835677914,pvalloc_29nbfs_LRG2_max
5196,68344.29860637618,5046.340194418383,68681.0519175008,63278.24892065159,5066.049685724527,pvalloc_29nbfs_LRG2_max
5197,72574.9740903865,4919.901267017248,72850.2469502505,65911.29572518988,6663.678365196636,pvalloc_29nbfs_LRG2_max
5198,71325.13961572874,5431.670515390015,71695.92514182757,65098.819835038805,6226.319780689929,pvalloc_29nbfs_LRG2_max
5199,70434.32791174536,4903.787969268832,70733.30619158564,64486.12724401146,5948.200667733878,pvalloc_29nbfs_LRG2_max
5200,42350.703015778585,3815.391758568809,42721.67327431512,42117.09059518148,233.6124205971093,pvalloc_29nbfs_LRG2_max
5201,27212.940355155264,3805.0927778884648,27860.083267413658,27212.940355155264,0.0,pvalloc_29nbfs_LRG2_max
5202,13098.034497645958,4327.984423115061,14760.945099930279,13098.034497645958,0.0,pvalloc_29nbfs_LRG2_max
5203,8220.018673791034,4806.627555917486,10540.008802774975,8220.018673791034,0.0,pvalloc_29nbfs_LRG2_max
5204,0.0,15090.743710386072,15090.743710386072,0.0,0.0,pvalloc_29nbfs_LRG2_max
5205,0.0,15791.348827533153,15791.348827533153,0.0,0.0,pvalloc_29nbfs_LRG2_max
5206,0.0,15247.755727980579,15247.755727980579,0.0,0.0,pvalloc_29nbfs_LRG2_max
5207,0.0,15008.22525066832,15008.22525066832,0.0,0.0,pvalloc_29nbfs_LRG2_max
5208,0.0,12069.433844123947,12069.433844123947,0.0,0.0,pvalloc_29nbfs_LRG2_max
5209,0.0,11145.876780548275,11145.876780548275,0.0,0.0,pvalloc_29nbfs_LRG2_max
5210,0.0,8940.899584908117,8940.899584908117,0.0,0.0,pvalloc_29nbfs_LRG2_max
5211,0.0,7874.895807358424,7874.895807358424,0.0,0.0,pvalloc_29nbfs_LRG2_max
5212,0.0,7043.644556647981,7043.644556647981,0.0,0.0,pvalloc_29nbfs_LRG2_max
5213,0.0,7125.558647681808,7125.558647681808,0.0,0.0,pvalloc_29nbfs_LRG2_max
5214,3.6209129932177015,5734.093133921056,5734.16481721687,3.6209129932177015,0.0,pvalloc_29nbfs_LRG2_max
5215,1654.4073705079718,3024.186045045919,3676.692304521529,1654.4073705079718,0.0,pvalloc_29nbfs_LRG2_max
5216,6111.270705710586,2945.5641721679035,7459.091830154405,6111.270705710586,0.0,pvalloc_29nbfs_LRG2_max
5217,12204.03658605216,3188.1160198761063,13274.931480547382,12204.03658605216,0.0,pvalloc_29nbfs_LRG2_max
5218,23891.526409624337,3307.7911972329903,24451.93285131327,23891.526409624337,0.0,pvalloc_29nbfs_LRG2_max
5219,28429.422235436796,3946.4264763569486,29098.153586854034,28429.422235436796,0.0,pvalloc_29nbfs_LRG2_max
5220,21052.256977391447,5083.297985546308,22718.66875026515,21052.256977391447,0.0,pvalloc_29nbfs_LRG2_max
5221,45693.96504168373,4532.744167511479,46200.872864398145,45238.877402340666,455.0876393430707,pvalloc_29nbfs_LRG2_max
5222,60411.5418596746,4699.146220193249,60766.43934604812,57375.32461205333,3036.217247621292,pvalloc_29nbfs_LRG2_max
5223,47440.65700393149,4725.090863861346,47959.623941175014,46823.88079207442,616.7762118570715,pvalloc_29nbfs_LRG2_max
5224,47798.0183825909,4121.646103159091,48164.82228649515,47157.51134348974,640.5070391011557,pvalloc_29nbfs_LRG2_max
5225,35797.897604605685,4199.971148767528,36373.34496662153,35729.61490633477,68.282698270916,pvalloc_29nbfs_LRG2_max
5226,24954.72075662575,4094.566512805084,25775.081602698752,24954.72075662575,0.0,pvalloc_29nbfs_LRG2_max
5227,10269.888893953392,4774.1576646559615,12373.677977978132,10269.888893953392,0.0,pvalloc_29nbfs_LRG2_max
5228,0.2421133534611586,12343.532444512219,12343.532444512219,0.2421133534611586,0.0,pvalloc_29nbfs_LRG2_max
5229,0.0,17463.78761121696,17463.78761121696,0.0,0.0,pvalloc_29nbfs_LRG2_max
5230,0.0,16776.24576513662,16776.24576513662,0.0,0.0,pvalloc_29nbfs_LRG2_max
5231,0.0,13863.094861205218,13863.094861205218,0.0,0.0,pvalloc_29nbfs_LRG2_max
5232,0.0,12379.083196074876,12379.083196074876,0.0,0.0,pvalloc_29nbfs_LRG2_max
5233,0.0,10840.796451126309,10840.796451126309,0.0,0.0,pvalloc_29nbfs_LRG2_max
5234,0.0,8839.193140860432,8839.193140860432,0.0,0.0,pvalloc_29nbfs_LRG2_max
5235,0.0,7691.549078353807,7691.549078353807,0.0,0.0,pvalloc_29nbfs_LRG2_max
5236,0.0,6881.188714069509,6881.188714069509,0.0,0.0,pvalloc_29nbfs_LRG2_max
5237,0.0,7020.828203404437,7020.828203404437,0.0,0.0,pvalloc_29nbfs_LRG2_max
5238,66.54528694618577,4740.933999730511,4741.6183625477115,66.54528694618577,0.0,pvalloc_29nbfs_LRG2_max
5239,11461.243899352881,2608.783812371186,12192.699789693032,11461.243899352881,0.0,pvalloc_29nbfs_LRG2_max
5240,24405.043350519853,2927.198057404915,24809.873124581933,24405.043350519853,0.0,pvalloc_29nbfs_LRG2_max
5241,48300.35054565466,3153.407299233322,48465.72886465042,47666.8872246584,633.4633209962544,pvalloc_29nbfs_LRG2_max
5242,62256.38423732204,3597.94048888027,62409.321379546695,58914.915100000784,3341.4691373212586,pvalloc_29nbfs_LRG2_max
5243,68811.1421672659,3910.0298775098927,68977.20620623547,63518.335979657735,5292.806187608265,pvalloc_29nbfs_LRG2_max
5244,56475.466006364324,4418.301378185183,56791.88504358991,54419.426791934355,2056.0392144299626,pvalloc_29nbfs_LRG2_max
5245,54906.633214615766,4932.867349007493,55356.44283867546,53129.513868548594,1777.1193460671761,pvalloc_29nbfs_LRG2_max
5246,51246.42220661846,4986.939947731789,51794.643499153965,50040.288477158916,1206.1337294595412,pvalloc_29nbfs_LRG2_max
5247,50990.49013433218,4681.443228101142,51466.03223862818,49839.27631466922,1151.2138196629564,pvalloc_29nbfs_LRG2_max
5248,43367.17851042974,4129.642047991895,43824.17722994153,43069.7057418336,297.4727685961354,pvalloc_29nbfs_LRG2_max
5249,35400.2481867984,4004.0714828930054,35935.429101592395,35338.74787957929,61.50030721910764,pvalloc_29nbfs_LRG2_max
5250,18123.926889878763,4538.980679431551,19491.417426332562,18123.926889878763,0.0,pvalloc_29nbfs_LRG2_max
5251,8333.593073951344,5133.913173989498,10854.754998631626,8333.593073951344,0.0,pvalloc_29nbfs_LRG2_max
5252,0.0,19000.134662661887,19000.134662661887,0.0,0.0,pvalloc_29nbfs_LRG2_max
5253,0.0,19290.580116971654,19290.580116971654,0.0,0.0,pvalloc_29nbfs_LRG2_max
5254,0.0,16835.268381474216,16835.268381474216,0.0,0.0,pvalloc_29nbfs_LRG2_max
5255,0.0,14924.78827852718,14924.78827852718,0.0,0.0,pvalloc_29nbfs_LRG2_max
5256,0.0,13381.168060104113,13381.168060104113,0.0,0.0,pvalloc_29nbfs_LRG2_max
5257,0.0,10539.960012448035,10539.960012448035,0.0,0.0,pvalloc_29nbfs_LRG2_max
5258,0.0,8429.066249258416,8429.066249258416,0.0,0.0,pvalloc_29nbfs_LRG2_max
5259,0.0,7662.686930720702,7662.686930720702,0.0,0.0,pvalloc_29nbfs_LRG2_max
5260,0.0,6987.56971605249,6987.56971605249,0.0,0.0,pvalloc_29nbfs_LRG2_max
5261,0.0,6946.060646242224,6946.060646242224,0.0,0.0,pvalloc_29nbfs_LRG2_max
5262,58.79489089981778,4987.491547227303,4988.114616154448,58.79489089981778,0.0,pvalloc_29nbfs_LRG2_max
5263,12689.756185121727,2563.1085101381764,13328.856614302113,12689.756185121727,0.0,pvalloc_29nbfs_LRG2_max
5264,33505.36407166857,2856.308466326966,33741.30590671673,33501.406814976086,3.9572566924837247,pvalloc_29nbfs_LRG2_max
5265,56198.12923008882,2947.4043547831757,56310.604992649154,54275.82613055214,1922.303099536682,pvalloc_29nbfs_LRG2_max
5266,75224.64883203985,3724.7668791235774,75341.2744280683,67676.1618276318,7548.487004408033,pvalloc_29nbfs_LRG2_max
5267,88826.55952410605,4800.72933881165,88996.57430542122,75233.86222001536,13592.69730409068,pvalloc_29nbfs_LRG2_max
5268,86120.17663952305,5848.842618822174,86454.35371054408,73815.48858833288,12304.688051190153,pvalloc_29nbfs_LRG2_max
5269,91016.9033134677,5815.238591956986,91306.50861934829,76233.66389982423,14783.239413643452,pvalloc_29nbfs_LRG2_max
5270,91502.05745529383,5228.795255530304,91771.49996589974,76211.38498897215,15290.672466321705,pvalloc_29nbfs_LRG2_max
5271,83045.6553109965,5020.444733059683,83307.56662971906,71924.02987191649,11121.625439080055,pvalloc_29nbfs_LRG2_max
5272,69189.73268352138,4778.791652559617,69477.45121897198,63660.24835247935,5529.484331042026,pvalloc_29nbfs_LRG2_max
5273,52123.53229416139,4343.049685011319,52498.93076245726,50807.821735576035,1315.7105585853549,pvalloc_29nbfs_LRG2_max
5274,31261.863471202956,4443.157594103357,32026.160418232073,31261.863471202956,0.0,pvalloc_29nbfs_LRG2_max
5275,12674.204382447506,4709.221014042284,14449.034119831489,12674.204382447506,0.0,pvalloc_29nbfs_LRG2_max
5276,0.001144878417680309,16108.128089506325,16108.128089506325,0.001144878417680309,0.0,pvalloc_29nbfs_LRG2_max
5277,0.0,16661.54003587522,16661.54003587522,0.0,0.0,pvalloc_29nbfs_LRG2_max
5278,0.0,16071.87963882066,16071.87963882066,0.0,0.0,pvalloc_29nbfs_LRG2_max
5279,0.0,16513.61501158644,16513.61501158644,0.0,0.0,pvalloc_29nbfs_LRG2_max
5280,0.0,14223.4027375802,14223.4027375802,0.0,0.0,pvalloc_29nbfs_LRG2_max
5281,0.0,10189.901163932846,10189.901163932846,0.0,0.0,pvalloc_29nbfs_LRG2_max
5282,0.0,9219.90861812319,9219.90861812319,0.0,0.0,pvalloc_29nbfs_LRG2_max
5283,0.0,8077.212368111325,8077.212368111325,0.0,0.0,pvalloc_29nbfs_LRG2_max
5284,0.0,7416.388772703773,7416.388772703773,0.0,0.0,pvalloc_29nbfs_LRG2_max
5285,0.0,7104.393955178768,7104.393955178768,0.0,0.0,pvalloc_29nbfs_LRG2_max
5286,19.61626803888635,5505.411457451303,5505.67398618594,19.61626803888635,0.0,pvalloc_29nbfs_LRG2_max
5287,11799.228869671713,2604.620386250913,12506.245193798302,11799.228869671713,0.0,pvalloc_29nbfs_LRG2_max
5288,33671.82545632842,2762.9688957142475,33887.60322621791,33665.53563223009,6.2898240983302,pvalloc_29nbfs_LRG2_max
5289,55885.28191379733,2765.1588751164095,55986.19699924129,54022.533233113616,1862.7486806837073,pvalloc_29nbfs_LRG2_max
5290,74182.24828527718,3621.7686009276845,74292.08230291662,67049.86273804614,7132.385547231052,pvalloc_29nbfs_LRG2_max
5291,90214.79714206529,4050.156719378208,90337.07557109909,75834.75596002312,14380.041182042221,pvalloc_29nbfs_LRG2_max
5292,85613.25227021702,5619.668536033258,85914.58948064804,73551.78362271682,12061.468647500224,pvalloc_29nbfs_LRG2_max
5293,91365.99092973549,5533.21062422831,91625.74775449367,76297.66681808844,15068.324111647087,pvalloc_29nbfs_LRG2_max
5294,86745.18979125506,6653.098956352112,87201.03189874416,73904.55104669658,12840.63874455844,pvalloc_29nbfs_LRG2_max
5295,80005.74891249959,6058.826716244252,80428.01033810488,70221.83005878044,9783.918853719144,pvalloc_29nbfs_LRG2_max
5296,65442.80289685612,6116.89215747848,66030.94647962277,61103.37782487734,4339.425071978786,pvalloc_29nbfs_LRG2_max
5297,49694.93028078259,5439.5523618278585,50386.663255398445,48722.06483895186,972.8654418307328,pvalloc_29nbfs_LRG2_max
5298,29308.205757143096,5433.348583954224,30513.192020533974,29308.205757143096,0.0,pvalloc_29nbfs_LRG2_max
5299,8808.465075925227,6468.924477401897,12180.851601334103,8808.465075925227,0.0,pvalloc_29nbfs_LRG2_max
5300,0.002782290935076717,16915.125381075446,16915.125381075446,0.002782290935076717,0.0,pvalloc_29nbfs_LRG2_max
5301,0.0,19664.8737674663,19664.8737674663,0.0,0.0,pvalloc_29nbfs_LRG2_max
5302,0.0,21717.297616531436,21717.297616531436,0.0,0.0,pvalloc_29nbfs_LRG2_max
5303,0.0,17214.825474050005,17214.825474050005,0.0,0.0,pvalloc_29nbfs_LRG2_max
5304,0.0,12578.207549128692,12578.207549128692,0.0,0.0,pvalloc_29nbfs_LRG2_max
5305,0.0,10294.109997870488,10294.109997870488,0.0,0.0,pvalloc_29nbfs_LRG2_max
5306,0.0,8325.709247505114,8325.709247505114,0.0,0.0,pvalloc_29nbfs_LRG2_max
5307,0.0,7293.515981600715,7293.515981600715,0.0,0.0,pvalloc_29nbfs_LRG2_max
5308,0.0,6735.774478834689,6735.774478834689,0.0,0.0,pvalloc_29nbfs_LRG2_max
5309,0.0,6710.483943585053,6710.483943585053,0.0,0.0,pvalloc_29nbfs_LRG2_max
5310,30.31204363907763,4984.893135284272,4985.2782607249455,30.31204363907763,0.0,pvalloc_29nbfs_LRG2_max
5311,11751.38402689053,2510.709442434107,12419.155888716316,11751.38402689053,0.0,pvalloc_29nbfs_LRG2_max
5312,32869.0974116032,2874.5458503395425,33117.72842627668,32869.0974116032,0.0,pvalloc_29nbfs_LRG2_max
5313,54814.79060705513,3220.048827741265,54955.204147416116,53148.75744288904,1666.033164166106,pvalloc_29nbfs_LRG2_max
5314,74956.91768222046,3689.016862356377,75082.7363156065,67479.14702484816,7477.7706573722535,pvalloc_29nbfs_LRG2_max
5315,91190.0225585911,3849.9993231095536,91302.43578020089,76290.27959851465,14899.742960076439,pvalloc_29nbfs_LRG2_max
5316,85234.47114768672,5913.754847358287,85584.3000365092,73334.39313352981,11900.078014156912,pvalloc_29nbfs_LRG2_max
5317,90958.63434666432,5415.6434167534935,91198.22824718671,76175.25033323013,14783.384013434208,pvalloc_29nbfs_LRG2_max
5318,88562.84914898065,5553.43622770054,88834.5810222748,74901.82867050727,13661.020478473374,pvalloc_29nbfs_LRG2_max
5319,82018.1844730009,4917.342248764468,82251.45395443382,71425.24636276615,10592.938110234774,pvalloc_29nbfs_LRG2_max
5320,67937.80554886397,4825.951235712801,68235.75959118427,62830.135780094126,5107.669768769838,pvalloc_29nbfs_LRG2_max
5321,50056.789612814115,4697.786683146883,50513.98497332271,49095.21703462473,961.5725781893773,pvalloc_29nbfs_LRG2_max
5322,31967.691711580468,3954.7943362347964,32562.06178049955,31967.691711580468,0.0,pvalloc_29nbfs_LRG2_max
5323,10836.4730045219,4742.467390663082,12904.624266227987,10836.4730045219,0.0,pvalloc_29nbfs_LRG2_max
5324,0.6210965762627492,11780.479643227958,11780.479643227958,0.6210965762627492,0.0,pvalloc_29nbfs_LRG2_max
5325,0.0,17798.4514230697,17798.4514230697,0.0,0.0,pvalloc_29nbfs_LRG2_max
5326,0.0,19605.334016129706,19605.334016129706,0.0,0.0,pvalloc_29nbfs_LRG2_max
5327,0.0,17993.3392447101,17993.3392447101,0.0,0.0,pvalloc_29nbfs_LRG2_max
5328,0.0,14499.905393880887,14499.905393880887,0.0,0.0,pvalloc_29nbfs_LRG2_max
5329,0.0,10706.798579119697,10706.798579119697,0.0,0.0,pvalloc_29nbfs_LRG2_max
5330,0.0,8691.305275136961,8691.305275136961,0.0,0.0,pvalloc_29nbfs_LRG2_max
5331,0.0,7299.838339654399,7299.838339654399,0.0,0.0,pvalloc_29nbfs_LRG2_max
5332,0.0,6942.4868277889755,6942.4868277889755,0.0,0.0,pvalloc_29nbfs_LRG2_max
5333,0.0,6828.1340130815815,6828.1340130815815,0.0,0.0,pvalloc_29nbfs_LRG2_max
5334,10.244459102487284,5417.820012774293,5417.955603354694,10.244459102487284,0.0,pvalloc_29nbfs_LRG2_max
5335,10505.231335098148,2806.0461815949443,11439.429526556705,10505.231335098148,0.0,pvalloc_29nbfs_LRG2_max
5336,31587.94030460737,3234.720217702503,31942.822609301074,31587.94030460737,0.0,pvalloc_29nbfs_LRG2_max
5337,53925.89361908869,3412.9416105209216,54094.32364228176,52410.63032810163,1515.263290987059,pvalloc_29nbfs_LRG2_max
5338,73873.10774620376,3725.8782892920394,74000.33749361604,66828.64161205986,7044.466134143863,pvalloc_29nbfs_LRG2_max
5339,89046.3697154781,4023.42019026781,89163.56366391401,75272.1284140141,13774.24130146398,pvalloc_29nbfs_LRG2_max
5340,84360.99725116398,5740.994619693766,84709.11089089469,72958.58128396347,11402.41596720052,pvalloc_29nbfs_LRG2_max
5341,88658.95287435298,5709.238392330334,88949.5579703073,75093.00865709918,13565.94421725385,pvalloc_29nbfs_LRG2_max
5342,85471.32257432211,6553.281560619263,85928.67161792463,73428.44458351708,12042.877990805046,pvalloc_29nbfs_LRG2_max
5343,80350.92147921458,5459.540004070224,80660.87924281532,70481.32291011239,9869.598569102236,pvalloc_29nbfs_LRG2_max
5344,68383.9507545547,4524.59350310761,68641.78294008622,63121.999308654864,5261.951445899879,pvalloc_29nbfs_LRG2_max
5345,48964.90719221619,4481.753625827655,49387.30901290963,48173.93862287286,790.9685693433275,pvalloc_29nbfs_LRG2_max
5346,29290.317044539082,4464.193978290714,30117.89136366576,29290.317044539082,0.0,pvalloc_29nbfs_LRG2_max
5347,7443.361781683877,6366.254265180386,10947.735346870692,7443.361781683877,0.0,pvalloc_29nbfs_LRG2_max
5348,0.0,15989.730142980065,15989.730142980065,0.0,0.0,pvalloc_29nbfs_LRG2_max
5349,0.0,16826.715043934226,16826.715043934226,0.0,0.0,pvalloc_29nbfs_LRG2_max
5350,0.0,17455.218388780388,17455.218388780388,0.0,0.0,pvalloc_29nbfs_LRG2_max
5351,0.0,17312.601875985758,17312.601875985758,0.0,0.0,pvalloc_29nbfs_LRG2_max
5352,0.0,14414.143741518079,14414.143741518079,0.0,0.0,pvalloc_29nbfs_LRG2_max
5353,0.0,9954.172012300509,9954.172012300509,0.0,0.0,pvalloc_29nbfs_LRG2_max
5354,0.0,8448.308232531268,8448.308232531268,0.0,0.0,pvalloc_29nbfs_LRG2_max
5355,0.0,7461.470557932398,7461.470557932398,0.0,0.0,pvalloc_29nbfs_LRG2_max
5356,0.0,6904.553782501744,6904.553782501744,0.0,0.0,pvalloc_29nbfs_LRG2_max
5357,0.0,6785.528064411384,6785.528064411384,0.0,0.0,pvalloc_29nbfs_LRG2_max
5358,16.195403398354312,5398.072756214601,5398.302720090758,16.195403398354312,0.0,pvalloc_29nbfs_LRG2_max
5359,10622.151279943479,2700.543426850922,11465.564183266573,10622.151279943479,0.0,pvalloc_29nbfs_LRG2_max
5360,31815.033514461775,3036.8017381226646,32115.542711263326,31815.033514461775,0.0,pvalloc_29nbfs_LRG2_max
5361,51627.596504629604,4022.1010143291487,51931.15887230606,50503.68287183406,1123.913632795551,pvalloc_29nbfs_LRG2_max
5362,72711.17416011766,4119.9738989509415,72875.00902024504,66128.57396686451,6582.600193253077,pvalloc_29nbfs_LRG2_max
5363,86933.7906748958,4995.377289304871,87142.23397958398,74307.93421938027,12625.85645551554,pvalloc_29nbfs_LRG2_max
5364,84889.0057258723,5830.450350469811,85249.65029699952,73243.48739389506,11645.518331977251,pvalloc_29nbfs_LRG2_max
5365,87842.3615015821,6394.87917131566,88275.57547070824,74762.30491040884,13080.056591173266,pvalloc_29nbfs_LRG2_max
5366,90074.19725814457,5273.924362322149,90311.83777221985,75666.72617972767,14407.471078416918,pvalloc_29nbfs_LRG2_max
5367,81532.44121494718,4898.857876188463,81759.09335362141,71185.12665362377,10347.314561323421,pvalloc_29nbfs_LRG2_max
5368,67784.97144111562,4601.681758227547,68041.59652152563,62792.8037363738,4992.167704741756,pvalloc_29nbfs_LRG2_max
5369,48928.166777308215,4697.180464856512,49391.26996207313,48166.432934724195,761.7338425840256,pvalloc_29nbfs_LRG2_max
5370,28008.540964228803,4839.053150631963,29075.893826224157,28008.540964228803,0.0,pvalloc_29nbfs_LRG2_max
5371,9366.655168874408,5176.187990504635,11828.345959773784,9366.655168874408,0.0,pvalloc_29nbfs_LRG2_max
5372,0.0,16855.787799610614,16855.787799610614,0.0,0.0,pvalloc_29nbfs_LRG2_max
5373,0.0,17345.89249504484,17345.89249504484,0.0,0.0,pvalloc_29nbfs_LRG2_max
5374,0.0,16579.52219038973,16579.52219038973,0.0,0.0,pvalloc_29nbfs_LRG2_max
5375,0.0,15251.446364993699,15251.446364993699,0.0,0.0,pvalloc_29nbfs_LRG2_max
5376,0.0,13188.262672566276,13188.262672566276,0.0,0.0,pvalloc_29nbfs_LRG2_max
5377,0.0,11323.92566649367,11323.92566649367,0.0,0.0,pvalloc_29nbfs_LRG2_max
5378,0.0,9734.491596408214,9734.491596408214,0.0,0.0,pvalloc_29nbfs_LRG2_max
5379,0.0,8493.110696508547,8493.110696508547,0.0,0.0,pvalloc_29nbfs_LRG2_max
5380,0.0,7434.255107382791,7434.255107382791,0.0,0.0,pvalloc_29nbfs_LRG2_max
5381,0.0,7087.350693282779,7087.350693282779,0.0,0.0,pvalloc_29nbfs_LRG2_max
5382,6.533153492862324,5749.432166212452,5749.531557022293,6.533153492862324,0.0,pvalloc_29nbfs_LRG2_max
5383,10253.089152435665,2774.6402808222915,11158.377421032652,10253.089152435665,0.0,pvalloc_29nbfs_LRG2_max
5384,32069.44118536725,2885.7746978432046,32337.248531390713,32069.44118536725,0.0,pvalloc_29nbfs_LRG2_max
5385,54199.518778122765,3221.2361130058634,54344.90348913268,52631.36868149721,1568.1500966255471,pvalloc_29nbfs_LRG2_max
5386,72802.89746888253,3905.591703614229,72942.32852145494,66177.93796854287,6624.959500339677,pvalloc_29nbfs_LRG2_max
5387,88417.52974009581,4435.175258326069,88565.08933001754,74957.31795589025,13460.211784205581,pvalloc_29nbfs_LRG2_max
5388,85509.81002579107,5517.519517131233,85794.48438023745,73482.44776359767,12027.362262193397,pvalloc_29nbfs_LRG2_max
5389,89243.52868775485,5836.107047888888,89545.93391390842,75334.16547012616,13909.363217628666,pvalloc_29nbfs_LRG2_max
5390,85610.62608591001,6240.4198345594905,85999.78608694937,73445.3995779268,12165.226507983225,pvalloc_29nbfs_LRG2_max
5391,78814.73926096782,5604.3970177909005,79151.03972279024,69665.83748188468,9148.901779083124,pvalloc_29nbfs_LRG2_max
5392,64775.27696064303,5315.036893857516,65183.85800859725,60732.693763357594,4042.583197285444,pvalloc_29nbfs_LRG2_max
5393,45996.33365780098,5338.851380470912,46708.108816402506,45551.33409717071,444.9995606302697,pvalloc_29nbfs_LRG2_max
5394,27030.794302223378,4954.349497794458,28197.352304912303,27030.794302223378,0.0,pvalloc_29nbfs_LRG2_max
5395,6321.252603532916,7006.403851204051,10431.365431620012,6321.252603532916,0.0,pvalloc_29nbfs_LRG2_max
5396,0.0,17145.889040901176,17145.889040901176,0.0,0.0,pvalloc_29nbfs_LRG2_max
5397,0.0,18592.212130355496,18592.212130355496,0.0,0.0,pvalloc_29nbfs_LRG2_max
5398,0.0,17959.280865600802,17959.280865600802,0.0,0.0,pvalloc_29nbfs_LRG2_max
5399,0.0,15321.147510146637,15321.147510146637,0.0,0.0,pvalloc_29nbfs_LRG2_max
5400,0.0,13722.161589340783,13722.161589340783,0.0,0.0,pvalloc_29nbfs_LRG2_max
5401,0.0,10430.229263731499,10430.229263731499,0.0,0.0,pvalloc_29nbfs_LRG2_max
5402,0.0,8829.571873465273,8829.571873465273,0.0,0.0,pvalloc_29nbfs_LRG2_max
5403,0.0,7657.188196967487,7657.188196967487,0.0,0.0,pvalloc_29nbfs_LRG2_max
5404,0.0,7455.696363549953,7455.696363549953,0.0,0.0,pvalloc_29nbfs_LRG2_max
5405,0.0,7031.549107246737,7031.549107246737,0.0,0.0,pvalloc_29nbfs_LRG2_max
5406,2.0058477799919694,6089.696989029276,6089.744340021807,2.0058477799919694,0.0,pvalloc_29nbfs_LRG2_max
5407,10245.93150352214,2615.993425538907,11050.58389016406,10245.93150352214,0.0,pvalloc_29nbfs_LRG2_max
5408,29304.672275790825,3029.2969770331247,29643.64892660395,29304.672275790825,0.0,pvalloc_29nbfs_LRG2_max
5409,48763.14192584408,3991.84037239805,49079.81201982128,48069.19998207632,693.9419437677577,pvalloc_29nbfs_LRG2_max
5410,67045.33976495804,3843.1243629150567,67206.91166985499,62344.977361690675,4700.362403267291,pvalloc_29nbfs_LRG2_max
5411,74845.4287632078,4142.603796202026,75017.04761406501,67352.20228564231,7493.226477565526,pvalloc_29nbfs_LRG2_max
5412,63304.24688319133,5463.185717390726,63784.009074209236,59679.93719053062,3624.3096926607027,pvalloc_29nbfs_LRG2_max
5413,62770.8617707367,6094.511593957276,63401.1818151034,59232.44164898428,3538.420121752425,pvalloc_29nbfs_LRG2_max
5414,57274.18775200805,6035.829966965842,57998.382132608334,54903.2407378781,2370.9470141299535,pvalloc_29nbfs_LRG2_max
5415,46204.827999756744,5488.820000882321,46964.39386408326,45692.25167935963,512.576320397121,pvalloc_29nbfs_LRG2_max
5416,34368.270209902825,5014.580012419996,35258.92438765857,34318.64956096071,49.62064894210545,pvalloc_29nbfs_LRG2_max
5417,27438.567085878192,4820.670738444015,28492.245007729893,27438.567085878192,0.0,pvalloc_29nbfs_LRG2_max
5418,11358.357972379046,5234.44718821892,13693.261206499512,11358.357972379046,0.0,pvalloc_29nbfs_LRG2_max
5419,2517.191487284322,6575.7870292000935,7236.481966033891,2517.191487284322,0.0,pvalloc_29nbfs_LRG2_max
5420,0.0,14157.271802208628,14157.271802208628,0.0,0.0,pvalloc_29nbfs_LRG2_max
5421,0.0,16175.317955120869,16175.317955120869,0.0,0.0,pvalloc_29nbfs_LRG2_max
5422,0.0,16617.529616008724,16617.529616008724,0.0,0.0,pvalloc_29nbfs_LRG2_max
5423,0.0,15583.466132818583,15583.466132818583,0.0,0.0,pvalloc_29nbfs_LRG2_max
5424,0.0,13573.678772779584,13573.678772779584,0.0,0.0,pvalloc_29nbfs_LRG2_max
4920,0.0,11113.463869085279,11113.463869085279,0.0,0.0,pvalloc_29nbfs_LRG2_max_1hll
4921,0.0,10737.831728562103,10737.831728562103,0.0,0.0,pvalloc_29nbfs_LRG2_max_1hll
4922,0.0,10105.311448681487,10105.311448681487,0.0,0.0,pvalloc_29nbfs_LRG2_max_1hll
4923,0.0,8120.094880445638,8120.094880445638,0.0,0.0,pvalloc_29nbfs_LRG2_max_1hll
4924,0.0,7251.7336572309905,7251.7336572309905,0.0,0.0,pvalloc_29nbfs_LRG2_max_1hll
4925,0.0,6971.075169345191,6971.075169345191,0.0,0.0,pvalloc_29nbfs_LRG2_max_1hll
4926,823.6515890035492,3595.9619982173444,3690.4272585565977,823.6515890035492,0.0,pvalloc_29nbfs_LRG2_max_1hll
4927,15762.816009511575,2536.2631395031003,16269.908667359277,15762.816009511575,0.0,pvalloc_29nbfs_LRG2_max_1hll
4928,35996.83888954787,2697.8114372867626,36181.78051538525,35930.01380736214,66.82508218573383,pvalloc_29nbfs_LRG2_max_1hll
4929,55372.01028792899,3337.937502583468,55527.62052496469,53605.49944238799,1766.5108455409963,pvalloc_29nbfs_LRG2_max_1hll
4930,74395.3792887395,3562.822315122342,74508.75523300322,67099.78259095695,7295.596697782558,pvalloc_29nbfs_LRG2_max_1hll
4931,89323.29159440445,4072.1846812302656,89451.6992713552,75347.34296317962,13975.948631224835,pvalloc_29nbfs_LRG2_max_1hll
4932,74226.22707112342,5133.577122017285,74533.02274123696,66963.91295089886,7262.314120224452,pvalloc_29nbfs_LRG2_max_1hll
4933,61772.07889016447,6642.594593577591,62618.156640622285,58537.80168650849,3234.2772036559836,pvalloc_29nbfs_LRG2_max_1hll
4934,58396.207969845644,5487.785693835355,58939.66933321283,55855.042000453606,2541.165969392032,pvalloc_29nbfs_LRG2_max_1hll
4935,50984.52461843926,5066.784467642067,51551.73314533233,49815.56424017203,1168.9603782672364,pvalloc_29nbfs_LRG2_max_1hll
4936,50367.94181894773,4815.485886853431,50881.34319756781,49308.72666384579,1059.215155101932,pvalloc_29nbfs_LRG2_max_1hll
4937,34088.367135682485,4267.188192320706,34737.37989358922,34046.02787550607,42.339260176409084,pvalloc_29nbfs_LRG2_max_1hll
4938,16345.333879421682,3926.2909752683827,17456.545261480398,16345.333879421682,0.0,pvalloc_29nbfs_LRG2_max_1hll
4939,7181.155748617975,5152.350590552087,9874.660295725584,7181.155748617975,0.0,pvalloc_29nbfs_LRG2_max_1hll
4940,296.3113711366949,8837.171166695834,8840.618533169005,296.3113711366949,0.0,pvalloc_29nbfs_LRG2_max_1hll
4941,0.0,12714.325160437362,12714.325160437362,0.0,0.0,pvalloc_29nbfs_LRG2_max_1hll
4942,0.0,13844.117670126652,13844.117670126652,0.0,0.0,pvalloc_29nbfs_LRG2_max_1hll
4943,0.0,13190.081500942475,13190.081500942475,0.0,0.0,pvalloc_29nbfs_LRG2_max_1hll
4944,0.0,15734.473543662867,15734.473543662867,0.0,0.0,pvalloc_29nbfs_LRG2_max_1hll
4945,0.0,11843.652935827871,11843.652935827871,0.0,0.0,pvalloc_29nbfs_LRG2_max_1hll
4946,0.0,9148.163406638314,9148.163406638314,0.0,0.0,pvalloc_29nbfs_LRG2_max_1hll
4947,0.0,7889.191632688863,7889.191632688863,0.0,0.0,pvalloc_29nbfs_LRG2_max_1hll
4948,0.0,7842.183829125384,7842.183829125384,0.0,0.0,pvalloc_29nbfs_LRG2_max_1hll
4949,0.0,6888.334696423667,6888.334696423667,0.0,0.0,pvalloc_29nbfs_LRG2_max_1hll
4950,7.626339611316605,5201.246906664786,5201.26421902774,7.626339611316605,0.0,pvalloc_29nbfs_LRG2_max_1hll
4951,9124.77932543721,2539.4981918182266,9970.481303341045,9124.77932543721,0.0,pvalloc_29nbfs_LRG2_max_1hll
4952,30304.49948239257,2554.049697061442,30517.692932620557,30304.49948239257,0.0,pvalloc_29nbfs_LRG2_max_1hll
4953,54008.64712757068,3006.642288018026,54132.35366488462,52474.52948211553,1534.117645455147,pvalloc_29nbfs_LRG2_max_1hll
4954,75429.3260735695,3368.697199639445,75524.9771473865,67731.86139660202,7697.46467696753,pvalloc_29nbfs_LRG2_max_1hll
4955,86712.77069297398,3615.803348789223,86819.23778104267,73963.54722280092,12749.223470173098,pvalloc_29nbfs_LRG2_max_1hll
4956,74742.17940547016,4604.407636941674,74966.96970413723,67282.26661127803,7459.91279419214,pvalloc_29nbfs_LRG2_max_1hll
4957,50054.831172648854,4867.928877377246,50569.84572871411,49065.91272635534,988.9184462935098,pvalloc_29nbfs_LRG2_max_1hll
4958,60901.03410775408,5005.862535636736,61343.30327360927,57684.72729985413,3216.3068078999395,pvalloc_29nbfs_LRG2_max_1hll
4959,48575.27036371705,5048.616363755425,49210.947515009895,47752.53808453921,822.732279177842,pvalloc_29nbfs_LRG2_max_1hll
4960,44660.01873662884,4723.466745593839,45275.614407807014,44239.64474599273,420.3739906361049,pvalloc_29nbfs_LRG2_max_1hll
4961,35982.73511725298,4805.5961692989795,36785.405705163765,35884.904103563174,97.83101368981414,pvalloc_29nbfs_LRG2_max_1hll
4962,19842.168968362592,4687.418789929415,21185.616945308637,19842.168968362592,0.0,pvalloc_29nbfs_LRG2_max_1hll
4963,9131.193598356329,6050.752566350694,12244.954921133976,9131.193598356329,0.0,pvalloc_29nbfs_LRG2_max_1hll
4964,3.5931602323968814,11427.906251480219,11427.906251480219,3.5931602323968814,0.0,pvalloc_29nbfs_LRG2_max_1hll
4965,0.0,21698.62752947297,21698.62752947297,0.0,0.0,pvalloc_29nbfs_LRG2_max_1hll
4966,0.0,15054.668580548849,15054.668580548849,0.0,0.0,pvalloc_29nbfs_LRG2_max_1hll
4967,0.0,14761.30043522164,14761.30043522164,0.0,0.0,pvalloc_29nbfs_LRG2_max_1hll
4968,0.0,12492.279958567413,12492.279958567413,0.0,0.0,pvalloc_29nbfs_LRG2_max_1hll
4969,0.0,10052.532145121631,10052.532145121631,0.0,0.0,pvalloc_29nbfs_LRG2_max_1hll
4970,0.0,8034.3320618467815,8034.3320618467815,0.0,0.0,pvalloc_29nbfs_LRG2_max_1hll
4971,0.0,7219.022230515399,7219.022230515399,0.0,0.0,pvalloc_29nbfs_LRG2_max_1hll
4972,0.0,6689.043790452775,6689.043790452775,0.0,0.0,pvalloc_29nbfs_LRG2_max_1hll
4973,0.0,6426.52820091012,6426.52820091012,0.0,0.0,pvalloc_29nbfs_LRG2_max_1hll
4974,161.09165995154933,3989.220245465824,3991.1699938060065,161.09165995154933,0.0,pvalloc_29nbfs_LRG2_max_1hll
4975,10203.749372859666,2534.0219221199436,10986.127651992021,10203.749372859666,0.0,pvalloc_29nbfs_LRG2_max_1hll
4976,3135.422397388881,2922.3492805641113,4786.987883981183,3135.422397388881,0.0,pvalloc_29nbfs_LRG2_max_1hll
4977,18339.63888888965,3138.863313272215,19031.666850870475,18339.63888888965,0.0,pvalloc_29nbfs_LRG2_max_1hll
4978,36179.1141811861,3432.534811922735,36534.562757968495,36087.654818420604,91.45936276549583,pvalloc_29nbfs_LRG2_max_1hll
4979,57344.92845126204,3908.7480218004625,57575.8754093382,55093.97837225636,2250.9500790056804,pvalloc_29nbfs_LRG2_max_1hll
4980,59627.573680256086,4677.539768347281,59973.421062678884,56861.32679075711,2766.246889498993,pvalloc_29nbfs_LRG2_max_1hll
4981,62951.45327857517,5377.797897004015,63410.74094903008,59358.27034642142,3593.182932153772,pvalloc_29nbfs_LRG2_max_1hll
4982,47639.96304769167,4925.977295067158,48242.0654892949,46952.91201970831,687.051027983367,pvalloc_29nbfs_LRG2_max_1hll
4983,52866.374454520585,5535.484691473686,53511.46946321388,51411.78817235057,1454.5862821700066,pvalloc_29nbfs_LRG2_max_1hll
4984,42940.89491532824,4885.915678256482,43585.193346269174,42659.97243992259,280.922475405645,pvalloc_29nbfs_LRG2_max_1hll
4985,28500.27062421792,4367.068649732582,29333.65014658612,28500.27062421792,0.0,pvalloc_29nbfs_LRG2_max_1hll
4986,22526.46858559674,4916.640444584269,23927.31212252138,22526.46858559674,0.0,pvalloc_29nbfs_LRG2_max_1hll
4987,9975.165794304656,5114.332011937442,12425.732131129293,9975.165794304656,0.0,pvalloc_29nbfs_LRG2_max_1hll
4988,1.7609884167556402,11602.328429272902,11602.328429272902,1.7609884167556402,0.0,pvalloc_29nbfs_LRG2_max_1hll
4989,0.0,15306.207062822386,15306.207062822386,0.0,0.0,pvalloc_29nbfs_LRG2_max_1hll
4990,0.0,18487.541112237723,18487.541112237723,0.0,0.0,pvalloc_29nbfs_LRG2_max_1hll
4991,0.0,15678.910070087288,15678.910070087288,0.0,0.0,pvalloc_29nbfs_LRG2_max_1hll
4992,0.0,12457.95010585332,12457.95010585332,0.0,0.0,pvalloc_29nbfs_LRG2_max_1hll
4993,0.0,9566.57816566627,9566.57816566627,0.0,0.0,pvalloc_29nbfs_LRG2_max_1hll
4994,0.0,8172.598108657664,8172.598108657664,0.0,0.0,pvalloc_29nbfs_LRG2_max_1hll
4995,0.0,7275.373634775013,7275.373634775013,0.0,0.0,pvalloc_29nbfs_LRG2_max_1hll
4996,0.0,6657.432000184344,6657.432000184344,0.0,0.0,pvalloc_29nbfs_LRG2_max_1hll
4997,0.0,6227.237294939229,6227.237294939229,0.0,0.0,pvalloc_29nbfs_LRG2_max_1hll
4998,409.2710847605906,3581.32837046736,3598.162226598623,409.2710847605906,0.0,pvalloc_29nbfs_LRG2_max_1hll
4999,14924.861997446495,2526.2413468829377,15468.785564009038,14924.861997446495,0.0,pvalloc_29nbfs_LRG2_max_1hll
5000,33569.570969272565,2776.456882693174,33794.68187635566,33558.979144482044,10.591824790525436,pvalloc_29nbfs_LRG2_max_1hll
5001,52011.84007853093,3114.4309506810064,52157.79342160866,50798.720305550414,1213.1197729805112,pvalloc_29nbfs_LRG2_max_1hll
5002,65705.36432771644,3225.109592278205,65821.67706633796,61382.40587876436,4322.958448952088,pvalloc_29nbfs_LRG2_max_1hll
5003,85571.08020340998,3940.2212954195556,85695.2298164958,73406.61339873719,12164.46680467277,pvalloc_29nbfs_LRG2_max_1hll
5004,83663.7206596948,4477.9335509715365,83833.93760772097,72401.46401996267,11262.256639732059,pvalloc_29nbfs_LRG2_max_1hll
5005,90122.43631128121,4606.364382702967,90298.53896665754,75713.94574974936,14408.490561531882,pvalloc_29nbfs_LRG2_max_1hll
5006,83922.4677916352,4591.78120483789,84127.43700553985,72422.63252512299,11499.835266512224,pvalloc_29nbfs_LRG2_max_1hll
5007,70148.69717299473,4609.32360256412,70408.84897269997,64297.85707433689,5850.840098657735,pvalloc_29nbfs_LRG2_max_1hll
5008,55305.606224948686,4087.5777781802394,55599.58957863714,53412.73861427237,1892.8676106763016,pvalloc_29nbfs_LRG2_max_1hll
5009,32732.69892229147,3834.2883796355186,33279.7203728317,32724.594728785996,8.104193505480225,pvalloc_29nbfs_LRG2_max_1hll
5010,13740.653013788611,3958.0910750524067,15069.904951952845,13740.653013788611,0.0,pvalloc_29nbfs_LRG2_max_1hll
5011,2513.2229350453263,6083.0453972721525,6859.657553318485,2513.2229350453263,0.0,pvalloc_29nbfs_LRG2_max_1hll
5012,0.024958675141344665,13827.110142248632,13827.110142248632,0.024958675141344665,0.0,pvalloc_29nbfs_LRG2_max_1hll
5013,0.0,14662.18168263524,14662.18168263524,0.0,0.0,pvalloc_29nbfs_LRG2_max_1hll
5014,0.0,16274.79912446018,16274.79912446018,0.0,0.0,pvalloc_29nbfs_LRG2_max_1hll
5015,0.0,15624.092956490873,15624.092956490873,0.0,0.0,pvalloc_29nbfs_LRG2_max_1hll
5016,0.0,12724.18576973016,12724.18576973016,0.0,0.0,pvalloc_29nbfs_LRG2_max_1hll
5017,0.0,10867.074894322572,10867.074894322572,0.0,0.0,pvalloc_29nbfs_LRG2_max_1hll
5018,0.0,8769.371741640622,8769.371741640622,0.0,0.0,pvalloc_29nbfs_LRG2_max_1hll
5019,0.0,7592.31461024244,7592.31461024244,0.0,0.0,pvalloc_29nbfs_LRG2_max_1hll
5020,0.0,6804.494587055006,6804.494587055006,0.0,0.0,pvalloc_29nbfs_LRG2_max_1hll
5021,0.0,6914.447201421454,6914.447201421454,0.0,0.0,pvalloc_29nbfs_LRG2_max_1hll
5022,126.54531624628626,4156.7185168835185,4158.290978357005,126.54531624628626,0.0,pvalloc_29nbfs_LRG2_max_1hll
5023,10441.679367040453,2564.1414163506365,11234.087313856102,10441.679367040453,0.0,pvalloc_29nbfs_LRG2_max_1hll
5024,21693.819812479498,2749.3950205219808,22115.517914754993,21693.819812479498,0.0,pvalloc_29nbfs_LRG2_max_1hll
5025,18562.632261639515,3366.6953253082243,19408.58443992396,18562.632261639515,0.0,pvalloc_29nbfs_LRG2_max_1hll
5026,30577.91323859344,3799.106973583311,31189.385130545103,30577.91323859344,0.0,pvalloc_29nbfs_LRG2_max_1hll
5027,65870.03238081142,3646.4703438651495,66027.59658416655,61454.941231565885,4415.091149245541,pvalloc_29nbfs_LRG2_max_1hll
5028,78976.20387855443,5326.628791963849,79302.19177788883,69861.09151690331,9115.112361651214,pvalloc_29nbfs_LRG2_max_1hll
5029,52066.817127172915,5045.415309289098,52599.98738226696,50738.310417455265,1328.5067097176366,pvalloc_29nbfs_LRG2_max_1hll
5030,22718.79388738498,5837.020419384545,24592.64051476523,22718.79388738498,0.0,pvalloc_29nbfs_LRG2_max_1hll
5031,25368.64631737134,4959.8478274071085,26613.477286469064,25368.64631737134,0.0,pvalloc_29nbfs_LRG2_max_1hll
5032,33761.06252897207,4038.9666905413483,34348.34776269632,33719.52853390242,41.533995069652235,pvalloc_29nbfs_LRG2_max_1hll
5033,26716.112880363165,4129.523827028884,27520.21227254061,26716.112880363165,0.0,pvalloc_29nbfs_LRG2_max_1hll
5034,16599.018778680016,4723.392855234755,18221.437957994018,16599.018778680016,0.0,pvalloc_29nbfs_LRG2_max_1hll
5035,10220.815134474797,5390.356849421145,12755.994355244193,10220.815134474797,0.0,pvalloc_29nbfs_LRG2_max_1hll
5036,10.594402752763779,10990.68242121656,10990.694856365717,10.594402752763779,0.0,pvalloc_29nbfs_LRG2_max_1hll
5037,0.0,15623.399766375918,15623.399766375918,0.0,0.0,pvalloc_29nbfs_LRG2_max_1hll
5038,0.0,16022.715362504956,16022.715362504956,0.0,0.0,pvalloc_29nbfs_LRG2_max_1hll
5039,0.0,16439.75171535185,16439.75171535185,0.0,0.0,pvalloc_29nbfs_LRG2_max_1hll
5040,0.0,12326.556850038325,12326.556850038325,0.0,0.0,pvalloc_29nbfs_LRG2_max_1hll
5041,0.0,9488.472208125191,9488.472208125191,0.0,0.0,pvalloc_29nbfs_LRG2_max_1hll
5042,0.0,8024.4353338224,8024.4353338224,0.0,0.0,pvalloc_29nbfs_LRG2_max_1hll
5043,0.0,7253.657469496068,7253.657469496068,0.0,0.0,pvalloc_29nbfs_LRG2_max_1hll
5044,0.0,6638.189465394041,6638.189465394041,0.0,0.0,pvalloc_29nbfs_LRG2_max_1hll
5045,0.0,6441.096729282571,6441.096729282571,0.0,0.0,pvalloc_29nbfs_LRG2_max_1hll
5046,127.10619267778715,4133.287338881297,4134.838628614864,127.10619267778715,0.0,pvalloc_29nbfs_LRG2_max_1hll
5047,11297.080675892772,2640.9620328056985,12117.524040436027,11297.080675892772,0.0,pvalloc_29nbfs_LRG2_max_1hll
5048,32390.889189173908,2959.9271001411307,32669.95852883237,32390.889189173908,0.0,pvalloc_29nbfs_LRG2_max_1hll
5049,53148.754979152916,3327.563385010067,53316.712200876675,51769.612885500916,1379.1420936519953,pvalloc_29nbfs_LRG2_max_1hll
5050,72243.12749736012,3409.213562199225,72342.37676128621,65794.55412116731,6448.573376192928,pvalloc_29nbfs_LRG2_max_1hll
5051,65850.77813322206,3814.1381587768287,66020.10425767428,61472.48048642816,4378.297646793937,pvalloc_29nbfs_LRG2_max_1hll
5052,60338.97012774357,4447.952401613914,60633.267251996,57425.925135238154,2913.0449925053986,pvalloc_29nbfs_LRG2_max_1hll
5053,66927.10345126293,4710.7256771304055,67214.26323538994,62172.74000515901,4754.363446103924,pvalloc_29nbfs_LRG2_max_1hll
5054,68052.85520463943,4590.491549742244,68326.97025113486,62860.28724672975,5192.567957909635,pvalloc_29nbfs_LRG2_max_1hll
5055,57561.82322312166,4863.259312311562,57974.187745300944,55200.34505325599,2361.4781698656843,pvalloc_29nbfs_LRG2_max_1hll
5056,51412.364311048106,4304.890070913273,51771.87770858453,50222.189586533554,1190.1747245145839,pvalloc_29nbfs_LRG2_max_1hll
5057,34346.88189100757,3724.980592372704,34834.954917881136,34303.331719123446,43.55017188412086,pvalloc_29nbfs_LRG2_max_1hll
5058,12129.922862079728,3720.790544762532,13406.394878905307,12129.922862079728,0.0,pvalloc_29nbfs_LRG2_max_1hll
5059,6180.263867316999,4370.812830485505,8408.106235306303,6180.263867316999,0.0,pvalloc_29nbfs_LRG2_max_1hll
5060,213.02020426381725,7653.2869027727,7655.877059668427,213.02020426381725,0.0,pvalloc_29nbfs_LRG2_max_1hll
5061,0.0,12442.644294585474,12442.644294585474,0.0,0.0,pvalloc_29nbfs_LRG2_max_1hll
5062,0.0,12652.578225358759,12652.578225358759,0.0,0.0,pvalloc_29nbfs_LRG2_max_1hll
5063,0.0,12878.862779430521,12878.862779430521,0.0,0.0,pvalloc_29nbfs_LRG2_max_1hll
5064,0.0,12350.75565968853,12350.75565968853,0.0,0.0,pvalloc_29nbfs_LRG2_max_1hll
5065,0.0,11097.685205202353,11097.685205202353,0.0,0.0,pvalloc_29nbfs_LRG2_max_1hll
5066,0.0,9294.124150992036,9294.124150992036,0.0,0.0,pvalloc_29nbfs_LRG2_max_1hll
5067,0.0,7868.847255381625,7868.847255381625,0.0,0.0,pvalloc_29nbfs_LRG2_max_1hll
5068,0.0,6865.793803809358,6865.793803809358,0.0,0.0,pvalloc_29nbfs_LRG2_max_1hll
5069,0.0,7046.117084101743,7046.117084101743,0.0,0.0,pvalloc_29nbfs_LRG2_max_1hll
5070,117.85537568047444,4242.909746432644,4244.35671060321,117.85537568047444,0.0,pvalloc_29nbfs_LRG2_max_1hll
5071,13182.176153598779,2495.298644006586,13790.219129911216,13182.176153598779,0.0,pvalloc_29nbfs_LRG2_max_1hll
5072,30184.114325459937,2796.6415406583737,30456.540314097034,30184.114325459937,0.0,pvalloc_29nbfs_LRG2_max_1hll
5073,52410.646777237096,3196.018219209013,52566.81885965376,51122.46991021932,1288.1768670177753,pvalloc_29nbfs_LRG2_max_1hll
5074,69814.62522804564,3484.2937903795696,69947.50087889461,64158.3027035412,5656.322524504388,pvalloc_29nbfs_LRG2_max_1hll
5075,80385.78880603341,3902.0027176965173,80530.1687562875,70543.9646670484,9841.824138985066,pvalloc_29nbfs_LRG2_max_1hll
5076,70891.1176706126,4438.177847222173,71115.26507103135,64834.653929701155,6056.463740911478,pvalloc_29nbfs_LRG2_max_1hll
5077,62711.52419851834,4864.054879252265,63060.851506463725,59163.917764797654,3547.606433720679,pvalloc_29nbfs_LRG2_max_1hll
5078,53278.449253699226,5048.409386842501,53811.573373584455,51719.238583238075,1559.2106704611415,pvalloc_29nbfs_LRG2_max_1hll
5079,33087.96112435282,5064.471014919742,34069.30129271755,33059.77176556048,28.189358792343796,pvalloc_29nbfs_LRG2_max_1hll
5080,36288.40585251669,4694.347108743681,37028.241837738395,36183.966607929564,104.4392445871303,pvalloc_29nbfs_LRG2_max_1hll
5081,28592.202407717337,4457.469876368334,29461.960399879343,28592.202407717337,0.0,pvalloc_29nbfs_LRG2_max_1hll
5082,16325.843178814599,4413.772942834769,17741.45428031416,16325.843178814599,0.0,pvalloc_29nbfs_LRG2_max_1hll
5083,8594.371282413851,4733.290550644793,10818.076400343678,8594.371282413851,0.0,pvalloc_29nbfs_LRG2_max_1hll
5084,45.195213187612985,9038.83508086288,9039.11209089381,45.195213187612985,0.0,pvalloc_29nbfs_LRG2_max_1hll
5085,0.0,14038.884071464146,14038.884071464146,0.0,0.0,pvalloc_29nbfs_LRG2_max_1hll
5086,0.0,16707.678657408916,16707.678657408916,0.0,0.0,pvalloc_29nbfs_LRG2_max_1hll
5087,0.0,14798.423471834052,14798.423471834052,0.0,0.0,pvalloc_29nbfs_LRG2_max_1hll
5088,0.0,12920.992928294932,12920.992928294932,0.0,0.0,pvalloc_29nbfs_LRG2_max_1hll
5089,0.0,9900.944565301277,9900.944565301277,0.0,0.0,pvalloc_29nbfs_LRG2_max_1hll
5090,0.0,9389.785903685059,9389.785903685059,0.0,0.0,pvalloc_29nbfs_LRG2_max_1hll
5091,0.0,7401.546438254426,7401.546438254426,0.0,0.0,pvalloc_29nbfs_LRG2_max_1hll
5092,0.0,6692.067790682453,6692.067790682453,0.0,0.0,pvalloc_29nbfs_LRG2_max_1hll
5093,0.0,6497.448685059626,6497.448685059626,0.0,0.0,pvalloc_29nbfs_LRG2_max_1hll
5094,300.55796552937244,3841.227754612288,3844.9917158761305,300.55796552937244,0.0,pvalloc_29nbfs_LRG2_max_1hll
5095,14806.583585064445,2371.9423973661055,15273.70122562841,14806.583585064445,0.0,pvalloc_29nbfs_LRG2_max_1hll
5096,34809.753852617985,2366.763506388418,34946.504621913016,34780.31373023656,29.440122381422725,pvalloc_29nbfs_LRG2_max_1hll
5097,56899.101211981295,2793.915797271626,56993.48465780769,54845.85242782108,2053.248784160212,pvalloc_29nbfs_LRG2_max_1hll
5098,73791.60511865762,2917.9299067853367,73867.7459402951,66758.34311983801,7033.261998819565,pvalloc_29nbfs_LRG2_max_1hll
5099,89274.94466898032,3507.763432576243,89375.70953465029,75293.42702158849,13981.517647391853,pvalloc_29nbfs_LRG2_max_1hll
5100,75378.55746589333,4903.185066890683,75633.93707803394,67649.72232036601,7728.835145527294,pvalloc_29nbfs_LRG2_max_1hll
5101,66115.359406078,5574.821528783474,66582.25748109803,61528.45520019887,4586.904205879093,pvalloc_29nbfs_LRG2_max_1hll
5102,71199.98336125647,5661.452305298061,71662.26946857412,64861.32238942967,6338.6609718267155,pvalloc_29nbfs_LRG2_max_1hll
5103,64997.147675201566,5144.607170225747,65418.98246357873,60695.20846895684,4301.939206244738,pvalloc_29nbfs_LRG2_max_1hll
5104,61189.42823462505,4940.800654060736,61618.901598301156,57899.677659007015,3289.7505756180376,pvalloc_29nbfs_LRG2_max_1hll
5105,25875.103011052935,4797.376971662017,26940.580678105278,25875.103011052935,0.0,pvalloc_29nbfs_LRG2_max_1hll
5106,6548.702710971313,5127.873781674649,9134.626309047973,6548.702710971313,0.0,pvalloc_29nbfs_LRG2_max_1hll
5107,1418.7674237638935,6931.587838635812,7053.071230664355,1418.7674237638935,0.0,pvalloc_29nbfs_LRG2_max_1hll
5108,0.535854251745778,11343.68601588244,11343.68601588244,0.535854251745778,0.0,pvalloc_29nbfs_LRG2_max_1hll
5109,0.0,13173.891725783154,13173.891725783154,0.0,0.0,pvalloc_29nbfs_LRG2_max_1hll
5110,0.0,13106.449704799226,13106.449704799226,0.0,0.0,pvalloc_29nbfs_LRG2_max_1hll
5111,0.0,12603.245316458495,12603.245316458495,0.0,0.0,pvalloc_29nbfs_LRG2_max_1hll
5112,0.0,10413.182078012227,10413.182078012227,0.0,0.0,pvalloc_29nbfs_LRG2_max_1hll
5113,0.0,8993.403916155026,8993.403916155026,0.0,0.0,pvalloc_29nbfs_LRG2_max_1hll
5114,0.0,7817.172615127089,7817.172615127089,0.0,0.0,pvalloc_29nbfs_LRG2_max_1hll
5115,0.0,7187.960258470543,7187.960258470543,0.0,0.0,pvalloc_29nbfs_LRG2_max_1hll
5116,0.0,6597.782238100715,6597.782238100715,0.0,0.0,pvalloc_29nbfs_LRG2_max_1hll
5117,0.0,6653.58216958441,6653.58216958441,0.0,0.0,pvalloc_29nbfs_LRG2_max_1hll
5118,143.84021631245997,4119.30165550062,4120.986458618919,143.84021631245997,0.0,pvalloc_29nbfs_LRG2_max_1hll
5119,10270.37346854692,2358.6470136582657,10950.47919760623,10270.37346854692,0.0,pvalloc_29nbfs_LRG2_max_1hll
5120,31159.358276503277,2382.419843241109,31328.273476696006,31159.358276503277,0.0,pvalloc_29nbfs_LRG2_max_1hll
5121,54458.370556084556,2713.45436101472,54555.319170451694,52870.16862794828,1588.2019281362632,pvalloc_29nbfs_LRG2_max_1hll
5122,70451.90188771467,3179.508107439647,70548.3897347885,64646.790096749326,5805.111790965334,pvalloc_29nbfs_LRG2_max_1hll
5123,88944.35999695293,3493.823288187028,89028.58985013021,75206.25158046997,13738.108416482984,pvalloc_29nbfs_LRG2_max_1hll
5124,88535.54612092307,4692.182587116636,88700.64386336395,75039.83006526565,13495.716055657433,pvalloc_29nbfs_LRG2_max_1hll
5125,88457.57333925347,5520.703487028402,88721.69821395265,74923.137461665,13534.435877588503,pvalloc_29nbfs_LRG2_max_1hll
5126,82186.38969592298,5401.2339721051685,82477.54324383187,71509.51565446892,10676.874041454064,pvalloc_29nbfs_LRG2_max_1hll
5127,77624.39675357398,5317.236509852731,77942.77145079253,68894.28755426075,8730.109199313209,pvalloc_29nbfs_LRG2_max_1hll
5128,68752.0055791006,4485.530945593618,69009.78130467418,63353.610070406336,5398.3955086943215,pvalloc_29nbfs_LRG2_max_1hll
5129,50419.64044451749,4326.890125852813,50803.933773235134,49389.97722514056,1029.6632193769353,pvalloc_29nbfs_LRG2_max_1hll
5130,30856.98231513189,4874.969135513887,31804.6647708874,30856.98231513189,0.0,pvalloc_29nbfs_LRG2_max_1hll
5131,12203.877621552941,4979.19769619808,14328.975576510786,12203.877621552941,0.0,pvalloc_29nbfs_LRG2_max_1hll
5132,1.3776556128050066,11936.271171115339,11936.271171115339,1.3776556128050066,0.0,pvalloc_29nbfs_LRG2_max_1hll
5133,0.0,18228.216139042957,18228.216139042957,0.0,0.0,pvalloc_29nbfs_LRG2_max_1hll
5134,0.0,18162.496361710335,18162.496361710335,0.0,0.0,pvalloc_29nbfs_LRG2_max_1hll
5135,0.0,15581.30193882211,15581.30193882211,0.0,0.0,pvalloc_29nbfs_LRG2_max_1hll
5136,0.0,13660.518661518496,13660.518661518496,0.0,0.0,pvalloc_29nbfs_LRG2_max_1hll
5137,0.0,10358.480128423344,10358.480128423344,0.0,0.0,pvalloc_29nbfs_LRG2_max_1hll
5138,0.0,8828.47113398323,8828.47113398323,0.0,0.0,pvalloc_29nbfs_LRG2_max_1hll
5139,0.0,7213.798405873982,7213.798405873982,0.0,0.0,pvalloc_29nbfs_LRG2_max_1hll
5140,0.0,6479.031429122138,6479.031429122138,0.0,0.0,pvalloc_29nbfs_LRG2_max_1hll
5141,0.0,6403.162580960439,6403.162580960439,0.0,0.0,pvalloc_29nbfs_LRG2_max_1hll
5142,125.670407777925,4161.5379883699,4162.918073495239,125.670407777925,0.0,pvalloc_29nbfs_LRG2_max_1hll
5143,13309.730946673726,2354.968801534537,13829.040561587839,13309.730946673726,0.0,pvalloc_29nbfs_LRG2_max_1hll
5144,33121.042600625704,2663.19637015199,33319.702639415846,33121.042600625704,0.0,pvalloc_29nbfs_LRG2_max_1hll
5145,53987.39029018593,3207.8162605780512,54128.60704876083,52481.29744300461,1506.0928471813324,pvalloc_29nbfs_LRG2_max_1hll
5146,74380.79031954655,3328.1103685978733,74477.70493077811,67150.38860505605,7230.4017144904965,pvalloc_29nbfs_LRG2_max_1hll
5147,87668.72597648512,4249.64989275732,87793.30059526495,74622.64080218336,13046.085174301821,pvalloc_29nbfs_LRG2_max_1hll
5148,83284.44171245981,5795.197553528706,83650.3540650549,72374.85536568782,10909.586346771937,pvalloc_29nbfs_LRG2_max_1hll
5149,88105.42129790467,5321.780535014404,88345.47931531403,74828.70655545703,13276.714742447666,pvalloc_29nbfs_LRG2_max_1hll
5150,87709.5039646609,4495.762615062639,87901.08947025074,74421.80156283728,13287.702401823617,pvalloc_29nbfs_LRG2_max_1hll
5151,75878.7905498763,5025.221192457813,76149.0740194811,67936.7995301928,7941.991019683441,pvalloc_29nbfs_LRG2_max_1hll
5152,63216.377022066525,4265.46636577922,63461.17631039603,59541.42394518094,3674.9530768856002,pvalloc_29nbfs_LRG2_max_1hll
5153,45939.002369650596,3930.2782884727044,46265.71106553544,45500.931923681215,438.07044596937976,pvalloc_29nbfs_LRG2_max_1hll
5154,30686.47672404215,3930.859867461911,31274.048755963388,30686.47672404215,0.0,pvalloc_29nbfs_LRG2_max_1hll
5155,10172.994121127073,5608.233800938914,12946.524158670882,10172.994121127073,0.0,pvalloc_29nbfs_LRG2_max_1hll
5156,1.0009420182063595,13203.23336349903,13203.23336349903,1.0009420182063595,0.0,pvalloc_29nbfs_LRG2_max_1hll
5157,0.0,16656.158247084175,16656.158247084175,0.0,0.0,pvalloc_29nbfs_LRG2_max_1hll
5158,0.0,16956.666733188795,16956.666733188795,0.0,0.0,pvalloc_29nbfs_LRG2_max_1hll
5159,0.0,13878.197386105796,13878.197386105796,0.0,0.0,pvalloc_29nbfs_LRG2_max_1hll
5160,0.0,13359.709264488023,13359.709264488023,0.0,0.0,pvalloc_29nbfs_LRG2_max_1hll
5161,0.0,9823.421723926976,9823.421723926976,0.0,0.0,pvalloc_29nbfs_LRG2_max_1hll
5162,0.0,8004.918441437759,8004.918441437759,0.0,0.0,pvalloc_29nbfs_LRG2_max_1hll
5163,0.0,7279.771629046192,7279.771629046192,0.0,0.0,pvalloc_29nbfs_LRG2_max_1hll
5164,0.0,6702.512682378077,6702.512682378077,0.0,0.0,pvalloc_29nbfs_LRG2_max_1hll
5165,0.0,6398.7645866892735,6398.7645866892735,0.0,0.0,pvalloc_29nbfs_LRG2_max_1hll
5166,103.12480693250622,4348.62967026252,4349.730334334774,103.12480693250622,0.0,pvalloc_29nbfs_LRG2_max_1hll
5167,12664.488294336861,2548.2306398484902,13329.362731746236,12664.488294336861,0.0,pvalloc_29nbfs_LRG2_max_1hll
5168,33069.12599977258,2920.529474503846,33324.09356778804,33069.12599977258,0.0,pvalloc_29nbfs_LRG2_max_1hll
5169,54921.88824242947,3160.623130097774,55053.775500084,53246.289440736204,1675.5988016932597,pvalloc_29nbfs_LRG2_max_1hll
5170,74950.54586892341,3061.32760499035,75034.74255691364,67470.13048419518,7480.415384728284,pvalloc_29nbfs_LRG2_max_1hll
5171,89761.22159766773,3765.1949048936235,89860.99891545449,75624.52971902347,14136.691878644255,pvalloc_29nbfs_LRG2_max_1hll
5172,84044.32169916609,4277.753533387019,84203.64148941617,72612.64834856184,11431.673350604267,pvalloc_29nbfs_LRG2_max_1hll
5173,78329.30524864416,4586.164947695464,78543.78098547357,69380.02677468437,8949.278473959776,pvalloc_29nbfs_LRG2_max_1hll
5174,88623.40972689351,4540.778961204452,88811.6476110583,74912.63431783557,13710.775409057898,pvalloc_29nbfs_LRG2_max_1hll
5175,76371.62125051122,4722.101958619253,76618.16080994473,68188.94776247212,8182.673488039058,pvalloc_29nbfs_LRG2_max_1hll
5176,61171.28946307078,4537.16034561197,61476.02954727376,57989.288822975424,3182.0006400953544,pvalloc_29nbfs_LRG2_max_1hll
5177,41843.571362304094,4211.117474267552,42317.649671818246,41630.649710587866,212.92165171621838,pvalloc_29nbfs_LRG2_max_1hll
5178,22928.654116867445,4132.443629979021,23848.752266828713,22928.654116867445,0.0,pvalloc_29nbfs_LRG2_max_1hll
5179,9386.1002535601,4312.4392793352345,11203.633808821864,9386.1002535601,0.0,pvalloc_29nbfs_LRG2_max_1hll
5180,20.176581691828932,9583.636225449205,9583.793186840629,20.176581691828932,0.0,pvalloc_29nbfs_LRG2_max_1hll
5181,0.0,17958.547144614717,17958.547144614717,0.0,0.0,pvalloc_29nbfs_LRG2_max_1hll
5182,0.0,15508.105894089558,15508.105894089558,0.0,0.0,pvalloc_29nbfs_LRG2_max_1hll
5183,0.0,14273.89740347325,14273.89740347325,0.0,0.0,pvalloc_29nbfs_LRG2_max_1hll
5184,0.0,13200.332246555769,13200.332246555769,0.0,0.0,pvalloc_29nbfs_LRG2_max_1hll
5185,0.0,9638.325646422078,9638.325646422078,0.0,0.0,pvalloc_29nbfs_LRG2_max_1hll
5186,0.0,8321.584507793394,8321.584507793394,0.0,0.0,pvalloc_29nbfs_LRG2_max_1hll
5187,0.0,7169.817360127393,7169.817360127393,0.0,0.0,pvalloc_29nbfs_LRG2_max_1hll
5188,0.0,7079.928698781938,7079.928698781938,0.0,0.0,pvalloc_29nbfs_LRG2_max_1hll
5189,0.0,6529.334832922409,6529.334832922409,0.0,0.0,pvalloc_29nbfs_LRG2_max_1hll
5190,43.80645745563284,4767.972152566006,4768.46853476177,43.80645745563284,0.0,pvalloc_29nbfs_LRG2_max_1hll
5191,10379.173811013017,2502.264231581119,11129.230050285936,10379.173811013017,0.0,pvalloc_29nbfs_LRG2_max_1hll
5192,27614.61403945882,2857.158431505942,27936.332266367055,27614.61403945882,0.0,pvalloc_29nbfs_LRG2_max_1hll
5193,49198.32987707929,3114.978908148233,49352.74641391617,48460.40334619424,737.926530885047,pvalloc_29nbfs_LRG2_max_1hll
5194,62325.25351773514,3395.826793495272,62459.21093923608,58969.17384270959,3356.079675025555,pvalloc_29nbfs_LRG2_max_1hll
5195,70882.93959568223,4074.589165369969,71051.22784184809,64939.71941736201,5943.22017832031,pvalloc_29nbfs_LRG2_max_1hll
5196,68356.25502404457,5045.849333196774,68692.52562265129,63287.27708134096,5068.9779427036065,pvalloc_29nbfs_LRG2_max_1hll
5197,72587.6183870973,4919.529212970295,72862.12984994505,65921.84365674052,6665.7747303567785,pvalloc_29nbfs_LRG2_max_1hll
5198,71337.61970886185,5431.279702315484,71707.65519780683,65109.22850806888,6228.3912007929175,pvalloc_29nbfs_LRG2_max_1hll
5199,70446.38614070072,4903.507834457009,70744.82113493764,64495.782938360404,5950.603202340301,pvalloc_29nbfs_LRG2_max_1hll
5200,42358.26489444055,3815.1944761287864,42728.53415038218,42124.420451386715,233.84444305383784,pvalloc_29nbfs_LRG2_max_1hll
5201,27218.31799034727,3805.070265786129,27864.79057853629,27218.31799034727,0.0,pvalloc_29nbfs_LRG2_max_1hll
5202,13101.280347977423,4327.8211903802085,14762.34332893231,13101.280347977423,0.0,pvalloc_29nbfs_LRG2_max_1hll
5203,8222.454379256773,4806.4709735538345,10541.178254902175,8222.454379256773,0.0,pvalloc_29nbfs_LRG2_max_1hll
5204,0.0,15090.484209171449,15090.484209171449,0.0,0.0,pvalloc_29nbfs_LRG2_max_1hll
5205,0.0,15791.348827533151,15791.348827533151,0.0,0.0,pvalloc_29nbfs_LRG2_max_1hll
5206,0.0,15247.75572798058,15247.75572798058,0.0,0.0,pvalloc_29nbfs_LRG2_max_1hll
5207,0.0,15008.225250668322,15008.225250668322,0.0,0.0,pvalloc_29nbfs_LRG2_max_1hll
5208,0.0,12069.433844123947,12069.433844123947,0.0,0.0,pvalloc_29nbfs_LRG2_max_1hll
5209,0.0,11145.876780548275,11145.876780548275,0.0,0.0,pvalloc_29nbfs_LRG2_max_1hll
5210,0.0,8940.899584908117,8940.899584908117,0.0,0.0,pvalloc_29nbfs_LRG2_max_1hll
5211,0.0,7874.895807358424,7874.895807358424,0.0,0.0,pvalloc_29nbfs_LRG2_max_1hll
5212,0.0,7043.64455664798,7043.64455664798,0.0,0.0,pvalloc_29nbfs_LRG2_max_1hll
5213,0.0,7125.558647681809,7125.558647681809,0.0,0.0,pvalloc_29nbfs_LRG2_max_1hll
5214,3.625314141441039,5733.922578506552,5733.994261802365,3.625314141441039,0.0,pvalloc_29nbfs_LRG2_max_1hll
5215,1654.6485128186634,3023.5598941778435,3676.1037388769464,1654.6485128186634,0.0,pvalloc_29nbfs_LRG2_max_1hll
5216,6112.904616579553,2945.366313317386,7459.932147976683,6112.904616579553,0.0,pvalloc_29nbfs_LRG2_max_1hll
5217,12206.761924727869,3187.85624662978,13276.178263956434,12206.761924727869,0.0,pvalloc_29nbfs_LRG2_max_1hll
5218,23896.19225386433,3307.5459561180883,24455.843615208614,23896.19225386433,0.0,pvalloc_29nbfs_LRG2_max_1hll
5219,28434.96446590814,3946.143206657145,29102.79837838063,28434.96446590814,0.0,pvalloc_29nbfs_LRG2_max_1hll
5220,21057.021495765337,5082.977564357378,22720.711646503547,21057.021495765337,0.0,pvalloc_29nbfs_LRG2_max_1hll
5221,45702.40461847481,4532.499987502513,46208.08939332767,45247.36225635999,455.04236211481657,pvalloc_29nbfs_LRG2_max_1hll
5222,60422.258402015694,4698.8889088649785,60776.33477195547,57384.49802861519,3037.7603734005174,pvalloc_29nbfs_LRG2_max_1hll
5223,47449.214839311884,4724.811354350441,47966.95700670924,46832.22169377224,616.9931455396379,pvalloc_29nbfs_LRG2_max_1hll
5224,47806.473210340904,4121.419118925403,48172.63187083869,47165.79285167832,640.6803586625898,pvalloc_29nbfs_LRG2_max_1hll
5225,35804.34301286584,4199.674236119759,36379.04898806041,35735.94205500926,68.40095785657473,pvalloc_29nbfs_LRG2_max_1hll
5226,24959.675054024854,4094.4885751588604,25779.227198142875,24959.675054024854,0.0,pvalloc_29nbfs_LRG2_max_1hll
5227,10272.545800487213,4773.899229128686,12374.927855986945,10272.545800487213,0.0,pvalloc_29nbfs_LRG2_max_1hll
5228,0.2510507636870594,12343.197150562146,12343.197150562146,0.2510507636870594,0.0,pvalloc_29nbfs_LRG2_max_1hll
5229,0.0,17463.78761121696,17463.78761121696,0.0,0.0,pvalloc_29nbfs_LRG2_max_1hll
5230,0.0,16776.24576513662,16776.24576513662,0.0,0.0,pvalloc_29nbfs_LRG2_max_1hll
5231,0.0,13863.094861205216,13863.094861205216,0.0,0.0,pvalloc_29nbfs_LRG2_max_1hll
5232,0.0,12379.083196074876,12379.083196074876,0.0,0.0,pvalloc_29nbfs_LRG2_max_1hll
5233,0.0,10840.79645112631,10840.79645112631,0.0,0.0,pvalloc_29nbfs_LRG2_max_1hll
5234,0.0,8839.19314086043,8839.19314086043,0.0,0.0,pvalloc_29nbfs_LRG2_max_1hll
5235,0.0,7691.549078353806,7691.549078353806,0.0,0.0,pvalloc_29nbfs_LRG2_max_1hll
5236,0.0,6881.18871406951,6881.18871406951,0.0,0.0,pvalloc_29nbfs_LRG2_max_1hll
5237,0.0,7020.828203404438,7020.828203404438,0.0,0.0,pvalloc_29nbfs_LRG2_max_1hll
5238,66.56052750413515,4740.681631017768,4741.365993834969,66.56052750413515,0.0,pvalloc_29nbfs_LRG2_max_1hll
5239,11463.537789214373,2608.578153432549,12194.506268885862,11463.537789214373,0.0,pvalloc_29nbfs_LRG2_max_1hll
5240,24409.536664976997,2926.971073171228,24813.711875873654,24409.536664976997,0.0,pvalloc_29nbfs_LRG2_max_1hll
5241,48308.61769054336,3153.1756252427404,48473.53495849163,47675.21648135186,633.4012091914974,pvalloc_29nbfs_LRG2_max_1hll
5242,62267.082611951606,3597.6487860014413,62419.869887636414,58924.371641732265,3342.7109702193416,pvalloc_29nbfs_LRG2_max_1hll
5243,68822.89340905477,3909.742551737498,68988.95623617983,63527.23339203148,5295.660017023364,pvalloc_29nbfs_LRG2_max_1hll
5244,56485.41635088198,4417.982474716367,56801.149799582985,54428.96654611557,2056.4498047664015,pvalloc_29nbfs_LRG2_max_1hll
5245,54916.553389768254,4932.526560006504,55365.52460727228,53139.19414473239,1777.3592450358592,pvalloc_29nbfs_LRG2_max_1hll
5246,51255.6843327699,4986.670034043952,51802.64674262328,50048.97664300596,1206.7076897639356,pvalloc_29nbfs_LRG2_max_1hll
5247,50999.590739184285,4681.216243867454,51473.91234799617,49847.82830517989,1151.7624340043883,pvalloc_29nbfs_LRG2_max_1hll
5248,43374.91346409966,4129.402805912245,43830.83078680205,43076.89942648818,298.014037611497,pvalloc_29nbfs_LRG2_max_1hll
5249,35406.69803799693,4003.8053139618123,35940.921127817994,35345.079690334525,61.61834766240554,pvalloc_29nbfs_LRG2_max_1hll
5250,18128.062118809565,4538.939389407532,19494.351058821714,18128.062118809565,0.0,pvalloc_29nbfs_LRG2_max_1hll
5251,8336.11156793921,5133.732678850811,10856.091658557556,8336.11156793921,0.0,pvalloc_29nbfs_LRG2_max_1hll
5252,0.0,18999.828699045953,18999.828699045953,0.0,0.0,pvalloc_29nbfs_LRG2_max_1hll
5253,0.0,19290.58011697165,19290.58011697165,0.0,0.0,pvalloc_29nbfs_LRG2_max_1hll
5254,0.0,16835.26838147422,16835.26838147422,0.0,0.0,pvalloc_29nbfs_LRG2_max_1hll
5255,0.0,14924.78827852718,14924.78827852718,0.0,0.0,pvalloc_29nbfs_LRG2_max_1hll
5256,0.0,13381.168060104115,13381.168060104115,0.0,0.0,pvalloc_29nbfs_LRG2_max_1hll
5257,0.0,10539.960012448035,10539.960012448035,0.0,0.0,pvalloc_29nbfs_LRG2_max_1hll
5258,0.0,8429.066249258418,8429.066249258418,0.0,0.0,pvalloc_29nbfs_LRG2_max_1hll
5259,0.0,7662.686930720702,7662.686930720702,0.0,0.0,pvalloc_29nbfs_LRG2_max_1hll
5260,0.0,6987.56971605249,6987.56971605249,0.0,0.0,pvalloc_29nbfs_LRG2_max_1hll
5261,0.0,6946.060646242225,6946.060646242225,0.0,0.0,pvalloc_29nbfs_LRG2_max_1hll
5262,58.81119421339386,4987.258900868146,4987.88196979529,58.81119421339386,0.0,pvalloc_29nbfs_LRG2_max_1hll
5263,12692.294126166129,2562.982897582872,13330.747509116372,12692.294126166129,0.0,pvalloc_29nbfs_LRG2_max_1hll
5264,33511.215551946254,2856.0886730538505,33746.688031904145,33507.17678774395,4.038764202306822,pvalloc_29nbfs_LRG2_max_1hll
5265,56207.52762416308,2947.183623558681,56320.01636563857,54285.23006703942,1922.2975571236575,pvalloc_29nbfs_LRG2_max_1hll
5266,75237.18834578429,3724.4323431317803,75353.87604248335,67686.00438390378,7551.183961880509,pvalloc_29nbfs_LRG2_max_1hll
5267,88841.46909319864,4800.2509836084255,89011.29179088093,75244.08107191572,13597.388021282894,pvalloc_29nbfs_LRG2_max_1hll
5268,86134.8906928177,5848.261088967273,86468.17991712897,73824.56351141256,12310.327181405084,pvalloc_29nbfs_LRG2_max_1hll
5269,91032.31730740867,5814.744604230781,91321.0513431531,76245.41162300207,14786.905684406616,pvalloc_29nbfs_LRG2_max_1hll
5270,91517.28977605165,5228.563894190182,91786.36055536411,76222.57303898878,15294.716737062863,pvalloc_29nbfs_LRG2_max_1hll
5271,83059.55970829802,5020.184295226816,83321.13079921971,71934.01809043238,11125.541617865703,pvalloc_29nbfs_LRG2_max_1hll
5272,69201.45858480324,4778.522147863421,69488.626504092,63669.14188603198,5532.316698771167,pvalloc_29nbfs_LRG2_max_1hll
5273,52132.50200266091,4342.843335707967,52507.24504137518,50816.29521519886,1316.2067874620534,pvalloc_29nbfs_LRG2_max_1hll
5274,31267.821304721936,4443.1314453190735,32031.34548879752,31267.821304721936,0.0,pvalloc_29nbfs_LRG2_max_1hll
5275,12677.280709498797,4709.137368324093,14450.345641890126,12677.280709498797,0.0,pvalloc_29nbfs_LRG2_max_1hll
5276,0.001144878417680309,16107.688227637522,16107.688227637522,0.001144878417680309,0.0,pvalloc_29nbfs_LRG2_max_1hll
5277,0.0,16661.54003587522,16661.54003587522,0.0,0.0,pvalloc_29nbfs_LRG2_max_1hll
5278,0.0,16071.87963882066,16071.87963882066,0.0,0.0,pvalloc_29nbfs_LRG2_max_1hll
5279,0.0,16513.615011586437,16513.615011586437,0.0,0.0,pvalloc_29nbfs_LRG2_max_1hll
5280,0.0,14223.4027375802,14223.4027375802,0.0,0.0,pvalloc_29nbfs_LRG2_max_1hll
5281,0.0,10189.901163932846,10189.901163932846,0.0,0.0,pvalloc_29nbfs_LRG2_max_1hll
5282,0.0,9219.90861812319,9219.90861812319,0.0,0.0,pvalloc_29nbfs_LRG2_max_1hll
5283,0.0,8077.212368111326,8077.212368111326,0.0,0.0,pvalloc_29nbfs_LRG2_max_1hll
5284,0.0,7416.388772703772,7416.388772703772,0.0,0.0,pvalloc_29nbfs_LRG2_max_1hll
5285,0.0,7104.393955178768,7104.393955178768,0.0,0.0,pvalloc_29nbfs_LRG2_max_1hll
5286,19.622253248941224,5505.1916413018525,5505.454170036488,19.622253248941224,0.0,pvalloc_29nbfs_LRG2_max_1hll
5287,11801.568657243128,2604.42058736598,12508.044291488028,11801.568657243128,0.0,pvalloc_29nbfs_LRG2_max_1hll
5288,33677.664711008474,2762.7791168852555,33892.92672907054,33671.2939999824,6.370711026070467,pvalloc_29nbfs_LRG2_max_1hll
5289,55894.582365420916,2764.9647191809827,55995.510283875614,54031.83988481338,1862.74248060754,pvalloc_29nbfs_LRG2_max_1hll
5290,74194.60947780684,3621.4403179450787,74304.5046375446,67059.60181512377,7135.00766268306,pvalloc_29nbfs_LRG2_max_1hll
5291,90229.69745913717,4049.853135781912,90351.99664813933,75846.14494593344,14383.552513203722,pvalloc_29nbfs_LRG2_max_1hll
5292,85627.8406047241,5619.108891710531,85928.48559226695,73560.79933309711,12067.041271626947,pvalloc_29nbfs_LRG2_max_1hll
5293,91381.3381104939,5532.83544367676,91640.58554113188,76309.46356280426,15071.874547689598,pvalloc_29nbfs_LRG2_max_1hll
5294,86760.05704572049,6652.633107167271,87214.75136100122,73914.14128975358,12845.915755966926,pvalloc_29nbfs_LRG2_max_1hll
5295,80019.40922625377,6058.4702947202795,80440.57911588659,70232.59900526164,9786.810220992069,pvalloc_29nbfs_LRG2_max_1hll
5296,65454.252394811716,6116.4763323671805,66041.43963504619,61112.083627057415,4342.168767754311,pvalloc_29nbfs_LRG2_max_1hll
5297,49703.67183806964,5439.192406776939,50394.075989469144,48730.84720114219,972.8246369274627,pvalloc_29nbfs_LRG2_max_1hll
5298,29313.785826891744,5433.018721327772,30517.528822866625,29313.785826891744,0.0,pvalloc_29nbfs_LRG2_max_1hll
5299,8810.809555639527,6468.155750630979,12181.682511017261,8810.809555639527,0.0,pvalloc_29nbfs_LRG2_max_1hll
5300,0.006800150706788646,16914.68979499053,16914.68979499053,0.006800150706788646,0.0,pvalloc_29nbfs_LRG2_max_1hll
5301,0.0,19664.8737674663,19664.8737674663,0.0,0.0,pvalloc_29nbfs_LRG2_max_1hll
5302,0.0,21717.297616531436,21717.297616531436,0.0,0.0,pvalloc_29nbfs_LRG2_max_1hll
5303,0.0,17214.825474050005,17214.825474050005,0.0,0.0,pvalloc_29nbfs_LRG2_max_1hll
5304,0.0,12578.207549128692,12578.207549128692,0.0,0.0,pvalloc_29nbfs_LRG2_max_1hll
5305,0.0,10294.109997870488,10294.109997870488,0.0,0.0,pvalloc_29nbfs_LRG2_max_1hll
5306,0.0,8325.709247505114,8325.709247505114,0.0,0.0,pvalloc_29nbfs_LRG2_max_1hll
5307,0.0,7293.515981600716,7293.515981600716,0.0,0.0,pvalloc_29nbfs_LRG2_max_1hll
5308,0.0,6735.774478834691,6735.774478834691,0.0,0.0,pvalloc_29nbfs_LRG2_max_1hll
5309,0.0,6710.483943585054,6710.483943585054,0.0,0.0,pvalloc_29nbfs_LRG2_max_1hll
5310,30.315561975757422,4984.683664089694,4985.068789530366,30.315561975757422,0.0,pvalloc_29nbfs_LRG2_max_1hll
5311,11753.750056287165,2510.556454798893,12420.90452363352,11753.750056287165,0.0,pvalloc_29nbfs_LRG2_max_1hll
5312,32874.84298375969,2874.343565492166,33123.003530983704,32874.84298375969,0.0,pvalloc_29nbfs_LRG2_max_1hll
5313,54824.03384364466,3219.797456771727,54964.319657585416,53157.34774016855,1666.6861034761107,pvalloc_29nbfs_LRG2_max_1hll
5314,74969.38098963744,3688.729536583982,75095.21699388303,67488.93916483854,7480.441824798865,pvalloc_29nbfs_LRG2_max_1hll
5315,91205.010048834,3849.742324431742,91317.4441068749,76301.81787434497,14903.192174488993,pvalloc_29nbfs_LRG2_max_1hll
5316,85249.05923564843,5913.176444007982,85598.00805002985,73343.40186458707,11905.657371061274,pvalloc_29nbfs_LRG2_max_1hll
5317,90973.9315033492,5415.218212128405,91213.32944194185,76186.95457127363,14786.976932075604,pvalloc_29nbfs_LRG2_max_1hll
5318,88577.7719360008,5553.045414626009,88848.98977807246,74911.2233207028,13666.548615298008,pvalloc_29nbfs_LRG2_max_1hll
5319,82031.94310419196,4917.0295983048445,82264.93544005122,71435.80642305064,10596.136681141272,pvalloc_29nbfs_LRG2_max_1hll
5320,67949.35765982949,4825.657031630294,68246.60581674388,62838.87169304255,5110.485966786974,pvalloc_29nbfs_LRG2_max_1hll
5321,50065.55946667365,4697.474032687259,50522.02394935025,49103.496347981454,962.0631186922008,pvalloc_29nbfs_LRG2_max_1hll
5322,31973.65378423217,3954.8094515473094,32567.22456727827,31973.65378423217,0.0,pvalloc_29nbfs_LRG2_max_1hll
5323,10839.222277950681,4742.180658465735,12905.806839026662,10839.222277950681,0.0,pvalloc_29nbfs_LRG2_max_1hll
5324,0.6232388764581751,11780.080310221141,11780.080310221141,0.6232388764581751,0.0,pvalloc_29nbfs_LRG2_max_1hll
5325,0.0,17798.4514230697,17798.4514230697,0.0,0.0,pvalloc_29nbfs_LRG2_max_1hll
5326,0.0,19605.3340161297,19605.3340161297,0.0,0.0,pvalloc_29nbfs_LRG2_max_1hll
5327,0.0,17993.3392447101,17993.3392447101,0.0,0.0,pvalloc_29nbfs_LRG2_max_1hll
5328,0.0,14499.905393880888,14499.905393880888,0.0,0.0,pvalloc_29nbfs_LRG2_max_1hll
5329,0.0,10706.798579119697,10706.798579119697,0.0,0.0,pvalloc_29nbfs_LRG2_max_1hll
5330,0.0,8691.305275136961,8691.305275136961,0.0,0.0,pvalloc_29nbfs_LRG2_max_1hll
5331,0.0,7299.838339654399,7299.838339654399,0.0,0.0,pvalloc_29nbfs_LRG2_max_1hll
5332,0.0,6942.486827788975,6942.486827788975,0.0,0.0,pvalloc_29nbfs_LRG2_max_1hll
5333,0.0,6828.1340130815815,6828.1340130815815,0.0,0.0,pvalloc_29nbfs_LRG2_max_1hll
5334,10.256085370073869,5417.629323098447,5417.764913678848,10.256085370073869,0.0,pvalloc_29nbfs_LRG2_max_1hll
5335,10507.423828825396,2805.7819171602086,11440.353820794486,10507.423828825396,0.0,pvalloc_29nbfs_LRG2_max_1hll
5336,31593.583458424786,3234.456653365039,31948.147428773573,31593.583458424786,0.0,pvalloc_29nbfs_LRG2_max_1hll
5337,53935.047634164286,3412.6627263109376,54103.0143864211,52419.13565471377,1515.9119794505257,pvalloc_29nbfs_LRG2_max_1hll
5338,73885.42927923349,3725.5709538902292,74012.67616811705,66838.93695772557,7046.49232150788,pvalloc_29nbfs_LRG2_max_1hll
5339,89061.11090377952,4023.0981602943975,89178.3253028222,75282.26442342016,13778.84648035935,pvalloc_29nbfs_LRG2_max_1hll
5340,84375.46414508294,5740.350559746942,84723.20676771067,72969.13349633476,11406.330648748193,pvalloc_29nbfs_LRG2_max_1hll
5341,88674.02073776902,5708.710013053569,88963.87552676687,75103.32911360728,13570.691624161762,pvalloc_29nbfs_LRG2_max_1hll
5342,85486.06904191161,6552.659386204608,85942.71604417801,73437.53823798003,12048.530803931566,pvalloc_29nbfs_LRG2_max_1hll
5343,80364.52640880678,5459.1867090508495,80673.71267841427,70491.75526135958,9872.771147447162,pvalloc_29nbfs_LRG2_max_1hll
5344,68395.4916713172,4524.344633341749,68652.8608573767,63130.73739559411,5264.7542757232095,pvalloc_29nbfs_LRG2_max_1hll
5345,48973.46587919663,4481.468488608478,49395.15068916736,48182.535748098664,790.9301310979552,pvalloc_29nbfs_LRG2_max_1hll
5346,29296.00969432178,4464.088761664078,30122.642935556203,29296.00969432178,0.0,pvalloc_29nbfs_LRG2_max_1hll
5347,7445.597374174875,6365.536680339611,10948.17010665322,7445.597374174875,0.0,pvalloc_29nbfs_LRG2_max_1hll
5348,0.0,15989.36698080455,15989.36698080455,0.0,0.0,pvalloc_29nbfs_LRG2_max_1hll
5349,0.0,16826.715043934226,16826.715043934226,0.0,0.0,pvalloc_29nbfs_LRG2_max_1hll
5350,0.0,17455.218388780384,17455.218388780384,0.0,0.0,pvalloc_29nbfs_LRG2_max_1hll
5351,0.0,17312.601875985758,17312.601875985758,0.0,0.0,pvalloc_29nbfs_LRG2_max_1hll
5352,0.0,14414.143741518079,14414.143741518079,0.0,0.0,pvalloc_29nbfs_LRG2_max_1hll
5353,0.0,9954.172012300509,9954.172012300509,0.0,0.0,pvalloc_29nbfs_LRG2_max_1hll
5354,0.0,8448.308232531268,8448.308232531268,0.0,0.0,pvalloc_29nbfs_LRG2_max_1hll
5355,0.0,7461.470557932399,7461.470557932399,0.0,0.0,pvalloc_29nbfs_LRG2_max_1hll
5356,0.0,6904.553782501744,6904.553782501744,0.0,0.0,pvalloc_29nbfs_LRG2_max_1hll
5357,0.0,6785.528064411384,6785.528064411384,0.0,0.0,pvalloc_29nbfs_LRG2_max_1hll
5358,16.209078071178528,5397.895903114518,5398.125866990676,16.209078071178528,0.0,pvalloc_29nbfs_LRG2_max_1hll
5359,10624.381128830586,2700.357656425039,11466.547485423416,10624.381128830586,0.0,pvalloc_29nbfs_LRG2_max_1hll
5360,31820.653803367306,3036.5775677431147,32120.830297456254,31820.653803367306,0.0,pvalloc_29nbfs_LRG2_max_1hll
5361,51636.5836298656,4021.6758097040597,51939.98618607849,50512.161256509426,1124.422373356169,pvalloc_29nbfs_LRG2_max_1hll
5362,72723.42855720167,4119.579959371816,72886.83078259126,66138.79915823812,6584.629398963621,pvalloc_29nbfs_LRG2_max_1hll
5363,86948.48434841122,4994.827024495932,87156.19451683793,74317.863165232,12630.621183179186,pvalloc_29nbfs_LRG2_max_1hll
5364,84903.56970205485,5829.793784504602,85263.84037781577,73253.37581017755,11650.193891877325,pvalloc_29nbfs_LRG2_max_1hll
5365,87857.49624064894,6394.1819607907,88290.22221655241,74772.8884185317,13084.607822117234,pvalloc_29nbfs_LRG2_max_1hll
5366,90089.28303301607,5273.567940798178,90326.91434074774,75677.37854566918,14411.904487346885,pvalloc_29nbfs_LRG2_max_1hll
5367,81546.13780913748,4898.52021369207,81772.33554341069,71195.63306938922,10350.504739748201,pvalloc_29nbfs_LRG2_max_1hll
5368,67796.48585113972,4601.350348740345,68052.34450202527,62801.501997937485,4994.983853202233,pvalloc_29nbfs_LRG2_max_1hll
5369,48936.799555610945,4696.805284304964,49399.35894835118,48175.17216961958,761.627385991369,pvalloc_29nbfs_LRG2_max_1hll
5370,28014.14623241863,4838.861047949202,29080.491188964297,28014.14623241863,0.0,pvalloc_29nbfs_LRG2_max_1hll
5371,9369.279878590623,5175.9418005870475,11829.476876263878,9369.279878590623,0.0,pvalloc_29nbfs_LRG2_max_1hll
5372,0.0,16855.48241257768,16855.48241257768,0.0,0.0,pvalloc_29nbfs_LRG2_max_1hll
5373,0.0,17345.892495044838,17345.892495044838,0.0,0.0,pvalloc_29nbfs_LRG2_max_1hll
5374,0.0,16579.52219038973,16579.52219038973,0.0,0.0,pvalloc_29nbfs_LRG2_max_1hll
5375,0.0,15251.446364993697,15251.446364993697,0.0,0.0,pvalloc_29nbfs_LRG2_max_1hll
5376,0.0,13188.262672566276,13188.262672566276,0.0,0.0,pvalloc_29nbfs_LRG2_max_1hll
5377,0.0,11323.92566649367,11323.92566649367,0.0,0.0,pvalloc_29nbfs_LRG2_max_1hll
5378,0.0,9734.491596408214,9734.491596408214,0.0,0.0,pvalloc_29nbfs_LRG2_max_1hll
5379,0.0,8493.11069650855,8493.11069650855,0.0,0.0,pvalloc_29nbfs_LRG2_max_1hll
5380,0.0,7434.255107382792,7434.255107382792,0.0,0.0,pvalloc_29nbfs_LRG2_max_1hll
5381,0.0,7087.3506932827795,7087.3506932827795,0.0,0.0,pvalloc_29nbfs_LRG2_max_1hll
5382,6.534915667558907,5749.253566390912,5749.352957200752,6.534915667558907,0.0,pvalloc_29nbfs_LRG2_max_1hll
5383,10255.335426230386,2774.5120741529795,11159.401164542685,10255.335426230386,0.0,pvalloc_29nbfs_LRG2_max_1hll
5384,32075.047288869126,2885.598050333517,32342.38736979896,32075.047288869126,0.0,pvalloc_29nbfs_LRG2_max_1hll
5385,54208.656419241524,3221.0025631125245,54353.889336832646,52639.86188499905,1568.794534242475,pvalloc_29nbfs_LRG2_max_1hll
5386,72815.1065557275,3905.2352820902584,72954.39483653309,66188.13121207953,6626.975343648008,pvalloc_29nbfs_LRG2_max_1hll
5387,88432.25451189703,4434.800077774518,88579.83474576571,74967.05476768008,13465.199744216954,pvalloc_29nbfs_LRG2_max_1hll
5388,85524.34882686987,5516.984884845277,85808.2976696829,73491.44107310427,12032.9077537656,pvalloc_29nbfs_LRG2_max_1hll
5389,89258.66712989612,5835.616186667276,89560.21637855873,75344.54680364009,13914.120326256078,pvalloc_29nbfs_LRG2_max_1hll
5390,85625.2944743631,6239.885202273532,86013.4836553133,73454.46258550577,12170.831888857281,pvalloc_29nbfs_LRG2_max_1hll
5391,78828.17569422717,5603.984319184197,79163.58463296802,69676.8186237946,9151.357070432501,pvalloc_29nbfs_LRG2_max_1hll
5392,64786.51269970013,5314.592930204851,65194.27257848679,60742.74066349651,4043.7720362036052,pvalloc_29nbfs_LRG2_max_1hll
5393,46004.693276063445,5338.351139735511,46715.509725444805,45559.784585900874,444.9086901625756,pvalloc_29nbfs_LRG2_max_1hll
5394,27036.272685170497,4954.141089224528,28201.73589279985,27036.272685170497,0.0,pvalloc_29nbfs_LRG2_max_1hll
5395,6323.0750875282565,7005.383435863869,10431.229726547355,6323.0750875282565,0.0,pvalloc_29nbfs_LRG2_max_1hll
5396,0.0,17145.583653868252,17145.583653868252,0.0,0.0,pvalloc_29nbfs_LRG2_max_1hll
5397,0.0,18592.212130355496,18592.212130355496,0.0,0.0,pvalloc_29nbfs_LRG2_max_1hll
5398,0.0,17959.280865600802,17959.280865600802,0.0,0.0,pvalloc_29nbfs_LRG2_max_1hll
5399,0.0,15321.147510146637,15321.147510146637,0.0,0.0,pvalloc_29nbfs_LRG2_max_1hll
5400,0.0,13722.161589340783,13722.161589340783,0.0,0.0,pvalloc_29nbfs_LRG2_max_1hll
5401,0.0,10430.229263731499,10430.229263731499,0.0,0.0,pvalloc_29nbfs_LRG2_max_1hll
5402,0.0,8829.571873465273,8829.571873465273,0.0,0.0,pvalloc_29nbfs_LRG2_max_1hll
5403,0.0,7657.188196967487,7657.188196967487,0.0,0.0,pvalloc_29nbfs_LRG2_max_1hll
5404,0.0,7455.696363549953,7455.696363549953,0.0,0.0,pvalloc_29nbfs_LRG2_max_1hll
5405,0.0,7031.549107246735,7031.549107246735,0.0,0.0,pvalloc_29nbfs_LRG2_max_1hll
5406,2.0061183326924255,6089.524121760766,6089.571472753298,2.0061183326924255,0.0,pvalloc_29nbfs_LRG2_max_1hll
5407,10248.137012327967,2615.885611557813,11051.624126530325,10248.137012327967,0.0,pvalloc_29nbfs_LRG2_max_1hll
5408,29309.948105457897,3029.0681168966794,29648.621845314567,29309.948105457897,0.0,pvalloc_29nbfs_LRG2_max_1hll
5409,48771.7268825869,3991.4495593235188,49088.19642614009,48077.848758276195,693.8781243107132,pvalloc_29nbfs_LRG2_max_1hll
5410,67056.77482710093,3842.8198413673836,67218.18754167795,62353.62849831716,4703.146328783764,pvalloc_29nbfs_LRG2_max_1hll
5411,74858.2915028018,4142.303651760787,75029.92568143414,67362.94493523876,7495.346567563102,pvalloc_29nbfs_LRG2_max_1hll
5412,63315.80361338934,5462.651085104767,63795.244827757386,59690.12301663032,3625.680596759025,pvalloc_29nbfs_LRG2_max_1hll
5413,62782.47760284521,6093.955076139147,63412.15767958451,59242.677234875206,3539.8003679700187,pvalloc_29nbfs_LRG2_max_1hll
5414,57284.64046714868,6035.391975649126,58007.28104199088,54913.234264545,2371.406202603699,pvalloc_29nbfs_LRG2_max_1hll
5415,46213.58096595888,5488.38657767121,46971.953393602504,45700.932997966454,512.6479679924236,pvalloc_29nbfs_LRG2_max_1hll
5416,34375.24903060115,5014.532597955134,35265.0612317795,34325.50433108671,49.74469951443666,pvalloc_29nbfs_LRG2_max_1hll
5417,27444.297871111306,4820.555767825986,28496.823213985932,27444.297871111306,0.0,pvalloc_29nbfs_LRG2_max_1hll
5418,11361.47602332032,5234.178810492364,13694.809762976787,11361.47602332032,0.0,pvalloc_29nbfs_LRG2_max_1hll
5419,2517.628563970242,6574.624414346046,7235.109252896679,2517.628563970242,0.0,pvalloc_29nbfs_LRG2_max_1hll
5420,0.0,14157.13239264046,14157.13239264046,0.0,0.0,pvalloc_29nbfs_LRG2_max_1hll
5421,0.0,16175.317955120869,16175.317955120869,0.0,0.0,pvalloc_29nbfs_LRG2_max_1hll
5422,0.0,16617.529616008724,16617.529616008724,0.0,0.0,pvalloc_29nbfs_LRG2_max_1hll
5423,0.0,15583.466132818585,15583.466132818585,0.0,0.0,pvalloc_29nbfs_LRG2_max_1hll
5424,0.0,13573.678772779584,13573.678772779584,0.0,0.0,pvalloc_29nbfs_LRG2_max_1hll
