t_int,feedin_atnode_kW,demand_atnode_kW,max_demand_feedin_atnode_kW,feedin_atnode_taken_kW,feedin_atnode_loss_kW,scen
4920,0.0,11113.463869085279,11113.463869085279,0.0,0.0,pvalloc_29nbfs_LRG2_gridoptim_max
4921,0.0,10737.831728562103,10737.831728562103,0.0,0.0,pvalloc_29nbfs_LRG2_gridoptim_max
4922,0.0,10105.311448681487,10105.311448681487,0.0,0.0,pvalloc_29nbfs_LRG2_gridoptim_max
4923,0.0,8120.094880445638,8120.094880445638,0.0,0.0,pvalloc_29nbfs_LRG2_gridoptim_max
4924,0.0,7251.733657230993,7251.733657230993,0.0,0.0,pvalloc_29nbfs_LRG2_gridoptim_max
4925,0.0,6971.075169345189,6971.075169345189,0.0,0.0,pvalloc_29nbfs_LRG2_gridoptim_max
4926,815.4872725855732,3618.2141821680602,3709.441404487184,815.4872725855732,0.0,pvalloc_29nbfs_LRG2_gridoptim_max
4927,15638.410199987686,2565.396533825808,16164.113051994089,15638.410199987686,0.0,pvalloc_29nbfs_LRG2_gridoptim_max
4928,35718.53635660216,2730.358569313444,35924.052846488354,35651.9737109701,66.56264563206088,pvalloc_29nbfs_LRG2_gridoptim_max
4929,54945.33062663259,3383.3676246703985,55123.19847335439,53178.968910011645,1766.3617166209488,pvalloc_29nbfs_LRG2_gridoptim_max
4930,73824.2746300653,3609.579001210335,73962.47030040898,66532.53535818376,7291.739271881597,pvalloc_29nbfs_LRG2_gridoptim_max
4931,88638.60523104356,4122.941324315314,88797.05384380394,74667.8380409171,13970.767190126473,pvalloc_29nbfs_LRG2_gridoptim_max
4932,73653.5695734071,5203.08748178389,73994.66169865592,66395.23850799666,7258.331065410372,pvalloc_29nbfs_LRG2_gridoptim_max
4933,61290.72150883773,6740.212818645233,62198.90552104714,58057.89031864898,3232.8311901887337,pvalloc_29nbfs_LRG2_gridoptim_max
4934,57943.44192181016,5555.331886811121,58522.39185949863,55402.36083129762,2541.0810905125227,pvalloc_29nbfs_LRG2_gridoptim_max
4935,50588.19470450244,5124.714976846567,51186.60070363388,49419.31315394979,1168.8815505526584,pvalloc_29nbfs_LRG2_gridoptim_max
4936,49978.20000671424,4868.598334665915,50522.20981492236,48919.08256724722,1059.117439467038,pvalloc_29nbfs_LRG2_gridoptim_max
4937,33822.00971150163,4313.970890398428,34494.19176294334,33779.93257699045,42.077134511181384,pvalloc_29nbfs_LRG2_gridoptim_max
4938,16215.28402813941,3968.053893891288,17355.497006478643,16215.28402813941,0.0,pvalloc_29nbfs_LRG2_gridoptim_max
4939,7120.365401152305,5213.912290598338,9870.554186216945,7120.365401152305,0.0,pvalloc_29nbfs_LRG2_gridoptim_max
4940,292.836357095626,8880.54990188169,8883.99726835486,292.836357095626,0.0,pvalloc_29nbfs_LRG2_gridoptim_max
4941,0.0,12714.325160437362,12714.325160437362,0.0,0.0,pvalloc_29nbfs_LRG2_gridoptim_max
4942,0.0,13844.117670126652,13844.117670126652,0.0,0.0,pvalloc_29nbfs_LRG2_gridoptim_max
4943,0.0,13190.081500942473,13190.081500942473,0.0,0.0,pvalloc_29nbfs_LRG2_gridoptim_max
4944,0.0,15734.473543662867,15734.473543662867,0.0,0.0,pvalloc_29nbfs_LRG2_gridoptim_max
4945,0.0,11843.652935827871,11843.652935827871,0.0,0.0,pvalloc_29nbfs_LRG2_gridoptim_max
4946,0.0,9148.163406638314,9148.163406638314,0.0,0.0,pvalloc_29nbfs_LRG2_gridoptim_max
4947,0.0,7889.191632688864,7889.191632688864,0.0,0.0,pvalloc_29nbfs_LRG2_gridoptim_max
4948,0.0,7842.183829125384,7842.183829125384,0.0,0.0,pvalloc_29nbfs_LRG2_gridoptim_max
4949,0.0,6888.334696423668,6888.334696423668,0.0,0.0,pvalloc_29nbfs_LRG2_gridoptim_max
4950,7.662290152269789,5213.380799062923,5213.398111425878,7.662290152269789,0.0,pvalloc_29nbfs_LRG2_gridoptim_max
4951,9050.9441511326,2569.6592936243765,9920.585561291826,9050.9441511326,0.0,pvalloc_29nbfs_LRG2_gridoptim_max
4952,30069.573060462477,2584.2796447880546,30301.25769710802,30069.573060462477,0.0,pvalloc_29nbfs_LRG2_gridoptim_max
4953,53592.51273633371,3045.846640432282,53737.43856232328,52058.64960880368,1533.8631275300322,pvalloc_29nbfs_LRG2_gridoptim_max
4954,74850.54935963964,3412.573866023831,74969.8905382359,67156.96867906617,7693.58068057342,pvalloc_29nbfs_LRG2_gridoptim_max
4955,86047.78306156346,3658.5110979635956,86182.2519184467,73304.32301114353,12743.460050419895,pvalloc_29nbfs_LRG2_gridoptim_max
4956,74165.75131405692,4666.295637605643,74421.71203490828,66709.78066963186,7455.97064442513,pvalloc_29nbfs_LRG2_gridoptim_max
4957,49665.1882449849,4927.196331043973,50210.772602989004,48676.34473462587,988.8435103590357,pvalloc_29nbfs_LRG2_gridoptim_max
4958,60429.52856220886,5058.25288183368,60907.86165234866,57214.45835763482,3215.0702045740354,pvalloc_29nbfs_LRG2_gridoptim_max
4959,48196.82597029076,5101.101842406046,48862.14365497623,47373.62906019923,823.1969100915228,pvalloc_29nbfs_LRG2_gridoptim_max
4960,44312.44256158638,4771.388603693307,44955.27987942988,43892.576482323704,419.86607926267675,pvalloc_29nbfs_LRG2_gridoptim_max
4961,35701.13353663263,4855.1441793653885,36527.54357633926,35603.57878783052,97.55474880209795,pvalloc_29nbfs_LRG2_gridoptim_max
4962,19684.135282950465,4740.436467574063,21066.017929980444,19684.135282950465,0.0,pvalloc_29nbfs_LRG2_gridoptim_max
4963,9054.245344334944,6126.141048394837,12237.992935715074,9054.245344334944,0.0,pvalloc_29nbfs_LRG2_gridoptim_max
4964,3.629909223792617,11455.36281352495,11455.36281352495,3.629909223792617,0.0,pvalloc_29nbfs_LRG2_gridoptim_max
4965,0.0,21698.627529472968,21698.627529472968,0.0,0.0,pvalloc_29nbfs_LRG2_gridoptim_max
4966,0.0,15054.668580548849,15054.668580548849,0.0,0.0,pvalloc_29nbfs_LRG2_gridoptim_max
4967,0.0,14761.30043522164,14761.30043522164,0.0,0.0,pvalloc_29nbfs_LRG2_gridoptim_max
4968,0.0,12492.279958567413,12492.279958567413,0.0,0.0,pvalloc_29nbfs_LRG2_gridoptim_max
4969,0.0,10052.532145121633,10052.532145121633,0.0,0.0,pvalloc_29nbfs_LRG2_gridoptim_max
4970,0.0,8034.332061846783,8034.332061846783,0.0,0.0,pvalloc_29nbfs_LRG2_gridoptim_max
4971,0.0,7219.022230515399,7219.022230515399,0.0,0.0,pvalloc_29nbfs_LRG2_gridoptim_max
4972,0.0,6689.043790452775,6689.043790452775,0.0,0.0,pvalloc_29nbfs_LRG2_gridoptim_max
4973,0.0,6426.528200910121,6426.528200910121,0.0,0.0,pvalloc_29nbfs_LRG2_gridoptim_max
4974,159.49975148365672,4007.391290756962,4009.3410390971458,159.49975148365672,0.0,pvalloc_29nbfs_LRG2_gridoptim_max
4975,10121.532985736469,2564.453481566318,10927.368051847146,10121.532985736469,0.0,pvalloc_29nbfs_LRG2_gridoptim_max
4976,3107.720190001757,2953.7624247795725,4788.278030151761,3107.720190001757,0.0,pvalloc_29nbfs_LRG2_gridoptim_max
4977,18193.6499756146,3176.83056871781,18911.46909898033,18193.6499756146,0.0,pvalloc_29nbfs_LRG2_gridoptim_max
4978,35896.22644111005,3473.662542608941,36273.8037297498,35805.0355436221,91.1908974879351,pvalloc_29nbfs_LRG2_gridoptim_max
4979,56900.682980273275,3956.5450041796184,57160.999697662846,54649.785137775754,2250.897842497519,pvalloc_29nbfs_LRG2_gridoptim_max
4980,59165.286352375755,4737.695066993477,59544.42005358159,56400.28745478306,2764.9988975926926,pvalloc_29nbfs_LRG2_gridoptim_max
4981,62462.73144074336,5449.051950974774,62958.57980311417,58870.633312153615,3592.0981285897496,pvalloc_29nbfs_LRG2_gridoptim_max
4982,47268.16626062229,4979.697322599027,47899.481630290284,46581.23639957166,686.9298610506268,pvalloc_29nbfs_LRG2_gridoptim_max
4983,52454.45872232879,5606.736983705357,53137.3605210739,51000.11422719596,1454.3444951328293,pvalloc_29nbfs_LRG2_gridoptim_max
4984,42605.388731376304,4947.9999515495165,43284.45354761237,42325.028465098614,280.3602662776917,pvalloc_29nbfs_LRG2_gridoptim_max
4985,28275.765716186514,4418.053569591566,29140.942431747804,28275.765716186514,0.0,pvalloc_29nbfs_LRG2_gridoptim_max
4986,22347.292513639288,4979.425738690356,23797.062476354567,22347.292513639288,0.0,pvalloc_29nbfs_LRG2_gridoptim_max
4987,9891.990407417754,5180.6561492334895,12403.190155487167,9891.990407417754,0.0,pvalloc_29nbfs_LRG2_gridoptim_max
4988,1.7793007076952996,11633.675158885044,11633.675158885044,1.7793007076952996,0.0,pvalloc_29nbfs_LRG2_gridoptim_max
4989,0.0,15306.207062822388,15306.207062822388,0.0,0.0,pvalloc_29nbfs_LRG2_gridoptim_max
4990,0.0,18487.541112237723,18487.541112237723,0.0,0.0,pvalloc_29nbfs_LRG2_gridoptim_max
4991,0.0,15678.910070087288,15678.910070087288,0.0,0.0,pvalloc_29nbfs_LRG2_gridoptim_max
4992,0.0,12457.950105853317,12457.950105853317,0.0,0.0,pvalloc_29nbfs_LRG2_gridoptim_max
4993,0.0,9566.57816566627,9566.57816566627,0.0,0.0,pvalloc_29nbfs_LRG2_gridoptim_max
4994,0.0,8172.598108657664,8172.598108657664,0.0,0.0,pvalloc_29nbfs_LRG2_gridoptim_max
4995,0.0,7275.373634775014,7275.373634775014,0.0,0.0,pvalloc_29nbfs_LRG2_gridoptim_max
4996,0.0,6657.432000184343,6657.432000184343,0.0,0.0,pvalloc_29nbfs_LRG2_gridoptim_max
4997,0.0,6227.237294939229,6227.237294939229,0.0,0.0,pvalloc_29nbfs_LRG2_gridoptim_max
4998,405.12638591912025,3603.721531022177,3620.7126499786277,405.12638591912025,0.0,pvalloc_29nbfs_LRG2_gridoptim_max
4999,14806.676434326646,2556.7429371384874,15371.48802607814,14806.676434326646,0.0,pvalloc_29nbfs_LRG2_gridoptim_max
5000,33309.37276237399,2809.454912821861,33554.89161792491,33299.027598069864,10.345164304125944,pvalloc_29nbfs_LRG2_gridoptim_max
5001,51610.74502508547,3154.048472067611,51779.155945125975,50397.725795390856,1213.0192296946047,pvalloc_29nbfs_LRG2_gridoptim_max
5002,65200.477251858014,3264.96301957325,65340.77886293772,60881.280492571925,4319.196759286076,pvalloc_29nbfs_LRG2_gridoptim_max
5003,84914.17738119492,3990.1414680629714,85066.89254599699,72755.46995812499,12158.707423069944,pvalloc_29nbfs_LRG2_gridoptim_max
5004,83020.84688897245,4536.892203977538,83222.33146488102,71764.77857089571,11256.068318076686,pvalloc_29nbfs_LRG2_gridoptim_max
5005,89431.3518483646,4662.873221858473,89641.95793336452,75028.12376466743,14403.228083697131,pvalloc_29nbfs_LRG2_gridoptim_max
5006,83278.48117569715,4644.448013336756,83519.97496934069,71784.79110207995,11493.690073617197,pvalloc_29nbfs_LRG2_gridoptim_max
5007,69609.38836048133,4661.818913120965,69906.57225687799,63762.36446851288,5847.023891968469,pvalloc_29nbfs_LRG2_gridoptim_max
5008,54879.2391494655,4131.12320034409,55205.76436655035,52986.5425540941,1892.6965953713961,pvalloc_29nbfs_LRG2_gridoptim_max
5009,32477.30534332885,3875.4067018161995,33044.87284059251,32469.361016903218,7.9443264256368025,pvalloc_29nbfs_LRG2_gridoptim_max
5010,13629.76872897807,4004.060657955872,14994.751639446944,13629.76872897807,0.0,pvalloc_29nbfs_LRG2_gridoptim_max
5011,2489.3964933028656,6139.608948066178,6895.633165424719,2489.3964933028656,0.0,pvalloc_29nbfs_LRG2_gridoptim_max
5012,0.024958675141344665,13839.079955832045,13839.079955832045,0.024958675141344665,0.0,pvalloc_29nbfs_LRG2_gridoptim_max
5013,0.0,14662.18168263524,14662.18168263524,0.0,0.0,pvalloc_29nbfs_LRG2_gridoptim_max
5014,0.0,16274.799124460178,16274.799124460178,0.0,0.0,pvalloc_29nbfs_LRG2_gridoptim_max
5015,0.0,15624.092956490873,15624.092956490873,0.0,0.0,pvalloc_29nbfs_LRG2_gridoptim_max
5016,0.0,12724.185769730164,12724.185769730164,0.0,0.0,pvalloc_29nbfs_LRG2_gridoptim_max
5017,0.0,10867.074894322572,10867.074894322572,0.0,0.0,pvalloc_29nbfs_LRG2_gridoptim_max
5018,0.0,8769.37174164062,8769.37174164062,0.0,0.0,pvalloc_29nbfs_LRG2_gridoptim_max
5019,0.0,7592.314610242441,7592.314610242441,0.0,0.0,pvalloc_29nbfs_LRG2_gridoptim_max
5020,0.0,6804.494587055006,6804.494587055006,0.0,0.0,pvalloc_29nbfs_LRG2_gridoptim_max
5021,0.0,6914.4472014214525,6914.4472014214525,0.0,0.0,pvalloc_29nbfs_LRG2_gridoptim_max
5022,125.24238815169035,4176.1005421892705,4177.673003662756,125.24238815169035,0.0,pvalloc_29nbfs_LRG2_gridoptim_max
5023,10357.425058436202,2595.3622637120466,11174.000486125971,10357.425058436202,0.0,pvalloc_29nbfs_LRG2_gridoptim_max
5024,21522.44857475348,2783.0629074488747,21963.46752748907,21522.44857475348,0.0,pvalloc_29nbfs_LRG2_gridoptim_max
5025,18413.585083269292,3411.930740164993,19293.725788769396,18413.585083269292,0.0,pvalloc_29nbfs_LRG2_gridoptim_max
5026,30336.39636517517,3853.5857085297625,30984.299092105808,30336.39636517517,0.0,pvalloc_29nbfs_LRG2_gridoptim_max
5027,65360.850176553264,3691.19477883266,65545.91636870203,60949.48807428592,4411.362102267357,pvalloc_29nbfs_LRG2_gridoptim_max
5028,78365.6384252133,5405.843390591151,78722.43925984818,69256.3528792689,9109.285545944387,pvalloc_29nbfs_LRG2_gridoptim_max
5029,51659.68730880064,5108.879013785169,52224.80560015881,50331.37939343279,1328.3079153678427,pvalloc_29nbfs_LRG2_gridoptim_max
5030,22534.767504643383,5908.050841662417,24463.185687373738,22534.767504643383,0.0,pvalloc_29nbfs_LRG2_gridoptim_max
5031,25166.20337014365,5019.0469860560215,26452.724438529513,25166.20337014365,0.0,pvalloc_29nbfs_LRG2_gridoptim_max
5032,33495.990193680824,4084.3749124208853,34104.95883862824,33454.71262790528,41.277565775529524,pvalloc_29nbfs_LRG2_gridoptim_max
5033,26505.026375608908,4178.905232308924,27340.707059949767,26505.026375608908,0.0,pvalloc_29nbfs_LRG2_gridoptim_max
5034,16465.17585602022,4781.410581584243,18134.392884179793,16465.17585602022,0.0,pvalloc_29nbfs_LRG2_gridoptim_max
5035,10136.403393680896,5455.584667621188,12729.509788600966,10136.403393680896,0.0,pvalloc_29nbfs_LRG2_gridoptim_max
5036,10.520503725772071,11025.82576603404,11025.838201183198,10.520503725772071,0.0,pvalloc_29nbfs_LRG2_gridoptim_max
5037,0.0,15623.399766375918,15623.399766375918,0.0,0.0,pvalloc_29nbfs_LRG2_gridoptim_max
5038,0.0,16022.715362504954,16022.715362504954,0.0,0.0,pvalloc_29nbfs_LRG2_gridoptim_max
5039,0.0,16439.75171535185,16439.75171535185,0.0,0.0,pvalloc_29nbfs_LRG2_gridoptim_max
5040,0.0,12326.556850038325,12326.556850038325,0.0,0.0,pvalloc_29nbfs_LRG2_gridoptim_max
5041,0.0,9488.472208125193,9488.472208125193,0.0,0.0,pvalloc_29nbfs_LRG2_gridoptim_max
5042,0.0,8024.435333822399,8024.435333822399,0.0,0.0,pvalloc_29nbfs_LRG2_gridoptim_max
5043,0.0,7253.657469496068,7253.657469496068,0.0,0.0,pvalloc_29nbfs_LRG2_gridoptim_max
5044,0.0,6638.189465394041,6638.189465394041,0.0,0.0,pvalloc_29nbfs_LRG2_gridoptim_max
5045,0.0,6441.09672928257,6441.09672928257,0.0,0.0,pvalloc_29nbfs_LRG2_gridoptim_max
5046,125.82861762094949,4153.706873991382,4155.25816372495,125.82861762094949,0.0,pvalloc_29nbfs_LRG2_gridoptim_max
5047,11206.21739703884,2675.4880630763196,12054.501275356952,11206.21739703884,0.0,pvalloc_29nbfs_LRG2_gridoptim_max
5048,32139.161655204178,2999.5910168265546,32438.07681040919,32139.161655204178,0.0,pvalloc_29nbfs_LRG2_gridoptim_max
5049,52738.819711081065,3374.1993358299055,52928.07649502315,51359.78986504273,1379.0298460383278,pvalloc_29nbfs_LRG2_gridoptim_max
5050,71688.33874031856,3455.7651723502536,71810.17555262853,65243.285661971684,6445.053078346931,pvalloc_29nbfs_LRG2_gridoptim_max
5051,65343.38566231303,3862.8350385515505,65540.10402621464,60968.908451239215,4374.477211073824,pvalloc_29nbfs_LRG2_gridoptim_max
5052,59872.330843038784,4506.010207820127,60197.754329247815,56960.59578324665,2911.735059792123,pvalloc_29nbfs_LRG2_gridoptim_max
5053,66410.33288060676,4770.22418413087,66731.70728924197,61660.02026411916,4750.312616487712,pvalloc_29nbfs_LRG2_gridoptim_max
5054,67529.58612165808,4641.523199183358,67841.47077407513,62340.9928279684,5188.59329368961,pvalloc_29nbfs_LRG2_gridoptim_max
5055,57117.29402282066,4919.372567907294,57564.289596491224,54755.91371068379,2361.3803121368765,pvalloc_29nbfs_LRG2_gridoptim_max
5056,51014.99040868977,4354.764280738541,51405.456865572734,49824.914967952034,1190.075440737742,pvalloc_29nbfs_LRG2_gridoptim_max
5057,34079.816410879095,3764.2249207628533,34589.095130300004,34036.52311847777,43.29329240131602,pvalloc_29nbfs_LRG2_gridoptim_max
5058,12031.87957671906,3762.151749895331,13340.081996994244,12031.87957671906,0.0,pvalloc_29nbfs_LRG2_gridoptim_max
5059,6128.356136769376,4417.859278333943,8397.681260558531,6128.356136769376,0.0,pvalloc_29nbfs_LRG2_gridoptim_max
5060,210.74799579234514,7679.436696148422,7682.026853044151,210.74799579234514,0.0,pvalloc_29nbfs_LRG2_gridoptim_max
5061,0.0,12442.644294585474,12442.644294585474,0.0,0.0,pvalloc_29nbfs_LRG2_gridoptim_max
5062,0.0,12652.578225358759,12652.578225358759,0.0,0.0,pvalloc_29nbfs_LRG2_gridoptim_max
5063,0.0,12878.862779430521,12878.862779430521,0.0,0.0,pvalloc_29nbfs_LRG2_gridoptim_max
5064,0.0,12350.755659688532,12350.755659688532,0.0,0.0,pvalloc_29nbfs_LRG2_gridoptim_max
5065,0.0,11097.685205202353,11097.685205202353,0.0,0.0,pvalloc_29nbfs_LRG2_gridoptim_max
5066,0.0,9294.124150992036,9294.124150992036,0.0,0.0,pvalloc_29nbfs_LRG2_gridoptim_max
5067,0.0,7868.8472553816255,7868.8472553816255,0.0,0.0,pvalloc_29nbfs_LRG2_gridoptim_max
5068,0.0,6865.793803809358,6865.793803809358,0.0,0.0,pvalloc_29nbfs_LRG2_gridoptim_max
5069,0.0,7046.117084101745,7046.117084101745,0.0,0.0,pvalloc_29nbfs_LRG2_gridoptim_max
5070,116.6842661793673,4262.46360447135,4263.910568641915,116.6842661793673,0.0,pvalloc_29nbfs_LRG2_gridoptim_max
5071,13077.32368214559,2525.529580133799,13707.175535825396,13077.32368214559,0.0,pvalloc_29nbfs_LRG2_gridoptim_max
5072,29949.338764740663,2830.6819347724204,30240.31276008676,29949.338764740663,0.0,pvalloc_29nbfs_LRG2_gridoptim_max
5073,52006.91033330382,3235.119216048023,52187.09531425338,50718.839173212305,1288.0711600915224,pvalloc_29nbfs_LRG2_gridoptim_max
5074,69278.57211174807,3526.1231572396796,69438.11783583136,63626.43813120965,5652.133980538314,pvalloc_29nbfs_LRG2_gridoptim_max
5075,79768.98388503474,3948.522379586093,79943.43922044657,69932.343823658,9836.640061376784,pvalloc_29nbfs_LRG2_gridoptim_max
5076,70345.45148567682,4492.797413544892,70602.73053877364,64292.68879077713,6052.7626948997195,pvalloc_29nbfs_LRG2_gridoptim_max
5077,62227.079542822576,4924.652267420666,62612.292754704795,58680.5733976002,3546.506145222388,pvalloc_29nbfs_LRG2_gridoptim_max
5078,52865.189920073026,5104.432394213774,53430.609800851445,51306.21633408708,1558.9735859859438,pvalloc_29nbfs_LRG2_gridoptim_max
5079,32826.49201496163,5125.95088986111,33847.347823499025,32798.57064010071,27.92137486092156,pvalloc_29nbfs_LRG2_gridoptim_max
5080,36003.77964527743,4746.771622971509,36770.83963695904,35899.62090872603,104.15873655138813,pvalloc_29nbfs_LRG2_gridoptim_max
5081,28366.94006780852,4510.403893087708,29270.629416405325,28366.94006780852,0.0,pvalloc_29nbfs_LRG2_gridoptim_max
5082,16194.935621914252,4465.171187990327,17650.16598512367,16194.935621914252,0.0,pvalloc_29nbfs_LRG2_gridoptim_max
5083,8523.16157230938,4787.330114853853,10793.90713822006,8523.16157230938,0.0,pvalloc_29nbfs_LRG2_gridoptim_max
5084,44.767042503057894,9064.934682172732,9065.211692203664,44.767042503057894,0.0,pvalloc_29nbfs_LRG2_gridoptim_max
5085,0.0,14038.884071464148,14038.884071464148,0.0,0.0,pvalloc_29nbfs_LRG2_gridoptim_max
5086,0.0,16707.67865740891,16707.67865740891,0.0,0.0,pvalloc_29nbfs_LRG2_gridoptim_max
5087,0.0,14798.423471834056,14798.423471834056,0.0,0.0,pvalloc_29nbfs_LRG2_gridoptim_max
5088,0.0,12920.992928294934,12920.992928294934,0.0,0.0,pvalloc_29nbfs_LRG2_gridoptim_max
5089,0.0,9900.944565301277,9900.944565301277,0.0,0.0,pvalloc_29nbfs_LRG2_gridoptim_max
5090,0.0,9389.78590368506,9389.78590368506,0.0,0.0,pvalloc_29nbfs_LRG2_gridoptim_max
5091,0.0,7401.546438254426,7401.546438254426,0.0,0.0,pvalloc_29nbfs_LRG2_gridoptim_max
5092,0.0,6692.067790682453,6692.067790682453,0.0,0.0,pvalloc_29nbfs_LRG2_gridoptim_max
5093,0.0,6497.448685059626,6497.448685059626,0.0,0.0,pvalloc_29nbfs_LRG2_gridoptim_max
5094,297.5625700708032,3860.0686017697217,3863.9726169856644,297.5625700708032,0.0,pvalloc_29nbfs_LRG2_gridoptim_max
5095,14691.24394875183,2399.43505872432,15176.004981480313,14691.24394875183,0.0,pvalloc_29nbfs_LRG2_gridoptim_max
5096,34544.02475887098,2394.3910359521597,34699.35333216513,34514.82696728786,29.197791583123262,pvalloc_29nbfs_LRG2_gridoptim_max
5097,56466.79183023145,2829.9041018373437,56581.04425331592,54413.60091100069,2053.190919230765,pvalloc_29nbfs_LRG2_gridoptim_max
5098,73232.29234051514,2952.5387853736647,73330.94680311177,66202.38253402502,7029.909806490064,pvalloc_29nbfs_LRG2_gridoptim_max
5099,88599.6490026297,3546.6136069004765,88729.18153994798,74622.69808442453,13976.950918205122,pvalloc_29nbfs_LRG2_gridoptim_max
5100,74805.4250524312,4962.945815801076,75097.79932660889,67080.93056424682,7724.49448818436,pvalloc_29nbfs_LRG2_gridoptim_max
5101,65610.75925673029,5638.27543300471,66115.902276062,61027.70100000609,4583.058256724188,pvalloc_29nbfs_LRG2_gridoptim_max
5102,70657.90697250873,5719.927689841852,71160.62984444143,64322.90054558955,6335.0064269191535,pvalloc_29nbfs_LRG2_gridoptim_max
5103,64502.37182831241,5197.1189901497555,64961.06542580324,60202.89722621133,4299.474602101078,pvalloc_29nbfs_LRG2_gridoptim_max
5104,60724.13616024098,4989.79991519638,61188.2810935433,57435.47696719245,3288.659193048532,pvalloc_29nbfs_LRG2_gridoptim_max
5105,25673.96851398722,4844.3441049229505,26766.038202319975,25673.96851398722,0.0,pvalloc_29nbfs_LRG2_gridoptim_max
5106,6493.753756882481,5170.125823656647,9117.413026324886,6493.753756882481,0.0,pvalloc_29nbfs_LRG2_gridoptim_max
5107,1404.590730277989,6967.219892444963,7086.148818660166,1404.590730277989,0.0,pvalloc_29nbfs_LRG2_gridoptim_max
5108,0.5412050785959202,11358.75881536401,11358.75881536401,0.5412050785959202,0.0,pvalloc_29nbfs_LRG2_gridoptim_max
5109,0.0,13173.891725783154,13173.891725783154,0.0,0.0,pvalloc_29nbfs_LRG2_gridoptim_max
5110,0.0,13106.449704799226,13106.449704799226,0.0,0.0,pvalloc_29nbfs_LRG2_gridoptim_max
5111,0.0,12603.245316458499,12603.245316458499,0.0,0.0,pvalloc_29nbfs_LRG2_gridoptim_max
5112,0.0,10413.182078012227,10413.182078012227,0.0,0.0,pvalloc_29nbfs_LRG2_gridoptim_max
5113,0.0,8993.403916155024,8993.403916155024,0.0,0.0,pvalloc_29nbfs_LRG2_gridoptim_max
5114,0.0,7817.1726151270905,7817.1726151270905,0.0,0.0,pvalloc_29nbfs_LRG2_gridoptim_max
5115,0.0,7187.960258470544,7187.960258470544,0.0,0.0,pvalloc_29nbfs_LRG2_gridoptim_max
5116,0.0,6597.782238100715,6597.782238100715,0.0,0.0,pvalloc_29nbfs_LRG2_gridoptim_max
5117,0.0,6653.582169584411,6653.582169584411,0.0,0.0,pvalloc_29nbfs_LRG2_gridoptim_max
5118,142.57535712978037,4136.713013426919,4138.397816545218,142.57535712978037,0.0,pvalloc_29nbfs_LRG2_gridoptim_max
5119,10188.292007420869,2386.9470306186904,10889.651069864858,10188.292007420869,0.0,pvalloc_29nbfs_LRG2_gridoptim_max
5120,30920.185859702873,2410.360720223922,31107.284466827772,30920.185859702873,0.0,pvalloc_29nbfs_LRG2_gridoptim_max
5121,54044.36523286255,2747.5371839249465,54161.144884666915,52456.40987355404,1587.9553593085116,pvalloc_29nbfs_LRG2_gridoptim_max
5122,69915.63940509743,3219.685747814582,70035.11860224413,64113.88877300772,5801.750632089714,pvalloc_29nbfs_LRG2_gridoptim_max
5123,88270.39240438587,3536.7108006001777,88380.62534192702,74537.39666623175,13732.995738154106,pvalloc_29nbfs_LRG2_gridoptim_max
5124,87864.01891719199,4756.053727187061,88060.41915022892,74373.5864365539,13490.432480638045,pvalloc_29nbfs_LRG2_gridoptim_max
5125,87785.58774767148,5592.327268462074,88088.67129348544,74256.44225321841,13529.145494453096,pvalloc_29nbfs_LRG2_gridoptim_max
5126,81560.65191023589,5465.473668583298,81893.50407119056,70889.00381143512,10671.648098800804,pvalloc_29nbfs_LRG2_gridoptim_max
5127,77034.25216583874,5376.483250136717,77396.24151060198,68308.3628750657,8725.889290773062,pvalloc_29nbfs_LRG2_gridoptim_max
5128,68229.9210087849,4534.167088377615,68525.14058986562,62835.370751974755,5394.550256810106,pvalloc_29nbfs_LRG2_gridoptim_max
5129,50034.82487391113,4374.26794723797,50448.25770199145,49005.24998337659,1029.5748905345383,pvalloc_29nbfs_LRG2_gridoptim_max
5130,30618.357270988297,4934.663035660093,31606.138686276106,30618.357270988297,0.0,pvalloc_29nbfs_LRG2_gridoptim_max
5131,12105.578205017555,5043.062018934186,14286.800164521228,12105.578205017555,0.0,pvalloc_29nbfs_LRG2_gridoptim_max
5132,1.376584551653424,11966.475014481402,11966.475014481402,1.376584551653424,0.0,pvalloc_29nbfs_LRG2_gridoptim_max
5133,0.0,18228.216139042957,18228.216139042957,0.0,0.0,pvalloc_29nbfs_LRG2_gridoptim_max
5134,0.0,18162.49636171034,18162.49636171034,0.0,0.0,pvalloc_29nbfs_LRG2_gridoptim_max
5135,0.0,15581.301938822113,15581.301938822113,0.0,0.0,pvalloc_29nbfs_LRG2_gridoptim_max
5136,0.0,13660.5186615185,13660.5186615185,0.0,0.0,pvalloc_29nbfs_LRG2_gridoptim_max
5137,0.0,10358.480128423342,10358.480128423342,0.0,0.0,pvalloc_29nbfs_LRG2_gridoptim_max
5138,0.0,8828.47113398323,8828.47113398323,0.0,0.0,pvalloc_29nbfs_LRG2_gridoptim_max
5139,0.0,7213.798405873982,7213.798405873982,0.0,0.0,pvalloc_29nbfs_LRG2_gridoptim_max
5140,0.0,6479.031429122139,6479.031429122139,0.0,0.0,pvalloc_29nbfs_LRG2_gridoptim_max
5141,0.0,6403.16258096044,6403.16258096044,0.0,0.0,pvalloc_29nbfs_LRG2_gridoptim_max
5142,124.61315346338634,4179.428323976388,4180.808409101727,124.61315346338634,0.0,pvalloc_29nbfs_LRG2_gridoptim_max
5143,13205.604924902582,2382.7251194783476,13743.81888380306,13205.604924902582,0.0,pvalloc_29nbfs_LRG2_gridoptim_max
5144,32867.43895812456,2697.000125193711,33085.33065325938,32867.43895812456,0.0,pvalloc_29nbfs_LRG2_gridoptim_max
5145,53576.43339574795,3251.568225191645,53739.055252959435,52070.585080978526,1505.8483147694321,pvalloc_29nbfs_LRG2_gridoptim_max
5146,73817.18025845845,3370.8182022151227,73937.75739355967,66590.68002244046,7226.5002360180615,pvalloc_29nbfs_LRG2_gridoptim_max
5147,87004.02284999903,4308.7654120359,87156.0837393238,73963.6589050558,13040.363944943278,pvalloc_29nbfs_LRG2_gridoptim_max
5148,82650.32285989076,5883.393456001827,83048.66378222912,71746.89786662672,10903.424993264007,pvalloc_29nbfs_LRG2_gridoptim_max
5149,87436.20965655458,5396.021936038552,87710.75327799708,74165.42147148526,13270.78818506932,pvalloc_29nbfs_LRG2_gridoptim_max
5150,87045.41997464852,4545.334343083406,87274.10771160175,73762.79225808186,13282.627716566683,pvalloc_29nbfs_LRG2_gridoptim_max
5151,75302.32219844633,5086.083306872193,75610.74653030376,67364.69878577148,7937.623412674724,pvalloc_29nbfs_LRG2_gridoptim_max
5152,62735.452990441125,4314.478191098243,63014.21159601368,59061.61928862729,3673.8337018137936,pvalloc_29nbfs_LRG2_gridoptim_max
5153,45588.1192298908,3978.3597715507753,45941.74169933611,45150.14396430495,437.97526558584195,pvalloc_29nbfs_LRG2_gridoptim_max
5154,30450.266862935518,3979.466973737413,31067.03942489881,30450.266862935518,0.0,pvalloc_29nbfs_LRG2_gridoptim_max
5155,10089.295171121212,5684.163026611971,12935.720234668219,10089.295171121212,0.0,pvalloc_29nbfs_LRG2_gridoptim_max
5156,1.0050200731623626,13236.803780013259,13236.803780013259,1.0050200731623626,0.0,pvalloc_29nbfs_LRG2_gridoptim_max
5157,0.0,16656.158247084175,16656.158247084175,0.0,0.0,pvalloc_29nbfs_LRG2_gridoptim_max
5158,0.0,16956.66673318879,16956.66673318879,0.0,0.0,pvalloc_29nbfs_LRG2_gridoptim_max
5159,0.0,13878.197386105796,13878.197386105796,0.0,0.0,pvalloc_29nbfs_LRG2_gridoptim_max
5160,0.0,13359.709264488023,13359.709264488023,0.0,0.0,pvalloc_29nbfs_LRG2_gridoptim_max
5161,0.0,9823.421723926976,9823.421723926976,0.0,0.0,pvalloc_29nbfs_LRG2_gridoptim_max
5162,0.0,8004.918441437758,8004.918441437758,0.0,0.0,pvalloc_29nbfs_LRG2_gridoptim_max
5163,0.0,7279.771629046192,7279.771629046192,0.0,0.0,pvalloc_29nbfs_LRG2_gridoptim_max
5164,0.0,6702.512682378077,6702.512682378077,0.0,0.0,pvalloc_29nbfs_LRG2_gridoptim_max
5165,0.0,6398.7645866892735,6398.7645866892735,0.0,0.0,pvalloc_29nbfs_LRG2_gridoptim_max
5166,102.30194312746053,4365.809984610746,4366.910648683,102.30194312746053,0.0,pvalloc_29nbfs_LRG2_gridoptim_max
5167,12564.864201117687,2580.5921920598716,13254.489595955642,12564.864201117687,0.0,pvalloc_29nbfs_LRG2_gridoptim_max
5168,32815.780520976536,2959.0568547213793,33090.32504832632,32815.780520976536,0.0,pvalloc_29nbfs_LRG2_gridoptim_max
5169,54504.31016844058,3202.012765199912,54658.36143989102,52828.95582233235,1675.3543461082313,pvalloc_29nbfs_LRG2_gridoptim_max
5170,74383.08678945125,3097.979515917103,74490.68742583232,66906.81218931917,7476.274600132091,pvalloc_29nbfs_LRG2_gridoptim_max
5171,89081.89481371915,3812.6872060228725,89208.96121370292,74949.9027051318,14131.99210858735,pvalloc_29nbfs_LRG2_gridoptim_max
5172,83407.8679946277,4330.774583238686,83598.88048984796,71982.17038964195,11425.697604985782,pvalloc_29nbfs_LRG2_gridoptim_max
5173,77734.25236427791,4639.510284410473,77984.68186927454,68789.18796709595,8945.064397181895,pvalloc_29nbfs_LRG2_gridoptim_max
5174,87952.61194400668,4592.249445787678,88177.45892571898,74246.72792781172,13705.884016194983,pvalloc_29nbfs_LRG2_gridoptim_max
5175,75792.2959908314,4774.892324308823,76077.1934348128,67613.95388136238,8178.3421094690075,pvalloc_29nbfs_LRG2_gridoptim_max
5176,60705.9257370672,4589.067275941681,61045.54803561059,57525.02147831187,3180.9042587553213,pvalloc_29nbfs_LRG2_gridoptim_max
5177,41523.615096237656,4257.9070367486165,42022.45984244869,41310.99910941267,212.61598682499755,pvalloc_29nbfs_LRG2_gridoptim_max
5178,22750.302909059283,4181.300954746877,23703.995228017066,22750.302909059283,0.0,pvalloc_29nbfs_LRG2_gridoptim_max
5179,9311.074841228878,4360.3465416383,11168.438781981227,9311.074841228878,0.0,pvalloc_29nbfs_LRG2_gridoptim_max
5180,20.041657698548974,9611.171387171167,9611.328348562589,20.041657698548974,0.0,pvalloc_29nbfs_LRG2_gridoptim_max
5181,0.0,17958.547144614717,17958.547144614717,0.0,0.0,pvalloc_29nbfs_LRG2_gridoptim_max
5182,0.0,15508.105894089556,15508.105894089556,0.0,0.0,pvalloc_29nbfs_LRG2_gridoptim_max
5183,0.0,14273.897403473246,14273.897403473246,0.0,0.0,pvalloc_29nbfs_LRG2_gridoptim_max
5184,0.0,13200.33224655577,13200.33224655577,0.0,0.0,pvalloc_29nbfs_LRG2_gridoptim_max
5185,0.0,9638.325646422076,9638.325646422076,0.0,0.0,pvalloc_29nbfs_LRG2_gridoptim_max
5186,0.0,8321.584507793394,8321.584507793394,0.0,0.0,pvalloc_29nbfs_LRG2_gridoptim_max
5187,0.0,7169.817360127395,7169.817360127395,0.0,0.0,pvalloc_29nbfs_LRG2_gridoptim_max
5188,0.0,7079.928698781938,7079.928698781938,0.0,0.0,pvalloc_29nbfs_LRG2_gridoptim_max
5189,0.0,6529.334832922409,6529.334832922409,0.0,0.0,pvalloc_29nbfs_LRG2_gridoptim_max
5190,43.497581879751806,4782.13348165916,4782.629863854924,43.497581879751806,0.0,pvalloc_29nbfs_LRG2_gridoptim_max
5191,10297.001248284112,2532.971226252629,11070.815037089009,10297.001248284112,0.0,pvalloc_29nbfs_LRG2_gridoptim_max
5192,27400.826054274887,2893.809909952023,27742.032563890803,27400.826054274887,0.0,pvalloc_29nbfs_LRG2_gridoptim_max
5193,48822.84759294813,3156.218660578848,48998.71102203075,48084.52329293373,738.3243000143913,pvalloc_29nbfs_LRG2_gridoptim_max
5194,61850.81767971091,3439.043218654837,62009.225572173804,58495.84028165059,3354.9773980603327,pvalloc_29nbfs_LRG2_gridoptim_max
5195,70342.79360735392,4129.970645924649,70538.40780599408,64402.96009427298,5939.833513080928,pvalloc_29nbfs_LRG2_gridoptim_max
5196,67833.21648206245,5117.420790804016,68200.7613187013,62768.177463576154,5065.039018486206,pvalloc_29nbfs_LRG2_gridoptim_max
5197,72032.05250084758,4981.655456149967,72342.3002134727,65369.80884670605,6662.243654141551,pvalloc_29nbfs_LRG2_gridoptim_max
5198,70791.89040676501,5498.429209395951,71202.30355904497,64566.99072885487,6224.899677910105,pvalloc_29nbfs_LRG2_gridoptim_max
5199,69910.13862188742,4958.903746140858,70248.29927656244,63963.14920996927,5946.989411918192,pvalloc_29nbfs_LRG2_gridoptim_max
5200,42032.577974775275,3856.8026003581595,42427.69331001104,41799.04854009074,233.52943468454032,pvalloc_29nbfs_LRG2_gridoptim_max
5201,27006.09143500732,3846.5658176747834,27675.236864701503,27006.09143500732,0.0,pvalloc_29nbfs_LRG2_gridoptim_max
5202,12995.614645198792,4383.159903859908,14703.696991557998,12995.614645198792,0.0,pvalloc_29nbfs_LRG2_gridoptim_max
5203,8155.118266023147,4863.189729247032,10524.103269713858,8155.118266023147,0.0,pvalloc_29nbfs_LRG2_gridoptim_max
5204,0.0,15104.626985880364,15104.626985880364,0.0,0.0,pvalloc_29nbfs_LRG2_gridoptim_max
5205,0.0,15791.348827533153,15791.348827533153,0.0,0.0,pvalloc_29nbfs_LRG2_gridoptim_max
5206,0.0,15247.755727980579,15247.755727980579,0.0,0.0,pvalloc_29nbfs_LRG2_gridoptim_max
5207,0.0,15008.22525066832,15008.22525066832,0.0,0.0,pvalloc_29nbfs_LRG2_gridoptim_max
5208,0.0,12069.433844123945,12069.433844123945,0.0,0.0,pvalloc_29nbfs_LRG2_gridoptim_max
5209,0.0,11145.876780548273,11145.876780548273,0.0,0.0,pvalloc_29nbfs_LRG2_gridoptim_max
5210,0.0,8940.899584908117,8940.899584908117,0.0,0.0,pvalloc_29nbfs_LRG2_gridoptim_max
5211,0.0,7874.895807358424,7874.895807358424,0.0,0.0,pvalloc_29nbfs_LRG2_gridoptim_max
5212,0.0,7043.644556647981,7043.644556647981,0.0,0.0,pvalloc_29nbfs_LRG2_gridoptim_max
5213,0.0,7125.558647681808,7125.558647681808,0.0,0.0,pvalloc_29nbfs_LRG2_gridoptim_max
5214,3.608269617264815,5743.405381889333,5743.477065185147,3.608269617264815,0.0,pvalloc_29nbfs_LRG2_gridoptim_max
5215,1639.570821189677,3051.794678832932,3689.829182848293,1639.570821189677,0.0,pvalloc_29nbfs_LRG2_gridoptim_max
5216,6062.155966375452,2981.615460990854,7441.041415788373,6062.155966375452,0.0,pvalloc_29nbfs_LRG2_gridoptim_max
5217,12108.355584223218,3229.3896437588546,13211.6259589205,12108.355584223218,0.0,pvalloc_29nbfs_LRG2_gridoptim_max
5218,23708.3336679383,3348.4897557595123,24293.53205861914,23708.3336679383,0.0,pvalloc_29nbfs_LRG2_gridoptim_max
5219,28211.98635897597,3995.09582996438,28910.51872840634,28211.98635897597,0.0,pvalloc_29nbfs_LRG2_gridoptim_max
5220,20888.682786959474,5153.105209856724,22610.844686148997,20888.682786959474,0.0,pvalloc_29nbfs_LRG2_gridoptim_max
5221,45348.05134453724,4582.634318847658,45881.148006674885,44893.14719294223,454.9041515950126,pvalloc_29nbfs_LRG2_gridoptim_max
5222,59957.92360979177,4751.169427652901,60346.94550153585,56921.50228105665,3036.4213287351276,pvalloc_29nbfs_LRG2_gridoptim_max
5223,47084.18788223614,4778.8686970642175,47630.23566486342,46467.073175146,617.1147070901347,pvalloc_29nbfs_LRG2_gridoptim_max
5224,47439.83904462774,4167.365512231297,47833.866969519586,46799.171462512684,640.6675821150541,pvalloc_29nbfs_LRG2_gridoptim_max
5225,35529.11862331398,4247.385010574515,36127.47908990333,35460.98870996877,68.12991334521138,pvalloc_29nbfs_LRG2_gridoptim_max
5226,24765.800722312615,4141.388108427709,25615.37555496819,24765.800722312615,0.0,pvalloc_29nbfs_LRG2_gridoptim_max
5227,10189.613126047134,4831.591948053002,12342.232016934653,10189.613126047134,0.0,pvalloc_29nbfs_LRG2_gridoptim_max
5228,0.2539297392622201,12361.984112338338,12361.984112338338,0.2539297392622201,0.0,pvalloc_29nbfs_LRG2_gridoptim_max
5229,0.0,17463.787611216965,17463.787611216965,0.0,0.0,pvalloc_29nbfs_LRG2_gridoptim_max
5230,0.0,16776.24576513662,16776.24576513662,0.0,0.0,pvalloc_29nbfs_LRG2_gridoptim_max
5231,0.0,13863.094861205218,13863.094861205218,0.0,0.0,pvalloc_29nbfs_LRG2_gridoptim_max
5232,0.0,12379.083196074876,12379.083196074876,0.0,0.0,pvalloc_29nbfs_LRG2_gridoptim_max
5233,0.0,10840.79645112631,10840.79645112631,0.0,0.0,pvalloc_29nbfs_LRG2_gridoptim_max
5234,0.0,8839.19314086043,8839.19314086043,0.0,0.0,pvalloc_29nbfs_LRG2_gridoptim_max
5235,0.0,7691.549078353807,7691.549078353807,0.0,0.0,pvalloc_29nbfs_LRG2_gridoptim_max
5236,0.0,6881.188714069509,6881.188714069509,0.0,0.0,pvalloc_29nbfs_LRG2_gridoptim_max
5237,0.0,7020.828203404437,7020.828203404437,0.0,0.0,pvalloc_29nbfs_LRG2_gridoptim_max
5238,66.05122249155731,4755.486413301996,4756.170776119197,66.05122249155731,0.0,pvalloc_29nbfs_LRG2_gridoptim_max
5239,11373.356754847977,2639.432806540843,12127.250409111617,11373.356754847977,0.0,pvalloc_29nbfs_LRG2_gridoptim_max
5240,24220.695209764126,2964.3214713760085,24647.120974694437,24220.695209764126,0.0,pvalloc_29nbfs_LRG2_gridoptim_max
5241,47940.07378394684,3192.507395842995,48128.20488379462,47306.14012526586,633.9336586809779,pvalloc_29nbfs_LRG2_gridoptim_max
5242,61791.1182266016,3644.496928156761,61969.302208577355,58449.527066111325,3341.5911604902767,pvalloc_29nbfs_LRG2_gridoptim_max
5243,68297.79923055491,3958.520021918728,68492.62138576931,63006.04409432327,5291.755136231671,pvalloc_29nbfs_LRG2_gridoptim_max
5244,56052.319282733275,4472.6755160470775,56400.84080780429,53995.95878582577,2056.3604969074904,pvalloc_29nbfs_LRG2_gridoptim_max
5245,54493.22061596656,4992.487352918986,54974.75894367601,52716.01772487135,1777.2028910952074,pvalloc_29nbfs_LRG2_gridoptim_max
5246,50860.71544909717,5040.540403133761,51437.9526053071,49654.15160912335,1206.563839973819,pvalloc_29nbfs_LRG2_gridoptim_max
5247,50607.90702143768,4731.18347625389,51112.07538486879,49456.27096295088,1151.6360584867937,pvalloc_29nbfs_LRG2_gridoptim_max
5248,43041.00762729418,4171.62424857715,43522.39952599111,42743.46611945937,297.5415078348032,pvalloc_29nbfs_LRG2_gridoptim_max
5249,35133.1747228511,4047.7740006916574,35688.90218275814,35071.83084254592,61.343880305180164,pvalloc_29nbfs_LRG2_gridoptim_max
5250,17984.39482859568,4592.391630275254,19391.37400007684,17984.39482859568,0.0,pvalloc_29nbfs_LRG2_gridoptim_max
5251,8267.378023595405,5193.693165617221,10840.807360660541,8267.378023595405,0.0,pvalloc_29nbfs_LRG2_gridoptim_max
5252,0.0,19016.661899300107,19016.661899300107,0.0,0.0,pvalloc_29nbfs_LRG2_gridoptim_max
5253,0.0,19290.580116971654,19290.580116971654,0.0,0.0,pvalloc_29nbfs_LRG2_gridoptim_max
5254,0.0,16835.268381474212,16835.268381474212,0.0,0.0,pvalloc_29nbfs_LRG2_gridoptim_max
5255,0.0,14924.78827852718,14924.78827852718,0.0,0.0,pvalloc_29nbfs_LRG2_gridoptim_max
5256,0.0,13381.168060104112,13381.168060104112,0.0,0.0,pvalloc_29nbfs_LRG2_gridoptim_max
5257,0.0,10539.960012448035,10539.960012448035,0.0,0.0,pvalloc_29nbfs_LRG2_gridoptim_max
5258,0.0,8429.066249258416,8429.066249258416,0.0,0.0,pvalloc_29nbfs_LRG2_gridoptim_max
5259,0.0,7662.686930720703,7662.686930720703,0.0,0.0,pvalloc_29nbfs_LRG2_gridoptim_max
5260,0.0,6987.56971605249,6987.56971605249,0.0,0.0,pvalloc_29nbfs_LRG2_gridoptim_max
5261,0.0,6946.060646242224,6946.060646242224,0.0,0.0,pvalloc_29nbfs_LRG2_gridoptim_max
5262,58.369077679886395,5001.356632006767,5001.979700933912,58.369077679886395,0.0,pvalloc_29nbfs_LRG2_gridoptim_max
5263,12592.923712611564,2592.7009958616745,13252.39501129717,12592.923712611564,0.0,pvalloc_29nbfs_LRG2_gridoptim_max
5264,33254.729613964766,2892.4240876656554,33509.98690587577,33250.77737619265,3.952237772112312,pvalloc_29nbfs_LRG2_gridoptim_max
5265,55780.678199575465,2984.250987392316,55914.6649921263,53858.50824034696,1922.1699592285145,pvalloc_29nbfs_LRG2_gridoptim_max
5266,74666.55509730223,3775.274144492402,74807.92587823478,67119.62872977763,7546.926367524595,pvalloc_29nbfs_LRG2_gridoptim_max
5267,88167.308162916,4869.1697456942165,88367.07704116577,74575.25117496587,13592.056987950122,pvalloc_29nbfs_LRG2_gridoptim_max
5268,85480.00614010869,5932.126101449814,85849.42322464888,73175.83241100288,12304.173729105814,pvalloc_29nbfs_LRG2_gridoptim_max
5269,90341.33792885525,5892.079677349886,90670.00542922356,75559.3879013155,14781.95002753974,pvalloc_29nbfs_LRG2_gridoptim_max
5270,90824.80550826502,5282.79091502351,91139.00675254066,75534.62211793812,15290.183390326858,pvalloc_29nbfs_LRG2_gridoptim_max
5271,82430.39924254833,5075.004817960054,82733.58924991167,71310.11045118453,11120.288791363837,pvalloc_29nbfs_LRG2_gridoptim_max
5272,68676.2004638245,4832.255008491737,69002.2340329977,63147.65145474589,5528.549009078493,pvalloc_29nbfs_LRG2_gridoptim_max
5273,51735.87243520252,4388.896080484301,52140.43039953637,50419.74196650747,1316.1304686950468,pvalloc_29nbfs_LRG2_gridoptim_max
5274,31027.26441807288,4491.178003515667,31817.32562156535,31027.26441807288,0.0,pvalloc_29nbfs_LRG2_gridoptim_max
5275,12576.817377111327,4761.507797983529,14392.022761675546,12576.817377111327,0.0,pvalloc_29nbfs_LRG2_gridoptim_max
5276,0.001144878417680309,16131.358194372164,16131.358194372164,0.001144878417680309,0.0,pvalloc_29nbfs_LRG2_gridoptim_max
5277,0.0,16661.54003587522,16661.54003587522,0.0,0.0,pvalloc_29nbfs_LRG2_gridoptim_max
5278,0.0,16071.879638820656,16071.879638820656,0.0,0.0,pvalloc_29nbfs_LRG2_gridoptim_max
5279,0.0,16513.61501158644,16513.61501158644,0.0,0.0,pvalloc_29nbfs_LRG2_gridoptim_max
5280,0.0,14223.402737580198,14223.402737580198,0.0,0.0,pvalloc_29nbfs_LRG2_gridoptim_max
5281,0.0,10189.901163932846,10189.901163932846,0.0,0.0,pvalloc_29nbfs_LRG2_gridoptim_max
5282,0.0,9219.908618123189,9219.908618123189,0.0,0.0,pvalloc_29nbfs_LRG2_gridoptim_max
5283,0.0,8077.212368111324,8077.212368111324,0.0,0.0,pvalloc_29nbfs_LRG2_gridoptim_max
5284,0.0,7416.3887727037745,7416.3887727037745,0.0,0.0,pvalloc_29nbfs_LRG2_gridoptim_max
5285,0.0,7104.393955178767,7104.393955178767,0.0,0.0,pvalloc_29nbfs_LRG2_gridoptim_max
5286,19.55398733696963,5518.19833575403,5518.460864488666,19.55398733696963,0.0,pvalloc_29nbfs_LRG2_gridoptim_max
5287,11708.947828355955,2634.9390445443355,12437.741377452623,11708.947828355955,0.0,pvalloc_29nbfs_LRG2_gridoptim_max
5288,33420.247484169304,2796.2862554798066,33655.25154550756,33413.9626330311,6.284851138199883,pvalloc_29nbfs_LRG2_gridoptim_max
5289,55470.4090330644,2798.810602335671,55592.090819140394,53607.79183137105,1862.6172016933629,pvalloc_29nbfs_LRG2_gridoptim_max
5290,73631.83893671531,3671.091855900137,73765.60456852238,66500.71808161864,7131.12085509665,pvalloc_29nbfs_LRG2_gridoptim_max
5291,89546.67824413384,4100.808989492844,89698.39735814965,75167.8646903284,14378.813553805412,pvalloc_29nbfs_LRG2_gridoptim_max
5292,84976.98459232319,5699.754902578274,85312.53880774898,72916.0238719671,12060.960720356048,pvalloc_29nbfs_LRG2_gridoptim_max
5293,90688.7415694188,5599.598523907548,90990.10077829238,75621.7113102919,15067.030259126961,pvalloc_29nbfs_LRG2_gridoptim_max
5294,86100.8784122056,6733.957814859404,86605.29722474086,73260.80953968741,12840.06887251817,pvalloc_29nbfs_LRG2_gridoptim_max
5295,79411.81201544986,6127.653018048642,79878.51883671911,69629.12944397857,9782.68257147132,pvalloc_29nbfs_LRG2_gridoptim_max
5296,64955.38035342513,6190.340837602778,65580.93090995557,60617.18041197018,4338.199941454939,pvalloc_29nbfs_LRG2_gridoptim_max
5297,49324.15553396642,5498.804375305083,50044.11488424842,48351.05729523151,973.0982387348985,pvalloc_29nbfs_LRG2_gridoptim_max
5298,29087.505389186506,5491.741201292757,30328.6298274391,29087.505389186506,0.0,pvalloc_29nbfs_LRG2_gridoptim_max
5299,8738.424952584091,6545.604470309605,12180.937900969331,8738.424952584091,0.0,pvalloc_29nbfs_LRG2_gridoptim_max
5300,0.006800150706788702,16938.46304421856,16938.46304421856,0.006800150706788702,0.0,pvalloc_29nbfs_LRG2_gridoptim_max
5301,0.0,19664.8737674663,19664.8737674663,0.0,0.0,pvalloc_29nbfs_LRG2_gridoptim_max
5302,0.0,21717.297616531436,21717.297616531436,0.0,0.0,pvalloc_29nbfs_LRG2_gridoptim_max
5303,0.0,17214.825474050005,17214.825474050005,0.0,0.0,pvalloc_29nbfs_LRG2_gridoptim_max
5304,0.0,12578.207549128694,12578.207549128694,0.0,0.0,pvalloc_29nbfs_LRG2_gridoptim_max
5305,0.0,10294.109997870488,10294.109997870488,0.0,0.0,pvalloc_29nbfs_LRG2_gridoptim_max
5306,0.0,8325.709247505114,8325.709247505114,0.0,0.0,pvalloc_29nbfs_LRG2_gridoptim_max
5307,0.0,7293.515981600716,7293.515981600716,0.0,0.0,pvalloc_29nbfs_LRG2_gridoptim_max
5308,0.0,6735.774478834691,6735.774478834691,0.0,0.0,pvalloc_29nbfs_LRG2_gridoptim_max
5309,0.0,6710.483943585053,6710.483943585053,0.0,0.0,pvalloc_29nbfs_LRG2_gridoptim_max
5310,30.156354708248756,4996.93877421374,4997.323899654413,30.156354708248756,0.0,pvalloc_29nbfs_LRG2_gridoptim_max
5311,11661.436102687807,2540.381640827431,12350.560249327558,11661.436102687807,0.0,pvalloc_29nbfs_LRG2_gridoptim_max
5312,32623.22975342187,2909.550809122031,32890.80169123934,32623.22975342187,0.0,pvalloc_29nbfs_LRG2_gridoptim_max
5313,54407.244981231015,3261.027809869292,54570.6801227458,52740.80239195888,1666.4425892721367,pvalloc_29nbfs_LRG2_gridoptim_max
5314,74401.09663779118,3735.9193559549785,74553.36366170437,66924.87155194185,7476.225085849353,pvalloc_29nbfs_LRG2_gridoptim_max
5315,90515.14942023579,3895.9087102809367,90656.96296973545,75616.65692766722,14898.492492568548,pvalloc_29nbfs_LRG2_gridoptim_max
5316,84600.76342653527,5997.282789957475,84986.60351210441,72701.19402959953,11899.569396935722,pvalloc_29nbfs_LRG2_gridoptim_max
5317,90284.08982134357,5484.736151428716,90562.30154504365,75501.99966042954,14782.090160914078,pvalloc_29nbfs_LRG2_gridoptim_max
5318,87906.10799237437,5621.0776555569655,88218.97827847203,74244.81025625425,13661.297736120128,pvalloc_29nbfs_LRG2_gridoptim_max
5319,81410.20731778584,4974.867116556441,81681.34053892623,70819.19549580022,10591.011821985636,pvalloc_29nbfs_LRG2_gridoptim_max
5320,67433.32332895405,4881.505603155233,67768.82948168881,62326.67820839745,5106.645120556597,pvalloc_29nbfs_LRG2_gridoptim_max
5321,49683.530849981995,4753.720044405229,50169.42158335755,48721.54258018939,961.9882697926032,pvalloc_29nbfs_LRG2_gridoptim_max
5322,31728.342678527883,3996.3015271009713,32341.387410012165,31728.342678527883,0.0,pvalloc_29nbfs_LRG2_gridoptim_max
5323,10751.842960901644,4801.685877695766,12870.932356728266,10751.842960901644,0.0,pvalloc_29nbfs_LRG2_gridoptim_max
5324,0.6264376223262784,11801.919618972262,11801.919618972262,0.6264376223262784,0.0,pvalloc_29nbfs_LRG2_gridoptim_max
5325,0.0,17798.4514230697,17798.4514230697,0.0,0.0,pvalloc_29nbfs_LRG2_gridoptim_max
5326,0.0,19605.334016129706,19605.334016129706,0.0,0.0,pvalloc_29nbfs_LRG2_gridoptim_max
5327,0.0,17993.339244710103,17993.339244710103,0.0,0.0,pvalloc_29nbfs_LRG2_gridoptim_max
5328,0.0,14499.905393880887,14499.905393880887,0.0,0.0,pvalloc_29nbfs_LRG2_gridoptim_max
5329,0.0,10706.798579119699,10706.798579119699,0.0,0.0,pvalloc_29nbfs_LRG2_gridoptim_max
5330,0.0,8691.305275136961,8691.305275136961,0.0,0.0,pvalloc_29nbfs_LRG2_gridoptim_max
5331,0.0,7299.838339654399,7299.838339654399,0.0,0.0,pvalloc_29nbfs_LRG2_gridoptim_max
5332,0.0,6942.486827788975,6942.486827788975,0.0,0.0,pvalloc_29nbfs_LRG2_gridoptim_max
5333,0.0,6828.1340130815815,6828.1340130815815,0.0,0.0,pvalloc_29nbfs_LRG2_gridoptim_max
5334,10.213214812079489,5429.266121746417,5429.401712326819,10.213214812079489,0.0,pvalloc_29nbfs_LRG2_gridoptim_max
5335,10424.09826246534,2841.6467039730537,11386.151197260877,10424.09826246534,0.0,pvalloc_29nbfs_LRG2_gridoptim_max
5336,31350.95833666428,3276.6517126969984,31728.450862921152,31350.95833666428,0.0,pvalloc_29nbfs_LRG2_gridoptim_max
5337,53524.622942091824,3457.2568104369084,53716.41401341669,52008.952933485794,1515.6700086060198,pvalloc_29nbfs_LRG2_gridoptim_max
5338,73325.00483612432,3774.464844799178,73478.17923982273,66281.93849316325,7043.06634296097,pvalloc_29nbfs_LRG2_gridoptim_max
5339,88386.53696796243,4075.1883509815652,88532.0668779702,74612.91409500518,13773.622872957267,pvalloc_29nbfs_LRG2_gridoptim_max
5340,83733.34047544637,5827.928649791423,84113.07419603244,72332.95853771151,11400.38193773486,pvalloc_29nbfs_LRG2_gridoptim_max
5341,88000.33276269872,5787.755323728049,88327.54123026234,74435.04005306051,13565.292709638208,pvalloc_29nbfs_LRG2_gridoptim_max
5342,84835.46947555704,6644.5028873609845,85333.47157003144,72793.10848758575,12042.360987971253,pvalloc_29nbfs_LRG2_gridoptim_max
5343,79754.82292519258,5523.841689619484,80106.28214563495,69887.1365520836,9867.686373108952,pvalloc_29nbfs_LRG2_gridoptim_max
5344,67876.63854990227,4574.766994089625,68170.99213240093,62615.70676998772,5260.931779914581,pvalloc_29nbfs_LRG2_gridoptim_max
5345,48599.794491749584,4534.184065962968,49050.13350988939,47808.600081572054,791.1944101775291,pvalloc_29nbfs_LRG2_gridoptim_max
5346,29069.752839943096,4517.527009336606,29930.946474375003,29069.752839943096,0.0,pvalloc_29nbfs_LRG2_gridoptim_max
5347,7383.3873510279955,6446.262260579175,10965.759374380703,7383.3873510279955,0.0,pvalloc_29nbfs_LRG2_gridoptim_max
5348,0.0,16009.289322890327,16009.289322890327,0.0,0.0,pvalloc_29nbfs_LRG2_gridoptim_max
5349,0.0,16826.71504393423,16826.71504393423,0.0,0.0,pvalloc_29nbfs_LRG2_gridoptim_max
5350,0.0,17455.218388780388,17455.218388780388,0.0,0.0,pvalloc_29nbfs_LRG2_gridoptim_max
5351,0.0,17312.601875985754,17312.601875985754,0.0,0.0,pvalloc_29nbfs_LRG2_gridoptim_max
5352,0.0,14414.143741518077,14414.143741518077,0.0,0.0,pvalloc_29nbfs_LRG2_gridoptim_max
5353,0.0,9954.172012300509,9954.172012300509,0.0,0.0,pvalloc_29nbfs_LRG2_gridoptim_max
5354,0.0,8448.308232531268,8448.308232531268,0.0,0.0,pvalloc_29nbfs_LRG2_gridoptim_max
5355,0.0,7461.470557932399,7461.470557932399,0.0,0.0,pvalloc_29nbfs_LRG2_gridoptim_max
5356,0.0,6904.553782501743,6904.553782501743,0.0,0.0,pvalloc_29nbfs_LRG2_gridoptim_max
5357,0.0,6785.528064411384,6785.528064411384,0.0,0.0,pvalloc_29nbfs_LRG2_gridoptim_max
5358,16.130692354319173,5408.842663299883,5409.07262717604,16.130692354319173,0.0,pvalloc_29nbfs_LRG2_gridoptim_max
5359,10540.337450784718,2733.50403867686,11408.555333759587,10540.337450784718,0.0,pvalloc_29nbfs_LRG2_gridoptim_max
5360,31576.72668854995,3074.5218475632414,31895.802105282546,31576.72668854995,0.0,pvalloc_29nbfs_LRG2_gridoptim_max
5361,51242.04694501916,4081.157754618377,51568.796820821524,50117.702587328844,1124.3443576903173,pvalloc_29nbfs_LRG2_gridoptim_max
5362,72170.96014045976,4177.533328801104,72360.77834262079,65589.76197941165,6581.198161048026,pvalloc_29nbfs_LRG2_gridoptim_max
5363,86287.89072443542,5070.312067825519,86524.4298666955,73663.4560258105,12624.434698624973,pvalloc_29nbfs_LRG2_gridoptim_max
5364,84257.44711889359,5918.913214503371,84650.09541146123,72613.42090637365,11644.026212519904,pvalloc_29nbfs_LRG2_gridoptim_max
5365,87188.69338410419,6490.278979031082,87657.7655129377,74110.17637508894,13078.517009015297,pvalloc_29nbfs_LRG2_gridoptim_max
5366,89406.74382304764,5337.118813088129,89684.50741318469,74999.59907190772,14407.144751139942,pvalloc_29nbfs_LRG2_gridoptim_max
5367,80927.8694621265,4958.024907751295,81191.215246232,70582.47611710777,10345.393345018709,pvalloc_29nbfs_LRG2_gridoptim_max
5368,67281.47126422811,4658.265151801159,67571.548417161,62290.3280810301,4991.143183198012,pvalloc_29nbfs_LRG2_gridoptim_max
5369,48562.8121492583,4757.53846675849,49056.02485839567,47800.748789884965,762.0633593733367,pvalloc_29nbfs_LRG2_gridoptim_max
5370,27796.743193422928,4901.19959857674,28908.446077502944,27796.743193422928,0.0,pvalloc_29nbfs_LRG2_gridoptim_max
5371,9293.220915743965,5238.817855376403,11809.715251638592,9293.220915743965,0.0,pvalloc_29nbfs_LRG2_gridoptim_max
5372,0.0,16872.606592374224,16872.606592374224,0.0,0.0,pvalloc_29nbfs_LRG2_gridoptim_max
5373,0.0,17345.89249504484,17345.89249504484,0.0,0.0,pvalloc_29nbfs_LRG2_gridoptim_max
5374,0.0,16579.52219038973,16579.52219038973,0.0,0.0,pvalloc_29nbfs_LRG2_gridoptim_max
5375,0.0,15251.446364993699,15251.446364993699,0.0,0.0,pvalloc_29nbfs_LRG2_gridoptim_max
5376,0.0,13188.262672566276,13188.262672566276,0.0,0.0,pvalloc_29nbfs_LRG2_gridoptim_max
5377,0.0,11323.92566649367,11323.92566649367,0.0,0.0,pvalloc_29nbfs_LRG2_gridoptim_max
5378,0.0,9734.491596408214,9734.491596408214,0.0,0.0,pvalloc_29nbfs_LRG2_gridoptim_max
5379,0.0,8493.11069650855,8493.11069650855,0.0,0.0,pvalloc_29nbfs_LRG2_gridoptim_max
5380,0.0,7434.25510738279,7434.25510738279,0.0,0.0,pvalloc_29nbfs_LRG2_gridoptim_max
5381,0.0,7087.350693282779,7087.350693282779,0.0,0.0,pvalloc_29nbfs_LRG2_gridoptim_max
5382,6.503500083001092,5759.519691344976,5759.619082154815,6.503500083001092,0.0,pvalloc_29nbfs_LRG2_gridoptim_max
5383,10173.999746282234,2808.366161627311,11105.002334972098,10173.999746282234,0.0,pvalloc_29nbfs_LRG2_gridoptim_max
5384,31829.619828944746,2919.0415457337976,32115.832763404618,31829.619828944746,0.0,pvalloc_29nbfs_LRG2_gridoptim_max
5385,53796.59456454308,3260.9590452996017,53965.75636242425,52228.04045778564,1568.5541067574368,pvalloc_29nbfs_LRG2_gridoptim_max
5386,72262.34862435481,3958.950203996304,72427.43237366586,65638.78208564557,6623.5665387092695,pvalloc_29nbfs_LRG2_gridoptim_max
5387,87762.0502325881,4493.673440707487,87940.07965453835,74302.03110387777,13460.019128710319,pvalloc_29nbfs_LRG2_gridoptim_max
5388,84874.51599622413,5595.100037864625,85193.49474240377,72847.65916578857,12026.856830435514,pvalloc_29nbfs_LRG2_gridoptim_max
5389,88581.02078321867,5912.875289898547,88922.72067056745,74672.31178073554,13908.709002483167,pvalloc_29nbfs_LRG2_gridoptim_max
5390,84974.35324653862,6323.192880671374,85404.95368659869,72809.63761270168,12164.71563383695,pvalloc_29nbfs_LRG2_gridoptim_max
5391,78229.37148455766,5673.9518326462485,78605.98277929684,69082.01807400609,9147.353410551545,pvalloc_29nbfs_LRG2_gridoptim_max
5392,64292.85897100753,5384.720917768026,64737.24199540249,60251.456158871326,4041.4028121361844,pvalloc_29nbfs_LRG2_gridoptim_max
5393,45651.48318480975,5412.66058293724,46410.03987393716,45206.67343106727,444.80975374248266,pvalloc_29nbfs_LRG2_gridoptim_max
5394,26826.034644479823,5018.19735982203,28039.372150227045,26826.034644479823,0.0,pvalloc_29nbfs_LRG2_gridoptim_max
5395,6270.150739769552,7089.445465723759,10461.309850569261,6270.150739769552,0.0,pvalloc_29nbfs_LRG2_gridoptim_max
5396,0.0,17162.70783366479,17162.70783366479,0.0,0.0,pvalloc_29nbfs_LRG2_gridoptim_max
5397,0.0,18592.212130355496,18592.212130355496,0.0,0.0,pvalloc_29nbfs_LRG2_gridoptim_max
5398,0.0,17959.2808656008,17959.2808656008,0.0,0.0,pvalloc_29nbfs_LRG2_gridoptim_max
5399,0.0,15321.147510146637,15321.147510146637,0.0,0.0,pvalloc_29nbfs_LRG2_gridoptim_max
5400,0.0,13722.161589340783,13722.161589340783,0.0,0.0,pvalloc_29nbfs_LRG2_gridoptim_max
5401,0.0,10430.229263731497,10430.229263731497,0.0,0.0,pvalloc_29nbfs_LRG2_gridoptim_max
5402,0.0,8829.571873465271,8829.571873465271,0.0,0.0,pvalloc_29nbfs_LRG2_gridoptim_max
5403,0.0,7657.188196967487,7657.188196967487,0.0,0.0,pvalloc_29nbfs_LRG2_gridoptim_max
5404,0.0,7455.696363549953,7455.696363549953,0.0,0.0,pvalloc_29nbfs_LRG2_gridoptim_max
5405,0.0,7031.549107246736,7031.549107246736,0.0,0.0,pvalloc_29nbfs_LRG2_gridoptim_max
5406,1.9933104640876094,6099.085403810211,6099.132754802743,1.9933104640876094,0.0,pvalloc_29nbfs_LRG2_gridoptim_max
5407,10167.04805595233,2646.9343304340136,10994.479619976571,10167.04805595233,0.0,pvalloc_29nbfs_LRG2_gridoptim_max
5408,29084.233549476296,3067.292714672747,29442.767003147503,29084.233549476296,0.0,pvalloc_29nbfs_LRG2_gridoptim_max
5409,48398.00062690981,4048.2407789035137,48739.16811845507,47703.56198801322,694.438638896585,pvalloc_29nbfs_LRG2_gridoptim_max
5410,66545.40530536618,3892.3529753434004,66734.25984445812,61846.06661843281,4699.338686933324,pvalloc_29nbfs_LRG2_gridoptim_max
5411,74285.98630920998,4193.675390859272,74488.2450413712,66794.21119701644,7491.775112193475,pvalloc_29nbfs_LRG2_gridoptim_max
5412,62826.154663751564,5540.354356142489,63341.95847503263,59201.718789530154,3624.4358742213963,pvalloc_29nbfs_LRG2_gridoptim_max
5413,62295.98316879195,6177.762563928377,62971.916229882285,58757.43696058367,3538.5462082082668,pvalloc_29nbfs_LRG2_gridoptim_max
5414,56841.964701320394,6103.947597995041,57599.12651335256,54470.678486993704,2371.2862143266816,pvalloc_29nbfs_LRG2_gridoptim_max
5415,45852.979599860155,5553.6772778981185,46646.05086112159,45340.40991559394,512.5696842662137,pvalloc_29nbfs_LRG2_gridoptim_max
5416,34105.454613462876,5070.043807887802,35026.95267340912,34056.00473205361,49.44988140926017,pvalloc_29nbfs_LRG2_gridoptim_max
5417,27228.152476700936,4876.9760090217,28318.52803481018,27228.152476700936,0.0,pvalloc_29nbfs_LRG2_gridoptim_max
5418,11267.907278085564,5298.466078339519,13657.416436466703,11267.907278085564,0.0,pvalloc_29nbfs_LRG2_gridoptim_max
5419,2493.8977359003584,6628.388478919789,7270.363252606665,2493.8977359003584,0.0,pvalloc_29nbfs_LRG2_gridoptim_max
5420,0.0,14163.997947172844,14163.997947172844,0.0,0.0,pvalloc_29nbfs_LRG2_gridoptim_max
5421,0.0,16175.317955120867,16175.317955120867,0.0,0.0,pvalloc_29nbfs_LRG2_gridoptim_max
5422,0.0,16617.529616008724,16617.529616008724,0.0,0.0,pvalloc_29nbfs_LRG2_gridoptim_max
5423,0.0,15583.466132818583,15583.466132818583,0.0,0.0,pvalloc_29nbfs_LRG2_gridoptim_max
5424,0.0,13573.678772779582,13573.678772779582,0.0,0.0,pvalloc_29nbfs_LRG2_gridoptim_max
4920,0.0,11113.463869085279,11113.463869085279,0.0,0.0,pvalloc_29nbfs_LRG2_max
4921,0.0,10737.831728562103,10737.831728562103,0.0,0.0,pvalloc_29nbfs_LRG2_max
4922,0.0,10105.311448681487,10105.311448681487,0.0,0.0,pvalloc_29nbfs_LRG2_max
4923,0.0,8120.094880445637,8120.094880445637,0.0,0.0,pvalloc_29nbfs_LRG2_max
4924,0.0,7251.733657230992,7251.733657230992,0.0,0.0,pvalloc_29nbfs_LRG2_max
4925,0.0,6971.075169345189,6971.075169345189,0.0,0.0,pvalloc_29nbfs_LRG2_max
4926,823.4663318638765,3596.413361093193,3691.051413493289,823.4663318638765,0.0,pvalloc_29nbfs_LRG2_max
4927,15759.635592769926,2536.3089151472877,16267.247917392819,15759.635592769926,0.0,pvalloc_29nbfs_LRG2_max
4928,35990.51736262642,2697.9943378056428,36175.817516461866,35923.80443374434,66.71292888207807,pvalloc_29nbfs_LRG2_max
4929,55362.44803164208,3338.2354584714894,55518.47041284957,53596.111596786795,1766.3364348552725,pvalloc_29nbfs_LRG2_max
4930,74382.78242619857,3563.1162065543895,74496.14705949188,67089.52243472385,7293.259991474731,pvalloc_29nbfs_LRG2_max
4931,89308.25523762566,4072.4832624192063,89436.64931077175,75336.43431217177,13971.820925453863,pvalloc_29nbfs_LRG2_max
4932,74213.25350324623,5134.03046518374,74520.87263394232,66953.36221603397,7259.891287212186,pvalloc_29nbfs_LRG2_max
4933,61760.64345423232,6643.288677597958,62607.56239686555,58528.084178759906,3232.559275472406,pvalloc_29nbfs_LRG2_max
4934,58385.68384611848,5488.176506909885,58929.74853317504,55844.89083576584,2540.7930103526437,pvalloc_29nbfs_LRG2_max
4935,50975.24858712911,5067.083674131927,51543.2288902742,49806.80550416659,1168.4430829625128,pvalloc_29nbfs_LRG2_max
4936,50358.92186625686,4815.743198181703,50873.09529050148,49300.228621304195,1058.6932449526603,pvalloc_29nbfs_LRG2_max
4937,34081.828094713055,4267.250166239484,34731.636654929236,34039.60080910971,42.22728560334582,pvalloc_29nbfs_LRG2_max
4938,16341.701291960519,3926.2959182413765,17453.663082237552,16341.701291960519,0.0,pvalloc_29nbfs_LRG2_max
4939,7179.017039950038,5152.796407419936,9873.57342865646,7179.017039950038,0.0,pvalloc_29nbfs_LRG2_max
4940,296.1589191922898,8837.998755280882,8841.44612175405,296.1589191922898,0.0,pvalloc_29nbfs_LRG2_max
4941,0.0,12714.325160437362,12714.325160437362,0.0,0.0,pvalloc_29nbfs_LRG2_max
4942,0.0,13844.117670126652,13844.117670126652,0.0,0.0,pvalloc_29nbfs_LRG2_max
4943,0.0,13190.081500942473,13190.081500942473,0.0,0.0,pvalloc_29nbfs_LRG2_max
4944,0.0,15734.473543662867,15734.473543662867,0.0,0.0,pvalloc_29nbfs_LRG2_max
4945,0.0,11843.652935827873,11843.652935827873,0.0,0.0,pvalloc_29nbfs_LRG2_max
4946,0.0,9148.163406638314,9148.163406638314,0.0,0.0,pvalloc_29nbfs_LRG2_max
4947,0.0,7889.191632688863,7889.191632688863,0.0,0.0,pvalloc_29nbfs_LRG2_max
4948,0.0,7842.183829125385,7842.183829125385,0.0,0.0,pvalloc_29nbfs_LRG2_max
4949,0.0,6888.334696423668,6888.334696423668,0.0,0.0,pvalloc_29nbfs_LRG2_max
4950,7.632958860916613,5201.5267899649025,5201.544102327856,7.632958860916613,0.0,pvalloc_29nbfs_LRG2_max
4951,9122.658681577745,2539.572702487997,9969.459234023527,9122.658681577745,0.0,pvalloc_29nbfs_LRG2_max
4952,30299.108434910635,2554.214776504124,30512.777099972885,30299.108434910635,0.0,pvalloc_29nbfs_LRG2_max
4953,53999.361772344804,3006.8867806774515,54123.20809183118,52465.8845681387,1533.477204206093,pvalloc_29nbfs_LRG2_max
4954,75416.6041168901,3368.9704561411563,75512.24340233949,67721.49355553529,7695.110561354736,pvalloc_29nbfs_LRG2_max
4955,86698.2057143981,3616.035648080724,86804.65663956916,73954.42363669245,12743.782077705699,pvalloc_29nbfs_LRG2_max
4956,74729.20707437473,4604.807829529993,74954.54989703292,67271.69908193564,7457.507992439022,pvalloc_29nbfs_LRG2_max
4957,50045.697355634504,4868.266539873641,50561.22306555321,49057.287645109376,988.4097105251226,pvalloc_29nbfs_LRG2_max
4958,60890.21557445388,5006.09077047226,61333.295796020226,57675.53445490552,3214.681119548357,pvalloc_29nbfs_LRG2_max
4959,48566.43040160411,5048.909646050428,49203.34581229514,47743.53708034341,822.8933212607085,pvalloc_29nbfs_LRG2_max
4960,44651.91134234755,4723.725141745917,45268.64595984409,44232.09756198926,419.8137803582879,pvalloc_29nbfs_LRG2_max
4961,35975.70656229277,4805.568900951947,36779.39443773477,35877.993543047254,97.71301924550414,pvalloc_29nbfs_LRG2_max
4962,19837.79222339783,4687.503751180476,21182.10416795469,19837.79222339783,0.0,pvalloc_29nbfs_LRG2_max
4963,9128.518851131623,6051.295777562344,12243.68384898618,9128.518851131623,0.0,pvalloc_29nbfs_LRG2_max
4964,3.591470729688477,11428.485431886207,11428.485431886207,3.591470729688477,0.0,pvalloc_29nbfs_LRG2_max
4965,0.0,21698.627529472968,21698.627529472968,0.0,0.0,pvalloc_29nbfs_LRG2_max
4966,0.0,15054.66858054885,15054.66858054885,0.0,0.0,pvalloc_29nbfs_LRG2_max
4967,0.0,14761.300435221636,14761.300435221636,0.0,0.0,pvalloc_29nbfs_LRG2_max
4968,0.0,12492.279958567413,12492.279958567413,0.0,0.0,pvalloc_29nbfs_LRG2_max
4969,0.0,10052.532145121631,10052.532145121631,0.0,0.0,pvalloc_29nbfs_LRG2_max
4970,0.0,8034.332061846783,8034.332061846783,0.0,0.0,pvalloc_29nbfs_LRG2_max
4971,0.0,7219.022230515399,7219.022230515399,0.0,0.0,pvalloc_29nbfs_LRG2_max
4972,0.0,6689.043790452775,6689.043790452775,0.0,0.0,pvalloc_29nbfs_LRG2_max
4973,0.0,6426.52820091012,6426.52820091012,0.0,0.0,pvalloc_29nbfs_LRG2_max
4974,161.0491194901358,3989.593887593714,3991.543635933897,161.0491194901358,0.0,pvalloc_29nbfs_LRG2_max
4975,10201.516783199517,2534.171164772036,10985.009203078167,10201.516783199517,0.0,pvalloc_29nbfs_LRG2_max
4976,3134.6199599427687,2922.8382650694725,4787.039481594387,3134.6199599427687,0.0,pvalloc_29nbfs_LRG2_max
4977,18335.815567191843,3138.947795797823,19028.516426691614,18335.815567191843,0.0,pvalloc_29nbfs_LRG2_max
4978,36172.46246556281,3432.76367205918,36528.29001468018,36081.11775187515,91.3447136876527,pvalloc_29nbfs_LRG2_max
4979,57334.8227385219,3909.0219036030935,57566.28067177001,55084.21146381461,2250.6112747072834,pvalloc_29nbfs_LRG2_max
4980,59616.947545039475,4677.908695889638,59963.540384559856,56852.115534682096,2764.832010357394,pvalloc_29nbfs_LRG2_max
4981,62940.126015672795,5378.251240170471,63399.83219138692,59348.32971599781,3591.796299674983,pvalloc_29nbfs_LRG2_max
4982,47631.25109903376,4926.2981007541375,48234.65122642818,46944.111291550034,687.1398074837147,pvalloc_29nbfs_LRG2_max
4983,52856.63941062893,5535.922402117159,53502.18179558341,51402.71249684702,1453.9269137819056,pvalloc_29nbfs_LRG2_max
4984,42932.88574922168,4886.290858808032,43577.74203332938,42652.32496908758,280.5607801340997,pvalloc_29nbfs_LRG2_max
4985,28494.526174355055,4367.145741011109,29328.83354896163,28494.526174355055,0.0,pvalloc_29nbfs_LRG2_max
4986,22521.62930470931,4916.883611767216,23925.15997012801,22521.62930470931,0.0,pvalloc_29nbfs_LRG2_max
4987,9972.526761930749,5114.846291163877,12424.547683893552,9972.526761930749,0.0,pvalloc_29nbfs_LRG2_max
4988,1.7663838072682991,11602.993253802151,11602.993253802151,1.7663838072682991,0.0,pvalloc_29nbfs_LRG2_max
4989,0.0,15306.207062822388,15306.207062822388,0.0,0.0,pvalloc_29nbfs_LRG2_max
4990,0.0,18487.54111223772,18487.54111223772,0.0,0.0,pvalloc_29nbfs_LRG2_max
4991,0.0,15678.910070087288,15678.910070087288,0.0,0.0,pvalloc_29nbfs_LRG2_max
4992,0.0,12457.950105853319,12457.950105853319,0.0,0.0,pvalloc_29nbfs_LRG2_max
4993,0.0,9566.57816566627,9566.57816566627,0.0,0.0,pvalloc_29nbfs_LRG2_max
4994,0.0,8172.598108657664,8172.598108657664,0.0,0.0,pvalloc_29nbfs_LRG2_max
4995,0.0,7275.373634775014,7275.373634775014,0.0,0.0,pvalloc_29nbfs_LRG2_max
4996,0.0,6657.432000184344,6657.432000184344,0.0,0.0,pvalloc_29nbfs_LRG2_max
4997,0.0,6227.23729493923,6227.23729493923,0.0,0.0,pvalloc_29nbfs_LRG2_max
4998,409.1337684388798,3581.747662591352,3598.70882590255,409.1337684388798,0.0,pvalloc_29nbfs_LRG2_max
4999,14921.806450582799,2526.3106457932663,15466.25827328022,14921.806450582799,0.0,pvalloc_29nbfs_LRG2_max
5000,33563.60307785231,2776.638219959756,33789.20380253637,33553.11665801228,10.486419840031601,pvalloc_29nbfs_LRG2_max
5001,52002.85012937062,3114.6704409330787,52149.175514453025,50790.25276626393,1212.5973631066834,pvalloc_29nbfs_LRG2_max
5002,65694.20780886433,3225.341266268787,65810.50928308627,61373.987271634964,4320.220537229327,pvalloc_29nbfs_LRG2_max
5003,85556.60842321352,3940.521439860794,85680.74246229837,73396.5222212315,12160.086201982065,pvalloc_29nbfs_LRG2_max
5004,83649.43960698761,4478.30560501849,83819.87106482788,72391.05284162902,11258.386765358637,pvalloc_29nbfs_LRG2_max
5005,90107.1776852743,4606.689539180977,90283.26634739885,75702.8809264183,14404.296758856026,pvalloc_29nbfs_LRG2_max
5006,83908.20057057192,4592.054461339601,84113.43586878787,72412.20684477211,11495.993725799875,pvalloc_29nbfs_LRG2_max
5007,70136.61263984254,4609.592794609856,70397.23587241382,64288.170435364555,5848.442204477891,pvalloc_29nbfs_LRG2_max
5008,55295.959576224384,4087.7747479698023,55590.57313354191,53403.08389818448,1892.8756780399044,pvalloc_29nbfs_LRG2_max
5009,32726.60527380908,3834.450914809063,33274.59989839775,32718.52137444798,8.083899361097679,pvalloc_29nbfs_LRG2_max
5010,13737.396402336008,3958.167662831268,15068.297480543451,13737.396402336008,0.0,pvalloc_29nbfs_LRG2_max
5011,2512.675291516487,6084.199637464661,6861.107368828937,2512.675291516487,0.0,pvalloc_29nbfs_LRG2_max
5012,0.024958675141344665,13827.375649259955,13827.375649259955,0.024958675141344665,0.0,pvalloc_29nbfs_LRG2_max
5013,0.0,14662.18168263524,14662.18168263524,0.0,0.0,pvalloc_29nbfs_LRG2_max
5014,0.0,16274.799124460178,16274.799124460178,0.0,0.0,pvalloc_29nbfs_LRG2_max
5015,0.0,15624.092956490873,15624.092956490873,0.0,0.0,pvalloc_29nbfs_LRG2_max
5016,0.0,12724.185769730162,12724.185769730162,0.0,0.0,pvalloc_29nbfs_LRG2_max
5017,0.0,10867.074894322574,10867.074894322574,0.0,0.0,pvalloc_29nbfs_LRG2_max
5018,0.0,8769.37174164062,8769.37174164062,0.0,0.0,pvalloc_29nbfs_LRG2_max
5019,0.0,7592.314610242441,7592.314610242441,0.0,0.0,pvalloc_29nbfs_LRG2_max
5020,0.0,6804.494587055006,6804.494587055006,0.0,0.0,pvalloc_29nbfs_LRG2_max
5021,0.0,6914.447201421453,6914.447201421453,0.0,0.0,pvalloc_29nbfs_LRG2_max
5022,126.52405241148954,4157.135728146506,4158.7081896199925,126.52405241148954,0.0,pvalloc_29nbfs_LRG2_max
5023,10439.42048771634,2564.3295349408527,11232.984389840241,10439.42048771634,0.0,pvalloc_29nbfs_LRG2_max
5024,21689.679546161748,2749.6222826969733,22112.005661816656,21689.679546161748,0.0,pvalloc_29nbfs_LRG2_max
5025,18558.637909122164,3366.8497926195214,19406.6311370166,18558.637909122164,0.0,pvalloc_29nbfs_LRG2_max
5026,30572.005109184247,3799.4852806394565,31184.121527976313,30572.005109184247,0.0,pvalloc_29nbfs_LRG2_max
5027,65858.60030682731,3646.727655193421,66016.4807765589,61446.250303226945,4412.3500036004,pvalloc_29nbfs_LRG2_max
5028,78962.32071608602,5327.197815800366,79288.77362371841,69850.54021225906,9111.780503826978,pvalloc_29nbfs_LRG2_max
5029,52057.196520553975,5045.793616345245,52590.86561188164,50729.30595420115,1327.8905663528353,pvalloc_29nbfs_LRG2_max
5030,22713.594404441545,5837.304361833433,24589.87332933177,22713.594404441545,0.0,pvalloc_29nbfs_LRG2_max
5031,25363.200762971403,4959.9889301223775,26609.29727464076,25363.200762971403,0.0,pvalloc_29nbfs_LRG2_max
5032,33754.72645812098,4039.2424923900207,34342.857902641634,33713.30195288552,41.42450523545375,pvalloc_29nbfs_LRG2_max
5033,26710.680957392018,4129.612382222736,27515.652308583907,26710.680957392018,0.0,pvalloc_29nbfs_LRG2_max
5034,16595.107575715934,4723.5408119912245,18219.539729416505,16595.107575715934,0.0,pvalloc_29nbfs_LRG2_max
5035,10217.952702266215,5390.640466087906,12754.665494390696,10217.952702266215,0.0,pvalloc_29nbfs_LRG2_max
5036,10.553742885164864,10991.380956047822,10991.393391196978,10.553742885164864,0.0,pvalloc_29nbfs_LRG2_max
5037,0.0,15623.399766375915,15623.399766375915,0.0,0.0,pvalloc_29nbfs_LRG2_max
5038,0.0,16022.715362504954,16022.715362504954,0.0,0.0,pvalloc_29nbfs_LRG2_max
5039,0.0,16439.75171535185,16439.75171535185,0.0,0.0,pvalloc_29nbfs_LRG2_max
5040,0.0,12326.556850038325,12326.556850038325,0.0,0.0,pvalloc_29nbfs_LRG2_max
5041,0.0,9488.47220812519,9488.47220812519,0.0,0.0,pvalloc_29nbfs_LRG2_max
5042,0.0,8024.435333822401,8024.435333822401,0.0,0.0,pvalloc_29nbfs_LRG2_max
5043,0.0,7253.657469496068,7253.657469496068,0.0,0.0,pvalloc_29nbfs_LRG2_max
5044,0.0,6638.189465394041,6638.189465394041,0.0,0.0,pvalloc_29nbfs_LRG2_max
5045,0.0,6441.096729282571,6441.096729282571,0.0,0.0,pvalloc_29nbfs_LRG2_max
5046,127.06514045854892,4133.7025478848,4135.253837618368,127.06514045854892,0.0,pvalloc_29nbfs_LRG2_max
5047,11294.573344966639,2641.0934989299117,12116.38385177019,11294.573344966639,0.0,pvalloc_29nbfs_LRG2_max
5048,32385.04330242632,2960.182848217103,32664.326757105602,32385.04330242632,0.0,pvalloc_29nbfs_LRG2_max
5049,53139.534230580604,3327.8791619742874,53308.05085230024,51760.940060586545,1378.5941699940627,pvalloc_29nbfs_LRG2_max
5050,72230.8864742791,3409.5199596496573,72330.1247422561,65784.60830481992,6446.278169459173,pvalloc_29nbfs_LRG2_max
5051,65839.42712037012,3814.4339261116334,66009.08073378056,61463.915714378076,4375.5114059920525,pvalloc_29nbfs_LRG2_max
5052,60328.32758730337,4448.315076147078,60623.27873863565,57416.754364279084,2911.5732230242875,pvalloc_29nbfs_LRG2_max
5053,66915.3805978659,4711.082098654378,67203.19339679976,62163.891347448654,4751.489250417219,pvalloc_29nbfs_LRG2_max
5054,68041.11520535473,4590.742295410863,68315.7257572463,62851.51081649739,5189.604388857267,pvalloc_29nbfs_LRG2_max
5055,57551.643729046446,4863.5535163940685,57964.821243235114,55190.532800370456,2361.110928676002,pvalloc_29nbfs_LRG2_max
5056,51403.2604874338,4305.153322600277,51763.45933082578,50213.61333352918,1189.6471539046156,pvalloc_29nbfs_LRG2_max
5057,34340.66150609385,3725.2071593495107,34829.6740359693,34297.221077101174,43.44042899268112,pvalloc_29nbfs_LRG2_max
5058,12126.938068130214,3720.7731684631385,13404.854571693779,12126.938068130214,0.0,pvalloc_29nbfs_LRG2_max
5059,6178.516446828936,4371.186363688359,8407.66436831956,6178.516446828936,0.0,pvalloc_29nbfs_LRG2_max
5060,213.07382870477954,7653.93982118612,7656.529978081848,213.07382870477954,0.0,pvalloc_29nbfs_LRG2_max
5061,0.0,12442.644294585474,12442.644294585474,0.0,0.0,pvalloc_29nbfs_LRG2_max
5062,0.0,12652.578225358759,12652.578225358759,0.0,0.0,pvalloc_29nbfs_LRG2_max
5063,0.0,12878.862779430521,12878.862779430521,0.0,0.0,pvalloc_29nbfs_LRG2_max
5064,0.0,12350.75565968853,12350.75565968853,0.0,0.0,pvalloc_29nbfs_LRG2_max
5065,0.0,11097.685205202353,11097.685205202353,0.0,0.0,pvalloc_29nbfs_LRG2_max
5066,0.0,9294.124150992036,9294.124150992036,0.0,0.0,pvalloc_29nbfs_LRG2_max
5067,0.0,7868.8472553816255,7868.8472553816255,0.0,0.0,pvalloc_29nbfs_LRG2_max
5068,0.0,6865.793803809358,6865.793803809358,0.0,0.0,pvalloc_29nbfs_LRG2_max
5069,0.0,7046.117084101745,7046.117084101745,0.0,0.0,pvalloc_29nbfs_LRG2_max
5070,117.83569389935617,4243.326546598355,4244.7735107689205,117.83569389935617,0.0,pvalloc_29nbfs_LRG2_max
5071,13179.428144938129,2495.3926443859013,13788.140686493385,13179.428144938129,0.0,pvalloc_29nbfs_LRG2_max
5072,30178.65944792407,2796.8353839433403,30451.45021966692,30178.65944792407,0.0,pvalloc_29nbfs_LRG2_max
5073,52401.610514855114,3196.242389588563,52558.09484144575,51113.96250010147,1287.6480147536363,pvalloc_29nbfs_LRG2_max
5074,69802.78879322353,3484.52702762245,69935.65312337142,64149.27640094454,5653.512392278957,pvalloc_29nbfs_LRG2_max
5075,80372.19450595244,3902.259403723868,80516.56105593922,70533.53666197034,9838.657843982077,pvalloc_29nbfs_LRG2_max
5076,70878.88422557278,4438.493624186393,71103.59877603129,64824.56130511886,6054.322920453804,pvalloc_29nbfs_LRG2_max
5077,62700.4691831348,4864.411300776236,63050.52317584159,59154.23485568554,3546.234327449273,pvalloc_29nbfs_LRG2_max
5078,53268.847460026314,5048.683893946051,53802.771804851116,51710.27882286412,1558.5686371621973,pvalloc_29nbfs_LRG2_max
5079,33081.223812902994,5064.588456993675,34063.63687886425,33053.148892511635,28.074920391363833,pvalloc_29nbfs_LRG2_max
5080,36281.31186889616,4694.393127058452,37021.97520580067,36176.99241887803,104.31945001813358,pvalloc_29nbfs_LRG2_max
5081,28586.424215617888,4457.563470441799,29457.115213734112,28586.424215617888,0.0,pvalloc_29nbfs_LRG2_max
5082,16322.067075137962,4413.85262462847,17739.563823547927,16322.067075137962,0.0,pvalloc_29nbfs_LRG2_max
5083,8591.722408595933,4733.28773660223,10816.692575329433,8591.722408595933,0.0,pvalloc_29nbfs_LRG2_max
5084,45.20444894486791,9039.40142278752,9039.678432818448,45.20444894486791,0.0,pvalloc_29nbfs_LRG2_max
5085,0.0,14038.884071464148,14038.884071464148,0.0,0.0,pvalloc_29nbfs_LRG2_max
5086,0.0,16707.678657408913,16707.678657408913,0.0,0.0,pvalloc_29nbfs_LRG2_max
5087,0.0,14798.423471834054,14798.423471834054,0.0,0.0,pvalloc_29nbfs_LRG2_max
5088,0.0,12920.992928294934,12920.992928294934,0.0,0.0,pvalloc_29nbfs_LRG2_max
5089,0.0,9900.944565301277,9900.944565301277,0.0,0.0,pvalloc_29nbfs_LRG2_max
5090,0.0,9389.785903685059,9389.785903685059,0.0,0.0,pvalloc_29nbfs_LRG2_max
5091,0.0,7401.546438254427,7401.546438254427,0.0,0.0,pvalloc_29nbfs_LRG2_max
5092,0.0,6692.067790682453,6692.067790682453,0.0,0.0,pvalloc_29nbfs_LRG2_max
5093,0.0,6497.448685059627,6497.448685059627,0.0,0.0,pvalloc_29nbfs_LRG2_max
5094,300.53090178037024,3841.6021661702957,3845.503689443355,300.53090178037024,0.0,pvalloc_29nbfs_LRG2_max
5095,14803.676524442459,2371.9896152686574,15271.279551073725,14803.676524442459,0.0,pvalloc_29nbfs_LRG2_max
5096,34803.80462529211,2366.9110774053606,34940.87069568755,34774.470724561594,29.33390073051754,pvalloc_29nbfs_LRG2_max
5097,56889.59367627835,2794.136841146581,56983.96419413586,54836.70827073816,2052.8854055401985,pvalloc_29nbfs_LRG2_max
5098,73779.43882224511,2918.119372963869,73855.563371586,66748.16061071408,7031.278211531007,pvalloc_29nbfs_LRG2_max
5099,89260.31224401407,3507.9528987547747,89361.05718464094,75283.05744456279,13977.254799451266,pvalloc_29nbfs_LRG2_max
5100,75365.73475802314,4903.525855891673,75621.69531206581,67639.66077967332,7726.073978349785,pvalloc_29nbfs_LRG2_max
5101,66103.82554117503,5575.146685261483,66571.60127704451,61519.73623235558,4584.089308819418,pvalloc_29nbfs_LRG2_max
5102,71187.70618810892,5661.699611811623,71650.9181983543,64851.1901728374,6336.516015271426,pvalloc_29nbfs_LRG2_max
5103,64985.95791451862,5144.823211693346,65408.49081255136,60685.27360725247,4300.684307266153,pvalloc_29nbfs_LRG2_max
5104,61178.926381023295,4940.9882443365095,61609.25535796323,57890.3028601561,3288.6235208671887,pvalloc_29nbfs_LRG2_max
5105,25869.767958215773,4797.277118013449,26936.205886662563,25869.767958215773,0.0,pvalloc_29nbfs_LRG2_max
5106,6547.545455562273,5128.806200076065,9135.298117387963,6547.545455562273,0.0,pvalloc_29nbfs_LRG2_max
5107,1418.6466398371538,6932.495493153047,7054.349968621018,1418.6466398371538,0.0,pvalloc_29nbfs_LRG2_max
5108,0.5385104481312999,11343.956667051181,11343.956667051181,0.5385104481312999,0.0,pvalloc_29nbfs_LRG2_max
5109,0.0,13173.891725783154,13173.891725783154,0.0,0.0,pvalloc_29nbfs_LRG2_max
5110,0.0,13106.449704799226,13106.449704799226,0.0,0.0,pvalloc_29nbfs_LRG2_max
5111,0.0,12603.2453164585,12603.2453164585,0.0,0.0,pvalloc_29nbfs_LRG2_max
5112,0.0,10413.182078012227,10413.182078012227,0.0,0.0,pvalloc_29nbfs_LRG2_max
5113,0.0,8993.403916155026,8993.403916155026,0.0,0.0,pvalloc_29nbfs_LRG2_max
5114,0.0,7817.172615127089,7817.172615127089,0.0,0.0,pvalloc_29nbfs_LRG2_max
5115,0.0,7187.9602584705435,7187.9602584705435,0.0,0.0,pvalloc_29nbfs_LRG2_max
5116,0.0,6597.782238100716,6597.782238100716,0.0,0.0,pvalloc_29nbfs_LRG2_max
5117,0.0,6653.582169584409,6653.582169584409,0.0,0.0,pvalloc_29nbfs_LRG2_max
5118,143.7761526479226,4119.582109870076,4121.266912988375,143.7761526479226,0.0,pvalloc_29nbfs_LRG2_max
5119,10268.201098590172,2358.80668676548,10948.861126118958,10268.201098590172,0.0,pvalloc_29nbfs_LRG2_max
5120,31153.912884330748,2382.5702281121885,31323.224935803497,31153.912884330748,0.0,pvalloc_29nbfs_LRG2_max
5121,54449.2537601088,2713.6569585125567,54546.19011095404,52861.698358816946,1587.5554012918662,pvalloc_29nbfs_LRG2_max
5122,70440.0689787186,3179.7488482935564,70536.54180318578,64637.018402692185,5803.050576026349,pvalloc_29nbfs_LRG2_max
5123,88929.6890570636,3494.0702820501315,89013.89928308508,75196.97203838971,13732.71701867401,pvalloc_29nbfs_LRG2_max
5124,88520.71808932135,4692.601538732532,88685.85030007263,75029.65652655896,13491.06156276243,pvalloc_29nbfs_LRG2_max
5125,88442.57677074325,5521.147450681068,88707.46345400055,74913.71303797232,13528.863732770951,pvalloc_29nbfs_LRG2_max
5126,82172.33289341877,5401.587267124542,82464.02812799561,71498.74208772794,10673.590805690836,pvalloc_29nbfs_LRG2_max
5127,77611.1674057459,5317.52883803248,77930.20519408236,68883.8955445513,8727.271861194631,pvalloc_29nbfs_LRG2_max
5128,68740.37479781892,4485.758867778683,68998.55941278997,63344.79672605826,5395.5780717607695,pvalloc_29nbfs_LRG2_max
5129,50410.860013291924,4327.116484785582,50795.83148124963,49381.69601437957,1029.1639989123378,pvalloc_29nbfs_LRG2_max
5130,30850.931195063757,4875.107617198476,31799.6757281646,30850.931195063757,0.0,pvalloc_29nbfs_LRG2_max
5131,12200.812034311959,4979.504933724513,14327.738143874649,12200.812034311959,0.0,pvalloc_29nbfs_LRG2_max
5132,1.3709608802841613,11936.851245286893,11936.851245286893,1.3709608802841613,0.0,pvalloc_29nbfs_LRG2_max
5133,0.0,18228.216139042954,18228.216139042954,0.0,0.0,pvalloc_29nbfs_LRG2_max
5134,0.0,18162.49636171034,18162.49636171034,0.0,0.0,pvalloc_29nbfs_LRG2_max
5135,0.0,15581.301938822113,15581.301938822113,0.0,0.0,pvalloc_29nbfs_LRG2_max
5136,0.0,13660.518661518496,13660.518661518496,0.0,0.0,pvalloc_29nbfs_LRG2_max
5137,0.0,10358.480128423342,10358.480128423342,0.0,0.0,pvalloc_29nbfs_LRG2_max
5138,0.0,8828.47113398323,8828.47113398323,0.0,0.0,pvalloc_29nbfs_LRG2_max
5139,0.0,7213.798405873981,7213.798405873981,0.0,0.0,pvalloc_29nbfs_LRG2_max
5140,0.0,6479.031429122138,6479.031429122138,0.0,0.0,pvalloc_29nbfs_LRG2_max
5141,0.0,6403.162580960439,6403.162580960439,0.0,0.0,pvalloc_29nbfs_LRG2_max
5142,125.60353084673669,4161.814930600812,4163.195015726151,125.60353084673669,0.0,pvalloc_29nbfs_LRG2_max
5143,13307.06365897513,2355.0289780946405,13826.843686371947,13307.06365897513,0.0,pvalloc_29nbfs_LRG2_max
5144,33115.273617525905,2663.4002182516647,33314.34922064128,33115.273617525905,0.0,pvalloc_29nbfs_LRG2_max
5145,53978.2417257448,3208.1038990009065,54119.77965309566,52472.799680384946,1505.4420453598632,pvalloc_29nbfs_LRG2_max
5146,74368.48422252227,3328.3714317316594,74465.38178193154,67140.2857016427,7228.198520879606,pvalloc_29nbfs_LRG2_max
5147,87654.1231843568,4250.046958841042,87778.62548991604,74612.45983663325,13041.663347723495,pvalloc_29nbfs_LRG2_max
5148,83270.12406275491,5795.844739980126,83636.40359476859,72364.4613962857,10905.662666469228,pvalloc_29nbfs_LRG2_max
5149,88090.50744754718,5322.280775749804,88331.13430771971,74818.22688697223,13272.28056057494,pvalloc_29nbfs_LRG2_max
5150,87694.9395973046,4496.002417965172,87886.50510578303,74412.58259909852,13282.3569982061,pvalloc_29nbfs_LRG2_max
5151,75865.90583824385,5025.5651079634,76136.9757126847,67926.68779804409,7939.218040199747,pvalloc_29nbfs_LRG2_max
5152,63205.60352984642,4265.721488554273,63450.818320930695,59531.89872332375,3673.7048065226545,pvalloc_29nbfs_LRG2_max
5153,45930.985217787005,3930.5540461780924,46258.39621154998,45492.83236162194,438.1528561650624,pvalloc_29nbfs_LRG2_max
5154,30680.896882338428,3931.1919402802805,31269.273435337233,30680.896882338428,0.0,pvalloc_29nbfs_LRG2_max
5155,10170.310011103991,5608.855852042302,12945.50350848339,10170.310011103991,0.0,pvalloc_29nbfs_LRG2_max
5156,0.9899346697857694,13203.866541393156,13203.866541393156,0.9899346697857694,0.0,pvalloc_29nbfs_LRG2_max
5157,0.0,16656.158247084175,16656.158247084175,0.0,0.0,pvalloc_29nbfs_LRG2_max
5158,0.0,16956.66673318879,16956.66673318879,0.0,0.0,pvalloc_29nbfs_LRG2_max
5159,0.0,13878.197386105796,13878.197386105796,0.0,0.0,pvalloc_29nbfs_LRG2_max
5160,0.0,13359.709264488025,13359.709264488025,0.0,0.0,pvalloc_29nbfs_LRG2_max
5161,0.0,9823.421723926978,9823.421723926978,0.0,0.0,pvalloc_29nbfs_LRG2_max
5162,0.0,8004.918441437758,8004.918441437758,0.0,0.0,pvalloc_29nbfs_LRG2_max
5163,0.0,7279.771629046192,7279.771629046192,0.0,0.0,pvalloc_29nbfs_LRG2_max
5164,0.0,6702.512682378077,6702.512682378077,0.0,0.0,pvalloc_29nbfs_LRG2_max
5165,0.0,6398.764586689275,6398.764586689275,0.0,0.0,pvalloc_29nbfs_LRG2_max
5166,103.08274599691063,4348.912231598527,4350.01289567078,103.08274599691063,0.0,pvalloc_29nbfs_LRG2_max
5167,12661.867061115752,2548.3357696933344,13327.408580968466,12661.867061115752,0.0,pvalloc_29nbfs_LRG2_max
5168,33063.31971360106,2920.773341862354,33318.61053611316,33063.31971360106,0.0,pvalloc_29nbfs_LRG2_max
5169,54912.632014730945,3160.882629979262,55044.647300930585,53237.687921522884,1674.9440932080745,pvalloc_29nbfs_LRG2_max
5170,74938.22118067804,3061.5311404395657,75022.40094339904,67460.43126385083,7477.78991682716,pvalloc_29nbfs_LRG2_max
5171,89746.44391779917,3765.478791510962,89846.20073488887,75613.2430695548,14133.200848244414,pvalloc_29nbfs_LRG2_max
5172,84030.3563041679,4278.063057342047,84189.65651976196,72603.97345725654,11426.382846911441,pvalloc_29nbfs_LRG2_max
5173,78316.08435536122,4586.4482090118845,78530.82174388337,69369.63969197967,8946.44466338161,pvalloc_29nbfs_LRG2_max
5174,88608.7060836352,4541.040649639158,88796.92356333828,74902.54884765657,13706.157235978633,pvalloc_29nbfs_LRG2_max
5175,76358.76768149757,4722.3639597044175,76605.6210205791,68178.84314818513,8179.9245333124945,pvalloc_29nbfs_LRG2_max
5176,61160.81570906203,4537.428599706327,61466.41366407632,57979.94760633856,3180.8681027234625,pvalloc_29nbfs_LRG2_max
5177,41836.23921930465,4211.409809336453,42311.43688427577,41623.45160656979,212.78761273484855,pvalloc_29nbfs_LRG2_max
5178,22924.03788466295,4132.5545134457,23844.938451347825,22924.03788466295,0.0,pvalloc_29nbfs_LRG2_max
5179,9383.504380687384,4312.385195304403,11202.402271547182,9383.504380687384,0.0,pvalloc_29nbfs_LRG2_max
5180,20.172669371651217,9584.153312380959,9584.310273772382,20.172669371651217,0.0,pvalloc_29nbfs_LRG2_max
5181,0.0,17958.547144614713,17958.547144614713,0.0,0.0,pvalloc_29nbfs_LRG2_max
5182,0.0,15508.105894089556,15508.105894089556,0.0,0.0,pvalloc_29nbfs_LRG2_max
5183,0.0,14273.897403473246,14273.897403473246,0.0,0.0,pvalloc_29nbfs_LRG2_max
5184,0.0,13200.33224655577,13200.33224655577,0.0,0.0,pvalloc_29nbfs_LRG2_max
5185,0.0,9638.325646422076,9638.325646422076,0.0,0.0,pvalloc_29nbfs_LRG2_max
5186,0.0,8321.584507793394,8321.584507793394,0.0,0.0,pvalloc_29nbfs_LRG2_max
5187,0.0,7169.817360127395,7169.817360127395,0.0,0.0,pvalloc_29nbfs_LRG2_max
5188,0.0,7079.928698781938,7079.928698781938,0.0,0.0,pvalloc_29nbfs_LRG2_max
5189,0.0,6529.334832922408,6529.334832922408,0.0,0.0,pvalloc_29nbfs_LRG2_max
5190,43.79279254112965,4768.209226984169,4768.705609179932,43.79279254112965,0.0,pvalloc_29nbfs_LRG2_max
5191,10377.04885964868,2502.475925410089,11128.376946287266,10377.04885964868,0.0,pvalloc_29nbfs_LRG2_max
5192,27609.5643858336,2857.3826018854925,27931.5608148745,27609.5643858336,0.0,pvalloc_29nbfs_LRG2_max
5193,49189.90628267559,3115.2409092333987,49344.78799722419,48451.894453762136,738.0118289134541,pvalloc_29nbfs_LRG2_max
5194,62314.71965420802,3396.0881692795183,62448.66315800395,58959.77677899768,3354.9428752103395,pvalloc_29nbfs_LRG2_max
5195,70870.86993324856,4074.951839903133,71039.31556536816,64929.93909757063,5940.930835677914,pvalloc_29nbfs_LRG2_max
5196,68344.29860637618,5046.340194418383,68681.0519175008,63278.24892065159,5066.049685724527,pvalloc_29nbfs_LRG2_max
5197,72574.9740903865,4919.901267017248,72850.2469502505,65911.29572518988,6663.678365196636,pvalloc_29nbfs_LRG2_max
5198,71325.13961572874,5431.670515390015,71695.92514182757,65098.819835038805,6226.319780689929,pvalloc_29nbfs_LRG2_max
5199,70434.32791174536,4903.787969268832,70733.30619158564,64486.12724401146,5948.200667733878,pvalloc_29nbfs_LRG2_max
5200,42350.703015778585,3815.391758568809,42721.67327431512,42117.09059518148,233.6124205971093,pvalloc_29nbfs_LRG2_max
5201,27212.940355155264,3805.0927778884648,27860.083267413658,27212.940355155264,0.0,pvalloc_29nbfs_LRG2_max
5202,13098.034497645958,4327.984423115061,14760.945099930279,13098.034497645958,0.0,pvalloc_29nbfs_LRG2_max
5203,8220.018673791034,4806.627555917486,10540.008802774975,8220.018673791034,0.0,pvalloc_29nbfs_LRG2_max
5204,0.0,15090.743710386072,15090.743710386072,0.0,0.0,pvalloc_29nbfs_LRG2_max
5205,0.0,15791.348827533153,15791.348827533153,0.0,0.0,pvalloc_29nbfs_LRG2_max
5206,0.0,15247.755727980579,15247.755727980579,0.0,0.0,pvalloc_29nbfs_LRG2_max
5207,0.0,15008.22525066832,15008.22525066832,0.0,0.0,pvalloc_29nbfs_LRG2_max
5208,0.0,12069.433844123947,12069.433844123947,0.0,0.0,pvalloc_29nbfs_LRG2_max
5209,0.0,11145.876780548275,11145.876780548275,0.0,0.0,pvalloc_29nbfs_LRG2_max
5210,0.0,8940.899584908117,8940.899584908117,0.0,0.0,pvalloc_29nbfs_LRG2_max
5211,0.0,7874.895807358424,7874.895807358424,0.0,0.0,pvalloc_29nbfs_LRG2_max
5212,0.0,7043.644556647981,7043.644556647981,0.0,0.0,pvalloc_29nbfs_LRG2_max
5213,0.0,7125.558647681808,7125.558647681808,0.0,0.0,pvalloc_29nbfs_LRG2_max
5214,3.6209129932177015,5734.093133921056,5734.16481721687,3.6209129932177015,0.0,pvalloc_29nbfs_LRG2_max
5215,1654.4073705079718,3024.186045045919,3676.692304521529,1654.4073705079718,0.0,pvalloc_29nbfs_LRG2_max
5216,6111.270705710586,2945.5641721679035,7459.091830154405,6111.270705710586,0.0,pvalloc_29nbfs_LRG2_max
5217,12204.03658605216,3188.1160198761063,13274.931480547382,12204.03658605216,0.0,pvalloc_29nbfs_LRG2_max
5218,23891.526409624337,3307.7911972329903,24451.93285131327,23891.526409624337,0.0,pvalloc_29nbfs_LRG2_max
5219,28429.422235436796,3946.4264763569486,29098.153586854034,28429.422235436796,0.0,pvalloc_29nbfs_LRG2_max
5220,21052.256977391447,5083.297985546308,22718.66875026515,21052.256977391447,0.0,pvalloc_29nbfs_LRG2_max
5221,45693.96504168373,4532.744167511479,46200.872864398145,45238.877402340666,455.0876393430707,pvalloc_29nbfs_LRG2_max
5222,60411.5418596746,4699.146220193249,60766.43934604812,57375.32461205333,3036.217247621292,pvalloc_29nbfs_LRG2_max
5223,47440.65700393149,4725.090863861346,47959.623941175014,46823.88079207442,616.7762118570715,pvalloc_29nbfs_LRG2_max
5224,47798.0183825909,4121.646103159091,48164.82228649515,47157.51134348974,640.5070391011557,pvalloc_29nbfs_LRG2_max
5225,35797.897604605685,4199.971148767528,36373.34496662153,35729.61490633477,68.282698270916,pvalloc_29nbfs_LRG2_max
5226,24954.72075662575,4094.566512805084,25775.081602698752,24954.72075662575,0.0,pvalloc_29nbfs_LRG2_max
5227,10269.888893953392,4774.1576646559615,12373.677977978132,10269.888893953392,0.0,pvalloc_29nbfs_LRG2_max
5228,0.2421133534611586,12343.532444512219,12343.532444512219,0.2421133534611586,0.0,pvalloc_29nbfs_LRG2_max
5229,0.0,17463.78761121696,17463.78761121696,0.0,0.0,pvalloc_29nbfs_LRG2_max
5230,0.0,16776.24576513662,16776.24576513662,0.0,0.0,pvalloc_29nbfs_LRG2_max
5231,0.0,13863.094861205218,13863.094861205218,0.0,0.0,pvalloc_29nbfs_LRG2_max
5232,0.0,12379.083196074876,12379.083196074876,0.0,0.0,pvalloc_29nbfs_LRG2_max
5233,0.0,10840.796451126309,10840.796451126309,0.0,0.0,pvalloc_29nbfs_LRG2_max
5234,0.0,8839.193140860432,8839.193140860432,0.0,0.0,pvalloc_29nbfs_LRG2_max
5235,0.0,7691.549078353807,7691.549078353807,0.0,0.0,pvalloc_29nbfs_LRG2_max
5236,0.0,6881.188714069509,6881.188714069509,0.0,0.0,pvalloc_29nbfs_LRG2_max
5237,0.0,7020.828203404437,7020.828203404437,0.0,0.0,pvalloc_29nbfs_LRG2_max
5238,66.54528694618577,4740.933999730511,4741.6183625477115,66.54528694618577,0.0,pvalloc_29nbfs_LRG2_max
5239,11461.243899352881,2608.783812371186,12192.699789693032,11461.243899352881,0.0,pvalloc_29nbfs_LRG2_max
5240,24405.043350519853,2927.198057404915,24809.873124581933,24405.043350519853,0.0,pvalloc_29nbfs_LRG2_max
5241,48300.35054565466,3153.407299233322,48465.72886465042,47666.8872246584,633.4633209962544,pvalloc_29nbfs_LRG2_max
5242,62256.38423732204,3597.94048888027,62409.321379546695,58914.915100000784,3341.4691373212586,pvalloc_29nbfs_LRG2_max
5243,68811.1421672659,3910.0298775098927,68977.20620623547,63518.335979657735,5292.806187608265,pvalloc_29nbfs_LRG2_max
5244,56475.466006364324,4418.301378185183,56791.88504358991,54419.426791934355,2056.0392144299626,pvalloc_29nbfs_LRG2_max
5245,54906.633214615766,4932.867349007493,55356.44283867546,53129.513868548594,1777.1193460671761,pvalloc_29nbfs_LRG2_max
5246,51246.42220661846,4986.939947731789,51794.643499153965,50040.288477158916,1206.1337294595412,pvalloc_29nbfs_LRG2_max
5247,50990.49013433218,4681.443228101142,51466.03223862818,49839.27631466922,1151.2138196629564,pvalloc_29nbfs_LRG2_max
5248,43367.17851042974,4129.642047991895,43824.17722994153,43069.7057418336,297.4727685961354,pvalloc_29nbfs_LRG2_max
5249,35400.2481867984,4004.0714828930054,35935.429101592395,35338.74787957929,61.50030721910764,pvalloc_29nbfs_LRG2_max
5250,18123.926889878763,4538.980679431551,19491.417426332562,18123.926889878763,0.0,pvalloc_29nbfs_LRG2_max
5251,8333.593073951344,5133.913173989498,10854.754998631626,8333.593073951344,0.0,pvalloc_29nbfs_LRG2_max
5252,0.0,19000.134662661887,19000.134662661887,0.0,0.0,pvalloc_29nbfs_LRG2_max
5253,0.0,19290.580116971654,19290.580116971654,0.0,0.0,pvalloc_29nbfs_LRG2_max
5254,0.0,16835.268381474216,16835.268381474216,0.0,0.0,pvalloc_29nbfs_LRG2_max
5255,0.0,14924.78827852718,14924.78827852718,0.0,0.0,pvalloc_29nbfs_LRG2_max
5256,0.0,13381.168060104113,13381.168060104113,0.0,0.0,pvalloc_29nbfs_LRG2_max
5257,0.0,10539.960012448035,10539.960012448035,0.0,0.0,pvalloc_29nbfs_LRG2_max
5258,0.0,8429.066249258416,8429.066249258416,0.0,0.0,pvalloc_29nbfs_LRG2_max
5259,0.0,7662.686930720702,7662.686930720702,0.0,0.0,pvalloc_29nbfs_LRG2_max
5260,0.0,6987.56971605249,6987.56971605249,0.0,0.0,pvalloc_29nbfs_LRG2_max
5261,0.0,6946.060646242224,6946.060646242224,0.0,0.0,pvalloc_29nbfs_LRG2_max
5262,58.79489089981778,4987.491547227303,4988.114616154448,58.79489089981778,0.0,pvalloc_29nbfs_LRG2_max
5263,12689.756185121727,2563.1085101381764,13328.856614302113,12689.756185121727,0.0,pvalloc_29nbfs_LRG2_max
5264,33505.36407166857,2856.308466326966,33741.30590671673,33501.406814976086,3.9572566924837247,pvalloc_29nbfs_LRG2_max
5265,56198.12923008882,2947.4043547831757,56310.604992649154,54275.82613055214,1922.303099536682,pvalloc_29nbfs_LRG2_max
5266,75224.64883203985,3724.7668791235774,75341.2744280683,67676.1618276318,7548.487004408033,pvalloc_29nbfs_LRG2_max
5267,88826.55952410605,4800.72933881165,88996.57430542122,75233.86222001536,13592.69730409068,pvalloc_29nbfs_LRG2_max
5268,86120.17663952305,5848.842618822174,86454.35371054408,73815.48858833288,12304.688051190153,pvalloc_29nbfs_LRG2_max
5269,91016.9033134677,5815.238591956986,91306.50861934829,76233.66389982423,14783.239413643452,pvalloc_29nbfs_LRG2_max
5270,91502.05745529383,5228.795255530304,91771.49996589974,76211.38498897215,15290.672466321705,pvalloc_29nbfs_LRG2_max
5271,83045.6553109965,5020.444733059683,83307.56662971906,71924.02987191649,11121.625439080055,pvalloc_29nbfs_LRG2_max
5272,69189.73268352138,4778.791652559617,69477.45121897198,63660.24835247935,5529.484331042026,pvalloc_29nbfs_LRG2_max
5273,52123.53229416139,4343.049685011319,52498.93076245726,50807.821735576035,1315.7105585853549,pvalloc_29nbfs_LRG2_max
5274,31261.863471202956,4443.157594103357,32026.160418232073,31261.863471202956,0.0,pvalloc_29nbfs_LRG2_max
5275,12674.204382447506,4709.221014042284,14449.034119831489,12674.204382447506,0.0,pvalloc_29nbfs_LRG2_max
5276,0.001144878417680309,16108.128089506325,16108.128089506325,0.001144878417680309,0.0,pvalloc_29nbfs_LRG2_max
5277,0.0,16661.54003587522,16661.54003587522,0.0,0.0,pvalloc_29nbfs_LRG2_max
5278,0.0,16071.87963882066,16071.87963882066,0.0,0.0,pvalloc_29nbfs_LRG2_max
5279,0.0,16513.61501158644,16513.61501158644,0.0,0.0,pvalloc_29nbfs_LRG2_max
5280,0.0,14223.4027375802,14223.4027375802,0.0,0.0,pvalloc_29nbfs_LRG2_max
5281,0.0,10189.901163932846,10189.901163932846,0.0,0.0,pvalloc_29nbfs_LRG2_max
5282,0.0,9219.90861812319,9219.90861812319,0.0,0.0,pvalloc_29nbfs_LRG2_max
5283,0.0,8077.212368111325,8077.212368111325,0.0,0.0,pvalloc_29nbfs_LRG2_max
5284,0.0,7416.388772703773,7416.388772703773,0.0,0.0,pvalloc_29nbfs_LRG2_max
5285,0.0,7104.393955178768,7104.393955178768,0.0,0.0,pvalloc_29nbfs_LRG2_max
5286,19.61626803888635,5505.411457451303,5505.67398618594,19.61626803888635,0.0,pvalloc_29nbfs_LRG2_max
5287,11799.228869671713,2604.620386250913,12506.245193798302,11799.228869671713,0.0,pvalloc_29nbfs_LRG2_max
5288,33671.82545632842,2762.9688957142475,33887.60322621791,33665.53563223009,6.2898240983302,pvalloc_29nbfs_LRG2_max
5289,55885.28191379733,2765.1588751164095,55986.19699924129,54022.533233113616,1862.7486806837073,pvalloc_29nbfs_LRG2_max
5290,74182.24828527718,3621.7686009276845,74292.08230291662,67049.86273804614,7132.385547231052,pvalloc_29nbfs_LRG2_max
5291,90214.79714206529,4050.156719378208,90337.07557109909,75834.75596002312,14380.041182042221,pvalloc_29nbfs_LRG2_max
5292,85613.25227021702,5619.668536033258,85914.58948064804,73551.78362271682,12061.468647500224,pvalloc_29nbfs_LRG2_max
5293,91365.99092973549,5533.21062422831,91625.74775449367,76297.66681808844,15068.324111647087,pvalloc_29nbfs_LRG2_max
5294,86745.18979125506,6653.098956352112,87201.03189874416,73904.55104669658,12840.63874455844,pvalloc_29nbfs_LRG2_max
5295,80005.74891249959,6058.826716244252,80428.01033810488,70221.83005878044,9783.918853719144,pvalloc_29nbfs_LRG2_max
5296,65442.80289685612,6116.89215747848,66030.94647962277,61103.37782487734,4339.425071978786,pvalloc_29nbfs_LRG2_max
5297,49694.93028078259,5439.5523618278585,50386.663255398445,48722.06483895186,972.8654418307328,pvalloc_29nbfs_LRG2_max
5298,29308.205757143096,5433.348583954224,30513.192020533974,29308.205757143096,0.0,pvalloc_29nbfs_LRG2_max
5299,8808.465075925227,6468.924477401897,12180.851601334103,8808.465075925227,0.0,pvalloc_29nbfs_LRG2_max
5300,0.002782290935076717,16915.125381075446,16915.125381075446,0.002782290935076717,0.0,pvalloc_29nbfs_LRG2_max
5301,0.0,19664.8737674663,19664.8737674663,0.0,0.0,pvalloc_29nbfs_LRG2_max
5302,0.0,21717.297616531436,21717.297616531436,0.0,0.0,pvalloc_29nbfs_LRG2_max
5303,0.0,17214.825474050005,17214.825474050005,0.0,0.0,pvalloc_29nbfs_LRG2_max
5304,0.0,12578.207549128692,12578.207549128692,0.0,0.0,pvalloc_29nbfs_LRG2_max
5305,0.0,10294.109997870488,10294.109997870488,0.0,0.0,pvalloc_29nbfs_LRG2_max
5306,0.0,8325.709247505114,8325.709247505114,0.0,0.0,pvalloc_29nbfs_LRG2_max
5307,0.0,7293.515981600715,7293.515981600715,0.0,0.0,pvalloc_29nbfs_LRG2_max
5308,0.0,6735.774478834689,6735.774478834689,0.0,0.0,pvalloc_29nbfs_LRG2_max
5309,0.0,6710.483943585053,6710.483943585053,0.0,0.0,pvalloc_29nbfs_LRG2_max
5310,30.31204363907763,4984.893135284272,4985.2782607249455,30.31204363907763,0.0,pvalloc_29nbfs_LRG2_max
5311,11751.38402689053,2510.709442434107,12419.155888716316,11751.38402689053,0.0,pvalloc_29nbfs_LRG2_max
5312,32869.0974116032,2874.5458503395425,33117.72842627668,32869.0974116032,0.0,pvalloc_29nbfs_LRG2_max
5313,54814.79060705513,3220.048827741265,54955.204147416116,53148.75744288904,1666.033164166106,pvalloc_29nbfs_LRG2_max
5314,74956.91768222046,3689.016862356377,75082.7363156065,67479.14702484816,7477.7706573722535,pvalloc_29nbfs_LRG2_max
5315,91190.0225585911,3849.9993231095536,91302.43578020089,76290.27959851465,14899.742960076439,pvalloc_29nbfs_LRG2_max
5316,85234.47114768672,5913.754847358287,85584.3000365092,73334.39313352981,11900.078014156912,pvalloc_29nbfs_LRG2_max
5317,90958.63434666432,5415.6434167534935,91198.22824718671,76175.25033323013,14783.384013434208,pvalloc_29nbfs_LRG2_max
5318,88562.84914898065,5553.43622770054,88834.5810222748,74901.82867050727,13661.020478473374,pvalloc_29nbfs_LRG2_max
5319,82018.1844730009,4917.342248764468,82251.45395443382,71425.24636276615,10592.938110234774,pvalloc_29nbfs_LRG2_max
5320,67937.80554886397,4825.951235712801,68235.75959118427,62830.135780094126,5107.669768769838,pvalloc_29nbfs_LRG2_max
5321,50056.789612814115,4697.786683146883,50513.98497332271,49095.21703462473,961.5725781893773,pvalloc_29nbfs_LRG2_max
5322,31967.691711580468,3954.7943362347964,32562.06178049955,31967.691711580468,0.0,pvalloc_29nbfs_LRG2_max
5323,10836.4730045219,4742.467390663082,12904.624266227987,10836.4730045219,0.0,pvalloc_29nbfs_LRG2_max
5324,0.6210965762627492,11780.479643227958,11780.479643227958,0.6210965762627492,0.0,pvalloc_29nbfs_LRG2_max
5325,0.0,17798.4514230697,17798.4514230697,0.0,0.0,pvalloc_29nbfs_LRG2_max
5326,0.0,19605.334016129706,19605.334016129706,0.0,0.0,pvalloc_29nbfs_LRG2_max
5327,0.0,17993.3392447101,17993.3392447101,0.0,0.0,pvalloc_29nbfs_LRG2_max
5328,0.0,14499.905393880887,14499.905393880887,0.0,0.0,pvalloc_29nbfs_LRG2_max
5329,0.0,10706.798579119697,10706.798579119697,0.0,0.0,pvalloc_29nbfs_LRG2_max
5330,0.0,8691.305275136961,8691.305275136961,0.0,0.0,pvalloc_29nbfs_LRG2_max
5331,0.0,7299.838339654399,7299.838339654399,0.0,0.0,pvalloc_29nbfs_LRG2_max
5332,0.0,6942.4868277889755,6942.4868277889755,0.0,0.0,pvalloc_29nbfs_LRG2_max
5333,0.0,6828.1340130815815,6828.1340130815815,0.0,0.0,pvalloc_29nbfs_LRG2_max
5334,10.244459102487284,5417.820012774293,5417.955603354694,10.244459102487284,0.0,pvalloc_29nbfs_LRG2_max
5335,10505.231335098148,2806.0461815949443,11439.429526556705,10505.231335098148,0.0,pvalloc_29nbfs_LRG2_max
5336,31587.94030460737,3234.720217702503,31942.822609301074,31587.94030460737,0.0,pvalloc_29nbfs_LRG2_max
5337,53925.89361908869,3412.9416105209216,54094.32364228176,52410.63032810163,1515.263290987059,pvalloc_29nbfs_LRG2_max
5338,73873.10774620376,3725.8782892920394,74000.33749361604,66828.64161205986,7044.466134143863,pvalloc_29nbfs_LRG2_max
5339,89046.3697154781,4023.42019026781,89163.56366391401,75272.1284140141,13774.24130146398,pvalloc_29nbfs_LRG2_max
5340,84360.99725116398,5740.994619693766,84709.11089089469,72958.58128396347,11402.41596720052,pvalloc_29nbfs_LRG2_max
5341,88658.95287435298,5709.238392330334,88949.5579703073,75093.00865709918,13565.94421725385,pvalloc_29nbfs_LRG2_max
5342,85471.32257432211,6553.281560619263,85928.67161792463,73428.44458351708,12042.877990805046,pvalloc_29nbfs_LRG2_max
5343,80350.92147921458,5459.540004070224,80660.87924281532,70481.32291011239,9869.598569102236,pvalloc_29nbfs_LRG2_max
5344,68383.9507545547,4524.59350310761,68641.78294008622,63121.999308654864,5261.951445899879,pvalloc_29nbfs_LRG2_max
5345,48964.90719221619,4481.753625827655,49387.30901290963,48173.93862287286,790.9685693433275,pvalloc_29nbfs_LRG2_max
5346,29290.317044539082,4464.193978290714,30117.89136366576,29290.317044539082,0.0,pvalloc_29nbfs_LRG2_max
5347,7443.361781683877,6366.254265180386,10947.735346870692,7443.361781683877,0.0,pvalloc_29nbfs_LRG2_max
5348,0.0,15989.730142980065,15989.730142980065,0.0,0.0,pvalloc_29nbfs_LRG2_max
5349,0.0,16826.715043934226,16826.715043934226,0.0,0.0,pvalloc_29nbfs_LRG2_max
5350,0.0,17455.218388780388,17455.218388780388,0.0,0.0,pvalloc_29nbfs_LRG2_max
5351,0.0,17312.601875985758,17312.601875985758,0.0,0.0,pvalloc_29nbfs_LRG2_max
5352,0.0,14414.143741518079,14414.143741518079,0.0,0.0,pvalloc_29nbfs_LRG2_max
5353,0.0,9954.172012300509,9954.172012300509,0.0,0.0,pvalloc_29nbfs_LRG2_max
5354,0.0,8448.308232531268,8448.308232531268,0.0,0.0,pvalloc_29nbfs_LRG2_max
5355,0.0,7461.470557932398,7461.470557932398,0.0,0.0,pvalloc_29nbfs_LRG2_max
5356,0.0,6904.553782501744,6904.553782501744,0.0,0.0,pvalloc_29nbfs_LRG2_max
5357,0.0,6785.528064411384,6785.528064411384,0.0,0.0,pvalloc_29nbfs_LRG2_max
5358,16.195403398354312,5398.072756214601,5398.302720090758,16.195403398354312,0.0,pvalloc_29nbfs_LRG2_max
5359,10622.151279943479,2700.543426850922,11465.564183266573,10622.151279943479,0.0,pvalloc_29nbfs_LRG2_max
5360,31815.033514461775,3036.8017381226646,32115.542711263326,31815.033514461775,0.0,pvalloc_29nbfs_LRG2_max
5361,51627.596504629604,4022.1010143291487,51931.15887230606,50503.68287183406,1123.913632795551,pvalloc_29nbfs_LRG2_max
5362,72711.17416011766,4119.9738989509415,72875.00902024504,66128.57396686451,6582.600193253077,pvalloc_29nbfs_LRG2_max
5363,86933.7906748958,4995.377289304871,87142.23397958398,74307.93421938027,12625.85645551554,pvalloc_29nbfs_LRG2_max
5364,84889.0057258723,5830.450350469811,85249.65029699952,73243.48739389506,11645.518331977251,pvalloc_29nbfs_LRG2_max
5365,87842.3615015821,6394.87917131566,88275.57547070824,74762.30491040884,13080.056591173266,pvalloc_29nbfs_LRG2_max
5366,90074.19725814457,5273.924362322149,90311.83777221985,75666.72617972767,14407.471078416918,pvalloc_29nbfs_LRG2_max
5367,81532.44121494718,4898.857876188463,81759.09335362141,71185.12665362377,10347.314561323421,pvalloc_29nbfs_LRG2_max
5368,67784.97144111562,4601.681758227547,68041.59652152563,62792.8037363738,4992.167704741756,pvalloc_29nbfs_LRG2_max
5369,48928.166777308215,4697.180464856512,49391.26996207313,48166.432934724195,761.7338425840256,pvalloc_29nbfs_LRG2_max
5370,28008.540964228803,4839.053150631963,29075.893826224157,28008.540964228803,0.0,pvalloc_29nbfs_LRG2_max
5371,9366.655168874408,5176.187990504635,11828.345959773784,9366.655168874408,0.0,pvalloc_29nbfs_LRG2_max
5372,0.0,16855.787799610614,16855.787799610614,0.0,0.0,pvalloc_29nbfs_LRG2_max
5373,0.0,17345.89249504484,17345.89249504484,0.0,0.0,pvalloc_29nbfs_LRG2_max
5374,0.0,16579.52219038973,16579.52219038973,0.0,0.0,pvalloc_29nbfs_LRG2_max
5375,0.0,15251.446364993699,15251.446364993699,0.0,0.0,pvalloc_29nbfs_LRG2_max
5376,0.0,13188.262672566276,13188.262672566276,0.0,0.0,pvalloc_29nbfs_LRG2_max
5377,0.0,11323.92566649367,11323.92566649367,0.0,0.0,pvalloc_29nbfs_LRG2_max
5378,0.0,9734.491596408214,9734.491596408214,0.0,0.0,pvalloc_29nbfs_LRG2_max
5379,0.0,8493.110696508547,8493.110696508547,0.0,0.0,pvalloc_29nbfs_LRG2_max
5380,0.0,7434.255107382791,7434.255107382791,0.0,0.0,pvalloc_29nbfs_LRG2_max
5381,0.0,7087.350693282779,7087.350693282779,0.0,0.0,pvalloc_29nbfs_LRG2_max
5382,6.533153492862324,5749.432166212452,5749.531557022293,6.533153492862324,0.0,pvalloc_29nbfs_LRG2_max
5383,10253.089152435665,2774.6402808222915,11158.377421032652,10253.089152435665,0.0,pvalloc_29nbfs_LRG2_max
5384,32069.44118536725,2885.7746978432046,32337.248531390713,32069.44118536725,0.0,pvalloc_29nbfs_LRG2_max
5385,54199.518778122765,3221.2361130058634,54344.90348913268,52631.36868149721,1568.1500966255471,pvalloc_29nbfs_LRG2_max
5386,72802.89746888253,3905.591703614229,72942.32852145494,66177.93796854287,6624.959500339677,pvalloc_29nbfs_LRG2_max
5387,88417.52974009581,4435.175258326069,88565.08933001754,74957.31795589025,13460.211784205581,pvalloc_29nbfs_LRG2_max
5388,85509.81002579107,5517.519517131233,85794.48438023745,73482.44776359767,12027.362262193397,pvalloc_29nbfs_LRG2_max
5389,89243.52868775485,5836.107047888888,89545.93391390842,75334.16547012616,13909.363217628666,pvalloc_29nbfs_LRG2_max
5390,85610.62608591001,6240.4198345594905,85999.78608694937,73445.3995779268,12165.226507983225,pvalloc_29nbfs_LRG2_max
5391,78814.73926096782,5604.3970177909005,79151.03972279024,69665.83748188468,9148.901779083124,pvalloc_29nbfs_LRG2_max
5392,64775.27696064303,5315.036893857516,65183.85800859725,60732.693763357594,4042.583197285444,pvalloc_29nbfs_LRG2_max
5393,45996.33365780098,5338.851380470912,46708.108816402506,45551.33409717071,444.9995606302697,pvalloc_29nbfs_LRG2_max
5394,27030.794302223378,4954.349497794458,28197.352304912303,27030.794302223378,0.0,pvalloc_29nbfs_LRG2_max
5395,6321.252603532916,7006.403851204051,10431.365431620012,6321.252603532916,0.0,pvalloc_29nbfs_LRG2_max
5396,0.0,17145.889040901176,17145.889040901176,0.0,0.0,pvalloc_29nbfs_LRG2_max
5397,0.0,18592.212130355496,18592.212130355496,0.0,0.0,pvalloc_29nbfs_LRG2_max
5398,0.0,17959.280865600802,17959.280865600802,0.0,0.0,pvalloc_29nbfs_LRG2_max
5399,0.0,15321.147510146637,15321.147510146637,0.0,0.0,pvalloc_29nbfs_LRG2_max
5400,0.0,13722.161589340783,13722.161589340783,0.0,0.0,pvalloc_29nbfs_LRG2_max
5401,0.0,10430.229263731499,10430.229263731499,0.0,0.0,pvalloc_29nbfs_LRG2_max
5402,0.0,8829.571873465273,8829.571873465273,0.0,0.0,pvalloc_29nbfs_LRG2_max
5403,0.0,7657.188196967487,7657.188196967487,0.0,0.0,pvalloc_29nbfs_LRG2_max
5404,0.0,7455.696363549953,7455.696363549953,0.0,0.0,pvalloc_29nbfs_LRG2_max
5405,0.0,7031.549107246737,7031.549107246737,0.0,0.0,pvalloc_29nbfs_LRG2_max
5406,2.0058477799919694,6089.696989029276,6089.744340021807,2.0058477799919694,0.0,pvalloc_29nbfs_LRG2_max
5407,10245.93150352214,2615.993425538907,11050.58389016406,10245.93150352214,0.0,pvalloc_29nbfs_LRG2_max
5408,29304.672275790825,3029.2969770331247,29643.64892660395,29304.672275790825,0.0,pvalloc_29nbfs_LRG2_max
5409,48763.14192584408,3991.84037239805,49079.81201982128,48069.19998207632,693.9419437677577,pvalloc_29nbfs_LRG2_max
5410,67045.33976495804,3843.1243629150567,67206.91166985499,62344.977361690675,4700.362403267291,pvalloc_29nbfs_LRG2_max
5411,74845.4287632078,4142.603796202026,75017.04761406501,67352.20228564231,7493.226477565526,pvalloc_29nbfs_LRG2_max
5412,63304.24688319133,5463.185717390726,63784.009074209236,59679.93719053062,3624.3096926607027,pvalloc_29nbfs_LRG2_max
5413,62770.8617707367,6094.511593957276,63401.1818151034,59232.44164898428,3538.420121752425,pvalloc_29nbfs_LRG2_max
5414,57274.18775200805,6035.829966965842,57998.382132608334,54903.2407378781,2370.9470141299535,pvalloc_29nbfs_LRG2_max
5415,46204.827999756744,5488.820000882321,46964.39386408326,45692.25167935963,512.576320397121,pvalloc_29nbfs_LRG2_max
5416,34368.270209902825,5014.580012419996,35258.92438765857,34318.64956096071,49.62064894210545,pvalloc_29nbfs_LRG2_max
5417,27438.567085878192,4820.670738444015,28492.245007729893,27438.567085878192,0.0,pvalloc_29nbfs_LRG2_max
5418,11358.357972379046,5234.44718821892,13693.261206499512,11358.357972379046,0.0,pvalloc_29nbfs_LRG2_max
5419,2517.191487284322,6575.7870292000935,7236.481966033891,2517.191487284322,0.0,pvalloc_29nbfs_LRG2_max
5420,0.0,14157.271802208628,14157.271802208628,0.0,0.0,pvalloc_29nbfs_LRG2_max
5421,0.0,16175.317955120869,16175.317955120869,0.0,0.0,pvalloc_29nbfs_LRG2_max
5422,0.0,16617.529616008724,16617.529616008724,0.0,0.0,pvalloc_29nbfs_LRG2_max
5423,0.0,15583.466132818583,15583.466132818583,0.0,0.0,pvalloc_29nbfs_LRG2_max
5424,0.0,13573.678772779584,13573.678772779584,0.0,0.0,pvalloc_29nbfs_LRG2_max
4920,0.0,11113.463869085279,11113.463869085279,0.0,0.0,pvalloc_29nbfs_LRG2_max_sAs2p0
4921,0.0,10737.831728562103,10737.831728562103,0.0,0.0,pvalloc_29nbfs_LRG2_max_sAs2p0
4922,0.0,10105.311448681487,10105.311448681487,0.0,0.0,pvalloc_29nbfs_LRG2_max_sAs2p0
4923,0.0,8120.094880445637,8120.094880445637,0.0,0.0,pvalloc_29nbfs_LRG2_max_sAs2p0
4924,0.0,7251.733657230992,7251.733657230992,0.0,0.0,pvalloc_29nbfs_LRG2_max_sAs2p0
4925,0.0,6971.075169345189,6971.075169345189,0.0,0.0,pvalloc_29nbfs_LRG2_max_sAs2p0
4926,823.5745154134452,3596.3175066952767,3690.9032168113804,823.5745154134452,0.0,pvalloc_29nbfs_LRG2_max_sAs2p0
4927,15760.855880326215,2536.289039980992,16268.610753198966,15760.855880326215,0.0,pvalloc_29nbfs_LRG2_max_sAs2p0
4928,35993.09121973969,2698.0094186109673,36178.65112999653,35926.419357144296,66.67186259539824,pvalloc_29nbfs_LRG2_max_sAs2p0
4929,55366.380525007655,3338.2600260056342,55522.60667764881,53600.59782620905,1765.7826987986077,pvalloc_29nbfs_LRG2_max_sAs2p0
4930,74387.93262667923,3563.140438959526,74501.32035708235,67094.78978528941,7293.142841389868,pvalloc_29nbfs_LRG2_max_sAs2p0
4931,89314.38810893457,4072.50788151166,89442.8095790807,75339.61346600752,13974.77464292706,pvalloc_29nbfs_LRG2_max_sAs2p0
4932,74218.64272068921,5134.067844957622,74526.61490976646,66958.8725131388,7259.770207550348,pvalloc_29nbfs_LRG2_max_sAs2p0
4933,61765.53335972493,6643.345907320727,62612.93239981797,58532.394540874004,3233.1388188509204,pvalloc_29nbfs_LRG2_max_sAs2p0
4934,58390.061294167805,5488.208730852885,58934.40428594773,55848.88816765607,2541.1731265117405,pvalloc_29nbfs_LRG2_max_sAs2p0
4935,50979.08468906472,5067.108344782689,51547.09987261731,49810.8718016539,1168.2128874108078,pvalloc_29nbfs_LRG2_max_sAs2p0
4936,50362.626335062814,4815.764414425775,50876.941656937364,49304.16444448405,1058.4618905787615,pvalloc_29nbfs_LRG2_max_sAs2p0
4937,34084.403985626035,4267.215565193636,34734.39313616382,34042.2173893694,42.18659625662525,pvalloc_29nbfs_LRG2_max_sAs2p0
4938,16343.317918826391,3926.4965943708658,17456.456165913696,16343.317918826391,0.0,pvalloc_29nbfs_LRG2_max_sAs2p0
4939,7179.9711346861195,5152.767299511172,9874.96968363457,7179.9711346861195,0.0,pvalloc_29nbfs_LRG2_max_sAs2p0
4940,296.2686904931801,8837.761459693704,8841.208826166872,296.2686904931801,0.0,pvalloc_29nbfs_LRG2_max_sAs2p0
4941,0.0,12714.325160437362,12714.325160437362,0.0,0.0,pvalloc_29nbfs_LRG2_max_sAs2p0
4942,0.0,13844.117670126652,13844.117670126652,0.0,0.0,pvalloc_29nbfs_LRG2_max_sAs2p0
4943,0.0,13190.081500942473,13190.081500942473,0.0,0.0,pvalloc_29nbfs_LRG2_max_sAs2p0
4944,0.0,15734.473543662869,15734.473543662869,0.0,0.0,pvalloc_29nbfs_LRG2_max_sAs2p0
4945,0.0,11843.652935827871,11843.652935827871,0.0,0.0,pvalloc_29nbfs_LRG2_max_sAs2p0
4946,0.0,9148.163406638314,9148.163406638314,0.0,0.0,pvalloc_29nbfs_LRG2_max_sAs2p0
4947,0.0,7889.191632688865,7889.191632688865,0.0,0.0,pvalloc_29nbfs_LRG2_max_sAs2p0
4948,0.0,7842.183829125384,7842.183829125384,0.0,0.0,pvalloc_29nbfs_LRG2_max_sAs2p0
4949,0.0,6888.334696423669,6888.334696423669,0.0,0.0,pvalloc_29nbfs_LRG2_max_sAs2p0
4950,7.64666408952237,5201.482526218863,5201.499838581817,7.64666408952237,0.0,pvalloc_29nbfs_LRG2_max_sAs2p0
4951,9123.484192230462,2539.572574230925,9970.30213514579,9123.484192230462,0.0,pvalloc_29nbfs_LRG2_max_sAs2p0
4952,30301.299925608782,2554.2283878976477,30515.02105085133,30301.299925608782,0.0,pvalloc_29nbfs_LRG2_max_sAs2p0
4953,54003.159616107005,3006.9069399761934,54127.2067332791,52469.8928998364,1533.2667162705998,pvalloc_29nbfs_LRG2_max_sAs2p0
4954,75421.79526763262,3368.992987122103,75517.45835449337,67726.80270885708,7694.9925587756,pvalloc_29nbfs_LRG2_max_sAs2p0
4955,86704.12245983013,3616.054801992444,86810.5341696535,73957.17368789614,12746.948771934032,pvalloc_29nbfs_LRG2_max_sAs2p0
4956,74734.57360690477,4604.840826847627,74960.19682684807,67277.18581989441,7457.387787010307,pvalloc_29nbfs_LRG2_max_sAs2p0
4957,50049.49596124629,4868.294381360394,50565.30077011119,49061.31274399169,988.1832172545992,pvalloc_29nbfs_LRG2_max_sAs2p0
4958,60894.640536311934,5006.109589254975,61337.941355698495,57679.285887970735,3215.354648341194,pvalloc_29nbfs_LRG2_max_sAs2p0
4959,48570.020877567666,5048.860371507137,49207.204115225635,47747.65674660402,822.3641309636391,pvalloc_29nbfs_LRG2_max_sAs2p0
4960,44655.1904889992,4723.677248813761,45272.16671394073,44235.41693960429,419.77354939490164,pvalloc_29nbfs_LRG2_max_sAs2p0
4961,35978.4389674472,4805.526363904505,36782.355476962475,35880.76869698973,97.67027045747011,pvalloc_29nbfs_LRG2_max_sAs2p0
4962,19839.613932801603,4687.57710557611,21185.3361571171,19839.613932801603,0.0,pvalloc_29nbfs_LRG2_max_sAs2p0
4963,9129.37840366431,6050.916155983743,12244.973803364985,9129.37840366431,0.0,pvalloc_29nbfs_LRG2_max_sAs2p0
4964,3.6015391757003057,11428.31384541262,11428.31384541262,3.6015391757003057,0.0,pvalloc_29nbfs_LRG2_max_sAs2p0
4965,0.0,21698.627529472968,21698.627529472968,0.0,0.0,pvalloc_29nbfs_LRG2_max_sAs2p0
4966,0.0,15054.668580548847,15054.668580548847,0.0,0.0,pvalloc_29nbfs_LRG2_max_sAs2p0
4967,0.0,14761.300435221636,14761.300435221636,0.0,0.0,pvalloc_29nbfs_LRG2_max_sAs2p0
4968,0.0,12492.279958567413,12492.279958567413,0.0,0.0,pvalloc_29nbfs_LRG2_max_sAs2p0
4969,0.0,10052.53214512163,10052.53214512163,0.0,0.0,pvalloc_29nbfs_LRG2_max_sAs2p0
4970,0.0,8034.332061846784,8034.332061846784,0.0,0.0,pvalloc_29nbfs_LRG2_max_sAs2p0
4971,0.0,7219.022230515399,7219.022230515399,0.0,0.0,pvalloc_29nbfs_LRG2_max_sAs2p0
4972,0.0,6689.043790452775,6689.043790452775,0.0,0.0,pvalloc_29nbfs_LRG2_max_sAs2p0
4973,0.0,6426.52820091012,6426.52820091012,0.0,0.0,pvalloc_29nbfs_LRG2_max_sAs2p0
4974,161.09808080888442,3989.5322739376215,3991.4820222778044,161.09808080888442,0.0,pvalloc_29nbfs_LRG2_max_sAs2p0
4975,10202.370870672363,2534.1236439266763,10985.954681972891,10202.370870672363,0.0,pvalloc_29nbfs_LRG2_max_sAs2p0
4976,3134.7756872934174,2922.527630432027,4787.092409395938,3134.7756872934174,0.0,pvalloc_29nbfs_LRG2_max_sAs2p0
4977,18337.319673726313,3138.9309798231734,19030.19102456082,18337.319673726313,0.0,pvalloc_29nbfs_LRG2_max_sAs2p0
4978,36175.205466812455,3432.782542400202,36531.22522432287,36083.90193983731,91.30352697514041,pvalloc_29nbfs_LRG2_max_sAs2p0
4979,57338.976521148514,3909.044486142349,57570.619331691836,55088.00173525654,2250.974785891977,pvalloc_29nbfs_LRG2_max_sAs2p0
4980,59621.36035192192,4677.939115291831,59968.19874225109,56855.82324266191,2765.537109260016,pvalloc_29nbfs_LRG2_max_sAs2p0
4981,62944.86222059924,5378.288619944352,63405.09175296938,59351.80293076184,3593.0592898374107,pvalloc_29nbfs_LRG2_max_sAs2p0
4982,47634.80714407824,4926.253115202588,48238.35825531536,46947.952812363845,686.854331714394,pvalloc_29nbfs_LRG2_max_sAs2p0
4983,52860.726597367255,5535.958492933322,53506.80691430737,51407.01347072407,1453.7131266431861,pvalloc_29nbfs_LRG2_max_sAs2p0
4984,42936.2477287184,4886.321793793312,43581.33801457993,42655.6747941599,280.5729345585039,pvalloc_29nbfs_LRG2_max_sAs2p0
4985,28496.7955727539,4367.117468803962,29331.331191932513,28496.7955727539,0.0,pvalloc_29nbfs_LRG2_max_sAs2p0
4986,22523.500458733997,4916.759959434601,23927.095887618827,22523.500458733997,0.0,pvalloc_29nbfs_LRG2_max_sAs2p0
4987,9973.64960646984,5114.756727134449,12425.51658706023,9973.64960646984,0.0,pvalloc_29nbfs_LRG2_max_sAs2p0
4988,1.7552002442586812,11602.767909024287,11602.767909024287,1.7552002442586812,0.0,pvalloc_29nbfs_LRG2_max_sAs2p0
4989,0.0,15306.207062822392,15306.207062822392,0.0,0.0,pvalloc_29nbfs_LRG2_max_sAs2p0
4990,0.0,18487.541112237723,18487.541112237723,0.0,0.0,pvalloc_29nbfs_LRG2_max_sAs2p0
4991,0.0,15678.910070087286,15678.910070087286,0.0,0.0,pvalloc_29nbfs_LRG2_max_sAs2p0
4992,0.0,12457.95010585332,12457.95010585332,0.0,0.0,pvalloc_29nbfs_LRG2_max_sAs2p0
4993,0.0,9566.578165666268,9566.578165666268,0.0,0.0,pvalloc_29nbfs_LRG2_max_sAs2p0
4994,0.0,8172.598108657663,8172.598108657663,0.0,0.0,pvalloc_29nbfs_LRG2_max_sAs2p0
4995,0.0,7275.373634775014,7275.373634775014,0.0,0.0,pvalloc_29nbfs_LRG2_max_sAs2p0
4996,0.0,6657.432000184344,6657.432000184344,0.0,0.0,pvalloc_29nbfs_LRG2_max_sAs2p0
4997,0.0,6227.237294939229,6227.237294939229,0.0,0.0,pvalloc_29nbfs_LRG2_max_sAs2p0
4998,409.25376533747306,3581.697298781541,3598.659410380739,409.25376533747306,0.0,pvalloc_29nbfs_LRG2_max_sAs2p0
4999,14922.988493962142,2526.2933236133704,15467.576188639472,14922.988493962142,0.0,pvalloc_29nbfs_LRG2_max_sAs2p0
5000,33566.03568530237,2776.6531718693086,33791.71131696872,33555.58769682496,10.44798847741447,pvalloc_29nbfs_LRG2_max_sAs2p0
5001,52006.52733278633,3114.69018776535,52152.902906790376,50794.16126058257,1212.3660722037553,pvalloc_29nbfs_LRG2_max_sAs2p0
5002,65698.75143080589,3225.360368622198,65815.07522870314,61378.036803722316,4320.7146270835365,pvalloc_29nbfs_LRG2_max_sAs2p0
5003,85562.51957423578,3940.5461878490196,85686.68344750039,73400.32347147542,12162.196102760287,pvalloc_29nbfs_LRG2_max_sAs2p0
5004,83655.31296686987,4478.336282212227,83826.05586062241,72396.00848794305,11259.304478926835,pvalloc_29nbfs_LRG2_max_sAs2p0
5005,90113.41835768094,4606.716349501554,90289.53491947049,75706.1189295484,14407.299428132577,pvalloc_29nbfs_LRG2_max_sAs2p0
5006,83914.01983169187,4592.076992320549,84119.28286837731,72417.11442282824,11496.905408863595,pvalloc_29nbfs_LRG2_max_sAs2p0
5007,70141.55173799777,4609.614990461796,70402.38118087439,64293.052526460284,5848.499211537509,pvalloc_29nbfs_LRG2_max_sAs2p0
5008,55299.88721854593,4087.7909888370755,55594.491787832754,53406.99796026561,1892.889258280322,pvalloc_29nbfs_LRG2_max_sAs2p0
5009,32729.042605668976,3834.416223930667,33277.06726873165,32721.109435198443,7.9331704705364245,pvalloc_29nbfs_LRG2_max_sAs2p0
5010,13738.801807559199,3958.2785072254783,15069.675068318777,13738.801807559199,0.0,pvalloc_29nbfs_LRG2_max_sAs2p0
5011,2512.778139168424,6083.654428418725,6860.543274894725,2512.778139168424,0.0,pvalloc_29nbfs_LRG2_max_sAs2p0
5012,0.024958675141344665,13827.32516641366,13827.32516641366,0.024958675141344665,0.0,pvalloc_29nbfs_LRG2_max_sAs2p0
5013,0.0,14662.18168263524,14662.18168263524,0.0,0.0,pvalloc_29nbfs_LRG2_max_sAs2p0
5014,0.0,16274.799124460178,16274.799124460178,0.0,0.0,pvalloc_29nbfs_LRG2_max_sAs2p0
5015,0.0,15624.092956490873,15624.092956490873,0.0,0.0,pvalloc_29nbfs_LRG2_max_sAs2p0
5016,0.0,12724.18576973016,12724.18576973016,0.0,0.0,pvalloc_29nbfs_LRG2_max_sAs2p0
5017,0.0,10867.074894322574,10867.074894322574,0.0,0.0,pvalloc_29nbfs_LRG2_max_sAs2p0
5018,0.0,8769.37174164062,8769.37174164062,0.0,0.0,pvalloc_29nbfs_LRG2_max_sAs2p0
5019,0.0,7592.31461024244,7592.31461024244,0.0,0.0,pvalloc_29nbfs_LRG2_max_sAs2p0
5020,0.0,6804.494587055006,6804.494587055006,0.0,0.0,pvalloc_29nbfs_LRG2_max_sAs2p0
5021,0.0,6914.447201421453,6914.447201421453,0.0,0.0,pvalloc_29nbfs_LRG2_max_sAs2p0
5022,126.57719153084466,4157.068077263071,4158.640538736558,126.57719153084466,0.0,pvalloc_29nbfs_LRG2_max_sAs2p0
5023,10440.301782609164,2564.2821468855923,11233.967963007595,10440.301782609164,0.0,pvalloc_29nbfs_LRG2_max_sAs2p0
5024,21691.3704236631,2749.6045084530624,22113.816819460844,21691.3704236631,0.0,pvalloc_29nbfs_LRG2_max_sAs2p0
5025,18560.160113536647,3366.7505645335636,19408.365682090225,18560.160113536647,0.0,pvalloc_29nbfs_LRG2_max_sAs2p0
5026,30574.52003845947,3799.5164734162818,31186.758595098232,30574.52003845947,0.0,pvalloc_29nbfs_LRG2_max_sAs2p0
5027,65863.28240675769,3646.748871437493,66021.38041256787,61450.43824671432,4412.844160043356,pvalloc_29nbfs_LRG2_max_sAs2p0
5028,78968.13643811847,5327.244733861376,79295.35659225358,69855.85576824145,9112.280669876893,pvalloc_29nbfs_LRG2_max_sAs2p0
5029,52061.221064883786,5045.824809122069,52595.16845922806,50733.52545423254,1327.6956106512453,pvalloc_29nbfs_LRG2_max_sAs2p0
5030,22715.581699752143,5837.117877947493,24591.99237716934,22715.581699752143,0.0,pvalloc_29nbfs_LRG2_max_sAs2p0
5031,25365.53669463238,4960.114254709971,26613.441673498597,25365.53669463238,0.0,pvalloc_29nbfs_LRG2_max_sAs2p0
5032,33757.32138373223,4039.213405729973,34345.64380099757,33715.936103472304,41.38528025993094,pvalloc_29nbfs_LRG2_max_sAs2p0
5033,26712.834776822452,4129.587973705675,27518.012970411397,26712.834776822452,0.0,pvalloc_29nbfs_LRG2_max_sAs2p0
5034,16596.69225437666,4723.539415674409,18221.142393276303,16596.69225437666,0.0,pvalloc_29nbfs_LRG2_max_sAs2p0
5035,10218.975010834392,5390.454693307328,12755.921004690092,10218.975010834392,0.0,pvalloc_29nbfs_LRG2_max_sAs2p0
5036,10.573462612218934,10991.15348456588,10991.165919715037,10.573462612218934,0.0,pvalloc_29nbfs_LRG2_max_sAs2p0
5037,0.0,15623.399766375918,15623.399766375918,0.0,0.0,pvalloc_29nbfs_LRG2_max_sAs2p0
5038,0.0,16022.715362504956,16022.715362504956,0.0,0.0,pvalloc_29nbfs_LRG2_max_sAs2p0
5039,0.0,16439.75171535185,16439.75171535185,0.0,0.0,pvalloc_29nbfs_LRG2_max_sAs2p0
5040,0.0,12326.556850038325,12326.556850038325,0.0,0.0,pvalloc_29nbfs_LRG2_max_sAs2p0
5041,0.0,9488.472208125193,9488.472208125193,0.0,0.0,pvalloc_29nbfs_LRG2_max_sAs2p0
5042,0.0,8024.4353338224,8024.4353338224,0.0,0.0,pvalloc_29nbfs_LRG2_max_sAs2p0
5043,0.0,7253.657469496068,7253.657469496068,0.0,0.0,pvalloc_29nbfs_LRG2_max_sAs2p0
5044,0.0,6638.189465394042,6638.189465394042,0.0,0.0,pvalloc_29nbfs_LRG2_max_sAs2p0
5045,0.0,6441.096729282571,6441.096729282571,0.0,0.0,pvalloc_29nbfs_LRG2_max_sAs2p0
5046,127.14553804279815,4133.655215930012,4135.206505663579,127.14553804279815,0.0,pvalloc_29nbfs_LRG2_max_sAs2p0
5047,11295.512846979706,2641.0292144979403,12117.325897794963,11295.512846979706,0.0,pvalloc_29nbfs_LRG2_max_sAs2p0
5048,32387.46152286492,2960.2039355654033,32667.020240158883,32387.46152286492,0.0,pvalloc_29nbfs_LRG2_max_sAs2p0
5049,53143.33801333999,3327.9051989202326,53311.922865724264,51764.9861646176,1378.3518487223882,pvalloc_29nbfs_LRG2_max_sAs2p0
5050,72235.89973737973,3409.54522322097,72335.16050813819,65789.73667498365,6446.163062396116,pvalloc_29nbfs_LRG2_max_sAs2p0
5051,65844.08308920937,3814.4583131916966,66013.9833281846,61468.068829973476,4376.014259235819,pvalloc_29nbfs_LRG2_max_sAs2p0
5052,60332.73887631894,4448.344979966183,60627.985897612285,57420.701588733114,2912.0372875858175,pvalloc_29nbfs_LRG2_max_sAs2p0
5053,66920.22330191638,4711.111486890395,67208.27239206387,62168.25557652867,4751.967725387768,pvalloc_29nbfs_LRG2_max_sAs2p0
5054,68045.90702546557,4590.762970292692,68320.6852396977,62855.69406887792,5190.21295658766,pvalloc_29nbfs_LRG2_max_sAs2p0
5055,57555.83140360248,4863.577774578361,57969.21485831977,55194.35654537812,2361.4748582243683,pvalloc_29nbfs_LRG2_max_sAs2p0
5056,51407.00132895538,4305.175028648282,51767.38384416272,50217.588027901926,1189.4133010534545,pvalloc_29nbfs_LRG2_max_sAs2p0
5057,34343.16967129202,3725.1684208084885,34832.30325332739,34299.76918797062,43.400483321401055,pvalloc_29nbfs_LRG2_max_sAs2p0
5058,12128.210835572667,3720.8988012213913,13406.192221715703,12128.210835572667,0.0,pvalloc_29nbfs_LRG2_max_sAs2p0
5059,6179.156749933955,4371.02793992226,8408.207080999016,6179.156749933955,0.0,pvalloc_29nbfs_LRG2_max_sAs2p0
5060,213.14966679693808,7653.826659353515,7656.416816249242,213.14966679693808,0.0,pvalloc_29nbfs_LRG2_max_sAs2p0
5061,0.0,12442.644294585474,12442.644294585474,0.0,0.0,pvalloc_29nbfs_LRG2_max_sAs2p0
5062,0.0,12652.57822535876,12652.57822535876,0.0,0.0,pvalloc_29nbfs_LRG2_max_sAs2p0
5063,0.0,12878.862779430523,12878.862779430523,0.0,0.0,pvalloc_29nbfs_LRG2_max_sAs2p0
5064,0.0,12350.75565968853,12350.75565968853,0.0,0.0,pvalloc_29nbfs_LRG2_max_sAs2p0
5065,0.0,11097.685205202351,11097.685205202351,0.0,0.0,pvalloc_29nbfs_LRG2_max_sAs2p0
5066,0.0,9294.124150992038,9294.124150992038,0.0,0.0,pvalloc_29nbfs_LRG2_max_sAs2p0
5067,0.0,7868.8472553816255,7868.8472553816255,0.0,0.0,pvalloc_29nbfs_LRG2_max_sAs2p0
5068,0.0,6865.793803809358,6865.793803809358,0.0,0.0,pvalloc_29nbfs_LRG2_max_sAs2p0
5069,0.0,7046.117084101745,7046.117084101745,0.0,0.0,pvalloc_29nbfs_LRG2_max_sAs2p0
5070,117.89035929765657,4243.261834651564,4244.708798822129,117.89035929765657,0.0,pvalloc_29nbfs_LRG2_max_sAs2p0
5071,13180.5009744756,2495.379784064596,13789.345434059089,13180.5009744756,0.0,pvalloc_29nbfs_LRG2_max_sAs2p0
5072,30180.892809769306,2796.8513670190696,30453.770344411718,30180.892809769306,0.0,pvalloc_29nbfs_LRG2_max_sAs2p0
5073,52405.2970867545,3196.260873242269,52561.94611860593,51117.88303802362,1287.4140487308864,pvalloc_29nbfs_LRG2_max_sAs2p0
5074,69807.60539028204,3484.546258871633,69940.4924431579,64153.67221507918,5653.933175202777,pvalloc_29nbfs_LRG2_max_sAs2p0
5075,80377.72964472094,3902.2805684096315,80522.12261170788,70538.24841835814,9839.481226362777,pvalloc_29nbfs_LRG2_max_sAs2p0
5076,70883.90838871158,4438.519661132339,71108.64957320073,64829.662065853234,6054.246322858335,pvalloc_29nbfs_LRG2_max_sAs2p0
5077,62705.04090092073,4864.440689012254,63055.44743650058,59157.57290786718,3547.4679930535544,pvalloc_29nbfs_LRG2_max_sAs2p0
5078,53272.80096806722,5048.706528043615,53806.78985549791,51714.44068540497,1558.3602826622423,pvalloc_29nbfs_LRG2_max_sAs2p0
5079,33083.91559656971,5064.560874718988,34066.5691786269,33055.88189470311,28.033701866596573,pvalloc_29nbfs_LRG2_max_sAs2p0
5080,36284.11213235325,4694.3604788773555,37025.00113139017,36179.83598059058,104.27615176267875,pvalloc_29nbfs_LRG2_max_sAs2p0
5081,28588.713488104986,4457.535712367488,29459.62307844011,28588.713488104986,0.0,pvalloc_29nbfs_LRG2_max_sAs2p0
5082,16323.662874450272,4413.944740781401,17741.274334521473,16323.662874450272,0.0,pvalloc_29nbfs_LRG2_max_sAs2p0
5083,8593.028699844912,4733.585914186414,10818.202609458755,8593.028699844912,0.0,pvalloc_29nbfs_LRG2_max_sAs2p0
5084,45.25569000248023,9039.282029833395,9039.559039864327,45.25569000248023,0.0,pvalloc_29nbfs_LRG2_max_sAs2p0
5085,0.0,14038.884071464148,14038.884071464148,0.0,0.0,pvalloc_29nbfs_LRG2_max_sAs2p0
5086,0.0,16707.678657408916,16707.678657408916,0.0,0.0,pvalloc_29nbfs_LRG2_max_sAs2p0
5087,0.0,14798.423471834056,14798.423471834056,0.0,0.0,pvalloc_29nbfs_LRG2_max_sAs2p0
5088,0.0,12920.992928294934,12920.992928294934,0.0,0.0,pvalloc_29nbfs_LRG2_max_sAs2p0
5089,0.0,9900.944565301277,9900.944565301277,0.0,0.0,pvalloc_29nbfs_LRG2_max_sAs2p0
5090,0.0,9389.785903685059,9389.785903685059,0.0,0.0,pvalloc_29nbfs_LRG2_max_sAs2p0
5091,0.0,7401.546438254426,7401.546438254426,0.0,0.0,pvalloc_29nbfs_LRG2_max_sAs2p0
5092,0.0,6692.067790682455,6692.067790682455,0.0,0.0,pvalloc_29nbfs_LRG2_max_sAs2p0
5093,0.0,6497.448685059624,6497.448685059624,0.0,0.0,pvalloc_29nbfs_LRG2_max_sAs2p0
5094,300.55091626883467,3841.458343009366,3845.3640259659337,300.55091626883467,0.0,pvalloc_29nbfs_LRG2_max_sAs2p0
5095,14804.890824266056,2371.9744583246134,15272.632921913902,14804.890824266056,0.0,pvalloc_29nbfs_LRG2_max_sAs2p0
5096,34806.3941375953,2366.923245166238,34943.50351038042,34777.09648175267,29.29765584263339,pvalloc_29nbfs_LRG2_max_sAs2p0
5097,56893.765651818605,2794.1550670087418,56988.14744081452,54840.55000402862,2053.2156477899744,pvalloc_29nbfs_LRG2_max_sAs2p0
5098,73784.73093438786,2918.134995131436,73860.82827812221,66753.80134157128,7030.929592816592,pvalloc_29nbfs_LRG2_max_sAs2p0
5099,89266.70203084782,3507.9685209223417,89367.4150154781,75286.60383233879,13980.098198509033,pvalloc_29nbfs_LRG2_max_sAs2p0
5100,75371.39744371541,4903.5539551699685,75627.65649403678,67644.91846191231,7726.478981803108,pvalloc_29nbfs_LRG2_max_sAs2p0
5101,66108.8826273796,5575.17349558206,66576.88922945297,61524.260346776624,4584.622280603039,pvalloc_29nbfs_LRG2_max_sAs2p0
5102,71193.0541257129,5661.720003122756,71656.27349748257,64856.81996764622,6336.234158066603,pvalloc_29nbfs_LRG2_max_sAs2p0
5103,64990.829531047646,5144.841025089038,65413.455381991786,60690.51257019099,4300.3169608566495,pvalloc_29nbfs_LRG2_max_sAs2p0
5104,61183.51342945352,4941.00371182915,61613.89874890422,57893.985450853776,3289.527978599753,pvalloc_29nbfs_LRG2_max_sAs2p0
5105,25872.035987216754,4797.406849676129,26938.396903364963,25872.035987216754,0.0,pvalloc_29nbfs_LRG2_max_sAs2p0
5106,6547.87492386433,5128.375319474846,9135.141684971475,6547.87492386433,0.0,pvalloc_29nbfs_LRG2_max_sAs2p0
5107,1418.6624947170496,6932.122417024442,7054.012884618136,1418.6624947170496,0.0,pvalloc_29nbfs_LRG2_max_sAs2p0
5108,0.5300349108751792,11343.85343391626,11343.85343391626,0.5300349108751792,0.0,pvalloc_29nbfs_LRG2_max_sAs2p0
5109,0.0,13173.891725783154,13173.891725783154,0.0,0.0,pvalloc_29nbfs_LRG2_max_sAs2p0
5110,0.0,13106.449704799224,13106.449704799224,0.0,0.0,pvalloc_29nbfs_LRG2_max_sAs2p0
5111,0.0,12603.245316458495,12603.245316458495,0.0,0.0,pvalloc_29nbfs_LRG2_max_sAs2p0
5112,0.0,10413.182078012227,10413.182078012227,0.0,0.0,pvalloc_29nbfs_LRG2_max_sAs2p0
5113,0.0,8993.403916155024,8993.403916155024,0.0,0.0,pvalloc_29nbfs_LRG2_max_sAs2p0
5114,0.0,7817.172615127088,7817.172615127088,0.0,0.0,pvalloc_29nbfs_LRG2_max_sAs2p0
5115,0.0,7187.960258470543,7187.960258470543,0.0,0.0,pvalloc_29nbfs_LRG2_max_sAs2p0
5116,0.0,6597.782238100715,6597.782238100715,0.0,0.0,pvalloc_29nbfs_LRG2_max_sAs2p0
5117,0.0,6653.582169584411,6653.582169584411,0.0,0.0,pvalloc_29nbfs_LRG2_max_sAs2p0
5118,143.80480576901238,4119.479927704653,4121.164730822952,143.80480576901238,0.0,pvalloc_29nbfs_LRG2_max_sAs2p0
5119,10269.099387780352,2358.7927276502705,10950.383653137053,10269.099387780352,0.0,pvalloc_29nbfs_LRG2_max_sAs2p0
5120,31156.245044641815,2382.582627885455,31325.68151040513,31156.245044641815,0.0,pvalloc_29nbfs_LRG2_max_sAs2p0
5121,54453.23711036806,2713.673663404608,54550.18444498377,52865.89036784298,1587.3467425250892,pvalloc_29nbfs_LRG2_max_sAs2p0
5122,70445.16885026668,3179.7686982424457,70541.61426241377,64642.296122304644,5802.872727961993,pvalloc_29nbfs_LRG2_max_sAs2p0
5123,88936.08882110889,3494.0906475821084,89020.26650921814,75200.05617400684,13736.032647102078,pvalloc_29nbfs_LRG2_max_sAs2p0
5124,88527.33235752738,4692.6360827994295,88692.81523768113,75033.55069040104,13493.781667126326,pvalloc_29nbfs_LRG2_max_sAs2p0
5125,88449.25596496744,5521.184057080318,88714.22861128929,74916.95299017585,13532.302974791508,pvalloc_29nbfs_LRG2_max_sAs2p0
5126,82178.48134894038,5401.616397569016,82470.46417017867,71504.00909361361,10674.472255326711,pvalloc_29nbfs_LRG2_max_sAs2p0
5127,77616.96720676725,5317.552941541844,77936.10748843264,68889.33494777736,8727.63225898983,pvalloc_29nbfs_LRG2_max_sAs2p0
5128,68745.47472834848,4485.777660782242,69003.83781530513,63349.341911041316,5396.132817307191,pvalloc_29nbfs_LRG2_max_sAs2p0
5129,50414.70000998449,4327.135148893368,50799.852819904925,49385.75538131462,1028.9446286698708,pvalloc_29nbfs_LRG2_max_sAs2p0
5130,30853.53771191917,4875.080863290098,31802.517872905297,30853.53771191917,0.0,pvalloc_29nbfs_LRG2_max_sAs2p0
5131,12202.254188797968,4979.551735630317,14328.925875697278,12202.254188797968,0.0,pvalloc_29nbfs_LRG2_max_sAs2p0
5132,1.3643370056423287,11936.616704203003,11936.616704203003,1.3643370056423287,0.0,pvalloc_29nbfs_LRG2_max_sAs2p0
5133,0.0,18228.216139042957,18228.216139042957,0.0,0.0,pvalloc_29nbfs_LRG2_max_sAs2p0
5134,0.0,18162.496361710335,18162.496361710335,0.0,0.0,pvalloc_29nbfs_LRG2_max_sAs2p0
5135,0.0,15581.301938822115,15581.301938822115,0.0,0.0,pvalloc_29nbfs_LRG2_max_sAs2p0
5136,0.0,13660.518661518496,13660.518661518496,0.0,0.0,pvalloc_29nbfs_LRG2_max_sAs2p0
5137,0.0,10358.480128423342,10358.480128423342,0.0,0.0,pvalloc_29nbfs_LRG2_max_sAs2p0
5138,0.0,8828.47113398323,8828.47113398323,0.0,0.0,pvalloc_29nbfs_LRG2_max_sAs2p0
5139,0.0,7213.798405873981,7213.798405873981,0.0,0.0,pvalloc_29nbfs_LRG2_max_sAs2p0
5140,0.0,6479.031429122138,6479.031429122138,0.0,0.0,pvalloc_29nbfs_LRG2_max_sAs2p0
5141,0.0,6403.162580960438,6403.162580960438,0.0,0.0,pvalloc_29nbfs_LRG2_max_sAs2p0
5142,125.62925641673228,4161.703208570635,4163.083293695975,125.62925641673228,0.0,pvalloc_29nbfs_LRG2_max_sAs2p0
5143,13308.181465121033,2355.0162426559928,13828.083990366355,13308.181465121033,0.0,pvalloc_29nbfs_LRG2_max_sAs2p0
5144,33117.81438341286,2663.4170262603343,33317.04999012471,33117.81438341286,0.0,pvalloc_29nbfs_LRG2_max_sAs2p0
5145,53982.301692861656,3208.127615822955,54123.8939274957,52477.06993167522,1505.2317611864355,pvalloc_29nbfs_LRG2_max_sAs2p0
5146,74373.91608491883,3328.3929573255846,74470.78645211774,67145.71282575499,7228.2032591638745,pvalloc_29nbfs_LRG2_max_sAs2p0
5147,87660.62825814677,4250.079698367133,87785.19235993517,74616.66700364547,13043.961254501339,pvalloc_29nbfs_LRG2_max_sAs2p0
5148,83276.64432796807,5795.898102829738,83643.64224865787,72370.06860647633,10906.575721491716,pvalloc_29nbfs_LRG2_max_sAs2p0
5149,88097.20105173129,5322.322022396846,88337.91297345591,74822.56572020924,13274.635331522059,pvalloc_29nbfs_LRG2_max_sAs2p0
5150,87701.3390424445,4496.0221905765975,87892.91991295619,74415.6756861086,13285.663356335832,pvalloc_29nbfs_LRG2_max_sAs2p0
5151,75871.62177271277,5025.593465033241,76142.80624997454,67931.99184409795,7939.6299286147705,pvalloc_29nbfs_LRG2_max_sAs2p0
5152,63210.330185341256,4265.742524344264,63455.75200018158,59535.62789090663,3674.702294434616,pvalloc_29nbfs_LRG2_max_sAs2p0
5153,45934.54145137595,3930.576783392274,46262.02121518281,45496.70364207051,437.8378093054407,pvalloc_29nbfs_LRG2_max_sAs2p0
5154,30683.381770512835,3931.166484692218,31271.920193042482,30683.381770512835,0.0,pvalloc_29nbfs_LRG2_max_sAs2p0
5155,10171.625531415895,5608.792108856853,12946.912713367103,10171.625531415895,0.0,pvalloc_29nbfs_LRG2_max_sAs2p0
5156,0.9853536629086141,13203.597497654553,13203.597497654553,0.9853536629086141,0.0,pvalloc_29nbfs_LRG2_max_sAs2p0
5157,0.0,16656.158247084175,16656.158247084175,0.0,0.0,pvalloc_29nbfs_LRG2_max_sAs2p0
5158,0.0,16956.66673318879,16956.66673318879,0.0,0.0,pvalloc_29nbfs_LRG2_max_sAs2p0
5159,0.0,13878.197386105796,13878.197386105796,0.0,0.0,pvalloc_29nbfs_LRG2_max_sAs2p0
5160,0.0,13359.709264488023,13359.709264488023,0.0,0.0,pvalloc_29nbfs_LRG2_max_sAs2p0
5161,0.0,9823.421723926976,9823.421723926976,0.0,0.0,pvalloc_29nbfs_LRG2_max_sAs2p0
5162,0.0,8004.918441437758,8004.918441437758,0.0,0.0,pvalloc_29nbfs_LRG2_max_sAs2p0
5163,0.0,7279.771629046193,7279.771629046193,0.0,0.0,pvalloc_29nbfs_LRG2_max_sAs2p0
5164,0.0,6702.512682378077,6702.512682378077,0.0,0.0,pvalloc_29nbfs_LRG2_max_sAs2p0
5165,0.0,6398.7645866892735,6398.7645866892735,0.0,0.0,pvalloc_29nbfs_LRG2_max_sAs2p0
5166,103.09867989999027,4348.8004410500735,4349.901105122327,103.09867989999027,0.0,pvalloc_29nbfs_LRG2_max_sAs2p0
5167,12662.931451652468,2548.2671235280436,13329.30785034941,12662.931451652468,0.0,pvalloc_29nbfs_LRG2_max_sAs2p0
5168,33065.91143006351,2920.7934496027865,33321.37240931564,33065.91143006351,0.0,pvalloc_29nbfs_LRG2_max_sAs2p0
5169,54916.73232233261,3160.904026677415,55048.96522231868,53241.99988069932,1674.732441633285,pvalloc_29nbfs_LRG2_max_sAs2p0
5170,74943.62509806774,3061.5479226690804,75027.77768146351,67465.44212035807,7478.182977709618,pvalloc_29nbfs_LRG2_max_sAs2p0
5171,89752.96697664679,3765.5021989831585,89852.69157504731,75617.54738385079,14135.419592795988,pvalloc_29nbfs_LRG2_max_sAs2p0
5172,84036.5567359862,4278.088578704904,84195.87165148594,72607.5083007905,11429.048435195738,pvalloc_29nbfs_LRG2_max_sAs2p0
5173,78321.87296804805,4586.471564925771,78536.86415879028,69375.06893133017,8946.804036717858,pvalloc_29nbfs_LRG2_max_sAs2p0
5174,88615.19344034795,4541.062226791391,88803.42629845363,74906.16072329703,13709.032717051025,pvalloc_29nbfs_LRG2_max_sAs2p0
5175,76364.4321822388,4722.385562635806,76611.52349855009,68184.09835551173,8180.3338267271565,pvalloc_29nbfs_LRG2_max_sAs2p0
5176,61165.44073073144,4537.4507182208035,61470.95995567382,57983.66195465398,3181.778776077463,pvalloc_29nbfs_LRG2_max_sAs2p0
5177,41839.43859278505,4211.36622003386,42314.77935766991,41626.697159881645,212.74143290339924,pvalloc_29nbfs_LRG2_max_sAs2p0
5178,22926.00346043903,4132.534233998281,23847.11098121464,22926.00346043903,0.0,pvalloc_29nbfs_LRG2_max_sAs2p0
5179,9384.757309318162,4312.588286126113,11203.423889532489,9384.757309318162,0.0,pvalloc_29nbfs_LRG2_max_sAs2p0
5180,20.17770443549925,9583.947020852853,9584.103982244276,20.17770443549925,0.0,pvalloc_29nbfs_LRG2_max_sAs2p0
5181,0.0,17958.547144614713,17958.547144614713,0.0,0.0,pvalloc_29nbfs_LRG2_max_sAs2p0
5182,0.0,15508.105894089556,15508.105894089556,0.0,0.0,pvalloc_29nbfs_LRG2_max_sAs2p0
5183,0.0,14273.897403473246,14273.897403473246,0.0,0.0,pvalloc_29nbfs_LRG2_max_sAs2p0
5184,0.0,13200.33224655577,13200.33224655577,0.0,0.0,pvalloc_29nbfs_LRG2_max_sAs2p0
5185,0.0,9638.325646422076,9638.325646422076,0.0,0.0,pvalloc_29nbfs_LRG2_max_sAs2p0
5186,0.0,8321.584507793394,8321.584507793394,0.0,0.0,pvalloc_29nbfs_LRG2_max_sAs2p0
5187,0.0,7169.817360127392,7169.817360127392,0.0,0.0,pvalloc_29nbfs_LRG2_max_sAs2p0
5188,0.0,7079.928698781937,7079.928698781937,0.0,0.0,pvalloc_29nbfs_LRG2_max_sAs2p0
5189,0.0,6529.334832922408,6529.334832922408,0.0,0.0,pvalloc_29nbfs_LRG2_max_sAs2p0
5190,43.789520850522706,4768.114193879042,4768.610576074806,43.789520850522706,0.0,pvalloc_29nbfs_LRG2_max_sAs2p0
5191,10377.965784534774,2502.4353170838776,11129.208416289854,10377.965784534774,0.0,pvalloc_29nbfs_LRG2_max_sAs2p0
5192,27611.740720500868,2857.4010855391984,27933.938444994314,27611.740720500868,0.0,pvalloc_29nbfs_LRG2_max_sAs2p0
5193,49193.60352124516,3115.262512164787,49348.53401775803,48456.09133156418,737.5121896809771,pvalloc_29nbfs_LRG2_max_sAs2p0
5194,62319.31942427371,3396.1097206525965,62453.40594646709,58963.46953217177,3355.8498921019204,pvalloc_29nbfs_LRG2_max_sAs2p0
5195,70876.16996006851,4074.981743722239,71044.90446499985,64935.367175719904,5940.802784348576,pvalloc_29nbfs_LRG2_max_sAs2p0
5196,68349.59084338596,5046.380667690793,68686.90041049209,63282.385782090794,5067.205061295084,pvalloc_29nbfs_LRG2_max_sAs2p0
5197,72580.42120800113,4919.931944210985,72855.73695010105,65917.15508045604,6663.266127545069,pvalloc_29nbfs_LRG2_max_sAs2p0
5198,71330.56684385013,5431.702739333017,71701.84021942201,65104.643266186984,6225.923577663067,pvalloc_29nbfs_LRG2_max_sAs2p0
5199,70439.59885043203,4903.811067391175,70738.72942564676,64491.443306738336,5948.155543693712,pvalloc_29nbfs_LRG2_max_sAs2p0
5200,42353.90778263246,3815.4080252152366,42725.054420890294,42120.36359748968,233.5441851427724,pvalloc_29nbfs_LRG2_max_sAs2p0
5201,27215.074159651776,3805.0608992763887,27862.404360355427,27215.074159651776,0.0,pvalloc_29nbfs_LRG2_max_sAs2p0
5202,13099.529895059695,4328.117698997244,14762.3051295643,13099.529895059695,0.0,pvalloc_29nbfs_LRG2_max_sAs2p0
5203,8221.226980996094,4806.789022404268,10541.359303484061,8221.226980996094,0.0,pvalloc_29nbfs_LRG2_max_sAs2p0
5204,0.0,15090.649904951177,15090.649904951177,0.0,0.0,pvalloc_29nbfs_LRG2_max_sAs2p0
5205,0.0,15791.348827533157,15791.348827533157,0.0,0.0,pvalloc_29nbfs_LRG2_max_sAs2p0
5206,0.0,15247.755727980577,15247.755727980577,0.0,0.0,pvalloc_29nbfs_LRG2_max_sAs2p0
5207,0.0,15008.225250668322,15008.225250668322,0.0,0.0,pvalloc_29nbfs_LRG2_max_sAs2p0
5208,0.0,12069.433844123947,12069.433844123947,0.0,0.0,pvalloc_29nbfs_LRG2_max_sAs2p0
5209,0.0,11145.876780548273,11145.876780548273,0.0,0.0,pvalloc_29nbfs_LRG2_max_sAs2p0
5210,0.0,8940.899584908117,8940.899584908117,0.0,0.0,pvalloc_29nbfs_LRG2_max_sAs2p0
5211,0.0,7874.895807358424,7874.895807358424,0.0,0.0,pvalloc_29nbfs_LRG2_max_sAs2p0
5212,0.0,7043.644556647981,7043.644556647981,0.0,0.0,pvalloc_29nbfs_LRG2_max_sAs2p0
5213,0.0,7125.558647681807,7125.558647681807,0.0,0.0,pvalloc_29nbfs_LRG2_max_sAs2p0
5214,3.6190971688153413,5734.021257354183,5734.092940649997,3.6190971688153413,0.0,pvalloc_29nbfs_LRG2_max_sAs2p0
5215,1654.4340548102252,3023.892047260963,3676.5707351402293,1654.4340548102252,0.0,pvalloc_29nbfs_LRG2_max_sAs2p0
5216,6111.919440825702,2945.5042251641075,7459.703823250406,6111.919440825702,0.0,pvalloc_29nbfs_LRG2_max_sAs2p0
5217,12205.181290581533,3188.1011309266287,13276.071208314042,12205.181290581533,0.0,pvalloc_29nbfs_LRG2_max_sAs2p0
5218,23893.427057443118,3307.770627905624,24454.020882703124,23893.427057443118,0.0,pvalloc_29nbfs_LRG2_max_sAs2p0
5219,28431.69898803471,3946.4025693398344,29100.65204413548,28431.69898803471,0.0,pvalloc_29nbfs_LRG2_max_sAs2p0
5220,21054.187863864507,5083.201383376091,22720.465356083503,21054.187863864507,0.0,pvalloc_29nbfs_LRG2_max_sAs2p0
5221,45697.4353383674,4532.764301031066,46204.48427972356,45242.679599271665,454.75573909574115,pvalloc_29nbfs_LRG2_max_sAs2p0
5222,60416.04178645837,4699.167436437322,60770.93263337547,57379.39605306009,3036.645733398282,pvalloc_29nbfs_LRG2_max_sAs2p0
5223,47444.33376321562,4725.11391042538,47963.45656162679,46827.68120378568,616.6525594299378,pvalloc_29nbfs_LRG2_max_sAs2p0
5224,47801.64209195258,4121.664818825187,48168.61522112144,47161.32234370946,640.3197482431246,pvalloc_29nbfs_LRG2_max_sAs2p0
5225,35800.69736726223,4199.935911482438,36376.40198294055,35732.45648711248,68.24088014976246,pvalloc_29nbfs_LRG2_max_sAs2p0
5226,24956.792767004878,4094.5417562773596,25777.384260017017,24956.792767004878,0.0,pvalloc_29nbfs_LRG2_max_sAs2p0
5227,10271.027768566844,4774.090284144281,12374.639349560948,10271.027768566844,0.0,pvalloc_29nbfs_LRG2_max_sAs2p0
5228,0.24184399268425624,12343.398694547044,12343.398694547044,0.24184399268425624,0.0,pvalloc_29nbfs_LRG2_max_sAs2p0
5229,0.0,17463.78761121696,17463.78761121696,0.0,0.0,pvalloc_29nbfs_LRG2_max_sAs2p0
5230,0.0,16776.24576513662,16776.24576513662,0.0,0.0,pvalloc_29nbfs_LRG2_max_sAs2p0
5231,0.0,13863.094861205218,13863.094861205218,0.0,0.0,pvalloc_29nbfs_LRG2_max_sAs2p0
5232,0.0,12379.083196074876,12379.083196074876,0.0,0.0,pvalloc_29nbfs_LRG2_max_sAs2p0
5233,0.0,10840.796451126309,10840.796451126309,0.0,0.0,pvalloc_29nbfs_LRG2_max_sAs2p0
5234,0.0,8839.193140860432,8839.193140860432,0.0,0.0,pvalloc_29nbfs_LRG2_max_sAs2p0
5235,0.0,7691.549078353807,7691.549078353807,0.0,0.0,pvalloc_29nbfs_LRG2_max_sAs2p0
5236,0.0,6881.188714069509,6881.188714069509,0.0,0.0,pvalloc_29nbfs_LRG2_max_sAs2p0
5237,0.0,7020.828203404438,7020.828203404438,0.0,0.0,pvalloc_29nbfs_LRG2_max_sAs2p0
5238,66.55097043959971,4740.839967022199,4741.524329839401,66.55097043959971,0.0,pvalloc_29nbfs_LRG2_max_sAs2p0
5239,11462.285358199717,2608.791149699104,12194.543129945938,11462.285358199717,0.0,pvalloc_29nbfs_LRG2_max_sAs2p0
5240,24407.025585897387,2927.2167730710103,24811.991370165462,24407.025585897387,0.0,pvalloc_29nbfs_LRG2_max_sAs2p0
5241,48303.967074988286,3153.426401586733,48469.38968505,47670.929586772596,633.0374882156876,pvalloc_29nbfs_LRG2_max_sAs2p0
5242,62260.99073786609,3597.9645408313268,62414.16896659102,58918.55032916946,3342.4404086966374,pvalloc_29nbfs_LRG2_max_sAs2p0
5243,68816.21394535444,3910.0535685527875,68982.54424209062,63522.88946679894,5293.324478555515,pvalloc_29nbfs_LRG2_max_sAs2p0
5244,56479.76244265819,4418.327672922673,56796.45140890812,54423.38981991308,2056.3726227451248,pvalloc_29nbfs_LRG2_max_sAs2p0
5245,54910.84994261798,4932.895448285792,55360.71397893788,53134.32079257624,1776.5291500417559,pvalloc_29nbfs_LRG2_max_sAs2p0
5246,51250.30845124148,4986.941454594399,51798.672002738815,50044.420547440284,1205.8879038011937,pvalloc_29nbfs_LRG2_max_sAs2p0
5247,50994.355425735936,4681.461943767237,51470.084104708476,49843.37826080946,1150.9771649264655,pvalloc_29nbfs_LRG2_max_sAs2p0
5248,43370.38093428405,4129.591649636871,43827.53766429435,43072.95687347248,297.42406081156076,pvalloc_29nbfs_LRG2_max_sAs2p0
5249,35402.954965459125,4004.0340923808935,35938.26198208988,35341.49996179734,61.455003661786975,pvalloc_29nbfs_LRG2_max_sAs2p0
5250,18125.66993653424,4539.044691733796,19494.08430985732,18125.66993653424,0.0,pvalloc_29nbfs_LRG2_max_sAs2p0
5251,8334.776386074866,5134.01284978681,10856.178129305978,8334.776386074866,0.0,pvalloc_29nbfs_LRG2_max_sAs2p0
5252,0.0,19000.021792670366,19000.021792670366,0.0,0.0,pvalloc_29nbfs_LRG2_max_sAs2p0
5253,0.0,19290.580116971654,19290.580116971654,0.0,0.0,pvalloc_29nbfs_LRG2_max_sAs2p0
5254,0.0,16835.268381474216,16835.268381474216,0.0,0.0,pvalloc_29nbfs_LRG2_max_sAs2p0
5255,0.0,14924.78827852718,14924.78827852718,0.0,0.0,pvalloc_29nbfs_LRG2_max_sAs2p0
5256,0.0,13381.168060104115,13381.168060104115,0.0,0.0,pvalloc_29nbfs_LRG2_max_sAs2p0
5257,0.0,10539.960012448035,10539.960012448035,0.0,0.0,pvalloc_29nbfs_LRG2_max_sAs2p0
5258,0.0,8429.066249258418,8429.066249258418,0.0,0.0,pvalloc_29nbfs_LRG2_max_sAs2p0
5259,0.0,7662.6869307207,7662.6869307207,0.0,0.0,pvalloc_29nbfs_LRG2_max_sAs2p0
5260,0.0,6987.569716052491,6987.569716052491,0.0,0.0,pvalloc_29nbfs_LRG2_max_sAs2p0
5261,0.0,6946.060646242223,6946.060646242223,0.0,0.0,pvalloc_29nbfs_LRG2_max_sAs2p0
5262,58.79854255469489,4987.403834952176,4988.026903879321,58.79854255469489,0.0,pvalloc_29nbfs_LRG2_max_sAs2p0
5263,12690.854885617537,2563.098995925927,13329.80998678634,12690.854885617537,0.0,pvalloc_29nbfs_LRG2_max_sAs2p0
5264,33507.96166128118,2856.32658907251,33743.92908508598,33503.89440123199,4.067260049184824,pvalloc_29nbfs_LRG2_max_sAs2p0
5265,56202.27062203558,2947.422554866183,56314.7574268645,54279.96666637151,1922.3039556640624,pvalloc_29nbfs_LRG2_max_sAs2p0
5266,75230.22708077096,3724.794462818787,75346.9060649885,67681.3337649797,7548.893315791265,pvalloc_29nbfs_LRG2_max_sAs2p0
5267,88833.25054664216,4800.768780917885,89003.63262300026,75237.79200173216,13595.458544909945,pvalloc_29nbfs_LRG2_max_sAs2p0
5268,86126.84461752968,5848.89056804936,86461.47649109467,73819.31018819677,12307.534429332916,pvalloc_29nbfs_LRG2_max_sAs2p0
5269,91023.83114430543,5815.27932302094,91313.5245903844,76238.2479076565,14785.583236648868,pvalloc_29nbfs_LRG2_max_sAs2p0
5270,91508.7669484397,5228.814332104561,91778.21196675475,76215.3378659879,15293.429082451783,pvalloc_29nbfs_LRG2_max_sAs2p0
5271,83051.80027908152,5020.466207095299,83313.71407254486,71928.33972107076,11123.46055801078,pvalloc_29nbfs_LRG2_max_sAs2p0
5272,69194.92742821148,4778.8138741907105,69482.77915954901,63664.96116157004,5529.966266641384,pvalloc_29nbfs_LRG2_max_sAs2p0
5273,52127.48852201364,4343.066699253223,52503.07324055121,50811.99771526283,1315.490806750803,pvalloc_29nbfs_LRG2_max_sAs2p0
5274,31264.376286336512,4443.122793729303,32028.889550609932,31264.376286336512,0.0,pvalloc_29nbfs_LRG2_max_sAs2p0
5275,12675.494587646883,4709.19070543601,14449.94845915766,12675.494587646883,0.0,pvalloc_29nbfs_LRG2_max_sAs2p0
5276,0.001144878417680309,16107.953346297401,16107.953346297401,0.001144878417680309,0.0,pvalloc_29nbfs_LRG2_max_sAs2p0
5277,0.0,16661.54003587522,16661.54003587522,0.0,0.0,pvalloc_29nbfs_LRG2_max_sAs2p0
5278,0.0,16071.87963882066,16071.87963882066,0.0,0.0,pvalloc_29nbfs_LRG2_max_sAs2p0
5279,0.0,16513.61501158644,16513.61501158644,0.0,0.0,pvalloc_29nbfs_LRG2_max_sAs2p0
5280,0.0,14223.402737580196,14223.402737580196,0.0,0.0,pvalloc_29nbfs_LRG2_max_sAs2p0
5281,0.0,10189.901163932846,10189.901163932846,0.0,0.0,pvalloc_29nbfs_LRG2_max_sAs2p0
5282,0.0,9219.90861812319,9219.90861812319,0.0,0.0,pvalloc_29nbfs_LRG2_max_sAs2p0
5283,0.0,8077.212368111325,8077.212368111325,0.0,0.0,pvalloc_29nbfs_LRG2_max_sAs2p0
5284,0.0,7416.388772703774,7416.388772703774,0.0,0.0,pvalloc_29nbfs_LRG2_max_sAs2p0
5285,0.0,7104.393955178768,7104.393955178768,0.0,0.0,pvalloc_29nbfs_LRG2_max_sAs2p0
5286,19.616486432406372,5505.323990520992,5505.586519255628,19.616486432406372,0.0,pvalloc_29nbfs_LRG2_max_sAs2p0
5287,11800.280559776882,2604.6172483121013,12508.124808850564,11800.280559776882,0.0,pvalloc_29nbfs_LRG2_max_sAs2p0
5288,33674.40485485203,2762.9845436609685,33890.235073898606,33668.0057799439,6.399074908129421,pvalloc_29nbfs_LRG2_max_sAs2p0
5289,55889.36897541066,2765.1748839712927,55990.29497825981,54026.61917875425,1862.749796656407,pvalloc_29nbfs_LRG2_max_sAs2p0
5290,74187.7428195323,3621.7956690398055,74297.62948635375,67055.05056084522,7132.692258687005,pvalloc_29nbfs_LRG2_max_sAs2p0
5291,90221.3893076025,4050.1817509371317,90343.63528746736,75839.10344100714,14382.285866595337,pvalloc_29nbfs_LRG2_max_sAs2p0
5292,85619.85175981258,5619.714680719633,85921.3133259945,73555.57032690404,12064.281432908538,pvalloc_29nbfs_LRG2_max_sAs2p0
5293,91372.82813596308,5533.24155921359,91632.94814265368,76302.15134471493,15070.67679124821,pvalloc_29nbfs_LRG2_max_sAs2p0
5294,86751.86349843859,6653.13736729217,87208.06564306062,73908.18563579544,12843.677862643157,pvalloc_29nbfs_LRG2_max_sAs2p0
5295,80011.83623371756,6058.856104480269,80434.12508533653,70227.06865725666,9784.767576460834,pvalloc_29nbfs_LRG2_max_sAs2p0
5296,65447.95346305932,6116.926443753834,66036.17961115559,61108.05724259382,4339.896220465523,pvalloc_29nbfs_LRG2_max_sAs2p0
5297,49698.78686784881,5439.501393014543,50390.70662115037,48726.4530344158,972.3338334330134,pvalloc_29nbfs_LRG2_max_sAs2p0
5298,29310.625865151153,5433.253856988395,30515.53800066385,29310.625865151153,0.0,pvalloc_29nbfs_LRG2_max_sAs2p0
5299,8809.560345987884,6468.714926183495,12182.181011633702,8809.560345987884,0.0,pvalloc_29nbfs_LRG2_max_sAs2p0
5300,0.002782290935076717,16914.947350424005,16914.947350424005,0.002782290935076717,0.0,pvalloc_29nbfs_LRG2_max_sAs2p0
5301,0.0,19664.8737674663,19664.8737674663,0.0,0.0,pvalloc_29nbfs_LRG2_max_sAs2p0
5302,0.0,21717.29761653144,21717.29761653144,0.0,0.0,pvalloc_29nbfs_LRG2_max_sAs2p0
5303,0.0,17214.825474050005,17214.825474050005,0.0,0.0,pvalloc_29nbfs_LRG2_max_sAs2p0
5304,0.0,12578.207549128694,12578.207549128694,0.0,0.0,pvalloc_29nbfs_LRG2_max_sAs2p0
5305,0.0,10294.109997870488,10294.109997870488,0.0,0.0,pvalloc_29nbfs_LRG2_max_sAs2p0
5306,0.0,8325.709247505114,8325.709247505114,0.0,0.0,pvalloc_29nbfs_LRG2_max_sAs2p0
5307,0.0,7293.515981600714,7293.515981600714,0.0,0.0,pvalloc_29nbfs_LRG2_max_sAs2p0
5308,0.0,6735.774478834689,6735.774478834689,0.0,0.0,pvalloc_29nbfs_LRG2_max_sAs2p0
5309,0.0,6710.483943585054,6710.483943585054,0.0,0.0,pvalloc_29nbfs_LRG2_max_sAs2p0
5310,30.303829853710553,4984.800024931988,4985.185150372661,30.303829853710553,0.0,pvalloc_29nbfs_LRG2_max_sAs2p0
5311,11752.402420378297,2510.6821135816845,12420.986402899543,11752.402420378297,0.0,pvalloc_29nbfs_LRG2_max_sAs2p0
5312,32871.63892336037,2874.5625294524402,33120.3122054062,32871.63892336037,0.0,pvalloc_29nbfs_LRG2_max_sAs2p0
5313,54818.88238625369,3220.069554181403,54959.51315458309,53153.06031896432,1665.8220672893517,pvalloc_29nbfs_LRG2_max_sAs2p0
5314,74962.43740407644,3689.0405533992716,75088.26973964264,67484.2644272485,7478.172976827888,pvalloc_29nbfs_LRG2_max_sAs2p0
5315,91196.63034200043,3850.020513574471,91309.01105099748,76294.60169204237,14902.02864995806,pvalloc_29nbfs_LRG2_max_sAs2p0
5316,85241.08037916507,5913.80253879393,85591.36009694617,73338.18615059368,11902.894228571375,pvalloc_29nbfs_LRG2_max_sAs2p0
5317,90965.47567755678,5415.678476403479,91205.4453726216,76179.73898452145,14785.73669303533,pvalloc_29nbfs_LRG2_max_sAs2p0
5318,88569.5107196392,5553.468451643541,88841.60126655834,74905.05784891495,13664.452870724324,pvalloc_29nbfs_LRG2_max_sAs2p0
5319,82024.29501614321,4917.368027918869,82257.82690195153,71430.46563877334,10593.829377369826,pvalloc_29nbfs_LRG2_max_sAs2p0
5320,67942.93901464551,4825.975493897092,68240.90507536905,62834.70079585014,5108.238218795407,pvalloc_29nbfs_LRG2_max_sAs2p0
5321,50060.715875517446,4697.8124623012845,50517.97473192457,49099.360630085794,961.3552454316557,pvalloc_29nbfs_LRG2_max_sAs2p0
5322,31970.184416603566,3954.7558160171207,32564.67362882513,31970.184416603566,0.0,pvalloc_29nbfs_LRG2_max_sAs2p0
5323,10837.705821627764,4742.433080627383,12905.701480382235,10837.705821627764,0.0,pvalloc_29nbfs_LRG2_max_sAs2p0
5324,0.6124159305282508,11780.307091125162,11780.307091125162,0.6124159305282508,0.0,pvalloc_29nbfs_LRG2_max_sAs2p0
5325,0.0,17798.4514230697,17798.4514230697,0.0,0.0,pvalloc_29nbfs_LRG2_max_sAs2p0
5326,0.0,19605.334016129706,19605.334016129706,0.0,0.0,pvalloc_29nbfs_LRG2_max_sAs2p0
5327,0.0,17993.339244710096,17993.339244710096,0.0,0.0,pvalloc_29nbfs_LRG2_max_sAs2p0
5328,0.0,14499.905393880887,14499.905393880887,0.0,0.0,pvalloc_29nbfs_LRG2_max_sAs2p0
5329,0.0,10706.798579119697,10706.798579119697,0.0,0.0,pvalloc_29nbfs_LRG2_max_sAs2p0
5330,0.0,8691.305275136961,8691.305275136961,0.0,0.0,pvalloc_29nbfs_LRG2_max_sAs2p0
5331,0.0,7299.838339654399,7299.838339654399,0.0,0.0,pvalloc_29nbfs_LRG2_max_sAs2p0
5332,0.0,6942.4868277889755,6942.4868277889755,0.0,0.0,pvalloc_29nbfs_LRG2_max_sAs2p0
5333,0.0,6828.1340130815815,6828.1340130815815,0.0,0.0,pvalloc_29nbfs_LRG2_max_sAs2p0
5334,10.242673942696749,5417.738191195221,5417.873781775622,10.242673942696749,0.0,pvalloc_29nbfs_LRG2_max_sAs2p0
5335,10506.209239881986,2806.0044335912858,11440.354870242994,10506.209239881986,0.0,pvalloc_29nbfs_LRG2_max_sAs2p0
5336,31590.468657671154,3234.7419495296626,31945.58525734591,31590.468657671154,0.0,pvalloc_29nbfs_LRG2_max_sAs2p0
5337,53929.96034974143,3412.9646055266485,54098.444871745385,52414.906775333926,1515.0535744074864,pvalloc_29nbfs_LRG2_max_sAs2p0
5338,73878.57074102653,3725.9036302008158,74005.8141261509,66834.44889151833,7044.121849508207,pvalloc_29nbfs_LRG2_max_sAs2p0
5339,89052.89217670618,4023.446742796844,89170.05385589425,75275.95622584228,13776.935950863906,pvalloc_29nbfs_LRG2_max_sAs2p0
5340,84367.5873108643,5741.047724751835,84716.42687792714,72964.17777546382,11403.409535400513,pvalloc_29nbfs_LRG2_max_sAs2p0
5341,88665.73748681243,5709.281959101272,88956.28331838401,75097.00452670718,13568.732960105282,pvalloc_29nbfs_LRG2_max_sAs2p0
5342,85478.02892975818,6553.33286113652,85936.05283849609,73432.29556873348,12045.733361024686,pvalloc_29nbfs_LRG2_max_sAs2p0
5343,80356.9906940579,5459.569134514697,80667.08679121036,70486.50676614011,9870.48392791779,pvalloc_29nbfs_LRG2_max_sAs2p0
5344,68389.05814256438,4524.614023314513,68647.07936257916,63126.53997914406,5262.51816342028,pvalloc_29nbfs_LRG2_max_sAs2p0
5345,48968.72015840806,4481.777136416469,49391.17724547049,48178.26898251298,790.451175895093,pvalloc_29nbfs_LRG2_max_sAs2p0
5346,29292.757779684496,4464.166803657032,30120.557451055585,29292.757779684496,0.0,pvalloc_29nbfs_LRG2_max_sAs2p0
5347,7444.219572445193,6365.880104056615,10949.007971175544,7444.219572445193,0.0,pvalloc_29nbfs_LRG2_max_sAs2p0
5348,0.0,15989.582865638386,15989.582865638386,0.0,0.0,pvalloc_29nbfs_LRG2_max_sAs2p0
5349,0.0,16826.71504393423,16826.71504393423,0.0,0.0,pvalloc_29nbfs_LRG2_max_sAs2p0
5350,0.0,17455.21838878038,17455.21838878038,0.0,0.0,pvalloc_29nbfs_LRG2_max_sAs2p0
5351,0.0,17312.601875985758,17312.601875985758,0.0,0.0,pvalloc_29nbfs_LRG2_max_sAs2p0
5352,0.0,14414.143741518077,14414.143741518077,0.0,0.0,pvalloc_29nbfs_LRG2_max_sAs2p0
5353,0.0,9954.172012300509,9954.172012300509,0.0,0.0,pvalloc_29nbfs_LRG2_max_sAs2p0
5354,0.0,8448.308232531268,8448.308232531268,0.0,0.0,pvalloc_29nbfs_LRG2_max_sAs2p0
5355,0.0,7461.470557932399,7461.470557932399,0.0,0.0,pvalloc_29nbfs_LRG2_max_sAs2p0
5356,0.0,6904.5537825017445,6904.5537825017445,0.0,0.0,pvalloc_29nbfs_LRG2_max_sAs2p0
5357,0.0,6785.528064411384,6785.528064411384,0.0,0.0,pvalloc_29nbfs_LRG2_max_sAs2p0
5358,16.19225124938908,5397.994308259101,5398.224272135259,16.19225124938908,0.0,pvalloc_29nbfs_LRG2_max_sAs2p0
5359,10623.075903244258,2700.4666087718056,11466.445339900834,10623.075903244258,0.0,pvalloc_29nbfs_LRG2_max_sAs2p0
5360,31817.532549799475,3036.820221776371,32118.192856116395,31817.532549799475,0.0,pvalloc_29nbfs_LRG2_max_sAs2p0
5361,51631.6661942229,4022.136073979135,51935.77207220342,50507.97798046051,1123.6882137623793,pvalloc_29nbfs_LRG2_max_sAs2p0
5362,72716.65589658734,4120.006380685487,72880.56271293713,66134.399647022,6582.256249565408,pvalloc_29nbfs_LRG2_max_sAs2p0
5363,86940.42388671072,4995.422660616617,87148.80976224842,74312.41177980731,12628.012106903345,pvalloc_29nbfs_LRG2_max_sAs2p0
5364,84895.6493559479,5830.504486694053,85257.02550839925,73248.06463532713,11647.584720620831,pvalloc_29nbfs_LRG2_max_sAs2p0
5365,87849.27779954772,6394.936658829975,88283.4378526107,74766.79353116902,13082.484268378663,pvalloc_29nbfs_LRG2_max_sAs2p0
5366,90080.91560463593,5273.953750558167,90318.8521182676,75670.47184298874,14410.443761647215,pvalloc_29nbfs_LRG2_max_sAs2p0
5367,81538.53743015493,4898.885717675216,81765.51344088867,71190.33402375602,10348.20340639886,pvalloc_29nbfs_LRG2_max_sAs2p0
5368,67790.10909741945,4601.709084131211,68046.79036510529,62797.37239447293,4992.73670294649,pvalloc_29nbfs_LRG2_max_sAs2p0
5369,48932.066538111605,4697.2113998417935,49395.398007244534,48170.84475634622,761.2217817653834,pvalloc_29nbfs_LRG2_max_sAs2p0
5370,28010.98998560144,4839.033139422657,29078.54965799973,28010.98998560144,0.0,pvalloc_29nbfs_LRG2_max_sAs2p0
5371,9367.902335313305,5176.239627873638,11829.725431726953,9367.902335313305,0.0,pvalloc_29nbfs_LRG2_max_sAs2p0
5372,0.0,16855.668323287413,16855.668323287413,0.0,0.0,pvalloc_29nbfs_LRG2_max_sAs2p0
5373,0.0,17345.892495044838,17345.892495044838,0.0,0.0,pvalloc_29nbfs_LRG2_max_sAs2p0
5374,0.0,16579.522190389725,16579.522190389725,0.0,0.0,pvalloc_29nbfs_LRG2_max_sAs2p0
5375,0.0,15251.446364993699,15251.446364993699,0.0,0.0,pvalloc_29nbfs_LRG2_max_sAs2p0
5376,0.0,13188.262672566276,13188.262672566276,0.0,0.0,pvalloc_29nbfs_LRG2_max_sAs2p0
5377,0.0,11323.92566649367,11323.92566649367,0.0,0.0,pvalloc_29nbfs_LRG2_max_sAs2p0
5378,0.0,9734.491596408214,9734.491596408214,0.0,0.0,pvalloc_29nbfs_LRG2_max_sAs2p0
5379,0.0,8493.11069650855,8493.11069650855,0.0,0.0,pvalloc_29nbfs_LRG2_max_sAs2p0
5380,0.0,7434.255107382792,7434.255107382792,0.0,0.0,pvalloc_29nbfs_LRG2_max_sAs2p0
5381,0.0,7087.350693282779,7087.350693282779,0.0,0.0,pvalloc_29nbfs_LRG2_max_sAs2p0
5382,6.525590340351717,5749.353313590789,5749.452704400629,6.525590340351717,0.0,pvalloc_29nbfs_LRG2_max_sAs2p0
5383,10254.076464085525,2774.6443624998383,11159.321694231654,10254.076464085525,0.0,pvalloc_29nbfs_LRG2_max_sAs2p0
5384,32071.90898516208,2885.789263065441,32339.75338351473,32071.90898516208,0.0,pvalloc_29nbfs_LRG2_max_sAs2p0
5385,54203.554453686775,3221.2553700342014,54349.153640209304,52635.612693343624,1567.941760343157,pvalloc_29nbfs_LRG2_max_sAs2p0
5386,72808.34093659736,3905.6210918502466,72948.06095451312,66183.7227909989,6624.618145598527,pvalloc_29nbfs_LRG2_max_sAs2p0
5387,88424.0847756576,4435.206193311349,88571.66007779205,74960.95495979786,13463.129815859747,pvalloc_29nbfs_LRG2_max_sAs2p0
5388,85516.37579532345,5517.56359948526,85800.99310853225,73486.21398483383,12030.161810489622,pvalloc_29nbfs_LRG2_max_sAs2p0
5389,89250.33557940525,5836.147521161296,89552.82748238483,75338.17279058852,13912.162788816715,pvalloc_29nbfs_LRG2_max_sAs2p0
5390,85617.24922137622,6240.463916913516,86006.86774894253,73449.19351599776,12168.055705378452,pvalloc_29nbfs_LRG2_max_sAs2p0
5391,78820.75971183836,5604.43104627471,79157.27659042308,69671.77027630642,9148.989435531981,pvalloc_29nbfs_LRG2_max_sAs2p0
5392,64780.34901843879,5315.073500256765,65189.16645803416,60737.431434960425,4042.9175834783837,pvalloc_29nbfs_LRG2_max_sAs2p0
5393,46000.178169198814,5338.8926271179525,46712.07722903218,45555.51528038717,444.6628888116476,pvalloc_29nbfs_LRG2_max_sAs2p0
5394,27033.073414373153,4954.2098709656975,28200.933350795753,27033.073414373153,0.0,pvalloc_29nbfs_LRG2_max_sAs2p0
5395,6321.844341560373,7005.80637370803,10432.007456077596,6321.844341560373,0.0,pvalloc_29nbfs_LRG2_max_sAs2p0
5396,0.0,17145.769564577982,17145.769564577982,0.0,0.0,pvalloc_29nbfs_LRG2_max_sAs2p0
5397,0.0,18592.2121303555,18592.2121303555,0.0,0.0,pvalloc_29nbfs_LRG2_max_sAs2p0
5398,0.0,17959.280865600802,17959.280865600802,0.0,0.0,pvalloc_29nbfs_LRG2_max_sAs2p0
5399,0.0,15321.147510146637,15321.147510146637,0.0,0.0,pvalloc_29nbfs_LRG2_max_sAs2p0
5400,0.0,13722.161589340783,13722.161589340783,0.0,0.0,pvalloc_29nbfs_LRG2_max_sAs2p0
5401,0.0,10430.229263731495,10430.229263731495,0.0,0.0,pvalloc_29nbfs_LRG2_max_sAs2p0
5402,0.0,8829.571873465271,8829.571873465271,0.0,0.0,pvalloc_29nbfs_LRG2_max_sAs2p0
5403,0.0,7657.188196967488,7657.188196967488,0.0,0.0,pvalloc_29nbfs_LRG2_max_sAs2p0
5404,0.0,7455.696363549952,7455.696363549952,0.0,0.0,pvalloc_29nbfs_LRG2_max_sAs2p0
5405,0.0,7031.549107246737,7031.549107246737,0.0,0.0,pvalloc_29nbfs_LRG2_max_sAs2p0
5406,2.0001040256157676,6089.621492384875,6089.668843377407,2.0001040256157676,0.0,pvalloc_29nbfs_LRG2_max_sAs2p0
5407,10246.891667755719,2615.9989244703106,11051.565844810422,10246.891667755719,0.0,pvalloc_29nbfs_LRG2_max_sAs2p0
5408,29306.994444794105,3029.3158473741464,29646.178287795716,29306.994444794105,0.0,pvalloc_29nbfs_LRG2_max_sAs2p0
5409,48766.97227504356,3991.8725963410507,49084.15129470118,48073.4803166764,693.4919583671463,pvalloc_29nbfs_LRG2_max_sAs2p0
5410,67050.31043222126,3843.1494718114427,67212.14359005503,62349.432224428536,4700.878207792683,pvalloc_29nbfs_LRG2_max_sAs2p0
5411,74850.90685190198,4142.628544190252,75022.76293378616,67358.1014832041,7492.805368697873,pvalloc_29nbfs_LRG2_max_sAs2p0
5412,63309.195926011176,5463.22979974475,63789.52189339741,59683.85323849181,3625.342687519359,pvalloc_29nbfs_LRG2_max_sAs2p0
5413,62775.82967939126,6094.557480852111,63406.63054503521,59236.37342326598,3539.4562561252815,pvalloc_29nbfs_LRG2_max_sAs2p0
5414,57278.54520347736,6035.771016816834,58002.919921849185,54907.2579867294,2371.2872167479627,pvalloc_29nbfs_LRG2_max_sAs2p0
5415,46208.398726712,5488.775771727338,46968.10481432805,45696.04586219021,512.3528645217982,pvalloc_29nbfs_LRG2_max_sAs2p0
5416,34370.97403024925,5014.540580419725,35261.87735383624,34321.40685417595,49.567176073299834,pvalloc_29nbfs_LRG2_max_sAs2p0
5417,27440.849483759113,4820.643877261901,28494.48539829707,27440.849483759113,0.0,pvalloc_29nbfs_LRG2_max_sAs2p0
5418,11359.690811388895,5234.466857246895,13694.383456862988,11359.690811388895,0.0,pvalloc_29nbfs_LRG2_max_sAs2p0
5419,2517.3217981188914,6575.278245883294,7236.0327352483155,2517.3217981188914,0.0,pvalloc_29nbfs_LRG2_max_sAs2p0
5420,0.0,14157.211544860416,14157.211544860416,0.0,0.0,pvalloc_29nbfs_LRG2_max_sAs2p0
5421,0.0,16175.317955120869,16175.317955120869,0.0,0.0,pvalloc_29nbfs_LRG2_max_sAs2p0
5422,0.0,16617.529616008727,16617.529616008727,0.0,0.0,pvalloc_29nbfs_LRG2_max_sAs2p0
5423,0.0,15583.466132818583,15583.466132818583,0.0,0.0,pvalloc_29nbfs_LRG2_max_sAs2p0
5424,0.0,13573.678772779584,13573.678772779584,0.0,0.0,pvalloc_29nbfs_LRG2_max_sAs2p0
4920,0.0,11113.463869085279,11113.463869085279,0.0,0.0,pvalloc_29nbfs_LRG2_max_sAs4p0
4921,0.0,10737.831728562101,10737.831728562101,0.0,0.0,pvalloc_29nbfs_LRG2_max_sAs4p0
4922,0.0,10105.311448681485,10105.311448681485,0.0,0.0,pvalloc_29nbfs_LRG2_max_sAs4p0
4923,0.0,8120.094880445637,8120.094880445637,0.0,0.0,pvalloc_29nbfs_LRG2_max_sAs4p0
4924,0.0,7251.733657230992,7251.733657230992,0.0,0.0,pvalloc_29nbfs_LRG2_max_sAs4p0
4925,0.0,6971.075169345189,6971.075169345189,0.0,0.0,pvalloc_29nbfs_LRG2_max_sAs4p0
4926,823.6187857345868,3596.4004564525067,3691.067872365781,823.6187857345868,0.0,pvalloc_29nbfs_LRG2_max_sAs4p0
4927,15760.772348070972,2536.1474424699704,16268.226010450282,15760.772348070972,0.0,pvalloc_29nbfs_LRG2_max_sAs4p0
4928,35992.94309459306,2697.6738706924925,36178.3436204199,35926.22167919431,66.721415398754,pvalloc_29nbfs_LRG2_max_sAs4p0
4929,55366.15902082455,3337.713398370922,55522.15271148283,53600.57174943345,1765.5872713910958,pvalloc_29nbfs_LRG2_max_sAs4p0
4930,74387.84572856706,3562.601267945225,74501.37462884185,67095.36901970336,7292.47670886376,pvalloc_29nbfs_LRG2_max_sAs4p0
4931,89314.39586151887,4071.960106704577,89442.9853832792,75342.80332412788,13971.592537391076,pvalloc_29nbfs_LRG2_max_sAs4p0
4932,74218.25553169011,5133.236144988752,74525.82477468881,66959.20195975056,7259.053571939542,pvalloc_29nbfs_LRG2_max_sAs4p0
4933,61764.631676211866,6642.072545989079,62611.654719790524,58532.52151545079,3232.110160761059,pvalloc_29nbfs_LRG2_max_sAs4p0
4934,58389.65927054818,5487.491748121102,58933.79120075402,55849.420640791526,2540.2386297566522,pvalloc_29nbfs_LRG2_max_sAs4p0
4935,50978.75703401148,5066.559422803236,51546.77774432516,49811.17853583779,1167.578498173695,pvalloc_29nbfs_LRG2_max_sAs4p0
4936,50362.43070847292,4815.292352995168,50876.65531721924,49304.52932980159,1057.9013786713276,pvalloc_29nbfs_LRG2_max_sAs4p0
4937,34084.34661989511,4267.017233493297,34733.80383663457,34042.114617811974,42.2320020831329,pvalloc_29nbfs_LRG2_max_sAs4p0
4938,16343.363151661746,3926.4974519696375,17455.15841185173,16343.363151661746,0.0,pvalloc_29nbfs_LRG2_max_sAs4p0
4939,7179.924633762059,5152.697213866605,9873.69822762973,7179.924633762059,0.0,pvalloc_29nbfs_LRG2_max_sAs4p0
4940,296.2744567120603,8837.804844353775,8841.252210826944,296.2744567120603,0.0,pvalloc_29nbfs_LRG2_max_sAs4p0
4941,0.0,12714.325160437364,12714.325160437364,0.0,0.0,pvalloc_29nbfs_LRG2_max_sAs4p0
4942,0.0,13844.117670126652,13844.117670126652,0.0,0.0,pvalloc_29nbfs_LRG2_max_sAs4p0
4943,0.0,13190.081500942473,13190.081500942473,0.0,0.0,pvalloc_29nbfs_LRG2_max_sAs4p0
4944,0.0,15734.473543662867,15734.473543662867,0.0,0.0,pvalloc_29nbfs_LRG2_max_sAs4p0
4945,0.0,11843.652935827873,11843.652935827873,0.0,0.0,pvalloc_29nbfs_LRG2_max_sAs4p0
4946,0.0,9148.163406638316,9148.163406638316,0.0,0.0,pvalloc_29nbfs_LRG2_max_sAs4p0
4947,0.0,7889.191632688863,7889.191632688863,0.0,0.0,pvalloc_29nbfs_LRG2_max_sAs4p0
4948,0.0,7842.183829125384,7842.183829125384,0.0,0.0,pvalloc_29nbfs_LRG2_max_sAs4p0
4949,0.0,6888.334696423667,6888.334696423667,0.0,0.0,pvalloc_29nbfs_LRG2_max_sAs4p0
4950,7.648527035916274,5201.517411000828,5201.534723363782,7.648527035916274,0.0,pvalloc_29nbfs_LRG2_max_sAs4p0
4951,9123.381611195045,2539.454167201338,9969.38466572659,9123.381611195045,0.0,pvalloc_29nbfs_LRG2_max_sAs4p0
4952,30301.142729319752,2553.925534391742,30514.805575978928,30301.142729319752,0.0,pvalloc_29nbfs_LRG2_max_sAs4p0
4953,54003.0019171347,3006.45839557919,54126.95735586597,52470.351783454425,1532.6501336802735,pvalloc_29nbfs_LRG2_max_sAs4p0
4954,75421.74524445056,3368.49167279604,75517.55045869309,67727.42811712547,7694.317127325104,pvalloc_29nbfs_LRG2_max_sAs4p0
4955,86704.18554108344,3615.6286274566714,86810.82935665373,73959.14151688361,12745.044024199771,pvalloc_29nbfs_LRG2_max_sAs4p0
4956,74734.25304642259,4604.10663653028,74959.55624964695,67277.60312680894,7456.649919613626,pvalloc_29nbfs_LRG2_max_sAs4p0
4957,50049.08507531915,4867.674908280134,50564.695722194985,49061.537837204116,987.547238115033,pvalloc_29nbfs_LRG2_max_sAs4p0
4958,60894.47852558494,5005.6908713396115,61337.67248175259,57680.25202218911,3214.226503395835,pvalloc_29nbfs_LRG2_max_sAs4p0
4959,48569.762075068815,5048.4468158674445,49206.27035116933,47746.72433755634,823.0377375124759,pvalloc_29nbfs_LRG2_max_sAs4p0
4960,44654.990475849256,4723.320478206427,45271.35101075914,44235.2866516382,419.7038242110606,pvalloc_29nbfs_LRG2_max_sAs4p0
4961,35978.4774352706,4805.4357925172835,36781.959587408965,35880.761063175705,97.71637209489035,pvalloc_29nbfs_LRG2_max_sAs4p0
4962,19839.58992819884,4687.483390174492,21183.622924356005,19839.58992819884,0.0,pvalloc_29nbfs_LRG2_max_sAs4p0
4963,9129.405919577626,6050.90461176476,12243.494423421907,9129.405919577626,0.0,pvalloc_29nbfs_LRG2_max_sAs4p0
4964,3.583174471670655,11428.341964160121,11428.341964160121,3.583174471670655,0.0,pvalloc_29nbfs_LRG2_max_sAs4p0
4965,0.0,21698.62752947297,21698.62752947297,0.0,0.0,pvalloc_29nbfs_LRG2_max_sAs4p0
4966,0.0,15054.66858054885,15054.66858054885,0.0,0.0,pvalloc_29nbfs_LRG2_max_sAs4p0
4967,0.0,14761.300435221636,14761.300435221636,0.0,0.0,pvalloc_29nbfs_LRG2_max_sAs4p0
4968,0.0,12492.27995856741,12492.27995856741,0.0,0.0,pvalloc_29nbfs_LRG2_max_sAs4p0
4969,0.0,10052.532145121633,10052.532145121633,0.0,0.0,pvalloc_29nbfs_LRG2_max_sAs4p0
4970,0.0,8034.332061846784,8034.332061846784,0.0,0.0,pvalloc_29nbfs_LRG2_max_sAs4p0
4971,0.0,7219.022230515399,7219.022230515399,0.0,0.0,pvalloc_29nbfs_LRG2_max_sAs4p0
4972,0.0,6689.043790452775,6689.043790452775,0.0,0.0,pvalloc_29nbfs_LRG2_max_sAs4p0
4973,0.0,6426.52820091012,6426.52820091012,0.0,0.0,pvalloc_29nbfs_LRG2_max_sAs4p0
4974,161.0641706555318,3989.5369167131803,3991.486665053364,161.0641706555318,0.0,pvalloc_29nbfs_LRG2_max_sAs4p0
4975,10202.269597142373,2534.0062655083116,10984.95324812872,10202.269597142373,0.0,pvalloc_29nbfs_LRG2_max_sAs4p0
4976,3135.0092064223077,2922.816652870548,4786.5293599436745,3135.0092064223077,0.0,pvalloc_29nbfs_LRG2_max_sAs4p0
4977,18337.12075948691,3138.7001146116627,19029.534330973573,18337.12075948691,0.0,pvalloc_29nbfs_LRG2_max_sAs4p0
4978,36174.87485879248,3432.3626773124697,36530.7540746791,36083.528940123266,91.34591866921102,pvalloc_29nbfs_LRG2_max_sAs4p0
4979,57338.70420722128,3908.542024643915,57570.091903026456,55088.66812651609,2250.036080705164,pvalloc_29nbfs_LRG2_max_sAs4p0
4980,59620.96197002855,4677.262283593027,59967.56735084619,56856.79570394234,2764.1662660862094,pvalloc_29nbfs_LRG2_max_sAs4p0
4981,62944.336217583455,5377.456919975482,63404.17768509245,59352.972566373304,3591.3636512101475,pvalloc_29nbfs_LRG2_max_sAs4p0
4982,47634.47678694686,4925.785642461466,48237.37083044035,46947.48438416191,686.9924027849615,pvalloc_29nbfs_LRG2_max_sAs4p0
4983,52860.173857946196,5535.155472273724,53505.846166482675,51407.1663506227,1453.0075073234984,pvalloc_29nbfs_LRG2_max_sAs4p0
4984,42935.74472596653,4885.633490370802,43580.62482207204,42655.59055439187,280.1541715746527,pvalloc_29nbfs_LRG2_max_sAs4p0
4985,28496.643386830357,4366.860771323463,29330.66101382514,28496.643386830357,0.0,pvalloc_29nbfs_LRG2_max_sAs4p0
4986,22523.17676871184,4916.316083599356,23924.8171074724,22523.17676871184,0.0,pvalloc_29nbfs_LRG2_max_sAs4p0
4987,9973.433117403021,5114.497598486771,12424.144190300223,9973.433117403021,0.0,pvalloc_29nbfs_LRG2_max_sAs4p0
4988,1.733883897986611,11602.789890072987,11602.789890072987,1.733883897986611,0.0,pvalloc_29nbfs_LRG2_max_sAs4p0
4989,0.0,15306.207062822388,15306.207062822388,0.0,0.0,pvalloc_29nbfs_LRG2_max_sAs4p0
4990,0.0,18487.54111223772,18487.54111223772,0.0,0.0,pvalloc_29nbfs_LRG2_max_sAs4p0
4991,0.0,15678.910070087288,15678.910070087288,0.0,0.0,pvalloc_29nbfs_LRG2_max_sAs4p0
4992,0.0,12457.950105853319,12457.950105853319,0.0,0.0,pvalloc_29nbfs_LRG2_max_sAs4p0
4993,0.0,9566.57816566627,9566.57816566627,0.0,0.0,pvalloc_29nbfs_LRG2_max_sAs4p0
4994,0.0,8172.598108657663,8172.598108657663,0.0,0.0,pvalloc_29nbfs_LRG2_max_sAs4p0
4995,0.0,7275.373634775014,7275.373634775014,0.0,0.0,pvalloc_29nbfs_LRG2_max_sAs4p0
4996,0.0,6657.432000184344,6657.432000184344,0.0,0.0,pvalloc_29nbfs_LRG2_max_sAs4p0
4997,0.0,6227.237294939229,6227.237294939229,0.0,0.0,pvalloc_29nbfs_LRG2_max_sAs4p0
4998,409.2434398545494,3581.7259398407687,3598.6957021003045,409.2434398545494,0.0,pvalloc_29nbfs_LRG2_max_sAs4p0
4999,14922.860095517706,2526.1105998292387,15467.085378666281,14922.860095517706,0.0,pvalloc_29nbfs_LRG2_max_sAs4p0
5000,33565.86232719883,2776.320491881761,33791.499591632564,33555.36888000501,10.493447193826,pvalloc_29nbfs_LRG2_max_sAs4p0
5001,52006.362082824846,3114.250820747313,52152.535479544385,50794.55071973704,1211.811363087808,pvalloc_29nbfs_LRG2_max_sAs4p0
5002,65698.69582144967,3224.935341258796,65815.14357625882,61379.26070687668,4319.43511457293,pvalloc_29nbfs_LRG2_max_sAs4p0
5003,85562.4651513714,3939.99554511101,85686.78962401864,73402.16483492877,12160.300316442657,pvalloc_29nbfs_LRG2_max_sAs4p0
5004,83655.14235933624,4477.653714651569,83825.7451671748,72396.60929359955,11258.533065736703,pvalloc_29nbfs_LRG2_max_sAs4p0
5005,90113.39599053306,4606.11981986871,90289.68336210727,75709.32363170884,14404.07235882425,pvalloc_29nbfs_LRG2_max_sAs4p0
5006,83914.03125439103,4591.575677994486,84119.17269168982,72417.88749567521,11496.143758715802,pvalloc_29nbfs_LRG2_max_sAs4p0
5007,70141.48629387475,4609.121132756143,70402.02452083412,64294.65186849079,5846.834425383869,pvalloc_29nbfs_LRG2_max_sAs4p0
5008,55299.82188796955,4087.4296295402555,55594.454397190915,53407.65521438281,1892.1666735867498,pvalloc_29nbfs_LRG2_max_sAs4p0
5009,32728.897505437108,3834.145639596678,33276.49311594282,32720.860232134888,8.037273302219546,pvalloc_29nbfs_LRG2_max_sAs4p0
5010,13738.699946260118,3958.1524971470435,15068.460767956452,13738.699946260118,0.0,pvalloc_29nbfs_LRG2_max_sAs4p0
5011,2513.0842290441656,6084.017982045849,6860.5022280063395,2513.0842290441656,0.0,pvalloc_29nbfs_LRG2_max_sAs4p0
5012,0.024958675141344665,13827.36588154991,13827.36588154991,0.024958675141344665,0.0,pvalloc_29nbfs_LRG2_max_sAs4p0
5013,0.0,14662.181682635239,14662.181682635239,0.0,0.0,pvalloc_29nbfs_LRG2_max_sAs4p0
5014,0.0,16274.799124460178,16274.799124460178,0.0,0.0,pvalloc_29nbfs_LRG2_max_sAs4p0
5015,0.0,15624.092956490871,15624.092956490871,0.0,0.0,pvalloc_29nbfs_LRG2_max_sAs4p0
5016,0.0,12724.18576973016,12724.18576973016,0.0,0.0,pvalloc_29nbfs_LRG2_max_sAs4p0
5017,0.0,10867.074894322572,10867.074894322572,0.0,0.0,pvalloc_29nbfs_LRG2_max_sAs4p0
5018,0.0,8769.371741640622,8769.371741640622,0.0,0.0,pvalloc_29nbfs_LRG2_max_sAs4p0
5019,0.0,7592.31461024244,7592.31461024244,0.0,0.0,pvalloc_29nbfs_LRG2_max_sAs4p0
5020,0.0,6804.494587055006,6804.494587055006,0.0,0.0,pvalloc_29nbfs_LRG2_max_sAs4p0
5021,0.0,6914.447201421454,6914.447201421454,0.0,0.0,pvalloc_29nbfs_LRG2_max_sAs4p0
5022,126.5521056071016,4157.085484036203,4158.657945509689,126.5521056071016,0.0,pvalloc_29nbfs_LRG2_max_sAs4p0
5023,10440.160173044344,2564.1287988266276,11232.905017374349,10440.160173044344,0.0,pvalloc_29nbfs_LRG2_max_sAs4p0
5024,21691.042847661563,2749.249458604283,22113.084795874052,21691.042847661563,0.0,pvalloc_29nbfs_LRG2_max_sAs4p0
5025,18559.806300481854,3366.383958401632,19406.460612080926,18559.806300481854,0.0,pvalloc_29nbfs_LRG2_max_sAs4p0
5026,30573.903165467153,3798.8224341319165,31185.82091152147,30573.903165467153,0.0,pvalloc_29nbfs_LRG2_max_sAs4p0
5027,65863.06931973802,3646.276810006886,66020.9596728649,61451.61828472382,4411.451035014175,pvalloc_29nbfs_LRG2_max_sAs4p0
5028,78967.54075959674,5326.200807003898,79294.04205850376,69856.2836007438,9111.257158852919,pvalloc_29nbfs_LRG2_max_sAs4p0
5029,52060.67251658117,5045.130769837702,52594.41636572277,50733.743832045155,1326.928684536023,pvalloc_29nbfs_LRG2_max_sAs4p0
5030,22715.351759478744,5836.894133387688,24589.763630213776,22715.351759478744,0.0,pvalloc_29nbfs_LRG2_max_sAs4p0
5031,25365.263262319557,4959.805193457305,26610.9278739656,25365.263262319557,0.0,pvalloc_29nbfs_LRG2_max_sAs4p0
5032,33756.9710423381,4038.795261400797,34344.719022751655,33715.54688354157,41.424158796530435,pvalloc_29nbfs_LRG2_max_sAs4p0
5033,26712.641138452123,4129.315007993479,27517.222847001398,26712.641138452123,0.0,pvalloc_29nbfs_LRG2_max_sAs4p0
5034,16596.501834854305,4723.292253967902,18219.473905685245,16596.501834854305,0.0,pvalloc_29nbfs_LRG2_max_sAs4p0
5035,10219.110009092534,5390.536034744826,12754.602407010098,10219.110009092534,0.0,pvalloc_29nbfs_LRG2_max_sAs4p0
5036,10.548888256582023,10991.170219113274,10991.18265426243,10.548888256582023,0.0,pvalloc_29nbfs_LRG2_max_sAs4p0
5037,0.0,15623.399766375918,15623.399766375918,0.0,0.0,pvalloc_29nbfs_LRG2_max_sAs4p0
5038,0.0,16022.715362504956,16022.715362504956,0.0,0.0,pvalloc_29nbfs_LRG2_max_sAs4p0
5039,0.0,16439.75171535185,16439.75171535185,0.0,0.0,pvalloc_29nbfs_LRG2_max_sAs4p0
5040,0.0,12326.556850038327,12326.556850038327,0.0,0.0,pvalloc_29nbfs_LRG2_max_sAs4p0
5041,0.0,9488.472208125191,9488.472208125191,0.0,0.0,pvalloc_29nbfs_LRG2_max_sAs4p0
5042,0.0,8024.4353338224,8024.4353338224,0.0,0.0,pvalloc_29nbfs_LRG2_max_sAs4p0
5043,0.0,7253.657469496068,7253.657469496068,0.0,0.0,pvalloc_29nbfs_LRG2_max_sAs4p0
5044,0.0,6638.189465394041,6638.189465394041,0.0,0.0,pvalloc_29nbfs_LRG2_max_sAs4p0
5045,0.0,6441.096729282571,6441.096729282571,0.0,0.0,pvalloc_29nbfs_LRG2_max_sAs4p0
5046,127.12251433708721,4133.670980250469,4135.222269984038,127.12251433708721,0.0,pvalloc_29nbfs_LRG2_max_sAs4p0
5047,11295.343365051232,2640.823988383475,12116.109266150068,11295.343365051232,0.0,pvalloc_29nbfs_LRG2_max_sAs4p0
5048,32387.160857744282,2959.734742065724,32666.48269790759,32387.160857744282,0.0,pvalloc_29nbfs_LRG2_max_sAs4p0
5049,53143.070902677944,3327.325876872951,53311.44457473061,51765.268571982604,1377.8023306953307,pvalloc_29nbfs_LRG2_max_sAs4p0
5050,72235.77529143578,3408.9831087592515,72335.12649438556,65790.35150848437,6445.423782951506,pvalloc_29nbfs_LRG2_max_sAs4p0
5051,65843.89557689088,3813.9157006602827,66013.52491488022,61469.20492867014,4374.690648220752,pvalloc_29nbfs_LRG2_max_sAs4p0
5052,60332.39325788282,4447.679619991088,60627.38770777972,57421.34404486166,2911.0492130211474,pvalloc_29nbfs_LRG2_max_sAs4p0
5053,66919.93227271807,4710.457598639008,67207.66012573859,62169.28616214395,4750.646110574177,pvalloc_29nbfs_LRG2_max_sAs4p0
5054,68045.85912622503,4590.30295417198,68320.47007783139,62857.165967839945,5188.69315838505,pvalloc_29nbfs_LRG2_max_sAs4p0
5055,57555.623997714014,4863.0380299778735,57968.873925360575,55195.02265585851,2360.601341855509,pvalloc_29nbfs_LRG2_max_sAs4p0
5056,51406.80029490589,4304.692069080153,51767.12721301246,50217.95082742247,1188.8494674834108,pvalloc_29nbfs_LRG2_max_sAs4p0
5057,34342.99923501904,3724.8500804755763,34831.66944378919,34299.55340271109,43.4458323079412,pvalloc_29nbfs_LRG2_max_sAs4p0
5058,12128.256063819219,3720.931927884185,13405.264125256754,12128.256063819219,0.0,pvalloc_29nbfs_LRG2_max_sAs4p0
5059,6179.529891133535,4371.411435016851,8407.473177464935,6179.529891133535,0.0,pvalloc_29nbfs_LRG2_max_sAs4p0
5060,213.08328161292422,7653.803858105483,7656.394015001212,213.08328161292422,0.0,pvalloc_29nbfs_LRG2_max_sAs4p0
5061,0.0,12442.644294585474,12442.644294585474,0.0,0.0,pvalloc_29nbfs_LRG2_max_sAs4p0
5062,0.0,12652.578225358759,12652.578225358759,0.0,0.0,pvalloc_29nbfs_LRG2_max_sAs4p0
5063,0.0,12878.862779430523,12878.862779430523,0.0,0.0,pvalloc_29nbfs_LRG2_max_sAs4p0
5064,0.0,12350.75565968853,12350.75565968853,0.0,0.0,pvalloc_29nbfs_LRG2_max_sAs4p0
5065,0.0,11097.685205202353,11097.685205202353,0.0,0.0,pvalloc_29nbfs_LRG2_max_sAs4p0
5066,0.0,9294.124150992038,9294.124150992038,0.0,0.0,pvalloc_29nbfs_LRG2_max_sAs4p0
5067,0.0,7868.8472553816255,7868.8472553816255,0.0,0.0,pvalloc_29nbfs_LRG2_max_sAs4p0
5068,0.0,6865.793803809358,6865.793803809358,0.0,0.0,pvalloc_29nbfs_LRG2_max_sAs4p0
5069,0.0,7046.117084101746,7046.117084101746,0.0,0.0,pvalloc_29nbfs_LRG2_max_sAs4p0
5070,117.8699334554353,4243.280456447285,4244.727420617851,117.8699334554353,0.0,pvalloc_29nbfs_LRG2_max_sAs4p0
5071,13180.376306149765,2495.212678666332,13788.752897614058,13180.376306149765,0.0,pvalloc_29nbfs_LRG2_max_sAs4p0
5072,30180.6683652895,2796.4957435841047,30453.48559024828,30180.6683652895,0.0,pvalloc_29nbfs_LRG2_max_sAs4p0
5073,52405.17591828343,3195.8496119473175,52561.59599335771,51118.30566407945,1286.8702542039716,pvalloc_29nbfs_LRG2_max_sAs4p0
5074,69807.58399122057,3484.118363577304,69940.60279011843,64154.45726038817,5653.126730832275,pvalloc_29nbfs_LRG2_max_sAs4p0
5075,80377.7346691688,3901.809654151397,80522.27876745215,70538.88054604443,9838.854123124365,pvalloc_29nbfs_LRG2_max_sAs4p0
5076,70883.74438106421,4437.940339085057,71108.20045222029,64830.94761547762,6052.7967655864395,pvalloc_29nbfs_LRG2_max_sAs4p0
5077,62704.742493443184,4863.786800760867,63054.88192433772,59158.87751881177,3545.864974631406,pvalloc_29nbfs_LRG2_max_sAs4p0
5078,53272.54381053772,5048.20291937281,53806.54226325275,51714.86552423417,1557.6782863035587,pvalloc_29nbfs_LRG2_max_sAs4p0
5079,33083.656218498574,5064.205287994058,34065.58831610333,33055.58001263181,28.076205866758357,pvalloc_29nbfs_LRG2_max_sAs4p0
5080,36284.017326851514,4694.148636597418,37024.341612386976,36179.69553952774,104.32178732377668,pvalloc_29nbfs_LRG2_max_sAs4p0
5081,28588.53946493809,4457.248358878074,29458.810887183095,28588.53946493809,0.0,pvalloc_29nbfs_LRG2_max_sAs4p0
5082,16323.581493591319,4413.809914915566,17739.811116871217,16323.581493591319,0.0,pvalloc_29nbfs_LRG2_max_sAs4p0
5083,8592.983876784354,4733.516364179662,10816.953848214736,8592.983876784354,0.0,pvalloc_29nbfs_LRG2_max_sAs4p0
5084,45.241911282132996,9039.30805823766,9039.585068268592,45.241911282132996,0.0,pvalloc_29nbfs_LRG2_max_sAs4p0
5085,0.0,14038.884071464148,14038.884071464148,0.0,0.0,pvalloc_29nbfs_LRG2_max_sAs4p0
5086,0.0,16707.678657408913,16707.678657408913,0.0,0.0,pvalloc_29nbfs_LRG2_max_sAs4p0
5087,0.0,14798.423471834054,14798.423471834054,0.0,0.0,pvalloc_29nbfs_LRG2_max_sAs4p0
5088,0.0,12920.992928294934,12920.992928294934,0.0,0.0,pvalloc_29nbfs_LRG2_max_sAs4p0
5089,0.0,9900.944565301277,9900.944565301277,0.0,0.0,pvalloc_29nbfs_LRG2_max_sAs4p0
5090,0.0,9389.785903685057,9389.785903685057,0.0,0.0,pvalloc_29nbfs_LRG2_max_sAs4p0
5091,0.0,7401.546438254426,7401.546438254426,0.0,0.0,pvalloc_29nbfs_LRG2_max_sAs4p0
5092,0.0,6692.067790682455,6692.067790682455,0.0,0.0,pvalloc_29nbfs_LRG2_max_sAs4p0
5093,0.0,6497.448685059626,6497.448685059626,0.0,0.0,pvalloc_29nbfs_LRG2_max_sAs4p0
5094,300.49071470307445,3841.472500526531,3845.3793207529634,300.49071470307445,0.0,pvalloc_29nbfs_LRG2_max_sAs4p0
5095,14804.885090364327,2371.831638620975,15272.34580477445,14804.885090364327,0.0,pvalloc_29nbfs_LRG2_max_sAs4p0
5096,34806.52574778766,2366.6525124867158,34943.48819197341,34777.182031724384,29.34371606327437,pvalloc_29nbfs_LRG2_max_sAs4p0
5097,56894.079852866926,2793.7495415756453,56988.5750527795,54841.3582536932,2052.7215991737366,pvalloc_29nbfs_LRG2_max_sAs4p0
5098,73785.32244132881,2917.7874019030673,73861.60656599236,66754.49032566579,7030.83211566306,pvalloc_29nbfs_LRG2_max_sAs4p0
5099,89267.52485337603,3507.620927693973,89368.46124191984,75289.39439563736,13978.130457738665,pvalloc_29nbfs_LRG2_max_sAs4p0
5100,75371.79531189427,4902.9287462278535,75627.67864801362,67646.038872023,7725.756439871249,pvalloc_29nbfs_LRG2_max_sAs4p0
5101,66109.17307535783,5574.576965949214,66577.11513763844,61525.668160950605,4583.504914407185,pvalloc_29nbfs_LRG2_max_sAs4p0
5102,71193.55043820199,5661.266296450081,71656.79849609292,64857.75485579358,6335.79558240833,pvalloc_29nbfs_LRG2_max_sAs4p0
5103,64991.29230284111,5144.444677034908,65413.99711307848,60691.67194833063,4299.620354510445,pvalloc_29nbfs_LRG2_max_sAs4p0
5104,61183.982457144986,4940.659560117894,61614.26950108487,57895.51944309914,3288.4630140458553,pvalloc_29nbfs_LRG2_max_sAs4p0
5105,25872.488277395834,4797.560800054745,26938.39045725234,25872.488277395834,0.0,pvalloc_29nbfs_LRG2_max_sAs4p0
5106,6548.811036973746,5129.261500160695,9135.478193330902,6548.811036973746,0.0,pvalloc_29nbfs_LRG2_max_sAs4p0
5107,1418.6406917384447,6932.160706775124,7054.056316384771,1418.6406917384447,0.0,pvalloc_29nbfs_LRG2_max_sAs4p0
5108,0.5334636126599335,11343.933945324123,11343.933945324123,0.5334636126599335,0.0,pvalloc_29nbfs_LRG2_max_sAs4p0
5109,0.0,13173.89172578315,13173.89172578315,0.0,0.0,pvalloc_29nbfs_LRG2_max_sAs4p0
5110,0.0,13106.449704799224,13106.449704799224,0.0,0.0,pvalloc_29nbfs_LRG2_max_sAs4p0
5111,0.0,12603.245316458499,12603.245316458499,0.0,0.0,pvalloc_29nbfs_LRG2_max_sAs4p0
5112,0.0,10413.182078012227,10413.182078012227,0.0,0.0,pvalloc_29nbfs_LRG2_max_sAs4p0
5113,0.0,8993.403916155024,8993.403916155024,0.0,0.0,pvalloc_29nbfs_LRG2_max_sAs4p0
5114,0.0,7817.172615127088,7817.172615127088,0.0,0.0,pvalloc_29nbfs_LRG2_max_sAs4p0
5115,0.0,7187.960258470543,7187.960258470543,0.0,0.0,pvalloc_29nbfs_LRG2_max_sAs4p0
5116,0.0,6597.782238100716,6597.782238100716,0.0,0.0,pvalloc_29nbfs_LRG2_max_sAs4p0
5117,0.0,6653.582169584407,6653.582169584407,0.0,0.0,pvalloc_29nbfs_LRG2_max_sAs4p0
5118,143.77820566447704,4119.5331516657225,4121.2179547840215,143.77820566447704,0.0,pvalloc_29nbfs_LRG2_max_sAs4p0
5119,10269.032742310384,2358.6707135929755,10949.41364368409,10269.032742310384,0.0,pvalloc_29nbfs_LRG2_max_sAs4p0
5120,31156.304435707192,2382.3067329302644,31325.701111090206,31156.304435707192,0.0,pvalloc_29nbfs_LRG2_max_sAs4p0
5121,54453.5438858561,2713.301979556451,54550.599658828236,52866.533471471615,1587.0104143844944,pvalloc_29nbfs_LRG2_max_sAs4p0
5122,70445.59869232535,3179.327036879666,70542.22708690184,64643.00955218265,5802.589140142629,pvalloc_29nbfs_LRG2_max_sAs4p0
5123,88936.79334661154,3493.637514495621,89021.13625747069,75202.30241491566,13734.490931695902,pvalloc_29nbfs_LRG2_max_sAs4p0
5124,88527.79256819755,4691.867477310958,88693.30144485824,75035.53986875122,13492.25269944633,pvalloc_29nbfs_LRG2_max_sAs4p0
5125,88449.67493333023,5520.369564697011,88714.32883135875,74918.93761085227,13530.737322477953,pvalloc_29nbfs_LRG2_max_sAs4p0
5126,82178.9325160573,5400.968245179484,82470.55171688212,71504.58456796582,10674.34794809146,pvalloc_29nbfs_LRG2_max_sAs4p0
5127,77617.47695102722,5317.01663845847,77936.53046650015,68890.77449597964,8726.70245504757,pvalloc_29nbfs_LRG2_max_sAs4p0
5128,68745.97312332176,4485.359516453065,69004.14861339726,63350.93184870595,5395.041274615906,pvalloc_29nbfs_LRG2_max_sAs4p0
5129,50414.93933160383,4326.719872495119,50800.01103989467,49386.2955640837,1028.6437675201462,pvalloc_29nbfs_LRG2_max_sAs4p0
5130,30853.59353135608,4874.708111719631,31801.889060639347,30853.59353135608,0.0,pvalloc_29nbfs_LRG2_max_sAs4p0
5131,12202.260852001515,4979.393890078162,14327.700802978998,12202.260852001515,0.0,pvalloc_29nbfs_LRG2_max_sAs4p0
5132,1.3634681129331165,11936.686162893418,11936.686162893418,1.3634681129331165,0.0,pvalloc_29nbfs_LRG2_max_sAs4p0
5133,0.0,18228.216139042957,18228.216139042957,0.0,0.0,pvalloc_29nbfs_LRG2_max_sAs4p0
5134,0.0,18162.49636171034,18162.49636171034,0.0,0.0,pvalloc_29nbfs_LRG2_max_sAs4p0
5135,0.0,15581.301938822113,15581.301938822113,0.0,0.0,pvalloc_29nbfs_LRG2_max_sAs4p0
5136,0.0,13660.518661518498,13660.518661518498,0.0,0.0,pvalloc_29nbfs_LRG2_max_sAs4p0
5137,0.0,10358.480128423344,10358.480128423344,0.0,0.0,pvalloc_29nbfs_LRG2_max_sAs4p0
5138,0.0,8828.47113398323,8828.47113398323,0.0,0.0,pvalloc_29nbfs_LRG2_max_sAs4p0
5139,0.0,7213.798405873982,7213.798405873982,0.0,0.0,pvalloc_29nbfs_LRG2_max_sAs4p0
5140,0.0,6479.031429122139,6479.031429122139,0.0,0.0,pvalloc_29nbfs_LRG2_max_sAs4p0
5141,0.0,6403.162580960439,6403.162580960439,0.0,0.0,pvalloc_29nbfs_LRG2_max_sAs4p0
5142,125.61417902597776,4161.763059949361,4163.1431450747,125.61417902597776,0.0,pvalloc_29nbfs_LRG2_max_sAs4p0
5143,13308.136262430226,2354.854045127692,13827.715597659073,13308.136262430226,0.0,pvalloc_29nbfs_LRG2_max_sAs4p0
5144,33117.832159549485,2663.0430480674363,33316.935314713635,33117.832159549485,0.0,pvalloc_29nbfs_LRG2_max_sAs4p0
5145,53982.47362818417,3207.599916532362,54124.01167373906,52477.57116903298,1504.9024591511934,pvalloc_29nbfs_LRG2_max_sAs4p0
5146,74374.41913378525,3327.914012860753,74471.47920202436,67146.83894791525,7227.580185870044,pvalloc_29nbfs_LRG2_max_sAs4p0
5147,87661.09791054207,4249.351243911639,87785.80639765554,74618.43976790318,13042.658142638884,pvalloc_29nbfs_LRG2_max_sAs4p0
5148,83276.66676053315,5794.710779425903,83643.1818020431,72370.16128523373,10906.50547529946,pvalloc_29nbfs_LRG2_max_sAs4p0
5149,88097.52679098932,5321.404284500163,88338.11441416443,74824.24019682466,13273.286594164616,pvalloc_29nbfs_LRG2_max_sAs4p0
5150,87702.08466875216,4495.582249972375,87893.83955142966,74417.91943293704,13284.165235815111,pvalloc_29nbfs_LRG2_max_sAs4p0
5151,75872.03393947362,5024.962520229271,76142.83917182207,67933.11418208909,7938.9197573845195,pvalloc_29nbfs_LRG2_max_sAs4p0
5152,63210.69731113094,4265.274478016956,63455.854058816636,59537.0580212688,3673.639289862157,pvalloc_29nbfs_LRG2_max_sAs4p0
5153,45934.64054129424,3930.070880376728,46262.09955994859,45496.703009841076,437.937531453171,pvalloc_29nbfs_LRG2_max_sAs4p0
5154,30683.265015896595,3930.6468156082215,31271.33802197039,30683.265015896595,0.0,pvalloc_29nbfs_LRG2_max_sAs4p0
5155,10171.037719470914,5608.038160331631,12944.854457176642,10171.037719470914,0.0,pvalloc_29nbfs_LRG2_max_sAs4p0
5156,0.9937821242603091,13203.666486704484,13203.666486704484,0.9937821242603091,0.0,pvalloc_29nbfs_LRG2_max_sAs4p0
5157,0.0,16656.158247084175,16656.158247084175,0.0,0.0,pvalloc_29nbfs_LRG2_max_sAs4p0
5158,0.0,16956.66673318879,16956.66673318879,0.0,0.0,pvalloc_29nbfs_LRG2_max_sAs4p0
5159,0.0,13878.197386105796,13878.197386105796,0.0,0.0,pvalloc_29nbfs_LRG2_max_sAs4p0
5160,0.0,13359.709264488023,13359.709264488023,0.0,0.0,pvalloc_29nbfs_LRG2_max_sAs4p0
5161,0.0,9823.421723926975,9823.421723926975,0.0,0.0,pvalloc_29nbfs_LRG2_max_sAs4p0
5162,0.0,8004.918441437758,8004.918441437758,0.0,0.0,pvalloc_29nbfs_LRG2_max_sAs4p0
5163,0.0,7279.771629046192,7279.771629046192,0.0,0.0,pvalloc_29nbfs_LRG2_max_sAs4p0
5164,0.0,6702.512682378077,6702.512682378077,0.0,0.0,pvalloc_29nbfs_LRG2_max_sAs4p0
5165,0.0,6398.764586689275,6398.764586689275,0.0,0.0,pvalloc_29nbfs_LRG2_max_sAs4p0
5166,103.0869477975063,4348.8636611172005,4349.964325189454,103.0869477975063,0.0,pvalloc_29nbfs_LRG2_max_sAs4p0
5167,12662.805356728699,2548.022405038372,13328.110897778031,12662.805356728699,0.0,pvalloc_29nbfs_LRG2_max_sAs4p0
5168,33065.87071838389,2920.3460523781523,33321.225778772176,33065.87071838389,0.0,pvalloc_29nbfs_LRG2_max_sAs4p0
5169,54916.96755417063,3160.4279501435108,55049.12257247891,53242.56220189873,1674.4053522718968,pvalloc_29nbfs_LRG2_max_sAs4p0
5170,74944.22662836664,3061.174518062368,75028.56836695713,67466.72438728975,7477.502241076861,pvalloc_29nbfs_LRG2_max_sAs4p0
5171,89753.64996869452,3764.981382726791,89853.60142656803,75620.21106767534,14133.438901019173,pvalloc_29nbfs_LRG2_max_sAs4p0
5172,84037.1426847784,4277.520728381331,84196.62564789937,72608.43028722791,11428.712397550456,pvalloc_29nbfs_LRG2_max_sAs4p0
5173,78322.3961700159,4585.951895841775,78537.2660207568,69376.52261116628,8945.873558849666,pvalloc_29nbfs_LRG2_max_sAs4p0
5174,88615.92237175207,4540.582135154189,88804.33135620426,74908.38378635459,13707.538585397508,pvalloc_29nbfs_LRG2_max_sAs4p0
5175,76364.98729767569,4721.904897412418,76611.96175476293,68185.35556666553,8179.6317310101485,pvalloc_29nbfs_LRG2_max_sAs4p0
5176,61165.7713020617,4536.958581273707,61471.262065414376,57985.05628587929,3180.7150161824043,pvalloc_29nbfs_LRG2_max_sAs4p0
5177,41839.56335588854,4210.944634187572,42314.37535342577,41626.761459746114,212.8018961424276,pvalloc_29nbfs_LRG2_max_sAs4p0
5178,22925.992740632817,4132.230067626856,23846.55062178839,22925.992740632817,0.0,pvalloc_29nbfs_LRG2_max_sAs4p0
5179,9385.064414427789,4312.79468639381,11202.931027406046,9385.064414427789,0.0,pvalloc_29nbfs_LRG2_max_sAs4p0
5180,20.162857597377897,9584.000035290823,9584.156996682246,20.162857597377897,0.0,pvalloc_29nbfs_LRG2_max_sAs4p0
5181,0.0,17958.547144614713,17958.547144614713,0.0,0.0,pvalloc_29nbfs_LRG2_max_sAs4p0
5182,0.0,15508.105894089558,15508.105894089558,0.0,0.0,pvalloc_29nbfs_LRG2_max_sAs4p0
5183,0.0,14273.897403473246,14273.897403473246,0.0,0.0,pvalloc_29nbfs_LRG2_max_sAs4p0
5184,0.0,13200.332246555772,13200.332246555772,0.0,0.0,pvalloc_29nbfs_LRG2_max_sAs4p0
5185,0.0,9638.325646422078,9638.325646422078,0.0,0.0,pvalloc_29nbfs_LRG2_max_sAs4p0
5186,0.0,8321.584507793394,8321.584507793394,0.0,0.0,pvalloc_29nbfs_LRG2_max_sAs4p0
5187,0.0,7169.817360127392,7169.817360127392,0.0,0.0,pvalloc_29nbfs_LRG2_max_sAs4p0
5188,0.0,7079.928698781938,7079.928698781938,0.0,0.0,pvalloc_29nbfs_LRG2_max_sAs4p0
5189,0.0,6529.334832922408,6529.334832922408,0.0,0.0,pvalloc_29nbfs_LRG2_max_sAs4p0
5190,43.78781813976377,4768.18519161641,4768.681573812174,43.78781813976377,0.0,pvalloc_29nbfs_LRG2_max_sAs4p0
5191,10377.86859789049,2502.257244806058,11128.212117018986,10377.86859789049,0.0,pvalloc_29nbfs_LRG2_max_sAs4p0
5192,27611.62375074121,2856.989824244247,27933.676666826777,27611.62375074121,0.0,pvalloc_29nbfs_LRG2_max_sAs4p0
5193,49193.73669979164,3114.7818469413983,49348.446113556245,48455.553894811324,738.1828049803039,pvalloc_29nbfs_LRG2_max_sAs4p0
5194,62319.630497755184,3395.630202601581,62453.842599734795,58964.88707622639,3354.74342152878,pvalloc_29nbfs_LRG2_max_sAs4p0
5195,70876.42741388263,4074.316383747143,71045.06119744669,64935.882537551726,5940.544876330927,pvalloc_29nbfs_LRG2_max_sAs4p0
5196,68349.60905929537,5045.480137379673,68686.37755680681,63283.56147281519,5066.0475864801865,pvalloc_29nbfs_LRG2_max_sAs4p0
5197,72580.65934899889,4919.249376650327,72855.61666137991,65917.5939607454,6663.065388253384,pvalloc_29nbfs_LRG2_max_sAs4p0
5198,71330.78205031369,5430.985756601232,71701.75907335235,65105.02832783162,6225.753722482067,pvalloc_29nbfs_LRG2_max_sAs4p0
5199,70440.01929786743,4903.297134169033,70739.02195167125,64492.426890199546,5947.592407667865,pvalloc_29nbfs_LRG2_max_sAs4p0
5200,42354.03845201785,3815.0460923322316,42724.979498694156,42120.79781935822,233.2406326596323,pvalloc_29nbfs_LRG2_max_sAs4p0
5201,27215.220129699614,3804.9197655804314,27862.229080233345,27215.220129699614,0.0,pvalloc_29nbfs_LRG2_max_sAs4p0
5202,13099.356403307409,4327.795899903563,14761.017500586848,13099.356403307409,0.0,pvalloc_29nbfs_LRG2_max_sAs4p0
5203,8221.442699315987,4806.914079104792,10540.391201580118,8221.442699315987,0.0,pvalloc_29nbfs_LRG2_max_sAs4p0
5204,0.0,15090.727599488766,15090.727599488766,0.0,0.0,pvalloc_29nbfs_LRG2_max_sAs4p0
5205,0.0,15791.348827533153,15791.348827533153,0.0,0.0,pvalloc_29nbfs_LRG2_max_sAs4p0
5206,0.0,15247.75572798058,15247.75572798058,0.0,0.0,pvalloc_29nbfs_LRG2_max_sAs4p0
5207,0.0,15008.22525066832,15008.22525066832,0.0,0.0,pvalloc_29nbfs_LRG2_max_sAs4p0
5208,0.0,12069.433844123947,12069.433844123947,0.0,0.0,pvalloc_29nbfs_LRG2_max_sAs4p0
5209,0.0,11145.876780548273,11145.876780548273,0.0,0.0,pvalloc_29nbfs_LRG2_max_sAs4p0
5210,0.0,8940.899584908117,8940.899584908117,0.0,0.0,pvalloc_29nbfs_LRG2_max_sAs4p0
5211,0.0,7874.895807358424,7874.895807358424,0.0,0.0,pvalloc_29nbfs_LRG2_max_sAs4p0
5212,0.0,7043.644556647981,7043.644556647981,0.0,0.0,pvalloc_29nbfs_LRG2_max_sAs4p0
5213,0.0,7125.558647681808,7125.558647681808,0.0,0.0,pvalloc_29nbfs_LRG2_max_sAs4p0
5214,3.6096344292121643,5734.065866734997,5734.137550030811,3.6096344292121643,0.0,pvalloc_29nbfs_LRG2_max_sAs4p0
5215,1654.6307056701926,3024.149031406945,3676.612123797409,1654.6307056701926,0.0,pvalloc_29nbfs_LRG2_max_sAs4p0
5216,6111.908678720176,2945.4739337269298,7459.013230843838,6111.908678720176,0.0,pvalloc_29nbfs_LRG2_max_sAs4p0
5217,12204.997612655734,3187.825971594091,13274.692063073298,12204.997612655734,0.0,pvalloc_29nbfs_LRG2_max_sAs4p0
5218,23893.238905479022,3307.3658261843943,24453.417226351496,23893.238905479022,0.0,pvalloc_29nbfs_LRG2_max_sAs4p0
5219,28431.50994334311,3945.9270977680267,29099.970678838064,28431.50994334311,0.0,pvalloc_29nbfs_LRG2_max_sAs4p0
5220,21053.75679741455,5082.511557666177,22718.037179603707,21053.75679741455,0.0,pvalloc_29nbfs_LRG2_max_sAs4p0
5221,45697.479738260154,4532.316330220248,46203.96266002518,45242.61846192101,454.86127633915356,pvalloc_29nbfs_LRG2_max_sAs4p0
5222,60416.28225199807,4698.695375006715,60771.162624367586,57380.373248929915,3035.9090030681555,pvalloc_29nbfs_LRG2_max_sAs4p0
5223,47444.40618837096,4724.601124375608,47962.98466863534,46827.65812586078,616.7480625101741,pvalloc_29nbfs_LRG2_max_sAs4p0
5224,47801.80819001589,4121.248395254566,48168.70644646152,47161.24013542791,640.5680545879735,pvalloc_29nbfs_LRG2_max_sAs4p0
5225,35800.70698973562,4199.490813994067,36375.86019780707,35732.41138889439,68.29560084122556,pvalloc_29nbfs_LRG2_max_sAs4p0
5226,24956.86190334891,4094.3032717805963,25776.98778087313,24956.86190334891,0.0,pvalloc_29nbfs_LRG2_max_sAs4p0
5227,10271.069974778471,4774.00246297964,12373.573979575149,10271.069974778471,0.0,pvalloc_29nbfs_LRG2_max_sAs4p0
5228,0.2477358678561736,12343.482458632974,12343.482458632974,0.2477358678561736,0.0,pvalloc_29nbfs_LRG2_max_sAs4p0
5229,0.0,17463.78761121696,17463.78761121696,0.0,0.0,pvalloc_29nbfs_LRG2_max_sAs4p0
5230,0.0,16776.245765136617,16776.245765136617,0.0,0.0,pvalloc_29nbfs_LRG2_max_sAs4p0
5231,0.0,13863.094861205216,13863.094861205216,0.0,0.0,pvalloc_29nbfs_LRG2_max_sAs4p0
5232,0.0,12379.083196074876,12379.083196074876,0.0,0.0,pvalloc_29nbfs_LRG2_max_sAs4p0
5233,0.0,10840.796451126309,10840.796451126309,0.0,0.0,pvalloc_29nbfs_LRG2_max_sAs4p0
5234,0.0,8839.193140860434,8839.193140860434,0.0,0.0,pvalloc_29nbfs_LRG2_max_sAs4p0
5235,0.0,7691.549078353808,7691.549078353808,0.0,0.0,pvalloc_29nbfs_LRG2_max_sAs4p0
5236,0.0,6881.188714069509,6881.188714069509,0.0,0.0,pvalloc_29nbfs_LRG2_max_sAs4p0
5237,0.0,7020.828203404439,7020.828203404439,0.0,0.0,pvalloc_29nbfs_LRG2_max_sAs4p0
5238,66.5469601812082,4740.908989189919,4741.59335200712,66.5469601812082,0.0,pvalloc_29nbfs_LRG2_max_sAs4p0
5239,11462.232857405872,2608.64011630376,12193.505269210442,11462.232857405872,0.0,pvalloc_29nbfs_LRG2_max_sAs4p0
5240,24406.881729649915,2926.8003495003904,24811.45675594282,24406.881729649915,0.0,pvalloc_29nbfs_LRG2_max_sAs4p0
5241,48304.141230127534,3153.0013742233323,48469.34087269668,47670.5996526633,633.5415774642404,pvalloc_29nbfs_LRG2_max_sAs4p0
5242,62261.216587331895,3597.429384920323,62414.30518132977,58919.91608200558,3341.3005053263073,pvalloc_29nbfs_LRG2_max_sAs4p0
5243,68816.54556409642,3909.5264428483806,68982.924086103,63524.38940642294,5292.156157673524,pvalloc_29nbfs_LRG2_max_sAs4p0
5244,56479.884771463294,4417.742615013536,56796.36788875783,54424.09939073216,2055.785380731143,pvalloc_29nbfs_LRG2_max_sAs4p0
5245,54910.88618970687,4932.270239343676,55360.748244159804,53134.38096758157,1776.50522212531,pvalloc_29nbfs_LRG2_max_sAs4p0
5246,51250.4534451376,4986.4814384736865,51798.25414310486,50044.96006871787,1205.4933764197337,pvalloc_29nbfs_LRG2_max_sAs4p0
5247,50994.55549200576,4681.045520196617,51469.685042407524,49843.94298597043,1150.612506035337,pvalloc_29nbfs_LRG2_max_sAs4p0
5248,43370.555432917856,4129.271588545403,43827.15967119896,43073.14927283193,297.4061600859262,pvalloc_29nbfs_LRG2_max_sAs4p0
5249,35402.973567112655,4003.6463481195447,35937.82373493848,35341.45785565649,61.51571145616117,pvalloc_29nbfs_LRG2_max_sAs4p0
5250,18125.71869201169,4538.887471767012,19492.526646462567,18125.71869201169,0.0,pvalloc_29nbfs_LRG2_max_sAs4p0
5251,8334.940278430364,5134.082278650245,10855.199984512503,8334.940278430364,0.0,pvalloc_29nbfs_LRG2_max_sAs4p0
5252,0.0,19000.100591300677,19000.100591300677,0.0,0.0,pvalloc_29nbfs_LRG2_max_sAs4p0
5253,0.0,19290.580116971658,19290.580116971658,0.0,0.0,pvalloc_29nbfs_LRG2_max_sAs4p0
5254,0.0,16835.26838147422,16835.26838147422,0.0,0.0,pvalloc_29nbfs_LRG2_max_sAs4p0
5255,0.0,14924.78827852718,14924.78827852718,0.0,0.0,pvalloc_29nbfs_LRG2_max_sAs4p0
5256,0.0,13381.168060104117,13381.168060104117,0.0,0.0,pvalloc_29nbfs_LRG2_max_sAs4p0
5257,0.0,10539.960012448035,10539.960012448035,0.0,0.0,pvalloc_29nbfs_LRG2_max_sAs4p0
5258,0.0,8429.066249258418,8429.066249258418,0.0,0.0,pvalloc_29nbfs_LRG2_max_sAs4p0
5259,0.0,7662.686930720702,7662.686930720702,0.0,0.0,pvalloc_29nbfs_LRG2_max_sAs4p0
5260,0.0,6987.5697160524915,6987.5697160524915,0.0,0.0,pvalloc_29nbfs_LRG2_max_sAs4p0
5261,0.0,6946.060646242225,6946.060646242225,0.0,0.0,pvalloc_29nbfs_LRG2_max_sAs4p0
5262,58.791882466820766,4987.468891590368,4988.091960517513,58.791882466820766,0.0,pvalloc_29nbfs_LRG2_max_sAs4p0
5263,12690.820950821826,2562.95051028919,13329.549399476482,12690.820950821826,0.0,pvalloc_29nbfs_LRG2_max_sAs4p0
5264,33507.96620185805,2855.923357984155,33743.96143010609,33503.95428310565,4.0119187523974915,pvalloc_29nbfs_LRG2_max_sAs4p0
5265,56202.585666618426,2947.0176030192715,56315.18479669,54280.66809590842,1921.917570710008,pvalloc_29nbfs_LRG2_max_sAs4p0
5266,75230.6262872427,3724.1807256003804,75347.428897469,67682.42163116219,7548.204656080516,pvalloc_29nbfs_LRG2_max_sAs4p0
5267,88833.61124765412,4799.891194054181,89003.86982460323,75239.71516996116,13593.896077692965,pvalloc_29nbfs_LRG2_max_sAs4p0
5268,86127.02195568032,5847.823697744466,86461.22489395991,73819.89358686302,12307.1283688172,pvalloc_29nbfs_LRG2_max_sAs4p0
5269,91024.2233321918,5814.373056847966,91313.50548838086,76240.72942730144,14783.49390489038,pvalloc_29nbfs_LRG2_max_sAs4p0
5270,91509.5998982584,5228.389878327345,91778.90510601741,76218.20808856681,15291.39180969152,pvalloc_29nbfs_LRG2_max_sAs4p0
5271,83052.46455243311,5019.988409802839,83314.25052163971,71929.33120353508,11123.133348898042,pvalloc_29nbfs_LRG2_max_sAs4p0
5272,69195.38007704903,4778.319442898873,69483.12602489171,63665.72734337163,5529.652733677378,pvalloc_29nbfs_LRG2_max_sAs4p0
5273,52127.80511119765,4342.688132370842,52503.37170727307,50812.597713195,1315.2073980026503,pvalloc_29nbfs_LRG2_max_sAs4p0
5274,31264.62619670843,4442.960016178522,32028.767427680436,31264.62619670843,0.0,pvalloc_29nbfs_LRG2_max_sAs4p0
5275,12675.701228225284,4709.241255368305,14449.071632933566,12675.701228225284,0.0,pvalloc_29nbfs_LRG2_max_sAs4p0
5276,0.001144878417680309,16108.027228745355,16108.027228745355,0.001144878417680309,0.0,pvalloc_29nbfs_LRG2_max_sAs4p0
5277,0.0,16661.54003587522,16661.54003587522,0.0,0.0,pvalloc_29nbfs_LRG2_max_sAs4p0
5278,0.0,16071.87963882066,16071.87963882066,0.0,0.0,pvalloc_29nbfs_LRG2_max_sAs4p0
5279,0.0,16513.615011586437,16513.615011586437,0.0,0.0,pvalloc_29nbfs_LRG2_max_sAs4p0
5280,0.0,14223.402737580196,14223.402737580196,0.0,0.0,pvalloc_29nbfs_LRG2_max_sAs4p0
5281,0.0,10189.901163932847,10189.901163932847,0.0,0.0,pvalloc_29nbfs_LRG2_max_sAs4p0
5282,0.0,9219.908618123189,9219.908618123189,0.0,0.0,pvalloc_29nbfs_LRG2_max_sAs4p0
5283,0.0,8077.212368111326,8077.212368111326,0.0,0.0,pvalloc_29nbfs_LRG2_max_sAs4p0
5284,0.0,7416.388772703772,7416.388772703772,0.0,0.0,pvalloc_29nbfs_LRG2_max_sAs4p0
5285,0.0,7104.393955178766,7104.393955178766,0.0,0.0,pvalloc_29nbfs_LRG2_max_sAs4p0
5286,19.594252273589372,5505.371930351576,5505.634459086213,19.594252273589372,0.0,pvalloc_29nbfs_LRG2_max_sAs4p0
5287,11800.257753225716,2604.490479462205,12507.045829833309,11800.257753225716,0.0,pvalloc_29nbfs_LRG2_max_sAs4p0
5288,33674.462287462244,2762.6363768464144,33890.26869927959,33668.11827880534,6.344008656892981,pvalloc_29nbfs_LRG2_max_sAs4p0
5289,55889.723000641105,2764.8186869501424,55990.75987572572,54027.35440724231,1862.3685933987927,pvalloc_29nbfs_LRG2_max_sAs4p0
5290,74188.13557900378,3621.1934035451072,74298.14403973406,67055.93642968663,7132.199149317047,pvalloc_29nbfs_LRG2_max_sAs4p0
5291,90222.05191020403,4049.624798751082,90344.52684048757,75841.78034700491,14380.271563199149,pvalloc_29nbfs_LRG2_max_sAs4p0
5292,85620.05483258051,5618.687961447721,85921.42129519426,73556.16856630285,12063.886266277666,pvalloc_29nbfs_LRG2_max_sAs4p0
5293,91373.42191516822,5532.553255791078,91633.08099749214,76304.78264342876,15068.639271739417,pvalloc_29nbfs_LRG2_max_sAs4p0
5294,86752.25575142195,6652.282723875883,87208.31994742648,73909.90013065458,12842.355620767414,pvalloc_29nbfs_LRG2_max_sAs4p0
5295,80012.31073262256,6058.202216228882,80434.56132872662,70227.97606883675,9784.334663785756,pvalloc_29nbfs_LRG2_max_sAs4p0
5296,65448.12643343804,6116.163574127217,66036.37969051316,61109.0946178508,4339.0318155872255,pvalloc_29nbfs_LRG2_max_sAs4p0
5297,49698.952230911746,5438.9777088272485,50390.2309344655,48726.133706916546,972.8185239951965,pvalloc_29nbfs_LRG2_max_sAs4p0
5298,29310.908881714364,5433.13102737277,30515.258108838556,29310.908881714364,0.0,pvalloc_29nbfs_LRG2_max_sAs4p0
5299,8809.581766824043,6468.594332202855,12180.577007263002,8809.581766824043,0.0,pvalloc_29nbfs_LRG2_max_sAs4p0
5300,0.006800150706788702,16915.023699066223,16915.023699066223,0.006800150706788702,0.0,pvalloc_29nbfs_LRG2_max_sAs4p0
5301,0.0,19664.8737674663,19664.8737674663,0.0,0.0,pvalloc_29nbfs_LRG2_max_sAs4p0
5302,0.0,21717.297616531436,21717.297616531436,0.0,0.0,pvalloc_29nbfs_LRG2_max_sAs4p0
5303,0.0,17214.825474050005,17214.825474050005,0.0,0.0,pvalloc_29nbfs_LRG2_max_sAs4p0
5304,0.0,12578.207549128694,12578.207549128694,0.0,0.0,pvalloc_29nbfs_LRG2_max_sAs4p0
5305,0.0,10294.109997870488,10294.109997870488,0.0,0.0,pvalloc_29nbfs_LRG2_max_sAs4p0
5306,0.0,8325.709247505114,8325.709247505114,0.0,0.0,pvalloc_29nbfs_LRG2_max_sAs4p0
5307,0.0,7293.515981600716,7293.515981600716,0.0,0.0,pvalloc_29nbfs_LRG2_max_sAs4p0
5308,0.0,6735.77447883469,6735.77447883469,0.0,0.0,pvalloc_29nbfs_LRG2_max_sAs4p0
5309,0.0,6710.483943585054,6710.483943585054,0.0,0.0,pvalloc_29nbfs_LRG2_max_sAs4p0
5310,30.28657619262685,4984.851317601168,4985.236443041841,30.28657619262685,0.0,pvalloc_29nbfs_LRG2_max_sAs4p0
5311,11752.366477391313,2510.544108780398,12419.906944848843,11752.366477391313,0.0,pvalloc_29nbfs_LRG2_max_sAs4p0
5312,32871.66418185712,2874.191419190469,33120.36838875303,32871.66418185712,0.0,pvalloc_29nbfs_LRG2_max_sAs4p0
5313,54819.13144521227,3219.60839088832,54959.684498868584,53153.635166905464,1665.4962783067863,pvalloc_29nbfs_LRG2_max_sAs4p0
5314,74962.9118191557,3688.513427694864,75088.89379417915,67485.42234739162,7477.489471764019,pvalloc_29nbfs_LRG2_max_sAs4p0
5315,91197.38302427658,3849.54902573005,91309.99327876137,76297.34547008181,14900.037554194805,pvalloc_29nbfs_LRG2_max_sAs4p0
5316,85241.25074719786,5912.741404350889,85591.1053209219,73338.75200980471,11902.498737393125,pvalloc_29nbfs_LRG2_max_sAs4p0
5317,90965.97768297198,5414.898399191298,91205.82167477133,76182.27850944543,14783.699173526536,pvalloc_29nbfs_LRG2_max_sAs4p0
5318,88570.0403887268,5552.751468911756,88841.68526640795,74907.11940254566,13662.920986181132,pvalloc_29nbfs_LRG2_max_sAs4p0
5319,82024.85641427753,4916.794441733443,82258.25748588507,71431.0851934374,10593.77122084013,pvalloc_29nbfs_LRG2_max_sAs4p0
5320,67943.3341325421,4825.435749296604,68241.12886800931,62836.16948219103,5107.164650351122,pvalloc_29nbfs_LRG2_max_sAs4p0
5321,50060.83035907407,4697.238876115858,50518.10993138715,49099.75525174552,961.0751073285506,pvalloc_29nbfs_LRG2_max_sAs4p0
5322,31970.50787133771,3954.670003700468,32564.6319762516,31970.50787133771,0.0,pvalloc_29nbfs_LRG2_max_sAs4p0
5323,10837.752891452266,4742.334648348087,12904.601087612005,10837.752891452266,0.0,pvalloc_29nbfs_LRG2_max_sAs4p0
5324,0.6190629343953278,11780.388079603495,11780.388079603495,0.6190629343953278,0.0,pvalloc_29nbfs_LRG2_max_sAs4p0
5325,0.0,17798.4514230697,17798.4514230697,0.0,0.0,pvalloc_29nbfs_LRG2_max_sAs4p0
5326,0.0,19605.334016129706,19605.334016129706,0.0,0.0,pvalloc_29nbfs_LRG2_max_sAs4p0
5327,0.0,17993.3392447101,17993.3392447101,0.0,0.0,pvalloc_29nbfs_LRG2_max_sAs4p0
5328,0.0,14499.905393880887,14499.905393880887,0.0,0.0,pvalloc_29nbfs_LRG2_max_sAs4p0
5329,0.0,10706.798579119697,10706.798579119697,0.0,0.0,pvalloc_29nbfs_LRG2_max_sAs4p0
5330,0.0,8691.305275136961,8691.305275136961,0.0,0.0,pvalloc_29nbfs_LRG2_max_sAs4p0
5331,0.0,7299.838339654399,7299.838339654399,0.0,0.0,pvalloc_29nbfs_LRG2_max_sAs4p0
5332,0.0,6942.4868277889755,6942.4868277889755,0.0,0.0,pvalloc_29nbfs_LRG2_max_sAs4p0
5333,0.0,6828.1340130815815,6828.1340130815815,0.0,0.0,pvalloc_29nbfs_LRG2_max_sAs4p0
5334,10.225690947563496,5417.786127224362,5417.921717804764,10.225690947563496,0.0,pvalloc_29nbfs_LRG2_max_sAs4p0
5335,10506.056605406104,2805.754624390158,11439.249392727923,10506.056605406104,0.0,pvalloc_29nbfs_LRG2_max_sAs4p0
5336,31590.377692306745,3234.258416375348,31945.326467862367,31590.377692306745,0.0,pvalloc_29nbfs_LRG2_max_sAs4p0
5337,53930.153231662385,3412.4529666492467,54098.44178502025,52415.424016497374,1514.729215165012,pvalloc_29nbfs_LRG2_max_sAs4p0
5338,73878.9946005908,3725.3397949805412,74006.38611160136,66834.93799511921,7044.0566054716155,pvalloc_29nbfs_LRG2_max_sAs4p0
5339,89053.50274814676,4022.8559490258535,89170.89133603137,75278.08746458536,13775.415283561382,pvalloc_29nbfs_LRG2_max_sAs4p0
5340,84367.63209449037,5739.866137209854,84715.98389699966,72964.43725901557,11403.194835474827,pvalloc_29nbfs_LRG2_max_sAs4p0
5341,88666.03310524015,5708.312598447901,88956.43863149801,75098.87607459832,13567.157030641809,pvalloc_29nbfs_LRG2_max_sAs4p0
5342,85478.14000930412,6552.191424627519,85935.4096855278,73432.80364548955,12045.336363814542,pvalloc_29nbfs_LRG2_max_sAs4p0
5343,80357.47019508352,5458.920982125165,80667.22392872804,70487.04187648972,9870.428318593793,pvalloc_29nbfs_LRG2_max_sAs4p0
5344,68389.53276500547,4524.157448710913,68647.29041562957,63128.082240037096,5261.450524968385,pvalloc_29nbfs_LRG2_max_sAs4p0
5345,48968.859950170125,4481.2540258153595,49391.33989725584,48177.93716911688,790.922781053247,pvalloc_29nbfs_LRG2_max_sAs4p0
5346,29292.85056648835,4463.86254104239,30120.144869163854,29292.85056648835,0.0,pvalloc_29nbfs_LRG2_max_sAs4p0
5347,7443.839573471164,6365.361390552279,10946.87572375219,7443.839573471164,0.0,pvalloc_29nbfs_LRG2_max_sAs4p0
5348,0.0,15989.657712948896,15989.657712948896,0.0,0.0,pvalloc_29nbfs_LRG2_max_sAs4p0
5349,0.0,16826.71504393423,16826.71504393423,0.0,0.0,pvalloc_29nbfs_LRG2_max_sAs4p0
5350,0.0,17455.218388780384,17455.218388780384,0.0,0.0,pvalloc_29nbfs_LRG2_max_sAs4p0
5351,0.0,17312.601875985754,17312.601875985754,0.0,0.0,pvalloc_29nbfs_LRG2_max_sAs4p0
5352,0.0,14414.143741518079,14414.143741518079,0.0,0.0,pvalloc_29nbfs_LRG2_max_sAs4p0
5353,0.0,9954.17201230051,9954.17201230051,0.0,0.0,pvalloc_29nbfs_LRG2_max_sAs4p0
5354,0.0,8448.308232531268,8448.308232531268,0.0,0.0,pvalloc_29nbfs_LRG2_max_sAs4p0
5355,0.0,7461.470557932398,7461.470557932398,0.0,0.0,pvalloc_29nbfs_LRG2_max_sAs4p0
5356,0.0,6904.553782501744,6904.553782501744,0.0,0.0,pvalloc_29nbfs_LRG2_max_sAs4p0
5357,0.0,6785.528064411385,6785.528064411385,0.0,0.0,pvalloc_29nbfs_LRG2_max_sAs4p0
5358,16.174580997365616,5398.0369789240785,5398.2669428002355,16.174580997365616,0.0,pvalloc_29nbfs_LRG2_max_sAs4p0
5359,10623.000129461852,2700.29746123299,11465.427388235055,10623.000129461852,0.0,pvalloc_29nbfs_LRG2_max_sAs4p0
5360,31817.508969205348,3036.40896048142,32118.056813082858,31817.508969205348,0.0,pvalloc_29nbfs_LRG2_max_sAs4p0
5361,51631.58873732463,4021.3559967669544,51935.25055501495,50508.19683805257,1123.3918992720598,pvalloc_29nbfs_LRG2_max_sAs4p0
5362,72716.92440199126,4119.283662091849,72880.76031895218,66134.73101492548,6582.193387065809,pvalloc_29nbfs_LRG2_max_sAs4p0
5363,86940.63935950927,4994.413148930266,87148.8875660478,74313.05412539514,12627.585234114109,pvalloc_29nbfs_LRG2_max_sAs4p0
5364,84895.68365752579,5829.299955704658,85256.56838139327,73248.48606676071,11647.19759076507,pvalloc_29nbfs_LRG2_max_sAs4p0
5365,87849.29324638093,6393.657561636473,88282.50533490152,74768.18025395127,13081.112992429595,pvalloc_29nbfs_LRG2_max_sAs4p0
5366,90081.52180711122,5273.29986230678,90319.60986109934,75673.09522163487,14408.426585476333,pvalloc_29nbfs_LRG2_max_sAs4p0
5367,81539.0495205226,4898.266244594955,81765.61426296236,71190.90447217174,10348.145048350874,pvalloc_29nbfs_LRG2_max_sAs4p0
5368,67790.43669148764,4601.101082774658,68046.74644994429,62798.77283801565,4991.663853472083,pvalloc_29nbfs_LRG2_max_sAs4p0
5369,48932.06019561505,4696.5230964192815,49395.1864084262,48170.144048659145,761.9161469559031,pvalloc_29nbfs_LRG2_max_sAs4p0
5370,28010.914088385518,4838.5594598604075,29077.81045323252,28010.914088385518,0.0,pvalloc_29nbfs_LRG2_max_sAs4p0
5371,9368.118911639991,5176.325091607694,11828.607938054494,9368.118911639991,0.0,pvalloc_29nbfs_LRG2_max_sAs4p0
5372,0.0,16855.742259611125,16855.742259611125,0.0,0.0,pvalloc_29nbfs_LRG2_max_sAs4p0
5373,0.0,17345.89249504484,17345.89249504484,0.0,0.0,pvalloc_29nbfs_LRG2_max_sAs4p0
5374,0.0,16579.522190389725,16579.522190389725,0.0,0.0,pvalloc_29nbfs_LRG2_max_sAs4p0
5375,0.0,15251.4463649937,15251.4463649937,0.0,0.0,pvalloc_29nbfs_LRG2_max_sAs4p0
5376,0.0,13188.262672566276,13188.262672566276,0.0,0.0,pvalloc_29nbfs_LRG2_max_sAs4p0
5377,0.0,11323.925666493667,11323.925666493667,0.0,0.0,pvalloc_29nbfs_LRG2_max_sAs4p0
5378,0.0,9734.491596408214,9734.491596408214,0.0,0.0,pvalloc_29nbfs_LRG2_max_sAs4p0
5379,0.0,8493.11069650855,8493.11069650855,0.0,0.0,pvalloc_29nbfs_LRG2_max_sAs4p0
5380,0.0,7434.25510738279,7434.25510738279,0.0,0.0,pvalloc_29nbfs_LRG2_max_sAs4p0
5381,0.0,7087.350693282779,7087.350693282779,0.0,0.0,pvalloc_29nbfs_LRG2_max_sAs4p0
5382,6.514937609922594,5749.399686970458,5749.499077780299,6.514937609922594,0.0,pvalloc_29nbfs_LRG2_max_sAs4p0
5383,10253.985731170947,2774.4640567976962,11158.30543219073,10253.985731170947,0.0,pvalloc_29nbfs_LRG2_max_sAs4p0
5384,32071.966888214858,2885.465186870675,32339.82585289628,32071.966888214858,0.0,pvalloc_29nbfs_LRG2_max_sAs4p0
5385,54203.82480415138,3220.8269011536877,54349.300597514455,52636.20597331061,1567.6188308407704,pvalloc_29nbfs_LRG2_max_sAs4p0
5386,72808.67148476996,3904.9672035988588,72948.2871951266,66184.11575221154,6624.555732558315,pvalloc_29nbfs_LRG2_max_sAs4p0
5387,88424.60815332906,4434.517889888836,88572.36106544071,74963.00338334046,13461.604769988622,pvalloc_29nbfs_LRG2_max_sAs4p0
5388,85516.61864617014,5516.58276710818,85801.10020612471,73486.85001612545,12029.76863004467,pvalloc_29nbfs_LRG2_max_sAs4p0
5389,89250.7093124695,5835.246990850176,89552.7970640014,75340.11990660938,13910.589405860113,pvalloc_29nbfs_LRG2_max_sAs4p0
5390,85617.50404527475,6239.483084536436,86006.6689224171,73449.85272242551,12167.651322849279,pvalloc_29nbfs_LRG2_max_sAs4p0
5391,78821.11703716175,5603.673912509947,79157.29246955768,69672.68201512635,9148.435022035355,pvalloc_29nbfs_LRG2_max_sAs4p0
5392,64780.45399462877,5314.259007873459,65189.07191504551,60738.70523369,4041.7487609387717,pvalloc_29nbfs_LRG2_max_sAs4p0
5393,45999.92870874013,5337.974889221269,46711.59799684925,45555.15818174052,444.77052699960797,pvalloc_29nbfs_LRG2_max_sAs4p0
5394,27032.959015487788,4953.708685277657,28199.156943667804,27032.959015487788,0.0,pvalloc_29nbfs_LRG2_max_sAs4p0
5395,6321.758913084034,7005.600492249382,10430.458038553159,6321.758913084034,0.0,pvalloc_29nbfs_LRG2_max_sAs4p0
5396,0.0,17145.843500901683,17145.843500901683,0.0,0.0,pvalloc_29nbfs_LRG2_max_sAs4p0
5397,0.0,18592.212130355496,18592.212130355496,0.0,0.0,pvalloc_29nbfs_LRG2_max_sAs4p0
5398,0.0,17959.280865600802,17959.280865600802,0.0,0.0,pvalloc_29nbfs_LRG2_max_sAs4p0
5399,0.0,15321.147510146637,15321.147510146637,0.0,0.0,pvalloc_29nbfs_LRG2_max_sAs4p0
5400,0.0,13722.161589340783,13722.161589340783,0.0,0.0,pvalloc_29nbfs_LRG2_max_sAs4p0
5401,0.0,10430.229263731497,10430.229263731497,0.0,0.0,pvalloc_29nbfs_LRG2_max_sAs4p0
5402,0.0,8829.571873465273,8829.571873465273,0.0,0.0,pvalloc_29nbfs_LRG2_max_sAs4p0
5403,0.0,7657.188196967488,7657.188196967488,0.0,0.0,pvalloc_29nbfs_LRG2_max_sAs4p0
5404,0.0,7455.696363549953,7455.696363549953,0.0,0.0,pvalloc_29nbfs_LRG2_max_sAs4p0
5405,0.0,7031.549107246735,7031.549107246735,0.0,0.0,pvalloc_29nbfs_LRG2_max_sAs4p0
5406,1.9963346145865029,6089.670900536092,6089.718251528622,1.9963346145865029,0.0,pvalloc_29nbfs_LRG2_max_sAs4p0
5407,10246.833115286072,2615.8573150305606,11050.62467961249,10246.833115286072,0.0,pvalloc_29nbfs_LRG2_max_sAs4p0
5408,29306.915293616436,3028.8959822864135,29645.951466929462,29306.915293616436,0.0,pvalloc_29nbfs_LRG2_max_sAs4p0
5409,48766.892485406766,3991.1556136092668,49083.664520312304,48072.86741439952,694.0250710072448,pvalloc_29nbfs_LRG2_max_sAs4p0
5410,67050.60018422523,3842.5907988668378,67212.3379579678,62350.85102808125,4699.7491561438765,pvalloc_29nbfs_LRG2_max_sAs4p0
5411,74851.26518870408,4142.077901452241,75023.27302030398,67358.68548318541,7492.579705518726,pvalloc_29nbfs_LRG2_max_sAs4p0
5412,63308.991157010336,5462.248967367669,63788.88928968856,59684.99307582142,3623.998081188949,pvalloc_29nbfs_LRG2_max_sAs4p0
5413,62775.581340112374,6093.536497442052,63405.97935387965,59237.48980667383,3538.091533438533,pvalloc_29nbfs_LRG2_max_sAs4p0
5414,57278.59283611237,6035.128600289157,58002.263403583325,54907.99653609308,2370.5963000192887,pvalloc_29nbfs_LRG2_max_sAs4p0
5415,46208.24442874327,5488.116147614098,46967.30116667266,45695.877038128885,512.3673906143943,pvalloc_29nbfs_LRG2_max_sAs4p0
5416,34371.113910459106,5014.325660172301,35261.58123790333,34321.47270482952,49.641205629581066,pvalloc_29nbfs_LRG2_max_sAs4p0
5417,27440.901089193318,4820.398356036046,28493.887818120656,27440.901089193318,0.0,pvalloc_29nbfs_LRG2_max_sAs4p0
5418,11359.678710168217,5234.33112446238,13693.152203292611,11359.678710168217,0.0,pvalloc_29nbfs_LRG2_max_sAs4p0
5419,2517.4549329425245,6575.434854330155,7235.938009237963,2517.4549329425245,0.0,pvalloc_29nbfs_LRG2_max_sAs4p0
5420,0.0,14157.241973242719,14157.241973242719,0.0,0.0,pvalloc_29nbfs_LRG2_max_sAs4p0
5421,0.0,16175.31795512087,16175.31795512087,0.0,0.0,pvalloc_29nbfs_LRG2_max_sAs4p0
5422,0.0,16617.529616008727,16617.529616008727,0.0,0.0,pvalloc_29nbfs_LRG2_max_sAs4p0
5423,0.0,15583.466132818583,15583.466132818583,0.0,0.0,pvalloc_29nbfs_LRG2_max_sAs4p0
5424,0.0,13573.678772779585,13573.678772779585,0.0,0.0,pvalloc_29nbfs_LRG2_max_sAs4p0
4920,0.0,11113.463869085279,11113.463869085279,0.0,0.0,pvalloc_29nbfs_LRG2_max_sAs6p0
4921,0.0,10737.831728562105,10737.831728562105,0.0,0.0,pvalloc_29nbfs_LRG2_max_sAs6p0
4922,0.0,10105.311448681487,10105.311448681487,0.0,0.0,pvalloc_29nbfs_LRG2_max_sAs6p0
4923,0.0,8120.094880445638,8120.094880445638,0.0,0.0,pvalloc_29nbfs_LRG2_max_sAs6p0
4924,0.0,7251.733657230993,7251.733657230993,0.0,0.0,pvalloc_29nbfs_LRG2_max_sAs6p0
4925,0.0,6971.075169345191,6971.075169345191,0.0,0.0,pvalloc_29nbfs_LRG2_max_sAs6p0
4926,823.5126236664552,3595.97096784936,3690.604252875056,823.5126236664552,0.0,pvalloc_29nbfs_LRG2_max_sAs6p0
4927,15762.162911842293,2536.179471020978,16269.466001163968,15762.162911842293,0.0,pvalloc_29nbfs_LRG2_max_sAs6p0
4928,35995.65266851201,2697.6738706924925,36180.768184692504,35928.85758016119,66.79508835082049,pvalloc_29nbfs_LRG2_max_sAs6p0
4929,55370.254189361476,3337.7133983709223,55525.78385619623,53603.06185178567,1767.1923375758022,pvalloc_29nbfs_LRG2_max_sAs6p0
4930,74393.19357296916,3562.601267945225,74506.5517726569,67095.89561096841,7297.297962000748,pvalloc_29nbfs_LRG2_max_sAs6p0
4931,89320.75435754303,4071.960106704577,89449.14051632819,75341.90440029102,13978.849957252023,pvalloc_29nbfs_LRG2_max_sAs6p0
4932,74223.80383359942,5133.236144988752,74530.64340224164,66959.71453096517,7264.089302634291,pvalloc_29nbfs_LRG2_max_sAs6p0
4933,61769.63466015997,6642.072545989079,62616.21337812853,58533.28753064738,3236.347129512591,pvalloc_29nbfs_LRG2_max_sAs6p0
4934,58394.15737598226,5487.491748121102,58937.456097112874,55852.00913667175,2542.148239310507,pvalloc_29nbfs_LRG2_max_sAs6p0
4935,50982.682956573626,5066.559422803236,51549.78402644549,49813.23902238662,1169.4439341870134,pvalloc_29nbfs_LRG2_max_sAs6p0
4936,50366.26671298153,4815.292352995168,50879.75184282096,49306.59869661301,1059.6680163685328,pvalloc_29nbfs_LRG2_max_sAs6p0
4937,34087.12202040016,4267.074249850198,34736.39971652183,34044.811781691074,42.31023870907916,pvalloc_29nbfs_LRG2_max_sAs6p0
4938,16344.788100985344,3926.415342177485,17456.476345686937,16344.788100985344,0.0,pvalloc_29nbfs_LRG2_max_sAs6p0
4939,7180.769538498056,5152.452530671211,9874.65945021706,7180.769538498056,0.0,pvalloc_29nbfs_LRG2_max_sAs6p0
4940,296.20228788632835,8837.25854159115,8840.70590806432,296.20228788632835,0.0,pvalloc_29nbfs_LRG2_max_sAs6p0
4941,0.0,12714.325160437364,12714.325160437364,0.0,0.0,pvalloc_29nbfs_LRG2_max_sAs6p0
4942,0.0,13844.11767012665,13844.11767012665,0.0,0.0,pvalloc_29nbfs_LRG2_max_sAs6p0
4943,0.0,13190.081500942473,13190.081500942473,0.0,0.0,pvalloc_29nbfs_LRG2_max_sAs6p0
4944,0.0,15734.473543662867,15734.473543662867,0.0,0.0,pvalloc_29nbfs_LRG2_max_sAs6p0
4945,0.0,11843.652935827873,11843.652935827873,0.0,0.0,pvalloc_29nbfs_LRG2_max_sAs6p0
4946,0.0,9148.163406638314,9148.163406638314,0.0,0.0,pvalloc_29nbfs_LRG2_max_sAs6p0
4947,0.0,7889.191632688864,7889.191632688864,0.0,0.0,pvalloc_29nbfs_LRG2_max_sAs6p0
4948,0.0,7842.183829125384,7842.183829125384,0.0,0.0,pvalloc_29nbfs_LRG2_max_sAs6p0
4949,0.0,6888.334696423667,6888.334696423667,0.0,0.0,pvalloc_29nbfs_LRG2_max_sAs6p0
4950,7.639912363001087,5201.358267487854,5201.375579850808,7.639912363001087,0.0,pvalloc_29nbfs_LRG2_max_sAs6p0
4951,9124.34813524446,2539.487835334757,9970.34083685157,9124.34813524446,0.0,pvalloc_29nbfs_LRG2_max_sAs6p0
4952,30303.45935056941,2553.925534391742,30516.653198452168,30303.45935056941,0.0,pvalloc_29nbfs_LRG2_max_sAs6p0
4953,54006.950497407255,3006.4583955791904,54130.5785999705,52472.45640404542,1534.4940933618282,pvalloc_29nbfs_LRG2_max_sAs6p0
4954,75427.13363128954,3368.49167279604,75522.76649732386,67727.95373022795,7699.179901061581,pvalloc_29nbfs_LRG2_max_sAs6p0
4955,86710.30031638817,3615.628627456672,86816.83058646088,73958.5921033674,12751.70821302076,pvalloc_29nbfs_LRG2_max_sAs6p0
4956,74739.76481503026,4604.10663653028,74964.441718651,67278.08417654033,7461.680638490008,pvalloc_29nbfs_LRG2_max_sAs6p0
4957,50052.96401811905,4867.674908280134,50567.837110740205,49063.56517986002,989.3988382590179,pvalloc_29nbfs_LRG2_max_sAs6p0
4958,60898.99978372991,5005.690871339612,61341.32242549874,57680.88098296018,3218.118800769735,pvalloc_29nbfs_LRG2_max_sAs6p0
4959,48573.55426474995,5048.519351004016,49209.80201214262,47750.32295507883,823.2313096711136,pvalloc_29nbfs_LRG2_max_sAs6p0
4960,44658.478039365495,4723.38880866597,45274.587347119756,44238.30009852601,420.1779408394837,pvalloc_29nbfs_LRG2_max_sAs6p0
4961,35981.405491776575,4805.494124236253,36784.4220664835,35883.60466256888,97.80082920768785,pvalloc_29nbfs_LRG2_max_sAs6p0
4962,19841.356522733302,4687.406793981529,21185.105717811995,19841.356522733302,0.0,pvalloc_29nbfs_LRG2_max_sAs6p0
4963,9130.715030067435,6050.86775897527,12244.889857895318,9130.715030067435,0.0,pvalloc_29nbfs_LRG2_max_sAs6p0
4964,3.5892652452212657,11428.05315186982,11428.05315186982,3.5892652452212657,0.0,pvalloc_29nbfs_LRG2_max_sAs6p0
4965,0.0,21698.627529472968,21698.627529472968,0.0,0.0,pvalloc_29nbfs_LRG2_max_sAs6p0
4966,0.0,15054.668580548849,15054.668580548849,0.0,0.0,pvalloc_29nbfs_LRG2_max_sAs6p0
4967,0.0,14761.300435221636,14761.300435221636,0.0,0.0,pvalloc_29nbfs_LRG2_max_sAs6p0
4968,0.0,12492.279958567413,12492.279958567413,0.0,0.0,pvalloc_29nbfs_LRG2_max_sAs6p0
4969,0.0,10052.532145121633,10052.532145121633,0.0,0.0,pvalloc_29nbfs_LRG2_max_sAs6p0
4970,0.0,8034.332061846784,8034.332061846784,0.0,0.0,pvalloc_29nbfs_LRG2_max_sAs6p0
4971,0.0,7219.022230515399,7219.022230515399,0.0,0.0,pvalloc_29nbfs_LRG2_max_sAs6p0
4972,0.0,6689.043790452775,6689.043790452775,0.0,0.0,pvalloc_29nbfs_LRG2_max_sAs6p0
4973,0.0,6426.528200910121,6426.528200910121,0.0,0.0,pvalloc_29nbfs_LRG2_max_sAs6p0
4974,161.0542490172405,3989.3005374311733,3991.250285771356,161.0542490172405,0.0,pvalloc_29nbfs_LRG2_max_sAs6p0
4975,10203.276159754449,2534.006520204012,10985.864022118729,10203.276159754449,0.0,pvalloc_29nbfs_LRG2_max_sAs6p0
4976,3134.7718462405705,2922.0255432662607,4786.547211394004,3134.7718462405705,0.0,pvalloc_29nbfs_LRG2_max_sAs6p0
4977,18338.767956797758,3138.733914902159,19031.06717647735,18338.767956797758,0.0,pvalloc_29nbfs_LRG2_max_sAs6p0
4978,36177.68392568252,3432.3626773124693,36533.03298984278,36086.25336193275,91.43056374976567,pvalloc_29nbfs_LRG2_max_sAs6p0
4979,57342.95668912586,3908.5420246439144,57573.859527889945,55091.064333523405,2251.8923556024633,pvalloc_29nbfs_LRG2_max_sAs6p0
4980,59625.47360489087,4677.262283593027,59971.49690474313,56857.46733146907,2768.006273421798,pvalloc_29nbfs_LRG2_max_sAs6p0
4981,62949.1697509784,5377.456919975482,63408.51441802105,59353.90437770687,3595.2653732715216,pvalloc_29nbfs_LRG2_max_sAs6p0
4982,47638.21885016526,4925.856183346628,48240.78953922874,46950.976039115696,687.2428110495713,pvalloc_29nbfs_LRG2_max_sAs6p0
4983,52864.34870265459,5535.155472273724,53509.28798498086,51409.33543772552,1455.0132649290786,pvalloc_29nbfs_LRG2_max_sAs6p0
4984,42939.18527143235,4885.6334903708,43583.58327562693,42658.340550520275,280.8447209120793,pvalloc_29nbfs_LRG2_max_sAs6p0
4985,28499.08737365288,4366.910412793043,29332.81078079539,28499.08737365288,0.0,pvalloc_29nbfs_LRG2_max_sAs6p0
4986,22525.416050309985,4916.4435862706105,23926.733613181954,22525.416050309985,0.0,pvalloc_29nbfs_LRG2_max_sAs6p0
4987,9974.826593381456,5114.568741520026,12425.807613025396,9974.826593381456,0.0,pvalloc_29nbfs_LRG2_max_sAs6p0
4988,1.7429843579333926,11602.467750960705,11602.467750960705,1.7429843579333926,0.0,pvalloc_29nbfs_LRG2_max_sAs6p0
4989,0.0,15306.207062822388,15306.207062822388,0.0,0.0,pvalloc_29nbfs_LRG2_max_sAs6p0
4990,0.0,18487.541112237723,18487.541112237723,0.0,0.0,pvalloc_29nbfs_LRG2_max_sAs6p0
4991,0.0,15678.910070087288,15678.910070087288,0.0,0.0,pvalloc_29nbfs_LRG2_max_sAs6p0
4992,0.0,12457.950105853317,12457.950105853317,0.0,0.0,pvalloc_29nbfs_LRG2_max_sAs6p0
4993,0.0,9566.57816566627,9566.57816566627,0.0,0.0,pvalloc_29nbfs_LRG2_max_sAs6p0
4994,0.0,8172.598108657664,8172.598108657664,0.0,0.0,pvalloc_29nbfs_LRG2_max_sAs6p0
4995,0.0,7275.373634775014,7275.373634775014,0.0,0.0,pvalloc_29nbfs_LRG2_max_sAs6p0
4996,0.0,6657.432000184344,6657.432000184344,0.0,0.0,pvalloc_29nbfs_LRG2_max_sAs6p0
4997,0.0,6227.237294939229,6227.237294939229,0.0,0.0,pvalloc_29nbfs_LRG2_max_sAs6p0
4998,409.2049836125921,3581.3996315595036,3598.34244635011,409.2049836125921,0.0,pvalloc_29nbfs_LRG2_max_sAs6p0
4999,14924.20814104613,2526.141750144815,15468.341402933096,14924.20814104613,0.0,pvalloc_29nbfs_LRG2_max_sAs6p0
5000,33568.41859462199,2776.320491881761,33793.491639472355,33557.854713873254,10.563880748735869,pvalloc_29nbfs_LRG2_max_sAs6p0
5001,52010.18446257585,3114.250820747313,52156.032726846584,50796.61770877233,1213.5667538035125,pvalloc_29nbfs_LRG2_max_sAs6p0
5002,65703.41284617267,3224.9353412587966,65819.70907539701,61380.27203257491,4323.140813597731,pvalloc_29nbfs_LRG2_max_sAs6p0
5003,85568.57339137324,3939.99554511101,85692.70036734927,73401.62255358644,12166.950837786813,pvalloc_29nbfs_LRG2_max_sAs6p0
5004,83661.20537278645,4477.653714651569,83831.3005115484,72396.27073554303,11264.934637243412,pvalloc_29nbfs_LRG2_max_sAs6p0
5005,90119.85507645992,4606.119819868709,90295.9355517672,75708.41204487403,14411.443031585852,pvalloc_29nbfs_LRG2_max_sAs6p0
5006,83920.05041615518,4591.575677994485,84125.01303397935,72417.55552249822,11502.494893656873,pvalloc_29nbfs_LRG2_max_sAs6p0
5007,70146.60520829874,4609.121132756143,70406.72255970308,64295.49348594892,5851.111722349844,pvalloc_29nbfs_LRG2_max_sAs6p0
5008,55303.889947375916,4087.429629540256,55597.69372302698,53409.84827487651,1894.0416724993968,pvalloc_29nbfs_LRG2_max_sAs6p0
5009,32731.526660963358,3834.199445415639,33278.95040815854,32723.46748920192,8.05917176143555,pvalloc_29nbfs_LRG2_max_sAs6p0
5010,13740.087498662557,3958.162450337922,15069.789949284424,13740.087498662557,0.0,pvalloc_29nbfs_LRG2_max_sAs6p0
5011,2512.5458915157255,6082.739025162599,6860.156806266659,2512.5458915157255,0.0,pvalloc_29nbfs_LRG2_max_sAs6p0
5012,0.024958675141344665,13827.216051205469,13827.216051205469,0.024958675141344665,0.0,pvalloc_29nbfs_LRG2_max_sAs6p0
5013,0.0,14662.18168263524,14662.18168263524,0.0,0.0,pvalloc_29nbfs_LRG2_max_sAs6p0
5014,0.0,16274.79912446018,16274.79912446018,0.0,0.0,pvalloc_29nbfs_LRG2_max_sAs6p0
5015,0.0,15624.092956490873,15624.092956490873,0.0,0.0,pvalloc_29nbfs_LRG2_max_sAs6p0
5016,0.0,12724.18576973016,12724.18576973016,0.0,0.0,pvalloc_29nbfs_LRG2_max_sAs6p0
5017,0.0,10867.074894322572,10867.074894322572,0.0,0.0,pvalloc_29nbfs_LRG2_max_sAs6p0
5018,0.0,8769.371741640622,8769.371741640622,0.0,0.0,pvalloc_29nbfs_LRG2_max_sAs6p0
5019,0.0,7592.31461024244,7592.31461024244,0.0,0.0,pvalloc_29nbfs_LRG2_max_sAs6p0
5020,0.0,6804.494587055006,6804.494587055006,0.0,0.0,pvalloc_29nbfs_LRG2_max_sAs6p0
5021,0.0,6914.447201421453,6914.447201421453,0.0,0.0,pvalloc_29nbfs_LRG2_max_sAs6p0
5022,126.51218111903397,4156.811389522999,4158.383850996484,126.51218111903397,0.0,pvalloc_29nbfs_LRG2_max_sAs6p0
5023,10441.182059411707,2564.12092987191,11233.839802951723,10441.182059411707,0.0,pvalloc_29nbfs_LRG2_max_sAs6p0
5024,21692.870649556902,2749.2855133424778,22114.872774119984,21692.870649556902,0.0,pvalloc_29nbfs_LRG2_max_sAs6p0
5025,18561.64786640331,3366.5268851954897,19407.93027635357,18561.64786640331,0.0,pvalloc_29nbfs_LRG2_max_sAs6p0
5026,30576.472952040567,3798.8224341319146,31188.048379046108,30576.472952040567,0.0,pvalloc_29nbfs_LRG2_max_sAs6p0
5027,65867.8503668707,3646.276810006887,66025.38717437533,61452.54504208077,4415.305324789958,pvalloc_29nbfs_LRG2_max_sAs6p0
5028,78973.49355970784,5326.200807003898,79299.52431246845,69855.80129075192,9117.692268955974,pvalloc_29nbfs_LRG2_max_sAs6p0
5029,52064.72759908666,5045.130769837702,52597.72341669083,50735.77117297794,1328.9564261087212,pvalloc_29nbfs_LRG2_max_sAs6p0
5030,22717.50203003691,5836.837244680867,24591.82721459302,22717.50203003691,0.0,pvalloc_29nbfs_LRG2_max_sAs6p0
5031,25367.503737237428,4959.777415796069,26612.856558040934,25367.503737237428,0.0,pvalloc_29nbfs_LRG2_max_sAs6p0
5032,33759.7089193225,4038.846438688028,34347.39942958501,33718.20206095819,41.50685836430614,pvalloc_29nbfs_LRG2_max_sAs6p0
5033,26714.95076887048,4129.360905412195,27519.35746234991,26714.95076887048,0.0,pvalloc_29nbfs_LRG2_max_sAs6p0
5034,16598.215929195823,4723.327623959195,18221.175949160857,16598.215929195823,0.0,pvalloc_29nbfs_LRG2_max_sAs6p0
5035,10220.367124137805,5390.468255846932,12756.043590956499,10220.367124137805,0.0,pvalloc_29nbfs_LRG2_max_sAs6p0
5036,10.563763766924575,10990.818001969632,10990.830437118788,10.563763766924575,0.0,pvalloc_29nbfs_LRG2_max_sAs6p0
5037,0.0,15623.399766375918,15623.399766375918,0.0,0.0,pvalloc_29nbfs_LRG2_max_sAs6p0
5038,0.0,16022.715362504956,16022.715362504956,0.0,0.0,pvalloc_29nbfs_LRG2_max_sAs6p0
5039,0.0,16439.75171535185,16439.75171535185,0.0,0.0,pvalloc_29nbfs_LRG2_max_sAs6p0
5040,0.0,12326.556850038325,12326.556850038325,0.0,0.0,pvalloc_29nbfs_LRG2_max_sAs6p0
5041,0.0,9488.472208125191,9488.472208125191,0.0,0.0,pvalloc_29nbfs_LRG2_max_sAs6p0
5042,0.0,8024.4353338224,8024.4353338224,0.0,0.0,pvalloc_29nbfs_LRG2_max_sAs6p0
5043,0.0,7253.657469496068,7253.657469496068,0.0,0.0,pvalloc_29nbfs_LRG2_max_sAs6p0
5044,0.0,6638.189465394041,6638.189465394041,0.0,0.0,pvalloc_29nbfs_LRG2_max_sAs6p0
5045,0.0,6441.096729282571,6441.096729282571,0.0,0.0,pvalloc_29nbfs_LRG2_max_sAs6p0
5046,127.06599646009191,4133.370569357317,4134.921859090886,127.06599646009191,0.0,pvalloc_29nbfs_LRG2_max_sAs6p0
5047,11296.470590572091,2640.8343370702655,12117.152251004207,11296.470590572091,0.0,pvalloc_29nbfs_LRG2_max_sAs6p0
5048,32389.70295699113,2959.734742065724,32668.806429958197,32389.70295699113,0.0,pvalloc_29nbfs_LRG2_max_sAs6p0
5049,53147.03260367683,3327.3258768729506,53314.88502234799,51767.43429882515,1379.598304851661,pvalloc_29nbfs_LRG2_max_sAs6p0
5050,72240.98112078411,3408.9831087592515,72340.2131645966,65790.96684614301,6450.014274641206,pvalloc_29nbfs_LRG2_max_sAs6p0
5051,65848.70712295048,3813.9157006602827,66017.94766407613,61470.217153317804,4378.489969632673,pvalloc_29nbfs_LRG2_max_sAs6p0
5052,60336.92916859479,4447.679619991088,60631.348818170845,57422.03486429246,2914.8943043023305,pvalloc_29nbfs_LRG2_max_sAs6p0
5053,66924.91119056051,4710.457598639008,67212.06686653983,62170.390024141336,4754.521166419173,pvalloc_29nbfs_LRG2_max_sAs6p0
5054,68050.82747807985,4590.30295417198,68325.08894540287,62858.52312351499,5192.30435456476,pvalloc_29nbfs_LRG2_max_sAs6p0
5055,57559.957352608224,4863.038029977873,57972.39692314849,55197.54269275567,2362.4146598525626,pvalloc_29nbfs_LRG2_max_sAs6p0
5056,51410.67426932798,4304.692069080153,51770.20563780486,50220.0426507901,1190.6316185378862,pvalloc_29nbfs_LRG2_max_sAs6p0
5057,34345.71722163086,3724.9067798908686,34834.141237256714,34302.19568533463,43.52153629623672,pvalloc_29nbfs_LRG2_max_sAs6p0
5058,12129.427282064646,3720.8751216738947,13406.334183049317,12129.427282064646,0.0,pvalloc_29nbfs_LRG2_max_sAs6p0
5059,6179.437539582534,4370.433586310312,8407.552143375846,6179.437539582534,0.0,pvalloc_29nbfs_LRG2_max_sAs6p0
5060,213.08935258284134,7653.505468048293,7656.0956249440205,213.08935258284134,0.0,pvalloc_29nbfs_LRG2_max_sAs6p0
5061,0.0,12442.644294585474,12442.644294585474,0.0,0.0,pvalloc_29nbfs_LRG2_max_sAs6p0
5062,0.0,12652.578225358759,12652.578225358759,0.0,0.0,pvalloc_29nbfs_LRG2_max_sAs6p0
5063,0.0,12878.862779430521,12878.862779430521,0.0,0.0,pvalloc_29nbfs_LRG2_max_sAs6p0
5064,0.0,12350.75565968853,12350.75565968853,0.0,0.0,pvalloc_29nbfs_LRG2_max_sAs6p0
5065,0.0,11097.685205202353,11097.685205202353,0.0,0.0,pvalloc_29nbfs_LRG2_max_sAs6p0
5066,0.0,9294.124150992036,9294.124150992036,0.0,0.0,pvalloc_29nbfs_LRG2_max_sAs6p0
5067,0.0,7868.8472553816255,7868.8472553816255,0.0,0.0,pvalloc_29nbfs_LRG2_max_sAs6p0
5068,0.0,6865.793803809358,6865.793803809358,0.0,0.0,pvalloc_29nbfs_LRG2_max_sAs6p0
5069,0.0,7046.117084101743,7046.117084101743,0.0,0.0,pvalloc_29nbfs_LRG2_max_sAs6p0
5070,117.81405255532825,4242.989589116234,4244.4365532868,117.81405255532825,0.0,pvalloc_29nbfs_LRG2_max_sAs6p0
5071,13181.577738508307,2495.2141371042226,13789.880406674207,13181.577738508307,0.0,pvalloc_29nbfs_LRG2_max_sAs6p0
5072,30183.014237534102,2796.4957435841047,30455.354151380583,30183.014237534102,0.0,pvalloc_29nbfs_LRG2_max_sAs6p0
5073,52409.018319920535,3195.8496119473175,52565.12943909281,51120.39640275182,1288.6219171687019,pvalloc_29nbfs_LRG2_max_sAs6p0
5074,69812.58687533528,3484.118363577304,69945.4454285819,64155.31436980742,5657.27250552775,pvalloc_29nbfs_LRG2_max_sAs6p0
5075,80383.4712588864,3901.809654151395,80527.83103622893,70538.49626246178,9844.974996424566,pvalloc_29nbfs_LRG2_max_sAs6p0
5076,70888.93363770538,4437.9403390850575,71112.944603246,64831.1679989028,6057.765638802541,pvalloc_29nbfs_LRG2_max_sAs6p0
5077,62709.45550236397,4863.786800760867,63059.00715544877,59159.83942422464,3549.616078139323,pvalloc_29nbfs_LRG2_max_sAs6p0
5078,53276.60034545322,5048.20291937281,53809.64822166408,51716.977254144214,1559.6230913089998,pvalloc_29nbfs_LRG2_max_sAs6p0
5079,33086.507113391504,5064.260138137253,34068.219413800056,33058.34653472332,28.160578668191135,pvalloc_29nbfs_LRG2_max_sAs6p0
5080,36286.99378553393,4694.206789483207,37027.09984730675,36182.58492144747,104.40886408646088,pvalloc_29nbfs_LRG2_max_sAs6p0
5081,28591.008514991983,4457.298997473359,29461.093276214124,28591.008514991983,0.0,pvalloc_29nbfs_LRG2_max_sAs6p0
5082,16325.192425188474,4413.823614490943,17741.34386575636,16325.192425188474,0.0,pvalloc_29nbfs_LRG2_max_sAs6p0
5083,8593.75854780625,4733.176719365463,10817.875084571146,8593.75854780625,0.0,pvalloc_29nbfs_LRG2_max_sAs6p0
5084,45.19917232577709,9038.97764167946,9039.25465171039,45.19917232577709,0.0,pvalloc_29nbfs_LRG2_max_sAs6p0
5085,0.0,14038.884071464148,14038.884071464148,0.0,0.0,pvalloc_29nbfs_LRG2_max_sAs6p0
5086,0.0,16707.67865740891,16707.67865740891,0.0,0.0,pvalloc_29nbfs_LRG2_max_sAs6p0
5087,0.0,14798.423471834056,14798.423471834056,0.0,0.0,pvalloc_29nbfs_LRG2_max_sAs6p0
5088,0.0,12920.992928294932,12920.992928294932,0.0,0.0,pvalloc_29nbfs_LRG2_max_sAs6p0
5089,0.0,9900.944565301277,9900.944565301277,0.0,0.0,pvalloc_29nbfs_LRG2_max_sAs6p0
5090,0.0,9389.78590368506,9389.78590368506,0.0,0.0,pvalloc_29nbfs_LRG2_max_sAs6p0
5091,0.0,7401.546438254426,7401.546438254426,0.0,0.0,pvalloc_29nbfs_LRG2_max_sAs6p0
5092,0.0,6692.067790682455,6692.067790682455,0.0,0.0,pvalloc_29nbfs_LRG2_max_sAs6p0
5093,0.0,6497.448685059626,6497.448685059626,0.0,0.0,pvalloc_29nbfs_LRG2_max_sAs6p0
5094,300.4783326536426,3841.2645297631248,3845.1718361369035,300.4783326536426,0.0,pvalloc_29nbfs_LRG2_max_sAs6p0
5095,14806.142181066638,2371.858854388653,15273.457290346212,14806.142181066638,0.0,pvalloc_29nbfs_LRG2_max_sAs6p0
5096,34809.047500602144,2366.652512486716,34945.786992605674,34779.63897128081,29.40852932134385,pvalloc_29nbfs_LRG2_max_sAs6p0
5097,56898.0937146108,2793.749541575645,56992.455171044174,54843.972679738705,2054.121034872103,pvalloc_29nbfs_LRG2_max_sAs6p0
5098,73790.41652667118,2917.7874019030673,73866.61108208465,66755.61049393719,7034.80603273409,pvalloc_29nbfs_LRG2_max_sAs6p0
5099,89273.63082523434,3507.620927693973,89374.46039744158,75289.01542416576,13984.6154010685,pvalloc_29nbfs_LRG2_max_sAs6p0
5100,75377.21953472163,4902.9287462278535,75632.62217973302,67646.36963105842,7730.849903663319,pvalloc_29nbfs_LRG2_max_sAs6p0
5101,66114.06319931625,5574.576965949215,66580.96097131509,61527.34876358673,4586.714435729566,pvalloc_29nbfs_LRG2_max_sAs6p0
5102,71198.71355689447,5661.266296450083,71660.81193340471,64859.79698492828,6338.916571966119,pvalloc_29nbfs_LRG2_max_sAs6p0
5103,64995.99524353051,5144.444677034909,65417.74062643593,60693.58512741763,4302.410116112899,pvalloc_29nbfs_LRG2_max_sAs6p0
5104,61188.389695029255,4940.659560117894,61617.982131540375,57896.725323179795,3291.6643718494743,pvalloc_29nbfs_LRG2_max_sAs6p0
5105,25874.574943985775,4797.477909836312,26940.315745923992,25874.574943985775,0.0,pvalloc_29nbfs_LRG2_max_sAs6p0
5106,6547.7527292276245,5127.380784787187,9134.35006101631,6547.7527292276245,0.0,pvalloc_29nbfs_LRG2_max_sAs6p0
5107,1418.5085110078148,6931.5509249862325,7053.310886022255,1418.5085110078148,0.0,pvalloc_29nbfs_LRG2_max_sAs6p0
5108,0.5371958726973733,11343.801231268239,11343.801231268239,0.5371958726973733,0.0,pvalloc_29nbfs_LRG2_max_sAs6p0
5109,0.0,13173.891725783153,13173.891725783153,0.0,0.0,pvalloc_29nbfs_LRG2_max_sAs6p0
5110,0.0,13106.449704799224,13106.449704799224,0.0,0.0,pvalloc_29nbfs_LRG2_max_sAs6p0
5111,0.0,12603.245316458499,12603.245316458499,0.0,0.0,pvalloc_29nbfs_LRG2_max_sAs6p0
5112,0.0,10413.182078012227,10413.182078012227,0.0,0.0,pvalloc_29nbfs_LRG2_max_sAs6p0
5113,0.0,8993.403916155024,8993.403916155024,0.0,0.0,pvalloc_29nbfs_LRG2_max_sAs6p0
5114,0.0,7817.172615127089,7817.172615127089,0.0,0.0,pvalloc_29nbfs_LRG2_max_sAs6p0
5115,0.0,7187.960258470543,7187.960258470543,0.0,0.0,pvalloc_29nbfs_LRG2_max_sAs6p0
5116,0.0,6597.782238100715,6597.782238100715,0.0,0.0,pvalloc_29nbfs_LRG2_max_sAs6p0
5117,0.0,6653.5821695844115,6653.5821695844115,0.0,0.0,pvalloc_29nbfs_LRG2_max_sAs6p0
5118,143.7356461629071,4119.320183832977,4121.004986951276,143.7356461629071,0.0,pvalloc_29nbfs_LRG2_max_sAs6p0
5119,10269.97496662116,2358.636428470613,10950.227728571204,10269.97496662116,0.0,pvalloc_29nbfs_LRG2_max_sAs6p0
5120,31158.62228460095,2382.306732930265,31327.53225843066,31158.62228460095,0.0,pvalloc_29nbfs_LRG2_max_sAs6p0
5121,54457.39009348341,2713.301979556452,54554.317905028685,52868.81866112338,1588.5714323600298,pvalloc_29nbfs_LRG2_max_sAs6p0
5122,70450.58045116591,3179.327036879667,70547.12048120343,64644.203792395565,5806.376658770403,pvalloc_29nbfs_LRG2_max_sAs6p0
5123,88942.94054003563,3493.6375144956214,89027.23537068101,75201.91158002586,13741.028960009851,pvalloc_29nbfs_LRG2_max_sAs6p0
5124,88534.07081458588,4691.867477310958,88699.02328210913,75035.0714487769,13498.999365808872,pvalloc_29nbfs_LRG2_max_sAs6p0
5125,88456.03372142342,5520.369564697012,88720.08498718025,74918.55008586292,13537.483635560517,pvalloc_29nbfs_LRG2_max_sAs6p0
5126,82184.8716270157,5400.968245179484,82475.96928903897,71504.5954267977,10680.276200217959,pvalloc_29nbfs_LRG2_max_sAs6p0
5127,77623.04902525716,5317.01663845847,77941.57002523274,68890.3808459526,8732.668179304615,pvalloc_29nbfs_LRG2_max_sAs6p0
5128,68750.8606506669,4485.359516453065,69008.64003340142,63352.62817484179,5398.2324758250525,pvalloc_29nbfs_LRG2_max_sAs6p0
5129,50418.65621628006,4326.719872495119,50802.980482984356,49388.524555329,1030.1316609510554,pvalloc_29nbfs_LRG2_max_sAs6p0
5130,30856.20643330676,4874.763245220141,31804.274159449884,30856.20643330676,0.0,pvalloc_29nbfs_LRG2_max_sAs6p0
5131,12203.675325351198,4979.405766833037,14329.219735245684,12203.675325351198,0.0,pvalloc_29nbfs_LRG2_max_sAs6p0
5132,1.372246390058576,11936.414138302687,11936.414138302687,1.372246390058576,0.0,pvalloc_29nbfs_LRG2_max_sAs6p0
5133,0.0,18228.216139042954,18228.216139042954,0.0,0.0,pvalloc_29nbfs_LRG2_max_sAs6p0
5134,0.0,18162.49636171034,18162.49636171034,0.0,0.0,pvalloc_29nbfs_LRG2_max_sAs6p0
5135,0.0,15581.301938822115,15581.301938822115,0.0,0.0,pvalloc_29nbfs_LRG2_max_sAs6p0
5136,0.0,13660.518661518498,13660.518661518498,0.0,0.0,pvalloc_29nbfs_LRG2_max_sAs6p0
5137,0.0,10358.480128423342,10358.480128423342,0.0,0.0,pvalloc_29nbfs_LRG2_max_sAs6p0
5138,0.0,8828.471133983228,8828.471133983228,0.0,0.0,pvalloc_29nbfs_LRG2_max_sAs6p0
5139,0.0,7213.798405873982,7213.798405873982,0.0,0.0,pvalloc_29nbfs_LRG2_max_sAs6p0
5140,0.0,6479.031429122139,6479.031429122139,0.0,0.0,pvalloc_29nbfs_LRG2_max_sAs6p0
5141,0.0,6403.16258096044,6403.16258096044,0.0,0.0,pvalloc_29nbfs_LRG2_max_sAs6p0
5142,125.5634104325037,4161.542651953824,4162.922737079163,125.5634104325037,0.0,pvalloc_29nbfs_LRG2_max_sAs6p0
5143,13309.298218398395,2354.879289815914,13828.795441710305,13309.298218398395,0.0,pvalloc_29nbfs_LRG2_max_sAs6p0
5144,33120.30296032924,2663.0430480674363,33319.07136212134,33120.30296032924,0.0,pvalloc_29nbfs_LRG2_max_sAs6p0
5145,53986.36691266585,3207.5999165323624,54127.52902345674,52479.893622345204,1506.4732903206402,pvalloc_29nbfs_LRG2_max_sAs6p0
5146,74379.59803624013,3327.914012860753,74476.56748757155,67147.42133675107,7232.176699489081,pvalloc_29nbfs_LRG2_max_sAs6p0
5147,87667.2759881358,4249.351243911639,87791.71468443422,74618.23522082089,13049.040767314968,pvalloc_29nbfs_LRG2_max_sAs6p0
5148,83282.82862101207,5794.710779425904,83648.72884871124,72369.52300424378,10913.305616768326,pvalloc_29nbfs_LRG2_max_sAs6p0
5149,88103.87368848351,5321.404284500162,88343.85164679648,74824.05556131045,13279.818127173072,pvalloc_29nbfs_LRG2_max_sAs6p0
5150,87708.18136578723,4495.582249972375,87899.73156358152,74417.54957120997,13290.631794577248,pvalloc_29nbfs_LRG2_max_sAs6p0
5151,75877.48372559667,5024.962520229271,76147.80346268068,67933.45382467682,7944.029900919795,pvalloc_29nbfs_LRG2_max_sAs6p0
5152,63215.24453404446,4265.274478016956,63459.99318368153,59538.291963652235,3676.9525703922172,pvalloc_29nbfs_LRG2_max_sAs6p0
5153,45938.06306457387,3930.070880376728,46264.69716528454,45499.77348663239,438.28957794147954,pvalloc_29nbfs_LRG2_max_sAs6p0
5154,30685.760986277102,3930.698988912446,31273.625271780194,30685.760986277102,0.0,pvalloc_29nbfs_LRG2_max_sAs6p0
5155,10172.83500567684,5608.4608597318675,12946.920724189109,10172.83500567684,0.0,pvalloc_29nbfs_LRG2_max_sAs6p0
5156,0.9899346697857694,13203.356436817032,13203.356436817032,0.9899346697857694,0.0,pvalloc_29nbfs_LRG2_max_sAs6p0
5157,0.0,16656.158247084175,16656.158247084175,0.0,0.0,pvalloc_29nbfs_LRG2_max_sAs6p0
5158,0.0,16956.666733188787,16956.666733188787,0.0,0.0,pvalloc_29nbfs_LRG2_max_sAs6p0
5159,0.0,13878.197386105796,13878.197386105796,0.0,0.0,pvalloc_29nbfs_LRG2_max_sAs6p0
5160,0.0,13359.709264488023,13359.709264488023,0.0,0.0,pvalloc_29nbfs_LRG2_max_sAs6p0
5161,0.0,9823.421723926978,9823.421723926978,0.0,0.0,pvalloc_29nbfs_LRG2_max_sAs6p0
5162,0.0,8004.918441437759,8004.918441437759,0.0,0.0,pvalloc_29nbfs_LRG2_max_sAs6p0
5163,0.0,7279.771629046192,7279.771629046192,0.0,0.0,pvalloc_29nbfs_LRG2_max_sAs6p0
5164,0.0,6702.512682378077,6702.512682378077,0.0,0.0,pvalloc_29nbfs_LRG2_max_sAs6p0
5165,0.0,6398.7645866892735,6398.7645866892735,0.0,0.0,pvalloc_29nbfs_LRG2_max_sAs6p0
5166,103.03126050918173,4348.646798156999,4349.747462229252,103.03126050918173,0.0,pvalloc_29nbfs_LRG2_max_sAs6p0
5167,12664.040005999987,2548.1209392113246,13329.133892323405,12664.040005999987,0.0,pvalloc_29nbfs_LRG2_max_sAs6p0
5168,33068.372605642464,2920.346052378153,33323.213374576735,33068.372605642464,0.0,pvalloc_29nbfs_LRG2_max_sAs6p0
5169,54920.89311749425,3160.42795014351,55052.690848839615,53244.908012657485,1675.9851048367507,pvalloc_29nbfs_LRG2_max_sAs6p0
5170,74949.38983853663,3061.174518062367,75033.64116890694,67467.03922294456,7482.35061559208,pvalloc_29nbfs_LRG2_max_sAs6p0
5171,89759.85337326037,3764.9813827267903,89859.69654240024,75619.74283907331,14140.110534187032,pvalloc_29nbfs_LRG2_max_sAs6p0
5172,84043.02073305105,4277.52072838133,84202.30614491782,72608.56649332219,11434.454239728891,pvalloc_29nbfs_LRG2_max_sAs6p0
5173,78327.96118271769,4585.951895841775,78542.38885170354,69376.12899993257,8951.832182785134,pvalloc_29nbfs_LRG2_max_sAs6p0
5174,88622.08450051265,4540.582135154189,88810.28640776475,74908.00981014702,13714.07469036565,pvalloc_29nbfs_LRG2_max_sAs6p0
5175,76370.39042212222,4721.904897412418,76616.93287595597,68185.69304157527,8184.6973805469215,pvalloc_29nbfs_LRG2_max_sAs6p0
5176,61170.1997245305,4536.958581273708,61474.78886650417,57986.27199312134,3183.9277314091596,pvalloc_29nbfs_LRG2_max_sAs6p0
5177,41842.77811884445,4211.01147828801,42317.255470816955,41629.896316439335,212.88180240511042,pvalloc_29nbfs_LRG2_max_sAs6p0
5178,22927.992651517943,4132.272459297709,23848.40401791447,22927.992651517943,0.0,pvalloc_29nbfs_LRG2_max_sAs6p0
5179,9385.700942521997,4312.370782214837,11203.601400677784,9385.700942521997,0.0,pvalloc_29nbfs_LRG2_max_sAs6p0
5180,20.14636874031236,9583.73216269566,9583.889124087083,20.14636874031236,0.0,pvalloc_29nbfs_LRG2_max_sAs6p0
5181,0.0,17958.547144614713,17958.547144614713,0.0,0.0,pvalloc_29nbfs_LRG2_max_sAs6p0
5182,0.0,15508.105894089556,15508.105894089556,0.0,0.0,pvalloc_29nbfs_LRG2_max_sAs6p0
5183,0.0,14273.897403473246,14273.897403473246,0.0,0.0,pvalloc_29nbfs_LRG2_max_sAs6p0
5184,0.0,13200.332246555774,13200.332246555774,0.0,0.0,pvalloc_29nbfs_LRG2_max_sAs6p0
5185,0.0,9638.325646422076,9638.325646422076,0.0,0.0,pvalloc_29nbfs_LRG2_max_sAs6p0
5186,0.0,8321.584507793394,8321.584507793394,0.0,0.0,pvalloc_29nbfs_LRG2_max_sAs6p0
5187,0.0,7169.817360127393,7169.817360127393,0.0,0.0,pvalloc_29nbfs_LRG2_max_sAs6p0
5188,0.0,7079.928698781938,7079.928698781938,0.0,0.0,pvalloc_29nbfs_LRG2_max_sAs6p0
5189,0.0,6529.334832922409,6529.334832922409,0.0,0.0,pvalloc_29nbfs_LRG2_max_sAs6p0
5190,43.766204005300324,4768.0353038787225,4768.531686074487,43.766204005300324,0.0,pvalloc_29nbfs_LRG2_max_sAs6p0
5191,10378.867440752289,2502.279780543777,11129.101092958663,10378.867440752289,0.0,pvalloc_29nbfs_LRG2_max_sAs6p0
5192,27613.810397631434,2856.9898242442473,27935.48903852358,27613.810397631434,0.0,pvalloc_29nbfs_LRG2_max_sAs6p0
5193,49197.32328201063,3114.7818469413987,49351.72754884731,48458.84801591517,738.4752660954567,pvalloc_29nbfs_LRG2_max_sAs6p0
5194,62324.0844569281,3395.63020260158,62458.01782427648,58966.08617293438,3357.9982839937175,pvalloc_29nbfs_LRG2_max_sAs6p0
5195,70881.55487464844,4074.316383747143,71049.7251017777,64936.84407180609,5944.710802842368,pvalloc_29nbfs_LRG2_max_sAs6p0
5196,68354.74250426318,5045.480137379673,68691.03035297086,63284.725951781074,5070.016552482008,pvalloc_29nbfs_LRG2_max_sAs6p0
5197,72586.03057693427,4919.249376650327,72860.53227482543,65918.71101455674,6667.319562377485,pvalloc_29nbfs_LRG2_max_sAs6p0
5198,71336.09150659307,5430.985756601232,71706.44050349589,65106.15137303995,6229.940133553067,pvalloc_29nbfs_LRG2_max_sAs6p0
5199,70445.10589908056,4903.297134169033,70743.59694952791,64494.2921629923,5950.813736088231,pvalloc_29nbfs_LRG2_max_sAs6p0
5200,42357.2471652771,3815.046092332232,42727.672829007795,42123.45457480582,233.7925904712784,pvalloc_29nbfs_LRG2_max_sAs6p0
5201,27217.50684667016,3804.9670194315117,27864.225263483775,27217.50684667016,0.0,pvalloc_29nbfs_LRG2_max_sAs6p0
5202,13100.880604530874,4327.901596055955,14762.459009519938,13100.880604530874,0.0,pvalloc_29nbfs_LRG2_max_sAs6p0
5203,8222.083926197352,4806.472921521446,10541.219936590784,8222.083926197352,0.0,pvalloc_29nbfs_LRG2_max_sAs6p0
5204,0.0,15090.598880743752,15090.598880743752,0.0,0.0,pvalloc_29nbfs_LRG2_max_sAs6p0
5205,0.0,15791.348827533153,15791.348827533153,0.0,0.0,pvalloc_29nbfs_LRG2_max_sAs6p0
5206,0.0,15247.75572798058,15247.75572798058,0.0,0.0,pvalloc_29nbfs_LRG2_max_sAs6p0
5207,0.0,15008.225250668322,15008.225250668322,0.0,0.0,pvalloc_29nbfs_LRG2_max_sAs6p0
5208,0.0,12069.433844123945,12069.433844123945,0.0,0.0,pvalloc_29nbfs_LRG2_max_sAs6p0
5209,0.0,11145.876780548273,11145.876780548273,0.0,0.0,pvalloc_29nbfs_LRG2_max_sAs6p0
5210,0.0,8940.899584908117,8940.899584908117,0.0,0.0,pvalloc_29nbfs_LRG2_max_sAs6p0
5211,0.0,7874.895807358424,7874.895807358424,0.0,0.0,pvalloc_29nbfs_LRG2_max_sAs6p0
5212,0.0,7043.64455664798,7043.64455664798,0.0,0.0,pvalloc_29nbfs_LRG2_max_sAs6p0
5213,0.0,7125.558647681807,7125.558647681807,0.0,0.0,pvalloc_29nbfs_LRG2_max_sAs6p0
5214,3.6236695259535603,5734.006583413916,5734.078266709731,3.6236695259535603,0.0,pvalloc_29nbfs_LRG2_max_sAs6p0
5215,1654.312232249219,3023.4431704512535,3676.2032427689337,1654.312232249219,0.0,pvalloc_29nbfs_LRG2_max_sAs6p0
5216,6112.640877195511,2945.435815634482,7459.929635588321,6112.640877195511,0.0,pvalloc_29nbfs_LRG2_max_sAs6p0
5217,12206.25964574632,3187.8414366655265,13275.951842406592,12206.25964574632,0.0,pvalloc_29nbfs_LRG2_max_sAs6p0
5218,23895.323443704798,3307.408919045255,24455.258111460585,23895.323443704798,0.0,pvalloc_29nbfs_LRG2_max_sAs6p0
5219,28433.97879479589,3945.9779740567315,29102.14838715807,28433.97879479589,0.0,pvalloc_29nbfs_LRG2_max_sAs6p0
5220,21056.150095187142,5082.794828158095,22720.205969639323,21056.150095187142,0.0,pvalloc_29nbfs_LRG2_max_sAs6p0
5221,45701.07507281294,4532.316330220247,46207.19798872711,45245.83198830285,455.24308451008676,pvalloc_29nbfs_LRG2_max_sAs6p0
5222,60420.81679880966,4698.695375006715,60774.76126912415,57381.29739268937,3039.51940612027,pvalloc_29nbfs_LRG2_max_sAs6p0
5223,47448.05800547801,4724.601124375608,47966.208397460636,46830.9037458787,617.1542595993112,pvalloc_29nbfs_LRG2_max_sAs6p0
5224,47805.3951981645,4121.248395254566,48171.584815614835,47164.68238203366,640.7128161308312,pvalloc_29nbfs_LRG2_max_sAs6p0
5225,35803.552844669146,4199.5499708062625,36378.416395638465,35735.18637568192,68.36646898721625,pvalloc_29nbfs_LRG2_max_sAs6p0
5226,24958.990789662723,4094.348240343732,25778.865454726096,24958.990789662723,0.0,pvalloc_29nbfs_LRG2_max_sAs6p0
5227,10272.283979458934,4774.002285010253,12375.074897877166,10272.283979458934,0.0,pvalloc_29nbfs_LRG2_max_sAs6p0
5228,0.2421133534611586,12343.30672266767,12343.30672266767,0.2421133534611586,0.0,pvalloc_29nbfs_LRG2_max_sAs6p0
5229,0.0,17463.78761121696,17463.78761121696,0.0,0.0,pvalloc_29nbfs_LRG2_max_sAs6p0
5230,0.0,16776.24576513662,16776.24576513662,0.0,0.0,pvalloc_29nbfs_LRG2_max_sAs6p0
5231,0.0,13863.094861205216,13863.094861205216,0.0,0.0,pvalloc_29nbfs_LRG2_max_sAs6p0
5232,0.0,12379.083196074876,12379.083196074876,0.0,0.0,pvalloc_29nbfs_LRG2_max_sAs6p0
5233,0.0,10840.796451126309,10840.796451126309,0.0,0.0,pvalloc_29nbfs_LRG2_max_sAs6p0
5234,0.0,8839.193140860432,8839.193140860432,0.0,0.0,pvalloc_29nbfs_LRG2_max_sAs6p0
5235,0.0,7691.549078353807,7691.549078353807,0.0,0.0,pvalloc_29nbfs_LRG2_max_sAs6p0
5236,0.0,6881.188714069509,6881.188714069509,0.0,0.0,pvalloc_29nbfs_LRG2_max_sAs6p0
5237,0.0,7020.828203404438,7020.828203404438,0.0,0.0,pvalloc_29nbfs_LRG2_max_sAs6p0
5238,66.50084032002319,4740.726787760123,4741.411150577324,66.50084032002319,0.0,pvalloc_29nbfs_LRG2_max_sAs6p0
5239,11463.231907943355,2608.596215397618,12194.366049089856,11463.231907943355,0.0,pvalloc_29nbfs_LRG2_max_sAs6p0
5240,24408.838741029376,2926.80034950039,24813.328656968453,24408.838741029376,0.0,pvalloc_29nbfs_LRG2_max_sAs6p0
5241,48307.65093715817,3153.0013742233323,48472.52831750253,47673.69774158451,633.9531955736554,pvalloc_29nbfs_LRG2_max_sAs6p0
5242,62265.75448009044,3597.429384920324,62418.44296028906,58921.09743391556,3344.6570461748906,pvalloc_29nbfs_LRG2_max_sAs6p0
5243,68821.51371728776,3909.5264428483797,68987.44478483,63526.074523382245,5295.439193905636,pvalloc_29nbfs_LRG2_max_sAs6p0
5244,56484.12512928534,4417.742615013537,56800.02405352548,54426.79552649202,2057.3296027933334,pvalloc_29nbfs_LRG2_max_sAs6p0
5245,54915.12691168527,4932.270239343677,55364.01447719065,53137.118071850884,1778.008839834398,pvalloc_29nbfs_LRG2_max_sAs6p0
5246,51254.418565880944,4986.505918754786,51801.93262271184,50047.27781303726,1207.1407528436853,pvalloc_29nbfs_LRG2_max_sAs6p0
5247,50998.409688565174,4681.045520196617,51473.298378659456,49846.20560995452,1152.2040786106534,pvalloc_29nbfs_LRG2_max_sAs6p0
5248,43373.923140605526,4129.3408334868445,43830.36751027257,43076.098126450364,297.82501415515986,pvalloc_29nbfs_LRG2_max_sAs6p0
5249,35405.81189223593,4003.7049407751065,35940.37724128735,35344.22597358611,61.58591864981844,pvalloc_29nbfs_LRG2_max_sAs6p0
5250,18127.496341603306,4538.930533743038,19494.109032089676,18127.496341603306,0.0,pvalloc_29nbfs_LRG2_max_sAs6p0
5251,8335.735968889629,5133.751286389291,10856.071134569884,8335.735968889629,0.0,pvalloc_29nbfs_LRG2_max_sAs6p0
5252,0.0,18999.947565686194,18999.947565686194,0.0,0.0,pvalloc_29nbfs_LRG2_max_sAs6p0
5253,0.0,19290.580116971654,19290.580116971654,0.0,0.0,pvalloc_29nbfs_LRG2_max_sAs6p0
5254,0.0,16835.268381474216,16835.268381474216,0.0,0.0,pvalloc_29nbfs_LRG2_max_sAs6p0
5255,0.0,14924.78827852718,14924.78827852718,0.0,0.0,pvalloc_29nbfs_LRG2_max_sAs6p0
5256,0.0,13381.168060104112,13381.168060104112,0.0,0.0,pvalloc_29nbfs_LRG2_max_sAs6p0
5257,0.0,10539.960012448035,10539.960012448035,0.0,0.0,pvalloc_29nbfs_LRG2_max_sAs6p0
5258,0.0,8429.066249258418,8429.066249258418,0.0,0.0,pvalloc_29nbfs_LRG2_max_sAs6p0
5259,0.0,7662.686930720702,7662.686930720702,0.0,0.0,pvalloc_29nbfs_LRG2_max_sAs6p0
5260,0.0,6987.56971605249,6987.56971605249,0.0,0.0,pvalloc_29nbfs_LRG2_max_sAs6p0
5261,0.0,6946.060646242225,6946.060646242225,0.0,0.0,pvalloc_29nbfs_LRG2_max_sAs6p0
5262,58.75413125801143,4987.302990973015,4987.92605990016,58.75413125801143,0.0,pvalloc_29nbfs_LRG2_max_sAs6p0
5263,12691.907059514762,2562.9264270373365,13330.577612474211,12691.907059514762,0.0,pvalloc_29nbfs_LRG2_max_sAs6p0
5264,33510.47682953145,2855.923357984155,33745.82642141051,33506.420690645864,4.0561388855834934,pvalloc_29nbfs_LRG2_max_sAs6p0
5265,56206.5537396528,2947.0176030192715,56319.02049233637,54283.09384023862,1923.4598994141793,pvalloc_29nbfs_LRG2_max_sAs6p0
5266,75235.93093028509,3724.18072560038,75352.50211228545,67682.75062277766,7553.180307507351,pvalloc_29nbfs_LRG2_max_sAs6p0
5267,88839.94823894992,4799.89119405418,89009.62013595838,75239.26139880727,13600.686840142676,pvalloc_29nbfs_LRG2_max_sAs6p0
5268,86133.31924039929,5847.823697744466,86466.61102679545,73819.9065109083,12313.412729490978,pvalloc_29nbfs_LRG2_max_sAs6p0
5269,91030.77215877856,5814.373056847965,91319.48067660596,76240.26774557057,14790.50441320796,pvalloc_29nbfs_LRG2_max_sAs6p0
5270,91515.9663706469,5228.389878327345,91785.07607956107,76217.8160762532,15298.150294393658,pvalloc_29nbfs_LRG2_max_sAs6p0
5271,83058.29754871984,5019.988409802839,83319.90454295436,71930.10002289491,11128.197525824995,pvalloc_29nbfs_LRG2_max_sAs6p0
5272,69200.32221864727,4778.319442898873,69487.54426970937,63668.17940081058,5532.142817836677,pvalloc_29nbfs_LRG2_max_sAs6p0
5273,52131.589391774876,4342.688132370842,52506.307826710516,50814.888054716306,1316.7013370585696,pvalloc_29nbfs_LRG2_max_sAs6p0
5274,31267.152673175122,4443.013376329428,32030.959394614652,31267.152673175122,0.0,pvalloc_29nbfs_LRG2_max_sAs6p0
5275,12676.942557839955,4709.168286808416,14450.348211990946,12676.942557839955,0.0,pvalloc_29nbfs_LRG2_max_sAs6p0
5276,0.001144878417680309,16107.812321891488,16107.812321891488,0.001144878417680309,0.0,pvalloc_29nbfs_LRG2_max_sAs6p0
5277,0.0,16661.54003587522,16661.54003587522,0.0,0.0,pvalloc_29nbfs_LRG2_max_sAs6p0
5278,0.0,16071.87963882066,16071.87963882066,0.0,0.0,pvalloc_29nbfs_LRG2_max_sAs6p0
5279,0.0,16513.61501158644,16513.61501158644,0.0,0.0,pvalloc_29nbfs_LRG2_max_sAs6p0
5280,0.0,14223.402737580196,14223.402737580196,0.0,0.0,pvalloc_29nbfs_LRG2_max_sAs6p0
5281,0.0,10189.901163932846,10189.901163932846,0.0,0.0,pvalloc_29nbfs_LRG2_max_sAs6p0
5282,0.0,9219.90861812319,9219.90861812319,0.0,0.0,pvalloc_29nbfs_LRG2_max_sAs6p0
5283,0.0,8077.212368111325,8077.212368111325,0.0,0.0,pvalloc_29nbfs_LRG2_max_sAs6p0
5284,0.0,7416.388772703772,7416.388772703772,0.0,0.0,pvalloc_29nbfs_LRG2_max_sAs6p0
5285,0.0,7104.393955178766,7104.393955178766,0.0,0.0,pvalloc_29nbfs_LRG2_max_sAs6p0
5286,19.594087621171145,5505.259618935986,5505.52214767062,19.594087621171145,0.0,pvalloc_29nbfs_LRG2_max_sAs6p0
5287,11801.258745826393,2604.4322321528734,12507.950598171876,11801.258745826393,0.0,pvalloc_29nbfs_LRG2_max_sAs6p0
5288,33676.95543430605,2762.636376846415,33892.169674709934,33670.5674770725,6.387957233554118,pvalloc_29nbfs_LRG2_max_sAs6p0
5289,55893.63982354996,2764.8186869501424,55994.54603631227,54029.74917398812,1863.8906495618485,pvalloc_29nbfs_LRG2_max_sAs6p0
5290,74193.36453922083,3621.193403545107,74303.17296071739,67056.64226059234,7136.722278628515,pvalloc_29nbfs_LRG2_max_sAs6p0
5291,90228.31351676535,4049.624798751082,90350.67920763696,75841.32924916528,14386.984267600095,pvalloc_29nbfs_LRG2_max_sAs6p0
5292,85626.29160084853,5618.687961447721,85926.73558634291,73556.19394227737,12070.097658571105,pvalloc_29nbfs_LRG2_max_sAs6p0
5293,91379.89449255714,5532.553255791078,91638.97860988759,76304.39639626142,15075.498096295689,pvalloc_29nbfs_LRG2_max_sAs6p0
5294,86758.56850060579,6652.282723875883,87213.34993253984,73909.79383370145,12848.774666904315,pvalloc_29nbfs_LRG2_max_sAs6p0
5295,80018.08294417647,6058.202216228881,80439.06013007455,70228.35303916916,9789.729905007327,pvalloc_29nbfs_LRG2_max_sAs6p0
5296,65453.01512011341,6116.163574127217,66040.06081808356,61110.55972925537,4342.455390858024,pvalloc_29nbfs_LRG2_max_sAs6p0
5297,49702.78548742931,5439.057345415636,50393.669744137514,48729.59828772613,973.1871997031801,pvalloc_29nbfs_LRG2_max_sAs6p0
5298,29313.23659169007,5433.01601339904,30517.39220400549,29313.23659169007,0.0,pvalloc_29nbfs_LRG2_max_sAs6p0
5299,8810.627677714021,6468.354522101011,12181.73778267048,8810.627677714021,0.0,pvalloc_29nbfs_LRG2_max_sAs6p0
5300,0.002782290935076717,16914.80533392674,16914.80533392674,0.002782290935076717,0.0,pvalloc_29nbfs_LRG2_max_sAs6p0
5301,0.0,19664.8737674663,19664.8737674663,0.0,0.0,pvalloc_29nbfs_LRG2_max_sAs6p0
5302,0.0,21717.297616531436,21717.297616531436,0.0,0.0,pvalloc_29nbfs_LRG2_max_sAs6p0
5303,0.0,17214.82547405001,17214.82547405001,0.0,0.0,pvalloc_29nbfs_LRG2_max_sAs6p0
5304,0.0,12578.20754912869,12578.20754912869,0.0,0.0,pvalloc_29nbfs_LRG2_max_sAs6p0
5305,0.0,10294.109997870488,10294.109997870488,0.0,0.0,pvalloc_29nbfs_LRG2_max_sAs6p0
5306,0.0,8325.709247505114,8325.709247505114,0.0,0.0,pvalloc_29nbfs_LRG2_max_sAs6p0
5307,0.0,7293.515981600716,7293.515981600716,0.0,0.0,pvalloc_29nbfs_LRG2_max_sAs6p0
5308,0.0,6735.77447883469,6735.77447883469,0.0,0.0,pvalloc_29nbfs_LRG2_max_sAs6p0
5309,0.0,6710.483943585053,6710.483943585053,0.0,0.0,pvalloc_29nbfs_LRG2_max_sAs6p0
5310,30.282509643844996,4984.742998786047,4985.12812422672,30.282509643844996,0.0,pvalloc_29nbfs_LRG2_max_sAs6p0
5311,11753.364537242007,2510.491371045077,12420.760748774754,11753.364537242007,0.0,pvalloc_29nbfs_LRG2_max_sAs6p0
5312,32874.12415558648,2874.191419190469,33122.195353977644,32874.12415558648,0.0,pvalloc_29nbfs_LRG2_max_sAs6p0
5313,54823.048268121056,3219.60839088832,54963.244711648316,53155.976252047876,1667.0720160731887,pvalloc_29nbfs_LRG2_max_sAs6p0
5314,74968.16580825404,3688.513427694864,75093.97170300104,67485.74733081298,7482.418477441077,pvalloc_29nbfs_LRG2_max_sAs6p0
5315,91203.66121739536,3849.54902573005,91316.16196370653,76296.96207807971,14906.699139315591,pvalloc_29nbfs_LRG2_max_sAs6p0
5316,85247.49511355747,5912.741404350889,85596.44659099008,73338.77751561957,11908.717597937888,pvalloc_29nbfs_LRG2_max_sAs6p0
5317,90972.45026036106,5414.898399191298,91211.69374910777,76181.89226227824,14790.557998082802,pvalloc_29nbfs_LRG2_max_sAs6p0
5318,88576.3450032556,5552.751468911757,88847.42747680053,74906.74686317593,13669.598140079623,pvalloc_29nbfs_LRG2_max_sAs6p0
5319,82030.65088354296,4916.794441733442,82263.58949289525,71431.11334894085,10599.53753460208,pvalloc_29nbfs_LRG2_max_sAs6p0
5320,67948.21495284424,4825.435749296605,68245.56217358533,62837.874326142,5110.340626702272,pvalloc_29nbfs_LRG2_max_sAs6p0
5321,50064.576112629875,4697.238876115858,50520.93251613492,49102.02270381883,962.5534088110469,pvalloc_29nbfs_LRG2_max_sAs6p0
5322,31973.01829005295,3954.7225022830867,32566.757243643573,31973.01829005295,0.0,pvalloc_29nbfs_LRG2_max_sAs6p0
5323,10839.007812358146,4742.326223114159,12906.031870306331,10839.007812358146,0.0,pvalloc_29nbfs_LRG2_max_sAs6p0
5324,0.6210965762627492,11780.194492738317,11780.194492738317,0.6210965762627492,0.0,pvalloc_29nbfs_LRG2_max_sAs6p0
5325,0.0,17798.4514230697,17798.4514230697,0.0,0.0,pvalloc_29nbfs_LRG2_max_sAs6p0
5326,0.0,19605.334016129706,19605.334016129706,0.0,0.0,pvalloc_29nbfs_LRG2_max_sAs6p0
5327,0.0,17993.3392447101,17993.3392447101,0.0,0.0,pvalloc_29nbfs_LRG2_max_sAs6p0
5328,0.0,14499.905393880885,14499.905393880885,0.0,0.0,pvalloc_29nbfs_LRG2_max_sAs6p0
5329,0.0,10706.798579119697,10706.798579119697,0.0,0.0,pvalloc_29nbfs_LRG2_max_sAs6p0
5330,0.0,8691.305275136961,8691.305275136961,0.0,0.0,pvalloc_29nbfs_LRG2_max_sAs6p0
5331,0.0,7299.838339654399,7299.838339654399,0.0,0.0,pvalloc_29nbfs_LRG2_max_sAs6p0
5332,0.0,6942.4868277889755,6942.4868277889755,0.0,0.0,pvalloc_29nbfs_LRG2_max_sAs6p0
5333,0.0,6828.1340130815815,6828.1340130815815,0.0,0.0,pvalloc_29nbfs_LRG2_max_sAs6p0
5334,10.236685314311485,5417.700749467131,5417.836340047532,10.236685314311485,0.0,pvalloc_29nbfs_LRG2_max_sAs6p0
5335,10507.114680844226,2805.7875273050317,11440.253318378298,10507.114680844226,0.0,pvalloc_29nbfs_LRG2_max_sAs6p0
5336,31592.82078138817,3234.2584163753477,31947.335261049968,31592.82078138817,0.0,pvalloc_29nbfs_LRG2_max_sAs6p0
5337,53934.044727599256,3412.452966649247,54101.96694213474,52417.74943979706,1516.295287802189,pvalloc_29nbfs_LRG2_max_sAs6p0
5338,73884.19883001765,3725.3397949805403,74011.41600636435,66836.10517160443,7048.093658413208,pvalloc_29nbfs_LRG2_max_sAs6p0
5339,89059.70704698503,4022.8559490258535,89176.98728606183,75277.61884204163,13782.088204943395,pvalloc_29nbfs_LRG2_max_sAs6p0
5340,84373.85366657503,5739.866137209855,84721.58371090492,72964.4108910947,11409.442775480333,pvalloc_29nbfs_LRG2_max_sAs6p0
5341,88672.45437396015,5708.3125984479,88962.16434300756,75098.42066613333,13574.03370782677,pvalloc_29nbfs_LRG2_max_sAs6p0
5342,85484.46714982606,6552.191424627519,85941.12613205632,73432.83167920915,12051.635470616906,pvalloc_29nbfs_LRG2_max_sAs6p0
5343,80363.21800267235,5458.920982125165,80672.45569372503,70487.07012974788,9876.147872924434,pvalloc_29nbfs_LRG2_max_sAs6p0
5344,68394.39025446933,4524.157448710913,68651.75887835387,63129.77943615122,5264.610818318139,pvalloc_29nbfs_LRG2_max_sAs6p0
5345,48972.508001662136,4481.25402581536,49394.09125917015,48181.22713135775,791.2808703043801,pvalloc_29nbfs_LRG2_max_sAs6p0
5346,29295.298913000475,4463.914288718072,30122.29088146293,29295.298913000475,0.0,pvalloc_29nbfs_LRG2_max_sAs6p0
5347,7445.544108005681,6365.836646333748,10948.869644538669,7445.544108005681,0.0,pvalloc_29nbfs_LRG2_max_sAs6p0
5348,0.0,15989.479593070051,15989.479593070051,0.0,0.0,pvalloc_29nbfs_LRG2_max_sAs6p0
5349,0.0,16826.715043934226,16826.715043934226,0.0,0.0,pvalloc_29nbfs_LRG2_max_sAs6p0
5350,0.0,17455.218388780384,17455.218388780384,0.0,0.0,pvalloc_29nbfs_LRG2_max_sAs6p0
5351,0.0,17312.601875985758,17312.601875985758,0.0,0.0,pvalloc_29nbfs_LRG2_max_sAs6p0
5352,0.0,14414.143741518077,14414.143741518077,0.0,0.0,pvalloc_29nbfs_LRG2_max_sAs6p0
5353,0.0,9954.172012300509,9954.172012300509,0.0,0.0,pvalloc_29nbfs_LRG2_max_sAs6p0
5354,0.0,8448.308232531268,8448.308232531268,0.0,0.0,pvalloc_29nbfs_LRG2_max_sAs6p0
5355,0.0,7461.470557932399,7461.470557932399,0.0,0.0,pvalloc_29nbfs_LRG2_max_sAs6p0
5356,0.0,6904.553782501744,6904.553782501744,0.0,0.0,pvalloc_29nbfs_LRG2_max_sAs6p0
5357,0.0,6785.528064411384,6785.528064411384,0.0,0.0,pvalloc_29nbfs_LRG2_max_sAs6p0
5358,16.18015812966042,5397.954347678351,5398.184311554508,16.18015812966042,0.0,pvalloc_29nbfs_LRG2_max_sAs6p0
5359,10624.009816516234,2700.2988604121088,11466.384248977969,10624.009816516234,0.0,pvalloc_29nbfs_LRG2_max_sAs6p0
5360,31819.926433224,3036.40896048142,32120.00785867301,31819.926433224,0.0,pvalloc_29nbfs_LRG2_max_sAs6p0
5361,51635.47179093742,4021.355996766954,51938.79124189614,50510.5425099959,1124.9292809415265,pvalloc_29nbfs_LRG2_max_sAs6p0
5362,72722.13647756031,4119.28366209185,72885.46409287304,66135.90159648898,6586.234881071392,pvalloc_29nbfs_LRG2_max_sAs6p0
5363,86946.91725453708,4994.413148930266,87154.48563446212,74312.98782014745,12633.929434389614,pvalloc_29nbfs_LRG2_max_sAs6p0
5364,84901.95001331509,5829.299955704659,85262.20777072667,73248.42160935479,11653.528403960247,pvalloc_29nbfs_LRG2_max_sAs6p0
5365,87855.8106074743,6393.657561636473,88288.58815953822,74767.9991611714,13087.811446302914,pvalloc_29nbfs_LRG2_max_sAs6p0
5366,90087.87907171789,5273.29986230678,90325.43583943184,75672.72000435191,14415.159067365988,pvalloc_29nbfs_LRG2_max_sAs6p0
5367,81544.82879360481,4898.2662445949545,81770.88102038908,71190.93235873814,10353.89643486666,pvalloc_29nbfs_LRG2_max_sAs6p0
5368,67795.31724350818,4601.101082774659,68051.20259523539,62800.47802267925,4994.839220828914,pvalloc_29nbfs_LRG2_max_sAs6p0
5369,48935.775288522804,4696.5230964192815,49398.209240986274,48173.69163390461,762.0836546181953,pvalloc_29nbfs_LRG2_max_sAs6p0
5370,28013.362166823204,4838.61120774339,29080.062694825854,28013.362166823204,0.0,pvalloc_29nbfs_LRG2_max_sAs6p0
5371,9369.052422784665,5176.063093295291,11829.719015812952,9369.052422784665,0.0,pvalloc_29nbfs_LRG2_max_sAs6p0
5372,0.0,16855.589889749255,16855.589889749255,0.0,0.0,pvalloc_29nbfs_LRG2_max_sAs6p0
5373,0.0,17345.892495044838,17345.892495044838,0.0,0.0,pvalloc_29nbfs_LRG2_max_sAs6p0
5374,0.0,16579.52219038973,16579.52219038973,0.0,0.0,pvalloc_29nbfs_LRG2_max_sAs6p0
5375,0.0,15251.446364993697,15251.446364993697,0.0,0.0,pvalloc_29nbfs_LRG2_max_sAs6p0
5376,0.0,13188.262672566278,13188.262672566278,0.0,0.0,pvalloc_29nbfs_LRG2_max_sAs6p0
5377,0.0,11323.92566649367,11323.92566649367,0.0,0.0,pvalloc_29nbfs_LRG2_max_sAs6p0
5378,0.0,9734.491596408214,9734.491596408214,0.0,0.0,pvalloc_29nbfs_LRG2_max_sAs6p0
5379,0.0,8493.11069650855,8493.11069650855,0.0,0.0,pvalloc_29nbfs_LRG2_max_sAs6p0
5380,0.0,7434.25510738279,7434.25510738279,0.0,0.0,pvalloc_29nbfs_LRG2_max_sAs6p0
5381,0.0,7087.350693282779,7087.350693282779,0.0,0.0,pvalloc_29nbfs_LRG2_max_sAs6p0
5382,6.5272341797895574,5749.331526142946,5749.430916952786,6.5272341797895574,0.0,pvalloc_29nbfs_LRG2_max_sAs6p0
5383,10255.009213470235,2774.4961358697005,11159.278110469562,10255.009213470235,0.0,pvalloc_29nbfs_LRG2_max_sAs6p0
5384,32074.359025261558,2885.4651868706756,32341.633001158287,32074.359025261558,0.0,pvalloc_29nbfs_LRG2_max_sAs6p0
5385,54207.6909731162,3220.8269011536877,54352.817751671355,52638.51573476747,1569.1752383487228,pvalloc_29nbfs_LRG2_max_sAs6p0
5386,72813.84949295226,3904.9672035988597,72952.99425539294,66185.27867941611,6628.570813536198,pvalloc_29nbfs_LRG2_max_sAs6p0
5387,88430.82695208884,4434.517889888837,88578.37101439443,74962.62781803562,13468.199134053259,pvalloc_29nbfs_LRG2_max_sAs6p0
5388,85522.82475378987,5516.58276710818,85806.63339105876,73486.87523929279,12035.949514497157,pvalloc_29nbfs_LRG2_max_sAs6p0
5389,89257.14363111902,5835.246990850176,89558.66780047792,75339.66670010063,13917.476931018391,pvalloc_29nbfs_LRG2_max_sAs6p0
5390,85623.76333953587,6239.483084536435,86012.02799582323,73449.86508053502,12173.898259000765,pvalloc_29nbfs_LRG2_max_sAs6p0
5391,78826.82032932794,5603.673912509947,79162.27338662816,69672.45370679584,9154.366622532054,pvalloc_29nbfs_LRG2_max_sAs6p0
5392,64785.266432106604,5314.259007873459,65193.15286424184,60739.62080218485,4045.6456299217475,pvalloc_29nbfs_LRG2_max_sAs6p0
5393,46003.5830169152,5337.97488922127,46714.539395482,45558.4385292378,445.1444876774102,pvalloc_29nbfs_LRG2_max_sAs6p0
5394,27035.51032633195,4953.908985834943,28201.472033829818,27035.51032633195,0.0,pvalloc_29nbfs_LRG2_max_sAs6p0
5395,6322.687357546334,7005.353587290171,10431.421446044655,6322.687357546334,0.0,pvalloc_29nbfs_LRG2_max_sAs6p0
5396,0.0,17145.691131039806,17145.691131039806,0.0,0.0,pvalloc_29nbfs_LRG2_max_sAs6p0
5397,0.0,18592.212130355496,18592.212130355496,0.0,0.0,pvalloc_29nbfs_LRG2_max_sAs6p0
5398,0.0,17959.280865600802,17959.280865600802,0.0,0.0,pvalloc_29nbfs_LRG2_max_sAs6p0
5399,0.0,15321.147510146637,15321.147510146637,0.0,0.0,pvalloc_29nbfs_LRG2_max_sAs6p0
5400,0.0,13722.161589340782,13722.161589340782,0.0,0.0,pvalloc_29nbfs_LRG2_max_sAs6p0
5401,0.0,10430.229263731497,10430.229263731497,0.0,0.0,pvalloc_29nbfs_LRG2_max_sAs6p0
5402,0.0,8829.571873465273,8829.571873465273,0.0,0.0,pvalloc_29nbfs_LRG2_max_sAs6p0
5403,0.0,7657.188196967488,7657.188196967488,0.0,0.0,pvalloc_29nbfs_LRG2_max_sAs6p0
5404,0.0,7455.696363549953,7455.696363549953,0.0,0.0,pvalloc_29nbfs_LRG2_max_sAs6p0
5405,0.0,7031.549107246737,7031.549107246737,0.0,0.0,pvalloc_29nbfs_LRG2_max_sAs6p0
5406,2.0070804287165416,6089.608709709459,6089.65606070199,2.0070804287165416,0.0,pvalloc_29nbfs_LRG2_max_sAs6p0
5407,10247.831087171926,2615.8889125703126,11051.534354414116,10247.831087171926,0.0,pvalloc_29nbfs_LRG2_max_sAs6p0
5408,29309.19460376157,3028.8959822864135,29647.759555345834,29309.19460376157,0.0,pvalloc_29nbfs_LRG2_max_sAs6p0
5409,48770.59845252481,3991.1556136092663,49087.06642705832,48076.1392275389,694.4592249859184,pvalloc_29nbfs_LRG2_max_sAs6p0
5410,67055.44418306474,3842.590798866837,67216.7495507174,62352.500527665696,4702.94365539903,pvalloc_29nbfs_LRG2_max_sAs6p0
5411,74856.69926669651,4142.077901452241,75028.27659433286,67359.80029769808,7496.898968998345,pvalloc_29nbfs_LRG2_max_sAs6p0
5412,63313.98767359337,5462.248967367671,63793.523802506556,59686.2387643313,3627.74890926206,pvalloc_29nbfs_LRG2_max_sAs6p0
5413,62780.612005005794,6093.536497442053,63410.20592996731,59238.737194030036,3541.8748109757717,pvalloc_29nbfs_LRG2_max_sAs6p0
5414,57283.18836125409,6035.222471724784,58006.3892343898,54910.886392848486,2372.301968405616,pvalloc_29nbfs_LRG2_max_sAs6p0
5415,46212.12781299094,5488.195110813743,46971.100520295025,45699.256983960826,512.8708290301213,pvalloc_29nbfs_LRG2_max_sAs6p0
5416,34374.08833039018,5014.386341336723,35264.19000431679,34324.37445776716,49.71387262301744,pvalloc_29nbfs_LRG2_max_sAs6p0
5417,27443.304339195143,4820.376655543134,28496.16745976227,27443.304339195143,0.0,pvalloc_29nbfs_LRG2_max_sAs6p0
5418,11361.030907807015,5234.27223304353,13694.781394103888,11361.030907807015,0.0,pvalloc_29nbfs_LRG2_max_sAs6p0
5419,2517.157048742533,6574.402480111748,7235.582579393595,2517.157048742533,0.0,pvalloc_29nbfs_LRG2_max_sAs6p0
5420,0.0,14157.204702767625,14157.204702767625,0.0,0.0,pvalloc_29nbfs_LRG2_max_sAs6p0
5421,0.0,16175.317955120869,16175.317955120869,0.0,0.0,pvalloc_29nbfs_LRG2_max_sAs6p0
5422,0.0,16617.529616008724,16617.529616008724,0.0,0.0,pvalloc_29nbfs_LRG2_max_sAs6p0
5423,0.0,15583.466132818583,15583.466132818583,0.0,0.0,pvalloc_29nbfs_LRG2_max_sAs6p0
5424,0.0,13573.678772779587,13573.678772779587,0.0,0.0,pvalloc_29nbfs_LRG2_max_sAs6p0
4920,0.0,11113.463869085279,11113.463869085279,0.0,0.0,pvalloc_29nbfs_LRG2_max_sBs0p4
4921,0.0,10737.831728562103,10737.831728562103,0.0,0.0,pvalloc_29nbfs_LRG2_max_sBs0p4
4922,0.0,10105.311448681485,10105.311448681485,0.0,0.0,pvalloc_29nbfs_LRG2_max_sBs0p4
4923,0.0,8120.094880445636,8120.094880445636,0.0,0.0,pvalloc_29nbfs_LRG2_max_sBs0p4
4924,0.0,7251.733657230994,7251.733657230994,0.0,0.0,pvalloc_29nbfs_LRG2_max_sBs0p4
4925,0.0,6971.07516934519,6971.07516934519,0.0,0.0,pvalloc_29nbfs_LRG2_max_sBs0p4
4926,823.6326302484586,3596.2257638999786,3690.817335619626,823.6326302484586,0.0,pvalloc_29nbfs_LRG2_max_sBs0p4
4927,15761.47920707473,2536.038864128769,16268.985794708178,15761.47920707473,0.0,pvalloc_29nbfs_LRG2_max_sBs0p4
4928,35994.59643174721,2697.673870692492,36179.72094984478,35928.73368583155,65.86274591566388,pvalloc_29nbfs_LRG2_max_sBs0p4
4929,55368.67759982918,3337.7133983709227,55524.76782638675,53603.72381654739,1764.9537832817805,pvalloc_29nbfs_LRG2_max_sBs0p4
4930,74391.14966855153,3562.601267945224,74504.67306291824,67100.22829074797,7290.921377803564,pvalloc_29nbfs_LRG2_max_sBs0p4
4931,89318.33421403522,4071.9601067045774,89446.91723732946,75346.0939379707,13972.240276064536,pvalloc_29nbfs_LRG2_max_sBs0p4
4932,74221.64640339169,5133.236144988752,74528.87198224892,66964.21489860398,7257.431504787672,pvalloc_29nbfs_LRG2_max_sBs0p4
4933,61767.660137662395,6642.072545989079,62613.84154803027,58535.76805963266,3231.8920780297367,pvalloc_29nbfs_LRG2_max_sBs0p4
4934,58392.364775212,5487.491748121102,58936.30966645636,55852.58989159844,2539.7748836135515,pvalloc_29nbfs_LRG2_max_sBs0p4
4935,50981.06199740338,5066.559422803235,51548.71019145512,49814.46682937754,1166.595168025849,pvalloc_29nbfs_LRG2_max_sBs0p4
4936,50364.75478357206,4815.292352995168,50878.64319241204,49307.814197621454,1056.9405859505982,pvalloc_29nbfs_LRG2_max_sBs0p4
4937,34085.78249562877,4266.855584393733,34735.59569606198,34044.41333026361,41.369165365160484,pvalloc_29nbfs_LRG2_max_sBs0p4
4938,16343.827746728293,3926.0930085891205,17455.943510964833,16343.827746728293,0.0,pvalloc_29nbfs_LRG2_max_sBs0p4
4939,7179.825658621436,5151.959848777838,9874.223944505078,7179.825658621436,0.0,pvalloc_29nbfs_LRG2_max_sBs0p4
4940,296.2565002383486,8837.51097288372,8840.958339356888,296.2565002383486,0.0,pvalloc_29nbfs_LRG2_max_sBs0p4
4941,0.0,12714.32516043736,12714.32516043736,0.0,0.0,pvalloc_29nbfs_LRG2_max_sBs0p4
4942,0.0,13844.117670126652,13844.117670126652,0.0,0.0,pvalloc_29nbfs_LRG2_max_sBs0p4
4943,0.0,13190.081500942473,13190.081500942473,0.0,0.0,pvalloc_29nbfs_LRG2_max_sBs0p4
4944,0.0,15734.473543662867,15734.473543662867,0.0,0.0,pvalloc_29nbfs_LRG2_max_sBs0p4
4945,0.0,11843.652935827873,11843.652935827873,0.0,0.0,pvalloc_29nbfs_LRG2_max_sBs0p4
4946,0.0,9148.163406638314,9148.163406638314,0.0,0.0,pvalloc_29nbfs_LRG2_max_sBs0p4
4947,0.0,7889.191632688864,7889.191632688864,0.0,0.0,pvalloc_29nbfs_LRG2_max_sBs0p4
4948,0.0,7842.183829125384,7842.183829125384,0.0,0.0,pvalloc_29nbfs_LRG2_max_sBs0p4
4949,0.0,6888.334696423669,6888.334696423669,0.0,0.0,pvalloc_29nbfs_LRG2_max_sBs0p4
4950,7.660115903111891,5201.448069155961,5201.465381518915,7.660115903111891,0.0,pvalloc_29nbfs_LRG2_max_sBs0p4
4951,9123.68711551725,2539.209975739601,9969.803335050517,9123.68711551725,0.0,pvalloc_29nbfs_LRG2_max_sBs0p4
4952,30302.54749892162,2553.925534391742,30516.052524148214,30302.54749892162,0.0,pvalloc_29nbfs_LRG2_max_sBs0p4
4953,54005.40581766874,3006.4583955791904,54129.36424138286,52473.551315759134,1531.8545019096005,pvalloc_29nbfs_LRG2_max_sBs0p4
4954,75425.06861833946,3368.4916727960394,75520.86784752138,67732.3195644187,7692.749053920693,pvalloc_29nbfs_LRG2_max_sBs0p4
4955,86707.92233127808,3615.628627456672,86814.54608745714,73962.85457350058,12745.067757777497,pvalloc_29nbfs_LRG2_max_sBs0p4
4956,74737.58911123028,4604.10663653028,74963.02143451419,67282.55484268494,7455.0342685452215,pvalloc_29nbfs_LRG2_max_sBs0p4
4957,50051.35129670939,4867.674908280133,50566.79387809852,49064.775538113325,986.5757585960669,pvalloc_29nbfs_LRG2_max_sBs0p4
4958,60897.127395805124,5005.6908713396115,61339.874201966864,57683.05610878372,3214.0712870214124,pvalloc_29nbfs_LRG2_max_sBs0p4
4959,48571.956744582254,5048.519351004016,49208.59871468917,47750.41488173419,821.541862848067,pvalloc_29nbfs_LRG2_max_sBs0p4
4960,44657.030746561744,4723.38880866597,45273.51381133534,44238.31049518557,418.72025137617817,pvalloc_29nbfs_LRG2_max_sBs0p4
4961,35979.89552216403,4805.193509845014,36783.63510734896,35883.09064110131,96.80488106272065,pvalloc_29nbfs_LRG2_max_sBs0p4
4962,19840.173810028584,4686.99780815389,21184.41326319893,19840.173810028584,0.0,pvalloc_29nbfs_LRG2_max_sBs0p4
4963,9129.421828139319,6050.133779761888,12244.413156919814,9129.421828139319,0.0,pvalloc_29nbfs_LRG2_max_sBs0p4
4964,3.599687923750972,11428.1949173292,11428.1949173292,3.599687923750972,0.0,pvalloc_29nbfs_LRG2_max_sBs0p4
4965,0.0,21698.627529472968,21698.627529472968,0.0,0.0,pvalloc_29nbfs_LRG2_max_sBs0p4
4966,0.0,15054.668580548847,15054.668580548847,0.0,0.0,pvalloc_29nbfs_LRG2_max_sBs0p4
4967,0.0,14761.300435221636,14761.300435221636,0.0,0.0,pvalloc_29nbfs_LRG2_max_sBs0p4
4968,0.0,12492.279958567411,12492.279958567411,0.0,0.0,pvalloc_29nbfs_LRG2_max_sBs0p4
4969,0.0,10052.532145121633,10052.532145121633,0.0,0.0,pvalloc_29nbfs_LRG2_max_sBs0p4
4970,0.0,8034.332061846783,8034.332061846783,0.0,0.0,pvalloc_29nbfs_LRG2_max_sBs0p4
4971,0.0,7219.022230515399,7219.022230515399,0.0,0.0,pvalloc_29nbfs_LRG2_max_sBs0p4
4972,0.0,6689.043790452775,6689.043790452775,0.0,0.0,pvalloc_29nbfs_LRG2_max_sBs0p4
4973,0.0,6426.52820091012,6426.52820091012,0.0,0.0,pvalloc_29nbfs_LRG2_max_sBs0p4
4974,161.11820338252372,3989.46236104272,3991.412109382904,161.11820338252372,0.0,pvalloc_29nbfs_LRG2_max_sBs0p4
4975,10202.634820261599,2533.7841681272525,10985.41252148269,10202.634820261599,0.0,pvalloc_29nbfs_LRG2_max_sBs0p4
4976,3134.6325058556854,2922.1293082116586,4786.664285472666,3134.6325058556854,0.0,pvalloc_29nbfs_LRG2_max_sBs0p4
4977,18337.901547067053,3138.5667113009836,19030.440339995203,18337.901547067053,0.0,pvalloc_29nbfs_LRG2_max_sBs0p4
4978,36176.4634644654,3432.362677312469,36532.21771303516,36086.00966817811,90.4537962872883,pvalloc_29nbfs_LRG2_max_sBs0p4
4979,57341.1911596697,3908.5420246439157,57572.62091681314,55091.598580552214,2249.592579117485,pvalloc_29nbfs_LRG2_max_sBs0p4
4980,59623.631480755736,4677.262283593026,59969.88509874844,56859.73152641418,2763.899954341562,pvalloc_29nbfs_LRG2_max_sBs0p4
4981,62947.20117077885,5377.456919975482,63406.78369568462,59355.59794351678,3591.6032272620723,pvalloc_29nbfs_LRG2_max_sBs0p4
4982,47636.62431434674,4925.856183346628,48239.7237560586,46950.98786984914,685.6364444975976,pvalloc_29nbfs_LRG2_max_sBs0p4
4983,52862.63928277844,5535.155472273725,53508.14771193419,51410.48502709061,1452.1542556878253,pvalloc_29nbfs_LRG2_max_sBs0p4
4984,42937.7609994407,4885.633490370801,43582.48318944519,42658.54124549301,279.219753947685,pvalloc_29nbfs_LRG2_max_sBs0p4
4985,28497.832861359453,4366.660060085623,29331.95397492082,28497.832861359453,0.0,pvalloc_29nbfs_LRG2_max_sBs0p4
4986,22524.31456969562,4916.188777300546,23925.946656999633,22524.31456969562,0.0,pvalloc_29nbfs_LRG2_max_sBs0p4
4987,9973.562822483227,5113.848359492646,12424.50349098444,9973.562822483227,0.0,pvalloc_29nbfs_LRG2_max_sBs0p4
4988,1.763128655343118,11602.630474106894,11602.630474106894,1.763128655343118,0.0,pvalloc_29nbfs_LRG2_max_sBs0p4
4989,0.0,15306.20706282239,15306.20706282239,0.0,0.0,pvalloc_29nbfs_LRG2_max_sBs0p4
4990,0.0,18487.54111223772,18487.54111223772,0.0,0.0,pvalloc_29nbfs_LRG2_max_sBs0p4
4991,0.0,15678.910070087286,15678.910070087286,0.0,0.0,pvalloc_29nbfs_LRG2_max_sBs0p4
4992,0.0,12457.95010585332,12457.95010585332,0.0,0.0,pvalloc_29nbfs_LRG2_max_sBs0p4
4993,0.0,9566.57816566627,9566.57816566627,0.0,0.0,pvalloc_29nbfs_LRG2_max_sBs0p4
4994,0.0,8172.598108657662,8172.598108657662,0.0,0.0,pvalloc_29nbfs_LRG2_max_sBs0p4
4995,0.0,7275.373634775014,7275.373634775014,0.0,0.0,pvalloc_29nbfs_LRG2_max_sBs0p4
4996,0.0,6657.432000184344,6657.432000184344,0.0,0.0,pvalloc_29nbfs_LRG2_max_sBs0p4
4997,0.0,6227.237294939229,6227.237294939229,0.0,0.0,pvalloc_29nbfs_LRG2_max_sBs0p4
4998,409.2768720103018,3581.593074827171,3598.558737098254,409.2768720103018,0.0,pvalloc_29nbfs_LRG2_max_sBs0p4
4999,14923.544958319366,2526.005560009849,15467.897228096297,14923.544958319366,0.0,pvalloc_29nbfs_LRG2_max_sBs0p4
5000,33567.404826806225,2776.3204918817605,33792.82567670455,33557.721415412176,9.683411394048278,pvalloc_29nbfs_LRG2_max_sBs0p4
5001,52008.68226156422,3114.250820747313,52154.96279067873,50797.82765028851,1210.8546112757008,pvalloc_29nbfs_LRG2_max_sBs0p4
5002,65701.58216926438,3224.935341258796,65818.02345945753,61381.648481706165,4319.933687558228,pvalloc_29nbfs_LRG2_max_sBs0p4
5003,85566.20679929324,3939.99554511101,85690.52212627466,73405.88135481918,12160.325444474061,pvalloc_29nbfs_LRG2_max_sBs0p4
5004,83658.87377882053,4477.653714651569,83829.48145197482,72401.03521614637,11257.838562674133,pvalloc_29nbfs_LRG2_max_sBs0p4
5005,90117.40155575395,4606.11981986871,90293.68226529988,75712.67083608265,14404.730719671266,pvalloc_29nbfs_LRG2_max_sBs0p4
5006,83917.7413192095,4591.575677994485,84123.07503168522,72422.28614677548,11495.455172433949,pvalloc_29nbfs_LRG2_max_sBs0p4
5007,70144.64023304156,4609.121132756143,70405.34718914502,64296.72728381191,5847.912949229595,pvalloc_29nbfs_LRG2_max_sBs0p4
5008,55302.28679960694,4087.429629540256,55596.898232673586,53410.3813497552,1891.905449851744,pvalloc_29nbfs_LRG2_max_sBs0p4
5009,32730.38044738572,3834.1218629350733,33278.11941573308,32722.309271744012,8.071175641706759,pvalloc_29nbfs_LRG2_max_sBs0p4
5010,13739.10978695186,3957.782783171314,15068.992798370082,13739.10978695186,0.0,pvalloc_29nbfs_LRG2_max_sBs0p4
5011,2512.7944984970536,6083.347691089914,6860.065184311117,2512.7944984970536,0.0,pvalloc_29nbfs_LRG2_max_sBs0p4
5012,0.024958675141344665,13827.29173049024,13827.29173049024,0.024958675141344665,0.0,pvalloc_29nbfs_LRG2_max_sBs0p4
5013,0.0,14662.18168263524,14662.18168263524,0.0,0.0,pvalloc_29nbfs_LRG2_max_sBs0p4
5014,0.0,16274.799124460178,16274.799124460178,0.0,0.0,pvalloc_29nbfs_LRG2_max_sBs0p4
5015,0.0,15624.092956490873,15624.092956490873,0.0,0.0,pvalloc_29nbfs_LRG2_max_sBs0p4
5016,0.0,12724.18576973016,12724.18576973016,0.0,0.0,pvalloc_29nbfs_LRG2_max_sBs0p4
5017,0.0,10867.074894322572,10867.074894322572,0.0,0.0,pvalloc_29nbfs_LRG2_max_sBs0p4
5018,0.0,8769.371741640622,8769.371741640622,0.0,0.0,pvalloc_29nbfs_LRG2_max_sBs0p4
5019,0.0,7592.314610242441,7592.314610242441,0.0,0.0,pvalloc_29nbfs_LRG2_max_sBs0p4
5020,0.0,6804.494587055006,6804.494587055006,0.0,0.0,pvalloc_29nbfs_LRG2_max_sBs0p4
5021,0.0,6914.4472014214525,6914.4472014214525,0.0,0.0,pvalloc_29nbfs_LRG2_max_sBs0p4
5022,126.57664951941521,4156.98044634378,4158.552907817267,126.57664951941521,0.0,pvalloc_29nbfs_LRG2_max_sBs0p4
5023,10440.552098876897,2563.9266244719324,11233.39750216862,10440.552098876897,0.0,pvalloc_29nbfs_LRG2_max_sBs0p4
5024,21692.078399109152,2749.2855133424778,22114.214580348125,21692.078399109152,0.0,pvalloc_29nbfs_LRG2_max_sBs0p4
5025,18560.59890298216,3366.2415783719002,19407.2532617056,18560.59890298216,0.0,pvalloc_29nbfs_LRG2_max_sBs0p4
5026,30575.356074741092,3798.8224341319146,31187.038010560333,30575.356074741092,0.0,pvalloc_29nbfs_LRG2_max_sBs0p4
5027,65865.8585100139,3646.276810006886,66023.84710757314,61453.917578758264,4411.940931255634,pvalloc_29nbfs_LRG2_max_sBs0p4
5028,78971.14141428717,5326.200807003897,79297.58616503715,69861.9267554499,9109.2146588373,pvalloc_29nbfs_LRG2_max_sBs0p4
5029,52062.95409948961,5045.130769837703,52596.55026432814,50736.86898600358,1326.0851134860145,pvalloc_29nbfs_LRG2_max_sBs0p4
5030,22716.06738966701,5836.444602961001,24590.654042133556,22716.06738966701,0.0,pvalloc_29nbfs_LRG2_max_sBs0p4
5031,25366.31366712906,4959.610311458002,26612.33490625843,25366.31366712906,0.0,pvalloc_29nbfs_LRG2_max_sBs0p4
5032,33758.517758492475,4038.8464386880273,34346.54831686854,33717.94747906338,40.57027942909747,pvalloc_29nbfs_LRG2_max_sBs0p4
5033,26713.744953177156,4129.124526591731,27518.531454975982,26713.744953177156,0.0,pvalloc_29nbfs_LRG2_max_sBs0p4
5034,16597.01489480389,4722.834588254261,18220.192961744884,16597.01489480389,0.0,pvalloc_29nbfs_LRG2_max_sBs0p4
5035,10219.08277713946,5389.715623471787,12755.526010091668,10219.08277713946,0.0,pvalloc_29nbfs_LRG2_max_sBs0p4
5036,10.609691002759051,10991.019703440446,10991.032138589602,10.609691002759051,0.0,pvalloc_29nbfs_LRG2_max_sBs0p4
5037,0.0,15623.399766375916,15623.399766375916,0.0,0.0,pvalloc_29nbfs_LRG2_max_sBs0p4
5038,0.0,16022.715362504952,16022.715362504952,0.0,0.0,pvalloc_29nbfs_LRG2_max_sBs0p4
5039,0.0,16439.751715351846,16439.751715351846,0.0,0.0,pvalloc_29nbfs_LRG2_max_sBs0p4
5040,0.0,12326.556850038325,12326.556850038325,0.0,0.0,pvalloc_29nbfs_LRG2_max_sBs0p4
5041,0.0,9488.472208125191,9488.472208125191,0.0,0.0,pvalloc_29nbfs_LRG2_max_sBs0p4
5042,0.0,8024.4353338224,8024.4353338224,0.0,0.0,pvalloc_29nbfs_LRG2_max_sBs0p4
5043,0.0,7253.657469496068,7253.657469496068,0.0,0.0,pvalloc_29nbfs_LRG2_max_sBs0p4
5044,0.0,6638.189465394041,6638.189465394041,0.0,0.0,pvalloc_29nbfs_LRG2_max_sBs0p4
5045,0.0,6441.096729282571,6441.096729282571,0.0,0.0,pvalloc_29nbfs_LRG2_max_sBs0p4
5046,127.13670196399946,4133.54583095573,4135.097120689297,127.13670196399946,0.0,pvalloc_29nbfs_LRG2_max_sBs0p4
5047,11295.946485553055,2640.760586381741,12116.744096910912,11295.946485553055,0.0,pvalloc_29nbfs_LRG2_max_sBs0p4
5048,32388.706971986456,2959.7347420657234,32667.961540260574,32388.706971986456,0.0,pvalloc_29nbfs_LRG2_max_sBs0p4
5049,53145.506550402184,3327.3258768729506,53313.97159747337,51768.6961161495,1376.810434252679,pvalloc_29nbfs_LRG2_max_sBs0p4
5050,72238.98997303106,3408.983108759251,72338.38275943624,65794.23352396917,6444.756449061976,pvalloc_29nbfs_LRG2_max_sBs0p4
5051,65846.81311066657,3813.9157006602827,66016.60308069602,61471.6172723651,4375.195838301478,pvalloc_29nbfs_LRG2_max_sBs0p4
5052,60335.12357404401,4447.679619991088,60629.73937996663,57424.32126968423,2910.802304359773,pvalloc_29nbfs_LRG2_max_sBs0p4
5053,66922.93816023764,4710.457598639008,67210.67644063698,62171.79623954137,4751.141920696213,pvalloc_29nbfs_LRG2_max_sBs0p4
5054,68048.91747989401,4590.30295417198,68323.55525450519,62859.15391818048,5189.763561713459,pvalloc_29nbfs_LRG2_max_sBs0p4
5055,57558.26625032492,4863.0380299778735,57971.129848332566,55198.10750706685,2360.1587432580764,pvalloc_29nbfs_LRG2_max_sBs0p4
5056,51409.15009662537,4304.692069080153,51769.05839033944,50221.27099111414,1187.8791055112192,pvalloc_29nbfs_LRG2_max_sBs0p4
5057,34344.63261240413,3724.9067798908686,34833.45127426604,34302.03122118188,42.60139122225371,pvalloc_29nbfs_LRG2_max_sBs0p4
5058,12128.518520111034,3720.504924268807,13405.659577840433,12128.518520111034,0.0,pvalloc_29nbfs_LRG2_max_sBs0p4
5059,6179.154454207862,4370.5224040086505,8407.76389217438,6179.154454207862,0.0,pvalloc_29nbfs_LRG2_max_sBs0p4
5060,213.01553319148698,7653.563806631701,7656.1539635274285,213.01553319148698,0.0,pvalloc_29nbfs_LRG2_max_sBs0p4
5061,0.0,12442.644294585474,12442.644294585474,0.0,0.0,pvalloc_29nbfs_LRG2_max_sBs0p4
5062,0.0,12652.57822535876,12652.57822535876,0.0,0.0,pvalloc_29nbfs_LRG2_max_sBs0p4
5063,0.0,12878.862779430521,12878.862779430521,0.0,0.0,pvalloc_29nbfs_LRG2_max_sBs0p4
5064,0.0,12350.755659688533,12350.755659688533,0.0,0.0,pvalloc_29nbfs_LRG2_max_sBs0p4
5065,0.0,11097.685205202353,11097.685205202353,0.0,0.0,pvalloc_29nbfs_LRG2_max_sBs0p4
5066,0.0,9294.124150992036,9294.124150992036,0.0,0.0,pvalloc_29nbfs_LRG2_max_sBs0p4
5067,0.0,7868.847255381625,7868.847255381625,0.0,0.0,pvalloc_29nbfs_LRG2_max_sBs0p4
5068,0.0,6865.793803809358,6865.793803809358,0.0,0.0,pvalloc_29nbfs_LRG2_max_sBs0p4
5069,0.0,7046.1170841017465,7046.1170841017465,0.0,0.0,pvalloc_29nbfs_LRG2_max_sBs0p4
5070,117.88628347508072,4243.16337533999,4244.610339510557,117.88628347508072,0.0,pvalloc_29nbfs_LRG2_max_sBs0p4
5071,13181.01612896194,2495.1359263303484,13789.544976262592,13181.01612896194,0.0,pvalloc_29nbfs_LRG2_max_sBs0p4
5072,30182.070989638167,2796.4957435841047,30454.745780329173,30182.070989638167,0.0,pvalloc_29nbfs_LRG2_max_sBs0p4
5073,52407.525020092326,3195.849611947317,52564.068392996574,51121.61658742806,1285.9084326642633,pvalloc_29nbfs_LRG2_max_sBs0p4
5074,69810.6590238463,3484.118363577304,69943.6717524504,64157.97042705051,5652.688596795593,pvalloc_29nbfs_LRG2_max_sBs0p4
5075,80381.2637902305,3901.809654151396,80525.80062456083,70543.72384612054,9837.53994410997,pvalloc_29nbfs_LRG2_max_sBs0p4
5076,70886.918659292,4437.9403390850575,71111.515269834,64834.3473118871,6052.571347404806,pvalloc_29nbfs_LRG2_max_sBs0p4
5077,62707.604695877424,4863.786800760867,63057.34701693162,59161.50328291741,3546.1014129600194,pvalloc_29nbfs_LRG2_max_sBs0p4
5078,53274.9446635698,5048.202919372809,53808.5639458379,51718.094441618836,1556.8502219509642,pvalloc_29nbfs_LRG2_max_sBs0p4
5079,33085.0029146432,5063.967572472651,34067.13075566596,33057.81514003541,27.187774607780057,pvalloc_29nbfs_LRG2_max_sBs0p4
5080,36285.474161693346,4693.934525022644,37026.2137101554,36182.07961640783,103.39454528551556,pvalloc_29nbfs_LRG2_max_sBs0p4
5081,28589.74989853409,4457.046032776099,29460.24488973943,28589.74989853409,0.0,pvalloc_29nbfs_LRG2_max_sBs0p4
5082,16324.07783326461,4413.380779966018,17740.53369055898,16324.07783326461,0.0,pvalloc_29nbfs_LRG2_max_sBs0p4
5083,8592.885989644992,4732.766189782383,10817.66510176172,8592.885989644992,0.0,pvalloc_29nbfs_LRG2_max_sBs0p4
5084,45.24303291569031,9039.143605299781,9039.420615330713,45.24303291569031,0.0,pvalloc_29nbfs_LRG2_max_sBs0p4
5085,0.0,14038.884071464146,14038.884071464146,0.0,0.0,pvalloc_29nbfs_LRG2_max_sBs0p4
5086,0.0,16707.678657408913,16707.678657408913,0.0,0.0,pvalloc_29nbfs_LRG2_max_sBs0p4
5087,0.0,14798.423471834056,14798.423471834056,0.0,0.0,pvalloc_29nbfs_LRG2_max_sBs0p4
5088,0.0,12920.99292829493,12920.99292829493,0.0,0.0,pvalloc_29nbfs_LRG2_max_sBs0p4
5089,0.0,9900.944565301277,9900.944565301277,0.0,0.0,pvalloc_29nbfs_LRG2_max_sBs0p4
5090,0.0,9389.785903685059,9389.785903685059,0.0,0.0,pvalloc_29nbfs_LRG2_max_sBs0p4
5091,0.0,7401.546438254427,7401.546438254427,0.0,0.0,pvalloc_29nbfs_LRG2_max_sBs0p4
5092,0.0,6692.067790682453,6692.067790682453,0.0,0.0,pvalloc_29nbfs_LRG2_max_sBs0p4
5093,0.0,6497.448685059626,6497.448685059626,0.0,0.0,pvalloc_29nbfs_LRG2_max_sBs0p4
5094,300.4818066181011,3841.4115835651855,3845.3195995773335,300.4818066181011,0.0,pvalloc_29nbfs_LRG2_max_sBs0p4
5095,14805.512752376686,2371.730980683299,15273.028374036621,14805.512752376686,0.0,pvalloc_29nbfs_LRG2_max_sBs0p4
5096,34808.09194903823,2366.6525124867158,34945.128010665554,34779.54669090834,28.54525812988942,pvalloc_29nbfs_LRG2_max_sBs0p4
5097,56896.61184773318,2793.7495415756453,56991.10280965574,54844.34027911318,2052.271568619989,pvalloc_29nbfs_LRG2_max_sBs0p4
5098,73788.55547353775,2917.7874019030664,73864.82476735271,66758.69009781169,7029.865375726158,pvalloc_29nbfs_LRG2_max_sBs0p4
5099,89271.4099959345,3507.6209276939735,89372.32906725317,75292.9932782585,13978.416717675957,pvalloc_29nbfs_LRG2_max_sBs0p4
5100,75375.2485742956,4902.928746227854,75631.25138304927,67650.65665980741,7724.591914488225,pvalloc_29nbfs_LRG2_max_sBs0p4
5101,66112.2846209158,5574.576965949216,66579.73258663554,61527.850204913266,4584.434416002569,pvalloc_29nbfs_LRG2_max_sBs0p4
5102,71196.83780257888,5661.266296450082,71659.91992504489,64860.809018656175,6336.02878392266,pvalloc_29nbfs_LRG2_max_sBs0p4
5103,64994.28057061263,5144.444677034908,65416.84128589923,60694.1167101837,4300.163860428963,pvalloc_29nbfs_LRG2_max_sBs0p4
5104,61186.77631938624,4940.659560117894,61617.100732782215,57898.317873674874,3288.4584457113688,pvalloc_29nbfs_LRG2_max_sBs0p4
5105,25873.29680019058,4797.016947592197,26939.54746112027,25873.29680019058,0.0,pvalloc_29nbfs_LRG2_max_sBs0p4
5106,6548.451922864472,5128.378906791528,9135.22183430653,6548.451922864472,0.0,pvalloc_29nbfs_LRG2_max_sBs0p4
5107,1418.6253444605852,6931.90817390628,7053.852388663948,1418.6253444605852,0.0,pvalloc_29nbfs_LRG2_max_sBs0p4
5108,0.5324401324705885,11343.916138464594,11343.916138464594,0.5324401324705885,0.0,pvalloc_29nbfs_LRG2_max_sBs0p4
5109,0.0,13173.89172578315,13173.89172578315,0.0,0.0,pvalloc_29nbfs_LRG2_max_sBs0p4
5110,0.0,13106.449704799226,13106.449704799226,0.0,0.0,pvalloc_29nbfs_LRG2_max_sBs0p4
5111,0.0,12603.2453164585,12603.2453164585,0.0,0.0,pvalloc_29nbfs_LRG2_max_sBs0p4
5112,0.0,10413.182078012225,10413.182078012225,0.0,0.0,pvalloc_29nbfs_LRG2_max_sBs0p4
5113,0.0,8993.403916155024,8993.403916155024,0.0,0.0,pvalloc_29nbfs_LRG2_max_sBs0p4
5114,0.0,7817.17261512709,7817.17261512709,0.0,0.0,pvalloc_29nbfs_LRG2_max_sBs0p4
5115,0.0,7187.9602584705435,7187.9602584705435,0.0,0.0,pvalloc_29nbfs_LRG2_max_sBs0p4
5116,0.0,6597.782238100717,6597.782238100717,0.0,0.0,pvalloc_29nbfs_LRG2_max_sBs0p4
5117,0.0,6653.58216958441,6653.58216958441,0.0,0.0,pvalloc_29nbfs_LRG2_max_sBs0p4
5118,143.7845856683509,4119.5027555645565,4121.1875586828555,143.7845856683509,0.0,pvalloc_29nbfs_LRG2_max_sBs0p4
5119,10269.426494098176,2358.495207309998,10949.941852478554,10269.426494098176,0.0,pvalloc_29nbfs_LRG2_max_sBs0p4
5120,31157.74285600319,2382.3067329302644,31326.90752148043,31157.74285600319,0.0,pvalloc_29nbfs_LRG2_max_sBs0p4
5121,54455.96835758762,2713.301979556451,54553.01990521198,52869.757031346024,1586.2113262415867,pvalloc_29nbfs_LRG2_max_sBs0p4
5122,70448.76676815035,3179.327036879667,70545.37968862343,64647.07680423498,5801.689963915393,pvalloc_29nbfs_LRG2_max_sBs0p4
5123,88940.70898708471,3493.637514495621,89025.09380734283,75206.10337676229,13734.605610322362,pvalloc_29nbfs_LRG2_max_sBs0p4
5124,88531.79434256742,4691.867477310957,88697.32519575368,75039.56959052048,13492.224752046905,pvalloc_29nbfs_LRG2_max_sBs0p4
5125,88453.73105377825,5520.369564697011,88718.46399857468,74922.88165462241,13530.849399155853,pvalloc_29nbfs_LRG2_max_sBs0p4
5126,82182.7249492313,5400.968245179484,82474.55439557518,71509.7288186244,10672.99613060693,pvalloc_29nbfs_LRG2_max_sBs0p4
5127,77621.02741619374,5317.016638458471,77940.13044488656,68894.88372838535,8726.14368780839,pvalloc_29nbfs_LRG2_max_sBs0p4
5128,68749.0776488299,4485.359516453065,69007.42021817621,63353.11777580409,5395.959873025868,pvalloc_29nbfs_LRG2_max_sBs0p4
5129,50417.28843179376,4326.719872495119,50802.02073841608,49389.586002441814,1027.7024293519407,pvalloc_29nbfs_LRG2_max_sBs0p4
5130,30854.978810750446,4874.498188599776,31803.52016693865,30854.978810750446,0.0,pvalloc_29nbfs_LRG2_max_sBs0p4
5131,12202.518410659919,4978.809679842034,14328.124438097391,12202.518410659919,0.0,pvalloc_29nbfs_LRG2_max_sBs0p4
5132,1.367941531811593,11936.582474466853,11936.582474466853,1.367941531811593,0.0,pvalloc_29nbfs_LRG2_max_sBs0p4
5133,0.0,18228.216139042954,18228.216139042954,0.0,0.0,pvalloc_29nbfs_LRG2_max_sBs0p4
5134,0.0,18162.496361710335,18162.496361710335,0.0,0.0,pvalloc_29nbfs_LRG2_max_sBs0p4
5135,0.0,15581.301938822113,15581.301938822113,0.0,0.0,pvalloc_29nbfs_LRG2_max_sBs0p4
5136,0.0,13660.518661518496,13660.518661518496,0.0,0.0,pvalloc_29nbfs_LRG2_max_sBs0p4
5137,0.0,10358.480128423342,10358.480128423342,0.0,0.0,pvalloc_29nbfs_LRG2_max_sBs0p4
5138,0.0,8828.47113398323,8828.47113398323,0.0,0.0,pvalloc_29nbfs_LRG2_max_sBs0p4
5139,0.0,7213.798405873981,7213.798405873981,0.0,0.0,pvalloc_29nbfs_LRG2_max_sBs0p4
5140,0.0,6479.031429122138,6479.031429122138,0.0,0.0,pvalloc_29nbfs_LRG2_max_sBs0p4
5141,0.0,6403.162580960438,6403.162580960438,0.0,0.0,pvalloc_29nbfs_LRG2_max_sBs0p4
5142,125.63203194156301,4161.7450355641795,4163.1251206895195,125.63203194156301,0.0,pvalloc_29nbfs_LRG2_max_sBs0p4
5143,13308.711367107991,2354.761083026092,13828.408475526936,13308.711367107991,0.0,pvalloc_29nbfs_LRG2_max_sBs0p4
5144,33119.365336990115,2663.0430480674368,33318.297174394174,33119.365336990115,0.0,pvalloc_29nbfs_LRG2_max_sBs0p4
5145,53984.92659222407,3207.5999165323624,54126.370716711965,52480.839083870276,1504.0875083537953,pvalloc_29nbfs_LRG2_max_sBs0p4
5146,74377.70265900783,3327.914012860753,74474.74820341902,67150.64440587822,7227.058253129559,pvalloc_29nbfs_LRG2_max_sBs0p4
5147,87665.02753444812,4249.351243911639,87789.75777005151,74622.4652725082,13042.562261939986,pvalloc_29nbfs_LRG2_max_sBs0p4
5148,83280.59219215505,5794.710779425904,83646.91251963354,72374.85530351449,10905.736888640553,pvalloc_29nbfs_LRG2_max_sBs0p4
5149,88101.57299064285,5321.404284500162,88342.00661595284,74828.45356784512,13273.119422797727,pvalloc_29nbfs_LRG2_max_sBs0p4
5150,87705.96975344181,4495.582249972375,87897.71875680627,74421.700206343,13284.269547098735,pvalloc_29nbfs_LRG2_max_sBs0p4
5151,75875.50116006669,5024.962520229271,76146.40861982883,67937.76298158892,7937.738178477733,pvalloc_29nbfs_LRG2_max_sBs0p4
5152,63213.58316113311,4265.274478016956,63458.90284358735,59539.895181113374,3673.687980019744,pvalloc_29nbfs_LRG2_max_sBs0p4
5153,45936.79680455055,3930.070880376728,46263.990973567714,45499.92652857817,436.87027597236823,pvalloc_29nbfs_LRG2_max_sBs0p4
5154,30684.838872441058,3930.6989889124457,31273.141249093092,30684.838872441058,0.0,pvalloc_29nbfs_LRG2_max_sBs0p4
5155,10171.882367563483,5608.060514339523,12945.869658989492,10171.882367563483,0.0,pvalloc_29nbfs_LRG2_max_sBs0p4
5156,0.9894317178646173,13203.538563748083,13203.538563748083,0.9894317178646173,0.0,pvalloc_29nbfs_LRG2_max_sBs0p4
5157,0.0,16656.158247084175,16656.158247084175,0.0,0.0,pvalloc_29nbfs_LRG2_max_sBs0p4
5158,0.0,16956.66673318879,16956.66673318879,0.0,0.0,pvalloc_29nbfs_LRG2_max_sBs0p4
5159,0.0,13878.197386105796,13878.197386105796,0.0,0.0,pvalloc_29nbfs_LRG2_max_sBs0p4
5160,0.0,13359.709264488025,13359.709264488025,0.0,0.0,pvalloc_29nbfs_LRG2_max_sBs0p4
5161,0.0,9823.421723926978,9823.421723926978,0.0,0.0,pvalloc_29nbfs_LRG2_max_sBs0p4
5162,0.0,8004.918441437759,8004.918441437759,0.0,0.0,pvalloc_29nbfs_LRG2_max_sBs0p4
5163,0.0,7279.771629046192,7279.771629046192,0.0,0.0,pvalloc_29nbfs_LRG2_max_sBs0p4
5164,0.0,6702.512682378077,6702.512682378077,0.0,0.0,pvalloc_29nbfs_LRG2_max_sBs0p4
5165,0.0,6398.7645866892735,6398.7645866892735,0.0,0.0,pvalloc_29nbfs_LRG2_max_sBs0p4
5166,103.08903093892022,4348.835063729066,4349.935727801319,103.08903093892022,0.0,pvalloc_29nbfs_LRG2_max_sBs0p4
5167,12663.379694735571,2547.929373419981,13328.792186497407,12663.379694735571,0.0,pvalloc_29nbfs_LRG2_max_sBs0p4
5168,33067.42254211973,2920.346052378153,33322.66861204562,33067.42254211973,0.0,pvalloc_29nbfs_LRG2_max_sBs0p4
5169,54919.440558813825,3160.4279501435108,55051.599041402405,53245.85948081831,1673.58107799552,pvalloc_29nbfs_LRG2_max_sBs0p4
5170,74947.50065615289,3061.174518062368,75031.82783335286,67471.12250293781,7476.378153215078,pvalloc_29nbfs_LRG2_max_sBs0p4
5171,89757.59593021727,3764.981382726791,89857.53007530278,75624.00248803827,14133.593442179012,pvalloc_29nbfs_LRG2_max_sBs0p4
5172,84040.88363166424,4277.520728381331,84200.3612940763,72613.02273049433,11427.86090116993,pvalloc_29nbfs_LRG2_max_sBs0p4
5173,78325.94236133619,4585.951895841775,78541.00755073018,69380.6258862591,8945.316475077028,pvalloc_29nbfs_LRG2_max_sBs0p4
5174,88619.84811709334,4540.582135154189,88808.25140467066,74912.49456285911,13707.353554234214,pvalloc_29nbfs_LRG2_max_sBs0p4
5175,76368.42385568174,4721.904897412418,76615.59316191726,68189.96564192999,8178.458213751785,pvalloc_29nbfs_LRG2_max_sBs0p4
5176,61168.57798584182,4536.958581273707,61473.980411700235,57987.87150923266,3180.706476609163,pvalloc_29nbfs_LRG2_max_sBs0p4
5177,41841.608762110445,4211.011478288009,42316.60336856194,41629.80356339923,211.8051987112102,pvalloc_29nbfs_LRG2_max_sBs0p4
5178,22927.05140850012,4132.080734489583,23847.811804652356,22927.05140850012,0.0,pvalloc_29nbfs_LRG2_max_sBs0p4
5179,9385.014857213766,4312.126423826792,11203.389643661534,9385.014857213766,0.0,pvalloc_29nbfs_LRG2_max_sBs0p4
5180,20.14416242430948,9583.893130034228,9584.050091425652,20.14416242430948,0.0,pvalloc_29nbfs_LRG2_max_sBs0p4
5181,0.0,17958.547144614713,17958.547144614713,0.0,0.0,pvalloc_29nbfs_LRG2_max_sBs0p4
5182,0.0,15508.105894089556,15508.105894089556,0.0,0.0,pvalloc_29nbfs_LRG2_max_sBs0p4
5183,0.0,14273.897403473247,14273.897403473247,0.0,0.0,pvalloc_29nbfs_LRG2_max_sBs0p4
5184,0.0,13200.332246555769,13200.332246555769,0.0,0.0,pvalloc_29nbfs_LRG2_max_sBs0p4
5185,0.0,9638.325646422076,9638.325646422076,0.0,0.0,pvalloc_29nbfs_LRG2_max_sBs0p4
5186,0.0,8321.584507793394,8321.584507793394,0.0,0.0,pvalloc_29nbfs_LRG2_max_sBs0p4
5187,0.0,7169.817360127392,7169.817360127392,0.0,0.0,pvalloc_29nbfs_LRG2_max_sBs0p4
5188,0.0,7079.928698781938,7079.928698781938,0.0,0.0,pvalloc_29nbfs_LRG2_max_sBs0p4
5189,0.0,6529.334832922409,6529.334832922409,0.0,0.0,pvalloc_29nbfs_LRG2_max_sBs0p4
5190,43.78168592404195,4768.166640645005,4768.663022840769,43.78168592404195,0.0,pvalloc_29nbfs_LRG2_max_sBs0p4
5191,10378.241078836356,2502.06513054334,11128.673855881107,10378.241078836356,0.0,pvalloc_29nbfs_LRG2_max_sBs0p4
5192,27612.979568584444,2856.9898242442473,27934.955526248457,27612.979568584444,0.0,pvalloc_29nbfs_LRG2_max_sBs0p4
5193,49195.99478952594,3114.7818469413987,49350.74539256407,48459.238933038025,736.7558564879275,pvalloc_29nbfs_LRG2_max_sBs0p4
5194,62322.451386566405,3395.63020260158,62456.65826240522,58967.696840008386,3354.7545465580174,pvalloc_29nbfs_LRG2_max_sBs0p4
5195,70879.68619528839,4074.316383747144,71048.32390378795,64939.89516578339,5939.791029505049,pvalloc_29nbfs_LRG2_max_sBs0p4
5196,68352.88164254725,5045.480137379673,68689.66012154061,63286.579018439086,5066.302624108145,pvalloc_29nbfs_LRG2_max_sBs0p4
5197,72584.09446127093,4919.249376650327,72859.08886974312,65921.96297461484,6662.131486656076,pvalloc_29nbfs_LRG2_max_sBs0p4
5198,71334.1728145722,5430.985756601233,71704.63704032621,65109.36474379323,6224.808070779076,pvalloc_29nbfs_LRG2_max_sBs0p4
5199,70443.25702195638,4903.297134169033,70742.32660495158,64495.23957256252,5948.017449393839,pvalloc_29nbfs_LRG2_max_sBs0p4
5200,42356.06818670793,3815.0460923322316,42726.84446268363,42123.61442924449,232.4537574634465,pvalloc_29nbfs_LRG2_max_sBs0p4
5201,27216.443674082304,3804.7410579687953,27863.733127373664,27216.443674082304,0.0,pvalloc_29nbfs_LRG2_max_sBs0p4
5202,13099.741404612252,4327.316381138613,14761.39908177134,13099.741404612252,0.0,pvalloc_29nbfs_LRG2_max_sBs0p4
5203,8221.258795965898,4806.094652847625,10540.995653189946,8221.258795965898,0.0,pvalloc_29nbfs_LRG2_max_sBs0p4
5204,0.0,15090.714999174124,15090.714999174124,0.0,0.0,pvalloc_29nbfs_LRG2_max_sBs0p4
5205,0.0,15791.348827533153,15791.348827533153,0.0,0.0,pvalloc_29nbfs_LRG2_max_sBs0p4
5206,0.0,15247.755727980577,15247.755727980577,0.0,0.0,pvalloc_29nbfs_LRG2_max_sBs0p4
5207,0.0,15008.225250668322,15008.225250668322,0.0,0.0,pvalloc_29nbfs_LRG2_max_sBs0p4
5208,0.0,12069.433844123945,12069.433844123945,0.0,0.0,pvalloc_29nbfs_LRG2_max_sBs0p4
5209,0.0,11145.876780548275,11145.876780548275,0.0,0.0,pvalloc_29nbfs_LRG2_max_sBs0p4
5210,0.0,8940.899584908117,8940.899584908117,0.0,0.0,pvalloc_29nbfs_LRG2_max_sBs0p4
5211,0.0,7874.895807358424,7874.895807358424,0.0,0.0,pvalloc_29nbfs_LRG2_max_sBs0p4
5212,0.0,7043.644556647981,7043.644556647981,0.0,0.0,pvalloc_29nbfs_LRG2_max_sBs0p4
5213,0.0,7125.558647681809,7125.558647681809,0.0,0.0,pvalloc_29nbfs_LRG2_max_sBs0p4
5214,3.607823930029155,5734.087299323371,5734.158982619185,3.607823930029155,0.0,pvalloc_29nbfs_LRG2_max_sBs0p4
5215,1654.4421448616588,3023.7731219288676,3676.146189095672,1654.4421448616588,0.0,pvalloc_29nbfs_LRG2_max_sBs0p4
5216,6111.961810333922,2945.09269112597,7459.227300134002,6111.961810333922,0.0,pvalloc_29nbfs_LRG2_max_sBs0p4
5217,12205.580475466817,3187.6609941406045,13275.442700628762,12205.580475466817,0.0,pvalloc_29nbfs_LRG2_max_sBs0p4
5218,23894.517556744904,3307.374353748447,24454.783842120465,23894.517556744904,0.0,pvalloc_29nbfs_LRG2_max_sBs0p4
5219,28433.02483338521,3945.9263199241313,29101.59075608915,28433.02483338521,0.0,pvalloc_29nbfs_LRG2_max_sBs0p4
5220,21054.945847808816,5082.381991629277,22719.201329247553,21054.945847808816,0.0,pvalloc_29nbfs_LRG2_max_sBs0p4
5221,45699.77434246956,4532.316330220248,46206.441676582865,45245.962285862006,453.8120566075512,pvalloc_29nbfs_LRG2_max_sBs0p4
5222,60419.18116462632,4698.695375006716,60773.960280650965,57383.47157145387,3035.709593172436,pvalloc_29nbfs_LRG2_max_sBs0p4
5223,47446.723021061196,4724.601124375608,47965.450572515365,46830.96933307345,615.7536879877397,pvalloc_29nbfs_LRG2_max_sBs0p4
5224,47804.08110663653,4121.248395254566,48170.65044981337,47164.81282730926,639.268279327281,pvalloc_29nbfs_LRG2_max_sBs0p4
5225,35802.51122560774,4199.547671070001,36378.02670977739,35735.095966198096,67.4152594096455,pvalloc_29nbfs_LRG2_max_sBs0p4
5226,24957.984459527343,4094.133759447344,25778.199701160476,24957.984459527343,0.0,pvalloc_29nbfs_LRG2_max_sBs0p4
5227,10271.178069571097,4773.39173525834,12373.94480839751,10271.178069571097,0.0,pvalloc_29nbfs_LRG2_max_sBs0p4
5228,0.24472296825941678,12343.443033246298,12343.443033246298,0.24472296825941678,0.0,pvalloc_29nbfs_LRG2_max_sBs0p4
5229,0.0,17463.78761121696,17463.78761121696,0.0,0.0,pvalloc_29nbfs_LRG2_max_sBs0p4
5230,0.0,16776.245765136624,16776.245765136624,0.0,0.0,pvalloc_29nbfs_LRG2_max_sBs0p4
5231,0.0,13863.094861205216,13863.094861205216,0.0,0.0,pvalloc_29nbfs_LRG2_max_sBs0p4
5232,0.0,12379.083196074873,12379.083196074873,0.0,0.0,pvalloc_29nbfs_LRG2_max_sBs0p4
5233,0.0,10840.79645112631,10840.79645112631,0.0,0.0,pvalloc_29nbfs_LRG2_max_sBs0p4
5234,0.0,8839.193140860432,8839.193140860432,0.0,0.0,pvalloc_29nbfs_LRG2_max_sBs0p4
5235,0.0,7691.549078353807,7691.549078353807,0.0,0.0,pvalloc_29nbfs_LRG2_max_sBs0p4
5236,0.0,6881.188714069511,6881.188714069511,0.0,0.0,pvalloc_29nbfs_LRG2_max_sBs0p4
5237,0.0,7020.828203404438,7020.828203404438,0.0,0.0,pvalloc_29nbfs_LRG2_max_sBs0p4
5238,66.53661839310286,4740.881951648706,4741.5663144659065,66.53661839310286,0.0,pvalloc_29nbfs_LRG2_max_sBs0p4
5239,11462.636722116202,2608.4368645594886,12194.061119416609,11462.636722116202,0.0,pvalloc_29nbfs_LRG2_max_sBs0p4
5240,24408.084103197867,2926.800349500391,24812.788161227498,24408.084103197867,0.0,pvalloc_29nbfs_LRG2_max_sBs0p4
5241,48306.349261281364,3153.0013742233323,48471.590483122614,47673.89144347302,632.4578178083411,pvalloc_29nbfs_LRG2_max_sBs0p4
5242,62264.100214857724,3597.4293849203236,62417.190499395576,58922.70491705377,3341.3952978039524,pvalloc_29nbfs_LRG2_max_sBs0p4
5243,68819.70658252473,3909.52644284838,68986.10015486846,63526.59542891238,5293.111153612337,pvalloc_29nbfs_LRG2_max_sBs0p4
5244,56482.58308144473,4417.742615013537,56798.72936950951,54427.22987064725,2055.353210797488,pvalloc_29nbfs_LRG2_max_sBs0p4
5245,54913.59289284021,4932.270239343677,55363.120420484964,53137.712901841776,1775.8799909984357,pvalloc_29nbfs_LRG2_max_sBs0p4
5246,51252.989086368936,4986.505918754786,51800.942824400634,50048.4421367286,1204.5469496403475,pvalloc_29nbfs_LRG2_max_sBs0p4
5247,50997.00540505231,4681.045520196617,51472.286781986,49847.333254324396,1149.6721507279053,pvalloc_29nbfs_LRG2_max_sBs0p4
5248,43372.715542228536,4129.340833486844,43829.4897912908,43076.24258485392,296.4729573746041,pvalloc_29nbfs_LRG2_max_sBs0p4
5249,35404.78334415068,4003.7049407751065,35939.778806944705,35344.13987486376,60.64346928692589,pvalloc_29nbfs_LRG2_max_sBs0p4
5250,18126.326510126586,4538.42448390111,19493.42292714416,18126.326510126586,0.0,pvalloc_29nbfs_LRG2_max_sBs0p4
5251,8334.956380173495,5133.433188086266,10855.789331251126,8334.956380173495,0.0,pvalloc_29nbfs_LRG2_max_sBs0p4
5252,0.0,19000.074599680476,19000.074599680476,0.0,0.0,pvalloc_29nbfs_LRG2_max_sBs0p4
5253,0.0,19290.580116971654,19290.580116971654,0.0,0.0,pvalloc_29nbfs_LRG2_max_sBs0p4
5254,0.0,16835.268381474216,16835.268381474216,0.0,0.0,pvalloc_29nbfs_LRG2_max_sBs0p4
5255,0.0,14924.78827852718,14924.78827852718,0.0,0.0,pvalloc_29nbfs_LRG2_max_sBs0p4
5256,0.0,13381.168060104112,13381.168060104112,0.0,0.0,pvalloc_29nbfs_LRG2_max_sBs0p4
5257,0.0,10539.960012448035,10539.960012448035,0.0,0.0,pvalloc_29nbfs_LRG2_max_sBs0p4
5258,0.0,8429.066249258416,8429.066249258416,0.0,0.0,pvalloc_29nbfs_LRG2_max_sBs0p4
5259,0.0,7662.686930720701,7662.686930720701,0.0,0.0,pvalloc_29nbfs_LRG2_max_sBs0p4
5260,0.0,6987.5697160524915,6987.5697160524915,0.0,0.0,pvalloc_29nbfs_LRG2_max_sBs0p4
5261,0.0,6946.060646242223,6946.060646242223,0.0,0.0,pvalloc_29nbfs_LRG2_max_sBs0p4
5262,58.78399841686359,4987.448621250023,4988.071690177168,58.78399841686359,0.0,pvalloc_29nbfs_LRG2_max_sBs0p4
5263,12691.404506692408,2562.883731304986,13330.32544900851,12691.404506692408,0.0,pvalloc_29nbfs_LRG2_max_sBs0p4
5264,33509.52382004307,2855.923357984155,33745.28276478336,33506.33945879823,3.1843612448359977,pvalloc_29nbfs_LRG2_max_sBs0p4
5265,56205.086249199354,2947.0176030192715,56317.681438917076,54283.476954715574,1921.6092944837815,pvalloc_29nbfs_LRG2_max_sBs0p4
5266,75233.99045481617,3724.1807256003804,75350.81182694482,67686.94677751031,7547.043677305881,pvalloc_29nbfs_LRG2_max_sBs0p4
5267,88837.64260024592,4799.891194054181,89007.90776916525,75243.79609803713,13593.846502208771,pvalloc_29nbfs_LRG2_max_sBs0p4
5268,86131.03404183414,5847.823697744466,86464.89704303704,73824.78032852002,12306.253713314147,pvalloc_29nbfs_LRG2_max_sBs0p4
5269,91028.39810190651,5814.373056847965,91317.76453091591,76244.75947224436,14783.638629662164,pvalloc_29nbfs_LRG2_max_sBs0p4
5270,91513.6570371347,5228.389878327345,91783.1946653907,76221.60591763155,15292.051119503103,pvalloc_29nbfs_LRG2_max_sBs0p4
5271,83056.17671904838,5019.988409802838,83318.175275491,71934.5133205614,11121.663398486977,pvalloc_29nbfs_LRG2_max_sBs0p4
5272,69198.51659729163,4778.319442898873,69486.33025821141,63668.641641218295,5529.874956073319,pvalloc_29nbfs_LRG2_max_sBs0p4
5273,52130.19318521794,4342.688132370842,52505.33812404283,50815.95833351783,1314.2348517000994,pvalloc_29nbfs_LRG2_max_sBs0p4
5274,31265.963139496023,4442.7569254634645,32030.434683841493,31265.963139496023,0.0,pvalloc_29nbfs_LRG2_max_sBs0p4
5275,12675.891361805565,4708.6486102771005,14449.397626554031,12675.891361805565,0.0,pvalloc_29nbfs_LRG2_max_sBs0p4
5276,0.001144878417680309,16107.962376378688,16107.962376378688,0.001144878417680309,0.0,pvalloc_29nbfs_LRG2_max_sBs0p4
5277,0.0,16661.54003587522,16661.54003587522,0.0,0.0,pvalloc_29nbfs_LRG2_max_sBs0p4
5278,0.0,16071.879638820657,16071.879638820657,0.0,0.0,pvalloc_29nbfs_LRG2_max_sBs0p4
5279,0.0,16513.61501158644,16513.61501158644,0.0,0.0,pvalloc_29nbfs_LRG2_max_sBs0p4
5280,0.0,14223.402737580196,14223.402737580196,0.0,0.0,pvalloc_29nbfs_LRG2_max_sBs0p4
5281,0.0,10189.901163932846,10189.901163932846,0.0,0.0,pvalloc_29nbfs_LRG2_max_sBs0p4
5282,0.0,9219.90861812319,9219.90861812319,0.0,0.0,pvalloc_29nbfs_LRG2_max_sBs0p4
5283,0.0,8077.212368111326,8077.212368111326,0.0,0.0,pvalloc_29nbfs_LRG2_max_sBs0p4
5284,0.0,7416.388772703772,7416.388772703772,0.0,0.0,pvalloc_29nbfs_LRG2_max_sBs0p4
5285,0.0,7104.393955178766,7104.393955178766,0.0,0.0,pvalloc_29nbfs_LRG2_max_sBs0p4
5286,19.590967293087587,5505.366339228366,5505.628867963002,19.590967293087587,0.0,pvalloc_29nbfs_LRG2_max_sBs0p4
5287,11800.667444766184,2604.2828599578866,12507.66292694051,11800.667444766184,0.0,pvalloc_29nbfs_LRG2_max_sBs0p4
5288,33676.00831674889,2762.636376846415,33891.630164961694,33670.486299647,5.52201710190036,pvalloc_29nbfs_LRG2_max_sBs0p4
5289,55892.1902108352,2764.818686950143,55993.22322184492,54030.12653044308,1862.0636803921207,pvalloc_29nbfs_LRG2_max_sBs0p4
5290,74191.45108230501,3621.193403545107,74301.47798822184,67059.89012928058,7131.560953024483,pvalloc_29nbfs_LRG2_max_sBs0p4
5291,90226.03494710049,4049.624798751082,90348.49247512675,75845.62516076377,14380.409786336673,pvalloc_29nbfs_LRG2_max_sBs0p4
5292,85624.02802217435,5618.687961447722,85925.31851693516,73560.98904444264,12063.038977731716,pvalloc_29nbfs_LRG2_max_sBs0p4
5293,91377.54735831419,5532.553255791078,91637.48331535098,76308.77238479258,15068.77497352162,pvalloc_29nbfs_LRG2_max_sBs0p4
5294,86756.27795386511,6652.282723875883,87211.75275463074,73913.94106723777,12842.336886627334,pvalloc_29nbfs_LRG2_max_sBs0p4
5295,80015.98368895821,6058.202216228881,80438.11942689355,70232.19770394995,9783.785985008251,pvalloc_29nbfs_LRG2_max_sBs0p4
5296,65451.22833096693,6116.163574127216,66039.05355259063,61111.88416484258,4339.344166124347,pvalloc_29nbfs_LRG2_max_sBs0p4
5297,49701.400022661386,5439.0573454156365,50392.890103609854,48730.04770502183,971.3523176395545,pvalloc_29nbfs_LRG2_max_sBs0p4
5298,29312.083068597774,5432.784785893275,30516.75837352106,29312.083068597774,0.0,pvalloc_29nbfs_LRG2_max_sBs0p4
5299,8810.01869255317,6468.264749685285,12182.060408254913,8810.01869255317,0.0,pvalloc_29nbfs_LRG2_max_sBs0p4
5300,0.002782290935076717,16914.955426335873,16914.955426335873,0.002782290935076717,0.0,pvalloc_29nbfs_LRG2_max_sBs0p4
5301,0.0,19664.8737674663,19664.8737674663,0.0,0.0,pvalloc_29nbfs_LRG2_max_sBs0p4
5302,0.0,21717.297616531432,21717.297616531432,0.0,0.0,pvalloc_29nbfs_LRG2_max_sBs0p4
5303,0.0,17214.825474050005,17214.825474050005,0.0,0.0,pvalloc_29nbfs_LRG2_max_sBs0p4
5304,0.0,12578.207549128689,12578.207549128689,0.0,0.0,pvalloc_29nbfs_LRG2_max_sBs0p4
5305,0.0,10294.109997870488,10294.109997870488,0.0,0.0,pvalloc_29nbfs_LRG2_max_sBs0p4
5306,0.0,8325.709247505114,8325.709247505114,0.0,0.0,pvalloc_29nbfs_LRG2_max_sBs0p4
5307,0.0,7293.515981600715,7293.515981600715,0.0,0.0,pvalloc_29nbfs_LRG2_max_sBs0p4
5308,0.0,6735.77447883469,6735.77447883469,0.0,0.0,pvalloc_29nbfs_LRG2_max_sBs0p4
5309,0.0,6710.483943585054,6710.483943585054,0.0,0.0,pvalloc_29nbfs_LRG2_max_sBs0p4
5310,30.2854772848619,4984.853202798123,4985.2383282387955,30.2854772848619,0.0,pvalloc_29nbfs_LRG2_max_sBs0p4
5311,11752.879149424698,2510.444915641121,12420.551576634893,11752.879149424698,0.0,pvalloc_29nbfs_LRG2_max_sBs0p4
5312,32873.18912480926,2874.191419190469,33121.65575794141,32873.18912480926,0.0,pvalloc_29nbfs_LRG2_max_sBs0p4
5313,54821.59865540631,3219.6083908883206,54962.15518819328,53156.925259224176,1664.6733961821449,pvalloc_29nbfs_LRG2_max_sBs0p4
5314,74966.24331149623,3688.513427694864,75092.22035759722,67489.90334948718,7476.339962009092,pvalloc_29nbfs_LRG2_max_sBs0p4
5315,91201.3766043404,3849.54902573005,91313.96943387459,76301.20772748369,14900.16887685671,pvalloc_29nbfs_LRG2_max_sBs0p4
5316,85245.22883807661,5912.741404350889,85594.74617277349,73343.5784450222,11901.650393054353,pvalloc_29nbfs_LRG2_max_sBs0p4
5317,90970.103126118,5414.898399191298,91209.95385083534,76186.26825080924,14783.834875308736,pvalloc_29nbfs_LRG2_max_sBs0p4
5318,88574.05706244623,5552.751468911757,88845.94463802794,74911.0344930476,13663.02256939869,pvalloc_29nbfs_LRG2_max_sBs0p4
5319,82028.54344702931,4916.794441733442,82262.15583700844,71436.11879582034,10592.424651209076,pvalloc_29nbfs_LRG2_max_sBs0p4
5320,67946.43081506666,4825.435749296605,68244.17026943124,62838.355656933665,5108.075158133002,pvalloc_29nbfs_LRG2_max_sBs0p4
5321,50063.19329923104,4697.238876115857,50520.1442955181,49103.081506812836,960.1117924182008,pvalloc_29nbfs_LRG2_max_sBs0p4
5322,31971.83627656177,3954.4681779917805,32566.15579476706,31971.83627656177,0.0,pvalloc_29nbfs_LRG2_max_sBs0p4
5323,10837.940477665546,4741.772479699836,12904.94359338522,10837.940477665546,0.0,pvalloc_29nbfs_LRG2_max_sBs0p4
5324,0.6156146763963541,11780.33246007989,11780.33246007989,0.6156146763963541,0.0,pvalloc_29nbfs_LRG2_max_sBs0p4
5325,0.0,17798.451423069695,17798.451423069695,0.0,0.0,pvalloc_29nbfs_LRG2_max_sBs0p4
5326,0.0,19605.334016129706,19605.334016129706,0.0,0.0,pvalloc_29nbfs_LRG2_max_sBs0p4
5327,0.0,17993.339244710096,17993.339244710096,0.0,0.0,pvalloc_29nbfs_LRG2_max_sBs0p4
5328,0.0,14499.905393880888,14499.905393880888,0.0,0.0,pvalloc_29nbfs_LRG2_max_sBs0p4
5329,0.0,10706.798579119699,10706.798579119699,0.0,0.0,pvalloc_29nbfs_LRG2_max_sBs0p4
5330,0.0,8691.305275136961,8691.305275136961,0.0,0.0,pvalloc_29nbfs_LRG2_max_sBs0p4
5331,0.0,7299.8383396543995,7299.8383396543995,0.0,0.0,pvalloc_29nbfs_LRG2_max_sBs0p4
5332,0.0,6942.4868277889755,6942.4868277889755,0.0,0.0,pvalloc_29nbfs_LRG2_max_sBs0p4
5333,0.0,6828.1340130815815,6828.1340130815815,0.0,0.0,pvalloc_29nbfs_LRG2_max_sBs0p4
5334,10.222918035965574,5417.7918117542085,5417.927402334611,10.222918035965574,0.0,pvalloc_29nbfs_LRG2_max_sBs0p4
5335,10506.45497945175,2805.5578194566187,11439.730770619077,10506.45497945175,0.0,pvalloc_29nbfs_LRG2_max_sBs0p4
5336,31591.891743514578,3234.2584163753477,31946.760417483587,31591.891743514578,0.0,pvalloc_29nbfs_LRG2_max_sBs0p4
5337,53932.6041042399,3412.452966649247,54100.940691987205,52418.69234312032,1513.9117611195804,pvalloc_29nbfs_LRG2_max_sBs0p4
5338,73882.29446342969,3725.339794980541,74009.68100853689,66839.25014148536,7043.044321944366,pvalloc_29nbfs_LRG2_max_sBs0p4
5339,89057.44975540033,4022.8559490258535,89174.82097024107,75282.06317705766,13775.386578342765,pvalloc_29nbfs_LRG2_max_sBs0p4
5340,84371.59548151426,5739.866137209853,84719.7507894026,72969.06007110926,11402.535410405038,pvalloc_29nbfs_LRG2_max_sBs0p4
5341,88670.12643542708,5708.3125984479,88960.4931288338,75103.01728849119,13567.109146935889,pvalloc_29nbfs_LRG2_max_sBs0p4
5342,85482.17107315906,6552.191424627519,85939.46812544619,73437.69561072579,12044.475462433307,pvalloc_29nbfs_LRG2_max_sBs0p4
5343,80361.12656524827,5458.920982125164,80670.98187840314,70492.03520029818,9869.091364950125,pvalloc_29nbfs_LRG2_max_sBs0p4
5344,68392.61411623654,4524.157448710913,68650.5513245043,63130.257914444344,5262.356201792242,pvalloc_29nbfs_LRG2_max_sBs0p4
5345,48971.16042850037,4481.25402581536,49393.328157542805,48181.66077775722,789.4996507431479,pvalloc_29nbfs_LRG2_max_sBs0p4
5346,29294.14413145466,4463.6657127940625,30121.556082849398,29294.14413145466,0.0,pvalloc_29nbfs_LRG2_max_sBs0p4
5347,7444.308906467338,6365.103100752529,10947.71684301634,7444.308906467338,0.0,pvalloc_29nbfs_LRG2_max_sBs0p4
5348,0.0,15989.616614082033,15989.616614082033,0.0,0.0,pvalloc_29nbfs_LRG2_max_sBs0p4
5349,0.0,16826.71504393423,16826.71504393423,0.0,0.0,pvalloc_29nbfs_LRG2_max_sBs0p4
5350,0.0,17455.218388780384,17455.218388780384,0.0,0.0,pvalloc_29nbfs_LRG2_max_sBs0p4
5351,0.0,17312.601875985754,17312.601875985754,0.0,0.0,pvalloc_29nbfs_LRG2_max_sBs0p4
5352,0.0,14414.143741518077,14414.143741518077,0.0,0.0,pvalloc_29nbfs_LRG2_max_sBs0p4
5353,0.0,9954.17201230051,9954.17201230051,0.0,0.0,pvalloc_29nbfs_LRG2_max_sBs0p4
5354,0.0,8448.308232531268,8448.308232531268,0.0,0.0,pvalloc_29nbfs_LRG2_max_sBs0p4
5355,0.0,7461.470557932399,7461.470557932399,0.0,0.0,pvalloc_29nbfs_LRG2_max_sBs0p4
5356,0.0,6904.553782501744,6904.553782501744,0.0,0.0,pvalloc_29nbfs_LRG2_max_sBs0p4
5357,0.0,6785.528064411383,6785.528064411383,0.0,0.0,pvalloc_29nbfs_LRG2_max_sBs0p4
5358,16.173382112482557,5398.049512088657,5398.279475964814,16.173382112482557,0.0,pvalloc_29nbfs_LRG2_max_sBs0p4
5359,10623.425268614148,2700.1383131503926,11465.937900244586,10623.425268614148,0.0,pvalloc_29nbfs_LRG2_max_sBs0p4
5360,31819.006334219714,3036.40896048142,32119.46784080662,31819.006334219714,0.0,pvalloc_29nbfs_LRG2_max_sBs0p4
5361,51634.03416403009,4021.3559967669544,51937.66196568059,50511.64011860729,1122.394045422789,pvalloc_29nbfs_LRG2_max_sBs0p4
5362,72720.22901354803,4119.283662091849,72883.9388299627,66139.05121936725,6581.177794180891,pvalloc_29nbfs_LRG2_max_sBs0p4
5363,86944.63259099583,4994.413148930265,87152.84317005984,74318.06990814273,12626.562682853146,pvalloc_29nbfs_LRG2_max_sBs0p4
5364,84899.67551110132,5829.299955704657,85260.36240490574,73253.46406453135,11646.21144656996,pvalloc_29nbfs_LRG2_max_sBs0p4
5365,87853.4471560785,6393.657561636473,88286.69826829492,74772.5111492172,13080.936006861282,pvalloc_29nbfs_LRG2_max_sBs0p4
5366,90085.57216238664,5273.29986230678,90323.65458217818,75676.85369647143,14408.718465915154,pvalloc_29nbfs_LRG2_max_sBs0p4
5367,81542.72675070453,4898.266244594955,81769.5382078056,71195.92470568603,10346.802045018501,pvalloc_29nbfs_LRG2_max_sBs0p4
5368,67793.533060293,4601.101082774659,68049.90634271433,62800.95902266413,4992.574037628846,pvalloc_29nbfs_LRG2_max_sBs0p4
5369,48934.403216912935,4696.5230964192815,49397.43636139344,48173.9821873712,760.421029541749,pvalloc_29nbfs_LRG2_max_sBs0p4
5370,28012.217302290162,4838.372594269781,29079.31663427891,28012.217302290162,0.0,pvalloc_29nbfs_LRG2_max_sBs0p4
5371,9368.002776700308,5175.503117360674,11829.368670099282,9368.002776700308,0.0,pvalloc_29nbfs_LRG2_max_sBs0p4
5372,0.0,16855.716781811894,16855.716781811894,0.0,0.0,pvalloc_29nbfs_LRG2_max_sBs0p4
5373,0.0,17345.892495044838,17345.892495044838,0.0,0.0,pvalloc_29nbfs_LRG2_max_sBs0p4
5374,0.0,16579.52219038973,16579.52219038973,0.0,0.0,pvalloc_29nbfs_LRG2_max_sBs0p4
5375,0.0,15251.446364993699,15251.446364993699,0.0,0.0,pvalloc_29nbfs_LRG2_max_sBs0p4
5376,0.0,13188.262672566276,13188.262672566276,0.0,0.0,pvalloc_29nbfs_LRG2_max_sBs0p4
5377,0.0,11323.92566649367,11323.92566649367,0.0,0.0,pvalloc_29nbfs_LRG2_max_sBs0p4
5378,0.0,9734.491596408214,9734.491596408214,0.0,0.0,pvalloc_29nbfs_LRG2_max_sBs0p4
5379,0.0,8493.11069650855,8493.11069650855,0.0,0.0,pvalloc_29nbfs_LRG2_max_sBs0p4
5380,0.0,7434.255107382792,7434.255107382792,0.0,0.0,pvalloc_29nbfs_LRG2_max_sBs0p4
5381,0.0,7087.350693282779,7087.350693282779,0.0,0.0,pvalloc_29nbfs_LRG2_max_sBs0p4
5382,6.5094772908321055,5749.4128009737005,5749.512191783541,6.5094772908321055,0.0,pvalloc_29nbfs_LRG2_max_sBs0p4
5383,10254.325959072916,2774.2308892090637,11158.727776814894,10254.325959072916,0.0,pvalloc_29nbfs_LRG2_max_sBs0p4
5384,32073.447915612793,2885.465186870675,32341.10113431767,32073.447915612793,0.0,pvalloc_29nbfs_LRG2_max_sBs0p4
5385,54206.259339112534,3220.8269011536877,54351.80128184508,52639.452534237986,1566.8068048745522,pvalloc_29nbfs_LRG2_max_sBs0p4
5386,72811.95396426125,3904.9672035988597,72951.59873604869,66188.40767390915,6623.546290352098,pvalloc_29nbfs_LRG2_max_sBs0p4
5387,88428.56326371066,4434.517889888836,88576.31047715848,74966.85745179937,13461.705811911252,pvalloc_29nbfs_LRG2_max_sBs0p4
5388,85520.57191690484,5516.58276710818,85805.01607401978,73491.6466666753,12028.925250229533,pvalloc_29nbfs_LRG2_max_sBs0p4
5389,89254.80993547155,5835.246990850177,89556.98050565881,75344.27114165504,13910.538793816462,pvalloc_29nbfs_LRG2_max_sBs0p4
5390,85621.49162500422,6239.483084536436,86010.31235887032,73454.70957002969,12166.782054974481,pvalloc_29nbfs_LRG2_max_sBs0p4
5391,78824.74525449422,5603.673912509947,79160.95295472795,69676.8602239489,9147.88503054535,pvalloc_29nbfs_LRG2_max_sBs0p4
5392,64783.506565588956,5314.259007873459,65191.752144674436,60741.473879394376,4042.032686194594,pvalloc_29nbfs_LRG2_max_sBs0p4
5393,46002.23251975859,5337.97488922127,46713.497671422505,45558.60873498147,443.62378477712247,pvalloc_29nbfs_LRG2_max_sBs0p4
5394,27034.23674599778,4953.525430282635,28200.594842550152,27034.23674599778,0.0,pvalloc_29nbfs_LRG2_max_sBs0p4
5395,6321.94222732957,7005.089145961049,10430.885423213684,6321.94222732957,0.0,pvalloc_29nbfs_LRG2_max_sBs0p4
5396,0.0,17145.818023102456,17145.818023102456,0.0,0.0,pvalloc_29nbfs_LRG2_max_sBs0p4
5397,0.0,18592.212130355496,18592.212130355496,0.0,0.0,pvalloc_29nbfs_LRG2_max_sBs0p4
5398,0.0,17959.280865600802,17959.280865600802,0.0,0.0,pvalloc_29nbfs_LRG2_max_sBs0p4
5399,0.0,15321.147510146637,15321.147510146637,0.0,0.0,pvalloc_29nbfs_LRG2_max_sBs0p4
5400,0.0,13722.161589340785,13722.161589340785,0.0,0.0,pvalloc_29nbfs_LRG2_max_sBs0p4
5401,0.0,10430.229263731497,10430.229263731497,0.0,0.0,pvalloc_29nbfs_LRG2_max_sBs0p4
5402,0.0,8829.571873465273,8829.571873465273,0.0,0.0,pvalloc_29nbfs_LRG2_max_sBs0p4
5403,0.0,7657.188196967489,7657.188196967489,0.0,0.0,pvalloc_29nbfs_LRG2_max_sBs0p4
5404,0.0,7455.696363549953,7455.696363549953,0.0,0.0,pvalloc_29nbfs_LRG2_max_sBs0p4
5405,0.0,7031.549107246737,7031.549107246737,0.0,0.0,pvalloc_29nbfs_LRG2_max_sBs0p4
5406,1.9965039769905808,6089.694473606813,6089.741824599344,1.9965039769905808,0.0,pvalloc_29nbfs_LRG2_max_sBs0p4
5407,10247.16291943028,2615.629712723548,11051.05294531525,10247.16291943028,0.0,pvalloc_29nbfs_LRG2_max_sBs0p4
5408,29308.326353191158,3028.8959822864135,29647.289914739227,29308.326353191158,0.0,pvalloc_29nbfs_LRG2_max_sBs0p4
5409,48769.22821165934,3991.1556136092668,49085.88413417804,48076.34535852453,692.8828531348204,pvalloc_29nbfs_LRG2_max_sBs0p4
5410,67053.67798890248,3842.5907988668378,67215.41830519956,62353.00272178881,4700.675267113691,pvalloc_29nbfs_LRG2_max_sBs0p4
5411,74854.73645013312,4142.077901452241,75026.73584976315,67363.0906499687,7491.645800164432,pvalloc_29nbfs_LRG2_max_sBs0p4
5412,63312.195245135896,5462.248967367669,63791.91319042294,59688.026906672494,3624.1683384634184,pvalloc_29nbfs_LRG2_max_sBs0p4
5413,62778.809425448446,6093.536497442052,63409.098042905294,59240.53921802076,3538.270207427678,pvalloc_29nbfs_LRG2_max_sBs0p4
5414,57281.56707441903,6035.222471724784,58005.46520009288,54911.389392705496,2370.1776817135146,pvalloc_29nbfs_LRG2_max_sBs0p4
5415,46210.75891949219,5488.195110813744,46970.213306278194,45699.37734540949,511.38157408269177,pvalloc_29nbfs_LRG2_max_sBs0p4
5416,34372.736871491405,5014.096505740973,35263.62577253386,34324.00032737972,48.736544111685475,pvalloc_29nbfs_LRG2_max_sBs0p4
5417,27442.236615632108,4820.206352153422,28495.610584798054,27442.236615632108,0.0,pvalloc_29nbfs_LRG2_max_sBs0p4
5418,11359.835590951103,5233.624189884422,13693.552154752617,11359.835590951103,0.0,pvalloc_29nbfs_LRG2_max_sBs0p4
5419,2517.4278201477773,6575.006642312177,7235.657834000549,2517.4278201477773,0.0,pvalloc_29nbfs_LRG2_max_sBs0p4
5420,0.0,14157.286249182345,14157.286249182345,0.0,0.0,pvalloc_29nbfs_LRG2_max_sBs0p4
5421,0.0,16175.317955120869,16175.317955120869,0.0,0.0,pvalloc_29nbfs_LRG2_max_sBs0p4
5422,0.0,16617.529616008727,16617.529616008727,0.0,0.0,pvalloc_29nbfs_LRG2_max_sBs0p4
5423,0.0,15583.466132818583,15583.466132818583,0.0,0.0,pvalloc_29nbfs_LRG2_max_sBs0p4
5424,0.0,13573.678772779585,13573.678772779585,0.0,0.0,pvalloc_29nbfs_LRG2_max_sBs0p4
4920,0.0,11113.463869085279,11113.463869085279,0.0,0.0,pvalloc_29nbfs_LRG2_max_sBs0p6
4921,0.0,10737.831728562101,10737.831728562101,0.0,0.0,pvalloc_29nbfs_LRG2_max_sBs0p6
4922,0.0,10105.311448681487,10105.311448681487,0.0,0.0,pvalloc_29nbfs_LRG2_max_sBs0p6
4923,0.0,8120.094880445637,8120.094880445637,0.0,0.0,pvalloc_29nbfs_LRG2_max_sBs0p6
4924,0.0,7251.733657230992,7251.733657230992,0.0,0.0,pvalloc_29nbfs_LRG2_max_sBs0p6
4925,0.0,6971.075169345191,6971.075169345191,0.0,0.0,pvalloc_29nbfs_LRG2_max_sBs0p6
4926,823.6790268706653,3596.100569969019,3690.730282682093,823.6790268706653,0.0,pvalloc_29nbfs_LRG2_max_sBs0p6
4927,15762.570087922244,2536.147442469971,16269.666659298546,15762.570087922244,0.0,pvalloc_29nbfs_LRG2_max_sBs0p6
4928,35996.55999010563,2697.6738706924916,36181.48144041833,35930.728452461815,65.83153764380842,pvalloc_29nbfs_LRG2_max_sBs0p6
4929,55371.64428397515,3337.713398370922,55527.52242151883,53604.49303045018,1767.1512535249622,pvalloc_29nbfs_LRG2_max_sBs0p6
4930,74395.0215452317,3562.6012679452247,74508.53351806336,67097.82871109332,7297.192834138456,pvalloc_29nbfs_LRG2_max_sBs0p6
4931,89322.93596455305,4071.9601067045774,89451.50557307011,75345.0040877584,13977.931876794602,pvalloc_29nbfs_LRG2_max_sBs0p6
4932,74225.68621106364,5133.236144988752,74532.50432115947,66961.73260887054,7263.953602193044,pvalloc_29nbfs_LRG2_max_sBs0p6
4933,61771.31710348004,6642.072545989079,62616.8089757029,58537.52557028845,3233.791533191597,pvalloc_29nbfs_LRG2_max_sBs0p6
4934,58395.660420869106,5487.491748121101,58938.98192248914,55854.033330006605,2541.6270908624833,pvalloc_29nbfs_LRG2_max_sBs0p6
4935,50983.96701401515,5066.559422803236,51551.29236663221,49814.95042941736,1169.0165845977972,pvalloc_29nbfs_LRG2_max_sBs0p6
4936,50367.55360166521,4815.292352995168,50881.03102480978,49308.24722731635,1059.3063743488533,pvalloc_29nbfs_LRG2_max_sBs0p6
4937,34087.94948568778,4267.017233493296,34737.037365501,34046.64655810134,41.30292758643736,pvalloc_29nbfs_LRG2_max_sBs0p6
4938,16344.980430061934,3926.132564971224,17456.22788698066,16344.980430061934,0.0,pvalloc_29nbfs_LRG2_max_sBs0p6
4939,7180.760766701903,5152.102392937873,9874.156133749073,7180.760766701903,0.0,pvalloc_29nbfs_LRG2_max_sBs0p6
4940,296.2250252505261,8837.218954703552,8840.66632117672,296.2250252505261,0.0,pvalloc_29nbfs_LRG2_max_sBs0p6
4941,0.0,12714.325160437362,12714.325160437362,0.0,0.0,pvalloc_29nbfs_LRG2_max_sBs0p6
4942,0.0,13844.117670126652,13844.117670126652,0.0,0.0,pvalloc_29nbfs_LRG2_max_sBs0p6
4943,0.0,13190.081500942473,13190.081500942473,0.0,0.0,pvalloc_29nbfs_LRG2_max_sBs0p6
4944,0.0,15734.473543662869,15734.473543662869,0.0,0.0,pvalloc_29nbfs_LRG2_max_sBs0p6
4945,0.0,11843.652935827873,11843.652935827873,0.0,0.0,pvalloc_29nbfs_LRG2_max_sBs0p6
4946,0.0,9148.163406638312,9148.163406638312,0.0,0.0,pvalloc_29nbfs_LRG2_max_sBs0p6
4947,0.0,7889.191632688863,7889.191632688863,0.0,0.0,pvalloc_29nbfs_LRG2_max_sBs0p6
4948,0.0,7842.183829125384,7842.183829125384,0.0,0.0,pvalloc_29nbfs_LRG2_max_sBs0p6
4949,0.0,6888.334696423669,6888.334696423669,0.0,0.0,pvalloc_29nbfs_LRG2_max_sBs0p6
4950,7.626803978023605,5201.3382491376005,5201.355561500554,7.626803978023605,0.0,pvalloc_29nbfs_LRG2_max_sBs0p6
4951,9124.444319133932,2539.2930964986676,9970.124817722633,9124.444319133932,0.0,pvalloc_29nbfs_LRG2_max_sBs0p6
4952,30304.228312225896,2553.925534391742,30517.52131192076,30304.228312225896,0.0,pvalloc_29nbfs_LRG2_max_sBs0p6
4953,54008.27901389027,3006.45839557919,54132.21649478293,52473.91094486802,1534.3680690222382,pvalloc_29nbfs_LRG2_max_sBs0p6
4954,75428.97305919466,3368.49167279604,75524.76117410451,67729.90304628918,7699.070012905457,pvalloc_29nbfs_LRG2_max_sBs0p6
4955,86712.37459690688,3615.6286274566714,86818.98854555062,73961.67052998304,12750.704066923872,pvalloc_29nbfs_LRG2_max_sBs0p6
4956,74741.61994179804,4604.10663653028,74966.63033952581,67280.09671732948,7461.523224468526,pvalloc_29nbfs_LRG2_max_sBs0p6
4957,50054.227437747024,4867.6749082801325,50569.10438962155,49065.259580978185,988.9678567688339,pvalloc_29nbfs_LRG2_max_sBs0p6
4958,60900.478627184966,5005.690871339612,61342.804617098955,57684.554180821986,3215.92444636296,pvalloc_29nbfs_LRG2_max_sBs0p6
4959,48574.66939741833,5048.446815867444,49210.47017521568,47752.20085785986,822.4685395584637,pvalloc_29nbfs_LRG2_max_sBs0p6
4960,44659.50968116597,4723.320478206426,45275.222144374544,44241.07751171755,418.43216944841663,pvalloc_29nbfs_LRG2_max_sBs0p6
4961,35982.27000164153,4805.4357925172835,36785.36752375108,35885.54981275493,96.72018888660756,pvalloc_29nbfs_LRG2_max_sBs0p6
4962,19841.558025277704,4687.02037434179,21184.915875421655,19841.558025277704,0.0,pvalloc_29nbfs_LRG2_max_sBs0p6
4963,9130.686146237515,6050.413512820459,12244.3449196954,9130.686146237515,0.0,pvalloc_29nbfs_LRG2_max_sBs0p6
4964,3.5808614381945763,11428.016366091,11428.016366091,3.5808614381945763,0.0,pvalloc_29nbfs_LRG2_max_sBs0p6
4965,0.0,21698.627529472968,21698.627529472968,0.0,0.0,pvalloc_29nbfs_LRG2_max_sBs0p6
4966,0.0,15054.668580548845,15054.668580548845,0.0,0.0,pvalloc_29nbfs_LRG2_max_sBs0p6
4967,0.0,14761.300435221638,14761.300435221638,0.0,0.0,pvalloc_29nbfs_LRG2_max_sBs0p6
4968,0.0,12492.279958567413,12492.279958567413,0.0,0.0,pvalloc_29nbfs_LRG2_max_sBs0p6
4969,0.0,10052.532145121631,10052.532145121631,0.0,0.0,pvalloc_29nbfs_LRG2_max_sBs0p6
4970,0.0,8034.332061846783,8034.332061846783,0.0,0.0,pvalloc_29nbfs_LRG2_max_sBs0p6
4971,0.0,7219.022230515399,7219.022230515399,0.0,0.0,pvalloc_29nbfs_LRG2_max_sBs0p6
4972,0.0,6689.043790452777,6689.043790452777,0.0,0.0,pvalloc_29nbfs_LRG2_max_sBs0p6
4973,0.0,6426.52820091012,6426.52820091012,0.0,0.0,pvalloc_29nbfs_LRG2_max_sBs0p6
4974,161.06678417080542,3989.296656378271,3991.246404718454,161.06678417080542,0.0,pvalloc_29nbfs_LRG2_max_sBs0p6
4975,10203.395167671379,2533.8127543757278,10985.742959399427,10203.395167671379,0.0,pvalloc_29nbfs_LRG2_max_sBs0p6
4976,3135.2699496536584,2922.370777471476,4786.854956571553,3135.2699496536584,0.0,pvalloc_29nbfs_LRG2_max_sBs0p6
4977,18339.234747345363,3138.7001146116622,19031.316079028664,18339.234747345363,0.0,pvalloc_29nbfs_LRG2_max_sBs0p6
4978,36178.56833172456,3432.362677312469,36533.92705578882,36088.222201141245,90.34613058331138,pvalloc_29nbfs_LRG2_max_sBs0p6
4979,57344.34265185913,3908.5420246439144,57575.44206217316,55093.00830126915,2251.3343505899775,pvalloc_29nbfs_LRG2_max_sBs0p6
4980,59626.96119156895,4677.262283593027,59972.82276934543,56861.218943956665,2765.742247612282,pvalloc_29nbfs_LRG2_max_sBs0p6
4981,62950.76696687616,5377.456919975482,63409.765340804996,59357.24353429498,3593.5234325811775,pvalloc_29nbfs_LRG2_max_sBs0p6
4982,47639.3123567953,4925.785642461466,48241.58120507688,46953.25115828513,686.0611985101709,pvalloc_29nbfs_LRG2_max_sBs0p6
4983,52865.72176915928,5535.155472273724,53510.63825227066,51410.91219139984,1454.809577759445,pvalloc_29nbfs_LRG2_max_sBs0p6
4984,42940.30675129923,4885.633490370801,43584.55177043766,42661.13885860441,279.1678926948123,pvalloc_29nbfs_LRG2_max_sBs0p6
4985,28499.8070457238,4366.860771323463,29333.17056194616,28499.8070457238,0.0,pvalloc_29nbfs_LRG2_max_sBs0p6
4986,22525.963677519303,4916.297035306143,23926.681132800226,22525.963677519303,0.0,pvalloc_29nbfs_LRG2_max_sBs0p6
4987,9974.688152390874,5114.010012636165,12425.067709426827,9974.688152390874,0.0,pvalloc_29nbfs_LRG2_max_sBs0p6
4988,1.7478939144848478,11602.436283883208,11602.436283883208,1.7478939144848478,0.0,pvalloc_29nbfs_LRG2_max_sBs0p6
4989,0.0,15306.207062822388,15306.207062822388,0.0,0.0,pvalloc_29nbfs_LRG2_max_sBs0p6
4990,0.0,18487.54111223772,18487.54111223772,0.0,0.0,pvalloc_29nbfs_LRG2_max_sBs0p6
4991,0.0,15678.910070087288,15678.910070087288,0.0,0.0,pvalloc_29nbfs_LRG2_max_sBs0p6
4992,0.0,12457.95010585332,12457.95010585332,0.0,0.0,pvalloc_29nbfs_LRG2_max_sBs0p6
4993,0.0,9566.57816566627,9566.57816566627,0.0,0.0,pvalloc_29nbfs_LRG2_max_sBs0p6
4994,0.0,8172.598108657664,8172.598108657664,0.0,0.0,pvalloc_29nbfs_LRG2_max_sBs0p6
4995,0.0,7275.373634775014,7275.373634775014,0.0,0.0,pvalloc_29nbfs_LRG2_max_sBs0p6
4996,0.0,6657.432000184344,6657.432000184344,0.0,0.0,pvalloc_29nbfs_LRG2_max_sBs0p6
4997,0.0,6227.237294939229,6227.237294939229,0.0,0.0,pvalloc_29nbfs_LRG2_max_sBs0p6
4998,409.30652368704455,3581.4719426813326,3598.4400399419837,409.30652368704455,0.0,pvalloc_29nbfs_LRG2_max_sBs0p6
4999,14924.601899265514,2526.1105998292387,15468.557744209693,14924.601899265514,0.0,pvalloc_29nbfs_LRG2_max_sBs0p6
5000,33569.265644864216,2776.320491881761,33794.498308118666,33559.62336383248,9.642281031745313,pvalloc_29nbfs_LRG2_max_sBs0p6
5001,52011.466776908506,3114.250820747313,52157.65832187873,50798.25748029954,1213.2092966089588,pvalloc_29nbfs_LRG2_max_sBs0p6
5002,65705.01028109234,3224.9353412587966,65821.44278489986,61381.27821538666,4323.732065705668,pvalloc_29nbfs_LRG2_max_sBs0p6
5003,85570.64945208005,3939.99554511101,85694.95440766051,73404.69665414213,12165.952797937913,pvalloc_29nbfs_LRG2_max_sBs0p6
5004,83663.27577214708,4477.653714651569,83833.85136727296,72399.67498846156,11263.60078368548,pvalloc_29nbfs_LRG2_max_sBs0p6
5005,90122.07564829111,4606.119819868709,90298.34291156582,75711.56260922135,14410.513039069694,pvalloc_29nbfs_LRG2_max_sBs0p6
5006,83922.10827299458,4591.575677994485,84127.0463261098,72420.93451665335,11501.173756341223,pvalloc_29nbfs_LRG2_max_sBs0p6
5007,70148.35213912491,4609.121132756143,70408.66601051041,64295.52469973242,5852.827439392387,pvalloc_29nbfs_LRG2_max_sBs0p6
5008,55305.25584135271,4087.429629540256,55599.54343294086,53412.004800408315,1893.2510409443817,pvalloc_29nbfs_LRG2_max_sBs0p6
5009,32732.3068250821,3834.1456395966784,33279.45005626142,32724.196975528288,8.109849553813262,pvalloc_29nbfs_LRG2_max_sBs0p6
5010,13740.259326685575,3957.9082013753205,15069.523649878798,13740.259326685575,0.0,pvalloc_29nbfs_LRG2_max_sBs0p6
5011,2513.1595686393302,6083.209343042798,6860.0310412215285,2513.1595686393302,0.0,pvalloc_29nbfs_LRG2_max_sBs0p6
5012,0.024958675141344665,13827.212789798175,13827.212789798175,0.024958675141344665,0.0,pvalloc_29nbfs_LRG2_max_sBs0p6
5013,0.0,14662.181682635239,14662.181682635239,0.0,0.0,pvalloc_29nbfs_LRG2_max_sBs0p6
5014,0.0,16274.799124460178,16274.799124460178,0.0,0.0,pvalloc_29nbfs_LRG2_max_sBs0p6
5015,0.0,15624.092956490871,15624.092956490871,0.0,0.0,pvalloc_29nbfs_LRG2_max_sBs0p6
5016,0.0,12724.18576973016,12724.18576973016,0.0,0.0,pvalloc_29nbfs_LRG2_max_sBs0p6
5017,0.0,10867.074894322572,10867.074894322572,0.0,0.0,pvalloc_29nbfs_LRG2_max_sBs0p6
5018,0.0,8769.371741640622,8769.371741640622,0.0,0.0,pvalloc_29nbfs_LRG2_max_sBs0p6
5019,0.0,7592.314610242441,7592.314610242441,0.0,0.0,pvalloc_29nbfs_LRG2_max_sBs0p6
5020,0.0,6804.494587055007,6804.494587055007,0.0,0.0,pvalloc_29nbfs_LRG2_max_sBs0p6
5021,0.0,6914.447201421454,6914.447201421454,0.0,0.0,pvalloc_29nbfs_LRG2_max_sBs0p6
5022,126.5145462117288,4156.797144172544,4158.369605646029,126.5145462117288,0.0,pvalloc_29nbfs_LRG2_max_sBs0p6
5023,10441.335904296271,2563.957399988588,11233.739893609456,10441.335904296271,0.0,pvalloc_29nbfs_LRG2_max_sBs0p6
5024,21693.385495801966,2749.249458604283,22115.026506165854,21693.385495801966,0.0,pvalloc_29nbfs_LRG2_max_sBs0p6
5025,18562.129807652498,3366.493258825739,19407.944953537673,18562.129807652498,0.0,pvalloc_29nbfs_LRG2_max_sBs0p6
5026,30577.28021631467,3798.822434131914,31188.516954255196,30577.28021631467,0.0,pvalloc_29nbfs_LRG2_max_sBs0p6
5027,65869.4078631368,3646.276810006886,66027.27432536364,61453.61865920717,4415.789203929643,pvalloc_29nbfs_LRG2_max_sBs0p6
5028,78975.49744332512,5326.200807003898,79301.17429191495,69858.906319375,9116.591123950024,pvalloc_29nbfs_LRG2_max_sBs0p6
5029,52066.00943790255,5045.130769837702,52599.01708640894,50737.354833974074,1328.654603928484,pvalloc_29nbfs_LRG2_max_sBs0p6
5030,22717.84621432074,5836.526417574927,24591.61886637769,22717.84621432074,0.0,pvalloc_29nbfs_LRG2_max_sBs0p6
5031,25367.89762021204,4959.4759483354865,26612.697352508476,25367.89762021204,0.0,pvalloc_29nbfs_LRG2_max_sBs0p6
5032,33760.49387378739,4038.795261400797,34347.74589947368,33720.039850172405,40.454023614986795,pvalloc_29nbfs_LRG2_max_sBs0p6
5033,26715.622173218846,4129.315007993479,27519.681079515936,26715.622173218846,0.0,pvalloc_29nbfs_LRG2_max_sBs0p6
5034,16598.413409968747,4722.992687311208,18220.78517237727,16598.413409968747,0.0,pvalloc_29nbfs_LRG2_max_sBs0p6
5035,10220.427229568744,5390.101445659743,12755.415134385996,10220.427229568744,0.0,pvalloc_29nbfs_LRG2_max_sBs0p6
5036,10.546633013879175,10990.757660354353,10990.770095503509,10.546633013879175,0.0,pvalloc_29nbfs_LRG2_max_sBs0p6
5037,0.0,15623.399766375918,15623.399766375918,0.0,0.0,pvalloc_29nbfs_LRG2_max_sBs0p6
5038,0.0,16022.715362504954,16022.715362504954,0.0,0.0,pvalloc_29nbfs_LRG2_max_sBs0p6
5039,0.0,16439.75171535185,16439.75171535185,0.0,0.0,pvalloc_29nbfs_LRG2_max_sBs0p6
5040,0.0,12326.556850038327,12326.556850038327,0.0,0.0,pvalloc_29nbfs_LRG2_max_sBs0p6
5041,0.0,9488.472208125191,9488.472208125191,0.0,0.0,pvalloc_29nbfs_LRG2_max_sBs0p6
5042,0.0,8024.435333822398,8024.435333822398,0.0,0.0,pvalloc_29nbfs_LRG2_max_sBs0p6
5043,0.0,7253.657469496068,7253.657469496068,0.0,0.0,pvalloc_29nbfs_LRG2_max_sBs0p6
5044,0.0,6638.189465394041,6638.189465394041,0.0,0.0,pvalloc_29nbfs_LRG2_max_sBs0p6
5045,0.0,6441.096729282571,6441.096729282571,0.0,0.0,pvalloc_29nbfs_LRG2_max_sBs0p6
5046,127.07095787954982,4133.355586985064,4134.906876718633,127.07095787954982,0.0,pvalloc_29nbfs_LRG2_max_sBs0p6
5047,11296.755549605476,2640.7633875565334,12117.142442875214,11296.755549605476,0.0,pvalloc_29nbfs_LRG2_max_sBs0p6
5048,32390.550727156216,2959.734742065724,32669.443877233,32390.550727156216,0.0,pvalloc_29nbfs_LRG2_max_sBs0p6
5049,53148.37638269264,3327.325876872951,53316.540827631834,51769.12431465835,1379.2520680342927,pvalloc_29nbfs_LRG2_max_sBs0p6
5050,72242.759350139,3408.9831087592515,72342.09404423654,65792.48433072762,6450.275019411411,pvalloc_29nbfs_LRG2_max_sBs0p6
5051,65850.32485559653,3813.9157006602827,66019.7861827369,61471.2543516063,4379.070503990238,pvalloc_29nbfs_LRG2_max_sBs0p6
5052,60338.445932104085,4447.679619991089,60632.74376583165,57425.812283371495,2912.633648732589,pvalloc_29nbfs_LRG2_max_sBs0p6
5053,66926.58182373566,4710.457598639008,67213.93058589128,62171.47184630318,4755.109977432549,pvalloc_29nbfs_LRG2_max_sBs0p6
5054,68052.52123868819,4590.30295417198,68326.83167785143,62858.76487171425,5193.756366974009,pvalloc_29nbfs_LRG2_max_sBs0p6
5055,57561.42098121412,4863.0380299778735,57973.8799196078,55199.4756630386,2361.9453181755275,pvalloc_29nbfs_LRG2_max_sBs0p6
5056,51411.97530270204,4304.692069080153,51771.58988526715,50221.706742254595,1190.2685604474423,pvalloc_29nbfs_LRG2_max_sBs0p6
5057,34346.5318310655,3724.8500804755745,34834.75560038546,34303.98797871108,42.54385235442669,pvalloc_29nbfs_LRG2_max_sBs0p6
5058,12129.49093765789,3720.5633140910168,13406.010548424065,12129.49093765789,0.0,pvalloc_29nbfs_LRG2_max_sBs0p6
5059,6180.194760503631,4370.908129266028,8408.162231578994,6180.194760503631,0.0,pvalloc_29nbfs_LRG2_max_sBs0p6
5060,213.1018740324403,7653.486657354872,7656.0768142506,213.1018740324403,0.0,pvalloc_29nbfs_LRG2_max_sBs0p6
5061,0.0,12442.644294585474,12442.644294585474,0.0,0.0,pvalloc_29nbfs_LRG2_max_sBs0p6
5062,0.0,12652.578225358759,12652.578225358759,0.0,0.0,pvalloc_29nbfs_LRG2_max_sBs0p6
5063,0.0,12878.862779430521,12878.862779430521,0.0,0.0,pvalloc_29nbfs_LRG2_max_sBs0p6
5064,0.0,12350.75565968853,12350.75565968853,0.0,0.0,pvalloc_29nbfs_LRG2_max_sBs0p6
5065,0.0,11097.685205202353,11097.685205202353,0.0,0.0,pvalloc_29nbfs_LRG2_max_sBs0p6
5066,0.0,9294.124150992038,9294.124150992038,0.0,0.0,pvalloc_29nbfs_LRG2_max_sBs0p6
5067,0.0,7868.8472553816255,7868.8472553816255,0.0,0.0,pvalloc_29nbfs_LRG2_max_sBs0p6
5068,0.0,6865.793803809358,6865.793803809358,0.0,0.0,pvalloc_29nbfs_LRG2_max_sBs0p6
5069,0.0,7046.117084101746,7046.117084101746,0.0,0.0,pvalloc_29nbfs_LRG2_max_sBs0p6
5070,117.82042650985441,4242.977967900882,4244.424932071447,117.82042650985441,0.0,pvalloc_29nbfs_LRG2_max_sBs0p6
5071,13181.916701470001,2495.169072735743,13789.923067075328,13181.916701470001,0.0,pvalloc_29nbfs_LRG2_max_sBs0p6
5072,30183.784126389346,2796.4957435841047,30456.192836754453,30183.784126389346,0.0,pvalloc_29nbfs_LRG2_max_sBs0p6
5073,52410.31506341563,3195.849611947318,52566.59702565023,51122.03938572653,1288.2756776891056,pvalloc_29nbfs_LRG2_max_sBs0p6
5074,69814.28853015963,3484.118363577304,69947.29131360803,64156.05275920635,5658.235770953201,pvalloc_29nbfs_LRG2_max_sBs0p6
5075,80385.4267026809,3901.8096541513964,80529.95256178755,70541.83257287605,9843.594129804873,pvalloc_29nbfs_LRG2_max_sBs0p6
5076,70890.69437159953,4437.940339085056,71115.1682844512,64832.40184190858,6058.292529690884,pvalloc_29nbfs_LRG2_max_sBs0p6
5077,62711.04363725614,4863.786800760867,63060.43311873966,59163.0661475833,3547.977489672844,pvalloc_29nbfs_LRG2_max_sBs0p6
5078,53277.93641466808,5048.20291937281,53811.21733268775,51718.5063137086,1559.4301009594792,pvalloc_29nbfs_LRG2_max_sBs0p6
5079,33087.3358397854,5064.2052879940575,34068.635653259895,33060.25128842917,27.084551356225973,pvalloc_29nbfs_LRG2_max_sBs0p6
5080,36287.86643210762,4694.148636597418,37027.77333984989,36184.568324014675,103.29810809294918,pvalloc_29nbfs_LRG2_max_sBs0p6
5081,28591.739000082078,4457.248358878074,29461.454847766196,28591.739000082078,0.0,pvalloc_29nbfs_LRG2_max_sBs0p6
5082,16325.399043192392,4413.523650149477,17740.98432713877,16325.399043192392,0.0,pvalloc_29nbfs_LRG2_max_sBs0p6
5083,8593.856822614609,4732.925713351549,10817.401822670881,8593.856822614609,0.0,pvalloc_29nbfs_LRG2_max_sBs0p6
5084,45.18069396922893,9038.930166623571,9039.207176654503,45.18069396922893,0.0,pvalloc_29nbfs_LRG2_max_sBs0p6
5085,0.0,14038.884071464148,14038.884071464148,0.0,0.0,pvalloc_29nbfs_LRG2_max_sBs0p6
5086,0.0,16707.678657408913,16707.678657408913,0.0,0.0,pvalloc_29nbfs_LRG2_max_sBs0p6
5087,0.0,14798.423471834056,14798.423471834056,0.0,0.0,pvalloc_29nbfs_LRG2_max_sBs0p6
5088,0.0,12920.992928294934,12920.992928294934,0.0,0.0,pvalloc_29nbfs_LRG2_max_sBs0p6
5089,0.0,9900.944565301279,9900.944565301279,0.0,0.0,pvalloc_29nbfs_LRG2_max_sBs0p6
5090,0.0,9389.785903685059,9389.785903685059,0.0,0.0,pvalloc_29nbfs_LRG2_max_sBs0p6
5091,0.0,7401.546438254426,7401.546438254426,0.0,0.0,pvalloc_29nbfs_LRG2_max_sBs0p6
5092,0.0,6692.067790682455,6692.067790682455,0.0,0.0,pvalloc_29nbfs_LRG2_max_sBs0p6
5093,0.0,6497.448685059626,6497.448685059626,0.0,0.0,pvalloc_29nbfs_LRG2_max_sBs0p6
5094,300.5301407903332,3841.2520350191608,3845.1615130688515,300.5301407903332,0.0,pvalloc_29nbfs_LRG2_max_sBs0p6
5095,14806.576223938226,2371.831638620975,15273.712450788735,14806.576223938226,0.0,pvalloc_29nbfs_LRG2_max_sBs0p6
5096,34809.98963437426,2366.652512486716,34946.91683631158,34781.32693025148,28.66270412277339,pvalloc_29nbfs_LRG2_max_sBs0p6
5097,56899.61070952628,2793.7495415756453,56994.09756668945,54845.6528703768,2053.9578391494892,pvalloc_29nbfs_LRG2_max_sBs0p6
5098,73792.33132917587,2917.7874019030673,73868.5957017331,66757.14886810911,7035.182461066766,pvalloc_29nbfs_LRG2_max_sBs0p6
5099,89275.96387613118,3507.620927693973,89376.87713460714,75292.31457712235,13983.64929900888,pvalloc_29nbfs_LRG2_max_sBs0p6
5100,75379.26508583283,4902.928746227854,75634.83300139011,67648.63782819342,7730.627257639329,pvalloc_29nbfs_LRG2_max_sBs0p6
5101,66115.86325015998,5574.576965949216,66582.91369959981,61527.508709136644,4588.354541023341,pvalloc_29nbfs_LRG2_max_sBs0p6
5102,71200.62756843721,5661.266296450082,71663.32349602021,64860.137630052304,6340.489938384845,pvalloc_29nbfs_LRG2_max_sBs0p6
5103,64997.744300043974,5144.444677034908,65419.87455388564,60693.98102609183,4303.763273952139,pvalloc_29nbfs_LRG2_max_sBs0p6
5104,61190.054780416234,4940.659560117894,61619.832757420336,57899.70836604987,3290.3464143663628,pvalloc_29nbfs_LRG2_max_sBs0p6
5105,25874.864376038182,4797.033014575804,26940.3813947649,25874.864376038182,0.0,pvalloc_29nbfs_LRG2_max_sBs0p6
5106,6548.835706547878,5128.203986620081,9135.106199623959,6548.835706547878,0.0,pvalloc_29nbfs_LRG2_max_sBs0p6
5107,1418.760212376229,6931.728948556205,7053.689978444197,1418.760212376229,0.0,pvalloc_29nbfs_LRG2_max_sBs0p6
5108,0.5412918280732608,11343.764004599518,11343.764004599518,0.5412918280732608,0.0,pvalloc_29nbfs_LRG2_max_sBs0p6
5109,0.0,13173.891725783153,13173.891725783153,0.0,0.0,pvalloc_29nbfs_LRG2_max_sBs0p6
5110,0.0,13106.449704799226,13106.449704799226,0.0,0.0,pvalloc_29nbfs_LRG2_max_sBs0p6
5111,0.0,12603.245316458499,12603.245316458499,0.0,0.0,pvalloc_29nbfs_LRG2_max_sBs0p6
5112,0.0,10413.182078012227,10413.182078012227,0.0,0.0,pvalloc_29nbfs_LRG2_max_sBs0p6
5113,0.0,8993.403916155024,8993.403916155024,0.0,0.0,pvalloc_29nbfs_LRG2_max_sBs0p6
5114,0.0,7817.17261512709,7817.17261512709,0.0,0.0,pvalloc_29nbfs_LRG2_max_sBs0p6
5115,0.0,7187.9602584705435,7187.9602584705435,0.0,0.0,pvalloc_29nbfs_LRG2_max_sBs0p6
5116,0.0,6597.782238100715,6597.782238100715,0.0,0.0,pvalloc_29nbfs_LRG2_max_sBs0p6
5117,0.0,6653.58216958441,6653.58216958441,0.0,0.0,pvalloc_29nbfs_LRG2_max_sBs0p6
5118,143.79131499404542,4119.325180728536,4121.009983846835,143.79131499404542,0.0,pvalloc_29nbfs_LRG2_max_sBs0p6
5119,10270.144990614246,2358.491954717722,10950.197892292521,10270.144990614246,0.0,pvalloc_29nbfs_LRG2_max_sBs0p6
5120,31159.444025185807,2382.306732930265,31328.4260465386,31159.444025185807,0.0,pvalloc_29nbfs_LRG2_max_sBs0p6
5121,54458.8325949946,2713.3019795564514,54555.880200021165,52870.150518645736,1588.6820763488681,pvalloc_29nbfs_LRG2_max_sBs0p6
5122,70452.37478154185,3179.3270368796666,70548.9830854941,64645.2945999846,5807.080181557275,pvalloc_29nbfs_LRG2_max_sBs0p6
5123,88945.25145109007,3493.637514495621,89029.57071674555,75204.98618126515,13740.26526982497,pvalloc_29nbfs_LRG2_max_sBs0p6
5124,88536.48792922536,4691.867477310958,88701.97052699538,75038.29071026797,13498.197218957384,pvalloc_29nbfs_LRG2_max_sBs0p6
5125,88458.45980930627,5520.369564697011,88723.1393577108,74921.74115162535,13536.71865768091,pvalloc_29nbfs_LRG2_max_sBs0p6
5126,82187.05676651404,5400.968245179485,82478.41635596959,71507.9912611123,10679.065505401659,pvalloc_29nbfs_LRG2_max_sBs0p6
5127,77625.13656193159,5317.01663845847,77943.85821686944,68892.68331375999,8732.453248171596,pvalloc_29nbfs_LRG2_max_sBs0p6
5128,68752.71289288283,4485.359516453065,69010.68303741622,63352.80148535914,5399.9114075237085,pvalloc_29nbfs_LRG2_max_sBs0p6
5129,50420.03459816583,4326.719872495119,50804.39591544784,49390.04890677515,1029.9856913906888,pvalloc_29nbfs_LRG2_max_sBs0p6
5130,30857.11936849004,4874.708111719631,31804.881595186715,30857.11936849004,0.0,pvalloc_29nbfs_LRG2_max_sBs0p6
5131,12203.589914949218,4978.809009616077,14328.487162135974,12203.589914949218,0.0,pvalloc_29nbfs_LRG2_max_sBs0p6
5132,1.3812178397093313,11936.357120495508,11936.357120495508,1.3812178397093313,0.0,pvalloc_29nbfs_LRG2_max_sBs0p6
5133,0.0,18228.216139042957,18228.216139042957,0.0,0.0,pvalloc_29nbfs_LRG2_max_sBs0p6
5134,0.0,18162.49636171034,18162.49636171034,0.0,0.0,pvalloc_29nbfs_LRG2_max_sBs0p6
5135,0.0,15581.301938822113,15581.301938822113,0.0,0.0,pvalloc_29nbfs_LRG2_max_sBs0p6
5136,0.0,13660.5186615185,13660.5186615185,0.0,0.0,pvalloc_29nbfs_LRG2_max_sBs0p6
5137,0.0,10358.480128423344,10358.480128423344,0.0,0.0,pvalloc_29nbfs_LRG2_max_sBs0p6
5138,0.0,8828.47113398323,8828.47113398323,0.0,0.0,pvalloc_29nbfs_LRG2_max_sBs0p6
5139,0.0,7213.798405873982,7213.798405873982,0.0,0.0,pvalloc_29nbfs_LRG2_max_sBs0p6
5140,0.0,6479.031429122138,6479.031429122138,0.0,0.0,pvalloc_29nbfs_LRG2_max_sBs0p6
5141,0.0,6403.16258096044,6403.16258096044,0.0,0.0,pvalloc_29nbfs_LRG2_max_sBs0p6
5142,125.62069276353868,4161.542812788679,4162.922897914018,125.62069276353868,0.0,pvalloc_29nbfs_LRG2_max_sBs0p6
5143,13309.697854902415,2354.854045127692,13829.040760963477,13309.697854902415,0.0,pvalloc_29nbfs_LRG2_max_sBs0p6
5144,33121.22590440379,2663.0430480674363,33319.93323417459,33121.22590440379,0.0,pvalloc_29nbfs_LRG2_max_sBs0p6
5145,53987.84726669651,3207.5999165323624,54129.47047961351,52481.245931512916,1506.6013351836066,pvalloc_29nbfs_LRG2_max_sBs0p6
5146,74381.58941303892,3327.914012860753,74478.62984608643,67149.27843418693,7232.310978852024,pvalloc_29nbfs_LRG2_max_sBs0p6
5147,87669.65863980362,4249.351243911639,87794.34123493385,74621.43181261964,13048.226827183935,pvalloc_29nbfs_LRG2_max_sBs0p6
5148,83285.21095710188,5794.710779425904,83651.05671709968,72373.73162281835,10911.47933428353,pvalloc_29nbfs_LRG2_max_sBs0p6
5149,88106.3173552356,5321.404284500162,88347.06174968058,74827.34283966961,13278.974515565958,pvalloc_29nbfs_LRG2_max_sBs0p6
5150,87710.52035322481,4495.582249972375,87902.26362106006,74420.613940814,13289.90641241082,pvalloc_29nbfs_LRG2_max_sBs0p6
5151,75879.56490863446,5024.962520229271,76150.2635128716,67935.74344687645,7943.821461758061,pvalloc_29nbfs_LRG2_max_sBs0p6
5152,63216.94980324136,4265.274478016956,63461.90661493102,59541.43979912054,3675.5100041208266,pvalloc_29nbfs_LRG2_max_sBs0p6
5153,45939.3510151256,3930.070880376728,46266.240979747854,45502.147478327846,437.20353679776326,pvalloc_29nbfs_LRG2_max_sBs0p6
5154,30686.63047473328,3930.6468156082215,31274.230996399223,30686.63047473328,0.0,pvalloc_29nbfs_LRG2_max_sBs0p6
5155,10172.723667783685,5607.83556725826,12946.086470010121,10172.723667783685,0.0,pvalloc_29nbfs_LRG2_max_sBs0p6
5156,1.0101735428446863,13203.294116415169,13203.294116415169,1.0101735428446863,0.0,pvalloc_29nbfs_LRG2_max_sBs0p6
5157,0.0,16656.158247084175,16656.158247084175,0.0,0.0,pvalloc_29nbfs_LRG2_max_sBs0p6
5158,0.0,16956.66673318879,16956.66673318879,0.0,0.0,pvalloc_29nbfs_LRG2_max_sBs0p6
5159,0.0,13878.197386105796,13878.197386105796,0.0,0.0,pvalloc_29nbfs_LRG2_max_sBs0p6
5160,0.0,13359.709264488025,13359.709264488025,0.0,0.0,pvalloc_29nbfs_LRG2_max_sBs0p6
5161,0.0,9823.421723926976,9823.421723926976,0.0,0.0,pvalloc_29nbfs_LRG2_max_sBs0p6
5162,0.0,8004.918441437759,8004.918441437759,0.0,0.0,pvalloc_29nbfs_LRG2_max_sBs0p6
5163,0.0,7279.771629046192,7279.771629046192,0.0,0.0,pvalloc_29nbfs_LRG2_max_sBs0p6
5164,0.0,6702.512682378077,6702.512682378077,0.0,0.0,pvalloc_29nbfs_LRG2_max_sBs0p6
5165,0.0,6398.7645866892735,6398.7645866892735,0.0,0.0,pvalloc_29nbfs_LRG2_max_sBs0p6
5166,103.08668878187318,4348.648452615651,4349.749116687904,103.08668878187318,0.0,pvalloc_29nbfs_LRG2_max_sBs0p6
5167,12664.442513246717,2548.0956940624305,13329.230738830265,12664.442513246717,0.0,pvalloc_29nbfs_LRG2_max_sBs0p6
5168,33069.32222033162,2920.3460523781528,33324.24707356713,33069.32222033162,0.0,pvalloc_29nbfs_LRG2_max_sBs0p6
5169,54922.394399732795,3160.4279501435108,55054.532987874314,53246.273193469875,1676.1212062629163,pvalloc_29nbfs_LRG2_max_sBs0p6
5170,74951.36859782883,3061.174518062367,75035.69069453054,67469.21457038759,7482.154027441306,pvalloc_29nbfs_LRG2_max_sBs0p6
5171,89762.24633757776,3764.9813827267903,89862.17452938968,75623.1621819883,14139.084155589391,pvalloc_29nbfs_LRG2_max_sBs0p6
5172,84045.30151914501,4277.520728381331,84204.77354927167,72611.92613451541,11433.375384629622,pvalloc_29nbfs_LRG2_max_sBs0p6
5173,78330.04304151425,4585.951895841775,78544.71574047285,69378.42731799721,8951.615723516998,pvalloc_29nbfs_LRG2_max_sBs0p6
5174,88624.46554456091,4540.582135154189,88812.86299724031,74911.48890412743,13712.976640433453,pvalloc_29nbfs_LRG2_max_sBs0p6
5175,76372.45821055674,4721.904897412418,76619.21314450515,68187.9650705356,8184.493140021144,pvalloc_29nbfs_LRG2_max_sBs0p6
5176,61171.881843551084,4536.958581273708,61477.13805437139,57989.272280389996,3182.609563161085,pvalloc_29nbfs_LRG2_max_sBs0p6
5177,41843.89301684561,4210.944634187572,42318.175377278014,41631.92534372354,211.96767312207407,pvalloc_29nbfs_LRG2_max_sBs0p6
5178,22928.673918734465,4132.230067626856,23848.834688650302,22928.673918734465,0.0,pvalloc_29nbfs_LRG2_max_sBs0p6
5179,9386.110275138562,4312.384735986366,11203.468195918049,9386.110275138562,0.0,pvalloc_29nbfs_LRG2_max_sBs0p6
5180,20.180381511043404,9583.693951431185,9583.85091282261,20.180381511043404,0.0,pvalloc_29nbfs_LRG2_max_sBs0p6
5181,0.0,17958.547144614713,17958.547144614713,0.0,0.0,pvalloc_29nbfs_LRG2_max_sBs0p6
5182,0.0,15508.105894089556,15508.105894089556,0.0,0.0,pvalloc_29nbfs_LRG2_max_sBs0p6
5183,0.0,14273.897403473246,14273.897403473246,0.0,0.0,pvalloc_29nbfs_LRG2_max_sBs0p6
5184,0.0,13200.332246555769,13200.332246555769,0.0,0.0,pvalloc_29nbfs_LRG2_max_sBs0p6
5185,0.0,9638.325646422076,9638.325646422076,0.0,0.0,pvalloc_29nbfs_LRG2_max_sBs0p6
5186,0.0,8321.584507793394,8321.584507793394,0.0,0.0,pvalloc_29nbfs_LRG2_max_sBs0p6
5187,0.0,7169.817360127393,7169.817360127393,0.0,0.0,pvalloc_29nbfs_LRG2_max_sBs0p6
5188,0.0,7079.928698781938,7079.928698781938,0.0,0.0,pvalloc_29nbfs_LRG2_max_sBs0p6
5189,0.0,6529.334832922408,6529.334832922408,0.0,0.0,pvalloc_29nbfs_LRG2_max_sBs0p6
5190,43.801416286102736,4768.026898458271,4768.523280654034,43.801416286102736,0.0,pvalloc_29nbfs_LRG2_max_sBs0p6
5191,10379.064626576223,2502.117398623149,11129.050649109933,10379.064626576223,0.0,pvalloc_29nbfs_LRG2_max_sBs0p6
5192,27614.558474596346,2856.989824244247,27936.23199726897,27614.558474596346,0.0,pvalloc_29nbfs_LRG2_max_sBs0p6
5193,49198.64917026381,3114.781846941399,49353.34364977158,48460.529838476046,738.1193317877635,pvalloc_29nbfs_LRG2_max_sBs0p6
5194,62325.730827633684,3395.63020260158,62459.93335692273,58969.09211990046,3356.6387077332206,pvalloc_29nbfs_LRG2_max_sBs0p6
5195,70883.44122855748,4074.316383747143,71052.07877418681,64938.31553824961,5945.125690307818,pvalloc_29nbfs_LRG2_max_sBs0p6
5196,68356.60099354455,5045.480137379672,68692.63838913493,63285.420900323086,5071.180093221411,pvalloc_29nbfs_LRG2_max_sBs0p6
5197,72587.8948035692,4919.249376650328,72862.81177062848,65920.25862524174,6667.636178327412,pvalloc_29nbfs_LRG2_max_sBs0p6
5198,71337.9754219922,5430.985756601233,71708.03074159303,65107.700112907645,6230.275309084536,pvalloc_29nbfs_LRG2_max_sBs0p6
5199,70446.99155675751,4903.297134169034,70745.68194690185,64494.56932076461,5952.42223599283,pvalloc_29nbfs_LRG2_max_sBs0p6
5200,42358.33455282467,3815.046092332231,42728.65000531765,42125.72387023296,232.61068259171185,pvalloc_29nbfs_LRG2_max_sBs0p6
5201,27218.174741079678,3804.919765580431,27864.85381709985,27218.174741079678,0.0,pvalloc_29nbfs_LRG2_max_sBs0p6
5202,13100.866441032967,4327.425288148174,14761.825567625701,13100.866441032967,0.0,pvalloc_29nbfs_LRG2_max_sBs0p6
5203,8222.376610277359,4806.387756885239,10540.931401015974,8222.376610277359,0.0,pvalloc_29nbfs_LRG2_max_sBs0p6
5204,0.0,15090.562044824324,15090.562044824324,0.0,0.0,pvalloc_29nbfs_LRG2_max_sBs0p6
5205,0.0,15791.348827533153,15791.348827533153,0.0,0.0,pvalloc_29nbfs_LRG2_max_sBs0p6
5206,0.0,15247.755727980577,15247.755727980577,0.0,0.0,pvalloc_29nbfs_LRG2_max_sBs0p6
5207,0.0,15008.225250668322,15008.225250668322,0.0,0.0,pvalloc_29nbfs_LRG2_max_sBs0p6
5208,0.0,12069.433844123947,12069.433844123947,0.0,0.0,pvalloc_29nbfs_LRG2_max_sBs0p6
5209,0.0,11145.876780548275,11145.876780548275,0.0,0.0,pvalloc_29nbfs_LRG2_max_sBs0p6
5210,0.0,8940.899584908117,8940.899584908117,0.0,0.0,pvalloc_29nbfs_LRG2_max_sBs0p6
5211,0.0,7874.895807358424,7874.895807358424,0.0,0.0,pvalloc_29nbfs_LRG2_max_sBs0p6
5212,0.0,7043.644556647981,7043.644556647981,0.0,0.0,pvalloc_29nbfs_LRG2_max_sBs0p6
5213,0.0,7125.558647681809,7125.558647681809,0.0,0.0,pvalloc_29nbfs_LRG2_max_sBs0p6
5214,3.624790402058202,5733.983324978992,5734.055008274806,3.624790402058202,0.0,pvalloc_29nbfs_LRG2_max_sBs0p6
5215,1654.6502633631937,3023.66570357504,3676.3341001536132,1654.6502633631937,0.0,pvalloc_29nbfs_LRG2_max_sBs0p6
5216,6112.646671147492,2945.1923858174355,7459.576879848711,6112.646671147492,0.0,pvalloc_29nbfs_LRG2_max_sBs0p6
5217,12206.479767056882,3187.680693030905,13275.846729279274,12206.479767056882,0.0,pvalloc_29nbfs_LRG2_max_sBs0p6
5218,23895.889898675487,3307.3658261843943,24455.541941628573,23895.889898675487,0.0,pvalloc_29nbfs_LRG2_max_sBs0p6
5219,28434.66431330484,3945.927097768027,29102.500972762704,28434.66431330484,0.0,pvalloc_29nbfs_LRG2_max_sBs0p6
5220,21056.675088250446,5082.655975432429,22720.099036737563,21056.675088250446,0.0,pvalloc_29nbfs_LRG2_max_sBs0p6
5221,45702.16574415413,4532.316330220247,46208.07138043507,45248.27500563859,453.8907385155405,pvalloc_29nbfs_LRG2_max_sBs0p6
5222,60422.30531317384,4698.695375006715,60776.72691308095,57384.85818088732,3037.4471322865325,pvalloc_29nbfs_LRG2_max_sBs0p6
5223,47449.313204755694,4724.601124375608,47967.29011465031,46833.159221802605,616.1539829530855,pvalloc_29nbfs_LRG2_max_sBs0p6
5224,47806.645027705716,4121.248395254566,48172.868523928824,47166.53385698827,640.1111707174437,pvalloc_29nbfs_LRG2_max_sBs0p6
5225,35804.51013126421,4199.490813994067,36379.30450095002,35736.98107081311,67.52906045110336,pvalloc_29nbfs_LRG2_max_sBs0p6
5226,24959.695723958026,4094.3032717805963,25779.283200442034,24959.695723958026,0.0,pvalloc_29nbfs_LRG2_max_sBs0p6
5227,10272.347967318516,4773.6176317370855,12374.56454090876,10272.347967318516,0.0,pvalloc_29nbfs_LRG2_max_sBs0p6
5228,0.25615496512761693,12343.267510431213,12343.267510431213,0.25615496512761693,0.0,pvalloc_29nbfs_LRG2_max_sBs0p6
5229,0.0,17463.78761121696,17463.78761121696,0.0,0.0,pvalloc_29nbfs_LRG2_max_sBs0p6
5230,0.0,16776.245765136617,16776.245765136617,0.0,0.0,pvalloc_29nbfs_LRG2_max_sBs0p6
5231,0.0,13863.094861205218,13863.094861205218,0.0,0.0,pvalloc_29nbfs_LRG2_max_sBs0p6
5232,0.0,12379.083196074876,12379.083196074876,0.0,0.0,pvalloc_29nbfs_LRG2_max_sBs0p6
5233,0.0,10840.796451126309,10840.796451126309,0.0,0.0,pvalloc_29nbfs_LRG2_max_sBs0p6
5234,0.0,8839.193140860432,8839.193140860432,0.0,0.0,pvalloc_29nbfs_LRG2_max_sBs0p6
5235,0.0,7691.549078353806,7691.549078353806,0.0,0.0,pvalloc_29nbfs_LRG2_max_sBs0p6
5236,0.0,6881.18871406951,6881.18871406951,0.0,0.0,pvalloc_29nbfs_LRG2_max_sBs0p6
5237,0.0,7020.828203404438,7020.828203404438,0.0,0.0,pvalloc_29nbfs_LRG2_max_sBs0p6
5238,66.56095545799246,4740.740282039912,4741.424644857113,66.56095545799246,0.0,pvalloc_29nbfs_LRG2_max_sBs0p6
5239,11463.451938180327,2608.424870685969,12194.358084576914,11463.451938180327,0.0,pvalloc_29nbfs_LRG2_max_sBs0p6
5240,24409.546252154516,2926.800349500391,24813.691623844654,24409.546252154516,0.0,pvalloc_29nbfs_LRG2_max_sBs0p6
5241,48308.95019426754,3153.0013742233314,48474.10847434794,47675.726763221326,633.223431046213,pvalloc_29nbfs_LRG2_max_sBs0p6
5242,62267.34939310266,3597.429384920323,62420.418432720115,58924.20295461767,3343.1464384849924,pvalloc_29nbfs_LRG2_max_sBs0p6
5243,68823.28538094553,3909.5264428483806,68989.64235717132,63526.225892603274,5297.05948834223,pvalloc_29nbfs_LRG2_max_sBs0p6
5244,56485.60175422998,4417.742615013537,56801.428218028814,54428.54301717226,2057.05873705772,pvalloc_29nbfs_LRG2_max_sBs0p6
5245,54916.52241063239,4932.270239343676,55365.691997261805,53138.45952182426,1778.0628888081142,pvalloc_29nbfs_LRG2_max_sBs0p6
5246,51255.68701512739,4986.4814384736865,51802.738051095635,50048.82748958288,1206.8595255445186,pvalloc_29nbfs_LRG2_max_sBs0p6
5247,50999.72206976281,4681.045520196617,51474.12822159461,49847.75729070404,1151.9647790587733,pvalloc_29nbfs_LRG2_max_sBs0p6
5248,43374.94559800063,4129.271588545404,43830.9361080599,43078.61773806433,296.3278599363069,pvalloc_29nbfs_LRG2_max_sBs0p6
5249,35406.68423115375,4003.6463481195447,35941.076829142425,35346.00232392187,60.681907231876494,pvalloc_29nbfs_LRG2_max_sBs0p6
5250,18127.700778191895,4538.567945036946,19493.949688511806,18127.700778191895,0.0,pvalloc_29nbfs_LRG2_max_sBs0p6
5251,8336.030571360357,5133.660901606155,10855.866778365857,8336.030571360357,0.0,pvalloc_29nbfs_LRG2_max_sBs0p6
5252,0.0,18999.901828267222,18999.901828267222,0.0,0.0,pvalloc_29nbfs_LRG2_max_sBs0p6
5253,0.0,19290.580116971654,19290.580116971654,0.0,0.0,pvalloc_29nbfs_LRG2_max_sBs0p6
5254,0.0,16835.268381474216,16835.268381474216,0.0,0.0,pvalloc_29nbfs_LRG2_max_sBs0p6
5255,0.0,14924.78827852718,14924.78827852718,0.0,0.0,pvalloc_29nbfs_LRG2_max_sBs0p6
5256,0.0,13381.168060104112,13381.168060104112,0.0,0.0,pvalloc_29nbfs_LRG2_max_sBs0p6
5257,0.0,10539.960012448035,10539.960012448035,0.0,0.0,pvalloc_29nbfs_LRG2_max_sBs0p6
5258,0.0,8429.066249258418,8429.066249258418,0.0,0.0,pvalloc_29nbfs_LRG2_max_sBs0p6
5259,0.0,7662.686930720702,7662.686930720702,0.0,0.0,pvalloc_29nbfs_LRG2_max_sBs0p6
5260,0.0,6987.5697160524915,6987.5697160524915,0.0,0.0,pvalloc_29nbfs_LRG2_max_sBs0p6
5261,0.0,6946.060646242225,6946.060646242225,0.0,0.0,pvalloc_29nbfs_LRG2_max_sBs0p6
5262,58.811318733018624,4987.3151996906445,4987.93826861779,58.811318733018624,0.0,pvalloc_29nbfs_LRG2_max_sBs0p6
5263,12692.17387944126,2562.7729360144995,13330.647684650787,12692.17387944126,0.0,pvalloc_29nbfs_LRG2_max_sBs0p6
5264,33511.42844616875,2855.923357984155,33747.00367756485,33508.15246728497,3.275978883776986,pvalloc_29nbfs_LRG2_max_sBs0p6
5265,56208.070774038984,2947.0176030192715,56320.66184663763,54285.08974576829,1922.9810282706994,pvalloc_29nbfs_LRG2_max_sBs0p6
5266,75237.97817713699,3724.1807256003804,75354.7584998585,67684.99091356849,7552.987263568535,pvalloc_29nbfs_LRG2_max_sBs0p6
5267,88842.40338207371,4799.89119405418,89012.63585193078,75242.52365989193,13599.87972218179,pvalloc_29nbfs_LRG2_max_sBs0p6
5268,86135.76372500464,5847.823697744466,86469.18354889656,73823.60177001033,12312.161954994303,pvalloc_29nbfs_LRG2_max_sBs0p6
5269,91033.3148624908,5814.373056847966,91322.70974434243,76243.88738289237,14789.427479598435,pvalloc_29nbfs_LRG2_max_sBs0p6
5270,91518.43482328171,5228.389878327345,91787.47993851447,76220.54730766675,15297.887515614966,pvalloc_29nbfs_LRG2_max_sBs0p6
5271,83060.55718796149,5019.988409802839,83322.10502049999,71932.83277496371,11127.724412997775,pvalloc_29nbfs_LRG2_max_sBs0p6
5272,69202.22892817718,4778.319442898874,69489.66526315935,63668.31986160973,5533.909066567392,pvalloc_29nbfs_LRG2_max_sBs0p6
5273,52133.04005693796,4342.688132370841,52507.87195807137,50816.450788263835,1316.5892686741263,pvalloc_29nbfs_LRG2_max_sBs0p6
5274,31268.03851813027,4442.960016178521,32031.79498870144,31268.03851813027,0.0,pvalloc_29nbfs_LRG2_max_sBs0p6
5275,12677.200217102634,4708.930311933079,14450.213268623615,12677.200217102634,0.0,pvalloc_29nbfs_LRG2_max_sBs0p6
5276,0.001144878417680309,16107.748455487425,16107.748455487425,0.001144878417680309,0.0,pvalloc_29nbfs_LRG2_max_sBs0p6
5277,0.0,16661.54003587522,16661.54003587522,0.0,0.0,pvalloc_29nbfs_LRG2_max_sBs0p6
5278,0.0,16071.879638820657,16071.879638820657,0.0,0.0,pvalloc_29nbfs_LRG2_max_sBs0p6
5279,0.0,16513.61501158644,16513.61501158644,0.0,0.0,pvalloc_29nbfs_LRG2_max_sBs0p6
5280,0.0,14223.402737580198,14223.402737580198,0.0,0.0,pvalloc_29nbfs_LRG2_max_sBs0p6
5281,0.0,10189.901163932846,10189.901163932846,0.0,0.0,pvalloc_29nbfs_LRG2_max_sBs0p6
5282,0.0,9219.90861812319,9219.90861812319,0.0,0.0,pvalloc_29nbfs_LRG2_max_sBs0p6
5283,0.0,8077.212368111324,8077.212368111324,0.0,0.0,pvalloc_29nbfs_LRG2_max_sBs0p6
5284,0.0,7416.388772703772,7416.388772703772,0.0,0.0,pvalloc_29nbfs_LRG2_max_sBs0p6
5285,0.0,7104.393955178769,7104.393955178769,0.0,0.0,pvalloc_29nbfs_LRG2_max_sBs0p6
5286,19.625622680761914,5505.250171467906,5505.51270020254,19.625622680761914,0.0,pvalloc_29nbfs_LRG2_max_sBs0p6
5287,11801.497998431578,2604.2703635063094,12507.956438127934,11801.497998431578,0.0,pvalloc_29nbfs_LRG2_max_sBs0p6
5288,33677.90304704704,2762.636376846415,33893.292021545705,33672.28792107338,5.615125973660554,pvalloc_29nbfs_LRG2_max_sBs0p6
5289,55895.139103840294,2764.8186869501424,55996.16803335787,54031.72032965346,1863.4187741868298,pvalloc_29nbfs_LRG2_max_sBs0p6
5290,74195.37941252228,3621.1934035451072,74305.36588344198,67058.63317516395,7136.746237358355,pvalloc_29nbfs_LRG2_max_sBs0p6
5291,90230.7348507369,4049.624798751082,90353.18636222222,75844.78873455724,14385.946116179704,pvalloc_29nbfs_LRG2_max_sBs0p6
5292,85628.71004305329,5618.687961447722,85929.94470645947,73559.83180871423,12068.878234339067,pvalloc_29nbfs_LRG2_max_sBs0p6
5293,91382.40755036194,5532.553255791078,91641.81801990693,76307.91263199935,15074.49491836264,pvalloc_29nbfs_LRG2_max_sBs0p6
5294,86761.01788075951,6652.282723875883,87215.98408291335,73913.00242712426,12848.015453635246,pvalloc_29nbfs_LRG2_max_sBs0p6
5295,80020.31783305894,6058.202216228881,80442.0289978266,70231.13810772948,9789.179725329464,pvalloc_29nbfs_LRG2_max_sBs0p6
5296,65454.90146512062,6116.163574127217,66042.27943957617,61111.60545296359,4343.296012157043,pvalloc_29nbfs_LRG2_max_sBs0p6
5297,49704.14543286594,5438.9777088272485,50394.7890188075,48731.136155932836,973.00927693311,pvalloc_29nbfs_LRG2_max_sBs0p6
5298,29313.769311447122,5432.6219032296085,30517.54041848779,29313.769311447122,0.0,pvalloc_29nbfs_LRG2_max_sBs0p6
5299,8811.530097242876,6468.759928363,12182.365657105192,8811.530097242876,0.0,pvalloc_29nbfs_LRG2_max_sBs0p6
5300,0.002782290935076717,16914.73854496227,16914.73854496227,0.002782290935076717,0.0,pvalloc_29nbfs_LRG2_max_sBs0p6
5301,0.0,19664.873767466303,19664.873767466303,0.0,0.0,pvalloc_29nbfs_LRG2_max_sBs0p6
5302,0.0,21717.29761653144,21717.29761653144,0.0,0.0,pvalloc_29nbfs_LRG2_max_sBs0p6
5303,0.0,17214.825474050005,17214.825474050005,0.0,0.0,pvalloc_29nbfs_LRG2_max_sBs0p6
5304,0.0,12578.207549128692,12578.207549128692,0.0,0.0,pvalloc_29nbfs_LRG2_max_sBs0p6
5305,0.0,10294.109997870488,10294.109997870488,0.0,0.0,pvalloc_29nbfs_LRG2_max_sBs0p6
5306,0.0,8325.709247505114,8325.709247505114,0.0,0.0,pvalloc_29nbfs_LRG2_max_sBs0p6
5307,0.0,7293.515981600714,7293.515981600714,0.0,0.0,pvalloc_29nbfs_LRG2_max_sBs0p6
5308,0.0,6735.77447883469,6735.77447883469,0.0,0.0,pvalloc_29nbfs_LRG2_max_sBs0p6
5309,0.0,6710.483943585054,6710.483943585054,0.0,0.0,pvalloc_29nbfs_LRG2_max_sBs0p6
5310,30.31613008666295,4984.737028718855,4985.122154159528,30.31613008666295,0.0,pvalloc_29nbfs_LRG2_max_sBs0p6
5311,11753.630595611094,2510.359745712291,12420.763210660096,11753.630595611094,0.0,pvalloc_29nbfs_LRG2_max_sBs0p6
5312,32875.055146924606,2874.191419190469,33123.34315014134,32875.055146924606,0.0,pvalloc_29nbfs_LRG2_max_sBs0p6
5313,54824.547548411465,3219.60839088832,54965.084213508984,53157.33878703826,1667.2087613732187,pvalloc_29nbfs_LRG2_max_sBs0p6
5314,74970.19242980672,3688.513427694864,75096.16428668822,67487.9659883476,7482.22644145914,pvalloc_29nbfs_LRG2_max_sBs0p6
5315,91206.09086206814,3849.5490257300503,91318.67765640366,76300.37187564507,14905.718986423071,pvalloc_29nbfs_LRG2_max_sBs0p6
5316,85249.91664955698,5912.74140435089,85598.9367809687,73342.41985652472,11907.496793032276,pvalloc_29nbfs_LRG2_max_sBs0p6
5317,90974.96331816584,5414.898399191297,91214.78072258599,76185.40849801614,14789.554820149748,pvalloc_29nbfs_LRG2_max_sBs0p6
5318,88578.79387369736,5552.751468911757,88850.19697500426,74909.9256743503,13668.868199347104,pvalloc_29nbfs_LRG2_max_sBs0p6
5319,82032.89763789295,4916.794441733442,82266.08989844863,71434.47956658828,10598.418071304728,pvalloc_29nbfs_LRG2_max_sBs0p6
5320,67950.09949609797,4825.435749296604,68247.72039780366,62838.056252029295,5112.043244068696,pvalloc_29nbfs_LRG2_max_sBs0p6
5321,50066.01389290155,4697.238876115857,50522.62290749702,49103.57027882886,962.443614072693,pvalloc_29nbfs_LRG2_max_sBs0p6
5322,31973.898808986556,3954.6700037004684,32567.712650924266,31973.898808986556,0.0,pvalloc_29nbfs_LRG2_max_sBs0p6
5323,10838.950973744184,4741.792940059757,12905.339367249493,10838.950973744184,0.0,pvalloc_29nbfs_LRG2_max_sBs0p6
5324,0.6292261003029398,11780.138269980149,11780.138269980149,0.6292261003029398,0.0,pvalloc_29nbfs_LRG2_max_sBs0p6
5325,0.0,17798.4514230697,17798.4514230697,0.0,0.0,pvalloc_29nbfs_LRG2_max_sBs0p6
5326,0.0,19605.334016129702,19605.334016129702,0.0,0.0,pvalloc_29nbfs_LRG2_max_sBs0p6
5327,0.0,17993.339244710096,17993.339244710096,0.0,0.0,pvalloc_29nbfs_LRG2_max_sBs0p6
5328,0.0,14499.905393880885,14499.905393880885,0.0,0.0,pvalloc_29nbfs_LRG2_max_sBs0p6
5329,0.0,10706.7985791197,10706.7985791197,0.0,0.0,pvalloc_29nbfs_LRG2_max_sBs0p6
5330,0.0,8691.305275136961,8691.305275136961,0.0,0.0,pvalloc_29nbfs_LRG2_max_sBs0p6
5331,0.0,7299.838339654398,7299.838339654398,0.0,0.0,pvalloc_29nbfs_LRG2_max_sBs0p6
5332,0.0,6942.4868277889755,6942.4868277889755,0.0,0.0,pvalloc_29nbfs_LRG2_max_sBs0p6
5333,0.0,6828.1340130815815,6828.1340130815815,0.0,0.0,pvalloc_29nbfs_LRG2_max_sBs0p6
5334,10.250426608126737,5417.678410627703,5417.814001208105,10.250426608126737,0.0,pvalloc_29nbfs_LRG2_max_sBs0p6
5335,10507.32907613936,2805.613115946247,11440.207844461229,10507.32907613936,0.0,pvalloc_29nbfs_LRG2_max_sBs0p6
5336,31593.74489762652,3234.2584163753477,31948.260695822482,31593.74489762652,0.0,pvalloc_29nbfs_LRG2_max_sBs0p6
5337,53935.533695239945,3412.452966649247,54103.77706643543,52419.103274535686,1516.430420704256,pvalloc_29nbfs_LRG2_max_sBs0p6
5338,73886.200519466,3725.339794980541,74013.58193132687,66837.6968125477,7048.503706918308,pvalloc_29nbfs_LRG2_max_sBs0p6
5339,89062.09570449727,4022.8559490258535,89179.46097827212,75280.80151266616,13781.294191831117,pvalloc_29nbfs_LRG2_max_sBs0p6
5340,84376.26592119003,5739.866137209853,84723.94184895998,72967.9718296821,11408.294091507898,pvalloc_29nbfs_LRG2_max_sBs0p6
5341,88674.93673091015,5708.3125984479,88965.66412796135,75101.72302038988,13573.213710520282,pvalloc_29nbfs_LRG2_max_sBs0p6
5342,85486.926593694,6552.191424627519,85943.28216099262,73436.52443479818,12050.402158895835,pvalloc_29nbfs_LRG2_max_sBs0p6
5343,80365.45136241916,5458.920982125164,80675.01654149023,70490.41155551729,9875.0398069019,pvalloc_29nbfs_LRG2_max_sBs0p6
5344,68396.26810042148,4524.157448710912,68653.82015219271,63129.96124245318,5266.306857968352,pvalloc_29nbfs_LRG2_max_sBs0p6
5345,48973.900394434204,4481.25402581536,49395.73014094275,48182.79895990594,791.1014345282662,pvalloc_29nbfs_LRG2_max_sBs0p6
5346,29296.158016564943,4463.86254104239,30122.799713128017,29296.158016564943,0.0,pvalloc_29nbfs_LRG2_max_sBs0p6
5347,7445.45289113246,6365.281299617922,10948.476805420103,7445.45289113246,0.0,pvalloc_29nbfs_LRG2_max_sBs0p6
5348,0.0,15989.419119772898,15989.419119772898,0.0,0.0,pvalloc_29nbfs_LRG2_max_sBs0p6
5349,0.0,16826.71504393423,16826.71504393423,0.0,0.0,pvalloc_29nbfs_LRG2_max_sBs0p6
5350,0.0,17455.218388780388,17455.218388780388,0.0,0.0,pvalloc_29nbfs_LRG2_max_sBs0p6
5351,0.0,17312.601875985758,17312.601875985758,0.0,0.0,pvalloc_29nbfs_LRG2_max_sBs0p6
5352,0.0,14414.143741518075,14414.143741518075,0.0,0.0,pvalloc_29nbfs_LRG2_max_sBs0p6
5353,0.0,9954.172012300509,9954.172012300509,0.0,0.0,pvalloc_29nbfs_LRG2_max_sBs0p6
5354,0.0,8448.308232531268,8448.308232531268,0.0,0.0,pvalloc_29nbfs_LRG2_max_sBs0p6
5355,0.0,7461.470557932399,7461.470557932399,0.0,0.0,pvalloc_29nbfs_LRG2_max_sBs0p6
5356,0.0,6904.553782501744,6904.553782501744,0.0,0.0,pvalloc_29nbfs_LRG2_max_sBs0p6
5357,0.0,6785.528064411384,6785.528064411384,0.0,0.0,pvalloc_29nbfs_LRG2_max_sBs0p6
5358,16.20832807331392,5397.948518951839,5398.178482827997,16.20832807331392,0.0,pvalloc_29nbfs_LRG2_max_sBs0p6
5359,10624.254320546406,2700.161432888119,11466.379108330553,10624.254320546406,0.0,pvalloc_29nbfs_LRG2_max_sBs0p6
5360,31820.841672414386,3036.40896048142,32120.946766436944,31820.841672414386,0.0,pvalloc_29nbfs_LRG2_max_sBs0p6
5361,51636.95732102833,4021.3559967669535,51940.062891619804,50512.14783834545,1124.8094826828747,pvalloc_29nbfs_LRG2_max_sBs0p6
5362,72724.14447576195,4119.283662091849,72888.09823551247,66137.49708598192,6586.647389780084,pvalloc_29nbfs_LRG2_max_sBs0p6
5363,86949.34833481154,4994.413148930265,87157.9107362965,74316.73837463089,12632.609960180675,pvalloc_29nbfs_LRG2_max_sBs0p6
5364,84904.38470682368,5829.299955704659,85264.58861103137,73252.13982104977,11652.244885773902,pvalloc_29nbfs_LRG2_max_sBs0p6
5365,87858.34610417314,6393.657561636473,88290.62460494801,74771.38405720465,13086.962046968418,pvalloc_29nbfs_LRG2_max_sBs0p6
5366,90090.35218280686,5273.29986230678,90328.4285640546,75676.16720593841,14414.184976868435,pvalloc_29nbfs_LRG2_max_sBs0p6
5367,81547.06936036499,4898.2662445949545,81773.5169099164,71194.28966649673,10352.779693868235,pvalloc_29nbfs_LRG2_max_sBs0p6
5368,67797.20307880345,4601.1010827746595,68053.4723995989,62800.66029318134,4996.542785622045,pvalloc_29nbfs_LRG2_max_sBs0p6
5369,48937.20198565647,4696.5230964192815,49399.682740230644,48175.514325620476,761.6876600359894,pvalloc_29nbfs_LRG2_max_sBs0p6
5370,28014.222562221905,4838.5594598604075,29080.62859215431,28014.222562221905,0.0,pvalloc_29nbfs_LRG2_max_sBs0p6
5371,9369.238205273808,5175.798496141349,11829.245171600342,9369.238205273808,0.0,pvalloc_29nbfs_LRG2_max_sBs0p6
5372,0.0,16855.537519863017,16855.537519863017,0.0,0.0,pvalloc_29nbfs_LRG2_max_sBs0p6
5373,0.0,17345.892495044838,17345.892495044838,0.0,0.0,pvalloc_29nbfs_LRG2_max_sBs0p6
5374,0.0,16579.52219038973,16579.52219038973,0.0,0.0,pvalloc_29nbfs_LRG2_max_sBs0p6
5375,0.0,15251.446364993699,15251.446364993699,0.0,0.0,pvalloc_29nbfs_LRG2_max_sBs0p6
5376,0.0,13188.262672566276,13188.262672566276,0.0,0.0,pvalloc_29nbfs_LRG2_max_sBs0p6
5377,0.0,11323.925666493666,11323.925666493666,0.0,0.0,pvalloc_29nbfs_LRG2_max_sBs0p6
5378,0.0,9734.491596408214,9734.491596408214,0.0,0.0,pvalloc_29nbfs_LRG2_max_sBs0p6
5379,0.0,8493.110696508547,8493.110696508547,0.0,0.0,pvalloc_29nbfs_LRG2_max_sBs0p6
5380,0.0,7434.25510738279,7434.25510738279,0.0,0.0,pvalloc_29nbfs_LRG2_max_sBs0p6
5381,0.0,7087.350693282779,7087.350693282779,0.0,0.0,pvalloc_29nbfs_LRG2_max_sBs0p6
5382,6.539304225968464,5749.313156069342,5749.412546879182,6.539304225968464,0.0,pvalloc_29nbfs_LRG2_max_sBs0p6
5383,10255.209376495071,2774.321242440147,11159.230557397315,10255.209376495071,0.0,pvalloc_29nbfs_LRG2_max_sBs0p6
5384,32075.263951802255,2885.4651868706756,32342.695811250243,32075.263951802255,0.0,pvalloc_29nbfs_LRG2_max_sBs0p6
5385,54209.16962810733,3220.826901153687,54354.628998608205,52639.8608692545,1569.3087588528285,pvalloc_29nbfs_LRG2_max_sBs0p6
5386,72815.84517655612,3904.9672035988597,72955.43910903316,66186.86429102471,6628.980885531424,pvalloc_29nbfs_LRG2_max_sBs0p6
5387,88433.23396951435,4434.517889888837,88580.97519475389,74965.76173592989,13467.472233584416,pvalloc_29nbfs_LRG2_max_sBs0p6
5388,85525.2321128567,5516.582767108181,85810.02515247308,73490.49560636596,12034.73650649069,pvalloc_29nbfs_LRG2_max_sBs0p6
5389,89259.6425119907,5835.246990850176,89561.70958232884,75342.97987871597,13916.662633274775,pvalloc_29nbfs_LRG2_max_sBs0p6
5390,85626.19235516674,6239.483084536436,86014.51081837234,73453.53783811175,12172.654517054918,pvalloc_29nbfs_LRG2_max_sBs0p6
5391,78829.02995813932,5603.673912509947,79164.91461197741,69675.26403124303,9153.765926896338,pvalloc_29nbfs_LRG2_max_sBs0p6
5392,64787.12313120632,5314.259007873459,65194.956791633325,60742.530681442746,4044.5924497635656,pvalloc_29nbfs_LRG2_max_sBs0p6
5393,46004.98496368967,5337.974889221269,46715.45221782859,45560.97579862104,444.00916506862757,pvalloc_29nbfs_LRG2_max_sBs0p6
5394,27036.351834860947,4953.85820589316,28201.718118239936,27036.351834860947,0.0,pvalloc_29nbfs_LRG2_max_sBs0p6
5395,6323.473280476716,7005.683858225216,10432.184777013816,6323.473280476716,0.0,pvalloc_29nbfs_LRG2_max_sBs0p6
5396,0.0,17145.638761153587,17145.638761153587,0.0,0.0,pvalloc_29nbfs_LRG2_max_sBs0p6
5397,0.0,18592.212130355496,18592.212130355496,0.0,0.0,pvalloc_29nbfs_LRG2_max_sBs0p6
5398,0.0,17959.2808656008,17959.2808656008,0.0,0.0,pvalloc_29nbfs_LRG2_max_sBs0p6
5399,0.0,15321.147510146637,15321.147510146637,0.0,0.0,pvalloc_29nbfs_LRG2_max_sBs0p6
5400,0.0,13722.161589340785,13722.161589340785,0.0,0.0,pvalloc_29nbfs_LRG2_max_sBs0p6
5401,0.0,10430.229263731497,10430.229263731497,0.0,0.0,pvalloc_29nbfs_LRG2_max_sBs0p6
5402,0.0,8829.571873465273,8829.571873465273,0.0,0.0,pvalloc_29nbfs_LRG2_max_sBs0p6
5403,0.0,7657.188196967488,7657.188196967488,0.0,0.0,pvalloc_29nbfs_LRG2_max_sBs0p6
5404,0.0,7455.696363549952,7455.696363549952,0.0,0.0,pvalloc_29nbfs_LRG2_max_sBs0p6
5405,0.0,7031.549107246736,7031.549107246736,0.0,0.0,pvalloc_29nbfs_LRG2_max_sBs0p6
5406,2.0060085993525556,6089.581634037787,6089.628985030319,2.0060085993525556,0.0,pvalloc_29nbfs_LRG2_max_sBs0p6
5407,10248.02277755744,2615.717294752759,11051.472983616433,10248.02277755744,0.0,pvalloc_29nbfs_LRG2_max_sBs0p6
5408,29310.025563773754,3028.8959822864135,29648.670292137867,29310.025563773754,0.0,pvalloc_29nbfs_LRG2_max_sBs0p6
5409,48771.96672406963,3991.155613609266,49088.147799386745,48078.32985351325,693.6368705563812,pvalloc_29nbfs_LRG2_max_sBs0p6
5410,67057.19643305779,3842.5907988668378,67218.91358677526,62352.65536113772,4704.541071920002,pvalloc_29nbfs_LRG2_max_sBs0p6
5411,74858.56411319357,4142.077901452241,75030.55882135112,67361.3589253639,7497.205187829775,pvalloc_29nbfs_LRG2_max_sBs0p6
5412,63315.592827739034,5462.248967367669,63794.70322199112,59689.5933053614,3625.9995223776546,pvalloc_29nbfs_LRG2_max_sBs0p6
5413,62782.211445749876,6093.536497442051,63411.8242407669,59242.10815605761,3540.1032896922434,pvalloc_29nbfs_LRG2_max_sBs0p6
5414,57284.54298641955,6035.128600289157,58007.47781219111,54912.62562371692,2371.9173627026134,pvalloc_29nbfs_LRG2_max_sBs0p6
5415,46213.164402014554,5488.116147614097,46971.54418155415,45701.76936342625,511.39503858830017,pvalloc_29nbfs_LRG2_max_sBs0p6
5416,34374.86881365185,5014.325660172301,35264.924048499866,34326.21236613099,48.65644752086115,pvalloc_29nbfs_LRG2_max_sBs0p6
5417,27443.988092233794,4820.3257846991555,28496.53784521519,27443.988092233794,0.0,pvalloc_29nbfs_LRG2_max_sBs0p6
5418,11360.953285413601,5233.776123033855,13694.086576936523,11360.953285413601,0.0,pvalloc_29nbfs_LRG2_max_sBs0p6
5419,2517.6164690247824,6574.737097347602,7235.463011518954,2517.6164690247824,0.0,pvalloc_29nbfs_LRG2_max_sBs0p6
5420,0.0,14157.188996518624,14157.188996518624,0.0,0.0,pvalloc_29nbfs_LRG2_max_sBs0p6
5421,0.0,16175.317955120869,16175.317955120869,0.0,0.0,pvalloc_29nbfs_LRG2_max_sBs0p6
5422,0.0,16617.529616008724,16617.529616008724,0.0,0.0,pvalloc_29nbfs_LRG2_max_sBs0p6
5423,0.0,15583.466132818583,15583.466132818583,0.0,0.0,pvalloc_29nbfs_LRG2_max_sBs0p6
5424,0.0,13573.678772779584,13573.678772779584,0.0,0.0,pvalloc_29nbfs_LRG2_max_sBs0p6
4920,0.0,11113.463869085279,11113.463869085279,0.0,0.0,pvalloc_29nbfs_LRG2_max_sBs0p8
4921,0.0,10737.831728562101,10737.831728562101,0.0,0.0,pvalloc_29nbfs_LRG2_max_sBs0p8
4922,0.0,10105.311448681485,10105.311448681485,0.0,0.0,pvalloc_29nbfs_LRG2_max_sBs0p8
4923,0.0,8120.094880445637,8120.094880445637,0.0,0.0,pvalloc_29nbfs_LRG2_max_sBs0p8
4924,0.0,7251.733657230992,7251.733657230992,0.0,0.0,pvalloc_29nbfs_LRG2_max_sBs0p8
4925,0.0,6971.075169345191,6971.075169345191,0.0,0.0,pvalloc_29nbfs_LRG2_max_sBs0p8
4926,823.4348787879663,3595.9600953358804,3690.5530765853573,823.4348787879663,0.0,pvalloc_29nbfs_LRG2_max_sBs0p8
4927,15761.86046072772,2536.179471020978,16269.25010470289,15761.86046072772,0.0,pvalloc_29nbfs_LRG2_max_sBs0p8
4928,35994.992120626375,2697.6738706924925,36180.17072301207,35928.27310158488,66.71901904150525,pvalloc_29nbfs_LRG2_max_sBs0p8
4929,55369.22453710997,3337.713398370922,55525.261246505856,53600.41130342251,1768.8132336874514,pvalloc_29nbfs_LRG2_max_sBs0p8
4930,74391.82924818875,3562.601267945225,74505.54133388127,67096.58715186629,7295.242096322401,pvalloc_29nbfs_LRG2_max_sBs0p8
4931,89319.11977452986,4071.960106704577,89447.92696603574,75344.73729820302,13974.382476326757,pvalloc_29nbfs_LRG2_max_sBs0p8
4932,74222.39315419688,5133.236144988753,74529.63563168084,66960.43133666851,7261.961817528365,pvalloc_29nbfs_LRG2_max_sBs0p8
4933,61768.37608984249,6642.072545989079,62615.136715414235,58533.202345273035,3235.1737445694425,pvalloc_29nbfs_LRG2_max_sBs0p8
4934,58393.035701290995,5487.491748121104,58936.70758035233,55849.96181581993,2543.073885471056,pvalloc_29nbfs_LRG2_max_sBs0p8
4935,50981.72722563826,5066.559422803236,51549.36630943709,49811.99167415477,1169.7355514834815,pvalloc_29nbfs_LRG2_max_sBs0p8
4936,50365.31139910431,4815.292352995169,50879.13618709273,49305.36661651956,1059.944782584741,pvalloc_29nbfs_LRG2_max_sBs0p8
4937,34086.47338438378,4267.074249850197,34735.660148241914,34044.23764979146,42.23573459232534,pvalloc_29nbfs_LRG2_max_sBs0p8
4938,16344.048399204908,3926.0103301213694,17455.924058022294,16344.048399204908,0.0,pvalloc_29nbfs_LRG2_max_sBs0p8
4939,7180.360607056197,5152.271559938718,9874.42311229375,7180.360607056197,0.0,pvalloc_29nbfs_LRG2_max_sBs0p8
4940,296.05045890147153,8837.225741551847,8840.673108025016,296.05045890147153,0.0,pvalloc_29nbfs_LRG2_max_sBs0p8
4941,0.0,12714.325160437364,12714.325160437364,0.0,0.0,pvalloc_29nbfs_LRG2_max_sBs0p8
4942,0.0,13844.117670126652,13844.117670126652,0.0,0.0,pvalloc_29nbfs_LRG2_max_sBs0p8
4943,0.0,13190.081500942471,13190.081500942471,0.0,0.0,pvalloc_29nbfs_LRG2_max_sBs0p8
4944,0.0,15734.473543662867,15734.473543662867,0.0,0.0,pvalloc_29nbfs_LRG2_max_sBs0p8
4945,0.0,11843.652935827871,11843.652935827871,0.0,0.0,pvalloc_29nbfs_LRG2_max_sBs0p8
4946,0.0,9148.163406638314,9148.163406638314,0.0,0.0,pvalloc_29nbfs_LRG2_max_sBs0p8
4947,0.0,7889.191632688863,7889.191632688863,0.0,0.0,pvalloc_29nbfs_LRG2_max_sBs0p8
4948,0.0,7842.183829125384,7842.183829125384,0.0,0.0,pvalloc_29nbfs_LRG2_max_sBs0p8
4949,0.0,6888.334696423668,6888.334696423668,0.0,0.0,pvalloc_29nbfs_LRG2_max_sBs0p8
4950,7.64951632584382,5201.373653979252,5201.390966342206,7.64951632584382,0.0,pvalloc_29nbfs_LRG2_max_sBs0p8
4951,9123.957924417806,2539.2867040029346,9969.979051141494,9123.957924417806,0.0,pvalloc_29nbfs_LRG2_max_sBs0p8
4952,30302.904476550837,2553.925534391742,30516.331717892157,30302.904476550837,0.0,pvalloc_29nbfs_LRG2_max_sBs0p8
4953,54005.96713095693,3006.45839557919,54130.01546626994,52470.947892277705,1535.019238679223,pvalloc_29nbfs_LRG2_max_sBs0p8
4954,75425.76034628671,3368.49167279604,75521.74978257608,67728.65047469902,7697.109871587652,pvalloc_29nbfs_LRG2_max_sBs0p8
4955,86708.74609637987,3615.628627456672,86815.44028881201,73961.20566583746,12747.540430542329,pvalloc_29nbfs_LRG2_max_sBs0p8
4956,74738.37387269395,4604.1066365302795,74963.72714971207,67278.79626365464,7459.577609039233,pvalloc_29nbfs_LRG2_max_sBs0p8
4957,50052.023743208105,4867.6749082801325,50567.229640159894,49062.33545734265,989.6882858654592,pvalloc_29nbfs_LRG2_max_sBs0p8
4958,60897.894173586894,5005.690871339612,61340.55849484784,57680.77254479295,3217.1216287939515,pvalloc_29nbfs_LRG2_max_sBs0p8
4959,48572.6703753882,5048.519351004015,49208.73275994489,47749.24126356759,823.4291118206106,pvalloc_29nbfs_LRG2_max_sBs0p8
4960,44657.66248079986,4723.38880866597,45273.61754584299,44237.62956952564,420.03291127422324,pvalloc_29nbfs_LRG2_max_sBs0p8
4961,35980.726441594576,4805.494124236253,36783.934723980376,35883.003503822816,97.72293777175776,pvalloc_29nbfs_LRG2_max_sBs0p8
4962,19840.579639007003,4687.051178412917,21184.774659275765,19840.579639007003,0.0,pvalloc_29nbfs_LRG2_max_sBs0p8
4963,9130.038343747949,6050.483655711288,12244.471742929069,9130.038343747949,0.0,pvalloc_29nbfs_LRG2_max_sBs0p8
4964,3.5884108360977764,11428.10623046465,11428.10623046465,3.5884108360977764,0.0,pvalloc_29nbfs_LRG2_max_sBs0p8
4965,0.0,21698.627529472968,21698.627529472968,0.0,0.0,pvalloc_29nbfs_LRG2_max_sBs0p8
4966,0.0,15054.668580548849,15054.668580548849,0.0,0.0,pvalloc_29nbfs_LRG2_max_sBs0p8
4967,0.0,14761.300435221638,14761.300435221638,0.0,0.0,pvalloc_29nbfs_LRG2_max_sBs0p8
4968,0.0,12492.27995856741,12492.27995856741,0.0,0.0,pvalloc_29nbfs_LRG2_max_sBs0p8
4969,0.0,10052.532145121633,10052.532145121633,0.0,0.0,pvalloc_29nbfs_LRG2_max_sBs0p8
4970,0.0,8034.332061846783,8034.332061846783,0.0,0.0,pvalloc_29nbfs_LRG2_max_sBs0p8
4971,0.0,7219.022230515399,7219.022230515399,0.0,0.0,pvalloc_29nbfs_LRG2_max_sBs0p8
4972,0.0,6689.043790452775,6689.043790452775,0.0,0.0,pvalloc_29nbfs_LRG2_max_sBs0p8
4973,0.0,6426.528200910122,6426.528200910122,0.0,0.0,pvalloc_29nbfs_LRG2_max_sBs0p8
4974,161.02946662904108,3989.3085776304943,3991.258325970677,161.02946662904108,0.0,pvalloc_29nbfs_LRG2_max_sBs0p8
4975,10202.935999230971,2533.8724281346085,10985.652892870972,10202.935999230971,0.0,pvalloc_29nbfs_LRG2_max_sBs0p8
4976,3135.0032055027577,2922.3349414474324,4786.827186543214,3135.0032055027577,0.0,pvalloc_29nbfs_LRG2_max_sBs0p8
4977,18338.416501061733,3138.733914902159,19030.818186653833,18338.416501061733,0.0,pvalloc_29nbfs_LRG2_max_sBs0p8
4978,36177.03654621835,3432.3626773124693,36532.61948420474,36085.680771261315,91.35577495703194,pvalloc_29nbfs_LRG2_max_sBs0p8
4979,57341.92574127616,3908.542024643915,57573.33648805462,55089.12590741789,2252.7998338582693,pvalloc_29nbfs_LRG2_max_sBs0p8
4980,59624.362224277356,4677.262283593027,59970.63434067157,56857.39532498788,2766.966899289457,pvalloc_29nbfs_LRG2_max_sBs0p8
4981,62947.97436226282,5377.456919975483,63407.43127734615,59353.552206782035,3594.422155480788,pvalloc_29nbfs_LRG2_max_sBs0p8
4982,47637.35250202839,4925.856183346627,48239.845458794814,46950.16013673275,687.1923652956398,pvalloc_29nbfs_LRG2_max_sBs0p8
4983,52863.32509201744,5535.155472273725,53508.67505701816,51407.746888403344,1455.5782036140997,pvalloc_29nbfs_LRG2_max_sBs0p8
4984,42938.35433344665,4885.6334903708,43583.0782375676,42657.62326529657,280.73106815008003,pvalloc_29nbfs_LRG2_max_sBs0p8
4985,28498.526618253694,4366.910412793044,29332.383725110045,28498.526618253694,0.0,pvalloc_29nbfs_LRG2_max_sBs0p8
4986,22524.97412090427,4916.503205286468,23926.62400099211,22524.97412090427,0.0,pvalloc_29nbfs_LRG2_max_sBs0p8
4987,9974.01927051422,5114.049883314838,12424.897831657605,9974.01927051422,0.0,pvalloc_29nbfs_LRG2_max_sBs0p8
4988,1.7284850266152303,11602.520950692471,11602.520950692471,1.7284850266152303,0.0,pvalloc_29nbfs_LRG2_max_sBs0p8
4989,0.0,15306.207062822388,15306.207062822388,0.0,0.0,pvalloc_29nbfs_LRG2_max_sBs0p8
4990,0.0,18487.54111223772,18487.54111223772,0.0,0.0,pvalloc_29nbfs_LRG2_max_sBs0p8
4991,0.0,15678.910070087288,15678.910070087288,0.0,0.0,pvalloc_29nbfs_LRG2_max_sBs0p8
4992,0.0,12457.950105853322,12457.950105853322,0.0,0.0,pvalloc_29nbfs_LRG2_max_sBs0p8
4993,0.0,9566.57816566627,9566.57816566627,0.0,0.0,pvalloc_29nbfs_LRG2_max_sBs0p8
4994,0.0,8172.598108657662,8172.598108657662,0.0,0.0,pvalloc_29nbfs_LRG2_max_sBs0p8
4995,0.0,7275.373634775014,7275.373634775014,0.0,0.0,pvalloc_29nbfs_LRG2_max_sBs0p8
4996,0.0,6657.4320001843425,6657.4320001843425,0.0,0.0,pvalloc_29nbfs_LRG2_max_sBs0p8
4997,0.0,6227.237294939229,6227.237294939229,0.0,0.0,pvalloc_29nbfs_LRG2_max_sBs0p8
4998,409.1128271998928,3581.36170137529,3598.3269911459997,409.1128271998928,0.0,pvalloc_29nbfs_LRG2_max_sBs0p8
4999,14923.916636059184,2526.141750144815,15468.143133510746,14923.916636059184,0.0,pvalloc_29nbfs_LRG2_max_sBs0p8
5000,33567.80360910204,2776.320491881761,33793.13174262146,33557.31080602755,10.492803074491519,pvalloc_29nbfs_LRG2_max_sBs0p8
5001,52009.23625139791,3114.250820747313,52155.432033086785,50795.393832657646,1213.8424187402609,pvalloc_29nbfs_LRG2_max_sBs0p8
5002,65702.22396676967,3224.9353412587966,65818.8321373615,61379.408656103566,4322.815310666083,pvalloc_29nbfs_LRG2_max_sBs0p8
5003,85567.0181169451,3939.99554511101,85691.54943730518,73404.23551774044,12162.782599204698,pvalloc_29nbfs_LRG2_max_sBs0p8
5004,83659.65159747668,4477.653714651568,83830.39670380962,72397.47988204724,11262.171715429457,pvalloc_29nbfs_LRG2_max_sBs0p8
5005,90118.18740658116,4606.119819868709,90294.69573774665,75711.29237476304,14406.895031818116,pvalloc_29nbfs_LRG2_max_sBs0p8
5006,83918.50643703988,4591.575677994486,84123.683244564,72418.75711665592,11499.74932038392,pvalloc_29nbfs_LRG2_max_sBs0p8
5007,70145.29915496928,4609.121132756143,70405.79938490495,64294.19039875007,5851.108756219253,pvalloc_29nbfs_LRG2_max_sBs0p8
5008,55302.8740903009,4087.429629540256,55597.339277699546,53407.30915134422,1895.564938956691,pvalloc_29nbfs_LRG2_max_sBs0p8
5009,32730.916592669477,3834.199445415639,33278.306716088766,32722.80161380802,8.114978861458553,pvalloc_29nbfs_LRG2_max_sBs0p8
5010,13739.405822317854,3957.7782747832475,15069.197840318468,13739.405822317854,0.0,pvalloc_29nbfs_LRG2_max_sBs0p8
5011,2512.6762014228348,6083.041631401914,6859.710729466489,2512.6762014228348,0.0,pvalloc_29nbfs_LRG2_max_sBs0p8
5012,0.024958675141344665,13827.219567053173,13827.219567053173,0.024958675141344665,0.0,pvalloc_29nbfs_LRG2_max_sBs0p8
5013,0.0,14662.18168263524,14662.18168263524,0.0,0.0,pvalloc_29nbfs_LRG2_max_sBs0p8
5014,0.0,16274.799124460178,16274.799124460178,0.0,0.0,pvalloc_29nbfs_LRG2_max_sBs0p8
5015,0.0,15624.092956490871,15624.092956490871,0.0,0.0,pvalloc_29nbfs_LRG2_max_sBs0p8
5016,0.0,12724.18576973016,12724.18576973016,0.0,0.0,pvalloc_29nbfs_LRG2_max_sBs0p8
5017,0.0,10867.074894322572,10867.074894322572,0.0,0.0,pvalloc_29nbfs_LRG2_max_sBs0p8
5018,0.0,8769.37174164062,8769.37174164062,0.0,0.0,pvalloc_29nbfs_LRG2_max_sBs0p8
5019,0.0,7592.31461024244,7592.31461024244,0.0,0.0,pvalloc_29nbfs_LRG2_max_sBs0p8
5020,0.0,6804.494587055006,6804.494587055006,0.0,0.0,pvalloc_29nbfs_LRG2_max_sBs0p8
5021,0.0,6914.447201421453,6914.447201421453,0.0,0.0,pvalloc_29nbfs_LRG2_max_sBs0p8
5022,126.49306966211473,4156.8262982747165,4158.398759748203,126.49306966211473,0.0,pvalloc_29nbfs_LRG2_max_sBs0p8
5023,10440.84366669285,2563.9923930164073,11233.617214575017,10440.84366669285,0.0,pvalloc_29nbfs_LRG2_max_sBs0p8
5024,21692.47983503911,2749.2855133424778,22114.332189723373,21692.47983503911,0.0,pvalloc_29nbfs_LRG2_max_sBs0p8
5025,18561.263455802713,3366.50649356143,19407.710597154357,18561.263455802713,0.0,pvalloc_29nbfs_LRG2_max_sBs0p8
5026,30575.885022109414,3798.822434131914,31187.765851807428,30575.885022109414,0.0,pvalloc_29nbfs_LRG2_max_sBs0p8
5027,65866.68731840505,3646.276810006886,66024.71967871336,61451.643963877345,4415.0433545276555,pvalloc_29nbfs_LRG2_max_sBs0p8
5028,78971.98851427353,5326.200807003898,79298.13598671104,69857.19146333824,9114.797050935322,pvalloc_29nbfs_LRG2_max_sBs0p8
5029,52063.76999570058,5045.130769837702,52597.0952078465,50734.24987870779,1329.5201169927932,pvalloc_29nbfs_LRG2_max_sBs0p8
5030,22716.773591254856,5836.585880897343,24591.299839883515,22716.773591254856,0.0,pvalloc_29nbfs_LRG2_max_sBs0p8
5031,25367.04586582055,4959.826020713626,26612.923196311556,25367.04586582055,0.0,pvalloc_29nbfs_LRG2_max_sBs0p8
5032,33759.09442953061,4038.846438688028,34346.612561048605,33717.658428190785,41.43600133983085,pvalloc_29nbfs_LRG2_max_sBs0p8
5033,26714.4292876061,4129.360905412195,27518.95928117898,26714.4292876061,0.0,pvalloc_29nbfs_LRG2_max_sBs0p8
5034,16597.496109681622,4722.986500440277,18220.50541173296,16597.496109681622,0.0,pvalloc_29nbfs_LRG2_max_sBs0p8
5035,10219.841847980799,5390.236078130834,12755.810864177014,10219.841847980799,0.0,pvalloc_29nbfs_LRG2_max_sBs0p8
5036,10.562849167174688,10990.897858506323,10990.910293655481,10.562849167174688,0.0,pvalloc_29nbfs_LRG2_max_sBs0p8
5037,0.0,15623.399766375918,15623.399766375918,0.0,0.0,pvalloc_29nbfs_LRG2_max_sBs0p8
5038,0.0,16022.715362504956,16022.715362504956,0.0,0.0,pvalloc_29nbfs_LRG2_max_sBs0p8
5039,0.0,16439.75171535185,16439.75171535185,0.0,0.0,pvalloc_29nbfs_LRG2_max_sBs0p8
5040,0.0,12326.556850038327,12326.556850038327,0.0,0.0,pvalloc_29nbfs_LRG2_max_sBs0p8
5041,0.0,9488.472208125191,9488.472208125191,0.0,0.0,pvalloc_29nbfs_LRG2_max_sBs0p8
5042,0.0,8024.4353338224,8024.4353338224,0.0,0.0,pvalloc_29nbfs_LRG2_max_sBs0p8
5043,0.0,7253.657469496068,7253.657469496068,0.0,0.0,pvalloc_29nbfs_LRG2_max_sBs0p8
5044,0.0,6638.189465394041,6638.189465394041,0.0,0.0,pvalloc_29nbfs_LRG2_max_sBs0p8
5045,0.0,6441.09672928257,6441.09672928257,0.0,0.0,pvalloc_29nbfs_LRG2_max_sBs0p8
5046,127.04201666795937,4133.38528913939,4134.936578872957,127.04201666795937,0.0,pvalloc_29nbfs_LRG2_max_sBs0p8
5047,11296.320702614781,2640.92314789988,12117.132100650733,11296.320702614781,0.0,pvalloc_29nbfs_LRG2_max_sBs0p8
5048,32389.08784853701,2959.7347420657243,32668.281132392338,32389.08784853701,0.0,pvalloc_29nbfs_LRG2_max_sBs0p8
5049,53146.038376214725,3327.3258768729506,53314.5033705053,51766.15803830609,1379.8803379086378,pvalloc_29nbfs_LRG2_max_sBs0p8
5050,72239.65480719972,3408.9831087592515,72339.18434344341,65791.16385581275,6448.490951387028,pvalloc_29nbfs_LRG2_max_sBs0p8
5051,65847.50176997366,3813.9157006602827,66017.10833674866,61469.33134620549,4378.170423768194,pvalloc_29nbfs_LRG2_max_sBs0p8
5052,60335.79704661702,4447.679619991088,60630.447734564266,57421.835561375,2913.961485242008,pvalloc_29nbfs_LRG2_max_sBs0p8
5053,66923.66139085553,4710.457598639008,67211.41891967983,62169.431205716646,4754.230185138919,pvalloc_29nbfs_LRG2_max_sBs0p8
5054,68049.56202235298,4590.30295417198,68324.10729623688,62857.15429807867,5192.407724274262,pvalloc_29nbfs_LRG2_max_sBs0p8
5055,57558.86717298498,4863.038029977873,57971.650926526025,55195.57448868056,2363.2926843044243,pvalloc_29nbfs_LRG2_max_sBs0p8
5056,51409.70821027852,4304.6920690801535,51769.54384607704,50218.79743123184,1190.9107790466915,pvalloc_29nbfs_LRG2_max_sBs0p8
5057,34345.079164825685,3724.906779890868,34833.45016519206,34301.63094938317,43.448215442519825,pvalloc_29nbfs_LRG2_max_sBs0p8
5058,12128.771900379905,3720.478430491265,13405.774899199576,12128.771900379905,0.0,pvalloc_29nbfs_LRG2_max_sBs0p8
5059,6179.676105497087,4370.842231886286,8408.103556616872,6179.676105497087,0.0,pvalloc_29nbfs_LRG2_max_sBs0p8
5060,213.0318876953822,7653.506321799079,7656.096478694807,213.0318876953822,0.0,pvalloc_29nbfs_LRG2_max_sBs0p8
5061,0.0,12442.644294585474,12442.644294585474,0.0,0.0,pvalloc_29nbfs_LRG2_max_sBs0p8
5062,0.0,12652.57822535876,12652.57822535876,0.0,0.0,pvalloc_29nbfs_LRG2_max_sBs0p8
5063,0.0,12878.862779430521,12878.862779430521,0.0,0.0,pvalloc_29nbfs_LRG2_max_sBs0p8
5064,0.0,12350.75565968853,12350.75565968853,0.0,0.0,pvalloc_29nbfs_LRG2_max_sBs0p8
5065,0.0,11097.685205202351,11097.685205202351,0.0,0.0,pvalloc_29nbfs_LRG2_max_sBs0p8
5066,0.0,9294.124150992038,9294.124150992038,0.0,0.0,pvalloc_29nbfs_LRG2_max_sBs0p8
5067,0.0,7868.8472553816255,7868.8472553816255,0.0,0.0,pvalloc_29nbfs_LRG2_max_sBs0p8
5068,0.0,6865.793803809358,6865.793803809358,0.0,0.0,pvalloc_29nbfs_LRG2_max_sBs0p8
5069,0.0,7046.117084101746,7046.117084101746,0.0,0.0,pvalloc_29nbfs_LRG2_max_sBs0p8
5070,117.79579940214722,4243.006892156875,4244.453856327441,117.79579940214722,0.0,pvalloc_29nbfs_LRG2_max_sBs0p8
5071,13181.361084380904,2495.2577430348106,13789.879784135741,13181.361084380904,0.0,pvalloc_29nbfs_LRG2_max_sBs0p8
5072,30182.45795446275,2796.4957435841047,30455.04139517496,30182.45795446275,0.0,pvalloc_29nbfs_LRG2_max_sBs0p8
5073,52408.05964018212,3195.849611947318,52564.45950858193,51119.16255719348,1288.8970829886293,pvalloc_29nbfs_LRG2_max_sBs0p8
5074,69811.31866369817,3484.118363577304,69944.50816490047,64156.005086482764,5655.313577215363,pvalloc_29nbfs_LRG2_max_sBs0p8
5075,80382.00887287542,3901.8096541513964,80526.74833479567,70540.2353473511,9841.773525524335,pvalloc_29nbfs_LRG2_max_sBs0p8
5076,70887.6162221481,4437.9403390850575,71112.09255002551,64831.526328130385,6056.089894017736,pvalloc_29nbfs_LRG2_max_sBs0p8
5077,62708.26954388442,4863.786800760867,63058.01985050347,59159.50477070423,3548.7647731801667,pvalloc_29nbfs_LRG2_max_sBs0p8
5078,53275.60534038301,5048.20291937281,53809.183173595775,51715.43396233344,1560.1713780495675,pvalloc_29nbfs_LRG2_max_sBs0p8
5079,33085.85705601893,5064.260138137253,34067.718911466865,33057.771219369984,28.085836648949055,pvalloc_29nbfs_LRG2_max_sBs0p8
5080,36286.30797333568,4694.206789483207,37026.33958351055,36181.97777063187,104.33020270379751,pvalloc_29nbfs_LRG2_max_sBs0p8
5081,28590.438988980375,4457.298997473358,29460.663542018596,28590.438988980375,0.0,pvalloc_29nbfs_LRG2_max_sBs0p8
5082,16324.430105318133,4413.42004502073,17740.65474369571,16324.430105318133,0.0,pvalloc_29nbfs_LRG2_max_sBs0p8
5083,8593.503428585318,4733.155665152593,10817.879863516067,8593.503428585318,0.0,pvalloc_29nbfs_LRG2_max_sBs0p8
5084,45.215427237116025,9039.047545733602,9039.324555764533,45.215427237116025,0.0,pvalloc_29nbfs_LRG2_max_sBs0p8
5085,0.0,14038.884071464148,14038.884071464148,0.0,0.0,pvalloc_29nbfs_LRG2_max_sBs0p8
5086,0.0,16707.678657408916,16707.678657408916,0.0,0.0,pvalloc_29nbfs_LRG2_max_sBs0p8
5087,0.0,14798.423471834054,14798.423471834054,0.0,0.0,pvalloc_29nbfs_LRG2_max_sBs0p8
5088,0.0,12920.992928294932,12920.992928294932,0.0,0.0,pvalloc_29nbfs_LRG2_max_sBs0p8
5089,0.0,9900.944565301277,9900.944565301277,0.0,0.0,pvalloc_29nbfs_LRG2_max_sBs0p8
5090,0.0,9389.785903685059,9389.785903685059,0.0,0.0,pvalloc_29nbfs_LRG2_max_sBs0p8
5091,0.0,7401.546438254427,7401.546438254427,0.0,0.0,pvalloc_29nbfs_LRG2_max_sBs0p8
5092,0.0,6692.067790682455,6692.067790682455,0.0,0.0,pvalloc_29nbfs_LRG2_max_sBs0p8
5093,0.0,6497.448685059626,6497.448685059626,0.0,0.0,pvalloc_29nbfs_LRG2_max_sBs0p8
5094,300.3826688081378,3841.2035705442713,3845.109245557359,300.3826688081378,0.0,pvalloc_29nbfs_LRG2_max_sBs0p8
5095,14805.789590327051,2371.8585872308254,15273.186647835799,14805.789590327051,0.0,pvalloc_29nbfs_LRG2_max_sBs0p8
5096,34808.256411785405,2366.6525124867158,34945.1976371112,34778.9228533277,29.33355845770535,pvalloc_29nbfs_LRG2_max_sBs0p8
5097,56896.7842704627,2793.7495415756453,56991.408555044305,54842.12163122294,2054.6626392397643,pvalloc_29nbfs_LRG2_max_sBs0p8
5098,73788.74275306685,2917.7874019030673,73865.06716505667,66755.68720259465,7033.055550472101,pvalloc_29nbfs_LRG2_max_sBs0p8
5099,89271.58861152666,3507.620927693973,89372.57320172075,75292.25894758022,13979.329663946484,pvalloc_29nbfs_LRG2_max_sBs0p8
5100,75375.42220914332,4902.928746227854,75631.25301732642,67647.36079249438,7728.061416648901,pvalloc_29nbfs_LRG2_max_sBs0p8
5101,66112.4750772517,5574.576965949215,66579.79910332656,61525.942464821186,4586.5326124305075,pvalloc_29nbfs_LRG2_max_sBs0p8
5102,71197.02536579446,5661.266296450083,71659.96054528753,64858.00277186316,6339.022593931185,pvalloc_29nbfs_LRG2_max_sBs0p8
5103,64994.45957080634,5144.444677034908,65416.85925848106,60692.33982792521,4302.1197428811265,pvalloc_29nbfs_LRG2_max_sBs0p8
5104,61186.93891149283,4940.659560117894,61616.96528780941,57896.23941106829,3290.6995004245246,pvalloc_29nbfs_LRG2_max_sBs0p8
5105,25873.452076763166,4796.987578424059,26939.53262320604,25873.452076763166,0.0,pvalloc_29nbfs_LRG2_max_sBs0p8
5106,6548.157098832276,5127.970216794139,9134.350713861411,6548.157098832276,0.0,pvalloc_29nbfs_LRG2_max_sBs0p8
5107,1418.386373165634,6931.554443067483,7053.327691198855,1418.386373165634,0.0,pvalloc_29nbfs_LRG2_max_sBs0p8
5108,0.5373399570439836,11343.805211058161,11343.805211058161,0.5373399570439836,0.0,pvalloc_29nbfs_LRG2_max_sBs0p8
5109,0.0,13173.891725783154,13173.891725783154,0.0,0.0,pvalloc_29nbfs_LRG2_max_sBs0p8
5110,0.0,13106.449704799226,13106.449704799226,0.0,0.0,pvalloc_29nbfs_LRG2_max_sBs0p8
5111,0.0,12603.245316458495,12603.245316458495,0.0,0.0,pvalloc_29nbfs_LRG2_max_sBs0p8
5112,0.0,10413.182078012225,10413.182078012225,0.0,0.0,pvalloc_29nbfs_LRG2_max_sBs0p8
5113,0.0,8993.403916155026,8993.403916155026,0.0,0.0,pvalloc_29nbfs_LRG2_max_sBs0p8
5114,0.0,7817.172615127089,7817.172615127089,0.0,0.0,pvalloc_29nbfs_LRG2_max_sBs0p8
5115,0.0,7187.9602584705435,7187.9602584705435,0.0,0.0,pvalloc_29nbfs_LRG2_max_sBs0p8
5116,0.0,6597.782238100716,6597.782238100716,0.0,0.0,pvalloc_29nbfs_LRG2_max_sBs0p8
5117,0.0,6653.582169584411,6653.582169584411,0.0,0.0,pvalloc_29nbfs_LRG2_max_sBs0p8
5118,143.69751366845205,4119.300663667112,4120.985466785411,143.69751366845205,0.0,pvalloc_29nbfs_LRG2_max_sBs0p8
5119,10269.622950833675,2358.5194504449796,10950.11570724073,10269.622950833675,0.0,pvalloc_29nbfs_LRG2_max_sBs0p8
5120,31157.926944614534,2382.306732930265,31327.033130622756,31157.926944614534,0.0,pvalloc_29nbfs_LRG2_max_sBs0p8
5121,54456.14478846166,2713.301979556451,54553.324273805774,52867.145418904525,1588.9993695571377,pvalloc_29nbfs_LRG2_max_sBs0p8
5122,70448.99166988015,3179.327036879667,70545.65932860044,64644.28190091449,5804.709768965702,pvalloc_29nbfs_LRG2_max_sBs0p8
5123,88940.90664760782,3493.6375144956205,89025.29800599504,75204.99574666869,13735.91090093914,pvalloc_29nbfs_LRG2_max_sBs0p8
5124,88531.95147300296,4691.867477310958,88697.5979218738,75038.3143916779,13493.637081324994,pvalloc_29nbfs_LRG2_max_sBs0p8
5125,88453.89953466397,5520.369564697011,88718.62988200031,74921.77370609318,13532.125828570726,pvalloc_29nbfs_LRG2_max_sBs0p8
5126,82182.93043463085,5400.968245179485,82474.48597575823,71506.41922959386,10676.511205037034,pvalloc_29nbfs_LRG2_max_sBs0p8
5127,77621.20925508499,5317.016638458471,77940.05037837311,68891.940126937,8729.26912814798,pvalloc_29nbfs_LRG2_max_sBs0p8
5128,68749.24175503332,4485.359516453065,69007.41638091217,63351.2476713279,5397.994083705406,pvalloc_29nbfs_LRG2_max_sBs0p8
5129,50417.457606281525,4326.719872495119,50802.10175076744,49387.11233548152,1030.3452707999916,pvalloc_29nbfs_LRG2_max_sBs0p8
5130,30855.3883431562,4874.762681457637,31803.654940389366,30855.3883431562,0.0,pvalloc_29nbfs_LRG2_max_sBs0p8
5131,12202.716999596836,4978.8499683300115,14328.305835763753,12202.716999596836,0.0,pvalloc_29nbfs_LRG2_max_sBs0p8
5132,1.3746463229958004,11936.47932160887,11936.47932160887,1.3746463229958004,0.0,pvalloc_29nbfs_LRG2_max_sBs0p8
5133,0.0,18228.216139042957,18228.216139042957,0.0,0.0,pvalloc_29nbfs_LRG2_max_sBs0p8
5134,0.0,18162.49636171034,18162.49636171034,0.0,0.0,pvalloc_29nbfs_LRG2_max_sBs0p8
5135,0.0,15581.301938822113,15581.301938822113,0.0,0.0,pvalloc_29nbfs_LRG2_max_sBs0p8
5136,0.0,13660.518661518498,13660.518661518498,0.0,0.0,pvalloc_29nbfs_LRG2_max_sBs0p8
5137,0.0,10358.480128423344,10358.480128423344,0.0,0.0,pvalloc_29nbfs_LRG2_max_sBs0p8
5138,0.0,8828.47113398323,8828.47113398323,0.0,0.0,pvalloc_29nbfs_LRG2_max_sBs0p8
5139,0.0,7213.798405873983,7213.798405873983,0.0,0.0,pvalloc_29nbfs_LRG2_max_sBs0p8
5140,0.0,6479.031429122138,6479.031429122138,0.0,0.0,pvalloc_29nbfs_LRG2_max_sBs0p8
5141,0.0,6403.162580960438,6403.162580960438,0.0,0.0,pvalloc_29nbfs_LRG2_max_sBs0p8
5142,125.53377254982313,4161.535410011939,4162.915495137279,125.53377254982313,0.0,pvalloc_29nbfs_LRG2_max_sBs0p8
5143,13308.97830106151,2354.879042686097,13828.55617473318,13308.97830106151,0.0,pvalloc_29nbfs_LRG2_max_sBs0p8
5144,33119.52930983839,2663.0430480674363,33318.44067716156,33119.52930983839,0.0,pvalloc_29nbfs_LRG2_max_sBs0p8
5145,53985.09351279244,3207.5999165323624,54126.7520520945,52478.189952873356,1506.903559919085,pvalloc_29nbfs_LRG2_max_sBs0p8
5146,74377.86865674391,3327.914012860753,74474.96975679228,67147.76775240593,7230.100904338014,pvalloc_29nbfs_LRG2_max_sBs0p8
5147,87665.19573081465,4249.351243911639,87790.03975942775,74621.13834825832,13044.057382556275,pvalloc_29nbfs_LRG2_max_sBs0p8
5148,83280.74372022582,5794.710779425903,83647.11028075466,72371.59791293781,10909.145807288041,pvalloc_29nbfs_LRG2_max_sBs0p8
5149,88101.73043628101,5321.404284500162,88342.51281556126,74826.97653921586,13274.753897065131,pvalloc_29nbfs_LRG2_max_sBs0p8
5150,87706.12996649406,4495.5822499723745,87898.07997579745,74420.65348226228,13285.476484231707,pvalloc_29nbfs_LRG2_max_sBs0p8
5151,75875.66216551245,5024.962520229271,76146.44772303055,67934.46554141142,7941.196624101053,pvalloc_29nbfs_LRG2_max_sBs0p8
5152,63213.753306863466,4265.274478016956,63458.860197610484,59537.91168336959,3675.8416234938813,pvalloc_29nbfs_LRG2_max_sBs0p8
5153,45936.9530325604,3930.070880376728,46263.99048608855,45498.81517536441,438.13785719598303,pvalloc_29nbfs_LRG2_max_sBs0p8
5154,30684.98454052089,3930.6989889124457,31272.78489429175,30684.98454052089,0.0,pvalloc_29nbfs_LRG2_max_sBs0p8
5155,10171.723040832454,5607.749670704309,12945.66829805769,10171.723040832454,0.0,pvalloc_29nbfs_LRG2_max_sBs0p8
5156,0.9916523735260425,13203.43887401062,13203.43887401062,0.9916523735260425,0.0,pvalloc_29nbfs_LRG2_max_sBs0p8
5157,0.0,16656.158247084175,16656.158247084175,0.0,0.0,pvalloc_29nbfs_LRG2_max_sBs0p8
5158,0.0,16956.66673318879,16956.66673318879,0.0,0.0,pvalloc_29nbfs_LRG2_max_sBs0p8
5159,0.0,13878.197386105794,13878.197386105794,0.0,0.0,pvalloc_29nbfs_LRG2_max_sBs0p8
5160,0.0,13359.709264488023,13359.709264488023,0.0,0.0,pvalloc_29nbfs_LRG2_max_sBs0p8
5161,0.0,9823.421723926978,9823.421723926978,0.0,0.0,pvalloc_29nbfs_LRG2_max_sBs0p8
5162,0.0,8004.918441437759,8004.918441437759,0.0,0.0,pvalloc_29nbfs_LRG2_max_sBs0p8
5163,0.0,7279.771629046192,7279.771629046192,0.0,0.0,pvalloc_29nbfs_LRG2_max_sBs0p8
5164,0.0,6702.512682378077,6702.512682378077,0.0,0.0,pvalloc_29nbfs_LRG2_max_sBs0p8
5165,0.0,6398.7645866892735,6398.7645866892735,0.0,0.0,pvalloc_29nbfs_LRG2_max_sBs0p8
5166,103.02682329882686,4348.660594713034,4349.761258785287,103.02682329882686,0.0,pvalloc_29nbfs_LRG2_max_sBs0p8
5167,12663.704778766469,2548.107021650375,13329.084472267816,12663.704778766469,0.0,pvalloc_29nbfs_LRG2_max_sBs0p8
5168,33067.57940551779,2920.346052378153,33322.650501640295,33067.57940551779,0.0,pvalloc_29nbfs_LRG2_max_sBs0p8
5169,54919.60344691799,3160.42795014351,55051.840517441626,53243.18579942983,1676.4176474881565,pvalloc_29nbfs_LRG2_max_sBs0p8
5170,74947.66982399105,3061.174518062368,75032.0524596789,67468.00656914552,7479.66325484548,pvalloc_29nbfs_LRG2_max_sBs0p8
5171,89757.7639869097,3764.9813827267913,89857.76444685616,75623.09809474873,14134.66589216105,pvalloc_29nbfs_LRG2_max_sBs0p8
5172,84041.02978689529,4277.5207283813315,84200.70106599033,72609.7744886388,11431.255298256556,pvalloc_29nbfs_LRG2_max_sBs0p8
5173,78326.12562677337,4585.951895841775,78541.0024137073,69377.68406223046,8948.441564542863,pvalloc_29nbfs_LRG2_max_sBs0p8
5174,88620.00033748584,4540.582135154189,88808.6066104917,74911.51352253175,13708.486814954145,pvalloc_29nbfs_LRG2_max_sBs0p8
5175,76368.58234325297,4721.904897412417,76615.56288955588,68186.69905784316,8181.883285409807,pvalloc_29nbfs_LRG2_max_sBs0p8
5176,61168.73629831078,4536.958581273707,61473.98597053552,57985.78707650719,3182.949221803591,pvalloc_29nbfs_LRG2_max_sBs0p8
5177,41841.76372930946,4211.01147828801,42316.22231851154,41628.97749619017,212.78623311929363,pvalloc_29nbfs_LRG2_max_sBs0p8
5178,22927.391039973667,4132.272016146946,23847.95286432729,22927.391039973667,0.0,pvalloc_29nbfs_LRG2_max_sBs0p8
5179,9385.252982362214,4312.215924906927,11203.382084773351,9385.252982362214,0.0,pvalloc_29nbfs_LRG2_max_sBs0p8
5180,20.1317177995606,9583.775583414284,9583.932544805708,20.1317177995606,0.0,pvalloc_29nbfs_LRG2_max_sBs0p8
5181,0.0,17958.547144614717,17958.547144614717,0.0,0.0,pvalloc_29nbfs_LRG2_max_sBs0p8
5182,0.0,15508.105894089556,15508.105894089556,0.0,0.0,pvalloc_29nbfs_LRG2_max_sBs0p8
5183,0.0,14273.897403473246,14273.897403473246,0.0,0.0,pvalloc_29nbfs_LRG2_max_sBs0p8
5184,0.0,13200.332246555772,13200.332246555772,0.0,0.0,pvalloc_29nbfs_LRG2_max_sBs0p8
5185,0.0,9638.325646422078,9638.325646422078,0.0,0.0,pvalloc_29nbfs_LRG2_max_sBs0p8
5186,0.0,8321.584507793394,8321.584507793394,0.0,0.0,pvalloc_29nbfs_LRG2_max_sBs0p8
5187,0.0,7169.817360127394,7169.817360127394,0.0,0.0,pvalloc_29nbfs_LRG2_max_sBs0p8
5188,0.0,7079.928698781938,7079.928698781938,0.0,0.0,pvalloc_29nbfs_LRG2_max_sBs0p8
5189,0.0,6529.334832922409,6529.334832922409,0.0,0.0,pvalloc_29nbfs_LRG2_max_sBs0p8
5190,43.770111869523305,4768.04200224359,4768.538384439354,43.770111869523305,0.0,pvalloc_29nbfs_LRG2_max_sBs0p8
5191,10378.473249542696,2502.147442355637,11128.873563567871,10378.473249542696,0.0,pvalloc_29nbfs_LRG2_max_sBs0p8
5192,27613.174402327088,2856.989824244247,27935.068119683347,27613.174402327088,0.0,pvalloc_29nbfs_LRG2_max_sBs0p8
5193,49196.178048420945,3114.7818469413987,49350.90593990766,48457.55162706965,738.6264213512969,pvalloc_29nbfs_LRG2_max_sBs0p8
5194,62322.646050729796,3395.630202601579,62457.00100733684,58965.582983431865,3357.063067297916,pvalloc_29nbfs_LRG2_max_sBs0p8
5195,70879.89410479908,4074.3163837471434,71048.63593422325,64937.05821654572,5942.835888253374,pvalloc_29nbfs_LRG2_max_sBs0p8
5196,68353.09087725084,5045.480137379673,68689.57175772313,63285.007625730424,5068.083251520394,pvalloc_29nbfs_LRG2_max_sBs0p8
5197,72584.347481733,4919.249376650328,72859.32798226018,65918.71562917788,6665.631852555144,pvalloc_29nbfs_LRG2_max_sBs0p8
5198,71334.40397405015,5430.985756601233,71704.92225402483,65106.17544842518,6228.228525624924,pvalloc_29nbfs_LRG2_max_sBs0p8
5199,70443.44361954955,4903.297134169033,70742.22692512767,64492.67991934132,5950.7637002081665,pvalloc_29nbfs_LRG2_max_sBs0p8
5200,42356.281791753754,3815.0460923322316,42726.86348925284,42122.53281071117,233.74898104257534,pvalloc_29nbfs_LRG2_max_sBs0p8
5201,27216.877485011664,3804.9670194315113,27863.672217699394,27216.877485011664,0.0,pvalloc_29nbfs_LRG2_max_sBs0p8
5202,13099.996035507937,4327.398875609257,14761.672336948664,13099.996035507937,0.0,pvalloc_29nbfs_LRG2_max_sBs0p8
5203,8221.641454390656,4806.315703129393,10541.012471156042,8221.641454390656,0.0,pvalloc_29nbfs_LRG2_max_sBs0p8
5204,0.0,15090.597933160558,15090.597933160558,0.0,0.0,pvalloc_29nbfs_LRG2_max_sBs0p8
5205,0.0,15791.348827533153,15791.348827533153,0.0,0.0,pvalloc_29nbfs_LRG2_max_sBs0p8
5206,0.0,15247.755727980577,15247.755727980577,0.0,0.0,pvalloc_29nbfs_LRG2_max_sBs0p8
5207,0.0,15008.225250668322,15008.225250668322,0.0,0.0,pvalloc_29nbfs_LRG2_max_sBs0p8
5208,0.0,12069.433844123945,12069.433844123945,0.0,0.0,pvalloc_29nbfs_LRG2_max_sBs0p8
5209,0.0,11145.876780548273,11145.876780548273,0.0,0.0,pvalloc_29nbfs_LRG2_max_sBs0p8
5210,0.0,8940.899584908117,8940.899584908117,0.0,0.0,pvalloc_29nbfs_LRG2_max_sBs0p8
5211,0.0,7874.8958073584245,7874.8958073584245,0.0,0.0,pvalloc_29nbfs_LRG2_max_sBs0p8
5212,0.0,7043.64455664798,7043.64455664798,0.0,0.0,pvalloc_29nbfs_LRG2_max_sBs0p8
5213,0.0,7125.558647681809,7125.558647681809,0.0,0.0,pvalloc_29nbfs_LRG2_max_sBs0p8
5214,3.6200037072713416,5733.976752737432,5734.0484360332475,3.6200037072713416,0.0,pvalloc_29nbfs_LRG2_max_sBs0p8
5215,1654.3422387889357,3023.5512656633377,3676.022144673796,1654.3422387889357,0.0,pvalloc_29nbfs_LRG2_max_sBs0p8
5216,6112.287183582635,2945.253964342071,7459.558033925986,6112.287183582635,0.0,pvalloc_29nbfs_LRG2_max_sBs0p8
5217,12205.87832486556,3187.7665343323642,13275.720738848771,12205.87832486556,0.0,pvalloc_29nbfs_LRG2_max_sBs0p8
5218,23894.787071956398,3307.4089190452546,24454.837236360047,23894.787071956398,0.0,pvalloc_29nbfs_LRG2_max_sBs0p8
5219,28433.322466074493,3945.977974056732,29101.63152326085,28433.322466074493,0.0,pvalloc_29nbfs_LRG2_max_sBs0p8
5220,21055.447446167662,5082.675720507112,22719.830863195188,21055.447446167662,0.0,pvalloc_29nbfs_LRG2_max_sBs0p8
5221,45700.06213351897,4532.316330220247,46206.1658168418,45244.9929896017,455.0691439172697,pvalloc_29nbfs_LRG2_max_sBs0p8
5222,60419.45614427113,4698.695375006715,60774.1188951189,57381.03117704473,3038.4249672263986,pvalloc_29nbfs_LRG2_max_sBs0p8
5223,47446.94042668009,4724.601124375608,47965.117152577855,46829.87478215993,617.065644520173,pvalloc_29nbfs_LRG2_max_sBs0p8
5224,47804.2884626447,4121.248395254566,48170.781490796864,47163.49642922639,640.7920334183118,pvalloc_29nbfs_LRG2_max_sBs0p8
5225,35802.67950402935,4199.549970806263,36377.49226835244,35734.39713388156,68.28237014779057,pvalloc_29nbfs_LRG2_max_sBs0p8
5226,24958.358591859575,4094.347750604214,25778.381967799356,24958.358591859575,0.0,pvalloc_29nbfs_LRG2_max_sBs0p8
5227,10271.62382877288,4773.685092955427,12374.419500077796,10271.62382877288,0.0,pvalloc_29nbfs_LRG2_max_sBs0p8
5228,0.24472296825941672,12343.32945564021,12343.32945564021,0.24472296825941672,0.0,pvalloc_29nbfs_LRG2_max_sBs0p8
5229,0.0,17463.78761121696,17463.78761121696,0.0,0.0,pvalloc_29nbfs_LRG2_max_sBs0p8
5230,0.0,16776.24576513662,16776.24576513662,0.0,0.0,pvalloc_29nbfs_LRG2_max_sBs0p8
5231,0.0,13863.094861205216,13863.094861205216,0.0,0.0,pvalloc_29nbfs_LRG2_max_sBs0p8
5232,0.0,12379.083196074876,12379.083196074876,0.0,0.0,pvalloc_29nbfs_LRG2_max_sBs0p8
5233,0.0,10840.79645112631,10840.79645112631,0.0,0.0,pvalloc_29nbfs_LRG2_max_sBs0p8
5234,0.0,8839.193140860434,8839.193140860434,0.0,0.0,pvalloc_29nbfs_LRG2_max_sBs0p8
5235,0.0,7691.549078353807,7691.549078353807,0.0,0.0,pvalloc_29nbfs_LRG2_max_sBs0p8
5236,0.0,6881.188714069511,6881.188714069511,0.0,0.0,pvalloc_29nbfs_LRG2_max_sBs0p8
5237,0.0,7020.828203404438,7020.828203404438,0.0,0.0,pvalloc_29nbfs_LRG2_max_sBs0p8
5238,66.51635794376905,4740.749177629936,4741.433540447138,66.51635794376905,0.0,pvalloc_29nbfs_LRG2_max_sBs0p8
5239,11462.814630516325,2608.467594268452,12194.215017383262,11462.814630516325,0.0,pvalloc_29nbfs_LRG2_max_sBs0p8
5240,24408.253993065377,2926.8003495003895,24812.68274994505,24408.253993065377,0.0,pvalloc_29nbfs_LRG2_max_sBs0p8
5241,48306.53063145816,3153.0013742233314,48471.73315136778,47672.587684437916,633.9429470202537,pvalloc_29nbfs_LRG2_max_sBs0p8
5242,62264.33681511543,3597.429384920323,62417.52119062921,58920.67607128994,3343.6607438254805,pvalloc_29nbfs_LRG2_max_sBs0p8
5243,68819.94003908192,3909.52644284838,68986.42892852952,63524.62027154986,5295.319767531996,pvalloc_29nbfs_LRG2_max_sBs0p8
5244,56482.806260783706,4417.742615013537,56798.92372991251,54424.82846777794,2057.9777930057708,pvalloc_29nbfs_LRG2_max_sBs0p8
5245,54913.85631065082,4932.270239343676,55363.29278214959,53134.259402554,1779.5969080968316,pvalloc_29nbfs_LRG2_max_sBs0p8
5246,51253.244445856704,4986.505918754785,51800.645030755855,50045.8541179231,1207.3903279336032,pvalloc_29nbfs_LRG2_max_sBs0p8
5247,50997.23418300918,4681.045520196617,51471.959787088206,49844.79251693821,1152.4416660709821,pvalloc_29nbfs_LRG2_max_sBs0p8
5248,43372.94460975344,4129.3408334868445,43829.20553853081,43075.2624667542,297.6821429992423,pvalloc_29nbfs_LRG2_max_sBs0p8
5249,35404.99029553172,4003.7049407751065,35939.533129995194,35343.488501157866,61.50179437385714,pvalloc_29nbfs_LRG2_max_sBs0p8
5250,18126.59502813258,4538.510813997893,19493.581147804383,18126.59502813258,0.0,pvalloc_29nbfs_LRG2_max_sBs0p8
5251,8335.418589794197,5133.728637628059,10855.911960077545,8335.418589794197,0.0,pvalloc_29nbfs_LRG2_max_sBs0p8
5252,0.0,18999.958284783632,18999.958284783632,0.0,0.0,pvalloc_29nbfs_LRG2_max_sBs0p8
5253,0.0,19290.580116971658,19290.580116971658,0.0,0.0,pvalloc_29nbfs_LRG2_max_sBs0p8
5254,0.0,16835.268381474212,16835.268381474212,0.0,0.0,pvalloc_29nbfs_LRG2_max_sBs0p8
5255,0.0,14924.78827852718,14924.78827852718,0.0,0.0,pvalloc_29nbfs_LRG2_max_sBs0p8
5256,0.0,13381.168060104112,13381.168060104112,0.0,0.0,pvalloc_29nbfs_LRG2_max_sBs0p8
5257,0.0,10539.960012448035,10539.960012448035,0.0,0.0,pvalloc_29nbfs_LRG2_max_sBs0p8
5258,0.0,8429.066249258418,8429.066249258418,0.0,0.0,pvalloc_29nbfs_LRG2_max_sBs0p8
5259,0.0,7662.686930720702,7662.686930720702,0.0,0.0,pvalloc_29nbfs_LRG2_max_sBs0p8
5260,0.0,6987.5697160524915,6987.5697160524915,0.0,0.0,pvalloc_29nbfs_LRG2_max_sBs0p8
5261,0.0,6946.060646242223,6946.060646242223,0.0,0.0,pvalloc_29nbfs_LRG2_max_sBs0p8
5262,58.76744932427857,4987.319787651833,4987.9428565789785,58.76744932427857,0.0,pvalloc_29nbfs_LRG2_max_sBs0p8
5263,12691.590365934739,2562.923553566059,13330.491288985693,12691.590365934739,0.0,pvalloc_29nbfs_LRG2_max_sBs0p8
5264,33509.6814061297,2855.923357984155,33745.39255746692,33505.75473205321,3.9266740764878705,pvalloc_29nbfs_LRG2_max_sBs0p8
5265,56205.24967376046,2947.0176030192715,56317.97652367768,54280.38465574603,1924.865018014426,pvalloc_29nbfs_LRG2_max_sBs0p8
5266,75234.15344644409,3724.180725600381,75351.07266492174,67683.7524296652,7550.4010167789575,pvalloc_29nbfs_LRG2_max_sBs0p8
5267,88837.80606577928,4799.891194054181,89008.19664094715,75242.49567454951,13595.310391229827,pvalloc_29nbfs_LRG2_max_sBs0p8
5268,86131.18135405733,5847.823697744466,86465.06152166854,73823.43939074206,12307.74196331523,pvalloc_29nbfs_LRG2_max_sBs0p8
5269,91028.54610832495,5814.373056847966,91317.96753732418,76243.76643219183,14784.779676133132,pvalloc_29nbfs_LRG2_max_sBs0p8
5270,91513.80604920436,5228.389878327346,91783.11627375496,76220.90140270785,15292.904646496469,pvalloc_29nbfs_LRG2_max_sBs0p8
5271,83056.32451033578,5019.988409802839,83318.11548161105,71931.21109033661,11125.113419999201,pvalloc_29nbfs_LRG2_max_sBs0p8
5272,69198.66444487545,4778.319442898873,69486.17023391071,63666.541992957245,5532.12245191818,pvalloc_29nbfs_LRG2_max_sBs0p8
5273,52130.33978638509,4342.688132370841,52505.389583994256,50813.42778966757,1316.9119967175263,pvalloc_29nbfs_LRG2_max_sBs0p8
5274,31266.361779502076,4443.012834285643,32030.258630694258,31266.361779502076,0.0,pvalloc_29nbfs_LRG2_max_sBs0p8
5275,12676.25979585898,4708.868278506879,14449.856077431305,12676.25979585898,0.0,pvalloc_29nbfs_LRG2_max_sBs0p8
5276,0.001144878417680309,16107.85361782341,16107.85361782341,0.001144878417680309,0.0,pvalloc_29nbfs_LRG2_max_sBs0p8
5277,0.0,16661.54003587522,16661.54003587522,0.0,0.0,pvalloc_29nbfs_LRG2_max_sBs0p8
5278,0.0,16071.87963882066,16071.87963882066,0.0,0.0,pvalloc_29nbfs_LRG2_max_sBs0p8
5279,0.0,16513.61501158644,16513.61501158644,0.0,0.0,pvalloc_29nbfs_LRG2_max_sBs0p8
5280,0.0,14223.402737580196,14223.402737580196,0.0,0.0,pvalloc_29nbfs_LRG2_max_sBs0p8
5281,0.0,10189.901163932847,10189.901163932847,0.0,0.0,pvalloc_29nbfs_LRG2_max_sBs0p8
5282,0.0,9219.908618123189,9219.908618123189,0.0,0.0,pvalloc_29nbfs_LRG2_max_sBs0p8
5283,0.0,8077.212368111325,8077.212368111325,0.0,0.0,pvalloc_29nbfs_LRG2_max_sBs0p8
5284,0.0,7416.388772703773,7416.388772703773,0.0,0.0,pvalloc_29nbfs_LRG2_max_sBs0p8
5285,0.0,7104.393955178766,7104.393955178766,0.0,0.0,pvalloc_29nbfs_LRG2_max_sBs0p8
5286,19.59963784865587,5505.260405632768,5505.522934367405,19.59963784865587,0.0,pvalloc_29nbfs_LRG2_max_sBs0p8
5287,11800.847272158731,2604.3171402681205,12507.809826771874,11800.847272158731,0.0,pvalloc_29nbfs_LRG2_max_sBs0p8
5288,33676.16445745844,2762.636376846415,33891.66357448703,33669.9050541145,6.259403343945337,pvalloc_29nbfs_LRG2_max_sBs0p8
5289,55892.352376250776,2764.8186869501424,55993.515354138304,54027.07462607777,1865.2777501730109,pvalloc_29nbfs_LRG2_max_sBs0p8
5290,74191.61526220072,3621.1934035451072,74301.76670426647,67056.92516642457,7134.690095776099,pvalloc_29nbfs_LRG2_max_sBs0p8
5291,90226.20037014806,4049.624798751081,90348.72476614751,75844.6667784822,14381.533591665875,pvalloc_29nbfs_LRG2_max_sBs0p8
5292,85624.17636193646,5618.68796144772,85925.84295316607,73559.63884873464,12064.537513201809,pvalloc_29nbfs_LRG2_max_sBs0p8
5293,91377.69509143196,5532.553255791077,91637.29178154134,76307.85701817824,15069.838073253746,pvalloc_29nbfs_LRG2_max_sBs0p8
5294,86756.42587460585,6652.282723875883,87211.70335893218,73912.73299393138,12843.692880674487,pvalloc_29nbfs_LRG2_max_sBs0p8
5295,80016.13181546268,6058.202216228881,80438.0623399576,70229.89488988555,9786.236925577186,pvalloc_29nbfs_LRG2_max_sBs0p8
5296,65451.375779543625,6116.163574127216,66039.0791728274,61109.66578769493,4341.709991848704,pvalloc_29nbfs_LRG2_max_sBs0p8
5297,49701.54609911521,5439.0573454156365,50392.39284142987,48728.14360705024,973.4024920649714,pvalloc_29nbfs_LRG2_max_sBs0p8
5298,29312.301985736496,5432.860804239562,30516.863688575664,29312.301985736496,0.0,pvalloc_29nbfs_LRG2_max_sBs0p8
5299,8810.313939450378,6468.414341295822,12181.889800275898,8810.313939450378,0.0,pvalloc_29nbfs_LRG2_max_sBs0p8
5300,0.002782290935076717,16914.848194294023,16914.848194294023,0.002782290935076717,0.0,pvalloc_29nbfs_LRG2_max_sBs0p8
5301,0.0,19664.8737674663,19664.8737674663,0.0,0.0,pvalloc_29nbfs_LRG2_max_sBs0p8
5302,0.0,21717.297616531432,21717.297616531432,0.0,0.0,pvalloc_29nbfs_LRG2_max_sBs0p8
5303,0.0,17214.825474050005,17214.825474050005,0.0,0.0,pvalloc_29nbfs_LRG2_max_sBs0p8
5304,0.0,12578.207549128692,12578.207549128692,0.0,0.0,pvalloc_29nbfs_LRG2_max_sBs0p8
5305,0.0,10294.109997870488,10294.109997870488,0.0,0.0,pvalloc_29nbfs_LRG2_max_sBs0p8
5306,0.0,8325.709247505114,8325.709247505114,0.0,0.0,pvalloc_29nbfs_LRG2_max_sBs0p8
5307,0.0,7293.515981600716,7293.515981600716,0.0,0.0,pvalloc_29nbfs_LRG2_max_sBs0p8
5308,0.0,6735.77447883469,6735.77447883469,0.0,0.0,pvalloc_29nbfs_LRG2_max_sBs0p8
5309,0.0,6710.483943585053,6710.483943585053,0.0,0.0,pvalloc_29nbfs_LRG2_max_sBs0p8
5310,30.282218655724694,4984.734139612756,4985.119265053429,30.282218655724694,0.0,pvalloc_29nbfs_LRG2_max_sBs0p8
5311,11753.062407554113,2510.482580130299,12420.732216367376,11753.062407554113,0.0,pvalloc_29nbfs_LRG2_max_sBs0p8
5312,32873.34699024341,2874.1914191904684,33121.74754911667,32873.34699024341,0.0,pvalloc_29nbfs_LRG2_max_sBs0p8
5313,54821.760820821866,3219.6083908883206,54962.395736441555,53153.701137363925,1668.0596834579478,pvalloc_29nbfs_LRG2_max_sBs0p8
5314,74966.40658247165,3688.513427694864,75092.55717271476,67486.73920062534,7479.667381846364,pvalloc_29nbfs_LRG2_max_sBs0p8
5315,91201.5411650257,3849.54902573005,91314.20101779774,76300.31272280666,14901.228442219011,pvalloc_29nbfs_LRG2_max_sBs0p8
5316,85245.3771359365,5912.741404350889,85594.87066587523,73342.22674215319,11903.150393783391,pvalloc_29nbfs_LRG2_max_sBs0p8
5317,90970.25085923585,5414.898399191298,91210.22940651367,76185.352884195,14784.89797504086,pvalloc_29nbfs_LRG2_max_sBs0p8
5318,88574.20364044535,5552.751468911757,88845.78088677832,74909.9858396045,13664.217800840834,pvalloc_29nbfs_LRG2_max_sBs0p8
5319,82028.69006318388,4916.794441733442,82262.09451422415,71432.9863460427,10595.703717141168,pvalloc_29nbfs_LRG2_max_sBs0p8
5320,67946.57761322377,4825.435749296604,68244.27948205611,62836.51215365772,5110.0654595661035,pvalloc_29nbfs_LRG2_max_sBs0p8
5321,50063.338725265196,4697.238876115858,50520.19737270854,49100.57696875305,962.7617565121442,pvalloc_29nbfs_LRG2_max_sBs0p8
5322,31972.233415841234,3954.722502283086,32566.02714943178,31972.233415841234,0.0,pvalloc_29nbfs_LRG2_max_sBs0p8
5323,10838.135791901184,4741.819518010778,12905.099800362925,10838.135791901184,0.0,pvalloc_29nbfs_LRG2_max_sBs0p8
5324,0.6233554401438943,11780.231408841886,11780.231408841886,0.6233554401438943,0.0,pvalloc_29nbfs_LRG2_max_sBs0p8
5325,0.0,17798.451423069695,17798.451423069695,0.0,0.0,pvalloc_29nbfs_LRG2_max_sBs0p8
5326,0.0,19605.334016129706,19605.334016129706,0.0,0.0,pvalloc_29nbfs_LRG2_max_sBs0p8
5327,0.0,17993.339244710096,17993.339244710096,0.0,0.0,pvalloc_29nbfs_LRG2_max_sBs0p8
5328,0.0,14499.905393880887,14499.905393880887,0.0,0.0,pvalloc_29nbfs_LRG2_max_sBs0p8
5329,0.0,10706.7985791197,10706.7985791197,0.0,0.0,pvalloc_29nbfs_LRG2_max_sBs0p8
5330,0.0,8691.305275136961,8691.305275136961,0.0,0.0,pvalloc_29nbfs_LRG2_max_sBs0p8
5331,0.0,7299.838339654398,7299.838339654398,0.0,0.0,pvalloc_29nbfs_LRG2_max_sBs0p8
5332,0.0,6942.486827788975,6942.486827788975,0.0,0.0,pvalloc_29nbfs_LRG2_max_sBs0p8
5333,0.0,6828.1340130815815,6828.1340130815815,0.0,0.0,pvalloc_29nbfs_LRG2_max_sBs0p8
5334,10.23884843326863,5417.689734872624,5417.825325453026,10.23884843326863,0.0,pvalloc_29nbfs_LRG2_max_sBs0p8
5335,10506.680090200707,2805.6379661380997,11439.944536058443,10506.680090200707,0.0,pvalloc_29nbfs_LRG2_max_sBs0p8
5336,31592.04970206462,3234.258416375348,31946.813175769752,31592.04970206462,0.0,pvalloc_29nbfs_LRG2_max_sBs0p8
5337,53932.76640932932,3412.452966649247,54101.0548789173,52416.04228816616,1516.7241211631642,pvalloc_29nbfs_LRG2_max_sBs0p8
5338,73882.46032149211,3725.3397949805412,74010.01883904467,66836.20430531663,7046.256016175469,pvalloc_29nbfs_LRG2_max_sBs0p8
5339,89057.62011983259,4022.855949025853,89175.05770764963,75280.82509797363,13776.79502185896,pvalloc_29nbfs_LRG2_max_sBs0p8
5340,84371.74390508066,5739.866137209853,84719.94588266876,72967.90744164209,11403.836463438542,pvalloc_29nbfs_LRG2_max_sBs0p8
5341,88670.27930811283,5708.3125984479,88960.92700915478,75101.69112257709,13568.58818553569,pvalloc_29nbfs_LRG2_max_sBs0p8
5342,85482.3168331301,6552.191424627517,85939.224743752,73436.33197237464,12045.984860755409,pvalloc_29nbfs_LRG2_max_sBs0p8
5343,80361.27066352815,5458.920982125164,80670.95547999073,70488.93203346236,9872.338630065833,pvalloc_29nbfs_LRG2_max_sBs0p8
5344,68392.75965545628,4524.157448710913,68650.51537112678,63128.42493388929,5264.334721567056,pvalloc_29nbfs_LRG2_max_sBs0p8
5345,48971.30916854959,4481.25402581536,49393.38348612243,48179.818054157586,791.4911143920016,pvalloc_29nbfs_LRG2_max_sBs0p8
5346,29294.533948626045,4463.9137644039365,30121.664046635768,29294.533948626045,0.0,pvalloc_29nbfs_LRG2_max_sBs0p8
5347,7444.631812681649,6365.278314056969,10948.377604985642,7444.631812681649,0.0,pvalloc_29nbfs_LRG2_max_sBs0p8
5348,0.0,15989.506173517675,15989.506173517675,0.0,0.0,pvalloc_29nbfs_LRG2_max_sBs0p8
5349,0.0,16826.71504393423,16826.71504393423,0.0,0.0,pvalloc_29nbfs_LRG2_max_sBs0p8
5350,0.0,17455.218388780384,17455.218388780384,0.0,0.0,pvalloc_29nbfs_LRG2_max_sBs0p8
5351,0.0,17312.601875985758,17312.601875985758,0.0,0.0,pvalloc_29nbfs_LRG2_max_sBs0p8
5352,0.0,14414.143741518075,14414.143741518075,0.0,0.0,pvalloc_29nbfs_LRG2_max_sBs0p8
5353,0.0,9954.172012300513,9954.172012300513,0.0,0.0,pvalloc_29nbfs_LRG2_max_sBs0p8
5354,0.0,8448.308232531268,8448.308232531268,0.0,0.0,pvalloc_29nbfs_LRG2_max_sBs0p8
5355,0.0,7461.470557932399,7461.470557932399,0.0,0.0,pvalloc_29nbfs_LRG2_max_sBs0p8
5356,0.0,6904.553782501744,6904.553782501744,0.0,0.0,pvalloc_29nbfs_LRG2_max_sBs0p8
5357,0.0,6785.528064411384,6785.528064411384,0.0,0.0,pvalloc_29nbfs_LRG2_max_sBs0p8
5358,16.187302005145085,5397.944468055802,5398.17443193196,16.187302005145085,0.0,pvalloc_29nbfs_LRG2_max_sBs0p8
5359,10623.587479285177,2700.155466638084,11466.083993962437,10623.587479285177,0.0,pvalloc_29nbfs_LRG2_max_sBs0p8
5360,31819.16366319702,3036.40896048142,32119.466393617993,31819.16366319702,0.0,pvalloc_29nbfs_LRG2_max_sBs0p8
5361,51634.196515677344,4021.355996766954,51937.7737472427,50509.04983966971,1125.1466760076278,pvalloc_29nbfs_LRG2_max_sBs0p8
5362,72720.39328655963,4119.28366209185,72884.38966082744,66136.00238353819,6584.390903021509,pvalloc_29nbfs_LRG2_max_sBs0p8
5363,86944.7963824348,4994.413148930266,87153.28162490777,74316.48973665143,12628.306645783392,pvalloc_29nbfs_LRG2_max_sBs0p8
5364,84899.82160628919,5829.299955704658,85260.55549728041,73251.92606120667,11647.895545082578,pvalloc_29nbfs_LRG2_max_sBs0p8
5365,87853.59256081801,6393.657561636473,88286.63712942868,74771.02251080709,13082.570050010929,pvalloc_29nbfs_LRG2_max_sBs0p8
5366,90085.71706242718,5273.29986230678,90324.0086848348,75676.13773897964,14409.579323447562,pvalloc_29nbfs_LRG2_max_sBs0p8
5367,81542.87345066313,4898.266244594955,81769.47180108463,71192.80026376667,10350.073186896532,pvalloc_29nbfs_LRG2_max_sBs0p8
5368,67793.67916612816,4601.101082774658,68050.00913017469,62799.11658343611,4994.562582692083,pvalloc_29nbfs_LRG2_max_sBs0p8
5369,48934.54811823379,4696.5230964192815,49397.329355075555,48172.30491920194,762.2431990318531,pvalloc_29nbfs_LRG2_max_sBs0p8
5370,28012.6064598607,4838.620678600683,29079.494797908006,28012.6064598607,0.0,pvalloc_29nbfs_LRG2_max_sBs0p8
5371,9368.362489613375,5175.714951132188,11829.315126248152,9368.362489613375,0.0,pvalloc_29nbfs_LRG2_max_sBs0p8
5372,0.0,16855.604434255296,16855.604434255296,0.0,0.0,pvalloc_29nbfs_LRG2_max_sBs0p8
5373,0.0,17345.89249504484,17345.89249504484,0.0,0.0,pvalloc_29nbfs_LRG2_max_sBs0p8
5374,0.0,16579.52219038973,16579.52219038973,0.0,0.0,pvalloc_29nbfs_LRG2_max_sBs0p8
5375,0.0,15251.446364993699,15251.446364993699,0.0,0.0,pvalloc_29nbfs_LRG2_max_sBs0p8
5376,0.0,13188.262672566276,13188.262672566276,0.0,0.0,pvalloc_29nbfs_LRG2_max_sBs0p8
5377,0.0,11323.925666493667,11323.925666493667,0.0,0.0,pvalloc_29nbfs_LRG2_max_sBs0p8
5378,0.0,9734.491596408214,9734.491596408214,0.0,0.0,pvalloc_29nbfs_LRG2_max_sBs0p8
5379,0.0,8493.110696508547,8493.110696508547,0.0,0.0,pvalloc_29nbfs_LRG2_max_sBs0p8
5380,0.0,7434.255107382791,7434.255107382791,0.0,0.0,pvalloc_29nbfs_LRG2_max_sBs0p8
5381,0.0,7087.350693282779,7087.350693282779,0.0,0.0,pvalloc_29nbfs_LRG2_max_sBs0p8
5382,6.524013489456258,5749.306944422503,5749.406335232343,6.524013489456258,0.0,pvalloc_29nbfs_LRG2_max_sBs0p8
5383,10254.522820677572,2774.2826005145243,11158.90987583507,10254.522820677572,0.0,pvalloc_29nbfs_LRG2_max_sBs0p8
5384,32073.605384263832,2885.4651868706746,32341.19873319749,32073.605384263832,0.0,pvalloc_29nbfs_LRG2_max_sBs0p8
5385,54206.42178387561,3220.8269011536877,54351.98312063036,52636.82031460405,1569.6014692715612,pvalloc_29nbfs_LRG2_max_sBs0p8
5386,72812.11765425793,3904.96720359886,72951.84724894608,66185.37934807138,6626.7383061865585,pvalloc_29nbfs_LRG2_max_sBs0p8
5387,88428.72738105494,4434.517889888837,88576.67958200803,74965.81578341112,13462.911597643802,pvalloc_29nbfs_LRG2_max_sBs0p8
5388,85520.71973195358,5516.58276710818,85805.43544098294,73490.30404737484,12030.415684578793,pvalloc_29nbfs_LRG2_max_sBs0p8
5389,89254.95718577829,5835.246990850177,89557.06795014956,75342.95509155547,13912.0020942228,pvalloc_29nbfs_LRG2_max_sBs0p8
5390,85621.63914673786,6239.483084536436,86010.36710198289,73453.37605168694,12168.263095050948,pvalloc_29nbfs_LRG2_max_sBs0p8
5391,78824.89237347439,5603.673912509947,79161.08146795596,69674.34944333324,9150.542930141151,pvalloc_29nbfs_LRG2_max_sBs0p8
5392,64783.65374086525,5314.25900787346,65191.915480028445,60738.966342131316,4044.6873987339336,pvalloc_29nbfs_LRG2_max_sBs0p8
5393,46002.37775629651,5337.97488922127,46713.82854053028,45557.39408541382,444.98367088268736,pvalloc_29nbfs_LRG2_max_sBs0p8
5394,27034.743686290618,4953.890353601167,28200.907921243164,27034.743686290618,0.0,pvalloc_29nbfs_LRG2_max_sBs0p8
5395,6322.4333507714855,7005.436043688851,10431.873341613384,6322.4333507714855,0.0,pvalloc_29nbfs_LRG2_max_sBs0p8
5396,0.0,17145.70567554585,17145.70567554585,0.0,0.0,pvalloc_29nbfs_LRG2_max_sBs0p8
5397,0.0,18592.212130355496,18592.212130355496,0.0,0.0,pvalloc_29nbfs_LRG2_max_sBs0p8
5398,0.0,17959.280865600802,17959.280865600802,0.0,0.0,pvalloc_29nbfs_LRG2_max_sBs0p8
5399,0.0,15321.147510146637,15321.147510146637,0.0,0.0,pvalloc_29nbfs_LRG2_max_sBs0p8
5400,0.0,13722.161589340783,13722.161589340783,0.0,0.0,pvalloc_29nbfs_LRG2_max_sBs0p8
5401,0.0,10430.229263731497,10430.229263731497,0.0,0.0,pvalloc_29nbfs_LRG2_max_sBs0p8
5402,0.0,8829.571873465273,8829.571873465273,0.0,0.0,pvalloc_29nbfs_LRG2_max_sBs0p8
5403,0.0,7657.188196967487,7657.188196967487,0.0,0.0,pvalloc_29nbfs_LRG2_max_sBs0p8
5404,0.0,7455.696363549952,7455.696363549952,0.0,0.0,pvalloc_29nbfs_LRG2_max_sBs0p8
5405,0.0,7031.549107246735,7031.549107246735,0.0,0.0,pvalloc_29nbfs_LRG2_max_sBs0p8
5406,2.001411149607055,6089.57748081939,6089.624831811921,2.001411149607055,0.0,pvalloc_29nbfs_LRG2_max_sBs0p8
5407,10247.354824098957,2615.675558172778,11051.193986095079,10247.354824098957,0.0,pvalloc_29nbfs_LRG2_max_sBs0p8
5408,29308.498320090162,3028.8959822864135,29647.2974453504,29308.498320090162,0.0,pvalloc_29nbfs_LRG2_max_sBs0p8
5409,48769.413895729405,3991.1556136092668,49086.046059398584,48074.96593246529,694.4479632641123,pvalloc_29nbfs_LRG2_max_sBs0p8
5410,67053.89671234052,3842.5907988668373,67215.7361807615,62351.09473762255,4702.801974717995,pvalloc_29nbfs_LRG2_max_sBs0p8
5411,74855.01513240345,4142.077901452241,75027.1961350386,67359.79724581234,7495.217886591076,pvalloc_29nbfs_LRG2_max_sBs0p8
5412,63312.503060969626,5462.248967367669,63792.23898923734,59685.70951275461,3626.79354821501,pvalloc_29nbfs_LRG2_max_sBs0p8
5413,62779.12676617954,6093.536497442052,63409.21114999483,59238.19739497935,3540.929371200198,pvalloc_29nbfs_LRG2_max_sBs0p8
5414,57281.855417689745,6035.222471724784,58005.0381239856,54908.7891426461,2373.0662750436504,pvalloc_29nbfs_LRG2_max_sBs0p8
5415,46211.07539092582,5488.195110813744,46969.86958440346,45698.461991831275,512.6133990945532,pvalloc_29nbfs_LRG2_max_sBs0p8
5416,34373.30438098907,5014.3863413367235,35263.50967548263,34323.67934060633,49.62504038274227,pvalloc_29nbfs_LRG2_max_sBs0p8
5417,27442.714068950438,4820.449226880024,28495.985573927937,27442.714068950438,0.0,pvalloc_29nbfs_LRG2_max_sBs0p8
5418,11360.325435787741,5233.921737158062,13693.994619741457,11360.325435787741,0.0,pvalloc_29nbfs_LRG2_max_sBs0p8
5419,2517.0937316019113,6574.575224771831,7234.995800122973,2517.0937316019113,0.0,pvalloc_29nbfs_LRG2_max_sBs0p8
5420,0.0,14157.161261385576,14157.161261385576,0.0,0.0,pvalloc_29nbfs_LRG2_max_sBs0p8
5421,0.0,16175.317955120869,16175.317955120869,0.0,0.0,pvalloc_29nbfs_LRG2_max_sBs0p8
5422,0.0,16617.529616008724,16617.529616008724,0.0,0.0,pvalloc_29nbfs_LRG2_max_sBs0p8
5423,0.0,15583.466132818585,15583.466132818585,0.0,0.0,pvalloc_29nbfs_LRG2_max_sBs0p8
5424,0.0,13573.678772779584,13573.678772779584,0.0,0.0,pvalloc_29nbfs_LRG2_max_sBs0p8
4920,0.0,11113.463869085279,11113.463869085279,0.0,0.0,pvalloc_29nbfs_LRG2_max_sCs2p4
4921,0.0,10737.831728562103,10737.831728562103,0.0,0.0,pvalloc_29nbfs_LRG2_max_sCs2p4
4922,0.0,10105.311448681485,10105.311448681485,0.0,0.0,pvalloc_29nbfs_LRG2_max_sCs2p4
4923,0.0,8120.094880445637,8120.094880445637,0.0,0.0,pvalloc_29nbfs_LRG2_max_sCs2p4
4924,0.0,7251.733657230992,7251.733657230992,0.0,0.0,pvalloc_29nbfs_LRG2_max_sCs2p4
4925,0.0,6971.075169345191,6971.075169345191,0.0,0.0,pvalloc_29nbfs_LRG2_max_sCs2p4
4926,823.6079200427273,3596.13063093614,3690.861024717181,823.6079200427273,0.0,pvalloc_29nbfs_LRG2_max_sCs2p4
4927,15761.749711267608,2536.038864128769,16269.322211213375,15761.749711267608,0.0,pvalloc_29nbfs_LRG2_max_sCs2p4
4928,35995.078100054874,2697.673870692492,36180.41021469068,35928.23376997607,66.84433007880892,pvalloc_29nbfs_LRG2_max_sCs2p4
4929,55369.37309560977,3337.7133983709227,55525.41815504271,53602.70552460086,1766.667571008907,pvalloc_29nbfs_LRG2_max_sCs2p4
4930,74392.0370340511,3562.6012679452247,74505.43865795362,67095.04361612158,7296.993417929485,pvalloc_29nbfs_LRG2_max_sCs2p4
4931,89319.37601401233,4071.9601067045774,89447.81437757332,75342.94454100139,13976.431473010969,pvalloc_29nbfs_LRG2_max_sCs2p4
4932,74222.5778562237,5133.236144988752,74530.00019480044,66958.860610176,7263.717246047615,pvalloc_29nbfs_LRG2_max_sCs2p4
4933,61768.51757160091,6642.072545989079,62615.13400238065,58533.690056780426,3234.8275148204793,pvalloc_29nbfs_LRG2_max_sCs2p4
4934,58393.14785370891,5487.491748121102,58937.017502966475,55852.31889944231,2540.828954266616,pvalloc_29nbfs_LRG2_max_sCs2p4
4935,50981.776801951004,5066.559422803236,51549.5635691339,49813.40072387385,1168.3760780771613,pvalloc_29nbfs_LRG2_max_sCs2p4
4936,50365.42085380788,4815.292352995168,50879.53745489687,49306.7134332713,1058.7074205365798,pvalloc_29nbfs_LRG2_max_sCs2p4
4937,34086.289360460665,4266.855584393733,34736.10480338773,34043.93236024677,42.357000213898345,pvalloc_29nbfs_LRG2_max_sCs2p4
4938,16344.016259687578,3925.9745274853854,17455.852132300828,16344.016259687578,0.0,pvalloc_29nbfs_LRG2_max_sCs2p4
4939,7180.066899486885,5151.9678742872675,9873.964434394578,7180.066899486885,0.0,pvalloc_29nbfs_LRG2_max_sCs2p4
4940,296.1185659998497,8837.2905058678,8840.73787234097,296.1185659998497,0.0,pvalloc_29nbfs_LRG2_max_sCs2p4
4941,0.0,12714.325160437362,12714.325160437362,0.0,0.0,pvalloc_29nbfs_LRG2_max_sCs2p4
4942,0.0,13844.117670126652,13844.117670126652,0.0,0.0,pvalloc_29nbfs_LRG2_max_sCs2p4
4943,0.0,13190.081500942473,13190.081500942473,0.0,0.0,pvalloc_29nbfs_LRG2_max_sCs2p4
4944,0.0,15734.473543662865,15734.473543662865,0.0,0.0,pvalloc_29nbfs_LRG2_max_sCs2p4
4945,0.0,11843.652935827873,11843.652935827873,0.0,0.0,pvalloc_29nbfs_LRG2_max_sCs2p4
4946,0.0,9148.163406638314,9148.163406638314,0.0,0.0,pvalloc_29nbfs_LRG2_max_sCs2p4
4947,0.0,7889.191632688863,7889.191632688863,0.0,0.0,pvalloc_29nbfs_LRG2_max_sCs2p4
4948,0.0,7842.183829125383,7842.183829125383,0.0,0.0,pvalloc_29nbfs_LRG2_max_sCs2p4
4949,0.0,6888.334696423667,6888.334696423667,0.0,0.0,pvalloc_29nbfs_LRG2_max_sCs2p4
4950,7.631920836192276,5201.3889466126575,5201.406258975611,7.631920836192276,0.0,pvalloc_29nbfs_LRG2_max_sCs2p4
4951,9123.824672808587,2539.1427556957487,9969.860422295045,9123.824672808587,0.0,pvalloc_29nbfs_LRG2_max_sCs2p4
4952,30302.97000177163,2553.925534391742,30516.57409021973,30302.97000177163,0.0,pvalloc_29nbfs_LRG2_max_sCs2p4
4953,54006.08940947106,3006.4583955791904,54129.79447314138,52472.70058682632,1533.3888226447275,pvalloc_29nbfs_LRG2_max_sCs2p4
4954,75425.96496519729,3368.49167279604,75521.64143722125,67727.09931043339,7698.865654763926,pvalloc_29nbfs_LRG2_max_sCs2p4
4955,86708.94938579013,3615.628627456672,86815.27727161796,73959.8380375344,12749.111348255747,pvalloc_29nbfs_LRG2_max_sCs2p4
4956,74738.5297442244,4604.10663653028,74963.89988275146,67277.25724028923,7461.272503935084,pvalloc_29nbfs_LRG2_max_sCs2p4
4957,50052.06320737107,4867.6749082801325,50567.41415907619,49063.731195371416,988.3320119996545,pvalloc_29nbfs_LRG2_max_sCs2p4
4958,60897.946974250124,5005.690871339612,61341.01253376853,57681.31107911853,3216.635895131581,pvalloc_29nbfs_LRG2_max_sCs2p4
4959,48572.66473907915,5048.519351004015,49209.55318898888,47750.22212965467,822.4426094244828,pvalloc_29nbfs_LRG2_max_sCs2p4
4960,44657.67505472931,4723.38880866597,45274.38467092018,44237.7633634327,419.91169129660267,pvalloc_29nbfs_LRG2_max_sCs2p4
4961,35980.44040608659,4805.193509845013,36784.329747296564,35882.59132619476,97.84907989183262,pvalloc_29nbfs_LRG2_max_sCs2p4
4962,19840.39475331904,4686.8554970953055,21184.547778965774,19840.39475331904,0.0,pvalloc_29nbfs_LRG2_max_sCs2p4
4963,9129.577054922069,6050.010787401183,12244.01270121753,9129.577054922069,0.0,pvalloc_29nbfs_LRG2_max_sCs2p4
4964,3.5877885781049654,11428.110637915028,11428.110637915028,3.5877885781049654,0.0,pvalloc_29nbfs_LRG2_max_sCs2p4
4965,0.0,21698.627529472968,21698.627529472968,0.0,0.0,pvalloc_29nbfs_LRG2_max_sCs2p4
4966,0.0,15054.668580548847,15054.668580548847,0.0,0.0,pvalloc_29nbfs_LRG2_max_sCs2p4
4967,0.0,14761.300435221638,14761.300435221638,0.0,0.0,pvalloc_29nbfs_LRG2_max_sCs2p4
4968,0.0,12492.27995856741,12492.27995856741,0.0,0.0,pvalloc_29nbfs_LRG2_max_sCs2p4
4969,0.0,10052.532145121631,10052.532145121631,0.0,0.0,pvalloc_29nbfs_LRG2_max_sCs2p4
4970,0.0,8034.332061846783,8034.332061846783,0.0,0.0,pvalloc_29nbfs_LRG2_max_sCs2p4
4971,0.0,7219.022230515399,7219.022230515399,0.0,0.0,pvalloc_29nbfs_LRG2_max_sCs2p4
4972,0.0,6689.0437904527735,6689.0437904527735,0.0,0.0,pvalloc_29nbfs_LRG2_max_sCs2p4
4973,0.0,6426.528200910119,6426.528200910119,0.0,0.0,pvalloc_29nbfs_LRG2_max_sCs2p4
4974,161.05031557250072,3989.3320199159775,3991.2817682561604,161.05031557250072,0.0,pvalloc_29nbfs_LRG2_max_sCs2p4
4975,10202.826337563289,2533.755755139495,10985.568467260491,10202.826337563289,0.0,pvalloc_29nbfs_LRG2_max_sCs2p4
4976,3135.0901863307004,2922.4445736174216,4786.860648890235,3135.0901863307004,0.0,pvalloc_29nbfs_LRG2_max_sCs2p4
4977,18338.239355019447,3138.5667113009836,19030.897417330416,18338.239355019447,0.0,pvalloc_29nbfs_LRG2_max_sCs2p4
4978,36177.01924315538,3432.362677312469,36532.70722325496,36085.54338300008,91.47586015529907,pvalloc_29nbfs_LRG2_max_sCs2p4
4979,57341.9710788701,3908.542024643914,57573.396617804225,55091.393763829,2250.5773150411133,pvalloc_29nbfs_LRG2_max_sCs2p4
4980,59624.437231033844,4677.262283593027,59970.87284190658,56857.85098436688,2766.5862466669587,pvalloc_29nbfs_LRG2_max_sCs2p4
4981,62948.05917624147,5377.456919975482,63407.601891209124,59354.25353110366,3593.805645137823,pvalloc_29nbfs_LRG2_max_sCs2p4
4982,47637.33187072409,4925.856183346628,48240.57871108082,46951.16364768869,686.1682230353869,pvalloc_29nbfs_LRG2_max_sCs2p4
4983,52863.39017606549,5535.155472273724,53508.8076042614,51409.64482990253,1453.745346162952,pvalloc_29nbfs_LRG2_max_sCs2p4
4984,42938.39422728733,4885.633490370801,43583.22262764885,42657.984040253534,280.41018703379797,pvalloc_29nbfs_LRG2_max_sCs2p4
4985,28498.29203171575,4366.660060085623,29332.520412255333,28498.29203171575,0.0,pvalloc_29nbfs_LRG2_max_sCs2p4
4986,22524.585888641133,4916.0683252406925,23926.416934631918,22524.585888641133,0.0,pvalloc_29nbfs_LRG2_max_sCs2p4
4987,9973.810097355414,5113.824285292375,12424.705512350565,9973.810097355414,0.0,pvalloc_29nbfs_LRG2_max_sCs2p4
4988,1.7306613586536057,11602.524525369774,11602.524525369774,1.7306613586536057,0.0,pvalloc_29nbfs_LRG2_max_sCs2p4
4989,0.0,15306.207062822388,15306.207062822388,0.0,0.0,pvalloc_29nbfs_LRG2_max_sCs2p4
4990,0.0,18487.54111223772,18487.54111223772,0.0,0.0,pvalloc_29nbfs_LRG2_max_sCs2p4
4991,0.0,15678.910070087288,15678.910070087288,0.0,0.0,pvalloc_29nbfs_LRG2_max_sCs2p4
4992,0.0,12457.95010585332,12457.95010585332,0.0,0.0,pvalloc_29nbfs_LRG2_max_sCs2p4
4993,0.0,9566.57816566627,9566.57816566627,0.0,0.0,pvalloc_29nbfs_LRG2_max_sCs2p4
4994,0.0,8172.598108657664,8172.598108657664,0.0,0.0,pvalloc_29nbfs_LRG2_max_sCs2p4
4995,0.0,7275.373634775015,7275.373634775015,0.0,0.0,pvalloc_29nbfs_LRG2_max_sCs2p4
4996,0.0,6657.432000184344,6657.432000184344,0.0,0.0,pvalloc_29nbfs_LRG2_max_sCs2p4
4997,0.0,6227.23729493923,6227.23729493923,0.0,0.0,pvalloc_29nbfs_LRG2_max_sCs2p4
4998,409.2319879138498,3581.480402986749,3598.433816347369,409.2319879138498,0.0,pvalloc_29nbfs_LRG2_max_sCs2p4
4999,14923.808819978965,2526.0055600098494,15468.226519895537,14923.808819978965,0.0,pvalloc_29nbfs_LRG2_max_sCs2p4
5000,33567.86983235208,2776.320491881761,33793.42436810186,33557.260409067865,10.609423284217542,pvalloc_29nbfs_LRG2_max_sCs2p4
5001,52009.348654396046,3114.2508207473124,52155.56451479995,50796.72602101769,1212.6226333783522,pvalloc_29nbfs_LRG2_max_sCs2p4
5002,65702.38315010708,3224.9353412587966,65818.71671063108,61378.92637419868,4323.456775908337,pvalloc_29nbfs_LRG2_max_sCs2p4
5003,85567.2287052175,3939.99554511101,85691.40458929024,73402.86210795499,12164.36659726247,pvalloc_29nbfs_LRG2_max_sCs2p4
5004,83659.87580105255,4477.653714651569,83830.09183622654,72397.60949797276,11262.266303079827,pvalloc_29nbfs_LRG2_max_sCs2p4
5005,90118.45228046463,4606.119819868709,90294.58610329211,75709.39313940977,14409.059141054864,pvalloc_29nbfs_LRG2_max_sCs2p4
5006,83918.73378190403,4591.575677994486,84123.93035079737,72418.88115540435,11499.852626499645,pvalloc_29nbfs_LRG2_max_sCs2p4
5007,70145.49097113588,4609.121132756143,70405.8421677863,64294.10198955135,5851.388981584495,pvalloc_29nbfs_LRG2_max_sCs2p4
5008,55302.99056666122,4087.4296295402555,55597.627687049106,53409.94735615781,1893.0432105034101,pvalloc_29nbfs_LRG2_max_sCs2p4
5009,32730.865927884173,3834.121862935073,33278.77398529591,32722.738095215063,8.12783266910725,pvalloc_29nbfs_LRG2_max_sCs2p4
5010,13739.285103069427,3957.667081162926,15069.040207466463,13739.285103069427,0.0,pvalloc_29nbfs_LRG2_max_sCs2p4
5011,2512.971549464316,6083.31482189763,6860.518921746145,2512.971549464316,0.0,pvalloc_29nbfs_LRG2_max_sCs2p4
5012,0.024958675141344665,13827.24969478841,13827.24969478841,0.024958675141344665,0.0,pvalloc_29nbfs_LRG2_max_sCs2p4
5013,0.0,14662.181682635239,14662.181682635239,0.0,0.0,pvalloc_29nbfs_LRG2_max_sCs2p4
5014,0.0,16274.799124460178,16274.799124460178,0.0,0.0,pvalloc_29nbfs_LRG2_max_sCs2p4
5015,0.0,15624.092956490873,15624.092956490873,0.0,0.0,pvalloc_29nbfs_LRG2_max_sCs2p4
5016,0.0,12724.18576973016,12724.18576973016,0.0,0.0,pvalloc_29nbfs_LRG2_max_sCs2p4
5017,0.0,10867.074894322572,10867.074894322572,0.0,0.0,pvalloc_29nbfs_LRG2_max_sCs2p4
5018,0.0,8769.371741640622,8769.371741640622,0.0,0.0,pvalloc_29nbfs_LRG2_max_sCs2p4
5019,0.0,7592.31461024244,7592.31461024244,0.0,0.0,pvalloc_29nbfs_LRG2_max_sCs2p4
5020,0.0,6804.494587055006,6804.494587055006,0.0,0.0,pvalloc_29nbfs_LRG2_max_sCs2p4
5021,0.0,6914.447201421454,6914.447201421454,0.0,0.0,pvalloc_29nbfs_LRG2_max_sCs2p4
5022,126.49613751653865,4156.834480679785,4158.40694215327,126.49613751653865,0.0,pvalloc_29nbfs_LRG2_max_sCs2p4
5023,10440.725075531378,2563.8724109617838,11233.530930207125,10440.725075531378,0.0,pvalloc_29nbfs_LRG2_max_sCs2p4
5024,21692.455802999488,2749.2855133424778,22114.668214102276,21692.455802999488,0.0,pvalloc_29nbfs_LRG2_max_sCs2p4
5025,18560.96488969361,3366.2415783719007,19407.60736648241,18560.96488969361,0.0,pvalloc_29nbfs_LRG2_max_sCs2p4
5026,30575.86857112695,3798.8224341319155,31187.675334981286,30575.86857112695,0.0,pvalloc_29nbfs_LRG2_max_sCs2p4
5027,65866.73288690171,3646.276810006886,66024.4454424416,61451.273103686864,4415.459783214866,pvalloc_29nbfs_LRG2_max_sCs2p4
5028,78972.15511691608,5326.200807003897,79298.49538465269,69857.6586380217,9114.49647889429,pvalloc_29nbfs_LRG2_max_sCs2p4
5029,52063.73702095223,5045.130769837703,52597.26666365674,50736.137897440574,1327.5991235116633,pvalloc_29nbfs_LRG2_max_sCs2p4
5030,22716.41594469827,5836.312790529073,24591.137981868953,22716.41594469827,0.0,pvalloc_29nbfs_LRG2_max_sCs2p4
5031,25366.610986860684,4959.437277300131,26612.58814851057,25366.610986860684,0.0,pvalloc_29nbfs_LRG2_max_sCs2p4
5032,33759.05780554285,4038.846438688028,34347.12416492129,33717.50862227045,41.549183272403525,pvalloc_29nbfs_LRG2_max_sCs2p4
5033,26714.190603362782,4129.1245265917305,27519.0807871925,26714.190603362782,0.0,pvalloc_29nbfs_LRG2_max_sCs2p4
5034,16597.23267522629,4722.716330901246,18220.255359072533,16597.23267522629,0.0,pvalloc_29nbfs_LRG2_max_sCs2p4
5035,10219.241754460856,5389.608708979377,12755.098726605476,10219.241754460856,0.0,pvalloc_29nbfs_LRG2_max_sCs2p4
5036,10.538309988058616,10990.872920296253,10990.88535544541,10.538309988058616,0.0,pvalloc_29nbfs_LRG2_max_sCs2p4
5037,0.0,15623.399766375918,15623.399766375918,0.0,0.0,pvalloc_29nbfs_LRG2_max_sCs2p4
5038,0.0,16022.715362504954,16022.715362504954,0.0,0.0,pvalloc_29nbfs_LRG2_max_sCs2p4
5039,0.0,16439.75171535185,16439.75171535185,0.0,0.0,pvalloc_29nbfs_LRG2_max_sCs2p4
5040,0.0,12326.556850038327,12326.556850038327,0.0,0.0,pvalloc_29nbfs_LRG2_max_sCs2p4
5041,0.0,9488.472208125191,9488.472208125191,0.0,0.0,pvalloc_29nbfs_LRG2_max_sCs2p4
5042,0.0,8024.4353338224,8024.4353338224,0.0,0.0,pvalloc_29nbfs_LRG2_max_sCs2p4
5043,0.0,7253.657469496069,7253.657469496069,0.0,0.0,pvalloc_29nbfs_LRG2_max_sCs2p4
5044,0.0,6638.189465394041,6638.189465394041,0.0,0.0,pvalloc_29nbfs_LRG2_max_sCs2p4
5045,0.0,6441.096729282571,6441.096729282571,0.0,0.0,pvalloc_29nbfs_LRG2_max_sCs2p4
5046,127.05146946905904,4133.396423519508,4134.947713253076,127.05146946905904,0.0,pvalloc_29nbfs_LRG2_max_sCs2p4
5047,11296.059824224678,2640.6416357101725,12116.999593475959,11296.059824224678,0.0,pvalloc_29nbfs_LRG2_max_sCs2p4
5048,32389.16401918194,2959.734742065724,32668.359959795303,32389.16401918194,0.0,pvalloc_29nbfs_LRG2_max_sCs2p4
5049,53146.18125784124,3327.325876872951,53314.57959162007,51767.52947575339,1378.6517820878582,pvalloc_29nbfs_LRG2_max_sCs2p4
5050,72239.85568944756,3408.983108759251,72339.12992047686,65790.01258376785,6449.843105679693,pvalloc_29nbfs_LRG2_max_sCs2p4
5051,65847.6415717933,3813.9157006602827,66017.12259662898,61468.863166169074,4378.7784056242335,pvalloc_29nbfs_LRG2_max_sCs2p4
5052,60335.91192917334,4447.679619991089,60630.77603204483,57422.525760273056,2913.386168900271,pvalloc_29nbfs_LRG2_max_sCs2p4
5053,66923.79537511618,4710.457598639008,67211.57552739918,62168.90543346221,4754.889941654021,pvalloc_29nbfs_LRG2_max_sCs2p4
5054,68049.74570816358,4590.30295417198,68324.17026575464,62856.508315875486,5193.2373922880815,pvalloc_29nbfs_LRG2_max_sCs2p4
5055,57559.00555051102,4863.038029977873,57972.17506061921,55197.81878590706,2361.186764603975,pvalloc_29nbfs_LRG2_max_sCs2p4
5056,51409.82109266979,4304.692069080153,51770.052572519846,50220.157207926924,1189.663884742851,pvalloc_29nbfs_LRG2_max_sCs2p4
5057,34345.12380765451,3724.9067798908686,34834.05126038188,34301.55593874468,43.567868909842105,pvalloc_29nbfs_LRG2_max_sCs2p4
5058,12128.55370558771,3720.273706386911,13405.450138079466,12128.55370558771,0.0,pvalloc_29nbfs_LRG2_max_sCs2p4
5059,6179.777384158179,4370.941511525876,8407.944328356654,6179.777384158179,0.0,pvalloc_29nbfs_LRG2_max_sCs2p4
5060,213.0675189025638,7653.54428954357,7656.134446439297,213.0675189025638,0.0,pvalloc_29nbfs_LRG2_max_sCs2p4
5061,0.0,12442.644294585474,12442.644294585474,0.0,0.0,pvalloc_29nbfs_LRG2_max_sCs2p4
5062,0.0,12652.578225358759,12652.578225358759,0.0,0.0,pvalloc_29nbfs_LRG2_max_sCs2p4
5063,0.0,12878.862779430521,12878.862779430521,0.0,0.0,pvalloc_29nbfs_LRG2_max_sCs2p4
5064,0.0,12350.75565968853,12350.75565968853,0.0,0.0,pvalloc_29nbfs_LRG2_max_sCs2p4
5065,0.0,11097.685205202353,11097.685205202353,0.0,0.0,pvalloc_29nbfs_LRG2_max_sCs2p4
5066,0.0,9294.124150992038,9294.124150992038,0.0,0.0,pvalloc_29nbfs_LRG2_max_sCs2p4
5067,0.0,7868.8472553816255,7868.8472553816255,0.0,0.0,pvalloc_29nbfs_LRG2_max_sCs2p4
5068,0.0,6865.793803809358,6865.793803809358,0.0,0.0,pvalloc_29nbfs_LRG2_max_sCs2p4
5069,0.0,7046.117084101746,7046.117084101746,0.0,0.0,pvalloc_29nbfs_LRG2_max_sCs2p4
5070,117.8026169769841,4243.016146977699,4244.463111148264,117.8026169769841,0.0,pvalloc_29nbfs_LRG2_max_sCs2p4
5071,13181.200045969295,2495.0738791237527,13789.849194701577,13181.200045969295,0.0,pvalloc_29nbfs_LRG2_max_sCs2p4
5072,30182.50746016781,2796.4957435841047,30455.18585570934,30182.50746016781,0.0,pvalloc_29nbfs_LRG2_max_sCs2p4
5073,52408.18689754032,3195.849611947318,52564.48885628914,51120.49552721324,1287.6913703270823,pvalloc_29nbfs_LRG2_max_sCs2p4
5074,69811.49940481322,3484.118363577304,69944.39803483053,64154.58621911981,5656.913185693322,pvalloc_29nbfs_LRG2_max_sCs2p4
5075,80382.21928668406,3901.809654151395,80526.62533169138,70540.51009605605,9841.709190628135,pvalloc_29nbfs_LRG2_max_sCs2p4
5076,70887.79117701192,4437.940339085057,71112.30814696898,64830.432100141836,6057.3590768699405,pvalloc_29nbfs_LRG2_max_sCs2p4
5077,62708.4105175346,4863.786800760867,63058.40314170874,59160.13183638156,3548.278681153037,pvalloc_29nbfs_LRG2_max_sCs2p4
5078,53275.67298828805,5048.20291937281,53809.43104545774,51717.27376973924,1558.3992185488084,pvalloc_29nbfs_LRG2_max_sCs2p4
5079,33085.550298800394,5063.967572472651,34067.81580166694,33057.34430086631,28.20599793408445,pvalloc_29nbfs_LRG2_max_sCs2p4
5080,36286.03569464882,4693.934525022644,37026.75058841055,36181.57854746844,104.45714718037897,pvalloc_29nbfs_LRG2_max_sCs2p4
5081,28590.209287950165,4457.046032776101,29460.814389888186,28590.209287950165,0.0,pvalloc_29nbfs_LRG2_max_sCs2p4
5082,16324.27284678624,4413.2549427060085,17740.434967851652,16324.27284678624,0.0,pvalloc_29nbfs_LRG2_max_sCs2p4
5083,8593.160651675083,4732.803105210606,10817.43008439681,8593.160651675083,0.0,pvalloc_29nbfs_LRG2_max_sCs2p4
5084,45.1906870891949,9039.023146256315,9039.300156287245,45.1906870891949,0.0,pvalloc_29nbfs_LRG2_max_sCs2p4
5085,0.0,14038.884071464148,14038.884071464148,0.0,0.0,pvalloc_29nbfs_LRG2_max_sCs2p4
5086,0.0,16707.678657408916,16707.678657408916,0.0,0.0,pvalloc_29nbfs_LRG2_max_sCs2p4
5087,0.0,14798.423471834056,14798.423471834056,0.0,0.0,pvalloc_29nbfs_LRG2_max_sCs2p4
5088,0.0,12920.992928294934,12920.992928294934,0.0,0.0,pvalloc_29nbfs_LRG2_max_sCs2p4
5089,0.0,9900.944565301277,9900.944565301277,0.0,0.0,pvalloc_29nbfs_LRG2_max_sCs2p4
5090,0.0,9389.78590368506,9389.78590368506,0.0,0.0,pvalloc_29nbfs_LRG2_max_sCs2p4
5091,0.0,7401.546438254426,7401.546438254426,0.0,0.0,pvalloc_29nbfs_LRG2_max_sCs2p4
5092,0.0,6692.067790682454,6692.067790682454,0.0,0.0,pvalloc_29nbfs_LRG2_max_sCs2p4
5093,0.0,6497.448685059626,6497.448685059626,0.0,0.0,pvalloc_29nbfs_LRG2_max_sCs2p4
5094,300.4900503011743,3841.402709181964,3845.309632704525,300.4900503011743,0.0,pvalloc_29nbfs_LRG2_max_sCs2p4
5095,14805.719464048174,2371.730980683299,15273.301098965228,14805.719464048174,0.0,pvalloc_29nbfs_LRG2_max_sCs2p4
5096,34808.49070002889,2366.652512486716,34945.449900984,34779.02725273039,29.463447298499432,pvalloc_29nbfs_LRG2_max_sCs2p4
5097,56897.220471377346,2793.7495415756453,56991.622509019355,54844.16449128012,2053.055980097208,pvalloc_29nbfs_LRG2_max_sCs2p4
5098,73789.3273009443,2917.7874019030673,73865.36076281857,66754.44827631113,7034.879024633172,pvalloc_29nbfs_LRG2_max_sCs2p4
5099,89272.30673162646,3507.6209276939735,89372.96272904541,75289.55592629561,13982.750805330821,pvalloc_29nbfs_LRG2_max_sCs2p4
5100,75376.06205417677,4902.9287462278535,75631.74407070434,67646.38602654218,7729.676027634543,pvalloc_29nbfs_LRG2_max_sCs2p4
5101,66113.04734322998,5574.576965949215,66580.90969415577,61525.3685172457,4587.678825984258,pvalloc_29nbfs_LRG2_max_sCs2p4
5102,71197.63353529779,5661.266296450082,71660.90309001532,64857.64214244823,6339.99139284948,pvalloc_29nbfs_LRG2_max_sCs2p4
5103,64995.00401087652,5144.444677034908,65417.476373940335,60692.992433028354,4302.011577848153,pvalloc_29nbfs_LRG2_max_sCs2p4
5104,61187.43979692151,4940.659560117894,61617.708852423355,57897.13182055416,3290.307976367358,pvalloc_29nbfs_LRG2_max_sCs2p4
5105,25873.46189911344,4796.791205476911,26939.926970998615,25873.46189911344,0.0,pvalloc_29nbfs_LRG2_max_sCs2p4
5106,6548.586943858215,5128.362860206948,9135.191809456812,6548.586943858215,0.0,pvalloc_29nbfs_LRG2_max_sCs2p4
5107,1418.5953954607264,6931.811073195739,7053.841619051152,1418.5953954607264,0.0,pvalloc_29nbfs_LRG2_max_sCs2p4
5108,0.5272186000217725,11343.892648686204,11343.892648686204,0.5272186000217725,0.0,pvalloc_29nbfs_LRG2_max_sCs2p4
5109,0.0,13173.891725783153,13173.891725783153,0.0,0.0,pvalloc_29nbfs_LRG2_max_sCs2p4
5110,0.0,13106.449704799226,13106.449704799226,0.0,0.0,pvalloc_29nbfs_LRG2_max_sCs2p4
5111,0.0,12603.2453164585,12603.2453164585,0.0,0.0,pvalloc_29nbfs_LRG2_max_sCs2p4
5112,0.0,10413.182078012225,10413.182078012225,0.0,0.0,pvalloc_29nbfs_LRG2_max_sCs2p4
5113,0.0,8993.403916155026,8993.403916155026,0.0,0.0,pvalloc_29nbfs_LRG2_max_sCs2p4
5114,0.0,7817.17261512709,7817.17261512709,0.0,0.0,pvalloc_29nbfs_LRG2_max_sCs2p4
5115,0.0,7187.960258470543,7187.960258470543,0.0,0.0,pvalloc_29nbfs_LRG2_max_sCs2p4
5116,0.0,6597.782238100715,6597.782238100715,0.0,0.0,pvalloc_29nbfs_LRG2_max_sCs2p4
5117,0.0,6653.582169584409,6653.582169584409,0.0,0.0,pvalloc_29nbfs_LRG2_max_sCs2p4
5118,143.72770592394522,4119.425199128488,4121.110002246787,143.72770592394522,0.0,pvalloc_29nbfs_LRG2_max_sCs2p4
5119,10269.568166209536,2358.435662606846,10950.038977730299,10269.568166209536,0.0,pvalloc_29nbfs_LRG2_max_sCs2p4
5120,31158.138584825214,2382.3067329302644,31327.484849738514,31158.138584825214,0.0,pvalloc_29nbfs_LRG2_max_sCs2p4
5121,54456.55947259293,2713.301979556451,54553.52569625103,52869.00820046559,1587.5512721273421,pvalloc_29nbfs_LRG2_max_sCs2p4
5122,70449.57014109571,3179.3270368796666,70545.95196184705,64643.21400866144,5806.356132434324,pvalloc_29nbfs_LRG2_max_sCs2p4
5123,88941.63483932815,3493.637514495621,89025.73536628345,75203.16911303546,13738.465726292761,pvalloc_29nbfs_LRG2_max_sCs2p4
5124,88532.7018577031,4691.867477310958,88697.7868106801,75036.64041490911,13496.061442793949,pvalloc_29nbfs_LRG2_max_sCs2p4
5125,88454.66342506836,5520.369564697012,88719.4067866609,74919.85429143073,13534.80913363765,pvalloc_29nbfs_LRG2_max_sCs2p4
5126,82183.64690152058,5400.968245179484,82475.04468452794,71506.57950356835,10677.067397952236,pvalloc_29nbfs_LRG2_max_sCs2p4
5127,77621.87087743919,5317.01663845847,77940.71432482856,68890.65937885764,8731.211498581557,pvalloc_29nbfs_LRG2_max_sCs2p4
5128,68749.80738320698,4485.359516453065,69007.80977852599,63350.643414642866,5399.16396856422,pvalloc_29nbfs_LRG2_max_sCs2p4
5129,50417.867523179746,4326.719872495119,50802.861889473555,49388.59745376206,1029.2700694176915,pvalloc_29nbfs_LRG2_max_sCs2p4
5130,30855.37263024059,4874.498188599776,31804.010447612596,30855.37263024059,0.0,pvalloc_29nbfs_LRG2_max_sCs2p4
5131,12202.62841054861,4978.67858143574,14328.133503596595,12202.62841054861,0.0,pvalloc_29nbfs_LRG2_max_sCs2p4
5132,1.3547441765489103,11936.537400469764,11936.537400469764,1.3547441765489103,0.0,pvalloc_29nbfs_LRG2_max_sCs2p4
5133,0.0,18228.216139042957,18228.216139042957,0.0,0.0,pvalloc_29nbfs_LRG2_max_sCs2p4
5134,0.0,18162.496361710335,18162.496361710335,0.0,0.0,pvalloc_29nbfs_LRG2_max_sCs2p4
5135,0.0,15581.301938822113,15581.301938822113,0.0,0.0,pvalloc_29nbfs_LRG2_max_sCs2p4
5136,0.0,13660.518661518496,13660.518661518496,0.0,0.0,pvalloc_29nbfs_LRG2_max_sCs2p4
5137,0.0,10358.480128423342,10358.480128423342,0.0,0.0,pvalloc_29nbfs_LRG2_max_sCs2p4
5138,0.0,8828.47113398323,8828.47113398323,0.0,0.0,pvalloc_29nbfs_LRG2_max_sCs2p4
5139,0.0,7213.798405873982,7213.798405873982,0.0,0.0,pvalloc_29nbfs_LRG2_max_sCs2p4
5140,0.0,6479.031429122138,6479.031429122138,0.0,0.0,pvalloc_29nbfs_LRG2_max_sCs2p4
5141,0.0,6403.16258096044,6403.16258096044,0.0,0.0,pvalloc_29nbfs_LRG2_max_sCs2p4
5142,125.56179917865019,4161.659251712436,4163.039336837775,125.56179917865019,0.0,pvalloc_29nbfs_LRG2_max_sCs2p4
5143,13308.905271995749,2354.7610830260915,13828.664949560554,13308.905271995749,0.0,pvalloc_29nbfs_LRG2_max_sCs2p4
5144,33119.75665117938,2663.0430480674368,33318.793908137406,33119.75665117938,0.0,pvalloc_29nbfs_LRG2_max_sCs2p4
5145,53985.51223733658,3207.599916532362,54126.96146972385,52480.084534174086,1505.4277031624868,pvalloc_29nbfs_LRG2_max_sCs2p4
5146,74378.45949416429,3327.914012860753,74475.26555299525,67147.03457548823,7231.424918676138,pvalloc_29nbfs_LRG2_max_sCs2p4
5147,87665.9210294144,4249.351243911639,87790.4830427473,74619.60024216298,13046.320787251418,pvalloc_29nbfs_LRG2_max_sCs2p4
5148,83281.47716647507,5794.710779425905,83647.61558568642,72371.58877649537,10909.888389979707,pvalloc_29nbfs_LRG2_max_sCs2p4
5149,88102.49009869041,5321.404284500162,88342.94663735802,74825.5643375126,13276.925761177767,pvalloc_29nbfs_LRG2_max_sCs2p4
5150,87706.8567508749,4495.5822499723745,87898.47124844106,74418.80168083742,13288.055070037411,pvalloc_29nbfs_LRG2_max_sCs2p4
5151,75876.30242260854,5024.962520229271,76147.14346701713,67933.4736316093,7942.828790999285,pvalloc_29nbfs_LRG2_max_sCs2p4
5152,63214.27475989543,4265.274478016956,63459.25572108276,59538.586140628584,3675.6886192668485,pvalloc_29nbfs_LRG2_max_sCs2p4
5153,45937.32040090984,3930.070880376728,46264.66887893813,45498.82983608593,438.4905648239008,pvalloc_29nbfs_LRG2_max_sCs2p4
5154,30685.21819297886,3930.6989889124457,31273.562582749593,30685.21819297886,0.0,pvalloc_29nbfs_LRG2_max_sCs2p4
5155,10171.559558762152,5607.508764636241,12945.544460804309,10171.559558762152,0.0,pvalloc_29nbfs_LRG2_max_sCs2p4
5156,0.9805541201782935,13203.504164914164,13203.504164914164,0.9805541201782935,0.0,pvalloc_29nbfs_LRG2_max_sCs2p4
5157,0.0,16656.158247084175,16656.158247084175,0.0,0.0,pvalloc_29nbfs_LRG2_max_sCs2p4
5158,0.0,16956.66673318879,16956.66673318879,0.0,0.0,pvalloc_29nbfs_LRG2_max_sCs2p4
5159,0.0,13878.197386105796,13878.197386105796,0.0,0.0,pvalloc_29nbfs_LRG2_max_sCs2p4
5160,0.0,13359.709264488025,13359.709264488025,0.0,0.0,pvalloc_29nbfs_LRG2_max_sCs2p4
5161,0.0,9823.421723926976,9823.421723926976,0.0,0.0,pvalloc_29nbfs_LRG2_max_sCs2p4
5162,0.0,8004.918441437759,8004.918441437759,0.0,0.0,pvalloc_29nbfs_LRG2_max_sCs2p4
5163,0.0,7279.771629046192,7279.771629046192,0.0,0.0,pvalloc_29nbfs_LRG2_max_sCs2p4
5164,0.0,6702.512682378078,6702.512682378078,0.0,0.0,pvalloc_29nbfs_LRG2_max_sCs2p4
5165,0.0,6398.7645866892735,6398.7645866892735,0.0,0.0,pvalloc_29nbfs_LRG2_max_sCs2p4
5166,103.03321192431267,4348.76381924471,4349.864483316964,103.03321192431267,0.0,pvalloc_29nbfs_LRG2_max_sCs2p4
5167,12663.571613978078,2547.9293734199805,13328.96907901642,12663.571613978078,0.0,pvalloc_29nbfs_LRG2_max_sCs2p4
5168,33067.809216891226,2920.346052378153,33323.0378839427,33067.809216891226,0.0,pvalloc_29nbfs_LRG2_max_sCs2p4
5169,54920.02553579913,3160.4279501435108,55051.91541618869,53245.10009549254,1674.9254403065897,pvalloc_29nbfs_LRG2_max_sCs2p4
5170,74948.2593146071,3061.1745180623675,75032.3476908515,67467.06064533917,7481.198669267861,pvalloc_29nbfs_LRG2_max_sCs2p4
5171,89758.49264717265,3764.981382726791,89858.14025235968,75620.56859590195,14137.924051270686,pvalloc_29nbfs_LRG2_max_sCs2p4
5172,84041.72390649842,4277.5207283813315,84201.07209563015,72609.85838877175,11431.865517726697,pvalloc_29nbfs_LRG2_max_sCs2p4
5173,78326.78664306541,4585.951895841775,78541.48936619458,69376.40669191797,8950.379951147506,pvalloc_29nbfs_LRG2_max_sCs2p4
5174,88620.73398495374,4540.582135154189,88809.00147397947,74909.03075665237,13711.70322830131,pvalloc_29nbfs_LRG2_max_sCs2p4
5175,76369.21574448123,4721.904897412418,76616.0073932778,68185.71334626108,8183.502398220253,pvalloc_29nbfs_LRG2_max_sCs2p4
5176,61169.23900192531,4536.958581273707,61474.77443231495,57986.680085073196,3182.5589168520896,pvalloc_29nbfs_LRG2_max_sCs2p4
5177,41842.09398682264,4211.01147828801,42317.20983188047,41629.14227970617,212.951707116477,pvalloc_29nbfs_LRG2_max_sCs2p4
5178,22927.368866841396,4132.080734489583,23848.236394877633,22927.368866841396,0.0,pvalloc_29nbfs_LRG2_max_sCs2p4
5179,9385.08098515792,4312.009305674031,11203.030558529521,9385.08098515792,0.0,pvalloc_29nbfs_LRG2_max_sCs2p4
5180,20.154111692269876,9583.88156827667,9584.038529668092,20.154111692269876,0.0,pvalloc_29nbfs_LRG2_max_sCs2p4
5181,0.0,17958.547144614713,17958.547144614713,0.0,0.0,pvalloc_29nbfs_LRG2_max_sCs2p4
5182,0.0,15508.105894089556,15508.105894089556,0.0,0.0,pvalloc_29nbfs_LRG2_max_sCs2p4
5183,0.0,14273.897403473246,14273.897403473246,0.0,0.0,pvalloc_29nbfs_LRG2_max_sCs2p4
5184,0.0,13200.332246555767,13200.332246555767,0.0,0.0,pvalloc_29nbfs_LRG2_max_sCs2p4
5185,0.0,9638.325646422076,9638.325646422076,0.0,0.0,pvalloc_29nbfs_LRG2_max_sCs2p4
5186,0.0,8321.584507793394,8321.584507793394,0.0,0.0,pvalloc_29nbfs_LRG2_max_sCs2p4
5187,0.0,7169.817360127392,7169.817360127392,0.0,0.0,pvalloc_29nbfs_LRG2_max_sCs2p4
5188,0.0,7079.928698781937,7079.928698781937,0.0,0.0,pvalloc_29nbfs_LRG2_max_sCs2p4
5189,0.0,6529.334832922408,6529.334832922408,0.0,0.0,pvalloc_29nbfs_LRG2_max_sCs2p4
5190,43.78045316432641,4768.151604903423,4768.647987099186,43.78045316432641,0.0,pvalloc_29nbfs_LRG2_max_sCs2p4
5191,10378.348397660293,2501.998950412403,11128.777800597876,10378.348397660293,0.0,pvalloc_29nbfs_LRG2_max_sCs2p4
5192,27613.371020157127,2856.989824244247,27935.350575161312,27613.371020157127,0.0,pvalloc_29nbfs_LRG2_max_sCs2p4
5193,49196.55956039907,3114.7818469413987,49351.342582205085,48458.73945150905,737.8201088900282,pvalloc_29nbfs_LRG2_max_sCs2p4
5194,62323.14655435436,3395.630202601579,62457.12397752883,58966.49881092405,3356.6477434303197,pvalloc_29nbfs_LRG2_max_sCs2p4
5195,70880.48805089509,4074.3163837471434,71048.80030624455,64935.87050745503,5944.617543440021,pvalloc_29nbfs_LRG2_max_sCs2p4
5196,68353.70024203332,5045.480137379674,68690.33490560812,63283.79690415249,5069.903337880806,pvalloc_29nbfs_LRG2_max_sCs2p4
5197,72584.99917218831,4919.249376650328,72860.04955876186,65917.48801629797,6667.511155890298,pvalloc_29nbfs_LRG2_max_sCs2p4
5198,71335.04216602039,5430.985756601233,71705.90874451089,65104.94145446529,6230.100711555109,pvalloc_29nbfs_LRG2_max_sCs2p4
5199,70444.0413016264,4903.297134169034,70742.84804838404,64492.52554680932,5951.515754817049,pvalloc_29nbfs_LRG2_max_sCs2p4
5200,42356.63419533503,3815.046092332231,42727.60880428308,42123.20966866079,233.4245266742347,pvalloc_29nbfs_LRG2_max_sCs2p4
5201,27216.872628267374,3804.7410579687953,27864.197195538938,27216.872628267374,0.0,pvalloc_29nbfs_LRG2_max_sCs2p4
5202,13100.028473100572,4327.328780045903,14761.651382217406,13100.028473100572,0.0,pvalloc_29nbfs_LRG2_max_sCs2p4
5203,8221.491640549268,4806.125225356522,10540.730039666647,8221.491640549268,0.0,pvalloc_29nbfs_LRG2_max_sCs2p4
5204,0.0,15090.695745183895,15090.695745183895,0.0,0.0,pvalloc_29nbfs_LRG2_max_sCs2p4
5205,0.0,15791.348827533153,15791.348827533153,0.0,0.0,pvalloc_29nbfs_LRG2_max_sCs2p4
5206,0.0,15247.755727980577,15247.755727980577,0.0,0.0,pvalloc_29nbfs_LRG2_max_sCs2p4
5207,0.0,15008.225250668322,15008.225250668322,0.0,0.0,pvalloc_29nbfs_LRG2_max_sCs2p4
5208,0.0,12069.433844123945,12069.433844123945,0.0,0.0,pvalloc_29nbfs_LRG2_max_sCs2p4
5209,0.0,11145.876780548275,11145.876780548275,0.0,0.0,pvalloc_29nbfs_LRG2_max_sCs2p4
5210,0.0,8940.899584908117,8940.899584908117,0.0,0.0,pvalloc_29nbfs_LRG2_max_sCs2p4
5211,0.0,7874.895807358423,7874.895807358423,0.0,0.0,pvalloc_29nbfs_LRG2_max_sCs2p4
5212,0.0,7043.64455664798,7043.64455664798,0.0,0.0,pvalloc_29nbfs_LRG2_max_sCs2p4
5213,0.0,7125.558647681809,7125.558647681809,0.0,0.0,pvalloc_29nbfs_LRG2_max_sCs2p4
5214,3.6297258022705643,5734.086758413857,5734.158441709671,3.6297258022705643,0.0,pvalloc_29nbfs_LRG2_max_sCs2p4
5215,1654.5108435124207,3023.757965219841,3676.4544046943947,1654.5108435124207,0.0,pvalloc_29nbfs_LRG2_max_sCs2p4
5216,6111.956150942424,2944.9235047066704,7459.251390646089,6111.956150942424,0.0,pvalloc_29nbfs_LRG2_max_sCs2p4
5217,12205.803567892766,3187.6217768280203,13275.649714476172,12205.803567892766,0.0,pvalloc_29nbfs_LRG2_max_sCs2p4
5218,23894.939236338516,3307.374353748447,24455.291315534767,23894.939236338516,0.0,pvalloc_29nbfs_LRG2_max_sCs2p4
5219,28433.510646808045,3945.926319924131,29102.180388473018,28433.510646808045,0.0,pvalloc_29nbfs_LRG2_max_sCs2p4
5220,21055.42383912119,5082.448354442929,22720.112827536577,21055.42383912119,0.0,pvalloc_29nbfs_LRG2_max_sCs2p4
5221,45700.484070587125,4532.316330220247,46207.27583273371,45245.0297722582,455.4542983289181,pvalloc_29nbfs_LRG2_max_sCs2p4
5222,60420.00092180564,4698.695375006715,60774.92617563831,57381.69665790558,3038.3042639000623,pvalloc_29nbfs_LRG2_max_sCs2p4
5223,47447.35313416716,4724.601124375608,47966.21802092592,46831.0838402448,616.2692939223614,pvalloc_29nbfs_LRG2_max_sCs2p4
5224,47804.69008386247,4121.248395254566,48171.50747099467,47164.58406598732,640.1060178751623,pvalloc_29nbfs_LRG2_max_sCs2p4
5225,35802.96166969728,4199.547671070001,36378.413425146675,35734.5350913859,68.42657831137478,pvalloc_29nbfs_LRG2_max_sCs2p4
5226,24958.33346714427,4094.133759447344,25778.657284751756,24958.33346714427,0.0,pvalloc_29nbfs_LRG2_max_sCs2p4
5227,10271.272898701098,4773.27802941927,12374.075549769957,10271.272898701098,0.0,pvalloc_29nbfs_LRG2_max_sCs2p4
5228,0.23879845763027271,12343.418466705289,12343.418466705289,0.23879845763027271,0.0,pvalloc_29nbfs_LRG2_max_sCs2p4
5229,0.0,17463.78761121696,17463.78761121696,0.0,0.0,pvalloc_29nbfs_LRG2_max_sCs2p4
5230,0.0,16776.24576513662,16776.24576513662,0.0,0.0,pvalloc_29nbfs_LRG2_max_sCs2p4
5231,0.0,13863.094861205218,13863.094861205218,0.0,0.0,pvalloc_29nbfs_LRG2_max_sCs2p4
5232,0.0,12379.083196074876,12379.083196074876,0.0,0.0,pvalloc_29nbfs_LRG2_max_sCs2p4
5233,0.0,10840.79645112631,10840.79645112631,0.0,0.0,pvalloc_29nbfs_LRG2_max_sCs2p4
5234,0.0,8839.193140860432,8839.193140860432,0.0,0.0,pvalloc_29nbfs_LRG2_max_sCs2p4
5235,0.0,7691.549078353807,7691.549078353807,0.0,0.0,pvalloc_29nbfs_LRG2_max_sCs2p4
5236,0.0,6881.188714069509,6881.188714069509,0.0,0.0,pvalloc_29nbfs_LRG2_max_sCs2p4
5237,0.0,7020.828203404437,7020.828203404437,0.0,0.0,pvalloc_29nbfs_LRG2_max_sCs2p4
5238,66.51033640159602,4740.841797622647,4741.526160439849,66.51033640159602,0.0,pvalloc_29nbfs_LRG2_max_sCs2p4
5239,11462.741670471607,2608.362700456178,12194.11084532456,11462.741670471607,0.0,pvalloc_29nbfs_LRG2_max_sCs2p4
5240,24408.413874893104,2926.8003495003904,24813.1763712894,24408.413874893104,0.0,pvalloc_29nbfs_LRG2_max_sCs2p4
5241,48306.901387718455,3153.0013742233314,48472.14574375808,47673.737684718166,633.1637030002937,pvalloc_29nbfs_LRG2_max_sCs2p4
5242,62264.85857986181,3597.4293849203236,62417.646442029334,58921.398718704375,3343.459861157427,pvalloc_29nbfs_LRG2_max_sCs2p4
5243,68820.51872852599,3909.5264428483797,68986.56888833399,63524.0693211139,5296.449407412083,pvalloc_29nbfs_LRG2_max_sCs2p4
5244,56483.29923853066,4417.742615013537,56799.67106839573,54427.00885768792,2056.290380842724,pvalloc_29nbfs_LRG2_max_sCs2p4
5245,54914.3589420735,4932.270239343676,55364.02438818839,53136.726595311855,1777.6323467616328,pvalloc_29nbfs_LRG2_max_sCs2p4
5246,51253.70492876105,4986.505918754785,51801.88232921228,50047.36459911973,1206.3403296413294,pvalloc_29nbfs_LRG2_max_sCs2p4
5247,50997.67673340217,4681.045520196617,51473.22500792312,49846.2878029274,1151.388930474782,pvalloc_29nbfs_LRG2_max_sCs2p4
5248,43373.31273484897,4129.3408334868445,43830.313086765906,43075.6999416641,297.61279318488,pvalloc_29nbfs_LRG2_max_sCs2p4
5249,35405.283607331156,4003.704940775106,35940.39174545095,35343.6418046827,61.64180264845311,pvalloc_29nbfs_LRG2_max_sCs2p4
5250,18126.47219398664,4538.240677524317,19493.379492973934,18126.47219398664,0.0,pvalloc_29nbfs_LRG2_max_sCs2p4
5251,8335.247134114,5133.509350211578,10855.613634712527,8335.247134114,0.0,pvalloc_29nbfs_LRG2_max_sCs2p4
5252,0.0,19000.05480005874,19000.05480005874,0.0,0.0,pvalloc_29nbfs_LRG2_max_sCs2p4
5253,0.0,19290.580116971658,19290.580116971658,0.0,0.0,pvalloc_29nbfs_LRG2_max_sCs2p4
5254,0.0,16835.26838147422,16835.26838147422,0.0,0.0,pvalloc_29nbfs_LRG2_max_sCs2p4
5255,0.0,14924.78827852718,14924.78827852718,0.0,0.0,pvalloc_29nbfs_LRG2_max_sCs2p4
5256,0.0,13381.168060104113,13381.168060104113,0.0,0.0,pvalloc_29nbfs_LRG2_max_sCs2p4
5257,0.0,10539.960012448035,10539.960012448035,0.0,0.0,pvalloc_29nbfs_LRG2_max_sCs2p4
5258,0.0,8429.066249258418,8429.066249258418,0.0,0.0,pvalloc_29nbfs_LRG2_max_sCs2p4
5259,0.0,7662.686930720702,7662.686930720702,0.0,0.0,pvalloc_29nbfs_LRG2_max_sCs2p4
5260,0.0,6987.56971605249,6987.56971605249,0.0,0.0,pvalloc_29nbfs_LRG2_max_sCs2p4
5261,0.0,6946.060646242223,6946.060646242223,0.0,0.0,pvalloc_29nbfs_LRG2_max_sCs2p4
5262,58.76282225830963,4987.414712689093,4988.037781616237,58.76282225830963,0.0,pvalloc_29nbfs_LRG2_max_sCs2p4
5263,12691.430631213232,2562.723144217982,13330.432129146346,12691.430631213232,0.0,pvalloc_29nbfs_LRG2_max_sCs2p4
5264,33509.91256163367,2855.923357984155,33745.78089837697,33505.872084873656,4.040476760007095,pvalloc_29nbfs_LRG2_max_sCs2p4
5265,56205.67758898966,2947.0176030192715,56318.18501415054,54283.11177661017,1922.565812379488,pvalloc_29nbfs_LRG2_max_sCs2p4
5266,75234.7604214521,3724.180725600381,75351.43721027543,67682.77416778843,7551.986253663612,pvalloc_29nbfs_LRG2_max_sCs2p4
5267,88838.55153703161,4799.891194054181,89008.36615670416,75240.84776154722,13597.703775484426,pvalloc_29nbfs_LRG2_max_sCs2p4
5268,86131.93194719528,5847.823697744466,86466.0131227022,73821.35606988419,12310.575877311052,pvalloc_29nbfs_LRG2_max_sCs2p4
5269,91029.33058558383,5814.373056847965,91318.76079993194,76241.13932788126,14788.191257702472,pvalloc_29nbfs_LRG2_max_sCs2p4
5270,91514.56632248843,5228.389878327345,91783.93685304445,76218.21812133402,15296.348201154397,pvalloc_29nbfs_LRG2_max_sCs2p4
5271,83057.01298138214,5019.98840980284,83318.8583642087,71931.39829937302,11125.614682009144,pvalloc_29nbfs_LRG2_max_sCs2p4
5272,69199.23351301503,4778.319442898873,69486.79054046381,63665.95142435346,5533.2820886615245,pvalloc_29nbfs_LRG2_max_sCs2p4
5273,52130.75334928054,4342.688132370842,52506.22535843502,50814.95955516578,1315.7937941147661,pvalloc_29nbfs_LRG2_max_sCs2p4
5274,31266.342752259643,4442.756925463465,32030.865589753157,31266.342752259643,0.0,pvalloc_29nbfs_LRG2_max_sCs2p4
5275,12675.89444040451,4708.4342372398605,14449.310755231945,12675.89444040451,0.0,pvalloc_29nbfs_LRG2_max_sCs2p4
5276,0.001144878417680309,16107.941911001639,16107.941911001639,0.001144878417680309,0.0,pvalloc_29nbfs_LRG2_max_sCs2p4
5277,0.0,16661.54003587522,16661.54003587522,0.0,0.0,pvalloc_29nbfs_LRG2_max_sCs2p4
5278,0.0,16071.87963882066,16071.87963882066,0.0,0.0,pvalloc_29nbfs_LRG2_max_sCs2p4
5279,0.0,16513.61501158644,16513.61501158644,0.0,0.0,pvalloc_29nbfs_LRG2_max_sCs2p4
5280,0.0,14223.402737580198,14223.402737580198,0.0,0.0,pvalloc_29nbfs_LRG2_max_sCs2p4
5281,0.0,10189.901163932846,10189.901163932846,0.0,0.0,pvalloc_29nbfs_LRG2_max_sCs2p4
5282,0.0,9219.90861812319,9219.90861812319,0.0,0.0,pvalloc_29nbfs_LRG2_max_sCs2p4
5283,0.0,8077.212368111325,8077.212368111325,0.0,0.0,pvalloc_29nbfs_LRG2_max_sCs2p4
5284,0.0,7416.388772703772,7416.388772703772,0.0,0.0,pvalloc_29nbfs_LRG2_max_sCs2p4
5285,0.0,7104.393955178768,7104.393955178768,0.0,0.0,pvalloc_29nbfs_LRG2_max_sCs2p4
5286,19.622400254081974,5505.383693515512,5505.646222250149,19.622400254081974,0.0,pvalloc_29nbfs_LRG2_max_sCs2p4
5287,11800.771835535745,2604.20797592102,12507.707646364188,11800.771835535745,0.0,pvalloc_29nbfs_LRG2_max_sCs2p4
5288,33676.39292470132,2762.636376846415,33892.12289460123,33670.0204464556,6.372478245721084,pvalloc_29nbfs_LRG2_max_sCs2p4
5289,55892.7731210014,2764.8186869501424,55993.71951146125,54029.766803923536,1863.0063170778594,pvalloc_29nbfs_LRG2_max_sCs2p4
5290,74192.21237579509,3621.1934035451072,74302.09672015991,67056.06577618397,7136.146599611266,pvalloc_29nbfs_LRG2_max_sCs2p4
5291,90226.93620356325,4049.624798751082,90349.10454955316,75842.16304150154,14384.773162061738,pvalloc_29nbfs_LRG2_max_sCs2p4
5292,85624.91908830123,5618.687961447721,85926.11663599304,73557.63628237844,12067.282805922774,pvalloc_29nbfs_LRG2_max_sCs2p4
5293,91378.46928248287,5532.553255791078,91637.93057035246,76305.24302901524,15073.226253467608,pvalloc_29nbfs_LRG2_max_sCs2p4
5294,86757.17868596024,6652.282723875883,87213.15539503313,73911.01606914368,12846.162616816546,pvalloc_29nbfs_LRG2_max_sCs2p4
5295,80016.81221851744,6058.202216228881,80439.12514723254,70228.64387066796,9788.168347849547,pvalloc_29nbfs_LRG2_max_sCs2p4
5296,65451.93758697206,6116.163574127217,66039.94220513244,61109.05201453477,4342.8855724372925,pvalloc_29nbfs_LRG2_max_sCs2p4
5297,49701.95542679634,5439.057345415636,50393.60867796567,48729.444834801965,972.5105919943688,pvalloc_29nbfs_LRG2_max_sCs2p4
5298,29312.187595104828,5432.513566023977,30517.043837452395,29312.187595104828,0.0,pvalloc_29nbfs_LRG2_max_sCs2p4
5299,8810.367917502144,6468.39974498747,12181.615489030326,8810.367917502144,0.0,pvalloc_29nbfs_LRG2_max_sCs2p4
5300,0.002782290935076717,16914.93703205433,16914.93703205433,0.002782290935076717,0.0,pvalloc_29nbfs_LRG2_max_sCs2p4
5301,0.0,19664.8737674663,19664.8737674663,0.0,0.0,pvalloc_29nbfs_LRG2_max_sCs2p4
5302,0.0,21717.297616531436,21717.297616531436,0.0,0.0,pvalloc_29nbfs_LRG2_max_sCs2p4
5303,0.0,17214.825474050005,17214.825474050005,0.0,0.0,pvalloc_29nbfs_LRG2_max_sCs2p4
5304,0.0,12578.207549128692,12578.207549128692,0.0,0.0,pvalloc_29nbfs_LRG2_max_sCs2p4
5305,0.0,10294.109997870488,10294.109997870488,0.0,0.0,pvalloc_29nbfs_LRG2_max_sCs2p4
5306,0.0,8325.709247505114,8325.709247505114,0.0,0.0,pvalloc_29nbfs_LRG2_max_sCs2p4
5307,0.0,7293.515981600714,7293.515981600714,0.0,0.0,pvalloc_29nbfs_LRG2_max_sCs2p4
5308,0.0,6735.774478834689,6735.774478834689,0.0,0.0,pvalloc_29nbfs_LRG2_max_sCs2p4
5309,0.0,6710.483943585052,6710.483943585052,0.0,0.0,pvalloc_29nbfs_LRG2_max_sCs2p4
5310,30.30589637931691,4984.858982854493,4985.244108295166,30.30589637931691,0.0,pvalloc_29nbfs_LRG2_max_sCs2p4
5311,11752.914390508662,2510.3019559151453,12420.595623900297,11752.914390508662,0.0,pvalloc_29nbfs_LRG2_max_sCs2p4
5312,32873.57142242106,2874.191419190469,33122.157251750534,32873.57142242106,0.0,pvalloc_29nbfs_LRG2_max_sCs2p4
5313,54822.18156557256,3219.60839088832,54962.47001899702,53156.06896017503,1666.1126053975418,pvalloc_29nbfs_LRG2_max_sCs2p4
5314,74967.00683415312,3688.513427694864,75092.86796638406,67485.77062387533,7481.236210277772,pvalloc_29nbfs_LRG2_max_sCs2p4
5315,91202.27901597359,3849.54902573005,91314.58191176904,76297.78388297424,14904.49513299929,pvalloc_29nbfs_LRG2_max_sCs2p4
5316,85246.12087080024,5912.741404350889,85595.85447671787,73340.22162016973,11905.899250630539,pvalloc_29nbfs_LRG2_max_sCs2p4
5317,90971.02505028665,5414.898399191297,91210.41492840188,76182.73889503191,14788.286155254726,pvalloc_29nbfs_LRG2_max_sCs2p4
5318,88574.95504086373,5552.751468911757,88846.39164663879,74908.04495587114,13666.910084992542,pvalloc_29nbfs_LRG2_max_sCs2p4
5319,82029.37308929845,4916.794441733442,82262.60122124529,71433.07467222825,10596.29841707019,pvalloc_29nbfs_LRG2_max_sCs2p4
5320,67947.13821093475,4825.435749296605,68244.97689621005,62835.88864806686,5111.24956286788,pvalloc_29nbfs_LRG2_max_sCs2p4
5321,50063.74684322876,4697.238876115857,50520.83442268867,49102.09338439139,961.6534588373756,pvalloc_29nbfs_LRG2_max_sCs2p4
5322,31972.213956131705,3954.46817799178,32566.60723693461,31972.213956131705,0.0,pvalloc_29nbfs_LRG2_max_sCs2p4
5323,10838.019837553884,4741.64182475339,12905.013326758792,10838.019837553884,0.0,pvalloc_29nbfs_LRG2_max_sCs2p4
5324,0.6091798704523617,11780.309071611471,11780.309071611471,0.6091798704523617,0.0,pvalloc_29nbfs_LRG2_max_sCs2p4
5325,0.0,17798.451423069695,17798.451423069695,0.0,0.0,pvalloc_29nbfs_LRG2_max_sCs2p4
5326,0.0,19605.334016129706,19605.334016129706,0.0,0.0,pvalloc_29nbfs_LRG2_max_sCs2p4
5327,0.0,17993.339244710096,17993.339244710096,0.0,0.0,pvalloc_29nbfs_LRG2_max_sCs2p4
5328,0.0,14499.905393880888,14499.905393880888,0.0,0.0,pvalloc_29nbfs_LRG2_max_sCs2p4
5329,0.0,10706.798579119695,10706.798579119695,0.0,0.0,pvalloc_29nbfs_LRG2_max_sCs2p4
5330,0.0,8691.305275136961,8691.305275136961,0.0,0.0,pvalloc_29nbfs_LRG2_max_sCs2p4
5331,0.0,7299.838339654399,7299.838339654399,0.0,0.0,pvalloc_29nbfs_LRG2_max_sCs2p4
5332,0.0,6942.486827788975,6942.486827788975,0.0,0.0,pvalloc_29nbfs_LRG2_max_sCs2p4
5333,0.0,6828.1340130815815,6828.1340130815815,0.0,0.0,pvalloc_29nbfs_LRG2_max_sCs2p4
5334,10.253842242540413,5417.8060538642285,5417.94164444463,10.253842242540413,0.0,pvalloc_29nbfs_LRG2_max_sCs2p4
5335,10506.567518552662,2805.4963725596053,11439.90025863188,10506.567518552662,0.0,pvalloc_29nbfs_LRG2_max_sCs2p4
5336,31592.27189313348,3234.258416375348,31947.1471360944,31592.27189313348,0.0,pvalloc_29nbfs_LRG2_max_sCs2p4
5337,53933.183792416814,3412.452966649247,54101.52548558361,52417.93983959604,1515.2439528207601,pvalloc_29nbfs_LRG2_max_sCs2p4
5338,73883.05452057582,3725.3397949805403,74010.32619595641,66834.91637449065,7048.138146085144,pvalloc_29nbfs_LRG2_max_sCs2p4
5339,89058.34945082388,4022.855949025854,89175.43405868844,75279.1701157683,13779.179335055567,pvalloc_29nbfs_LRG2_max_sCs2p4
5340,84372.4846144475,5739.866137209855,84720.45625592208,72965.81041103342,11406.674203414072,pvalloc_29nbfs_LRG2_max_sCs2p4
5341,88671.04784820057,5708.3125984479,88961.31731035697,75100.02659650633,13571.02125169421,pvalloc_29nbfs_LRG2_max_sCs2p4
5342,85483.0710578267,6552.191424627519,85940.18924177867,73434.29543427462,12048.775623552092,pvalloc_29nbfs_LRG2_max_sCs2p4
5343,80361.94683377488,5458.920982125164,80671.67357730833,70489.01680811291,9872.930025661946,pvalloc_29nbfs_LRG2_max_sCs2p4
5344,68393.31682523337,4524.157448710913,68650.89356145388,63127.80304070446,5265.513784528976,pvalloc_29nbfs_LRG2_max_sCs2p4
5345,48971.704980900984,4481.25402581536,49393.99739939301,48181.078908078845,790.6260728221423,pvalloc_29nbfs_LRG2_max_sCs2p4
5346,29294.51229116935,4463.6657127940625,30122.04659839742,29294.51229116935,0.0,pvalloc_29nbfs_LRG2_max_sCs2p4
5347,7444.047513926627,6364.636982185553,10947.597596097903,7444.047513926627,0.0,pvalloc_29nbfs_LRG2_max_sCs2p4
5348,0.0,15989.600907522972,15989.600907522972,0.0,0.0,pvalloc_29nbfs_LRG2_max_sCs2p4
5349,0.0,16826.715043934226,16826.715043934226,0.0,0.0,pvalloc_29nbfs_LRG2_max_sCs2p4
5350,0.0,17455.218388780388,17455.218388780388,0.0,0.0,pvalloc_29nbfs_LRG2_max_sCs2p4
5351,0.0,17312.601875985758,17312.601875985758,0.0,0.0,pvalloc_29nbfs_LRG2_max_sCs2p4
5352,0.0,14414.143741518077,14414.143741518077,0.0,0.0,pvalloc_29nbfs_LRG2_max_sCs2p4
5353,0.0,9954.17201230051,9954.17201230051,0.0,0.0,pvalloc_29nbfs_LRG2_max_sCs2p4
5354,0.0,8448.308232531268,8448.308232531268,0.0,0.0,pvalloc_29nbfs_LRG2_max_sCs2p4
5355,0.0,7461.470557932398,7461.470557932398,0.0,0.0,pvalloc_29nbfs_LRG2_max_sCs2p4
5356,0.0,6904.553782501743,6904.553782501743,0.0,0.0,pvalloc_29nbfs_LRG2_max_sCs2p4
5357,0.0,6785.528064411383,6785.528064411383,0.0,0.0,pvalloc_29nbfs_LRG2_max_sCs2p4
5358,16.209391865131693,5398.0675553592355,5398.2975192353915,16.209391865131693,0.0,pvalloc_29nbfs_LRG2_max_sCs2p4
5359,10623.49126037581,2700.0324669070724,11466.065248507457,10623.49126037581,0.0,pvalloc_29nbfs_LRG2_max_sCs2p4
5360,31819.382269026548,3036.40896048142,32119.80337434586,31819.382269026548,0.0,pvalloc_29nbfs_LRG2_max_sCs2p4
5361,51634.61277821039,4021.355996766954,51938.10641965538,50510.61617537419,1123.9966028362019,pvalloc_29nbfs_LRG2_max_sCs2p4
5362,72720.98815904539,4119.283662091849,72884.70577457288,66134.71090279201,6586.277256253332,pvalloc_29nbfs_LRG2_max_sCs2p4
5363,86945.53400980642,4994.4131489302645,87153.64898928184,74314.71226003025,12630.82174977614,pvalloc_29nbfs_LRG2_max_sCs2p4
5364,84900.5677629944,5829.299955704657,85261.0696717751,73250.14992769781,11650.417835296557,pvalloc_29nbfs_LRG2_max_sCs2p4
5365,87854.3721992069,6393.657561636472,88287.38878792385,74769.55124857191,13084.820950634983,pvalloc_29nbfs_LRG2_max_sCs2p4
5366,90086.47511990118,5273.29986230678,90324.13727083636,75673.28384621575,14413.191273685366,pvalloc_29nbfs_LRG2_max_sCs2p4
5367,81543.55445977993,4898.266244594955,81769.94257746,71192.88851189546,10350.665947884476,pvalloc_29nbfs_LRG2_max_sCs2p4
5368,67794.23956262057,4601.1010827746595,68050.63872801237,62798.49230788897,4995.74725473158,pvalloc_29nbfs_LRG2_max_sCs2p4
5369,48934.95200098305,4696.5230964192815,49397.92316738131,48173.432538305155,761.5194626779006,pvalloc_29nbfs_LRG2_max_sCs2p4
5370,28012.584568464474,4838.372594269781,29079.84307800414,28012.584568464474,0.0,pvalloc_29nbfs_LRG2_max_sCs2p4
5371,9368.068143575367,5175.368054195332,11828.88242791304,9368.068143575367,0.0,pvalloc_29nbfs_LRG2_max_sCs2p4
5372,0.0,16855.70237263037,16855.70237263037,0.0,0.0,pvalloc_29nbfs_LRG2_max_sCs2p4
5373,0.0,17345.892495044838,17345.892495044838,0.0,0.0,pvalloc_29nbfs_LRG2_max_sCs2p4
5374,0.0,16579.52219038973,16579.52219038973,0.0,0.0,pvalloc_29nbfs_LRG2_max_sCs2p4
5375,0.0,15251.446364993699,15251.446364993699,0.0,0.0,pvalloc_29nbfs_LRG2_max_sCs2p4
5376,0.0,13188.262672566278,13188.262672566278,0.0,0.0,pvalloc_29nbfs_LRG2_max_sCs2p4
5377,0.0,11323.925666493667,11323.925666493667,0.0,0.0,pvalloc_29nbfs_LRG2_max_sCs2p4
5378,0.0,9734.491596408212,9734.491596408212,0.0,0.0,pvalloc_29nbfs_LRG2_max_sCs2p4
5379,0.0,8493.11069650855,8493.11069650855,0.0,0.0,pvalloc_29nbfs_LRG2_max_sCs2p4
5380,0.0,7434.255107382791,7434.255107382791,0.0,0.0,pvalloc_29nbfs_LRG2_max_sCs2p4
5381,0.0,7087.350693282779,7087.350693282779,0.0,0.0,pvalloc_29nbfs_LRG2_max_sCs2p4
5382,6.534055359836096,5749.417427581206,5749.516818391045,6.534055359836096,0.0,pvalloc_29nbfs_LRG2_max_sCs2p4
5383,10254.391454202456,2774.1266943265487,11158.854513043278,10254.391454202456,0.0,pvalloc_29nbfs_LRG2_max_sCs2p4
5384,32073.820628430225,2885.4651868706756,32341.55408980636,32073.820628430225,0.0,pvalloc_29nbfs_LRG2_max_sCs2p4
5385,54206.83580529997,3220.8269011536877,54352.09698029714,52638.704936293216,1568.1308690067513,pvalloc_29nbfs_LRG2_max_sCs2p4
5386,72812.70782095,3904.9672035988597,72951.97460772969,66184.09581796697,6628.612002982955,pvalloc_29nbfs_LRG2_max_sCs2p4
5387,88429.45716454595,4434.517889888836,88577.06732717289,74963.9078373577,13465.549327188237,pvalloc_29nbfs_LRG2_max_sCs2p4
5388,85521.45822310404,5516.58276710818,85805.80829125951,73488.31060212187,12033.147620982163,pvalloc_29nbfs_LRG2_max_sCs2p4
5389,89255.72613311572,5835.246990850177,89557.9593181,75341.27743538962,13914.448697726166,pvalloc_29nbfs_LRG2_max_sCs2p4
5390,85622.38469738112,6239.483084536436,86011.42845544207,73451.30586045804,12171.078836923054,pvalloc_29nbfs_LRG2_max_sCs2p4
5391,78825.56329760153,5603.6739125099475,79161.81090987613,69672.97727604657,9152.586021554966,pvalloc_29nbfs_LRG2_max_sCs2p4
5392,64784.20526208566,5314.259007873459,65192.648995371324,60740.122439169565,4044.0828229160816,pvalloc_29nbfs_LRG2_max_sCs2p4
5393,46002.77357105419,5337.974889221269,46714.16347603715,45557.41329259319,445.3602784609937,pvalloc_29nbfs_LRG2_max_sCs2p4
5394,27034.59910613154,4953.525430282635,28201.119233452453,27034.59910613154,0.0,pvalloc_29nbfs_LRG2_max_sCs2p4
5395,6322.4550321592105,7005.404661565858,10431.505258154295,6322.4550321592105,0.0,pvalloc_29nbfs_LRG2_max_sCs2p4
5396,0.0,17145.80361392094,17145.80361392094,0.0,0.0,pvalloc_29nbfs_LRG2_max_sCs2p4
5397,0.0,18592.212130355496,18592.212130355496,0.0,0.0,pvalloc_29nbfs_LRG2_max_sCs2p4
5398,0.0,17959.280865600802,17959.280865600802,0.0,0.0,pvalloc_29nbfs_LRG2_max_sCs2p4
5399,0.0,15321.147510146637,15321.147510146637,0.0,0.0,pvalloc_29nbfs_LRG2_max_sCs2p4
5400,0.0,13722.161589340783,13722.161589340783,0.0,0.0,pvalloc_29nbfs_LRG2_max_sCs2p4
5401,0.0,10430.229263731497,10430.229263731497,0.0,0.0,pvalloc_29nbfs_LRG2_max_sCs2p4
5402,0.0,8829.571873465273,8829.571873465273,0.0,0.0,pvalloc_29nbfs_LRG2_max_sCs2p4
5403,0.0,7657.188196967488,7657.188196967488,0.0,0.0,pvalloc_29nbfs_LRG2_max_sCs2p4
5404,0.0,7455.696363549953,7455.696363549953,0.0,0.0,pvalloc_29nbfs_LRG2_max_sCs2p4
5405,0.0,7031.549107246737,7031.549107246737,0.0,0.0,pvalloc_29nbfs_LRG2_max_sCs2p4
5406,2.0048816716409488,6089.681229889982,6089.7285808825145,2.0048816716409488,0.0,pvalloc_29nbfs_LRG2_max_sCs2p4
5407,10247.224376263102,2615.5237087111045,11051.069951903095,10247.224376263102,0.0,pvalloc_29nbfs_LRG2_max_sCs2p4
5408,29308.701900865293,3028.8959822864135,29647.629536643828,29308.701900865293,0.0,pvalloc_29nbfs_LRG2_max_sCs2p4
5409,48769.811989773436,3991.1556136092668,49086.41549077875,48076.18159568401,693.6303940894317,pvalloc_29nbfs_LRG2_max_sCs2p4
5410,67054.45524250082,3842.5907988668378,67215.86957142144,62350.54302240295,4703.912220097734,pvalloc_29nbfs_LRG2_max_sCs2p4
5411,74855.66707294992,4142.077901452241,75027.32316230694,67358.56452956276,7497.102543387148,pvalloc_29nbfs_LRG2_max_sCs2p4
5412,63313.11760208609,5462.248967367671,63792.8915163895,59686.57960462587,3626.5379974602233,pvalloc_29nbfs_LRG2_max_sCs2p4
5413,62779.74815835104,6093.536497442052,63410.02657324241,59239.08145349564,3540.666704855398,pvalloc_29nbfs_LRG2_max_sCs2p4
5414,57282.398975881086,6035.222471724784,58006.45372474607,54911.123300890766,2371.275674990329,pvalloc_29nbfs_LRG2_max_sCs2p4
5415,46211.53220136267,5488.195110813742,46971.098069924104,45699.61059897946,511.9216023832171,pvalloc_29nbfs_LRG2_max_sCs2p4
5416,34373.3427016847,5014.096505740972,35264.26936578297,34323.57671923209,49.76598245260334,pvalloc_29nbfs_LRG2_max_sCs2p4
5417,27442.650971821666,4820.133780816533,28496.204267935078,27442.650971821666,0.0,pvalloc_29nbfs_LRG2_max_sCs2p4
5418,11360.004498253997,5233.494448129445,13693.662063756208,11360.004498253997,0.0,pvalloc_29nbfs_LRG2_max_sCs2p4
5419,2517.3061629847525,6574.800525599235,7235.995096291489,2517.3061629847525,0.0,pvalloc_29nbfs_LRG2_max_sCs2p4
5420,0.0,14157.259432704126,14157.259432704126,0.0,0.0,pvalloc_29nbfs_LRG2_max_sCs2p4
5421,0.0,16175.317955120869,16175.317955120869,0.0,0.0,pvalloc_29nbfs_LRG2_max_sCs2p4
5422,0.0,16617.529616008724,16617.529616008724,0.0,0.0,pvalloc_29nbfs_LRG2_max_sCs2p4
5423,0.0,15583.466132818583,15583.466132818583,0.0,0.0,pvalloc_29nbfs_LRG2_max_sCs2p4
5424,0.0,13573.678772779584,13573.678772779584,0.0,0.0,pvalloc_29nbfs_LRG2_max_sCs2p4
4920,0.0,11113.463869085279,11113.463869085279,0.0,0.0,pvalloc_29nbfs_LRG2_max_sCs2p6
4921,0.0,10737.831728562103,10737.831728562103,0.0,0.0,pvalloc_29nbfs_LRG2_max_sCs2p6
4922,0.0,10105.311448681487,10105.311448681487,0.0,0.0,pvalloc_29nbfs_LRG2_max_sCs2p6
4923,0.0,8120.0948804456375,8120.0948804456375,0.0,0.0,pvalloc_29nbfs_LRG2_max_sCs2p6
4924,0.0,7251.733657230993,7251.733657230993,0.0,0.0,pvalloc_29nbfs_LRG2_max_sCs2p6
4925,0.0,6971.07516934519,6971.07516934519,0.0,0.0,pvalloc_29nbfs_LRG2_max_sCs2p6
4926,823.7885210462258,3596.0971636205063,3690.904664217624,823.7885210462258,0.0,pvalloc_29nbfs_LRG2_max_sCs2p6
4927,15762.743348875023,2536.2926841459075,16270.14260618017,15762.743348875023,0.0,pvalloc_29nbfs_LRG2_max_sCs2p6
4928,35996.683994707346,2697.8109377311803,36182.139796851334,35929.94926143378,66.73473327356072,pvalloc_29nbfs_LRG2_max_sCs2p6
4929,55371.80988147838,3337.9366887775377,55527.94562224843,53606.127406969994,1765.6824745083973,pvalloc_29nbfs_LRG2_max_sCs2p6
4930,74395.14242874013,3562.8215124176477,74508.55366317694,67101.68313876363,7293.459289976534,pvalloc_29nbfs_LRG2_max_sCs2p6
4931,89323.0264120959,4072.1838657164535,89451.47597021128,75349.00236299234,13974.02404910359,pvalloc_29nbfs_LRG2_max_sCs2p6
4932,74225.93050784276,5133.575883802597,74533.73680215354,66965.73851756813,7260.191990274621,pvalloc_29nbfs_LRG2_max_sCs2p6
4933,61771.768626446225,6642.592697828205,62618.54258321957,58537.61727669773,3234.1513497484775,pvalloc_29nbfs_LRG2_max_sCs2p6
4934,58395.90417941715,5487.7846264089,58939.902714025186,55854.695950063295,2541.2082293538388,pvalloc_29nbfs_LRG2_max_sCs2p6
4935,50984.17882532113,5066.783650420372,51552.084167440364,49817.415785803445,1166.7630395176795,pvalloc_29nbfs_LRG2_max_sCs2p6
4936,50367.70510621004,4815.485184059854,50881.76749807773,49310.64539457202,1057.0597116380313,pvalloc_29nbfs_LRG2_max_sCs2p6
4937,34088.179944920026,4267.240913996577,34737.927614920234,34045.93012407681,42.249820843223176,pvalloc_29nbfs_LRG2_max_sCs2p6
4938,16344.95404923566,3926.0721926199176,17456.736880170498,16344.95404923566,0.0,pvalloc_29nbfs_LRG2_max_sCs2p6
4939,7180.577125045665,5151.878222562897,9874.071905849552,7180.577125045665,0.0,pvalloc_29nbfs_LRG2_max_sCs2p6
4940,296.39583534388026,8837.250800466785,8840.698166939954,296.39583534388026,0.0,pvalloc_29nbfs_LRG2_max_sCs2p6
4941,0.0,12714.325160437362,12714.325160437362,0.0,0.0,pvalloc_29nbfs_LRG2_max_sCs2p6
4942,0.0,13844.117670126652,13844.117670126652,0.0,0.0,pvalloc_29nbfs_LRG2_max_sCs2p6
4943,0.0,13190.081500942473,13190.081500942473,0.0,0.0,pvalloc_29nbfs_LRG2_max_sCs2p6
4944,0.0,15734.473543662869,15734.473543662869,0.0,0.0,pvalloc_29nbfs_LRG2_max_sCs2p6
4945,0.0,11843.652935827871,11843.652935827871,0.0,0.0,pvalloc_29nbfs_LRG2_max_sCs2p6
4946,0.0,9148.163406638316,9148.163406638316,0.0,0.0,pvalloc_29nbfs_LRG2_max_sCs2p6
4947,0.0,7889.191632688864,7889.191632688864,0.0,0.0,pvalloc_29nbfs_LRG2_max_sCs2p6
4948,0.0,7842.183829125383,7842.183829125383,0.0,0.0,pvalloc_29nbfs_LRG2_max_sCs2p6
4949,0.0,6888.334696423669,6888.334696423669,0.0,0.0,pvalloc_29nbfs_LRG2_max_sCs2p6
4950,7.672665575770532,5201.318399254754,5201.335711617708,7.672665575770532,0.0,pvalloc_29nbfs_LRG2_max_sCs2p6
4951,9124.557757074432,2539.364836059021,9970.495156760171,9124.557757074432,0.0,pvalloc_29nbfs_LRG2_max_sCs2p6
4952,30304.35296524038,2554.0492461805075,30517.939252059543,30304.35296524038,0.0,pvalloc_29nbfs_LRG2_max_sCs2p6
4953,54008.41904684574,3006.641620236036,54132.31571819946,52476.34313530995,1532.0759115357782,pvalloc_29nbfs_LRG2_max_sCs2p6
4954,75429.07965909103,3368.696453294867,75524.7659038616,67733.78786787,7695.291791221012,pvalloc_29nbfs_LRG2_max_sCs2p6
4955,86712.4440868729,3615.802714310939,86818.94836920824,73966.03857765174,12746.405509221124,pvalloc_29nbfs_LRG2_max_sCs2p6
4956,74741.83910474407,4604.406543896985,74967.33155612921,67284.08344122389,7457.755663520128,pvalloc_29nbfs_LRG2_max_sCs2p6
4957,50054.47355628871,4867.927955120789,50569.93704750847,49067.69710933797,986.7764469507331,pvalloc_29nbfs_LRG2_max_sCs2p6
4958,60900.629847135344,5005.861912259686,61343.53601018542,57685.038396909214,3215.5914502261367,pvalloc_29nbfs_LRG2_max_sCs2p6
4959,48574.92324977225,5048.683609377459,49211.73487290577,47754.437518061684,820.485731710555,pvalloc_29nbfs_LRG2_max_sCs2p6
4960,44659.73027236913,4723.530142008627,45276.369654636816,44240.26968954669,419.46058282244405,pvalloc_29nbfs_LRG2_max_sCs2p6
4961,35982.499653366394,4805.650160008528,36786.123364365274,35884.76255937666,97.73709398973966,pvalloc_29nbfs_LRG2_max_sCs2p6
4962,19841.730418569146,4687.165599288929,21185.887843303404,19841.730418569146,0.0,pvalloc_29nbfs_LRG2_max_sCs2p6
4963,9130.433924607794,6050.124057104895,12244.471805472742,9130.433924607794,0.0,pvalloc_29nbfs_LRG2_max_sCs2p6
4964,3.620151276725042,11427.944618098483,11427.944618098483,3.620151276725042,0.0,pvalloc_29nbfs_LRG2_max_sCs2p6
4965,0.0,21698.627529472968,21698.627529472968,0.0,0.0,pvalloc_29nbfs_LRG2_max_sCs2p6
4966,0.0,15054.668580548849,15054.668580548849,0.0,0.0,pvalloc_29nbfs_LRG2_max_sCs2p6
4967,0.0,14761.30043522164,14761.30043522164,0.0,0.0,pvalloc_29nbfs_LRG2_max_sCs2p6
4968,0.0,12492.279958567411,12492.279958567411,0.0,0.0,pvalloc_29nbfs_LRG2_max_sCs2p6
4969,0.0,10052.532145121631,10052.532145121631,0.0,0.0,pvalloc_29nbfs_LRG2_max_sCs2p6
4970,0.0,8034.332061846785,8034.332061846785,0.0,0.0,pvalloc_29nbfs_LRG2_max_sCs2p6
4971,0.0,7219.022230515398,7219.022230515398,0.0,0.0,pvalloc_29nbfs_LRG2_max_sCs2p6
4972,0.0,6689.043790452777,6689.043790452777,0.0,0.0,pvalloc_29nbfs_LRG2_max_sCs2p6
4973,0.0,6426.528200910122,6426.528200910122,0.0,0.0,pvalloc_29nbfs_LRG2_max_sCs2p6
4974,161.14121770764746,3989.280909219729,3991.2306575599123,161.14121770764746,0.0,pvalloc_29nbfs_LRG2_max_sCs2p6
4975,10203.60913933517,2533.9839100695867,10986.272840122047,10203.60913933517,0.0,pvalloc_29nbfs_LRG2_max_sCs2p6
4976,3135.145181694872,2922.1833906252523,4786.722062058257,3135.145181694872,0.0,pvalloc_29nbfs_LRG2_max_sCs2p6
4977,18339.47431006708,3138.894342995838,19031.86396003249,18339.47431006708,0.0,pvalloc_29nbfs_LRG2_max_sCs2p6
4978,36178.77718697334,3432.5341868378036,36534.54293473095,36087.408614901135,91.36857207219902,pvalloc_29nbfs_LRG2_max_sCs2p6
4979,57344.54002220554,3908.747273748003,57576.016912164276,55093.634250893985,2250.9057713115567,pvalloc_29nbfs_LRG2_max_sCs2p6
4980,59627.206895110816,4677.538760696707,59974.05053881653,56861.35441071283,2765.8524843979876,pvalloc_29nbfs_LRG2_max_sCs2p6
4981,62951.06791710143,5377.796658789326,63411.168851878574,59357.817961175984,3593.2499559254543,pvalloc_29nbfs_LRG2_max_sCs2p6
4982,47639.594296043986,4926.042594667493,48242.88594332984,46955.04989176866,684.5444042753337,pvalloc_29nbfs_LRG2_max_sCs2p6
4983,52866.027236852766,5535.483495956056,53511.65048640162,51413.48152443576,1452.5457124170066,pvalloc_29nbfs_LRG2_max_sCs2p6
4984,42940.58504398475,4885.914653527086,43585.49709224412,42660.63872938718,279.9463145975689,pvalloc_29nbfs_LRG2_max_sCs2p6
4985,28500.079937586506,4367.114337655412,29334.06240230202,28500.079937586506,0.0,pvalloc_29nbfs_LRG2_max_sCs2p6
4986,22526.42650175434,4916.753142765225,23928.0134069313,22526.42650175434,0.0,pvalloc_29nbfs_LRG2_max_sCs2p6
4987,9974.684168202832,5113.970974437809,12425.638287413934,9974.684168202832,0.0,pvalloc_29nbfs_LRG2_max_sCs2p6
4988,1.7739141134098901,11602.346754875334,11602.346754875334,1.7739141134098901,0.0,pvalloc_29nbfs_LRG2_max_sCs2p6
4989,0.0,15306.207062822388,15306.207062822388,0.0,0.0,pvalloc_29nbfs_LRG2_max_sCs2p6
4990,0.0,18487.541112237715,18487.541112237715,0.0,0.0,pvalloc_29nbfs_LRG2_max_sCs2p6
4991,0.0,15678.910070087288,15678.910070087288,0.0,0.0,pvalloc_29nbfs_LRG2_max_sCs2p6
4992,0.0,12457.95010585332,12457.95010585332,0.0,0.0,pvalloc_29nbfs_LRG2_max_sCs2p6
4993,0.0,9566.578165666266,9566.578165666266,0.0,0.0,pvalloc_29nbfs_LRG2_max_sCs2p6
4994,0.0,8172.598108657664,8172.598108657664,0.0,0.0,pvalloc_29nbfs_LRG2_max_sCs2p6
4995,0.0,7275.373634775014,7275.373634775014,0.0,0.0,pvalloc_29nbfs_LRG2_max_sCs2p6
4996,0.0,6657.432000184343,6657.432000184343,0.0,0.0,pvalloc_29nbfs_LRG2_max_sCs2p6
4997,0.0,6227.237294939229,6227.237294939229,0.0,0.0,pvalloc_29nbfs_LRG2_max_sCs2p6
4998,409.3576819760126,3581.4173204495974,3598.4111216826323,409.3576819760126,0.0,pvalloc_29nbfs_LRG2_max_sCs2p6
4999,14924.790477566152,2526.2700152274388,15468.980384685603,14924.790477566152,0.0,pvalloc_29nbfs_LRG2_max_sCs2p6
5000,33569.39979936528,2776.4563874072987,33794.91950995877,33558.892671126065,10.507128239215774,pvalloc_29nbfs_LRG2_max_sCs2p6
5001,52011.60920321708,3114.4302965620745,52158.04791390739,50800.646549154255,1210.962654062824,pvalloc_29nbfs_LRG2_max_sCs2p6
5002,65705.11486202214,3225.108959507802,65821.4573988314,61383.40973957739,4321.705122444692,pvalloc_29nbfs_LRG2_max_sCs2p6
5003,85570.76621859621,3940.220475636038,85694.95355471518,73409.0557537317,12161.710464864485,pvalloc_29nbfs_LRG2_max_sCs2p6
5004,83663.43448516371,4477.932534781551,83833.94733186942,72404.11870852436,11259.315776639369,pvalloc_29nbfs_LRG2_max_sCs2p6
5005,90122.17512541109,4606.363494604157,90298.32019782529,75715.56437805002,14406.61074736108,pvalloc_29nbfs_LRG2_max_sCs2p6
5006,83922.19181102891,4591.780458493312,84127.4142017034,72425.34324323236,11496.848567796504,pvalloc_29nbfs_LRG2_max_sCs2p6
5007,70148.45907652813,4609.322867320778,70409.10532283533,64298.47771339124,5849.98136313682,pvalloc_29nbfs_LRG2_max_sCs2p6
5008,55305.356371535665,4087.5772401973054,55599.74882062251,53412.78549270819,1892.5708788274655,pvalloc_29nbfs_LRG2_max_sCs2p6
5009,32732.511400205014,3834.33820011835,33280.38485998062,32724.414743360987,8.096656844025063,pvalloc_29nbfs_LRG2_max_sCs2p6
5010,13740.2829672693,3957.8900283234702,15069.898858007144,13740.2829672693,0.0,pvalloc_29nbfs_LRG2_max_sCs2p6
5011,2513.2834461809916,6083.173758356798,6860.0491812357795,2513.2834461809916,0.0,pvalloc_29nbfs_LRG2_max_sCs2p6
5012,0.024958675141344665,13827.140367695905,13827.140367695905,0.024958675141344665,0.0,pvalloc_29nbfs_LRG2_max_sCs2p6
5013,0.0,14662.18168263524,14662.18168263524,0.0,0.0,pvalloc_29nbfs_LRG2_max_sCs2p6
5014,0.0,16274.799124460176,16274.799124460176,0.0,0.0,pvalloc_29nbfs_LRG2_max_sCs2p6
5015,0.0,15624.092956490867,15624.092956490867,0.0,0.0,pvalloc_29nbfs_LRG2_max_sCs2p6
5016,0.0,12724.185769730162,12724.185769730162,0.0,0.0,pvalloc_29nbfs_LRG2_max_sCs2p6
5017,0.0,10867.074894322572,10867.074894322572,0.0,0.0,pvalloc_29nbfs_LRG2_max_sCs2p6
5018,0.0,8769.371741640622,8769.371741640622,0.0,0.0,pvalloc_29nbfs_LRG2_max_sCs2p6
5019,0.0,7592.31461024244,7592.31461024244,0.0,0.0,pvalloc_29nbfs_LRG2_max_sCs2p6
5020,0.0,6804.494587055006,6804.494587055006,0.0,0.0,pvalloc_29nbfs_LRG2_max_sCs2p6
5021,0.0,6914.447201421453,6914.447201421453,0.0,0.0,pvalloc_29nbfs_LRG2_max_sCs2p6
5022,126.61919066214249,4156.805409416319,4158.3778708898035,126.61919066214249,0.0,pvalloc_29nbfs_LRG2_max_sCs2p6
5023,10441.559104503194,2564.1352168188205,11234.261778699914,10441.559104503194,0.0,pvalloc_29nbfs_LRG2_max_sCs2p6
5024,21693.614866065433,2749.4282234728853,22115.87942587491,21693.614866065433,0.0,pvalloc_29nbfs_LRG2_max_sCs2p6
5025,18562.41882343837,3366.7259771245635,19408.797681639324,18562.41882343837,0.0,pvalloc_29nbfs_LRG2_max_sCs2p6
5026,30577.602975808517,3799.1059403145023,31189.293634952337,30577.602975808517,0.0,pvalloc_29nbfs_LRG2_max_sCs2p6
5027,65869.58755045127,3646.4696410715724,66027.50548439642,61455.78769613037,4413.799854320913,pvalloc_29nbfs_LRG2_max_sCs2p6
5028,78975.83349429391,5326.627237790931,79302.58147342443,69864.18964041915,9111.64385387473,pvalloc_29nbfs_LRG2_max_sCs2p6
5029,52066.32033408011,5045.41427602029,52599.96825753941,50739.849156749784,1326.4711773303343,pvalloc_29nbfs_LRG2_max_sCs2p6
5030,22718.30626295236,5836.915411738092,24592.725458533154,22718.30626295236,0.0,pvalloc_29nbfs_LRG2_max_sCs2p6
5031,25368.43673912284,4959.963720285566,26614.32967243303,25368.43673912284,0.0,pvalloc_29nbfs_LRG2_max_sCs2p6
5032,33760.75509834823,4039.0139476818463,34348.787159275176,33719.30750743618,41.44759091204725,pvalloc_29nbfs_LRG2_max_sCs2p6
5033,26715.902761787354,4129.566008734109,27520.514895406966,26715.902761787354,0.0,pvalloc_29nbfs_LRG2_max_sCs2p6
5034,16598.600195043757,4723.14868163957,18221.45538388655,16598.600195043757,0.0,pvalloc_29nbfs_LRG2_max_sCs2p6
5035,10220.064179812887,5389.708764530433,12755.431990863739,10220.064179812887,0.0,pvalloc_29nbfs_LRG2_max_sCs2p6
5036,10.625523949860552,10990.715418027361,10990.727853176517,10.625523949860552,0.0,pvalloc_29nbfs_LRG2_max_sCs2p6
5037,0.0,15623.399766375915,15623.399766375915,0.0,0.0,pvalloc_29nbfs_LRG2_max_sCs2p6
5038,0.0,16022.715362504954,16022.715362504954,0.0,0.0,pvalloc_29nbfs_LRG2_max_sCs2p6
5039,0.0,16439.75171535185,16439.75171535185,0.0,0.0,pvalloc_29nbfs_LRG2_max_sCs2p6
5040,0.0,12326.556850038325,12326.556850038325,0.0,0.0,pvalloc_29nbfs_LRG2_max_sCs2p6
5041,0.0,9488.472208125195,9488.472208125195,0.0,0.0,pvalloc_29nbfs_LRG2_max_sCs2p6
5042,0.0,8024.4353338224,8024.4353338224,0.0,0.0,pvalloc_29nbfs_LRG2_max_sCs2p6
5043,0.0,7253.657469496068,7253.657469496068,0.0,0.0,pvalloc_29nbfs_LRG2_max_sCs2p6
5044,0.0,6638.189465394041,6638.189465394041,0.0,0.0,pvalloc_29nbfs_LRG2_max_sCs2p6
5045,0.0,6441.096729282571,6441.096729282571,0.0,0.0,pvalloc_29nbfs_LRG2_max_sCs2p6
5046,127.18172980226436,4133.371423169144,4134.922712902712,127.18172980226436,0.0,pvalloc_29nbfs_LRG2_max_sCs2p6
5047,11297.076161928522,2641.04903770933,12117.86385055115,11297.076161928522,0.0,pvalloc_29nbfs_LRG2_max_sCs2p6
5048,32390.735835429237,2959.9264016172583,32670.24658983943,32390.735835429237,0.0,pvalloc_29nbfs_LRG2_max_sCs2p6
5049,53148.559459845106,3327.5625225294903,53317.09888579357,51771.59582295277,1376.9636368923339,pvalloc_29nbfs_LRG2_max_sCs2p6
5050,72242.89442367463,3409.212725336884,72342.17804448842,65796.28927756126,6446.605146113325,pvalloc_29nbfs_LRG2_max_sCs2p6
5051,65850.48618886774,3814.1373509484874,66020.21280450937,61473.43020033395,4377.055988533772,pvalloc_29nbfs_LRG2_max_sCs2p6
5052,60338.666876956195,4447.951411042163,60633.870352490725,57426.040165637285,2912.6267113189033,pvalloc_29nbfs_LRG2_max_sCs2p6
5053,66926.7842639606,4710.724703637478,67214.58320128854,62173.60418124074,4753.1800827198795,pvalloc_29nbfs_LRG2_max_sCs2p6
5054,68052.61986368081,4590.49086488143,68327.3147812088,62861.12967813534,5191.4901855454455,pvalloc_29nbfs_LRG2_max_sCs2p6
5055,57561.58089990833,4863.258508752926,57974.569002401884,55200.11529646864,2361.465603439701,pvalloc_29nbfs_LRG2_max_sCs2p6
5056,51412.129183939614,4304.8893518948125,51772.17570869691,50224.128234704825,1188.000949234776,pvalloc_29nbfs_LRG2_max_sCs2p6
5057,34346.717274940165,3725.0331644070725,34835.679074775806,34303.25491965074,43.46235528943822,pvalloc_29nbfs_LRG2_max_sCs2p6
5058,12129.45536451208,3720.4825074536393,13406.288656639328,12129.45536451208,0.0,pvalloc_29nbfs_LRG2_max_sCs2p6
5059,6180.015850249076,4370.6900556994115,8407.975388541512,6180.015850249076,0.0,pvalloc_29nbfs_LRG2_max_sCs2p6
5060,213.09333067225748,7653.366608087942,7655.956764983669,213.09333067225748,0.0,pvalloc_29nbfs_LRG2_max_sCs2p6
5061,0.0,12442.644294585478,12442.644294585478,0.0,0.0,pvalloc_29nbfs_LRG2_max_sCs2p6
5062,0.0,12652.578225358759,12652.578225358759,0.0,0.0,pvalloc_29nbfs_LRG2_max_sCs2p6
5063,0.0,12878.862779430521,12878.862779430521,0.0,0.0,pvalloc_29nbfs_LRG2_max_sCs2p6
5064,0.0,12350.75565968853,12350.75565968853,0.0,0.0,pvalloc_29nbfs_LRG2_max_sCs2p6
5065,0.0,11097.685205202353,11097.685205202353,0.0,0.0,pvalloc_29nbfs_LRG2_max_sCs2p6
5066,0.0,9294.124150992036,9294.124150992036,0.0,0.0,pvalloc_29nbfs_LRG2_max_sCs2p6
5067,0.0,7868.8472553816255,7868.8472553816255,0.0,0.0,pvalloc_29nbfs_LRG2_max_sCs2p6
5068,0.0,6865.793803809358,6865.793803809358,0.0,0.0,pvalloc_29nbfs_LRG2_max_sCs2p6
5069,0.0,7046.117084101746,7046.117084101746,0.0,0.0,pvalloc_29nbfs_LRG2_max_sCs2p6
5070,117.92921844883631,4242.993719086265,4244.44068325683,117.92921844883631,0.0,pvalloc_29nbfs_LRG2_max_sCs2p6
5071,13182.149211012991,2495.368520028479,13790.653503615773,13182.149211012991,0.0,pvalloc_29nbfs_LRG2_max_sCs2p6
5072,30183.938019098077,2796.641011214852,30456.680734707134,30183.938019098077,0.0,pvalloc_29nbfs_LRG2_max_sCs2p6
5073,52410.43842455098,3196.017606933198,52566.93636459134,51124.43846087395,1285.999963677029,pvalloc_29nbfs_LRG2_max_sCs2p6
5074,69814.3807734467,3484.2931533394617,69947.28867617347,64160.15097366044,5654.229799786218,pvalloc_29nbfs_LRG2_max_sCs2p6
5075,80385.51460913116,3902.0020166108206,80529.93118305306,70546.7573333329,9838.757275798329,pvalloc_29nbfs_LRG2_max_sCs2p6
5076,70890.84392231496,4438.176984741596,71115.66593010488,64836.45340243241,6054.390519882444,pvalloc_29nbfs_LRG2_max_sCs2p6
5077,62711.24519154057,4864.053905759338,63061.61266815408,59163.62112997714,3547.6240615634397,pvalloc_29nbfs_LRG2_max_sCs2p6
5078,53278.11945376918,5048.408637082159,53812.00373680691,51721.003102515315,1557.1163512538562,pvalloc_29nbfs_LRG2_max_sCs2p6
5079,33087.68223153023,5064.521365824237,34069.63424007354,33059.58354021843,28.098691311794482,pvalloc_29nbfs_LRG2_max_sCs2p6
5080,36288.14065949518,4694.400793804748,37028.772680465474,36183.79654625857,104.344113236603,pvalloc_29nbfs_LRG2_max_sCs2p6
5081,28592.022450273504,4457.516447638192,29462.33246597136,28592.022450273504,0.0,pvalloc_29nbfs_LRG2_max_sCs2p6
5082,16325.44745689699,4413.541030597618,17741.5264083384,16325.44745689699,0.0,pvalloc_29nbfs_LRG2_max_sCs2p6
5083,8593.672916435009,4732.701422364866,10817.535606744972,8593.672916435009,0.0,pvalloc_29nbfs_LRG2_max_sCs2p6
5084,45.25469461603733,9038.89775086064,9039.17476089157,45.25469461603733,0.0,pvalloc_29nbfs_LRG2_max_sCs2p6
5085,0.0,14038.884071464148,14038.884071464148,0.0,0.0,pvalloc_29nbfs_LRG2_max_sCs2p6
5086,0.0,16707.678657408913,16707.678657408913,0.0,0.0,pvalloc_29nbfs_LRG2_max_sCs2p6
5087,0.0,14798.423471834054,14798.423471834054,0.0,0.0,pvalloc_29nbfs_LRG2_max_sCs2p6
5088,0.0,12920.992928294932,12920.992928294932,0.0,0.0,pvalloc_29nbfs_LRG2_max_sCs2p6
5089,0.0,9900.944565301277,9900.944565301277,0.0,0.0,pvalloc_29nbfs_LRG2_max_sCs2p6
5090,0.0,9389.785903685059,9389.785903685059,0.0,0.0,pvalloc_29nbfs_LRG2_max_sCs2p6
5091,0.0,7401.546438254426,7401.546438254426,0.0,0.0,pvalloc_29nbfs_LRG2_max_sCs2p6
5092,0.0,6692.067790682455,6692.067790682455,0.0,0.0,pvalloc_29nbfs_LRG2_max_sCs2p6
5093,0.0,6497.448685059626,6497.448685059626,0.0,0.0,pvalloc_29nbfs_LRG2_max_sCs2p6
5094,300.6158272827148,3841.2373128199,3845.148685257765,300.6158272827148,0.0,pvalloc_29nbfs_LRG2_max_sCs2p6
5095,14806.621391568524,2371.9672073280285,15274.069506481237,14806.621391568524,0.0,pvalloc_29nbfs_LRG2_max_sCs2p6
5096,34809.80463996636,2366.763103328188,34946.92781583718,34780.450961242605,29.353678723751386,pvalloc_29nbfs_LRG2_max_sCs2p6
5097,56899.23077430844,2793.915193535223,56993.63939805279,54846.05481217808,2053.1759621303677,pvalloc_29nbfs_LRG2_max_sCs2p6
5098,73791.7590274111,2917.9293892969904,73867.93182947286,66760.50366261516,7031.255364795972,pvalloc_29nbfs_LRG2_max_sCs2p6
5099,89275.20303142226,3507.762915087897,89376.00629194196,75295.70132986798,13979.501701554249,pvalloc_29nbfs_LRG2_max_sCs2p6
5100,75378.73776693747,4903.184136094813,75634.67363021949,67652.00402728506,7726.7337396523535,pvalloc_29nbfs_LRG2_max_sCs2p6
5101,66115.44028503879,5574.820640684662,66583.08250616257,61529.560301921956,4585.879983116812,pvalloc_29nbfs_LRG2_max_sCs2p6
5102,71200.09464444955,5661.4516298306,71663.00283115584,64862.27537957112,6337.819264878359,pvalloc_29nbfs_LRG2_max_sCs2p6
5103,64997.256794493376,5144.606580152403,65419.42094529774,60695.89604863867,4301.36074585471,pvalloc_29nbfs_LRG2_max_sCs2p6
5104,61189.57545765598,4940.800141696037,61619.563984287626,57899.89272281888,3289.682734837115,pvalloc_29nbfs_LRG2_max_sCs2p6
5105,25874.72613612465,4797.093825045843,26941.139599303893,25874.72613612465,0.0,pvalloc_29nbfs_LRG2_max_sCs2p6
5106,6548.777947498377,5128.106353141625,9135.256644420722,6548.777947498377,0.0,pvalloc_29nbfs_LRG2_max_sCs2p6
5107,1418.9116637931772,6931.736339939144,7053.765927573961,1418.9116637931772,0.0,pvalloc_29nbfs_LRG2_max_sCs2p6
5108,0.543496066037934,11343.664536125969,11343.664536125969,0.543496066037934,0.0,pvalloc_29nbfs_LRG2_max_sCs2p6
5109,0.0,13173.891725783154,13173.891725783154,0.0,0.0,pvalloc_29nbfs_LRG2_max_sCs2p6
5110,0.0,13106.449704799226,13106.449704799226,0.0,0.0,pvalloc_29nbfs_LRG2_max_sCs2p6
5111,0.0,12603.245316458497,12603.245316458497,0.0,0.0,pvalloc_29nbfs_LRG2_max_sCs2p6
5112,0.0,10413.182078012225,10413.182078012225,0.0,0.0,pvalloc_29nbfs_LRG2_max_sCs2p6
5113,0.0,8993.403916155024,8993.403916155024,0.0,0.0,pvalloc_29nbfs_LRG2_max_sCs2p6
5114,0.0,7817.172615127089,7817.172615127089,0.0,0.0,pvalloc_29nbfs_LRG2_max_sCs2p6
5115,0.0,7187.960258470543,7187.960258470543,0.0,0.0,pvalloc_29nbfs_LRG2_max_sCs2p6
5116,0.0,6597.782238100715,6597.782238100715,0.0,0.0,pvalloc_29nbfs_LRG2_max_sCs2p6
5117,0.0,6653.58216958441,6653.58216958441,0.0,0.0,pvalloc_29nbfs_LRG2_max_sCs2p6
5118,143.82642706044874,4119.25561274899,4120.940415867288,143.82642706044874,0.0,pvalloc_29nbfs_LRG2_max_sCs2p6
5119,10270.278540880145,2358.64057267138,10950.747734041499,10270.278540880145,0.0,pvalloc_29nbfs_LRG2_max_sCs2p6
5120,31159.323293683177,2382.419432495409,31328.56642181057,31159.323293683177,0.0,pvalloc_29nbfs_LRG2_max_sCs2p6
5121,54458.47355102636,2713.4538076608446,54555.44627572465,52872.311165936095,1586.1623850902645,pvalloc_29nbfs_LRG2_max_sCs2p6
5122,70451.91137402791,3179.50744990495,70548.43042087134,64648.78463484916,5803.126739178826,pvalloc_29nbfs_LRG2_max_sCs2p6
5123,88944.55224955767,3493.8226135735085,89028.82072258902,75208.87373011513,13735.678519442516,pvalloc_29nbfs_LRG2_max_sCs2p6
5124,88535.84763609609,4692.1814428354755,88701.25993549699,75041.7711513572,13494.076484738938,pvalloc_29nbfs_LRG2_max_sCs2p6
5125,88457.83952286089,5520.702274431948,88722.88840602015,74925.75125825762,13532.088264603257,pvalloc_29nbfs_LRG2_max_sCs2p6
5126,82186.49187827819,5401.233007151653,82478.25710477242,71512.62846884767,10673.863409430473,pvalloc_29nbfs_LRG2_max_sCs2p6
5127,77624.55817396368,5317.235711417741,77943.63263659352,68896.64367539716,8727.914498566499,pvalloc_29nbfs_LRG2_max_sCs2p6
5128,68752.18190665197,4485.5303230705085,69010.4445836148,63354.86044878857,5397.321457863457,pvalloc_29nbfs_LRG2_max_sCs2p6
5129,50419.7138685155,4326.8895075994105,50804.588096263244,49392.13100956777,1027.5828589477308,pvalloc_29nbfs_LRG2_max_sCs2p6
5130,30857.110084793283,4875.019241160007,31805.434864449777,30857.110084793283,0.0,pvalloc_29nbfs_LRG2_max_sCs2p6
5131,12203.586948666167,4978.914373982444,14329.206074463471,12203.586948666167,0.0,pvalloc_29nbfs_LRG2_max_sCs2p6
5132,1.3827873032004112,11936.244163266203,11936.244163266203,1.3827873032004112,0.0,pvalloc_29nbfs_LRG2_max_sCs2p6
5133,0.0,18228.216139042957,18228.216139042957,0.0,0.0,pvalloc_29nbfs_LRG2_max_sCs2p6
5134,0.0,18162.49636171034,18162.49636171034,0.0,0.0,pvalloc_29nbfs_LRG2_max_sCs2p6
5135,0.0,15581.301938822111,15581.301938822111,0.0,0.0,pvalloc_29nbfs_LRG2_max_sCs2p6
5136,0.0,13660.518661518498,13660.518661518498,0.0,0.0,pvalloc_29nbfs_LRG2_max_sCs2p6
5137,0.0,10358.480128423342,10358.480128423342,0.0,0.0,pvalloc_29nbfs_LRG2_max_sCs2p6
5138,0.0,8828.47113398323,8828.47113398323,0.0,0.0,pvalloc_29nbfs_LRG2_max_sCs2p6
5139,0.0,7213.798405873982,7213.798405873982,0.0,0.0,pvalloc_29nbfs_LRG2_max_sCs2p6
5140,0.0,6479.031429122139,6479.031429122139,0.0,0.0,pvalloc_29nbfs_LRG2_max_sCs2p6
5141,0.0,6403.16258096044,6403.16258096044,0.0,0.0,pvalloc_29nbfs_LRG2_max_sCs2p6
5142,125.66344563301638,4161.48769247146,4162.8677775968,125.66344563301638,0.0,pvalloc_29nbfs_LRG2_max_sCs2p6
5143,13309.761114020666,2354.9917716445907,13829.320485569031,13309.761114020666,0.0,pvalloc_29nbfs_LRG2_max_sCs2p6
5144,33121.09132675543,2663.1958133823514,33320.35132617843,33121.09132675543,0.0,pvalloc_29nbfs_LRG2_max_sCs2p6
5145,53987.53087476243,3207.8154749521796,54129.15428235397,52483.4379482398,1504.092926522641,pvalloc_29nbfs_LRG2_max_sCs2p6
5146,74381.02718613952,3328.109655557001,74477.97435392636,67152.53429084648,7228.492895293071,pvalloc_29nbfs_LRG2_max_sCs2p6
5147,87669.02669154036,4249.648808252041,87793.6401805974,74624.91166809901,13044.115023441382,pvalloc_29nbfs_LRG2_max_sCs2p6
5148,83284.75447383864,5795.195785870495,83651.37572860191,72377.85911307474,10906.895360763907,pvalloc_29nbfs_LRG2_max_sCs2p6
5149,88105.72640938101,5321.779168708542,88346.45978056134,74830.87322466302,13274.85318471796,pvalloc_29nbfs_LRG2_max_sCs2p6
5150,87709.78169743925,4495.761960089767,87901.40556159895,74424.46021502379,13285.321482415506,pvalloc_29nbfs_LRG2_max_sCs2p6
5151,75879.01839933849,5025.220253122533,76150.1436460141,67939.12085846937,7939.897540869162,pvalloc_29nbfs_LRG2_max_sCs2p6
5152,63216.50683348912,4265.46566896323,63461.7772403984,59541.470109298505,3675.036724190604,pvalloc_29nbfs_LRG2_max_sCs2p6
5153,45939.10125284963,3930.2775352965973,46266.45876174011,45503.40803559514,435.693217254505,pvalloc_29nbfs_LRG2_max_sCs2p6
5154,30686.591918039405,3930.907905293167,31274.964757907514,30686.591918039405,0.0,pvalloc_29nbfs_LRG2_max_sCs2p6
5155,10172.684766124561,5607.909267871569,12946.765372744616,10172.684766124561,0.0,pvalloc_29nbfs_LRG2_max_sCs2p6
5156,1.009819615892683,13203.185461782874,13203.185461782874,1.009819615892683,0.0,pvalloc_29nbfs_LRG2_max_sCs2p6
5157,0.0,16656.158247084175,16656.158247084175,0.0,0.0,pvalloc_29nbfs_LRG2_max_sCs2p6
5158,0.0,16956.66673318879,16956.66673318879,0.0,0.0,pvalloc_29nbfs_LRG2_max_sCs2p6
5159,0.0,13878.197386105796,13878.197386105796,0.0,0.0,pvalloc_29nbfs_LRG2_max_sCs2p6
5160,0.0,13359.709264488023,13359.709264488023,0.0,0.0,pvalloc_29nbfs_LRG2_max_sCs2p6
5161,0.0,9823.421723926978,9823.421723926978,0.0,0.0,pvalloc_29nbfs_LRG2_max_sCs2p6
5162,0.0,8004.918441437758,8004.918441437758,0.0,0.0,pvalloc_29nbfs_LRG2_max_sCs2p6
5163,0.0,7279.771629046193,7279.771629046193,0.0,0.0,pvalloc_29nbfs_LRG2_max_sCs2p6
5164,0.0,6702.512682378078,6702.512682378078,0.0,0.0,pvalloc_29nbfs_LRG2_max_sCs2p6
5165,0.0,6398.7645866892735,6398.7645866892735,0.0,0.0,pvalloc_29nbfs_LRG2_max_sCs2p6
5166,103.10809283137215,4348.571775048317,4349.672439120571,103.10809283137215,0.0,pvalloc_29nbfs_LRG2_max_sCs2p6
5167,12664.523866998792,2548.2534899816487,13329.94795354444,12664.523866998792,0.0,pvalloc_29nbfs_LRG2_max_sCs2p6
5168,33069.20259384818,2920.528808429738,33324.4811651414,33069.20259384818,0.0,pvalloc_29nbfs_LRG2_max_sCs2p6
5169,54922.04583052724,3160.622421326607,55054.14591479535,53248.485319455845,1673.5605110713966,pvalloc_29nbfs_LRG2_max_sCs2p6
5170,74950.77028533923,3061.327049074652,75034.99942472889,67472.42348640751,7478.346798931803,pvalloc_29nbfs_LRG2_max_sCs2p6
5171,89761.52495692723,3765.1941295150464,89861.34130539633,75626.12701079965,14135.39794612756,pvalloc_29nbfs_LRG2_max_sCs2p6
5172,84044.63432725337,4277.752687985267,84203.99111985436,72615.88123063196,11428.75309662144,pvalloc_29nbfs_LRG2_max_sCs2p6
5173,78329.4610205121,4586.16417402477,78544.42718732274,69382.38288481992,8947.078135692223,pvalloc_29nbfs_LRG2_max_sCs2p6
5174,88623.7210548004,4540.778246455698,88811.99772622118,74914.84773501208,13708.873319788328,pvalloc_29nbfs_LRG2_max_sCs2p6
5175,76371.85506609155,4722.1012430165565,76618.92764652148,68191.31336056975,8180.541705521815,pvalloc_29nbfs_LRG2_max_sCs2p6
5176,61171.453485642945,4537.159612930451,61476.73127851346,57989.458892765244,3181.9945928777083,pvalloc_29nbfs_LRG2_max_sCs2p6
5177,41843.717634700755,4211.179383601871,42318.90337412654,41630.9054901144,212.81214458635202,pvalloc_29nbfs_LRG2_max_sCs2p6
5178,22928.704325915798,4132.471516351554,23849.320042532006,22928.704325915798,0.0,pvalloc_29nbfs_LRG2_max_sCs2p6
5179,9385.667053010306,4312.003124135455,11203.496407144408,9385.667053010306,0.0,pvalloc_29nbfs_LRG2_max_sCs2p6
5180,20.1792434135467,9583.587366182415,9583.744327573839,20.1792434135467,0.0,pvalloc_29nbfs_LRG2_max_sCs2p6
5181,0.0,17958.547144614713,17958.547144614713,0.0,0.0,pvalloc_29nbfs_LRG2_max_sCs2p6
5182,0.0,15508.105894089556,15508.105894089556,0.0,0.0,pvalloc_29nbfs_LRG2_max_sCs2p6
5183,0.0,14273.897403473247,14273.897403473247,0.0,0.0,pvalloc_29nbfs_LRG2_max_sCs2p6
5184,0.0,13200.33224655577,13200.33224655577,0.0,0.0,pvalloc_29nbfs_LRG2_max_sCs2p6
5185,0.0,9638.325646422076,9638.325646422076,0.0,0.0,pvalloc_29nbfs_LRG2_max_sCs2p6
5186,0.0,8321.584507793394,8321.584507793394,0.0,0.0,pvalloc_29nbfs_LRG2_max_sCs2p6
5187,0.0,7169.817360127394,7169.817360127394,0.0,0.0,pvalloc_29nbfs_LRG2_max_sCs2p6
5188,0.0,7079.928698781937,7079.928698781937,0.0,0.0,pvalloc_29nbfs_LRG2_max_sCs2p6
5189,0.0,6529.334832922408,6529.334832922408,0.0,0.0,pvalloc_29nbfs_LRG2_max_sCs2p6
5190,43.8124357461163,4767.941602639928,4768.437984835692,43.8124357461163,0.0,pvalloc_29nbfs_LRG2_max_sCs2p6
5191,10379.194595518746,2502.2926076748745,11129.571933284094,10379.194595518746,0.0,pvalloc_29nbfs_LRG2_max_sCs2p6
5192,27614.530486963948,2857.1578192301267,27936.618254148936,27614.530486963948,0.0,pvalloc_29nbfs_LRG2_max_sCs2p6
5193,49198.389242115285,3114.978192545538,49353.31124256934,48462.35640007441,736.0328420408749,pvalloc_29nbfs_LRG2_max_sCs2p6
5194,62325.33426155289,3395.8260796004583,62459.45010684109,58969.27645131546,3356.057810237418,pvalloc_29nbfs_LRG2_max_sCs2p6
5195,70883.0207749892,4074.5881747982185,71051.65768507512,64941.71699057298,5941.303784416189,pvalloc_29nbfs_LRG2_max_sCs2p6
5196,68356.28506157904,5045.847992509145,68693.33221472974,63288.7382502123,5067.546811366611,pvalloc_29nbfs_LRG2_max_sCs2p6
5197,72587.50744951623,4919.528196780309,72862.76052710832,65923.7756039351,6663.731845581218,pvalloc_29nbfs_LRG2_max_sCs2p6
5198,71337.58338058478,5431.2786348890295,71708.69138201793,65111.18014948592,6226.403231098879,pvalloc_29nbfs_LRG2_max_sCs2p6
5199,70446.49530175985,4903.507069325726,70745.56510123999,64496.70501014824,5949.790291611545,pvalloc_29nbfs_LRG2_max_sCs2p6
5200,42358.140878867016,3815.193937291911,42729.015355477335,42125.0440169743,233.09686189271918,pvalloc_29nbfs_LRG2_max_sCs2p6
5201,27218.18899176811,3805.1139282990066,27865.36530619812,27218.18899176811,0.0,pvalloc_29nbfs_LRG2_max_sCs2p6
5202,13100.902273893927,4327.545822738092,14762.443903484265,13100.902273893927,0.0,pvalloc_29nbfs_LRG2_max_sCs2p6
5203,8221.92966746847,4805.988715378357,10540.825793832993,8221.92966746847,0.0,pvalloc_29nbfs_LRG2_max_sCs2p6
5204,0.0,15090.458865732795,15090.458865732795,0.0,0.0,pvalloc_29nbfs_LRG2_max_sCs2p6
5205,0.0,15791.348827533153,15791.348827533153,0.0,0.0,pvalloc_29nbfs_LRG2_max_sCs2p6
5206,0.0,15247.755727980577,15247.755727980577,0.0,0.0,pvalloc_29nbfs_LRG2_max_sCs2p6
5207,0.0,15008.22525066832,15008.22525066832,0.0,0.0,pvalloc_29nbfs_LRG2_max_sCs2p6
5208,0.0,12069.433844123945,12069.433844123945,0.0,0.0,pvalloc_29nbfs_LRG2_max_sCs2p6
5209,0.0,11145.876780548275,11145.876780548275,0.0,0.0,pvalloc_29nbfs_LRG2_max_sCs2p6
5210,0.0,8940.899584908115,8940.899584908115,0.0,0.0,pvalloc_29nbfs_LRG2_max_sCs2p6
5211,0.0,7874.895807358424,7874.895807358424,0.0,0.0,pvalloc_29nbfs_LRG2_max_sCs2p6
5212,0.0,7043.644556647981,7043.644556647981,0.0,0.0,pvalloc_29nbfs_LRG2_max_sCs2p6
5213,0.0,7125.558647681809,7125.558647681809,0.0,0.0,pvalloc_29nbfs_LRG2_max_sCs2p6
5214,3.629697965774257,5733.897019942402,5733.968703238215,3.629697965774257,0.0,pvalloc_29nbfs_LRG2_max_sCs2p6
5215,1654.7548077151678,3023.679908454055,3676.3058353320935,1654.7548077151678,0.0,pvalloc_29nbfs_LRG2_max_sCs2p6
5216,6112.5210536228215,2945.056765910004,7459.741595409649,6112.5210536228215,0.0,pvalloc_29nbfs_LRG2_max_sCs2p6
5217,12206.666485976122,3187.9025195092736,13276.387533519312,12206.666485976122,0.0,pvalloc_29nbfs_LRG2_max_sCs2p6
5218,23895.99329191745,3307.5856181587937,24456.12857477975,23895.99329191745,0.0,pvalloc_29nbfs_LRG2_max_sCs2p6
5219,28434.75993803248,3946.190019945224,29103.17336557824,28434.75993803248,0.0,pvalloc_29nbfs_LRG2_max_sCs2p6
5220,21056.957645622355,5083.09579782091,22721.34710128602,21056.957645622355,0.0,pvalloc_29nbfs_LRG2_max_sCs2p6
5221,45702.03989745502,4532.499320574464,46208.90472027164,45247.888675376,454.1512220790102,pvalloc_29nbfs_LRG2_max_sCs2p6
5222,60422.007860212594,4698.888206071401,60776.59689023342,57384.82294028038,3037.184919932216,pvalloc_29nbfs_LRG2_max_sCs2p6
5223,47449.10885207003,4724.810590927039,47968.04967592004,46834.49989136118,614.6089607088546,pvalloc_29nbfs_LRG2_max_sCs2p6
5224,47806.39905809528,4121.418498964119,48173.100282216685,47168.13813738836,638.2609207069252,pvalloc_29nbfs_LRG2_max_sCs2p6
5225,35804.4161068043,4199.728915071175,36379.88152517275,35736.11171600148,68.30439080282633,pvalloc_29nbfs_LRG2_max_sCs2p6
5226,24959.7047701206,4094.529515070699,25779.811713135303,24959.7047701206,0.0,pvalloc_29nbfs_LRG2_max_sCs2p6
5227,10272.070681080691,4773.423720482221,12374.777325140025,10272.070681080691,0.0,pvalloc_29nbfs_LRG2_max_sCs2p6
5228,0.25697527431620354,12343.166389488817,12343.166389488817,0.25697527431620354,0.0,pvalloc_29nbfs_LRG2_max_sCs2p6
5229,0.0,17463.78761121696,17463.78761121696,0.0,0.0,pvalloc_29nbfs_LRG2_max_sCs2p6
5230,0.0,16776.24576513662,16776.24576513662,0.0,0.0,pvalloc_29nbfs_LRG2_max_sCs2p6
5231,0.0,13863.094861205218,13863.094861205218,0.0,0.0,pvalloc_29nbfs_LRG2_max_sCs2p6
5232,0.0,12379.083196074876,12379.083196074876,0.0,0.0,pvalloc_29nbfs_LRG2_max_sCs2p6
5233,0.0,10840.796451126307,10840.796451126307,0.0,0.0,pvalloc_29nbfs_LRG2_max_sCs2p6
5234,0.0,8839.193140860432,8839.193140860432,0.0,0.0,pvalloc_29nbfs_LRG2_max_sCs2p6
5235,0.0,7691.549078353807,7691.549078353807,0.0,0.0,pvalloc_29nbfs_LRG2_max_sCs2p6
5236,0.0,6881.188714069509,6881.188714069509,0.0,0.0,pvalloc_29nbfs_LRG2_max_sCs2p6
5237,0.0,7020.828203404438,7020.828203404438,0.0,0.0,pvalloc_29nbfs_LRG2_max_sCs2p6
5238,66.55260672377544,4740.635678817155,4741.320041634355,66.55260672377544,0.0,pvalloc_29nbfs_LRG2_max_sCs2p6
5239,11463.575713784578,2608.609154779269,12194.956481571082,11463.575713784578,0.0,pvalloc_29nbfs_LRG2_max_sCs2p6
5240,24409.526797419738,2926.970453209943,24814.33699959498,24409.526797419738,0.0,pvalloc_29nbfs_LRG2_max_sCs2p6
5241,48308.678421116674,3153.174992472337,48474.086144209396,47677.303637811725,631.3747833049417,pvalloc_29nbfs_LRG2_max_sCs2p6
5242,62267.01755428324,3597.647989274334,62420.040845547555,58924.22605170315,3342.791502580069,pvalloc_29nbfs_LRG2_max_sCs2p6
5243,68822.87082230704,3909.741766965568,68989.17150928806,63528.305633923934,5294.565188383079,pvalloc_29nbfs_LRG2_max_sCs2p6
5244,56485.3318733788,4417.981603696379,56802.031963311725,54428.935168954486,2056.396704424317,pvalloc_29nbfs_LRG2_max_sCs2p6
5245,54916.323241323866,4932.525629210635,55366.09574504301,53139.87219492155,1776.4510464023097,pvalloc_29nbfs_LRG2_max_sCs2p6
5246,51255.48108721067,4986.688517202357,51803.66074221715,50051.00420611868,1204.4768810919884,pvalloc_29nbfs_LRG2_max_sCs2p6
5247,50999.45835414554,4681.21562390617,51474.89020267062,49849.88196350536,1149.5763906401728,pvalloc_29nbfs_LRG2_max_sCs2p6
5248,43374.804812971925,4129.467112536255,43831.704846468834,43077.645497265024,297.1593157069045,pvalloc_29nbfs_LRG2_max_sCs2p6
5249,35406.62189487023,4003.8595539180724,35941.77271828666,35345.100158238674,61.52173663155446,pvalloc_29nbfs_LRG2_max_sCs2p6
5250,18127.694876239373,4538.688400307163,19494.62747152798,18127.694876239373,0.0,pvalloc_29nbfs_LRG2_max_sCs2p6
5251,8335.531461990857,5133.210473240941,10855.60270469742,8335.531461990857,0.0,pvalloc_29nbfs_LRG2_max_sCs2p6
5252,0.0,18999.79841963443,18999.79841963443,0.0,0.0,pvalloc_29nbfs_LRG2_max_sCs2p6
5253,0.0,19290.580116971654,19290.580116971654,0.0,0.0,pvalloc_29nbfs_LRG2_max_sCs2p6
5254,0.0,16835.26838147422,16835.26838147422,0.0,0.0,pvalloc_29nbfs_LRG2_max_sCs2p6
5255,0.0,14924.78827852718,14924.78827852718,0.0,0.0,pvalloc_29nbfs_LRG2_max_sCs2p6
5256,0.0,13381.168060104112,13381.168060104112,0.0,0.0,pvalloc_29nbfs_LRG2_max_sCs2p6
5257,0.0,10539.960012448035,10539.960012448035,0.0,0.0,pvalloc_29nbfs_LRG2_max_sCs2p6
5258,0.0,8429.066249258418,8429.066249258418,0.0,0.0,pvalloc_29nbfs_LRG2_max_sCs2p6
5259,0.0,7662.686930720702,7662.686930720702,0.0,0.0,pvalloc_29nbfs_LRG2_max_sCs2p6
5260,0.0,6987.56971605249,6987.56971605249,0.0,0.0,pvalloc_29nbfs_LRG2_max_sCs2p6
5261,0.0,6946.060646242224,6946.060646242224,0.0,0.0,pvalloc_29nbfs_LRG2_max_sCs2p6
5262,58.80541149801493,4987.214344560899,4987.837413488044,58.80541149801493,0.0,pvalloc_29nbfs_LRG2_max_sCs2p6
5263,12692.326013782551,2562.9988724562163,13331.196374277897,12692.326013782551,0.0,pvalloc_29nbfs_LRG2_max_sCs2p6
5264,33511.29022748864,2856.088072733212,33747.20811355128,33507.32390854377,3.9663189448643834,pvalloc_29nbfs_LRG2_max_sCs2p6
5265,56207.686447299624,2947.1830206762193,56320.20009400835,54285.66136558741,1922.0250817122196,pvalloc_29nbfs_LRG2_max_sCs2p6
5266,75237.44497502719,3724.4314294147343,75354.1660289716,67688.28342428777,7549.1615507393835,pvalloc_29nbfs_LRG2_max_sCs2p6
5267,88841.79818828375,4800.249677078445,89011.96855837508,75246.00337832415,13595.794809959583,pvalloc_29nbfs_LRG2_max_sCs2p6
5268,86135.22867485016,5848.259500636707,86469.74604565307,73827.53175988306,12307.696914967028,pvalloc_29nbfs_LRG2_max_sCs2p6
5269,91032.67118666887,5814.74325500374,91322.36636771524,76246.96728157246,14785.703905096423,pvalloc_29nbfs_LRG2_max_sCs2p6
5270,91517.62756006372,5228.56326227372,91787.05117909222,76224.75097510585,15292.876584957852,pvalloc_29nbfs_LRG2_max_sCs2p6
5271,83059.86329455179,5020.183583893827,83321.75736299374,71937.40406032179,11122.45923423002,pvalloc_29nbfs_LRG2_max_sCs2p6
5272,69201.69758973786,4778.521411766139,69489.49458284942,63670.397140227535,5531.30044951026,pvalloc_29nbfs_LRG2_max_sCs2p6
5273,52132.66205074752,4342.842772106798,52507.98187647894,50818.58256652759,1314.0794842199332,pvalloc_29nbfs_LRG2_max_sCs2p6
5274,31267.950000740188,4443.180237552748,32032.303938975132,31267.950000740188,0.0,pvalloc_29nbfs_LRG2_max_sCs2p6
5275,12676.813374421821,4708.64925311291,14450.214751407006,12676.813374421821,0.0,pvalloc_29nbfs_LRG2_max_sCs2p6
5276,0.001144878417680309,16107.643579053738,16107.643579053738,0.001144878417680309,0.0,pvalloc_29nbfs_LRG2_max_sCs2p6
5277,0.0,16661.540035875223,16661.540035875223,0.0,0.0,pvalloc_29nbfs_LRG2_max_sCs2p6
5278,0.0,16071.87963882066,16071.87963882066,0.0,0.0,pvalloc_29nbfs_LRG2_max_sCs2p6
5279,0.0,16513.61501158644,16513.61501158644,0.0,0.0,pvalloc_29nbfs_LRG2_max_sCs2p6
5280,0.0,14223.402737580196,14223.402737580196,0.0,0.0,pvalloc_29nbfs_LRG2_max_sCs2p6
5281,0.0,10189.901163932847,10189.901163932847,0.0,0.0,pvalloc_29nbfs_LRG2_max_sCs2p6
5282,0.0,9219.908618123189,9219.908618123189,0.0,0.0,pvalloc_29nbfs_LRG2_max_sCs2p6
5283,0.0,8077.212368111324,8077.212368111324,0.0,0.0,pvalloc_29nbfs_LRG2_max_sCs2p6
5284,0.0,7416.388772703773,7416.388772703773,0.0,0.0,pvalloc_29nbfs_LRG2_max_sCs2p6
5285,0.0,7104.393955178768,7104.393955178768,0.0,0.0,pvalloc_29nbfs_LRG2_max_sCs2p6
5286,19.623157625581662,5505.154508945882,5505.417037680517,19.623157625581662,0.0,pvalloc_29nbfs_LRG2_max_sCs2p6
5287,11801.612288939092,2604.4502138281528,12508.513399034375,11801.612288939092,0.0,pvalloc_29nbfs_LRG2_max_sCs2p6
5288,33677.74343710266,2762.7785985429687,33893.475089260166,33671.44459303268,6.298844069984511,pvalloc_29nbfs_LRG2_max_sCs2p6
5289,55894.74211627916,2764.9641888835204,55995.69461826631,54032.28547541836,1862.4566408607975,pvalloc_29nbfs_LRG2_max_sCs2p6
5290,74194.8563562496,3621.4394213068563,74304.7843924625,67061.37771356203,7133.478642687519,pvalloc_29nbfs_LRG2_max_sCs2p6
5291,90230.01450105064,4049.8523066050425,90352.35309367816,75847.74332137826,14382.271179672329,pvalloc_29nbfs_LRG2_max_sCs2p6
5292,85628.1705559647,5619.107363155846,85929.59637312806,73563.762465582,12064.408090382662,pvalloc_29nbfs_LRG2_max_sCs2p6
5293,91381.68779540028,5532.834418947364,91641.51898537639,76311.00897788175,15070.67881751857,pvalloc_29nbfs_LRG2_max_sCs2p6
5294,86760.39425837653,6652.631834794937,87216.13107704645,73917.03049073476,12843.363767641711,pvalloc_29nbfs_LRG2_max_sCs2p6
5295,80019.70694616127,6058.469321227352,80441.59137919433,70234.63413766267,9785.072808498619,pvalloc_29nbfs_LRG2_max_sCs2p6
5296,65454.488582820304,6116.475196625431,66042.65758385122,61113.40220152742,4341.0863812928765,pvalloc_29nbfs_LRG2_max_sCs2p6
5297,49703.905859578605,5439.266132309939,50395.62435486182,48733.34224714386,970.5636124347409,pvalloc_29nbfs_LRG2_max_sCs2p6
5298,29313.89675536411,5433.052548108695,30518.630021880417,29313.89675536411,0.0,pvalloc_29nbfs_LRG2_max_sCs2p6
5299,8810.640705629126,6467.980080150779,12181.643649050258,8810.640705629126,0.0,pvalloc_29nbfs_LRG2_max_sCs2p6
5300,0.006800150706788702,16914.63979161917,16914.63979161917,0.006800150706788702,0.0,pvalloc_29nbfs_LRG2_max_sCs2p6
5301,0.0,19664.8737674663,19664.8737674663,0.0,0.0,pvalloc_29nbfs_LRG2_max_sCs2p6
5302,0.0,21717.297616531436,21717.297616531436,0.0,0.0,pvalloc_29nbfs_LRG2_max_sCs2p6
5303,0.0,17214.825474050005,17214.825474050005,0.0,0.0,pvalloc_29nbfs_LRG2_max_sCs2p6
5304,0.0,12578.207549128692,12578.207549128692,0.0,0.0,pvalloc_29nbfs_LRG2_max_sCs2p6
5305,0.0,10294.109997870488,10294.109997870488,0.0,0.0,pvalloc_29nbfs_LRG2_max_sCs2p6
5306,0.0,8325.709247505114,8325.709247505114,0.0,0.0,pvalloc_29nbfs_LRG2_max_sCs2p6
5307,0.0,7293.515981600716,7293.515981600716,0.0,0.0,pvalloc_29nbfs_LRG2_max_sCs2p6
5308,0.0,6735.774478834689,6735.774478834689,0.0,0.0,pvalloc_29nbfs_LRG2_max_sCs2p6
5309,0.0,6710.483943585053,6710.483943585053,0.0,0.0,pvalloc_29nbfs_LRG2_max_sCs2p6
5310,30.319844614213462,4984.648878905129,4985.034004345803,30.319844614213462,0.0,pvalloc_29nbfs_LRG2_max_sCs2p6
5311,11753.7678644031,2510.5610360402397,12421.409985545512,11753.7678644031,0.0,pvalloc_29nbfs_LRG2_max_sCs2p6
5312,32874.91303696754,2874.3430129922326,33123.54468567162,32874.91303696754,0.0,pvalloc_29nbfs_LRG2_max_sCs2p6
5313,54824.19343823161,3219.796770203031,54964.69169725265,53159.09733889439,1665.0960993372241,pvalloc_29nbfs_LRG2_max_sCs2p6
5314,74969.63307766998,3688.7287518120515,75095.5021183506,67491.22790562271,7478.405172047314,pvalloc_29nbfs_LRG2_max_sCs2p6
5315,91205.33153734897,3849.7416224921053,91317.80510550678,76303.38395415415,14901.947583194782,pvalloc_29nbfs_LRG2_max_sCs2p6
5316,85249.38983617576,5913.174864216828,85599.55591313161,73346.35522165276,11903.034614523032,pvalloc_29nbfs_LRG2_max_sCs2p6
5317,90974.28105162505,5415.217050768421,91214.03503145618,76188.50484389848,14785.776207726525,pvalloc_29nbfs_LRG2_max_sCs2p6
5318,88578.11362584183,5553.044347199554,88849.92201321195,74913.89894961416,13664.214676227706,pvalloc_29nbfs_LRG2_max_sCs2p6
5319,82032.24801798387,4917.02874436368,82265.75507989828,71439.00604630684,10593.24197167703,pvalloc_29nbfs_LRG2_max_sCs2p6
5320,67949.59596587929,4825.656228071658,68247.71663179302,62840.117984484736,5109.477981394551,pvalloc_29nbfs_LRG2_max_sCs2p6
5321,50065.720694566495,4697.473178746096,50522.93245164527,49105.681478450046,960.0392161164395,pvalloc_29nbfs_LRG2_max_sCs2p6
5322,31973.780896404016,3954.858060981134,32568.186464915743,31973.780896404016,0.0,pvalloc_29nbfs_LRG2_max_sCs2p6
5323,10838.924159089072,4741.863666979198,12906.020230047132,10838.924159089072,0.0,pvalloc_29nbfs_LRG2_max_sCs2p6
5324,0.6296736824021674,11780.038490882895,11780.038490882895,0.6296736824021674,0.0,pvalloc_29nbfs_LRG2_max_sCs2p6
5325,0.0,17798.4514230697,17798.4514230697,0.0,0.0,pvalloc_29nbfs_LRG2_max_sCs2p6
5326,0.0,19605.334016129702,19605.334016129702,0.0,0.0,pvalloc_29nbfs_LRG2_max_sCs2p6
5327,0.0,17993.3392447101,17993.3392447101,0.0,0.0,pvalloc_29nbfs_LRG2_max_sCs2p6
5328,0.0,14499.905393880885,14499.905393880885,0.0,0.0,pvalloc_29nbfs_LRG2_max_sCs2p6
5329,0.0,10706.798579119697,10706.798579119697,0.0,0.0,pvalloc_29nbfs_LRG2_max_sCs2p6
5330,0.0,8691.305275136961,8691.305275136961,0.0,0.0,pvalloc_29nbfs_LRG2_max_sCs2p6
5331,0.0,7299.838339654398,7299.838339654398,0.0,0.0,pvalloc_29nbfs_LRG2_max_sCs2p6
5332,0.0,6942.4868277889755,6942.4868277889755,0.0,0.0,pvalloc_29nbfs_LRG2_max_sCs2p6
5333,0.0,6828.134013081582,6828.134013081582,0.0,0.0,pvalloc_29nbfs_LRG2_max_sCs2p6
5334,10.253683464613005,5417.589262870076,5417.724853450477,10.253683464613005,0.0,pvalloc_29nbfs_LRG2_max_sCs2p6
5335,10507.487913148967,2805.8323470408545,11440.704248659791,10507.487913148967,0.0,pvalloc_29nbfs_LRG2_max_sCs2p6
5336,31593.651787541778,3234.4559334926375,31948.651316313353,31593.651787541778,0.0,pvalloc_29nbfs_LRG2_max_sCs2p6
5337,53935.20481852677,3412.6619645954197,54103.73163800216,52421.29689865985,1513.9079198669324,pvalloc_29nbfs_LRG2_max_sCs2p6
5338,73885.6683545208,3725.570114466064,74012.9479603648,66841.12597383467,7044.542380686102,pvalloc_29nbfs_LRG2_max_sCs2p6
5339,89061.40587092031,4023.097280734998,89178.65930198104,75284.24768277878,13777.158188141515,pvalloc_29nbfs_LRG2_max_sCs2p6
5340,84375.79246471275,5740.348800628144,84724.2517919209,72971.82183696986,11403.970627742949,pvalloc_29nbfs_LRG2_max_sCs2p6
5341,88674.34769591184,5708.708569893001,88965.07702233171,75105.2427484144,13569.104947497442,pvalloc_29nbfs_LRG2_max_sCs2p6
5342,85486.41468778743,6552.657686861692,85944.04620927939,73440.51080600903,12045.903881778391,pvalloc_29nbfs_LRG2_max_sCs2p6
5343,80364.83695397193,5459.185744097333,80674.86621836723,70494.90210788642,9869.934846085513,pvalloc_29nbfs_LRG2_max_sCs2p6
5344,68395.7329723813,4524.343953604582,68653.59001111674,63132.01371125724,5263.7192611242,pvalloc_29nbfs_LRG2_max_sCs2p6
5345,48973.60812990823,4481.4677098141365,49396.02276687539,48184.87055108974,788.7375788184947,pvalloc_29nbfs_LRG2_max_sCs2p6
5346,29296.13466691394,4464.135862941789,30123.408750265742,29296.13466691394,0.0,pvalloc_29nbfs_LRG2_max_sCs2p6
5347,7445.031988873959,6364.952773204637,10947.41045471486,7445.031988873959,0.0,pvalloc_29nbfs_LRG2_max_sCs2p6
5348,0.0,15989.321285393664,15989.321285393664,0.0,0.0,pvalloc_29nbfs_LRG2_max_sCs2p6
5349,0.0,16826.71504393423,16826.71504393423,0.0,0.0,pvalloc_29nbfs_LRG2_max_sCs2p6
5350,0.0,17455.218388780388,17455.218388780388,0.0,0.0,pvalloc_29nbfs_LRG2_max_sCs2p6
5351,0.0,17312.601875985758,17312.601875985758,0.0,0.0,pvalloc_29nbfs_LRG2_max_sCs2p6
5352,0.0,14414.143741518079,14414.143741518079,0.0,0.0,pvalloc_29nbfs_LRG2_max_sCs2p6
5353,0.0,9954.172012300509,9954.172012300509,0.0,0.0,pvalloc_29nbfs_LRG2_max_sCs2p6
5354,0.0,8448.308232531268,8448.308232531268,0.0,0.0,pvalloc_29nbfs_LRG2_max_sCs2p6
5355,0.0,7461.470557932399,7461.470557932399,0.0,0.0,pvalloc_29nbfs_LRG2_max_sCs2p6
5356,0.0,6904.553782501744,6904.553782501744,0.0,0.0,pvalloc_29nbfs_LRG2_max_sCs2p6
5357,0.0,6785.528064411384,6785.528064411384,0.0,0.0,pvalloc_29nbfs_LRG2_max_sCs2p6
5358,16.204138340151882,5397.852055029283,5398.082018905441,16.204138340151882,0.0,pvalloc_29nbfs_LRG2_max_sCs2p6
5359,10624.370913537317,2700.33534340725,11466.819154006627,10624.370913537317,0.0,pvalloc_29nbfs_LRG2_max_sCs2p6
5360,31820.722667649163,3036.5769554672997,32121.220471776003,31820.722667649163,0.0,pvalloc_29nbfs_LRG2_max_sCs2p6
5361,51636.73963622459,4021.674648344077,51940.748459753675,50514.33949819208,1122.400138032511,pvalloc_29nbfs_LRG2_max_sCs2p6
5362,72723.67369959845,4119.578883405949,72887.6278181608,66140.93155311685,6582.742146481649,pvalloc_29nbfs_LRG2_max_sCs2p6
5363,86948.80779857538,4994.825521559484,87157.3722152679,74320.1476598006,12628.660138774772,pvalloc_29nbfs_LRG2_max_sCs2p6
5364,84903.90964981103,5829.791991228156,85264.90288196158,73255.61064437094,11648.299005440138,pvalloc_29nbfs_LRG2_max_sCs2p6
5365,87857.8567082796,6394.180056501901,88291.59462368058,74775.00505225296,13082.851656026673,pvalloc_29nbfs_LRG2_max_sCs2p6
5366,90089.63469321652,5273.566967305251,90327.58636200175,75679.68023017608,14409.954463040449,pvalloc_29nbfs_LRG2_max_sCs2p6
5367,81546.44125356739,4898.519291435612,81773.15911300416,71198.804434534,10347.63681903337,pvalloc_29nbfs_LRG2_max_sCs2p6
5368,67796.72654195184,4601.349443562709,68053.34209442502,62802.72213639781,4994.004405554042,pvalloc_29nbfs_LRG2_max_sCs2p6
5369,48936.9602970038,4696.804259575566,49400.03489717105,48177.42284199394,759.5374550098702,pvalloc_29nbfs_LRG2_max_sCs2p6
5370,28014.273455342314,4838.907913177053,29081.195718117564,28014.273455342314,0.0,pvalloc_29nbfs_LRG2_max_sCs2p6
5371,9368.776875827913,5175.423389427085,11829.172696899908,9368.776875827913,0.0,pvalloc_29nbfs_LRG2_max_sCs2p6
5372,0.0,16855.440965747952,16855.440965747952,0.0,0.0,pvalloc_29nbfs_LRG2_max_sCs2p6
5373,0.0,17345.89249504484,17345.89249504484,0.0,0.0,pvalloc_29nbfs_LRG2_max_sCs2p6
5374,0.0,16579.52219038973,16579.52219038973,0.0,0.0,pvalloc_29nbfs_LRG2_max_sCs2p6
5375,0.0,15251.446364993697,15251.446364993697,0.0,0.0,pvalloc_29nbfs_LRG2_max_sCs2p6
5376,0.0,13188.262672566276,13188.262672566276,0.0,0.0,pvalloc_29nbfs_LRG2_max_sCs2p6
5377,0.0,11323.925666493667,11323.925666493667,0.0,0.0,pvalloc_29nbfs_LRG2_max_sCs2p6
5378,0.0,9734.491596408214,9734.491596408214,0.0,0.0,pvalloc_29nbfs_LRG2_max_sCs2p6
5379,0.0,8493.11069650855,8493.11069650855,0.0,0.0,pvalloc_29nbfs_LRG2_max_sCs2p6
5380,0.0,7434.255107382792,7434.255107382792,0.0,0.0,pvalloc_29nbfs_LRG2_max_sCs2p6
5381,0.0,7087.350693282779,7087.350693282779,0.0,0.0,pvalloc_29nbfs_LRG2_max_sCs2p6
5382,6.543078900728393,5749.2238356023045,5749.323226412145,6.543078900728393,0.0,pvalloc_29nbfs_LRG2_max_sCs2p6
5383,10255.241380183177,2774.4074870996706,11159.58553762958,10255.241380183177,0.0,pvalloc_29nbfs_LRG2_max_sCs2p6
5384,32075.113947872447,2885.5975678567593,32342.92458291954,32075.113947872447,0.0,pvalloc_29nbfs_LRG2_max_sCs2p6
5385,54208.81139234797,3221.0019252184748,54354.2905274389,52642.04041605766,1566.7709762903016,pvalloc_29nbfs_LRG2_max_sCs2p6
5386,72815.35144980627,3905.23430859733,72954.89830740534,66190.27677057804,6625.074679228202,pvalloc_29nbfs_LRG2_max_sCs2p6
5387,88432.57299175388,4434.799053045122,88580.1923610155,74969.38862832193,13463.184363431927,pvalloc_29nbfs_LRG2_max_sCs2p6
5388,85524.67853071414,5516.983424605885,85809.4735281876,73494.40716860074,12030.271362113403,pvalloc_29nbfs_LRG2_max_sCs2p6
5389,89259.01548260916,5835.614845979649,89561.50898235624,75346.50537718981,13912.510105419407,pvalloc_29nbfs_LRG2_max_sCs2p6
5390,85625.62908187024,6239.8837420341415,86015.1109238735,73457.44452634892,12168.184555521313,pvalloc_29nbfs_LRG2_max_sCs2p6
5391,78828.47192847847,5603.98319198186,79164.77745599272,69678.92616329958,9149.545765178864,pvalloc_29nbfs_LRG2_max_sCs2p6
5392,64786.74429200244,5314.591717608397,65195.6555721999,60742.681516913515,4044.062775088908,pvalloc_29nbfs_LRG2_max_sCs2p6
5393,46004.848071693574,5338.34977342965,46716.10131742679,45562.32477030758,442.52330138599893,pvalloc_29nbfs_LRG2_max_sCs2p6
5394,27036.392286262108,4954.187022141401,28202.42559802197,27036.392286262108,0.0,pvalloc_29nbfs_LRG2_max_sCs2p6
5395,6322.763549829051,7005.065934142325,10430.586112507703,6322.763549829051,0.0,pvalloc_29nbfs_LRG2_max_sCs2p6
5396,0.0,17145.542207038518,17145.542207038518,0.0,0.0,pvalloc_29nbfs_LRG2_max_sCs2p6
5397,0.0,18592.212130355496,18592.212130355496,0.0,0.0,pvalloc_29nbfs_LRG2_max_sCs2p6
5398,0.0,17959.280865600802,17959.280865600802,0.0,0.0,pvalloc_29nbfs_LRG2_max_sCs2p6
5399,0.0,15321.147510146637,15321.147510146637,0.0,0.0,pvalloc_29nbfs_LRG2_max_sCs2p6
5400,0.0,13722.161589340783,13722.161589340783,0.0,0.0,pvalloc_29nbfs_LRG2_max_sCs2p6
5401,0.0,10430.229263731497,10430.229263731497,0.0,0.0,pvalloc_29nbfs_LRG2_max_sCs2p6
5402,0.0,8829.571873465273,8829.571873465273,0.0,0.0,pvalloc_29nbfs_LRG2_max_sCs2p6
5403,0.0,7657.188196967487,7657.188196967487,0.0,0.0,pvalloc_29nbfs_LRG2_max_sCs2p6
5404,0.0,7455.696363549953,7455.696363549953,0.0,0.0,pvalloc_29nbfs_LRG2_max_sCs2p6
5405,0.0,7031.549107246736,7031.549107246736,0.0,0.0,pvalloc_29nbfs_LRG2_max_sCs2p6
5406,2.006868817404979,6089.492614298678,6089.539965291209,2.006868817404979,0.0,pvalloc_29nbfs_LRG2_max_sCs2p6
5407,10248.041900689686,2615.7850566370043,11051.832744869174,10248.041900689686,0.0,pvalloc_29nbfs_LRG2_max_sCs2p6
5408,29309.953997197033,3029.067491811748,29648.93032334116,29309.953997197033,0.0,pvalloc_29nbfs_LRG2_max_sCs2p6
5409,48771.78574224417,3991.448491897063,49088.898766006205,48079.93910241431,691.8466398298489,pvalloc_29nbfs_LRG2_max_sCs2p6
5410,67056.79654927652,3842.819009628688,67218.46526507394,62354.688381434054,4702.10816784245,pvalloc_29nbfs_LRG2_max_sCs2p6
5411,74858.1388500313,4142.302831977269,75030.02842418339,67364.92111802107,7493.217732010151,pvalloc_29nbfs_LRG2_max_sCs2p6
5412,63315.466839564906,5462.649624865376,63795.91493683857,59689.591941789404,3625.874897775502,pvalloc_29nbfs_LRG2_max_sCs2p6
5413,62782.108761999065,6093.953556123874,63412.610900707405,59242.104599452105,3540.0041625469617,pvalloc_29nbfs_LRG2_max_sCs2p6
5414,57284.42675066475,6035.478842036958,58008.58067085484,54913.103482395025,2371.3232682697244,pvalloc_29nbfs_LRG2_max_sCs2p6
5415,46213.20110422437,5488.459470821415,46972.7537234258,45703.03094214081,510.17016208356347,pvalloc_29nbfs_LRG2_max_sCs2p6
5416,34374.928377251716,5014.588617642572,35265.6355348217,34325.28562797795,49.64274927376658,pvalloc_29nbfs_LRG2_max_sCs2p6
5417,27444.161195949007,4820.6750969745335,28497.566044855357,27444.161195949007,0.0,pvalloc_29nbfs_LRG2_max_sCs2p6
5418,11360.814323571072,5233.69332329046,13694.54460554607,11360.814323571072,0.0,pvalloc_29nbfs_LRG2_max_sCs2p6
5419,2517.8218793410997,6574.78814310686,7235.753455448097,2517.8218793410997,0.0,pvalloc_29nbfs_LRG2_max_sCs2p6
5420,0.0,14157.122703916062,14157.122703916062,0.0,0.0,pvalloc_29nbfs_LRG2_max_sCs2p6
5421,0.0,16175.317955120869,16175.317955120869,0.0,0.0,pvalloc_29nbfs_LRG2_max_sCs2p6
5422,0.0,16617.529616008727,16617.529616008727,0.0,0.0,pvalloc_29nbfs_LRG2_max_sCs2p6
5423,0.0,15583.466132818583,15583.466132818583,0.0,0.0,pvalloc_29nbfs_LRG2_max_sCs2p6
5424,0.0,13573.678772779582,13573.678772779582,0.0,0.0,pvalloc_29nbfs_LRG2_max_sCs2p6
4920,0.0,11113.463869085279,11113.463869085279,0.0,0.0,pvalloc_29nbfs_LRG2_max_sCs2p8
4921,0.0,10737.831728562105,10737.831728562105,0.0,0.0,pvalloc_29nbfs_LRG2_max_sCs2p8
4922,0.0,10105.311448681485,10105.311448681485,0.0,0.0,pvalloc_29nbfs_LRG2_max_sCs2p8
4923,0.0,8120.094880445638,8120.094880445638,0.0,0.0,pvalloc_29nbfs_LRG2_max_sCs2p8
4924,0.0,7251.7336572309905,7251.7336572309905,0.0,0.0,pvalloc_29nbfs_LRG2_max_sCs2p8
4925,0.0,6971.075169345191,6971.075169345191,0.0,0.0,pvalloc_29nbfs_LRG2_max_sCs2p8
4926,823.496950210167,3596.5199451227904,3690.8959675072924,823.496950210167,0.0,pvalloc_29nbfs_LRG2_max_sCs2p8
4927,15759.43592457334,2536.263139503101,16267.04776158495,15759.43592457334,0.0,pvalloc_29nbfs_LRG2_max_sCs2p8
4928,35990.10161472905,2697.8114372867626,36175.459471722075,35924.144736378184,65.95687835086704,pvalloc_29nbfs_LRG2_max_sCs2p8
4929,55361.83473062523,3337.9375025834674,55518.19646856612,53596.528282219406,1765.3064484058264,pvalloc_29nbfs_LRG2_max_sCs2p8
4930,74382.09780141612,3562.822315122342,74495.62043915907,67094.02606803297,7288.071733383134,pvalloc_29nbfs_LRG2_max_sCs2p8
4931,89307.50489724426,4072.1846812302656,89436.08735052185,75341.38663116233,13966.118266081965,pvalloc_29nbfs_LRG2_max_sCs2p8
4932,74212.4154976968,5133.577122017285,74520.00099663051,66957.95208725384,7254.463410442885,pvalloc_29nbfs_LRG2_max_sCs2p8
4933,61759.60281617711,6642.594593577592,62606.917922493114,58527.425723730485,3232.177092446619,pvalloc_29nbfs_LRG2_max_sCs2p8
4934,58384.97851944539,5487.785693835355,58929.09659728969,55845.544948281546,2539.433571163838,pvalloc_29nbfs_LRG2_max_sCs2p8
4935,50974.68007903389,5066.784467642067,51542.482997474515,49807.548715022494,1167.1313640114026,pvalloc_29nbfs_LRG2_max_sCs2p8
4936,50358.38120889892,4815.485886853431,50872.46105241327,49300.94042852277,1057.4407803761512,pvalloc_29nbfs_LRG2_max_sCs2p8
4937,34081.55670082419,4267.188192320706,34731.488065192374,34040.11576359683,41.44093722737324,pvalloc_29nbfs_LRG2_max_sCs2p8
4938,16341.510398074148,3926.249521762558,17453.34186565746,16341.510398074148,0.0,pvalloc_29nbfs_LRG2_max_sCs2p8
4939,7178.815646918918,5152.730547991842,9872.666506358375,7178.815646918918,0.0,pvalloc_29nbfs_LRG2_max_sCs2p8
4940,296.2218746390196,8838.134062261894,8841.581428735062,296.2218746390196,0.0,pvalloc_29nbfs_LRG2_max_sCs2p8
4941,0.0,12714.32516043736,12714.32516043736,0.0,0.0,pvalloc_29nbfs_LRG2_max_sCs2p8
4942,0.0,13844.117670126652,13844.117670126652,0.0,0.0,pvalloc_29nbfs_LRG2_max_sCs2p8
4943,0.0,13190.081500942473,13190.081500942473,0.0,0.0,pvalloc_29nbfs_LRG2_max_sCs2p8
4944,0.0,15734.473543662869,15734.473543662869,0.0,0.0,pvalloc_29nbfs_LRG2_max_sCs2p8
4945,0.0,11843.652935827873,11843.652935827873,0.0,0.0,pvalloc_29nbfs_LRG2_max_sCs2p8
4946,0.0,9148.163406638314,9148.163406638314,0.0,0.0,pvalloc_29nbfs_LRG2_max_sCs2p8
4947,0.0,7889.191632688864,7889.191632688864,0.0,0.0,pvalloc_29nbfs_LRG2_max_sCs2p8
4948,0.0,7842.183829125384,7842.183829125384,0.0,0.0,pvalloc_29nbfs_LRG2_max_sCs2p8
4949,0.0,6888.334696423669,6888.334696423669,0.0,0.0,pvalloc_29nbfs_LRG2_max_sCs2p8
4950,7.612493764588537,5201.569113645243,5201.586426008197,7.612493764588537,0.0,pvalloc_29nbfs_LRG2_max_sCs2p8
4951,9122.430094642277,2539.4726829486394,9968.450177668146,9122.430094642277,0.0,pvalloc_29nbfs_LRG2_max_sCs2p8
4952,30298.734725552033,2554.049697061442,30512.28863180696,30298.734725552033,0.0,pvalloc_29nbfs_LRG2_max_sCs2p8
4953,53998.81662670037,3006.642288018026,54122.923706457135,52466.6130017665,1532.2036249338682,pvalloc_29nbfs_LRG2_max_sCs2p8
4954,75415.93922946685,3368.6971996394445,75511.73806941415,67726.06270194477,7689.876527522073,pvalloc_29nbfs_LRG2_max_sCs2p8
4955,86697.54889161466,3615.803348789223,86804.0187613412,73958.24305190335,12739.305839711333,pvalloc_29nbfs_LRG2_max_sCs2p8
4956,74728.43264066993,4604.407636941674,74954.23521924095,67276.35248725483,7452.080153415092,pvalloc_29nbfs_LRG2_max_sCs2p8
4957,50045.09561282199,4867.928877377246,50560.68844419469,49057.98660412706,987.1090086949332,pvalloc_29nbfs_LRG2_max_sCs2p8
4958,60889.68977103625,5005.862535636736,61332.64715680896,57675.08425238712,3214.6055186491203,pvalloc_29nbfs_LRG2_max_sCs2p8
4959,48565.89402307964,5048.616363755425,49202.82250314293,47744.77556423846,821.1184588411786,pvalloc_29nbfs_LRG2_max_sCs2p8
4960,44651.41809590459,4723.466745593838,45268.16422681146,44232.78371593944,418.6343799651563,pvalloc_29nbfs_LRG2_max_sCs2p8
4961,35975.523560231595,4805.596169298979,36779.19492911655,35878.65249576964,96.87106446194758,pvalloc_29nbfs_LRG2_max_sCs2p8
4962,19837.498072566024,4687.371669107577,21181.49588116829,19837.498072566024,0.0,pvalloc_29nbfs_LRG2_max_sCs2p8
4963,9127.989572079885,6050.914269586323,12242.416000661608,9127.989572079885,0.0,pvalloc_29nbfs_LRG2_max_sCs2p8
4964,3.5636955778051034,11428.532252048177,11428.532252048177,3.5636955778051034,0.0,pvalloc_29nbfs_LRG2_max_sCs2p8
4965,0.0,21698.627529472968,21698.627529472968,0.0,0.0,pvalloc_29nbfs_LRG2_max_sCs2p8
4966,0.0,15054.668580548847,15054.668580548847,0.0,0.0,pvalloc_29nbfs_LRG2_max_sCs2p8
4967,0.0,14761.300435221636,14761.300435221636,0.0,0.0,pvalloc_29nbfs_LRG2_max_sCs2p8
4968,0.0,12492.279958567411,12492.279958567411,0.0,0.0,pvalloc_29nbfs_LRG2_max_sCs2p8
4969,0.0,10052.532145121631,10052.532145121631,0.0,0.0,pvalloc_29nbfs_LRG2_max_sCs2p8
4970,0.0,8034.332061846783,8034.332061846783,0.0,0.0,pvalloc_29nbfs_LRG2_max_sCs2p8
4971,0.0,7219.022230515399,7219.022230515399,0.0,0.0,pvalloc_29nbfs_LRG2_max_sCs2p8
4972,0.0,6689.043790452775,6689.043790452775,0.0,0.0,pvalloc_29nbfs_LRG2_max_sCs2p8
4973,0.0,6426.528200910121,6426.528200910121,0.0,0.0,pvalloc_29nbfs_LRG2_max_sCs2p8
4974,161.0278188754371,3989.649461929087,3991.59921026927,161.0278188754371,0.0,pvalloc_29nbfs_LRG2_max_sCs2p8
4975,10201.263852504373,2534.0490502610037,10983.90619418472,10201.263852504373,0.0,pvalloc_29nbfs_LRG2_max_sCs2p8
4976,3134.555612206097,2922.863525628436,4786.36578159544,3134.555612206097,0.0,pvalloc_29nbfs_LRG2_max_sCs2p8
4977,18335.57758443942,3138.863313272215,19028.230582150194,18335.57758443942,0.0,pvalloc_29nbfs_LRG2_max_sCs2p8
4978,36172.0275316238,3432.5348119227356,36527.88468530171,36081.52498259291,90.50254903088,pvalloc_29nbfs_LRG2_max_sCs2p8
4979,57334.25761613312,3908.7480218004616,57566.01805861853,55084.960445610894,2249.297170522221,pvalloc_29nbfs_LRG2_max_sCs2p8
4980,59616.274753084086,4677.539768347281,59962.78289654834,56851.81825086615,2764.456502217946,pvalloc_29nbfs_LRG2_max_sCs2p8
4981,62939.35107769197,5377.797897004016,63399.32282757066,59347.872174207405,3591.4789034845708,pvalloc_29nbfs_LRG2_max_sCs2p8
4982,47630.6939526018,4925.977295067156,48233.99699456616,46945.42014715789,685.2738054439207,pvalloc_29nbfs_LRG2_max_sCs2p8
4983,52855.91628360683,5535.484691473687,53501.72847867376,51403.36619271415,1452.5500908926715,pvalloc_29nbfs_LRG2_max_sCs2p8
4984,42932.26645308713,4885.915678256482,43577.36951682244,42652.79487464371,279.47157844342405,pvalloc_29nbfs_LRG2_max_sCs2p8
4985,28494.260242727563,4367.068649732582,29328.585943297097,28494.260242727563,0.0,pvalloc_29nbfs_LRG2_max_sCs2p8
4986,22521.223041655692,4916.662605830386,23922.853518843665,22521.223041655692,0.0,pvalloc_29nbfs_LRG2_max_sCs2p8
4987,9972.015060461832,5114.482747615595,12422.92412644957,9972.015060461832,0.0,pvalloc_29nbfs_LRG2_max_sCs2p8
4988,1.7369328429971693,11603.038352043763,11603.038352043763,1.7369328429971693,0.0,pvalloc_29nbfs_LRG2_max_sCs2p8
4989,0.0,15306.207062822386,15306.207062822386,0.0,0.0,pvalloc_29nbfs_LRG2_max_sCs2p8
4990,0.0,18487.54111223772,18487.54111223772,0.0,0.0,pvalloc_29nbfs_LRG2_max_sCs2p8
4991,0.0,15678.910070087288,15678.910070087288,0.0,0.0,pvalloc_29nbfs_LRG2_max_sCs2p8
4992,0.0,12457.95010585332,12457.95010585332,0.0,0.0,pvalloc_29nbfs_LRG2_max_sCs2p8
4993,0.0,9566.57816566627,9566.57816566627,0.0,0.0,pvalloc_29nbfs_LRG2_max_sCs2p8
4994,0.0,8172.598108657664,8172.598108657664,0.0,0.0,pvalloc_29nbfs_LRG2_max_sCs2p8
4995,0.0,7275.373634775014,7275.373634775014,0.0,0.0,pvalloc_29nbfs_LRG2_max_sCs2p8
4996,0.0,6657.432000184344,6657.432000184344,0.0,0.0,pvalloc_29nbfs_LRG2_max_sCs2p8
4997,0.0,6227.237294939229,6227.237294939229,0.0,0.0,pvalloc_29nbfs_LRG2_max_sCs2p8
4998,409.1010792259332,3581.791298309826,3598.615847657534,409.1010792259332,0.0,pvalloc_29nbfs_LRG2_max_sCs2p8
4999,14921.58561782951,2526.241346882938,15465.986061674523,14921.58561782951,0.0,pvalloc_29nbfs_LRG2_max_sCs2p8
5000,33563.201914090016,2776.456882693174,33788.68860351535,33553.43726272576,9.764651364256906,pvalloc_29nbfs_LRG2_max_sCs2p8
5001,52002.318766923236,3114.4309506810064,52148.9431410162,50790.96871505855,1211.350051864697,pvalloc_29nbfs_LRG2_max_sCs2p8
5002,65693.62906194892,3225.1095922782056,65810.07077193072,61376.03675934485,4317.5923026040255,pvalloc_29nbfs_LRG2_max_sCs2p8
5003,85555.8818404965,3940.2212954195556,85680.1989211755,73401.31394171584,12154.567898780691,pvalloc_29nbfs_LRG2_max_sCs2p8
5004,83648.6473133291,4477.933550971537,83819.48392487757,72396.42141273449,11252.225900594547,pvalloc_29nbfs_LRG2_max_sCs2p8
5005,90106.40179550747,4606.364382702967,90282.6822018687,75707.89680363686,14398.50499187066,pvalloc_29nbfs_LRG2_max_sCs2p8
5006,83907.50813150375,4591.78120483789,84112.85756148864,72417.62563671678,11489.882494786974,pvalloc_29nbfs_LRG2_max_sCs2p8
5007,70135.97630920826,4609.32360256412,70396.89476255089,64290.92358432958,5845.052724878667,pvalloc_29nbfs_LRG2_max_sCs2p8
5008,55295.46649331377,4087.577778180239,55590.19902174548,53403.924189492776,1891.542303820977,pvalloc_29nbfs_LRG2_max_sCs2p8
5009,32726.242218300693,3834.2883796355186,33274.16047572456,32718.156371605946,8.085846694747488,pvalloc_29nbfs_LRG2_max_sCs2p8
5010,13737.146975702297,3958.0527982369285,15066.837904751439,13737.146975702297,0.0,pvalloc_29nbfs_LRG2_max_sCs2p8
5011,2512.56032600807,6084.184309098622,6860.0680081974515,2512.56032600807,0.0,pvalloc_29nbfs_LRG2_max_sCs2p8
5012,0.024958675141344665,13827.448112602598,13827.448112602598,0.024958675141344665,0.0,pvalloc_29nbfs_LRG2_max_sCs2p8
5013,0.0,14662.181682635239,14662.181682635239,0.0,0.0,pvalloc_29nbfs_LRG2_max_sCs2p8
5014,0.0,16274.799124460178,16274.799124460178,0.0,0.0,pvalloc_29nbfs_LRG2_max_sCs2p8
5015,0.0,15624.092956490871,15624.092956490871,0.0,0.0,pvalloc_29nbfs_LRG2_max_sCs2p8
5016,0.0,12724.18576973016,12724.18576973016,0.0,0.0,pvalloc_29nbfs_LRG2_max_sCs2p8
5017,0.0,10867.074894322574,10867.074894322574,0.0,0.0,pvalloc_29nbfs_LRG2_max_sCs2p8
5018,0.0,8769.371741640622,8769.371741640622,0.0,0.0,pvalloc_29nbfs_LRG2_max_sCs2p8
5019,0.0,7592.31461024244,7592.31461024244,0.0,0.0,pvalloc_29nbfs_LRG2_max_sCs2p8
5020,0.0,6804.494587055006,6804.494587055006,0.0,0.0,pvalloc_29nbfs_LRG2_max_sCs2p8
5021,0.0,6914.447201421454,6914.447201421454,0.0,0.0,pvalloc_29nbfs_LRG2_max_sCs2p8
5022,126.54437503074575,4157.2322349328415,4158.804696406328,126.54437503074575,0.0,pvalloc_29nbfs_LRG2_max_sCs2p8
5023,10439.129734728349,2564.168967769003,11231.81504055008,10439.129734728349,0.0,pvalloc_29nbfs_LRG2_max_sCs2p8
5024,21689.2948831515,2749.3950205219808,22111.66262460781,21689.2948831515,0.0,pvalloc_29nbfs_LRG2_max_sCs2p8
5025,18558.33322702546,3366.6953253082243,19405.02517896242,18558.33322702546,0.0,pvalloc_29nbfs_LRG2_max_sCs2p8
5026,30571.431437859115,3799.1069735833103,31183.54828469121,30571.431437859115,0.0,pvalloc_29nbfs_LRG2_max_sCs2p8
5027,65858.02745668967,3646.4703438651504,66016.25328114955,61448.46762450108,4409.5598321885955,pvalloc_29nbfs_LRG2_max_sCs2p8
5028,78961.35397966803,5326.628791963849,79288.17199916346,69855.81772251257,9105.536257155487,pvalloc_29nbfs_LRG2_max_sCs2p8
5029,52056.5680360525,5045.415309289098,52590.26629907348,50730.06251050436,1326.5055255481618,pvalloc_29nbfs_LRG2_max_sCs2p8
5030,22713.124810727655,5836.984592260009,24587.47238993262,22713.124810727655,0.0,pvalloc_29nbfs_LRG2_max_sCs2p8
5031,25362.967782087984,4959.92022990044,26608.730893235406,25362.967782087984,0.0,pvalloc_29nbfs_LRG2_max_sCs2p8
5032,33754.264309351405,4038.9666905413483,34342.46175896508,33713.65602260156,40.608286749845036,pvalloc_29nbfs_LRG2_max_sCs2p8
5033,26710.41503141264,4129.523827028884,27515.389740473023,26710.41503141264,0.0,pvalloc_29nbfs_LRG2_max_sCs2p8
5034,16594.758027073523,4723.344561462214,18217.75965023452,16594.758027073523,0.0,pvalloc_29nbfs_LRG2_max_sCs2p8
5035,10217.770613202816,5390.609944267851,12753.658915659122,10217.770613202816,0.0,pvalloc_29nbfs_LRG2_max_sCs2p8
5036,10.565908389250444,10991.467275014578,10991.479710163736,10.565908389250444,0.0,pvalloc_29nbfs_LRG2_max_sCs2p8
5037,0.0,15623.399766375915,15623.399766375915,0.0,0.0,pvalloc_29nbfs_LRG2_max_sCs2p8
5038,0.0,16022.715362504956,16022.715362504956,0.0,0.0,pvalloc_29nbfs_LRG2_max_sCs2p8
5039,0.0,16439.75171535185,16439.75171535185,0.0,0.0,pvalloc_29nbfs_LRG2_max_sCs2p8
5040,0.0,12326.556850038325,12326.556850038325,0.0,0.0,pvalloc_29nbfs_LRG2_max_sCs2p8
5041,0.0,9488.472208125195,9488.472208125195,0.0,0.0,pvalloc_29nbfs_LRG2_max_sCs2p8
5042,0.0,8024.4353338224,8024.4353338224,0.0,0.0,pvalloc_29nbfs_LRG2_max_sCs2p8
5043,0.0,7253.657469496068,7253.657469496068,0.0,0.0,pvalloc_29nbfs_LRG2_max_sCs2p8
5044,0.0,6638.189465394041,6638.189465394041,0.0,0.0,pvalloc_29nbfs_LRG2_max_sCs2p8
5045,0.0,6441.096729282571,6441.096729282571,0.0,0.0,pvalloc_29nbfs_LRG2_max_sCs2p8
5046,127.10673454796812,4133.8209996033775,4135.372289336945,127.10673454796812,0.0,pvalloc_29nbfs_LRG2_max_sCs2p8
5047,11294.312814501252,2640.9729856836598,12115.10937372376,11294.312814501252,0.0,pvalloc_29nbfs_LRG2_max_sCs2p8
5048,32384.56535942494,2959.9271001411307,32663.98390500815,32384.56535942494,0.0,pvalloc_29nbfs_LRG2_max_sCs2p8
5049,53138.9109485855,3327.563385010066,53307.63318542349,51761.5965254929,1377.3144230925977,pvalloc_29nbfs_LRG2_max_sCs2p8
5050,72230.19794754588,3409.213562199226,72329.54299973816,65788.36671302137,6441.831234524445,pvalloc_29nbfs_LRG2_max_sCs2p8
5051,65838.78582749018,3814.1381587768287,66008.77080038523,61465.980421811444,4372.805405678781,pvalloc_29nbfs_LRG2_max_sCs2p8
5052,60327.647837991644,4447.952401613914,60622.555283310394,57416.39904765822,2911.2487903334313,pvalloc_29nbfs_LRG2_max_sCs2p8
5053,66914.68100004942,4710.7256771304055,67202.85160727073,62166.01262770804,4748.668372341357,pvalloc_29nbfs_LRG2_max_sCs2p8
5054,68040.50668913453,4590.4915497422435,68315.38686397346,62853.17592550052,5187.33076363404,pvalloc_29nbfs_LRG2_max_sCs2p8
5055,57551.0346068999,4863.259312311562,57964.09917734922,55191.22003265193,2359.81457424797,pvalloc_29nbfs_LRG2_max_sCs2p8
5056,51402.711109366406,4304.890070913273,51762.811055479586,50214.32761010003,1188.38349926637,pvalloc_29nbfs_LRG2_max_sCs2p8
5057,34340.22510211758,3724.980592372704,34829.19040917667,34297.54870475163,42.67639736595919,pvalloc_29nbfs_LRG2_max_sCs2p8
5058,12126.846074327921,3720.807683687687,13403.76367979559,12126.846074327921,0.0,pvalloc_29nbfs_LRG2_max_sCs2p8
5059,6178.948027247234,4371.729270273291,8407.24923873131,6178.948027247234,0.0,pvalloc_29nbfs_LRG2_max_sCs2p8
5060,212.97956812299094,7653.920660308295,7656.510817204023,212.97956812299094,0.0,pvalloc_29nbfs_LRG2_max_sCs2p8
5061,0.0,12442.644294585474,12442.644294585474,0.0,0.0,pvalloc_29nbfs_LRG2_max_sCs2p8
5062,0.0,12652.578225358759,12652.578225358759,0.0,0.0,pvalloc_29nbfs_LRG2_max_sCs2p8
5063,0.0,12878.862779430521,12878.862779430521,0.0,0.0,pvalloc_29nbfs_LRG2_max_sCs2p8
5064,0.0,12350.75565968853,12350.75565968853,0.0,0.0,pvalloc_29nbfs_LRG2_max_sCs2p8
5065,0.0,11097.685205202353,11097.685205202353,0.0,0.0,pvalloc_29nbfs_LRG2_max_sCs2p8
5066,0.0,9294.124150992038,9294.124150992038,0.0,0.0,pvalloc_29nbfs_LRG2_max_sCs2p8
5067,0.0,7868.8472553816255,7868.8472553816255,0.0,0.0,pvalloc_29nbfs_LRG2_max_sCs2p8
5068,0.0,6865.793803809358,6865.793803809358,0.0,0.0,pvalloc_29nbfs_LRG2_max_sCs2p8
5069,0.0,7046.117084101745,7046.117084101745,0.0,0.0,pvalloc_29nbfs_LRG2_max_sCs2p8
5070,117.85489980314169,4243.422536094986,4244.869500265552,117.85489980314169,0.0,pvalloc_29nbfs_LRG2_max_sCs2p8
5071,13179.208094719801,2495.3170852825933,13787.750647102743,13179.208094719801,0.0,pvalloc_29nbfs_LRG2_max_sCs2p8
5072,30178.26049396733,2796.6415406583737,30451.01994695626,30178.26049396733,0.0,pvalloc_29nbfs_LRG2_max_sCs2p8
5073,52401.08904797235,3196.0182192090124,52557.78559845133,51114.68796014778,1286.4010878245717,pvalloc_29nbfs_LRG2_max_sCs2p8
5074,69802.18883969051,3484.29379037957,69935.20148785302,64152.4756447985,5649.713194891904,pvalloc_29nbfs_LRG2_max_sCs2p8
5075,80371.52847014241,3902.0027176965173,80516.06574705685,70539.23634548164,9832.292124660731,pvalloc_29nbfs_LRG2_max_sCs2p8
5076,70878.2032011239,4438.177847222173,71103.27102475887,64829.02164614281,6049.181554981053,pvalloc_29nbfs_LRG2_max_sCs2p8
5077,62699.77965349187,4864.054879252265,63049.836348266705,59153.82738342191,3545.9522700699385,pvalloc_29nbfs_LRG2_max_sCs2p8
5078,53268.29218175395,5048.409386842502,53802.07541708244,51711.05940532678,1557.232776427174,pvalloc_29nbfs_LRG2_max_sCs2p8
5079,33080.90820618428,5064.471014919742,34063.31539872922,33053.66936736276,27.238838821518982,pvalloc_29nbfs_LRG2_max_sCs2p8
5080,36281.05778062883,4694.347108743681,37021.859003780686,36177.60262000008,103.45516062875117,pvalloc_29nbfs_LRG2_max_sCs2p8
5081,28586.138403453213,4457.469876368335,29456.83512957664,28586.138403453213,0.0,pvalloc_29nbfs_LRG2_max_sCs2p8
5082,16321.793806773694,4413.729255323208,17738.03699563106,16321.793806773694,0.0,pvalloc_29nbfs_LRG2_max_sCs2p8
5083,8591.750520775944,4733.452456678667,10816.054562568735,8591.750520775944,0.0,pvalloc_29nbfs_LRG2_max_sCs2p8
5084,45.19234047007717,9039.465447558754,9039.742457589684,45.19234047007717,0.0,pvalloc_29nbfs_LRG2_max_sCs2p8
5085,0.0,14038.88407146415,14038.88407146415,0.0,0.0,pvalloc_29nbfs_LRG2_max_sCs2p8
5086,0.0,16707.678657408913,16707.678657408913,0.0,0.0,pvalloc_29nbfs_LRG2_max_sCs2p8
5087,0.0,14798.423471834054,14798.423471834054,0.0,0.0,pvalloc_29nbfs_LRG2_max_sCs2p8
5088,0.0,12920.992928294934,12920.992928294934,0.0,0.0,pvalloc_29nbfs_LRG2_max_sCs2p8
5089,0.0,9900.944565301277,9900.944565301277,0.0,0.0,pvalloc_29nbfs_LRG2_max_sCs2p8
5090,0.0,9389.785903685059,9389.785903685059,0.0,0.0,pvalloc_29nbfs_LRG2_max_sCs2p8
5091,0.0,7401.546438254428,7401.546438254428,0.0,0.0,pvalloc_29nbfs_LRG2_max_sCs2p8
5092,0.0,6692.067790682453,6692.067790682453,0.0,0.0,pvalloc_29nbfs_LRG2_max_sCs2p8
5093,0.0,6497.448685059626,6497.448685059626,0.0,0.0,pvalloc_29nbfs_LRG2_max_sCs2p8
5094,300.4949442115208,3841.6895860338013,3845.4481379770036,300.4949442115208,0.0,pvalloc_29nbfs_LRG2_max_sCs2p8
5095,14803.606027999273,2371.9423973661055,15271.227146554555,14803.606027999273,0.0,pvalloc_29nbfs_LRG2_max_sCs2p8
5096,34803.78384478212,2366.7635063884177,34941.041960036375,34775.05278417424,28.731060607887912,pvalloc_29nbfs_LRG2_max_sCs2p8
5097,56889.67630322382,2793.9157972716266,56984.17441962181,54837.79378843031,2051.8825147935154,pvalloc_29nbfs_LRG2_max_sCs2p8
5098,73779.67772738507,2917.9299067853367,73855.83305405949,66752.5656353138,7027.112092071237,pvalloc_29nbfs_LRG2_max_sCs2p8
5099,89260.67628728815,3507.7634325762424,89361.4788669996,75288.1918397952,13972.484447492938,pvalloc_29nbfs_LRG2_max_sCs2p8
5100,75365.87880329957,4903.185066890683,75622.18505082635,67644.33418415263,7721.544619147017,pvalloc_29nbfs_LRG2_max_sCs2p8
5101,66103.91465148021,5574.821528783473,66571.61511129644,61521.92451584913,4581.990135631053,pvalloc_29nbfs_LRG2_max_sCs2p8
5102,71187.90711403864,5661.45230529806,71651.27336594621,64853.94683526095,6333.960278777574,pvalloc_29nbfs_LRG2_max_sCs2p8
5103,64986.13780652206,5144.607170225747,65408.747168201,60686.53104184376,4299.6067646783,pvalloc_29nbfs_LRG2_max_sCs2p8
5104,61179.10513908704,4940.800654060735,61609.48027642301,57890.73725177806,3288.3678873089907,pvalloc_29nbfs_LRG2_max_sCs2p8
5105,25869.901667651025,4797.322276209456,26936.084862622054,25869.901667651025,0.0,pvalloc_29nbfs_LRG2_max_sCs2p8
5106,6547.953190876231,5129.249751847063,9134.703840102358,6547.953190876231,0.0,pvalloc_29nbfs_LRG2_max_sCs2p8
5107,1418.4869143709757,6932.424078597383,7054.01521935205,1418.4869143709757,0.0,pvalloc_29nbfs_LRG2_max_sCs2p8
5108,0.533309362441954,11344.07647127667,11344.07647127667,0.533309362441954,0.0,pvalloc_29nbfs_LRG2_max_sCs2p8
5109,0.0,13173.891725783153,13173.891725783153,0.0,0.0,pvalloc_29nbfs_LRG2_max_sCs2p8
5110,0.0,13106.449704799226,13106.449704799226,0.0,0.0,pvalloc_29nbfs_LRG2_max_sCs2p8
5111,0.0,12603.245316458497,12603.245316458497,0.0,0.0,pvalloc_29nbfs_LRG2_max_sCs2p8
5112,0.0,10413.182078012225,10413.182078012225,0.0,0.0,pvalloc_29nbfs_LRG2_max_sCs2p8
5113,0.0,8993.403916155024,8993.403916155024,0.0,0.0,pvalloc_29nbfs_LRG2_max_sCs2p8
5114,0.0,7817.17261512709,7817.17261512709,0.0,0.0,pvalloc_29nbfs_LRG2_max_sCs2p8
5115,0.0,7187.960258470543,7187.960258470543,0.0,0.0,pvalloc_29nbfs_LRG2_max_sCs2p8
5116,0.0,6597.782238100715,6597.782238100715,0.0,0.0,pvalloc_29nbfs_LRG2_max_sCs2p8
5117,0.0,6653.5821695844115,6653.5821695844115,0.0,0.0,pvalloc_29nbfs_LRG2_max_sCs2p8
5118,143.76927470273918,4119.701946275598,4121.386749393896,143.76927470273918,0.0,pvalloc_29nbfs_LRG2_max_sCs2p8
5119,10267.998896113175,2358.6667705695804,10948.388753266308,10267.998896113175,0.0,pvalloc_29nbfs_LRG2_max_sCs2p8
5120,31153.85748049793,2382.419843241109,31323.139433045544,31153.85748049793,0.0,pvalloc_29nbfs_LRG2_max_sCs2p8
5121,54449.33315131695,2713.4543610147193,54546.391294308836,52862.828695213204,1586.5044561037482,pvalloc_29nbfs_LRG2_max_sCs2p8
5122,70440.22919985262,3179.508107439646,70536.72922799586,64641.01860105027,5799.210598802395,pvalloc_29nbfs_LRG2_max_sCs2p8
5123,88929.99351770243,3493.823288187028,89014.18133615823,75201.00076426001,13728.992753442448,pvalloc_29nbfs_LRG2_max_sCs2p8
5124,88520.89297698792,4692.182587116636,88686.49153029399,75034.21868929215,13486.674287695747,pvalloc_29nbfs_LRG2_max_sCs2p8
5125,88442.73216718153,5520.7034870284015,88708.20672657705,74917.70669400012,13525.025473181437,pvalloc_29nbfs_LRG2_max_sCs2p8
5126,82172.51473780785,5401.233972105168,82464.5828073432,71504.92240399966,10667.592333808223,pvalloc_29nbfs_LRG2_max_sCs2p8
5127,77611.3747044093,5317.23650985273,77930.63636075742,68888.35568861009,8723.01901579933,pvalloc_29nbfs_LRG2_max_sCs2p8
5128,68740.5705458071,4485.530945593617,68999.066847696,63347.07160495275,5393.4989408544325,pvalloc_29nbfs_LRG2_max_sCs2p8
5129,50410.91438039911,4326.890125852813,50795.83238646332,49382.81402000621,1028.1003603928987,pvalloc_29nbfs_LRG2_max_sCs2p8
5130,30850.94265270386,4874.969135513887,31799.64619986702,30850.94265270386,0.0,pvalloc_29nbfs_LRG2_max_sCs2p8
5131,12200.719346028834,4979.418053237684,14326.253219720706,12200.719346028834,0.0,pvalloc_29nbfs_LRG2_max_sCs2p8
5132,1.3644705377227861,11936.960885631399,11936.960885631399,1.3644705377227861,0.0,pvalloc_29nbfs_LRG2_max_sCs2p8
5133,0.0,18228.216139042957,18228.216139042957,0.0,0.0,pvalloc_29nbfs_LRG2_max_sCs2p8
5134,0.0,18162.49636171034,18162.49636171034,0.0,0.0,pvalloc_29nbfs_LRG2_max_sCs2p8
5135,0.0,15581.301938822113,15581.301938822113,0.0,0.0,pvalloc_29nbfs_LRG2_max_sCs2p8
5136,0.0,13660.518661518498,13660.518661518498,0.0,0.0,pvalloc_29nbfs_LRG2_max_sCs2p8
5137,0.0,10358.480128423342,10358.480128423342,0.0,0.0,pvalloc_29nbfs_LRG2_max_sCs2p8
5138,0.0,8828.47113398323,8828.47113398323,0.0,0.0,pvalloc_29nbfs_LRG2_max_sCs2p8
5139,0.0,7213.798405873982,7213.798405873982,0.0,0.0,pvalloc_29nbfs_LRG2_max_sCs2p8
5140,0.0,6479.031429122138,6479.031429122138,0.0,0.0,pvalloc_29nbfs_LRG2_max_sCs2p8
5141,0.0,6403.162580960439,6403.162580960439,0.0,0.0,pvalloc_29nbfs_LRG2_max_sCs2p8
5142,125.6098358590607,4161.944634848868,4163.324719974207,125.6098358590607,0.0,pvalloc_29nbfs_LRG2_max_sCs2p8
5143,13306.969071439908,2354.9688015345364,13826.715134637856,13306.969071439908,0.0,pvalloc_29nbfs_LRG2_max_sCs2p8
5144,33115.19060029966,2663.1963701519903,33314.26481770502,33115.19060029966,0.0,pvalloc_29nbfs_LRG2_max_sCs2p8
5145,53978.24525612104,3207.816260578052,54120.12929856414,52473.857840100405,1504.387416020628,pvalloc_29nbfs_LRG2_max_sCs2p8
5146,74368.66959951574,3328.1103685978733,74465.60010723954,67144.68754555585,7223.982053959942,pvalloc_29nbfs_LRG2_max_sCs2p8
5147,87654.2921592269,4249.649892757319,87778.98284991996,74617.38606675896,13036.906092467889,pvalloc_29nbfs_LRG2_max_sCs2p8
5148,83270.05875561727,5795.197553528705,83636.72300102586,72370.04657719661,10900.012178420648,pvalloc_29nbfs_LRG2_max_sCs2p8
5149,88090.60920307685,5321.780535014404,88331.7805999529,74823.24458547875,13267.364617598083,pvalloc_29nbfs_LRG2_max_sCs2p8
5150,87695.27061831969,4495.76261506264,87887.03161370967,74416.59076391082,13278.679854408883,pvalloc_29nbfs_LRG2_max_sCs2p8
5151,75866.0544946204,5025.221192457812,76137.55111741064,67931.38524587823,7934.66924874221,pvalloc_29nbfs_LRG2_max_sCs2p8
5152,63205.72883982731,4265.46636577922,63451.23196367443,59532.319503008606,3673.409336818712,pvalloc_29nbfs_LRG2_max_sCs2p8
5153,45930.95948621562,3930.2782884727044,46258.23759199652,45494.127304437134,436.83218177849517,pvalloc_29nbfs_LRG2_max_sCs2p8
5154,30680.700782282118,3930.859867461911,31269.214483110936,30680.700782282118,0.0,pvalloc_29nbfs_LRG2_max_sCs2p8
5155,10169.819539497657,5608.372062363913,12943.848646687286,10169.819539497657,0.0,pvalloc_29nbfs_LRG2_max_sCs2p8
5156,0.991792069080347,13203.977792793125,13203.977792793125,0.991792069080347,0.0,pvalloc_29nbfs_LRG2_max_sCs2p8
5157,0.0,16656.158247084175,16656.158247084175,0.0,0.0,pvalloc_29nbfs_LRG2_max_sCs2p8
5158,0.0,16956.66673318879,16956.66673318879,0.0,0.0,pvalloc_29nbfs_LRG2_max_sCs2p8
5159,0.0,13878.197386105796,13878.197386105796,0.0,0.0,pvalloc_29nbfs_LRG2_max_sCs2p8
5160,0.0,13359.709264488025,13359.709264488025,0.0,0.0,pvalloc_29nbfs_LRG2_max_sCs2p8
5161,0.0,9823.421723926976,9823.421723926976,0.0,0.0,pvalloc_29nbfs_LRG2_max_sCs2p8
5162,0.0,8004.918441437759,8004.918441437759,0.0,0.0,pvalloc_29nbfs_LRG2_max_sCs2p8
5163,0.0,7279.771629046192,7279.771629046192,0.0,0.0,pvalloc_29nbfs_LRG2_max_sCs2p8
5164,0.0,6702.512682378077,6702.512682378077,0.0,0.0,pvalloc_29nbfs_LRG2_max_sCs2p8
5165,0.0,6398.7645866892735,6398.7645866892735,0.0,0.0,pvalloc_29nbfs_LRG2_max_sCs2p8
5166,103.07463744123321,4349.027910611253,4350.1285746835065,103.07463744123321,0.0,pvalloc_29nbfs_LRG2_max_sCs2p8
5167,12661.728015751105,2548.23063984849,13327.041812827583,12661.728015751105,0.0,pvalloc_29nbfs_LRG2_max_sCs2p8
5168,33063.2030449057,2920.5294745038464,33318.55347133915,33063.2030449057,0.0,pvalloc_29nbfs_LRG2_max_sCs2p8
5169,54912.66906052754,3160.623130097774,55044.974721267055,53238.784297969345,1673.8847625581957,pvalloc_29nbfs_LRG2_max_sCs2p8
5170,74938.46102532514,3061.32760499035,75022.67339149285,67464.99407312334,7473.466952201777,pvalloc_29nbfs_LRG2_max_sCs2p8
5171,89746.72917581635,3765.194904893623,89846.52598564076,75618.9661681137,14127.763007702648,pvalloc_29nbfs_LRG2_max_sCs2p8
5172,84030.5964382211,4277.753533387019,84190.08618119331,72607.73858400647,11422.85785421467,pvalloc_29nbfs_LRG2_max_sCs2p8
5173,78316.29934387411,4586.164947695464,78531.3891133945,69374.10270600991,8942.196637864206,pvalloc_29nbfs_LRG2_max_sCs2p8
5174,88609.0260515593,4540.778961204452,88797.44182193775,74907.34060052501,13701.68545103432,pvalloc_29nbfs_LRG2_max_sCs2p8
5175,76358.99355748911,4722.101958619252,76606.19388450247,68183.57933088411,8175.4142266049985,pvalloc_29nbfs_LRG2_max_sCs2p8
5176,61160.91793434914,4537.16034561197,61466.63189870861,57980.30156202783,3180.616372321307,pvalloc_29nbfs_LRG2_max_sCs2p8
5177,41836.16428243904,4211.117474267551,42311.36149492912,41624.11745988398,212.04682255505276,pvalloc_29nbfs_LRG2_max_sCs2p8
5178,22923.992761060068,4132.433007747976,23844.84425568701,22923.992761060068,0.0,pvalloc_29nbfs_LRG2_max_sCs2p8
5179,9383.640377912123,4312.564666818353,11201.505221819816,9383.640377912123,0.0,pvalloc_29nbfs_LRG2_max_sCs2p8
5180,20.160640443265773,9584.26011086164,9584.417072253063,20.160640443265773,0.0,pvalloc_29nbfs_LRG2_max_sCs2p8
5181,0.0,17958.547144614717,17958.547144614717,0.0,0.0,pvalloc_29nbfs_LRG2_max_sCs2p8
5182,0.0,15508.105894089556,15508.105894089556,0.0,0.0,pvalloc_29nbfs_LRG2_max_sCs2p8
5183,0.0,14273.89740347325,14273.89740347325,0.0,0.0,pvalloc_29nbfs_LRG2_max_sCs2p8
5184,0.0,13200.332246555769,13200.332246555769,0.0,0.0,pvalloc_29nbfs_LRG2_max_sCs2p8
5185,0.0,9638.325646422076,9638.325646422076,0.0,0.0,pvalloc_29nbfs_LRG2_max_sCs2p8
5186,0.0,8321.584507793394,8321.584507793394,0.0,0.0,pvalloc_29nbfs_LRG2_max_sCs2p8
5187,0.0,7169.817360127393,7169.817360127393,0.0,0.0,pvalloc_29nbfs_LRG2_max_sCs2p8
5188,0.0,7079.928698781938,7079.928698781938,0.0,0.0,pvalloc_29nbfs_LRG2_max_sCs2p8
5189,0.0,6529.334832922408,6529.334832922408,0.0,0.0,pvalloc_29nbfs_LRG2_max_sCs2p8
5190,43.7865313200487,4768.3221200842545,4768.818502280018,43.7865313200487,0.0,pvalloc_29nbfs_LRG2_max_sCs2p8
5191,10376.834869929655,2502.3160033099048,11127.168441556489,10376.834869929655,0.0,pvalloc_29nbfs_LRG2_max_sCs2p8
5192,27609.415423069717,2857.158431505942,27931.58110099772,27609.415423069717,0.0,pvalloc_29nbfs_LRG2_max_sCs2p8
5193,49189.89246483668,3114.9789081482336,49345.081462355265,48453.09275832717,736.7997065095042,pvalloc_29nbfs_LRG2_max_sCs2p8
5194,62314.80678452911,3395.8267934952723,62449.02089334439,58960.14523080057,3354.661553728539,pvalloc_29nbfs_LRG2_max_sCs2p8
5195,70870.93204506778,4074.589165369969,71039.81221406267,64933.89734836319,5937.034696704575,pvalloc_29nbfs_LRG2_max_sCs2p8
5196,68344.24441047522,5045.849333196774,68681.31631564753,63281.43420604243,5062.810204432827,pvalloc_29nbfs_LRG2_max_sCs2p8
5197,72575.05121161355,4919.529212970296,72850.69866468683,65915.79351864869,6659.257692964714,pvalloc_29nbfs_LRG2_max_sCs2p8
5198,71325.1985947555,5431.279702315484,71696.13311874184,65103.23857002296,6221.9600247324415,pvalloc_29nbfs_LRG2_max_sCs2p8
5199,70434.48714424485,4903.507834457009,70733.68187424743,64488.71986956478,5945.76727467997,pvalloc_29nbfs_LRG2_max_sCs2p8
5200,42350.70883589697,3815.1944761287864,42721.64282377093,42118.09993596537,232.60889993159503,pvalloc_29nbfs_LRG2_max_sCs2p8
5201,27213.0062626593,3805.070265786128,27860.304480381903,27213.0062626593,0.0,pvalloc_29nbfs_LRG2_max_sCs2p8
5202,13097.852580772727,4327.799852294378,14759.381172120564,13097.852580772727,0.0,pvalloc_29nbfs_LRG2_max_sCs2p8
5203,8220.157766860848,4806.81226552632,10539.460172601719,8220.157766860848,0.0,pvalloc_29nbfs_LRG2_max_sCs2p8
5204,0.0,15090.859318475916,15090.859318475916,0.0,0.0,pvalloc_29nbfs_LRG2_max_sCs2p8
5205,0.0,15791.348827533153,15791.348827533153,0.0,0.0,pvalloc_29nbfs_LRG2_max_sCs2p8
5206,0.0,15247.755727980577,15247.755727980577,0.0,0.0,pvalloc_29nbfs_LRG2_max_sCs2p8
5207,0.0,15008.22525066832,15008.22525066832,0.0,0.0,pvalloc_29nbfs_LRG2_max_sCs2p8
5208,0.0,12069.433844123945,12069.433844123945,0.0,0.0,pvalloc_29nbfs_LRG2_max_sCs2p8
5209,0.0,11145.876780548275,11145.876780548275,0.0,0.0,pvalloc_29nbfs_LRG2_max_sCs2p8
5210,0.0,8940.899584908117,8940.899584908117,0.0,0.0,pvalloc_29nbfs_LRG2_max_sCs2p8
5211,0.0,7874.895807358424,7874.895807358424,0.0,0.0,pvalloc_29nbfs_LRG2_max_sCs2p8
5212,0.0,7043.6445566479815,7043.6445566479815,0.0,0.0,pvalloc_29nbfs_LRG2_max_sCs2p8
5213,0.0,7125.558647681808,7125.558647681808,0.0,0.0,pvalloc_29nbfs_LRG2_max_sCs2p8
5214,3.613633483159658,5734.152314457892,5734.2239977537065,3.613633483159658,0.0,pvalloc_29nbfs_LRG2_max_sCs2p8
5215,1654.299151371269,3024.2111155307025,3676.2062478729,1654.299151371269,0.0,pvalloc_29nbfs_LRG2_max_sCs2p8
5216,6111.166182516559,2945.5437919677497,7458.438289201169,6111.166182516559,0.0,pvalloc_29nbfs_LRG2_max_sCs2p8
5217,12203.789111963637,3187.9056970770325,13273.524278053112,12203.789111963637,0.0,pvalloc_29nbfs_LRG2_max_sCs2p8
5218,23891.324085370794,3307.5459561180883,24451.762790440047,23891.324085370794,0.0,pvalloc_29nbfs_LRG2_max_sCs2p8
5219,28429.223191876787,3946.143206657145,29097.9967429802,28429.223191876787,0.0,pvalloc_29nbfs_LRG2_max_sCs2p8
5220,21052.038584257523,5083.006778622115,22716.40892571183,21052.038584257523,0.0,pvalloc_29nbfs_LRG2_max_sCs2p8
5221,45693.94320109133,4532.499987502512,46200.81828324631,45240.35773110242,453.5854699889066,pvalloc_29nbfs_LRG2_max_sCs2p8
5222,60411.6247971844,4698.888908864979,60766.63224804828,57375.60039675801,3036.0244004263923,pvalloc_29nbfs_LRG2_max_sCs2p8
5223,47440.632594427094,4724.811354350441,47959.57698988983,46825.16349028058,615.4691041465098,pvalloc_29nbfs_LRG2_max_sCs2p8
5224,47798.04239385371,4121.419118925403,48164.786154179405,47159.01433173554,639.0280621181644,pvalloc_29nbfs_LRG2_max_sCs2p8
5225,35797.77049874716,4199.67423611976,36373.37324954772,35730.161746070255,67.60875267690619,pvalloc_29nbfs_LRG2_max_sCs2p8
5226,24954.730085553136,4094.488575158861,25775.12755455618,24954.730085553136,0.0,pvalloc_29nbfs_LRG2_max_sCs2p8
5227,10269.850820836898,4774.145930111107,12372.62468372726,10269.850820836898,0.0,pvalloc_29nbfs_LRG2_max_sCs2p8
5228,0.24499232903631912,12343.660706406357,12343.660706406357,0.24499232903631912,0.0,pvalloc_29nbfs_LRG2_max_sCs2p8
5229,0.0,17463.787611216965,17463.787611216965,0.0,0.0,pvalloc_29nbfs_LRG2_max_sCs2p8
5230,0.0,16776.24576513662,16776.24576513662,0.0,0.0,pvalloc_29nbfs_LRG2_max_sCs2p8
5231,0.0,13863.094861205216,13863.094861205216,0.0,0.0,pvalloc_29nbfs_LRG2_max_sCs2p8
5232,0.0,12379.083196074875,12379.083196074875,0.0,0.0,pvalloc_29nbfs_LRG2_max_sCs2p8
5233,0.0,10840.796451126307,10840.796451126307,0.0,0.0,pvalloc_29nbfs_LRG2_max_sCs2p8
5234,0.0,8839.193140860432,8839.193140860432,0.0,0.0,pvalloc_29nbfs_LRG2_max_sCs2p8
5235,0.0,7691.549078353806,7691.549078353806,0.0,0.0,pvalloc_29nbfs_LRG2_max_sCs2p8
5236,0.0,6881.188714069509,6881.188714069509,0.0,0.0,pvalloc_29nbfs_LRG2_max_sCs2p8
5237,0.0,7020.828203404438,7020.828203404438,0.0,0.0,pvalloc_29nbfs_LRG2_max_sCs2p8
5238,66.53431422600151,4741.045131961954,4741.729494779155,66.53431422600151,0.0,pvalloc_29nbfs_LRG2_max_sCs2p8
5239,11461.046326711597,2608.6312876842017,12192.333225371502,11461.046326711597,0.0,pvalloc_29nbfs_LRG2_max_sCs2p8
5240,24404.873098077067,2926.971073171228,24809.789487603677,24404.873098077067,0.0,pvalloc_29nbfs_LRG2_max_sCs2p8
5241,48300.35848705157,3153.1756252427404,48466.004445205646,47668.15124239091,632.2072446606583,pvalloc_29nbfs_LRG2_max_sCs2p8
5242,62256.435692008905,3597.6487860014413,62409.6935604475,58915.32471391125,3341.1109780976444,pvalloc_29nbfs_LRG2_max_sCs2p8
5243,68811.25100935696,3909.7425517374977,68977.6673544181,63520.604386205865,5290.646623151061,pvalloc_29nbfs_LRG2_max_sCs2p8
5244,56475.47099950999,4417.982474716367,56791.879790967745,54420.543800348,2054.92719916198,pvalloc_29nbfs_LRG2_max_sCs2p8
5245,54906.60152863714,4932.526560006504,55356.28567855009,53130.44575899957,1776.155769637568,pvalloc_29nbfs_LRG2_max_sCs2p8
5246,51246.428204258526,4986.670034043951,51794.62630541759,50041.4899684768,1204.9382357817258,pvalloc_29nbfs_LRG2_max_sCs2p8
5247,50990.538445625476,4681.216243867455,51466.014337378576,49840.47476848385,1150.063677141629,pvalloc_29nbfs_LRG2_max_sCs2p8
5248,43367.147485091904,4129.402805912245,43824.08540824535,43070.68589719323,296.4615878986745,pvalloc_29nbfs_LRG2_max_sCs2p8
5249,35400.135877005305,4003.805313961812,35935.28387798345,35339.35136659937,60.784510405937624,pvalloc_29nbfs_LRG2_max_sCs2p8
5250,18123.863553964486,4538.8803045317845,19490.655990435087,18123.863553964486,0.0,pvalloc_29nbfs_LRG2_max_sCs2p8
5251,8334.044762911784,5134.407040781565,10854.501712352872,8334.044762911784,0.0,pvalloc_29nbfs_LRG2_max_sCs2p8
5252,0.0,19000.261318709796,19000.261318709796,0.0,0.0,pvalloc_29nbfs_LRG2_max_sCs2p8
5253,0.0,19290.580116971658,19290.580116971658,0.0,0.0,pvalloc_29nbfs_LRG2_max_sCs2p8
5254,0.0,16835.26838147422,16835.26838147422,0.0,0.0,pvalloc_29nbfs_LRG2_max_sCs2p8
5255,0.0,14924.78827852718,14924.78827852718,0.0,0.0,pvalloc_29nbfs_LRG2_max_sCs2p8
5256,0.0,13381.168060104115,13381.168060104115,0.0,0.0,pvalloc_29nbfs_LRG2_max_sCs2p8
5257,0.0,10539.960012448035,10539.960012448035,0.0,0.0,pvalloc_29nbfs_LRG2_max_sCs2p8
5258,0.0,8429.066249258416,8429.066249258416,0.0,0.0,pvalloc_29nbfs_LRG2_max_sCs2p8
5259,0.0,7662.686930720702,7662.686930720702,0.0,0.0,pvalloc_29nbfs_LRG2_max_sCs2p8
5260,0.0,6987.569716052491,6987.569716052491,0.0,0.0,pvalloc_29nbfs_LRG2_max_sCs2p8
5261,0.0,6946.060646242223,6946.060646242223,0.0,0.0,pvalloc_29nbfs_LRG2_max_sCs2p8
5262,58.78683165370196,4987.603431943183,4988.226500870328,58.78683165370196,0.0,pvalloc_29nbfs_LRG2_max_sCs2p8
5263,12689.62353872739,2563.012387488909,13328.563330286725,12689.62353872739,0.0,pvalloc_29nbfs_LRG2_max_sCs2p8
5264,33505.272263891115,2856.08867305385,33741.131610125165,33501.91326453949,3.3589993516220034,pvalloc_29nbfs_LRG2_max_sCs2p8
5265,56198.209969615666,2947.183623558681,56310.81258905344,54277.012368601434,1921.1976010142346,pvalloc_29nbfs_LRG2_max_sCs2p8
5266,75224.77699776123,3724.4323431317803,75341.56436990472,67680.72797866444,7544.049019096837,pvalloc_29nbfs_LRG2_max_sCs2p8
5267,88826.66810513868,4800.2509836084255,88997.16619945716,75238.42871291615,13588.239392222513,pvalloc_29nbfs_LRG2_max_sCs2p8
5268,86120.19486363172,5848.261088967273,86454.47402381792,73819.30543246481,12300.88943116683,pvalloc_29nbfs_LRG2_max_sCs2p8
5269,91017.0391372781,5814.744604230779,91307.22693323983,76239.56359586274,14777.475541415348,pvalloc_29nbfs_LRG2_max_sCs2p8
5270,91502.43355898994,5228.563894190182,91772.00863058148,76217.06746290991,15285.366096080095,pvalloc_29nbfs_LRG2_max_sCs2p8
5271,83045.93849863704,5020.184295226816,83307.97125922561,71929.18525294571,11116.753245691325,pvalloc_29nbfs_LRG2_max_sCs2p8
5272,69189.89942579428,4778.522147863421,69477.8163013761,63661.79427586895,5528.105149925341,pvalloc_29nbfs_LRG2_max_sCs2p8
5273,52123.62311649623,4342.843335707967,52498.973046835476,50808.97551650019,1314.647599996045,pvalloc_29nbfs_LRG2_max_sCs2p8
5274,31261.97791141698,4443.1314453190735,32026.470048881067,31261.97791141698,0.0,pvalloc_29nbfs_LRG2_max_sCs2p8
5275,12674.25988209157,4709.289446625041,14447.628705795383,12674.25988209157,0.0,pvalloc_29nbfs_LRG2_max_sCs2p8
5276,0.001144878417680309,16108.253045436717,16108.253045436717,0.001144878417680309,0.0,pvalloc_29nbfs_LRG2_max_sCs2p8
5277,0.0,16661.54003587522,16661.54003587522,0.0,0.0,pvalloc_29nbfs_LRG2_max_sCs2p8
5278,0.0,16071.87963882066,16071.87963882066,0.0,0.0,pvalloc_29nbfs_LRG2_max_sCs2p8
5279,0.0,16513.61501158644,16513.61501158644,0.0,0.0,pvalloc_29nbfs_LRG2_max_sCs2p8
5280,0.0,14223.402737580198,14223.402737580198,0.0,0.0,pvalloc_29nbfs_LRG2_max_sCs2p8
5281,0.0,10189.901163932846,10189.901163932846,0.0,0.0,pvalloc_29nbfs_LRG2_max_sCs2p8
5282,0.0,9219.908618123189,9219.908618123189,0.0,0.0,pvalloc_29nbfs_LRG2_max_sCs2p8
5283,0.0,8077.212368111324,8077.212368111324,0.0,0.0,pvalloc_29nbfs_LRG2_max_sCs2p8
5284,0.0,7416.3887727037745,7416.3887727037745,0.0,0.0,pvalloc_29nbfs_LRG2_max_sCs2p8
5285,0.0,7104.393955178768,7104.393955178768,0.0,0.0,pvalloc_29nbfs_LRG2_max_sCs2p8
5286,19.615594840225402,5505.51609976068,5505.778628495315,19.615594840225402,0.0,pvalloc_29nbfs_LRG2_max_sCs2p8
5287,11799.043814468314,2604.477814426107,12505.891386633346,11799.043814468314,0.0,pvalloc_29nbfs_LRG2_max_sCs2p8
5288,33671.76208932999,2762.7791168852555,33887.44068725183,33666.065161976134,5.696927353860644,pvalloc_29nbfs_LRG2_max_sCs2p8
5289,55885.383516707385,2764.964719180983,55986.423891863975,54023.72569674707,1861.657819960316,pvalloc_29nbfs_LRG2_max_sCs2p8
5290,74182.37314523848,3621.440317945079,74292.36649803996,67053.58376971413,7128.789375524317,pvalloc_29nbfs_LRG2_max_sCs2p8
5291,90215.07068820785,4049.8531357819124,90337.38971375619,75840.54749553857,14374.523192669258,pvalloc_29nbfs_LRG2_max_sCs2p8
5292,85613.28470806938,5619.10889171053,85914.9768524835,73555.54014814192,12057.744559927498,pvalloc_29nbfs_LRG2_max_sCs2p8
5293,91366.23647263358,5532.835443676761,91626.402606113,76303.68480332161,15062.551669311986,pvalloc_29nbfs_LRG2_max_sCs2p8
5294,86745.32533528721,6652.633107167271,87201.13406830479,73908.93429149274,12836.391043794496,pvalloc_29nbfs_LRG2_max_sCs2p8
5295,80005.92866761574,6058.4702947202795,80428.38125883866,70227.24720912684,9778.681458488922,pvalloc_29nbfs_LRG2_max_sCs2p8
5296,65442.81702393961,6116.4763323671805,66030.84774977078,61105.35696352113,4337.460060418479,pvalloc_29nbfs_LRG2_max_sCs2p8
5297,49694.86399590813,5439.192406776939,50386.57982123522,48723.8590341708,971.0049617373298,pvalloc_29nbfs_LRG2_max_sCs2p8
5298,29308.07944042043,5433.08540264987,30512.643909176582,29308.07944042043,0.0,pvalloc_29nbfs_LRG2_max_sCs2p8
5299,8809.09230648375,6469.552869782121,12180.436452009531,8809.09230648375,0.0,pvalloc_29nbfs_LRG2_max_sCs2p8
5300,0.002782290935076717,16915.24899914541,16915.24899914541,0.002782290935076717,0.0,pvalloc_29nbfs_LRG2_max_sCs2p8
5301,0.0,19664.8737674663,19664.8737674663,0.0,0.0,pvalloc_29nbfs_LRG2_max_sCs2p8
5302,0.0,21717.297616531432,21717.297616531432,0.0,0.0,pvalloc_29nbfs_LRG2_max_sCs2p8
5303,0.0,17214.825474050005,17214.825474050005,0.0,0.0,pvalloc_29nbfs_LRG2_max_sCs2p8
5304,0.0,12578.207549128689,12578.207549128689,0.0,0.0,pvalloc_29nbfs_LRG2_max_sCs2p8
5305,0.0,10294.109997870488,10294.109997870488,0.0,0.0,pvalloc_29nbfs_LRG2_max_sCs2p8
5306,0.0,8325.709247505114,8325.709247505114,0.0,0.0,pvalloc_29nbfs_LRG2_max_sCs2p8
5307,0.0,7293.515981600715,7293.515981600715,0.0,0.0,pvalloc_29nbfs_LRG2_max_sCs2p8
5308,0.0,6735.77447883469,6735.77447883469,0.0,0.0,pvalloc_29nbfs_LRG2_max_sCs2p8
5309,0.0,6710.483943585054,6710.483943585054,0.0,0.0,pvalloc_29nbfs_LRG2_max_sCs2p8
5310,30.303210730420222,4984.983134688122,4985.368260128796,30.303210730420222,0.0,pvalloc_29nbfs_LRG2_max_sCs2p8
5311,11751.2153546106,2510.584288092961,12418.844924318542,11751.2153546106,0.0,pvalloc_29nbfs_LRG2_max_sCs2p8
5312,32869.01690489034,2874.343565492166,33117.581634011505,32869.01690489034,0.0,pvalloc_29nbfs_LRG2_max_sCs2p8
5313,54814.83499493107,3219.797456771727,54955.53840285218,53149.858302179775,1664.9766927513094,pvalloc_29nbfs_LRG2_max_sCs2p8
5314,74957.08685080011,3688.729536583982,75083.07431800629,67483.71275645308,7473.374094347069,pvalloc_29nbfs_LRG2_max_sCs2p8
5315,91190.34500650004,3849.742324431742,91302.79900496737,76296.20696005315,14894.138046446902,pvalloc_29nbfs_LRG2_max_sCs2p8
5316,85234.4857576157,5913.176444007983,85584.41557077752,73338.13631201944,11896.349445596305,pvalloc_29nbfs_LRG2_max_sCs2p8
5317,90958.82986548895,5415.218212128404,91198.91853401868,76181.17408772773,14777.655777761229,pvalloc_29nbfs_LRG2_max_sCs2p8
5318,88563.05924392857,5553.045414626008,88835.20109445162,74905.83146258314,13657.227781345411,pvalloc_29nbfs_LRG2_max_sCs2p8
5319,82018.41123840348,4917.0295983048445,82252.05613265015,71431.31995254784,10587.091285855624,pvalloc_29nbfs_LRG2_max_sCs2p8
5320,67937.94058882695,4825.657031630293,68236.25463482497,62832.33475917828,5105.605829648694,pvalloc_29nbfs_LRG2_max_sCs2p8
5321,50056.76992438162,4697.474032687261,50513.87584884965,49096.248974893664,960.5209494879479,pvalloc_29nbfs_LRG2_max_sCs2p8
5322,31967.845553683,3954.809451547309,32562.243768608947,31967.845553683,0.0,pvalloc_29nbfs_LRG2_max_sCs2p8
5323,10836.436149704732,4742.449428418117,12903.431669754747,10836.436149704732,0.0,pvalloc_29nbfs_LRG2_max_sCs2p8
5324,0.6165545583833121,11780.598395433224,11780.598395433224,0.6165545583833121,0.0,pvalloc_29nbfs_LRG2_max_sCs2p8
5325,0.0,17798.4514230697,17798.4514230697,0.0,0.0,pvalloc_29nbfs_LRG2_max_sCs2p8
5326,0.0,19605.334016129706,19605.334016129706,0.0,0.0,pvalloc_29nbfs_LRG2_max_sCs2p8
5327,0.0,17993.3392447101,17993.3392447101,0.0,0.0,pvalloc_29nbfs_LRG2_max_sCs2p8
5328,0.0,14499.905393880885,14499.905393880885,0.0,0.0,pvalloc_29nbfs_LRG2_max_sCs2p8
5329,0.0,10706.798579119697,10706.798579119697,0.0,0.0,pvalloc_29nbfs_LRG2_max_sCs2p8
5330,0.0,8691.305275136961,8691.305275136961,0.0,0.0,pvalloc_29nbfs_LRG2_max_sCs2p8
5331,0.0,7299.838339654398,7299.838339654398,0.0,0.0,pvalloc_29nbfs_LRG2_max_sCs2p8
5332,0.0,6942.4868277889755,6942.4868277889755,0.0,0.0,pvalloc_29nbfs_LRG2_max_sCs2p8
5333,0.0,6828.13401308158,6828.13401308158,0.0,0.0,pvalloc_29nbfs_LRG2_max_sCs2p8
5334,10.246012047811925,5417.913229444214,5418.048820024615,10.246012047811925,0.0,pvalloc_29nbfs_LRG2_max_sCs2p8
5335,10504.977466390072,2805.838686778589,11438.139798370094,10504.977466390072,0.0,pvalloc_29nbfs_LRG2_max_sCs2p8
5336,31587.79644928402,3234.4566533650395,31942.882800250867,31587.79644928402,0.0,pvalloc_29nbfs_LRG2_max_sCs2p8
5337,53925.9073900436,3412.6627263109385,54094.694988219286,52411.69423797598,1514.213152067616,pvalloc_29nbfs_LRG2_max_sCs2p8
5338,73873.24995460991,3725.5709538902283,74000.64669562544,66833.0260064164,7040.223948193439,pvalloc_29nbfs_LRG2_max_sCs2p8
5339,89046.6160869561,4023.098160294397,89163.84986360198,75276.71355974124,13769.902527214837,pvalloc_29nbfs_LRG2_max_sCs2p8
5340,84360.94341118405,5740.350559746941,84709.4463251981,72964.16041979344,11396.782991390552,pvalloc_29nbfs_LRG2_max_sCs2p8
5341,88659.03714011246,5708.71001305357,88950.0545212607,75097.60824655498,13561.428893557435,pvalloc_29nbfs_LRG2_max_sCs2p8
5342,85471.30432419732,6552.6593862046075,85928.97782376713,73432.20273891273,12039.101585284623,pvalloc_29nbfs_LRG2_max_sCs2p8
5343,80351.10290525212,5459.1867090508495,80661.51583516537,70487.30434644422,9863.798558807868,pvalloc_29nbfs_LRG2_max_sCs2p8
5344,68384.1287814317,4524.344633341749,68642.28119514277,63124.230911615676,5259.897869815945,pvalloc_29nbfs_LRG2_max_sCs2p8
5345,48964.90202085031,4481.468488608479,49387.22329479877,48175.74499717104,789.157023679282,pvalloc_29nbfs_LRG2_max_sCs2p8
5346,29290.343551778806,4464.088761664078,30117.985172037235,29290.343551778806,0.0,pvalloc_29nbfs_LRG2_max_sCs2p8
5347,7442.769691659434,6365.684958241262,10945.902261624718,7442.769691659434,0.0,pvalloc_29nbfs_LRG2_max_sCs2p8
5348,0.0,15989.85318889917,15989.85318889917,0.0,0.0,pvalloc_29nbfs_LRG2_max_sCs2p8
5349,0.0,16826.71504393423,16826.71504393423,0.0,0.0,pvalloc_29nbfs_LRG2_max_sCs2p8
5350,0.0,17455.218388780388,17455.218388780388,0.0,0.0,pvalloc_29nbfs_LRG2_max_sCs2p8
5351,0.0,17312.601875985754,17312.601875985754,0.0,0.0,pvalloc_29nbfs_LRG2_max_sCs2p8
5352,0.0,14414.143741518079,14414.143741518079,0.0,0.0,pvalloc_29nbfs_LRG2_max_sCs2p8
5353,0.0,9954.17201230051,9954.17201230051,0.0,0.0,pvalloc_29nbfs_LRG2_max_sCs2p8
5354,0.0,8448.308232531268,8448.308232531268,0.0,0.0,pvalloc_29nbfs_LRG2_max_sCs2p8
5355,0.0,7461.470557932398,7461.470557932398,0.0,0.0,pvalloc_29nbfs_LRG2_max_sCs2p8
5356,0.0,6904.553782501743,6904.553782501743,0.0,0.0,pvalloc_29nbfs_LRG2_max_sCs2p8
5357,0.0,6785.528064411384,6785.528064411384,0.0,0.0,pvalloc_29nbfs_LRG2_max_sCs2p8
5358,16.20061687471275,5398.163046969413,5398.393010845571,16.20061687471275,0.0,pvalloc_29nbfs_LRG2_max_sCs2p8
5359,10621.89777006328,2700.338359982842,11464.298153746735,10621.89777006328,0.0,pvalloc_29nbfs_LRG2_max_sCs2p8
5360,31814.926197143413,3036.5775677431147,32115.48278143525,31814.926197143413,0.0,pvalloc_29nbfs_LRG2_max_sCs2p8
5361,51627.462920609294,4021.67580970406,51931.4563139453,50504.64346671199,1122.8194538973123,pvalloc_29nbfs_LRG2_max_sCs2p8
5362,72711.23129436199,4119.579959371815,72875.53496303783,66132.87867383142,6578.352620530561,pvalloc_29nbfs_LRG2_max_sCs2p8
5363,86933.82010440131,4994.827024495932,87142.66622407683,74312.38937943552,12621.430724965823,pvalloc_29nbfs_LRG2_max_sCs2p8
5364,84888.9456353636,5829.793784504602,85249.98290144051,73247.84596172124,11641.099673642346,pvalloc_29nbfs_LRG2_max_sCs2p8
5365,87842.2912699963,6394.181960790699,88276.11713644576,74767.27771134941,13075.01355864694,pvalloc_29nbfs_LRG2_max_sCs2p8
5366,90074.44870828209,5273.567940798178,90312.54437421358,75671.92942011009,14402.519288171998,pvalloc_29nbfs_LRG2_max_sCs2p8
5367,81532.64110610473,4898.520213692069,81759.6580884764,71191.15823897778,10341.48286712692,pvalloc_29nbfs_LRG2_max_sCs2p8
5368,67785.0694986288,4601.350348740343,68042.05745229448,62794.965125336734,4990.104373292019,pvalloc_29nbfs_LRG2_max_sCs2p8
5369,48928.081057322044,4696.805284304964,49391.25975551925,48167.854230551464,760.2268267705924,pvalloc_29nbfs_LRG2_max_sCs2p8
5370,28008.480808367272,4838.861047949204,29075.807443146692,28008.480808367272,0.0,pvalloc_29nbfs_LRG2_max_sCs2p8
5371,9366.605969979559,5176.165712935881,11827.445600318819,9366.605969979559,0.0,pvalloc_29nbfs_LRG2_max_sCs2p8
5372,0.0,16855.910998791645,16855.910998791645,0.0,0.0,pvalloc_29nbfs_LRG2_max_sCs2p8
5373,0.0,17345.89249504484,17345.89249504484,0.0,0.0,pvalloc_29nbfs_LRG2_max_sCs2p8
5374,0.0,16579.52219038973,16579.52219038973,0.0,0.0,pvalloc_29nbfs_LRG2_max_sCs2p8
5375,0.0,15251.446364993697,15251.446364993697,0.0,0.0,pvalloc_29nbfs_LRG2_max_sCs2p8
5376,0.0,13188.262672566276,13188.262672566276,0.0,0.0,pvalloc_29nbfs_LRG2_max_sCs2p8
5377,0.0,11323.92566649367,11323.92566649367,0.0,0.0,pvalloc_29nbfs_LRG2_max_sCs2p8
5378,0.0,9734.491596408214,9734.491596408214,0.0,0.0,pvalloc_29nbfs_LRG2_max_sCs2p8
5379,0.0,8493.110696508547,8493.110696508547,0.0,0.0,pvalloc_29nbfs_LRG2_max_sCs2p8
5380,0.0,7434.255107382792,7434.255107382792,0.0,0.0,pvalloc_29nbfs_LRG2_max_sCs2p8
5381,0.0,7087.3506932827795,7087.3506932827795,0.0,0.0,pvalloc_29nbfs_LRG2_max_sCs2p8
5382,6.52120353895807,5749.49772815823,5749.597118968069,6.52120353895807,0.0,pvalloc_29nbfs_LRG2_max_sCs2p8
5383,10252.883085899102,2774.4847264182094,11157.174682947205,10252.883085899102,0.0,pvalloc_29nbfs_LRG2_max_sCs2p8
5384,32069.378287238163,2885.5980503335168,32337.127498670892,32069.378287238163,0.0,pvalloc_29nbfs_LRG2_max_sCs2p8
5385,54199.5747797138,3221.0025631125245,54345.25412322439,52632.468489512365,1567.1062902014564,pvalloc_29nbfs_LRG2_max_sCs2p8
5386,72802.98823066895,3905.235282090257,72942.80310310704,66182.24889083073,6620.739339838186,pvalloc_29nbfs_LRG2_max_sCs2p8
5387,88417.72701193731,4434.800077774518,88565.48685012324,74961.7322285403,13455.994783396965,pvalloc_29nbfs_LRG2_max_sCs2p8
5388,85509.86397421845,5516.984884845277,85794.93756320994,73486.20739101063,12023.656583207805,pvalloc_29nbfs_LRG2_max_sCs2p8
5389,89243.65411741691,5835.616186667276,89546.63163107673,75338.8123571545,13904.84176026241,pvalloc_29nbfs_LRG2_max_sCs2p8
5390,85610.68655206663,6239.885202273533,85999.94277993371,73449.23602703103,12161.45052503559,pvalloc_29nbfs_LRG2_max_sCs2p8
5391,78814.85480497329,5603.9843191841965,79151.58684508689,69671.06018139997,9143.79462357331,pvalloc_29nbfs_LRG2_max_sCs2p8
5392,64775.25386109832,5314.59293020485,65183.815466614215,60733.83117679545,4041.422684302858,pvalloc_29nbfs_LRG2_max_sCs2p8
5393,45996.115428797544,5338.351139735511,46707.922384028214,45552.512506103034,443.6029226945113,pvalloc_29nbfs_LRG2_max_sCs2p8
5394,27030.71203089474,4954.141089224528,28197.338045692857,27030.71203089474,0.0,pvalloc_29nbfs_LRG2_max_sCs2p8
5395,6321.212616973788,7006.3789797645095,10430.166532869765,6321.212616973788,0.0,pvalloc_29nbfs_LRG2_max_sCs2p8
5396,0.0,17146.012240082204,17146.012240082204,0.0,0.0,pvalloc_29nbfs_LRG2_max_sCs2p8
5397,0.0,18592.2121303555,18592.2121303555,0.0,0.0,pvalloc_29nbfs_LRG2_max_sCs2p8
5398,0.0,17959.280865600802,17959.280865600802,0.0,0.0,pvalloc_29nbfs_LRG2_max_sCs2p8
5399,0.0,15321.147510146637,15321.147510146637,0.0,0.0,pvalloc_29nbfs_LRG2_max_sCs2p8
5400,0.0,13722.161589340783,13722.161589340783,0.0,0.0,pvalloc_29nbfs_LRG2_max_sCs2p8
5401,0.0,10430.229263731497,10430.229263731497,0.0,0.0,pvalloc_29nbfs_LRG2_max_sCs2p8
5402,0.0,8829.571873465273,8829.571873465273,0.0,0.0,pvalloc_29nbfs_LRG2_max_sCs2p8
5403,0.0,7657.188196967489,7657.188196967489,0.0,0.0,pvalloc_29nbfs_LRG2_max_sCs2p8
5404,0.0,7455.696363549953,7455.696363549953,0.0,0.0,pvalloc_29nbfs_LRG2_max_sCs2p8
5405,0.0,7031.549107246736,7031.549107246736,0.0,0.0,pvalloc_29nbfs_LRG2_max_sCs2p8
5406,1.9981509122230396,6089.756437797668,6089.803788790199,1.9981509122230396,0.0,pvalloc_29nbfs_LRG2_max_sCs2p8
5407,10245.744421315632,2615.8602068731316,11049.497461433328,10245.744421315632,0.0,pvalloc_29nbfs_LRG2_max_sCs2p8
5408,29304.538222094405,3029.06811689668,29643.59683028661,29304.538222094405,0.0,pvalloc_29nbfs_LRG2_max_sCs2p8
5409,48763.012788947985,3991.4495593235188,49080.017760268944,48070.39680872355,692.615980224429,pvalloc_29nbfs_LRG2_max_sCs2p8
5410,67045.42188198418,3842.8198413673827,67207.34193379455,62347.15810687551,4698.263775108609,pvalloc_29nbfs_LRG2_max_sCs2p8
5411,74845.56425920545,4142.303651760786,75017.56960443206,67356.8235994066,7488.740659798881,pvalloc_29nbfs_LRG2_max_sCs2p8
5412,63304.09606419025,5462.651085104767,63784.36748031241,59680.25909810677,3623.8369660834787,pvalloc_29nbfs_LRG2_max_sCs2p8
5413,62770.68966925178,6093.9550761391465,63401.42377401835,59232.75468128463,3537.9349879671545,pvalloc_29nbfs_LRG2_max_sCs2p8
5414,57274.0811178656,6035.391975649125,57998.22714419564,54904.36732319364,2369.713794671967,pvalloc_29nbfs_LRG2_max_sCs2p8
5415,46204.63153761034,5488.386577671209,46964.3761742996,45693.68282024978,510.9487173605524,pvalloc_29nbfs_LRG2_max_sCs2p8
5416,34368.36672568074,5014.532597955134,35259.20936597997,34319.56584704063,48.80087864011165,pvalloc_29nbfs_LRG2_max_sCs2p8
5417,27438.55303206687,4820.5557678259875,28491.865039232307,27438.55303206687,0.0,pvalloc_29nbfs_LRG2_max_sCs2p8
5418,11358.324767916482,5234.419657709118,13692.009636136248,11358.324767916482,0.0,pvalloc_29nbfs_LRG2_max_sCs2p8
5419,2517.1929209389073,6575.831975765096,7235.749879794522,2517.1929209389073,0.0,pvalloc_29nbfs_LRG2_max_sCs2p8
5420,0.0,14157.295781725466,14157.295781725466,0.0,0.0,pvalloc_29nbfs_LRG2_max_sCs2p8
5421,0.0,16175.31795512087,16175.31795512087,0.0,0.0,pvalloc_29nbfs_LRG2_max_sCs2p8
5422,0.0,16617.529616008724,16617.529616008724,0.0,0.0,pvalloc_29nbfs_LRG2_max_sCs2p8
5423,0.0,15583.466132818583,15583.466132818583,0.0,0.0,pvalloc_29nbfs_LRG2_max_sCs2p8
5424,0.0,13573.678772779584,13573.678772779584,0.0,0.0,pvalloc_29nbfs_LRG2_max_sCs2p8
4920,0.0,11113.463869085279,11113.463869085279,0.0,0.0,pvalloc_29nbfs_LRG2_max_sCs4p4
4921,0.0,10737.831728562101,10737.831728562101,0.0,0.0,pvalloc_29nbfs_LRG2_max_sCs4p4
4922,0.0,10105.311448681487,10105.311448681487,0.0,0.0,pvalloc_29nbfs_LRG2_max_sCs4p4
4923,0.0,8120.094880445638,8120.094880445638,0.0,0.0,pvalloc_29nbfs_LRG2_max_sCs4p4
4924,0.0,7251.733657230992,7251.733657230992,0.0,0.0,pvalloc_29nbfs_LRG2_max_sCs4p4
4925,0.0,6971.075169345191,6971.075169345191,0.0,0.0,pvalloc_29nbfs_LRG2_max_sCs4p4
4926,823.7110807236133,3596.4644821860784,3690.9328337290144,823.7110807236133,0.0,pvalloc_29nbfs_LRG2_max_sCs4p4
4927,15761.085953951484,2536.371094232099,16268.842457889994,15761.085953951484,0.0,pvalloc_29nbfs_LRG2_max_sCs4p4
4928,35993.33461562529,2697.901715364252,36178.882672728796,35926.664379072456,66.67023655282856,pvalloc_29nbfs_LRG2_max_sCs4p4
4929,55366.76602723159,3338.084570972951,55523.301989811705,53600.00062871715,1766.7653985144266,pvalloc_29nbfs_LRG2_max_sCs4p4
4930,74388.51108537611,3562.9673773323257,74502.30335230156,67097.20790384444,7291.303181531669,pvalloc_29nbfs_LRG2_max_sCs4p4
4931,89315.11776233501,4072.3320582627493,89444.01997577828,75344.71290966182,13970.40485267316,pvalloc_29nbfs_LRG2_max_sCs4p4
4932,74219.15228719152,5133.80088819226,74527.14847025827,66961.29315635518,7257.859130836239,pvalloc_29nbfs_LRG2_max_sCs4p4
4933,61765.81270578932,6642.937187307553,62613.40671788691,58532.38109695682,3233.431608832501,pvalloc_29nbfs_LRG2_max_sCs4p4
4934,58390.44069865667,5487.978595710333,58934.567438423524,55849.22227002988,2541.2184286267907,pvalloc_29nbfs_LRG2_max_sCs4p4
4935,50979.41978787886,5066.93215331755,51547.27422404585,49810.342131345446,1169.0776565334156,pvalloc_29nbfs_LRG2_max_sCs4p4
4936,50362.99265613755,4815.612893447917,50877.186225542086,49303.68884644782,1059.3038096897276,pvalloc_29nbfs_LRG2_max_sCs4p4
4937,34084.886713989086,4267.357400408094,34734.7686031398,34042.700740738095,42.18597325100018,pvalloc_29nbfs_LRG2_max_sCs4p4
4938,16343.493683502864,3926.507443754629,17455.56754950801,16343.493683502864,0.0,pvalloc_29nbfs_LRG2_max_sCs4p4
4939,7179.888305126513,5152.579623895502,9874.209889304002,7179.888305126513,0.0,pvalloc_29nbfs_LRG2_max_sCs4p4
4940,296.31995935825836,8837.806823606188,8841.254190079357,296.31995935825836,0.0,pvalloc_29nbfs_LRG2_max_sCs4p4
4941,0.0,12714.325160437364,12714.325160437364,0.0,0.0,pvalloc_29nbfs_LRG2_max_sCs4p4
4942,0.0,13844.117670126652,13844.117670126652,0.0,0.0,pvalloc_29nbfs_LRG2_max_sCs4p4
4943,0.0,13190.081500942473,13190.081500942473,0.0,0.0,pvalloc_29nbfs_LRG2_max_sCs4p4
4944,0.0,15734.473543662867,15734.473543662867,0.0,0.0,pvalloc_29nbfs_LRG2_max_sCs4p4
4945,0.0,11843.652935827871,11843.652935827871,0.0,0.0,pvalloc_29nbfs_LRG2_max_sCs4p4
4946,0.0,9148.163406638314,9148.163406638314,0.0,0.0,pvalloc_29nbfs_LRG2_max_sCs4p4
4947,0.0,7889.191632688865,7889.191632688865,0.0,0.0,pvalloc_29nbfs_LRG2_max_sCs4p4
4948,0.0,7842.183829125384,7842.183829125384,0.0,0.0,pvalloc_29nbfs_LRG2_max_sCs4p4
4949,0.0,6888.334696423667,6888.334696423667,0.0,0.0,pvalloc_29nbfs_LRG2_max_sCs4p4
4950,7.620478598555696,5201.47572770974,5201.4930400726935,7.620478598555696,0.0,pvalloc_29nbfs_LRG2_max_sCs4p4
4951,9123.58742544956,2539.592239822459,9969.757977811825,9123.58742544956,0.0,pvalloc_29nbfs_LRG2_max_sCs4p4
4952,30301.493446273846,2554.131178813433,30515.08305245369,30301.493446273846,0.0,pvalloc_29nbfs_LRG2_max_sCs4p4
4953,54003.54819716302,3006.762967431013,54127.690159412945,52469.21161248927,1534.3365846737415,pvalloc_29nbfs_LRG2_max_sCs4p4
4954,75422.39044121894,3368.8320766304296,75518.46079128882,67729.2524795097,7693.1379617092525,pvalloc_29nbfs_LRG2_max_sCs4p4
4955,86704.84099958581,3615.91800966371,86811.71240785104,73961.40266475889,12743.438334826893,pvalloc_29nbfs_LRG2_max_sCs4p4
4956,74735.10036412938,4604.605168461652,74961.134684451,67279.61910522959,7455.481258899818,pvalloc_29nbfs_LRG2_max_sCs4p4
4957,50049.7987786878,4868.095544597227,50565.41790339217,49060.76072347834,989.0380552094515,pvalloc_29nbfs_LRG2_max_sCs4p4
4958,60895.10013054004,5005.975190331722,61338.16212274513,57679.84700506007,3215.2531254799824,pvalloc_29nbfs_LRG2_max_sCs4p4
4959,48570.42624158603,5048.800164693484,49207.39785269742,47747.00132469754,823.4249168884871,pvalloc_29nbfs_LRG2_max_sCs4p4
4960,44655.57439900247,4723.631064026371,45272.35002211731,44235.14641141598,420.42798758649343,pvalloc_29nbfs_LRG2_max_sCs4p4
4961,35979.02768133532,4805.759748280936,36782.83723638199,35881.35762476816,97.67005656715043,pvalloc_29nbfs_LRG2_max_sCs4p4
4962,19839.86172067042,4687.611607654946,21184.304457002996,19839.86172067042,0.0,pvalloc_29nbfs_LRG2_max_sCs4p4
4963,9129.651816398187,6051.049040340477,12244.253826022124,9129.651816398187,0.0,pvalloc_29nbfs_LRG2_max_sCs4p4
4964,3.5753611423399807,11428.30381990573,11428.30381990573,3.5753611423399807,0.0,pvalloc_29nbfs_LRG2_max_sCs4p4
4965,0.0,21698.627529472968,21698.627529472968,0.0,0.0,pvalloc_29nbfs_LRG2_max_sCs4p4
4966,0.0,15054.668580548847,15054.668580548847,0.0,0.0,pvalloc_29nbfs_LRG2_max_sCs4p4
4967,0.0,14761.300435221638,14761.300435221638,0.0,0.0,pvalloc_29nbfs_LRG2_max_sCs4p4
4968,0.0,12492.279958567411,12492.279958567411,0.0,0.0,pvalloc_29nbfs_LRG2_max_sCs4p4
4969,0.0,10052.532145121631,10052.532145121631,0.0,0.0,pvalloc_29nbfs_LRG2_max_sCs4p4
4970,0.0,8034.332061846784,8034.332061846784,0.0,0.0,pvalloc_29nbfs_LRG2_max_sCs4p4
4971,0.0,7219.022230515399,7219.022230515399,0.0,0.0,pvalloc_29nbfs_LRG2_max_sCs4p4
4972,0.0,6689.043790452777,6689.043790452777,0.0,0.0,pvalloc_29nbfs_LRG2_max_sCs4p4
4973,0.0,6426.52820091012,6426.52820091012,0.0,0.0,pvalloc_29nbfs_LRG2_max_sCs4p4
4974,161.10452227290662,3989.556605154687,3991.5063534948695,161.10452227290662,0.0,pvalloc_29nbfs_LRG2_max_sCs4p4
4975,10202.554132932899,2534.2144228419806,10985.46670397534,10202.554132932899,0.0,pvalloc_29nbfs_LRG2_max_sCs4p4
4976,3134.6081545964885,2922.339727432104,4786.804089181866,3134.6081545964885,0.0,pvalloc_29nbfs_LRG2_max_sCs4p4
4977,18337.56334005939,3139.0042126836997,19030.414582765574,18337.56334005939,0.0,pvalloc_29nbfs_LRG2_max_sCs4p4
4978,36175.40286843606,3432.6477752607225,36531.28567014863,36084.09935734257,91.3035110934876,pvalloc_29nbfs_LRG2_max_sCs4p4
4979,57339.36522226488,3908.8832074344473,57571.2539899014,55088.34296645708,2251.0222558077967,pvalloc_29nbfs_LRG2_max_sCs4p4
4980,59621.742782282294,4677.7218677172605,59968.57612681662,56856.13898392379,2765.603798358491,pvalloc_29nbfs_LRG2_max_sCs4p4
4981,62945.24220312306,5378.021663178989,63405.45527610625,59352.89462349594,3592.3475796271227,pvalloc_29nbfs_LRG2_max_sCs4p4
4982,47635.18187312614,4926.173607974806,48238.51058027478,46947.8060119108,687.3758612153281,pvalloc_29nbfs_LRG2_max_sCs4p4
4983,52861.01918288431,5535.700741573662,53506.80153944622,51406.16041051573,1454.8587723685846,pvalloc_29nbfs_LRG2_max_sCs4p4
4984,42936.46843644503,4886.100864056461,43581.39876647867,42655.63871784464,280.8297186003856,pvalloc_29nbfs_LRG2_max_sCs4p4
4985,28497.22329282931,4367.254711408146,29331.747872502834,28497.22329282931,0.0,pvalloc_29nbfs_LRG2_max_sCs4p4
4986,22523.989240465486,4916.987292508256,23926.157009758746,22523.989240465486,0.0,pvalloc_29nbfs_LRG2_max_sCs4p4
4987,9973.879759621384,5114.8480656801985,12425.019711845858,9973.879759621384,0.0,pvalloc_29nbfs_LRG2_max_sCs4p4
4988,1.749906197020339,11602.774034545035,11602.774034545035,1.749906197020339,0.0,pvalloc_29nbfs_LRG2_max_sCs4p4
4989,0.0,15306.207062822388,15306.207062822388,0.0,0.0,pvalloc_29nbfs_LRG2_max_sCs4p4
4990,0.0,18487.54111223772,18487.54111223772,0.0,0.0,pvalloc_29nbfs_LRG2_max_sCs4p4
4991,0.0,15678.910070087288,15678.910070087288,0.0,0.0,pvalloc_29nbfs_LRG2_max_sCs4p4
4992,0.0,12457.95010585332,12457.95010585332,0.0,0.0,pvalloc_29nbfs_LRG2_max_sCs4p4
4993,0.0,9566.578165666271,9566.578165666271,0.0,0.0,pvalloc_29nbfs_LRG2_max_sCs4p4
4994,0.0,8172.598108657662,8172.598108657662,0.0,0.0,pvalloc_29nbfs_LRG2_max_sCs4p4
4995,0.0,7275.373634775014,7275.373634775014,0.0,0.0,pvalloc_29nbfs_LRG2_max_sCs4p4
4996,0.0,6657.432000184344,6657.432000184344,0.0,0.0,pvalloc_29nbfs_LRG2_max_sCs4p4
4997,0.0,6227.237294939229,6227.237294939229,0.0,0.0,pvalloc_29nbfs_LRG2_max_sCs4p4
4998,409.33708292447375,3581.794023359861,3598.622623240587,409.33708292447375,0.0,pvalloc_29nbfs_LRG2_max_sCs4p4
4999,14923.19530832003,2526.3582999525047,15467.783412228262,14923.19530832003,0.0,pvalloc_29nbfs_LRG2_max_sCs4p4
5000,33566.25273428433,2776.546389163164,33791.76184619555,33555.806189621704,10.44654466262358,pvalloc_29nbfs_LRG2_max_sCs4p4
5001,52006.8984283041,3114.549160949993,52153.537675375395,50793.69401491121,1213.2044133928896,pvalloc_29nbfs_LRG2_max_sCs4p4
5002,65699.26464027744,3225.2239445096916,65815.94422186507,61378.543300196914,4320.721340080488,pvalloc_29nbfs_LRG2_max_sCs4p4
5003,85563.19956834188,3940.369444059538,85687.82313932196,73404.50916658383,12158.690401758033,pvalloc_29nbfs_LRG2_max_sCs4p4
5004,83655.95348606331,4478.117193556516,83826.83778852687,72399.87980541054,11256.073680652722,pvalloc_29nbfs_LRG2_max_sCs4p4
5005,90114.15366796283,4606.52487706295,90290.75836112158,75711.28690289776,14402.866765065106,pvalloc_29nbfs_LRG2_max_sCs4p4
5006,83914.71350313888,4591.916081828875,84120.3500358231,72421.01522585689,11493.698277282,pvalloc_29nbfs_LRG2_max_sCs4p4
5007,70142.11307237226,4609.456473375605,70402.98084770581,64296.237808086546,5845.875264285557,pvalloc_29nbfs_LRG2_max_sCs4p4
5008,55300.323127697484,4087.6750007252276,55594.97925781816,53406.89762634337,1893.4255013541301,pvalloc_29nbfs_LRG2_max_sCs4p4
5009,32729.38107122347,3834.4358586049693,33277.24364285379,32721.323222889667,8.057848333800678,pvalloc_29nbfs_LRG2_max_sCs4p4
5010,13738.981941407408,3958.3156494674213,15068.959879969407,13738.981941407408,0.0,pvalloc_29nbfs_LRG2_max_sCs4p4
5011,2512.8485440896648,6083.731769667872,6860.100920354607,2512.8485440896648,0.0,pvalloc_29nbfs_LRG2_max_sCs4p4
5012,0.024958675141344665,13827.349048404581,13827.349048404581,0.024958675141344665,0.0,pvalloc_29nbfs_LRG2_max_sCs4p4
5013,0.0,14662.181682635239,14662.181682635239,0.0,0.0,pvalloc_29nbfs_LRG2_max_sCs4p4
5014,0.0,16274.799124460178,16274.799124460178,0.0,0.0,pvalloc_29nbfs_LRG2_max_sCs4p4
5015,0.0,15624.092956490873,15624.092956490873,0.0,0.0,pvalloc_29nbfs_LRG2_max_sCs4p4
5016,0.0,12724.185769730162,12724.185769730162,0.0,0.0,pvalloc_29nbfs_LRG2_max_sCs4p4
5017,0.0,10867.074894322574,10867.074894322574,0.0,0.0,pvalloc_29nbfs_LRG2_max_sCs4p4
5018,0.0,8769.371741640622,8769.371741640622,0.0,0.0,pvalloc_29nbfs_LRG2_max_sCs4p4
5019,0.0,7592.314610242441,7592.314610242441,0.0,0.0,pvalloc_29nbfs_LRG2_max_sCs4p4
5020,0.0,6804.494587055006,6804.494587055006,0.0,0.0,pvalloc_29nbfs_LRG2_max_sCs4p4
5021,0.0,6914.447201421452,6914.447201421452,0.0,0.0,pvalloc_29nbfs_LRG2_max_sCs4p4
5022,126.5674616432567,4157.07755189971,4158.650013373196,126.5674616432567,0.0,pvalloc_29nbfs_LRG2_max_sCs4p4
5023,10440.486273725652,2564.3727104857553,11233.472150070873,10440.486273725652,0.0,pvalloc_29nbfs_LRG2_max_sCs4p4
5024,21691.48297554832,2749.5266002686644,22113.81140872416,21691.48297554832,0.0,pvalloc_29nbfs_LRG2_max_sCs4p4
5025,18560.459139185656,3366.8749398169593,19407.325056246165,18560.459139185656,0.0,pvalloc_29nbfs_LRG2_max_sCs4p4
5026,30574.596873666287,3799.29370259829,31186.757003422277,30574.596873666287,0.0,pvalloc_29nbfs_LRG2_max_sCs4p4
5027,65863.75346262722,3646.597350459636,66022.02146207134,61450.87222026621,4412.881242360995,pvalloc_29nbfs_LRG2_max_sCs4p4
5028,78968.62767594637,5326.909657093817,79295.87073375071,69859.26993387692,9109.35774206943,pvalloc_29nbfs_LRG2_max_sCs4p4
5029,52061.50126455564,5045.602038304078,52595.22825166183,50732.67618143278,1328.825083122867,pvalloc_29nbfs_LRG2_max_sCs4p4
5030,22716.08746014206,5837.390492520715,24591.050036500827,22716.08746014206,0.0,pvalloc_29nbfs_LRG2_max_sCs4p4
5031,25365.970990590144,4960.294901995205,26612.252485596153,25365.970990590144,0.0,pvalloc_29nbfs_LRG2_max_sCs4p4
5032,33757.552410345685,4039.1303682020666,34345.70977471762,33716.166715293475,41.38569505220005,pvalloc_29nbfs_LRG2_max_sCs4p4
5033,26713.220420359547,4129.706761939584,27518.38764770533,26713.220420359547,0.0,pvalloc_29nbfs_LRG2_max_sCs4p4
5034,16596.912605786376,4723.570328596995,18220.179531618676,16596.912605786376,0.0,pvalloc_29nbfs_LRG2_max_sCs4p4
5035,10219.190610869824,5390.527704333405,12755.097756895191,10219.190610869824,0.0,pvalloc_29nbfs_LRG2_max_sCs4p4
5036,10.566789799567825,10991.153699256594,10991.16613440575,10.566789799567825,0.0,pvalloc_29nbfs_LRG2_max_sCs4p4
5037,0.0,15623.399766375918,15623.399766375918,0.0,0.0,pvalloc_29nbfs_LRG2_max_sCs4p4
5038,0.0,16022.715362504956,16022.715362504956,0.0,0.0,pvalloc_29nbfs_LRG2_max_sCs4p4
5039,0.0,16439.75171535185,16439.75171535185,0.0,0.0,pvalloc_29nbfs_LRG2_max_sCs4p4
5040,0.0,12326.556850038325,12326.556850038325,0.0,0.0,pvalloc_29nbfs_LRG2_max_sCs4p4
5041,0.0,9488.472208125193,9488.472208125193,0.0,0.0,pvalloc_29nbfs_LRG2_max_sCs4p4
5042,0.0,8024.4353338224,8024.4353338224,0.0,0.0,pvalloc_29nbfs_LRG2_max_sCs4p4
5043,0.0,7253.657469496068,7253.657469496068,0.0,0.0,pvalloc_29nbfs_LRG2_max_sCs4p4
5044,0.0,6638.189465394041,6638.189465394041,0.0,0.0,pvalloc_29nbfs_LRG2_max_sCs4p4
5045,0.0,6441.096729282571,6441.096729282571,0.0,0.0,pvalloc_29nbfs_LRG2_max_sCs4p4
5046,127.12630596881385,4133.65273639828,4135.204026131848,127.12630596881385,0.0,pvalloc_29nbfs_LRG2_max_sCs4p4
5047,11295.791983886329,2641.1963995720316,12116.862588030144,11295.791983886329,0.0,pvalloc_29nbfs_LRG2_max_sCs4p4
5048,32387.635948137027,2960.053335128116,32667.191759714256,32387.635948137027,0.0,pvalloc_29nbfs_LRG2_max_sCs4p4
5049,53143.69291754379,3327.719249725049,53312.48594121958,51764.47329995241,1379.2196175913703,pvalloc_29nbfs_LRG2_max_sCs4p4
5050,72236.44916810299,3409.364797269208,72336.05680273935,65792.07284227024,6444.376325832833,pvalloc_29nbfs_LRG2_max_sCs4p4
5051,65844.5654116029,3814.284146915812,66014.57962105786,61468.538065462235,4376.027346140674,pvalloc_29nbfs_LRG2_max_sCs4p4
5052,60333.140899038444,4448.131414553894,60628.40016739219,57421.001480209896,2912.1394188285394,pvalloc_29nbfs_LRG2_max_sCs4p4
5053,66920.6958174658,4710.9016036403855,67208.99396157055,62171.348830380535,4749.346987085315,pvalloc_29nbfs_LRG2_max_sCs4p4
5054,68046.45599877817,4590.61531558523,68321.34427766672,62858.70597732572,5187.750021452556,pvalloc_29nbfs_LRG2_max_sCs4p4
5055,57556.25336519387,4863.404528843046,57969.38558318452,55194.7390837062,2361.514281487677,pvalloc_29nbfs_LRG2_max_sCs4p4
5056,51407.370443116524,4305.020009616258,51767.52149327715,50217.1069663058,1190.263476810721,pvalloc_29nbfs_LRG2_max_sCs4p4
5057,34343.46040464086,3725.1229402204867,34832.43607481017,34300.060734881234,43.399669759626136,pvalloc_29nbfs_LRG2_max_sCs4p4
5058,12128.397949421405,3720.964691062921,13405.580186022875,12128.397949421405,0.0,pvalloc_29nbfs_LRG2_max_sCs4p4
5059,6178.97552678576,4370.769137919184,8407.681176060112,6178.97552678576,0.0,pvalloc_29nbfs_LRG2_max_sCs4p4
5060,213.05751436819665,7653.748590296942,7656.338747192671,213.05751436819665,0.0,pvalloc_29nbfs_LRG2_max_sCs4p4
5061,0.0,12442.644294585478,12442.644294585478,0.0,0.0,pvalloc_29nbfs_LRG2_max_sCs4p4
5062,0.0,12652.578225358759,12652.578225358759,0.0,0.0,pvalloc_29nbfs_LRG2_max_sCs4p4
5063,0.0,12878.862779430521,12878.862779430521,0.0,0.0,pvalloc_29nbfs_LRG2_max_sCs4p4
5064,0.0,12350.755659688532,12350.755659688532,0.0,0.0,pvalloc_29nbfs_LRG2_max_sCs4p4
5065,0.0,11097.685205202353,11097.685205202353,0.0,0.0,pvalloc_29nbfs_LRG2_max_sCs4p4
5066,0.0,9294.124150992036,9294.124150992036,0.0,0.0,pvalloc_29nbfs_LRG2_max_sCs4p4
5067,0.0,7868.8472553816255,7868.8472553816255,0.0,0.0,pvalloc_29nbfs_LRG2_max_sCs4p4
5068,0.0,6865.793803809358,6865.793803809358,0.0,0.0,pvalloc_29nbfs_LRG2_max_sCs4p4
5069,0.0,7046.117084101745,7046.117084101745,0.0,0.0,pvalloc_29nbfs_LRG2_max_sCs4p4
5070,117.87270109765876,4243.261715238149,4244.708679408715,117.87270109765876,0.0,pvalloc_29nbfs_LRG2_max_sCs4p4
5071,13180.719540037126,2495.4743046830076,13789.414245318225,13180.719540037126,0.0,pvalloc_29nbfs_LRG2_max_sCs4p4
5072,30181.06835244651,2796.737219988363,30453.835959528296,30181.06835244651,0.0,pvalloc_29nbfs_LRG2_max_sCs4p4
5073,52405.68463675674,3196.1288677245,52562.41109197273,51117.42852567794,1288.2561110788129,pvalloc_29nbfs_LRG2_max_sCs4p4
5074,69808.16370251363,3484.4089142185567,69941.4286015232,64156.16477864471,5651.998923868829,pvalloc_29nbfs_LRG2_max_sCs4p4
5075,80378.3841808605,3902.1294156480017,80523.20996228817,70541.76685753773,9836.617323322822,pvalloc_29nbfs_LRG2_max_sCs4p4
5076,70884.44662349037,4438.333711937155,71109.53682212786,64832.366090915726,6052.080532574519,pvalloc_29nbfs_LRG2_max_sCs4p4
5077,62705.47913612457,4864.230805762245,63055.84341576387,59158.71757464982,3546.7615614747547,pvalloc_29nbfs_LRG2_max_sCs4p4
5078,53273.17423359041,5048.544881119486,53807.01861333178,51713.70204555241,1559.4721880379989,pvalloc_29nbfs_LRG2_max_sCs4p4
5079,33084.39111412374,5064.700248357917,34067.034544764625,33056.35725161585,28.033862507879633,pvalloc_29nbfs_LRG2_max_sCs4p4
5080,36284.64455416141,4694.535508975456,37025.411652411676,36180.36836358992,104.27619057148945,pvalloc_29nbfs_LRG2_max_sCs4p4
5081,28589.139806303483,4457.665885816601,29460.040308185165,28589.139806303483,0.0,pvalloc_29nbfs_LRG2_max_sCs4p4
5082,16323.892522207989,4413.995781822408,17740.371282842152,16323.892522207989,0.0,pvalloc_29nbfs_LRG2_max_sCs4p4
5083,8592.902962779859,4733.351999692401,10817.222684958278,8592.902962779859,0.0,pvalloc_29nbfs_LRG2_max_sCs4p4
5084,45.19484014542876,9039.234931547022,9039.511941577952,45.19484014542876,0.0,pvalloc_29nbfs_LRG2_max_sCs4p4
5085,0.0,14038.884071464148,14038.884071464148,0.0,0.0,pvalloc_29nbfs_LRG2_max_sCs4p4
5086,0.0,16707.678657408916,16707.678657408916,0.0,0.0,pvalloc_29nbfs_LRG2_max_sCs4p4
5087,0.0,14798.423471834056,14798.423471834056,0.0,0.0,pvalloc_29nbfs_LRG2_max_sCs4p4
5088,0.0,12920.992928294934,12920.992928294934,0.0,0.0,pvalloc_29nbfs_LRG2_max_sCs4p4
5089,0.0,9900.944565301277,9900.944565301277,0.0,0.0,pvalloc_29nbfs_LRG2_max_sCs4p4
5090,0.0,9389.78590368506,9389.78590368506,0.0,0.0,pvalloc_29nbfs_LRG2_max_sCs4p4
5091,0.0,7401.546438254426,7401.546438254426,0.0,0.0,pvalloc_29nbfs_LRG2_max_sCs4p4
5092,0.0,6692.067790682455,6692.067790682455,0.0,0.0,pvalloc_29nbfs_LRG2_max_sCs4p4
5093,0.0,6497.448685059625,6497.448685059625,0.0,0.0,pvalloc_29nbfs_LRG2_max_sCs4p4
5094,300.5464365631659,3841.474663272879,3845.221436110579,300.5464365631659,0.0,pvalloc_29nbfs_LRG2_max_sCs4p4
5095,14805.14281350842,2372.042031402447,15272.884554077644,14805.14281350842,0.0,pvalloc_29nbfs_LRG2_max_sCs4p4
5096,34806.74899214572,2366.8363461364092,34943.939984286975,34777.4581171802,29.290874965514206,pvalloc_29nbfs_LRG2_max_sCs4p4
5097,56894.38090331907,2794.024902572114,56989.059250956445,54841.14700460023,2053.2338987188446,pvalloc_29nbfs_LRG2_max_sCs4p4
5098,73785.57853952098,2918.023425614326,73862.05131845284,66756.27292199692,7029.305617524103,pvalloc_29nbfs_LRG2_max_sCs4p4
5099,89267.76496855778,3507.856951405232,89368.92804458973,75291.19379499897,13976.57117355876,pvalloc_29nbfs_LRG2_max_sCs4p4
5100,75372.23047674159,4903.353277325663,75628.35166744929,67647.97366285141,7724.256813890241,pvalloc_29nbfs_LRG2_max_sCs4p4
5101,66109.60301910098,5574.982023143455,66577.345209546,61527.127566690135,4582.4754524107775,pvalloc_29nbfs_LRG2_max_sCs4p4
5102,71193.8788259929,5661.574373604548,71657.06078752372,64860.09214770406,6333.7866782887395,pvalloc_29nbfs_LRG2_max_sCs4p4
5103,64991.58307393759,5144.713806382236,65413.986954088294,60690.82480048917,4300.758273448409,pvalloc_29nbfs_LRG2_max_sCs4p4
5104,61184.23346219882,4940.893246960724,61614.437260620834,57895.336311119776,3288.8971510790507,pvalloc_29nbfs_LRG2_max_sCs4p4
5105,25872.536977877247,4797.5554631455825,26939.029798680793,25872.536977877247,0.0,pvalloc_29nbfs_LRG2_max_sCs4p4
5106,6548.201961041088,5128.616997193718,9135.213291264825,6548.201961041088,0.0,pvalloc_29nbfs_LRG2_max_sCs4p4
5107,1418.8139089245192,6932.263750788367,7053.782934540548,1418.8139089245192,0.0,pvalloc_29nbfs_LRG2_max_sCs4p4
5108,0.538724495559608,11343.887200593843,11343.887200593843,0.538724495559608,0.0,pvalloc_29nbfs_LRG2_max_sCs4p4
5109,0.0,13173.891725783154,13173.891725783154,0.0,0.0,pvalloc_29nbfs_LRG2_max_sCs4p4
5110,0.0,13106.449704799226,13106.449704799226,0.0,0.0,pvalloc_29nbfs_LRG2_max_sCs4p4
5111,0.0,12603.245316458497,12603.245316458497,0.0,0.0,pvalloc_29nbfs_LRG2_max_sCs4p4
5112,0.0,10413.182078012225,10413.182078012225,0.0,0.0,pvalloc_29nbfs_LRG2_max_sCs4p4
5113,0.0,8993.403916155026,8993.403916155026,0.0,0.0,pvalloc_29nbfs_LRG2_max_sCs4p4
5114,0.0,7817.17261512709,7817.17261512709,0.0,0.0,pvalloc_29nbfs_LRG2_max_sCs4p4
5115,0.0,7187.960258470543,7187.960258470543,0.0,0.0,pvalloc_29nbfs_LRG2_max_sCs4p4
5116,0.0,6597.782238100716,6597.782238100716,0.0,0.0,pvalloc_29nbfs_LRG2_max_sCs4p4
5117,0.0,6653.5821695844115,6653.5821695844115,0.0,0.0,pvalloc_29nbfs_LRG2_max_sCs4p4
5118,143.79177469164367,4119.492363668208,4121.177166786506,143.79177469164367,0.0,pvalloc_29nbfs_LRG2_max_sCs4p4
5119,10269.291153977538,2358.8679092767843,10949.918078122895,10269.291153977538,0.0,pvalloc_29nbfs_LRG2_max_sCs4p4
5120,31156.542896978863,2382.4940718826006,31325.843580844725,31156.542896978863,0.0,pvalloc_29nbfs_LRG2_max_sCs4p4
5121,54453.825826953915,2713.554361346708,54551.057263146104,52865.49221293501,1588.3336140189033,pvalloc_29nbfs_LRG2_max_sCs4p4
5122,70445.93784853761,3179.6269349946338,70542.7491591657,64644.82519832945,5801.11265020822,pvalloc_29nbfs_LRG2_max_sCs4p4
5123,88937.11368635844,3493.9452021720144,89021.68403178893,75204.22917391807,13732.884512440407,pvalloc_29nbfs_LRG2_max_sCs4p4
5124,88528.30724786331,4692.389377926612,88693.88550593755,75037.50396845669,13490.803279406648,pvalloc_29nbfs_LRG2_max_sCs4p4
5125,88450.22521667485,5520.9226235583765,88715.49947419959,74921.14458515089,13529.080631523946,pvalloc_29nbfs_LRG2_max_sCs4p4
5126,82179.39234603912,5401.408355400148,82471.36397876655,71507.56454274646,10671.827803292636,pvalloc_29nbfs_LRG2_max_sCs4p4
5127,77617.85390854269,5317.380800455214,77937.06021754512,68892.46519595144,8725.388712591204,pvalloc_29nbfs_LRG2_max_sCs4p4
5128,68746.26945663347,4485.643445967104,69004.70123736278,63352.237639314175,5394.03181731934,pvalloc_29nbfs_LRG2_max_sCs4p4
5129,50415.24985511363,4327.0018546188,50800.23132136846,49385.545105393685,1029.7047497199496,pvalloc_29nbfs_LRG2_max_sCs4p4
5130,30854.11109744152,4875.195002116873,31803.07576123303,30854.11109744152,0.0,pvalloc_29nbfs_LRG2_max_sCs4p4
5131,12202.524754884467,4979.60818176445,14328.385529224002,12202.524754884467,0.0,pvalloc_29nbfs_LRG2_max_sCs4p4
5132,1.3780241203617698,11936.641937565302,11936.641937565302,1.3780241203617698,0.0,pvalloc_29nbfs_LRG2_max_sCs4p4
5133,0.0,18228.216139042957,18228.216139042957,0.0,0.0,pvalloc_29nbfs_LRG2_max_sCs4p4
5134,0.0,18162.49636171034,18162.49636171034,0.0,0.0,pvalloc_29nbfs_LRG2_max_sCs4p4
5135,0.0,15581.301938822113,15581.301938822113,0.0,0.0,pvalloc_29nbfs_LRG2_max_sCs4p4
5136,0.0,13660.5186615185,13660.5186615185,0.0,0.0,pvalloc_29nbfs_LRG2_max_sCs4p4
5137,0.0,10358.480128423344,10358.480128423344,0.0,0.0,pvalloc_29nbfs_LRG2_max_sCs4p4
5138,0.0,8828.47113398323,8828.47113398323,0.0,0.0,pvalloc_29nbfs_LRG2_max_sCs4p4
5139,0.0,7213.798405873982,7213.798405873982,0.0,0.0,pvalloc_29nbfs_LRG2_max_sCs4p4
5140,0.0,6479.031429122138,6479.031429122138,0.0,0.0,pvalloc_29nbfs_LRG2_max_sCs4p4
5141,0.0,6403.162580960438,6403.162580960438,0.0,0.0,pvalloc_29nbfs_LRG2_max_sCs4p4
5142,125.62923085159738,4161.72545985992,4163.105544985259,125.62923085159738,0.0,pvalloc_29nbfs_LRG2_max_sCs4p4
5143,13308.399626292457,2355.069107984932,13828.300839074645,13308.399626292457,0.0,pvalloc_29nbfs_LRG2_max_sCs4p4
5144,33118.12587494484,2663.2969877699784,33317.36784755792,33118.12587494484,0.0,pvalloc_29nbfs_LRG2_max_sCs4p4
5145,53982.85643886725,3207.9582363580353,54124.63393347318,52476.62549977028,1506.2309390969867,pvalloc_29nbfs_LRG2_max_sCs4p4
5146,74374.75332127167,3328.2392270503587,74472.0060819241,67148.6613925955,7226.091928676295,pvalloc_29nbfs_LRG2_max_sCs4p4
5147,87661.5908455131,4249.845881062298,87786.53265204326,74620.60278078,13040.988064733174,pvalloc_29nbfs_LRG2_max_sCs4p4
5148,83277.46446384645,5795.516999033669,83644.56857294575,72373.7157390534,10903.748724793073,pvalloc_29nbfs_LRG2_max_sCs4p4
5149,88098.14207941227,5322.027449414377,88339.15461393715,74826.58270979516,13271.559369617185,pvalloc_29nbfs_LRG2_max_sCs4p4
5150,87702.37977079881,4495.880979653127,87894.40993164653,74419.79597806057,13282.58379273817,pvalloc_29nbfs_LRG2_max_sCs4p4
5151,75872.46670178618,5025.390946107794,76143.72868119134,67935.04717503491,7937.419526751217,pvalloc_29nbfs_LRG2_max_sCs4p4
5152,63211.03438861116,4265.592292123205,63456.455430721166,59536.81361716552,3674.2207714456317,pvalloc_29nbfs_LRG2_max_sCs4p4
5153,45935.00990692394,3930.4144000356887,46262.307615041434,45496.52522924186,438.4846776820839,pvalloc_29nbfs_LRG2_max_sCs4p4
5154,30683.702367298087,3931.0518560451196,31272.218699767458,30683.702367298087,0.0,pvalloc_29nbfs_LRG2_max_sCs4p4
5155,10171.646263697747,5608.599986212557,12945.888894829859,10171.646263697747,0.0,pvalloc_29nbfs_LRG2_max_sCs4p4
5156,0.9919247249657315,13203.607651198872,13203.607651198872,0.9919247249657315,0.0,pvalloc_29nbfs_LRG2_max_sCs4p4
5157,0.0,16656.158247084175,16656.158247084175,0.0,0.0,pvalloc_29nbfs_LRG2_max_sCs4p4
5158,0.0,16956.666733188795,16956.666733188795,0.0,0.0,pvalloc_29nbfs_LRG2_max_sCs4p4
5159,0.0,13878.197386105796,13878.197386105796,0.0,0.0,pvalloc_29nbfs_LRG2_max_sCs4p4
5160,0.0,13359.709264488023,13359.709264488023,0.0,0.0,pvalloc_29nbfs_LRG2_max_sCs4p4
5161,0.0,9823.421723926976,9823.421723926976,0.0,0.0,pvalloc_29nbfs_LRG2_max_sCs4p4
5162,0.0,8004.918441437758,8004.918441437758,0.0,0.0,pvalloc_29nbfs_LRG2_max_sCs4p4
5163,0.0,7279.771629046192,7279.771629046192,0.0,0.0,pvalloc_29nbfs_LRG2_max_sCs4p4
5164,0.0,6702.512682378077,6702.512682378077,0.0,0.0,pvalloc_29nbfs_LRG2_max_sCs4p4
5165,0.0,6398.7645866892735,6398.7645866892735,0.0,0.0,pvalloc_29nbfs_LRG2_max_sCs4p4
5166,103.08311306841009,4348.807690671506,4349.908354743759,103.08311306841009,0.0,pvalloc_29nbfs_LRG2_max_sCs4p4
5167,12663.183700876703,2548.35317179149,13328.74680911352,12663.183700876703,0.0,pvalloc_29nbfs_LRG2_max_sCs4p4
5168,33066.21054620055,2920.6498452738324,33321.53186475235,33066.21054620055,0.0,pvalloc_29nbfs_LRG2_max_sCs4p4
5169,54917.31301827557,3160.751216942759,55049.60892561047,53241.57303718281,1675.7399810927586,pvalloc_29nbfs_LRG2_max_sCs4p4
5170,74944.49084137134,3061.428068286839,75029.02455700072,67468.40094331487,7476.0898980565225,pvalloc_29nbfs_LRG2_max_sCs4p4
5171,89754.00154920909,3765.3350288156075,89854.1837589287,75621.96411807503,14132.037431134033,pvalloc_29nbfs_LRG2_max_sCs4p4
5172,84037.52052921081,4277.906311672001,84197.26914618738,72611.2530451217,11426.267484089047,pvalloc_29nbfs_LRG2_max_sCs4p4
5173,78322.76259293473,4586.304762974449,78537.84619465978,69378.20191633313,8944.560676601652,pvalloc_29nbfs_LRG2_max_sCs4p4
5174,88616.24017422785,4540.908128299938,88804.92740346176,74910.32840130726,13705.91177292058,pvalloc_29nbfs_LRG2_max_sCs4p4
5175,76365.31736834599,4722.231280036238,76612.44349307413,68187.17151085116,8178.145857494779,pvalloc_29nbfs_LRG2_max_sCs4p4
5176,61166.12051165545,4537.292753458954,61471.56508738088,57984.97600675568,3181.144504899758,pvalloc_29nbfs_LRG2_max_sCs4p4
5177,41839.944934507366,4211.297744670478,42315.11821519188,41627.21127584309,212.73365866427338,pvalloc_29nbfs_LRG2_max_sCs4p4
5178,22926.41009687238,4132.608135722551,23847.518878807747,22926.41009687238,0.0,pvalloc_29nbfs_LRG2_max_sCs4p4
5179,9384.88782450736,4312.569067089179,11203.004776099458,9384.88782450736,0.0,pvalloc_29nbfs_LRG2_max_sCs4p4
5180,20.165783852792636,9583.947451958162,9584.104413349585,20.165783852792636,0.0,pvalloc_29nbfs_LRG2_max_sCs4p4
5181,0.0,17958.547144614713,17958.547144614713,0.0,0.0,pvalloc_29nbfs_LRG2_max_sCs4p4
5182,0.0,15508.105894089558,15508.105894089558,0.0,0.0,pvalloc_29nbfs_LRG2_max_sCs4p4
5183,0.0,14273.897403473246,14273.897403473246,0.0,0.0,pvalloc_29nbfs_LRG2_max_sCs4p4
5184,0.0,13200.332246555772,13200.332246555772,0.0,0.0,pvalloc_29nbfs_LRG2_max_sCs4p4
5185,0.0,9638.325646422076,9638.325646422076,0.0,0.0,pvalloc_29nbfs_LRG2_max_sCs4p4
5186,0.0,8321.584507793394,8321.584507793394,0.0,0.0,pvalloc_29nbfs_LRG2_max_sCs4p4
5187,0.0,7169.817360127392,7169.817360127392,0.0,0.0,pvalloc_29nbfs_LRG2_max_sCs4p4
5188,0.0,7079.928698781939,7079.928698781939,0.0,0.0,pvalloc_29nbfs_LRG2_max_sCs4p4
5189,0.0,6529.334832922408,6529.334832922408,0.0,0.0,pvalloc_29nbfs_LRG2_max_sCs4p4
5190,43.786988641991925,4768.13304585144,4768.629428047204,43.786988641991925,0.0,pvalloc_29nbfs_LRG2_max_sCs4p4
5191,10378.186151265803,2502.524195676255,11128.781400714084,10378.186151265803,0.0,pvalloc_29nbfs_LRG2_max_sCs4p4
5192,27611.960770408827,2857.2690800214295,27934.052809804954,27611.960770408827,0.0,pvalloc_29nbfs_LRG2_max_sCs4p4
5193,49194.09892943755,3115.108229565218,49349.20092476281,48455.602078059026,738.4968513785218,pvalloc_29nbfs_LRG2_max_sCs4p4
5194,62319.98719092944,3395.9558062692568,62454.271350693954,58964.77343815029,3355.2137527791288,pvalloc_29nbfs_LRG2_max_sCs4p4
5195,70876.90868826814,4074.768178309949,71045.75120804818,64937.57505380727,5939.333634460861,pvalloc_29nbfs_LRG2_max_sCs4p4
5196,68350.25148995723,5046.091617951745,68687.6906803561,63285.13372600145,5065.117763955596,pvalloc_29nbfs_LRG2_max_sCs4p4
5197,72581.17178205494,4919.712855555273,72856.74088160256,65919.73524635601,6661.436535698899,pvalloc_29nbfs_LRG2_max_sCs4p4
5198,71331.30819519747,5431.472604190463,71702.57133507259,65107.16089584176,6224.147299355738,pvalloc_29nbfs_LRG2_max_sCs4p4
5199,70440.3890197911,4903.646106520993,70739.51802426488,64494.44891968528,5945.940100105721,pvalloc_29nbfs_LRG2_max_sCs4p4
5200,42354.3398138115,3815.2918529952753,42725.3443999732,42120.666609639346,233.6732041721604,pvalloc_29nbfs_LRG2_max_sCs4p4
5201,27215.580885994284,3805.2162853971977,27862.896551514856,27215.580885994284,0.0,pvalloc_29nbfs_LRG2_max_sCs4p4
5202,13099.73831878976,4328.120909178785,14761.598711345632,13099.73831878976,0.0,pvalloc_29nbfs_LRG2_max_sCs4p4
5203,8221.302148408315,4806.718590390103,10540.63574386168,8221.302148408315,0.0,pvalloc_29nbfs_LRG2_max_sCs4p4
5204,0.0,15090.67506760008,15090.67506760008,0.0,0.0,pvalloc_29nbfs_LRG2_max_sCs4p4
5205,0.0,15791.348827533153,15791.348827533153,0.0,0.0,pvalloc_29nbfs_LRG2_max_sCs4p4
5206,0.0,15247.75572798058,15247.75572798058,0.0,0.0,pvalloc_29nbfs_LRG2_max_sCs4p4
5207,0.0,15008.22525066832,15008.22525066832,0.0,0.0,pvalloc_29nbfs_LRG2_max_sCs4p4
5208,0.0,12069.433844123947,12069.433844123947,0.0,0.0,pvalloc_29nbfs_LRG2_max_sCs4p4
5209,0.0,11145.876780548277,11145.876780548277,0.0,0.0,pvalloc_29nbfs_LRG2_max_sCs4p4
5210,0.0,8940.899584908115,8940.899584908115,0.0,0.0,pvalloc_29nbfs_LRG2_max_sCs4p4
5211,0.0,7874.895807358424,7874.895807358424,0.0,0.0,pvalloc_29nbfs_LRG2_max_sCs4p4
5212,0.0,7043.644556647981,7043.644556647981,0.0,0.0,pvalloc_29nbfs_LRG2_max_sCs4p4
5213,0.0,7125.558647681809,7125.558647681809,0.0,0.0,pvalloc_29nbfs_LRG2_max_sCs4p4
5214,3.6212660142521775,5734.024428321117,5734.096111616931,3.6212660142521775,0.0,pvalloc_29nbfs_LRG2_max_sCs4p4
5215,1654.4730984654625,3023.9478699130213,3676.495903228005,1654.4730984654625,0.0,pvalloc_29nbfs_LRG2_max_sCs4p4
5216,6111.996572993476,2945.502046519531,7459.391551206118,6111.996572993476,0.0,pvalloc_29nbfs_LRG2_max_sCs4p4
5217,12205.465866163086,3188.2266336556386,13275.485588535805,12205.465866163086,0.0,pvalloc_29nbfs_LRG2_max_sCs4p4
5218,23893.658855991005,3307.7072592479353,24454.262691401567,23893.658855991005,0.0,pvalloc_29nbfs_LRG2_max_sCs4p4
5219,28431.99808832406,3946.335904404333,29100.963587941118,28431.99808832406,0.0,pvalloc_29nbfs_LRG2_max_sCs4p4
5220,21054.613422221995,5083.30241830704,22719.516400937195,21054.613422221995,0.0,pvalloc_29nbfs_LRG2_max_sCs4p4
5221,45697.870216599105,4532.620512594,46204.735924685614,45242.41867303169,455.4515435674179,pvalloc_29nbfs_LRG2_max_sCs4p4
5222,60416.67198826112,4699.015915459465,60771.51161787247,57379.945126225786,3036.7268620353325,pvalloc_29nbfs_LRG2_max_sCs4p4
5223,47444.8065904496,4724.949317771426,47963.727500489775,46827.491343885384,617.3152465642207,pvalloc_29nbfs_LRG2_max_sCs4p4
5224,47802.13914755768,4121.531156334391,48168.9477965222,47161.209550244515,640.9295973131575,pvalloc_29nbfs_LRG2_max_sCs4p4
5225,35801.10787358303,4199.853763701942,36376.711052316496,35732.872168482594,68.23570510044152,pvalloc_29nbfs_LRG2_max_sCs4p4
5226,24957.256695983786,4094.6546593244652,25777.851286231882,24957.256695983786,0.0,pvalloc_29nbfs_LRG2_max_sCs4p4
5227,10271.259024333427,4774.142492688569,12374.233358736281,10271.259024333427,0.0,pvalloc_29nbfs_LRG2_max_sCs4p4
5228,0.244856892281013,12343.425897114812,12343.425897114812,0.244856892281013,0.0,pvalloc_29nbfs_LRG2_max_sCs4p4
5229,0.0,17463.78761121696,17463.78761121696,0.0,0.0,pvalloc_29nbfs_LRG2_max_sCs4p4
5230,0.0,16776.245765136624,16776.245765136624,0.0,0.0,pvalloc_29nbfs_LRG2_max_sCs4p4
5231,0.0,13863.094861205216,13863.094861205216,0.0,0.0,pvalloc_29nbfs_LRG2_max_sCs4p4
5232,0.0,12379.083196074876,12379.083196074876,0.0,0.0,pvalloc_29nbfs_LRG2_max_sCs4p4
5233,0.0,10840.796451126313,10840.796451126313,0.0,0.0,pvalloc_29nbfs_LRG2_max_sCs4p4
5234,0.0,8839.193140860432,8839.193140860432,0.0,0.0,pvalloc_29nbfs_LRG2_max_sCs4p4
5235,0.0,7691.549078353807,7691.549078353807,0.0,0.0,pvalloc_29nbfs_LRG2_max_sCs4p4
5236,0.0,6881.188714069511,6881.188714069511,0.0,0.0,pvalloc_29nbfs_LRG2_max_sCs4p4
5237,0.0,7020.828203404438,7020.828203404438,0.0,0.0,pvalloc_29nbfs_LRG2_max_sCs4p4
5238,66.53533419846028,4740.846497796296,4741.530860613498,66.53533419846028,0.0,pvalloc_29nbfs_LRG2_max_sCs4p4
5239,11462.489083540084,2608.8477944007163,12194.02782202596,11462.489083540084,0.0,pvalloc_29nbfs_LRG2_max_sCs4p4
5240,24407.21310266949,2927.0831105802154,24812.092942542284,24407.21310266949,0.0,pvalloc_29nbfs_LRG2_max_sCs4p4
5241,48304.4656851696,3153.2899774742273,48470.00774551731,47670.42466704559,634.0410181240195,pvalloc_29nbfs_LRG2_max_sCs4p4
5242,62261.62999010452,3597.7927679609247,62414.88992698658,58919.6702210649,3341.9597690396276,pvalloc_29nbfs_LRG2_max_sCs4p4
5243,68816.94697466024,3909.884373195982,68983.36448092428,63525.85446752525,5291.092507135032,pvalloc_29nbfs_LRG2_max_sCs4p4
5244,56480.330086479276,4418.139882646349,56796.995455455835,54423.936347400035,2056.393739079239,pvalloc_29nbfs_LRG2_max_sCs4p4
5245,54911.377872448684,4932.694770441484,55361.03871770385,53133.885401448184,1777.492471000492,pvalloc_29nbfs_LRG2_max_sCs4p4
5246,51250.857131450866,4986.818280168036,51799.11413606399,50044.153099952026,1206.70403149884,pvalloc_29nbfs_LRG2_max_sCs4p4
5247,50994.89348853126,4681.328281276441,51470.477232027995,49843.12097803704,1151.7725104942144,pvalloc_29nbfs_LRG2_max_sCs4p4
5248,43370.90389791567,4129.558162250677,43827.93312790872,43072.84195452327,298.0619433923962,pvalloc_29nbfs_LRG2_max_sCs4p4
5249,35403.352919987745,4003.968227951362,35938.49826955686,35341.897422962276,61.45549702546526,pvalloc_29nbfs_LRG2_max_sCs4p4
5250,18126.01097784327,4539.121785529546,19493.209718085007,18126.01097784327,0.0,pvalloc_29nbfs_LRG2_max_sCs4p4
5251,8334.80361469905,5133.888750134453,10855.475965273037,8334.80361469905,0.0,pvalloc_29nbfs_LRG2_max_sCs4p4
5252,0.0,19000.047766972806,19000.047766972806,0.0,0.0,pvalloc_29nbfs_LRG2_max_sCs4p4
5253,0.0,19290.580116971654,19290.580116971654,0.0,0.0,pvalloc_29nbfs_LRG2_max_sCs4p4
5254,0.0,16835.268381474216,16835.268381474216,0.0,0.0,pvalloc_29nbfs_LRG2_max_sCs4p4
5255,0.0,14924.78827852718,14924.78827852718,0.0,0.0,pvalloc_29nbfs_LRG2_max_sCs4p4
5256,0.0,13381.168060104115,13381.168060104115,0.0,0.0,pvalloc_29nbfs_LRG2_max_sCs4p4
5257,0.0,10539.960012448035,10539.960012448035,0.0,0.0,pvalloc_29nbfs_LRG2_max_sCs4p4
5258,0.0,8429.066249258418,8429.066249258418,0.0,0.0,pvalloc_29nbfs_LRG2_max_sCs4p4
5259,0.0,7662.686930720702,7662.686930720702,0.0,0.0,pvalloc_29nbfs_LRG2_max_sCs4p4
5260,0.0,6987.56971605249,6987.56971605249,0.0,0.0,pvalloc_29nbfs_LRG2_max_sCs4p4
5261,0.0,6946.060646242225,6946.060646242225,0.0,0.0,pvalloc_29nbfs_LRG2_max_sCs4p4
5262,58.784781305023934,4987.41074949509,4988.0338184222355,58.784781305023934,0.0,pvalloc_29nbfs_LRG2_max_sCs4p4
5263,12691.115408226036,2563.197750513851,13330.2004746579,12691.115408226036,0.0,pvalloc_29nbfs_LRG2_max_sCs4p4
5264,33508.276280536666,2856.197161068338,33744.10884010163,33504.335165495264,3.9411150414047142,pvalloc_29nbfs_LRG2_max_sCs4p4
5265,56202.882591589754,2947.2925745376688,56315.66289681458,54280.09803750054,1922.784554089204,pvalloc_29nbfs_LRG2_max_sCs4p4
5266,75231.049099687,3724.597467136761,75348.0527441719,67684.29314675715,7546.7559529299115,pvalloc_29nbfs_LRG2_max_sCs4p4
5267,88834.20133639853,4800.487095503399,89004.6663813954,75241.75871272074,13592.442623677729,pvalloc_29nbfs_LRG2_max_sCs4p4
5268,86127.73427814418,5848.548126957241,86462.40436363102,73822.98159264581,12304.752685498348,pvalloc_29nbfs_LRG2_max_sCs4p4
5269,91024.82398006132,5814.988432200753,91314.82715162325,76242.81527756316,14782.008702498104,pvalloc_29nbfs_LRG2_max_sCs4p4
5270,91509.87600099009,5228.678092100169,91779.63945150016,76219.55351653059,15290.322484459512,pvalloc_29nbfs_LRG2_max_sCs4p4
5271,83052.78255416821,5020.312845036301,83314.98833310165,71931.91380973122,11120.868744436988,pvalloc_29nbfs_LRG2_max_sCs4p4
5272,69195.71984943197,4778.655172996407,69483.5660996465,63667.76197667018,5527.957872761742,pvalloc_29nbfs_LRG2_max_sCs4p4
5273,52128.079197941,4342.945187897955,52503.4787106389,50811.817580779374,1316.2616171616337,pvalloc_29nbfs_LRG2_max_sCs4p4
5274,31264.993516722305,4443.296763799683,32029.49192748576,31264.993516722305,0.0,pvalloc_29nbfs_LRG2_max_sCs4p4
5275,12675.794572320254,4709.28848041651,14449.509052626709,12675.794572320254,0.0,pvalloc_29nbfs_LRG2_max_sCs4p4
5276,0.001144878417680309,16107.972340279457,16107.972340279457,0.001144878417680309,0.0,pvalloc_29nbfs_LRG2_max_sCs4p4
5277,0.0,16661.54003587522,16661.54003587522,0.0,0.0,pvalloc_29nbfs_LRG2_max_sCs4p4
5278,0.0,16071.879638820657,16071.879638820657,0.0,0.0,pvalloc_29nbfs_LRG2_max_sCs4p4
5279,0.0,16513.615011586437,16513.615011586437,0.0,0.0,pvalloc_29nbfs_LRG2_max_sCs4p4
5280,0.0,14223.4027375802,14223.4027375802,0.0,0.0,pvalloc_29nbfs_LRG2_max_sCs4p4
5281,0.0,10189.901163932846,10189.901163932846,0.0,0.0,pvalloc_29nbfs_LRG2_max_sCs4p4
5282,0.0,9219.908618123189,9219.908618123189,0.0,0.0,pvalloc_29nbfs_LRG2_max_sCs4p4
5283,0.0,8077.212368111326,8077.212368111326,0.0,0.0,pvalloc_29nbfs_LRG2_max_sCs4p4
5284,0.0,7416.388772703773,7416.388772703773,0.0,0.0,pvalloc_29nbfs_LRG2_max_sCs4p4
5285,0.0,7104.393955178767,7104.393955178767,0.0,0.0,pvalloc_29nbfs_LRG2_max_sCs4p4
5286,19.610090733635406,5505.336419871993,5505.598948606629,19.610090733635406,0.0,pvalloc_29nbfs_LRG2_max_sCs4p4
5287,11800.506871295265,2604.6920153677906,12507.61047432255,11800.506871295265,0.0,pvalloc_29nbfs_LRG2_max_sCs4p4
5288,33674.7344948991,2762.872790035745,33890.43908941598,33668.4607301095,6.273764789597578,pvalloc_29nbfs_LRG2_max_sCs4p4
5289,55889.98682315572,2765.0605528324727,55991.20260307099,54026.76265092439,1863.2241722313156,pvalloc_29nbfs_LRG2_max_sCs4p4
5290,74188.55205387596,3621.6023555200604,74298.77293118971,67058.16318224803,7130.388871627962,pvalloc_29nbfs_LRG2_max_sCs4p4
5291,90222.4260945007,4050.002981958395,90345.13405255227,75843.56954650208,14378.856547998617,pvalloc_29nbfs_LRG2_max_sCs4p4
5292,85620.7410893514,5619.385127195498,85922.49837615571,73559.19777895437,12061.543310397006,pvalloc_29nbfs_LRG2_max_sCs4p4
5293,91373.87532593016,5533.0206294767395,91634.00048819082,76306.71472542096,15067.160600509216,pvalloc_29nbfs_LRG2_max_sCs4p4
5294,86752.8240745871,6652.863046202246,87208.72997578332,73912.35599991016,12840.46807467696,pvalloc_29nbfs_LRG2_max_sCs4p4
5295,80012.74917627285,6058.6462212302595,80434.94046994734,70230.39186095551,9782.357315317338,pvalloc_29nbfs_LRG2_max_sCs4p4
5296,65448.64891906287,6116.681579962157,66036.66838913177,61110.814936427094,4337.833982635763,pvalloc_29nbfs_LRG2_max_sCs4p4
5297,49699.40460264467,5439.4129388948095,50391.10995448414,48726.046936028295,973.3576666163693,pvalloc_29nbfs_LRG2_max_sCs4p4
5298,29311.276315197745,5433.4674523897365,30516.405386987604,29311.276315197745,0.0,pvalloc_29nbfs_LRG2_max_sCs4p4
5299,8809.645813049834,6468.603454419395,12181.642268766094,8809.645813049834,0.0,pvalloc_29nbfs_LRG2_max_sCs4p4
5300,0.006800150706788702,16914.96945679447,16914.96945679447,0.006800150706788702,0.0,pvalloc_29nbfs_LRG2_max_sCs4p4
5301,0.0,19664.8737674663,19664.8737674663,0.0,0.0,pvalloc_29nbfs_LRG2_max_sCs4p4
5302,0.0,21717.297616531436,21717.297616531436,0.0,0.0,pvalloc_29nbfs_LRG2_max_sCs4p4
5303,0.0,17214.825474050005,17214.825474050005,0.0,0.0,pvalloc_29nbfs_LRG2_max_sCs4p4
5304,0.0,12578.207549128692,12578.207549128692,0.0,0.0,pvalloc_29nbfs_LRG2_max_sCs4p4
5305,0.0,10294.109997870488,10294.109997870488,0.0,0.0,pvalloc_29nbfs_LRG2_max_sCs4p4
5306,0.0,8325.709247505112,8325.709247505112,0.0,0.0,pvalloc_29nbfs_LRG2_max_sCs4p4
5307,0.0,7293.515981600716,7293.515981600716,0.0,0.0,pvalloc_29nbfs_LRG2_max_sCs4p4
5308,0.0,6735.774478834689,6735.774478834689,0.0,0.0,pvalloc_29nbfs_LRG2_max_sCs4p4
5309,0.0,6710.483943585054,6710.483943585054,0.0,0.0,pvalloc_29nbfs_LRG2_max_sCs4p4
5310,30.303237036913977,4984.816596136226,4985.201721576898,30.303237036913977,0.0,pvalloc_29nbfs_LRG2_max_sCs4p4
5311,11752.650440844804,2510.7803689383313,12420.496259339268,11752.650440844804,0.0,pvalloc_29nbfs_LRG2_max_sCs4p4
5312,32871.95317655324,2874.4434115026547,33120.49703441408,32871.95317655324,0.0,pvalloc_29nbfs_LRG2_max_sCs4p4
5313,54819.466542213886,3219.9215312577126,54960.16009767707,53152.639143805616,1666.827398408272,pvalloc_29nbfs_LRG2_max_sCs4p4
5314,74963.27654720069,3688.871358042466,75089.49688707078,67487.22175456944,7476.054792631264,pvalloc_29nbfs_LRG2_max_sCs4p4
5315,91197.69857227264,3849.8691767047276,91310.54250774845,76299.09015505644,14898.608417216283,pvalloc_29nbfs_LRG2_max_sCs4p4
5316,85241.96026363446,5913.46193878295,85592.27791214165,73341.80735322803,11900.152910406425,pvalloc_29nbfs_LRG2_max_sCs4p4
5317,90966.49341022532,5415.428089368381,91206.54666154626,76184.27290792901,14782.220502296334,pvalloc_29nbfs_LRG2_max_sCs4p4
5318,88570.51469492397,5553.238316500988,88842.59759041708,74909.21986243641,13661.294832487618,pvalloc_29nbfs_LRG2_max_sCs4p4
5319,82025.23935269342,4917.1839198048265,82258.86231939396,71433.8945226329,10591.344830060585,pvalloc_29nbfs_LRG2_max_sCs4p4
5320,67943.70489459108,4825.802248161777,68241.83160842794,62837.53552607647,5106.169368514645,pvalloc_29nbfs_LRG2_max_sCs4p4
5321,50061.23676220466,4697.628354187242,50518.336587486134,49099.11860977275,962.1181524319054,pvalloc_29nbfs_LRG2_max_sCs4p4
5322,31970.822120846206,3954.9534627794174,32565.222242691994,31970.822120846206,0.0,pvalloc_29nbfs_LRG2_max_sCs4p4
5323,10837.968201631498,4742.503474496114,12905.159871508651,10837.968201631498,0.0,pvalloc_29nbfs_LRG2_max_sCs4p4
5324,0.6236049522747651,11780.339030714544,11780.339030714544,0.6236049522747651,0.0,pvalloc_29nbfs_LRG2_max_sCs4p4
5325,0.0,17798.451423069702,17798.451423069702,0.0,0.0,pvalloc_29nbfs_LRG2_max_sCs4p4
5326,0.0,19605.334016129706,19605.334016129706,0.0,0.0,pvalloc_29nbfs_LRG2_max_sCs4p4
5327,0.0,17993.3392447101,17993.3392447101,0.0,0.0,pvalloc_29nbfs_LRG2_max_sCs4p4
5328,0.0,14499.905393880885,14499.905393880885,0.0,0.0,pvalloc_29nbfs_LRG2_max_sCs4p4
5329,0.0,10706.798579119697,10706.798579119697,0.0,0.0,pvalloc_29nbfs_LRG2_max_sCs4p4
5330,0.0,8691.305275136961,8691.305275136961,0.0,0.0,pvalloc_29nbfs_LRG2_max_sCs4p4
5331,0.0,7299.838339654399,7299.838339654399,0.0,0.0,pvalloc_29nbfs_LRG2_max_sCs4p4
5332,0.0,6942.4868277889755,6942.4868277889755,0.0,0.0,pvalloc_29nbfs_LRG2_max_sCs4p4
5333,0.0,6828.1340130815815,6828.1340130815815,0.0,0.0,pvalloc_29nbfs_LRG2_max_sCs4p4
5334,10.252249534258958,5417.76101272107,5417.896603301471,10.252249534258958,0.0,pvalloc_29nbfs_LRG2_max_sCs4p4
5335,10506.43571671424,2806.0860308130455,11439.885285688206,10506.43571671424,0.0,pvalloc_29nbfs_LRG2_max_sCs4p4
5336,31590.743266968042,3234.5867463895247,31945.74027553042,31590.743266968042,0.0,pvalloc_29nbfs_LRG2_max_sCs4p4
5337,53930.522966129116,3412.8003810889218,54099.1924801742,52414.47052835328,1516.052437775843,pvalloc_29nbfs_LRG2_max_sCs4p4
5338,73879.3860674372,3725.722651924712,74007.01371198928,66836.88642288689,7042.499644550276,pvalloc_29nbfs_LRG2_max_sCs4p4
5339,89053.90293040112,4023.257111439379,89171.52220798044,75279.91321988466,13773.98971051644,pvalloc_29nbfs_LRG2_max_sCs4p4
5340,84368.42372837731,5740.668462036907,84717.37041324824,72967.66320997733,11400.760518399984,pvalloc_29nbfs_LRG2_max_sCs4p4
5341,88666.68040275804,5708.970816388539,88957.50967836016,75101.0051534576,13565.675249300475,pvalloc_29nbfs_LRG2_max_sCs4p4
5342,85478.90187659448,6552.966485989575,85937.01159588643,73435.94122798323,12042.96064861126,pvalloc_29nbfs_LRG2_max_sCs4p4
5343,80357.90311726092,5459.361092345829,80668.07257170191,70489.87995897072,9868.0231582902,pvalloc_29nbfs_LRG2_max_sCs4p4
5344,68389.84672854017,4524.467473255734,68647.92523596928,63129.38572537304,5260.461003167207,pvalloc_29nbfs_LRG2_max_sCs4p4
5345,48969.23479896821,4481.609229816462,49391.55451052671,48177.78837214168,791.4464268265381,pvalloc_29nbfs_LRG2_max_sCs4p4
5346,29293.307479082458,4464.288442308608,30121.12225139181,29293.307479082458,0.0,pvalloc_29nbfs_LRG2_max_sCs4p4
5347,7444.124356554019,6365.5995668826245,10947.260057991398,7444.124356554019,0.0,pvalloc_29nbfs_LRG2_max_sCs4p4
5348,0.0,15989.604838920632,15989.604838920632,0.0,0.0,pvalloc_29nbfs_LRG2_max_sCs4p4
5349,0.0,16826.71504393423,16826.71504393423,0.0,0.0,pvalloc_29nbfs_LRG2_max_sCs4p4
5350,0.0,17455.218388780384,17455.218388780384,0.0,0.0,pvalloc_29nbfs_LRG2_max_sCs4p4
5351,0.0,17312.601875985754,17312.601875985754,0.0,0.0,pvalloc_29nbfs_LRG2_max_sCs4p4
5352,0.0,14414.143741518079,14414.143741518079,0.0,0.0,pvalloc_29nbfs_LRG2_max_sCs4p4
5353,0.0,9954.17201230051,9954.17201230051,0.0,0.0,pvalloc_29nbfs_LRG2_max_sCs4p4
5354,0.0,8448.308232531268,8448.308232531268,0.0,0.0,pvalloc_29nbfs_LRG2_max_sCs4p4
5355,0.0,7461.470557932399,7461.470557932399,0.0,0.0,pvalloc_29nbfs_LRG2_max_sCs4p4
5356,0.0,6904.553782501744,6904.553782501744,0.0,0.0,pvalloc_29nbfs_LRG2_max_sCs4p4
5357,0.0,6785.528064411385,6785.528064411385,0.0,0.0,pvalloc_29nbfs_LRG2_max_sCs4p4
5358,16.200331120416386,5398.011048966484,5398.241012842642,16.200331120416386,0.0,pvalloc_29nbfs_LRG2_max_sCs4p4
5359,10623.341759445273,2700.59114406798,11466.026664678922,10623.341759445273,0.0,pvalloc_29nbfs_LRG2_max_sCs4p4
5360,31817.82547121932,3036.6882162586026,32118.380124181287,31817.82547121932,0.0,pvalloc_29nbfs_LRG2_max_sCs4p4
5361,51632.140868660266,4021.8856869440365,51936.34360168164,50507.66101185246,1124.4798568078124,pvalloc_29nbfs_LRG2_max_sCs4p4
5362,72717.4229095215,4119.774404461793,72881.57685103532,66136.78864407793,6580.634265443671,pvalloc_29nbfs_LRG2_max_sCs4p4
5363,86941.31987613087,4995.098630335902,87149.9829004178,74315.92297350969,12625.396902621269,pvalloc_29nbfs_LRG2_max_sCs4p4
5364,84896.48923955137,5830.117859654565,85257.97320685974,73251.46671143954,11645.022528111831,pvalloc_29nbfs_LRG2_max_sCs4p4
5365,87850.14618857212,6394.52609773566,88284.42163238705,74770.7985776683,13079.347610903813,pvalloc_29nbfs_LRG2_max_sCs4p4
5366,90081.95185634258,5273.743867308158,90320.0465590513,75675.14191654848,14406.80993979406,pvalloc_29nbfs_LRG2_max_sCs4p4
5367,81539.46383522102,4898.686880912051,81766.44545895593,71193.7387581592,10345.725077061845,pvalloc_29nbfs_LRG2_max_sCs4p4
5368,67790.85347580262,4601.513929530327,68047.65034815986,62800.184337148596,4990.669138654013,pvalloc_29nbfs_LRG2_max_sCs4p4
5369,48932.54460480908,4696.990470104942,49395.69526787039,48170.30497566696,762.2396291421322,pvalloc_29nbfs_LRG2_max_sCs4p4
5370,28011.488945637633,4839.103631409201,29079.037382337236,28011.488945637633,0.0,pvalloc_29nbfs_LRG2_max_sCs4p4
5371,9368.088430703277,5176.247519392139,11828.963959739143,9368.088430703277,0.0,pvalloc_29nbfs_LRG2_max_sCs4p4
5372,0.0,16855.69103253664,16855.69103253664,0.0,0.0,pvalloc_29nbfs_LRG2_max_sCs4p4
5373,0.0,17345.89249504484,17345.89249504484,0.0,0.0,pvalloc_29nbfs_LRG2_max_sCs4p4
5374,0.0,16579.52219038973,16579.52219038973,0.0,0.0,pvalloc_29nbfs_LRG2_max_sCs4p4
5375,0.0,15251.446364993699,15251.446364993699,0.0,0.0,pvalloc_29nbfs_LRG2_max_sCs4p4
5376,0.0,13188.262672566278,13188.262672566278,0.0,0.0,pvalloc_29nbfs_LRG2_max_sCs4p4
5377,0.0,11323.92566649367,11323.92566649367,0.0,0.0,pvalloc_29nbfs_LRG2_max_sCs4p4
5378,0.0,9734.491596408214,9734.491596408214,0.0,0.0,pvalloc_29nbfs_LRG2_max_sCs4p4
5379,0.0,8493.11069650855,8493.11069650855,0.0,0.0,pvalloc_29nbfs_LRG2_max_sCs4p4
5380,0.0,7434.255107382792,7434.255107382792,0.0,0.0,pvalloc_29nbfs_LRG2_max_sCs4p4
5381,0.0,7087.350693282779,7087.350693282779,0.0,0.0,pvalloc_29nbfs_LRG2_max_sCs4p4
5382,6.530050202960768,5749.362740668431,5749.46213147827,6.530050202960768,0.0,pvalloc_29nbfs_LRG2_max_sCs4p4
5383,10254.254348997858,2774.684485213011,11158.825247069874,10254.254348997858,0.0,pvalloc_29nbfs_LRG2_max_sCs4p4
5384,32072.224552956774,2885.685241981008,32339.977368193104,32072.224552956774,0.0,pvalloc_29nbfs_LRG2_max_sCs4p4
5385,54204.13842769251,3221.1178412730105,54349.79987958188,52635.20427173156,1568.934155960948,pvalloc_29nbfs_LRG2_max_sCs4p4
5386,72809.12337765306,3905.411208600237,72948.92355081505,66186.11620717165,6623.00717048134,pvalloc_29nbfs_LRG2_max_sCs4p4
5387,88425.07141015198,4434.985263574498,88573.10558913472,74965.06705297972,13460.004357172209,pvalloc_29nbfs_LRG2_max_sCs4p4
5388,85517.27385514435,5517.248774610246,85802.1649820967,73489.83613190618,12027.437723238207,pvalloc_29nbfs_LRG2_max_sCs4p4
5389,89251.30704958539,5835.85847142225,89554.10326713645,75342.19813463022,13909.108914955186,pvalloc_29nbfs_LRG2_max_sCs4p4
5390,85618.15849112012,6240.149092038502,86007.81336165784,73452.86844511988,12165.29004600018,pvalloc_29nbfs_LRG2_max_sCs4p4
5391,78821.62591678163,5604.188023564173,79158.37519422837,69674.61637808352,9147.009538698085,pvalloc_29nbfs_LRG2_max_sCs4p4
5392,64781.01229783976,5314.812066734825,65189.84607723834,60739.748506378884,4041.2637914608686,pvalloc_29nbfs_LRG2_max_sCs4p4
5393,46000.56978131016,5338.598054135484,46712.42732356939,45555.21724831215,445.3525329980105,pvalloc_29nbfs_LRG2_max_sCs4p4
5394,27033.670881181133,4954.388885532539,28200.23245865931,27033.670881181133,0.0,pvalloc_29nbfs_LRG2_max_sCs4p4
5395,6321.473919556992,7005.260792431837,10430.646870134116,6321.473919556992,0.0,pvalloc_29nbfs_LRG2_max_sCs4p4
5396,0.0,17145.792273827192,17145.792273827192,0.0,0.0,pvalloc_29nbfs_LRG2_max_sCs4p4
5397,0.0,18592.212130355496,18592.212130355496,0.0,0.0,pvalloc_29nbfs_LRG2_max_sCs4p4
5398,0.0,17959.280865600802,17959.280865600802,0.0,0.0,pvalloc_29nbfs_LRG2_max_sCs4p4
5399,0.0,15321.147510146637,15321.147510146637,0.0,0.0,pvalloc_29nbfs_LRG2_max_sCs4p4
5400,0.0,13722.161589340783,13722.161589340783,0.0,0.0,pvalloc_29nbfs_LRG2_max_sCs4p4
5401,0.0,10430.229263731499,10430.229263731499,0.0,0.0,pvalloc_29nbfs_LRG2_max_sCs4p4
5402,0.0,8829.571873465273,8829.571873465273,0.0,0.0,pvalloc_29nbfs_LRG2_max_sCs4p4
5403,0.0,7657.188196967489,7657.188196967489,0.0,0.0,pvalloc_29nbfs_LRG2_max_sCs4p4
5404,0.0,7455.696363549953,7455.696363549953,0.0,0.0,pvalloc_29nbfs_LRG2_max_sCs4p4
5405,0.0,7031.549107246735,7031.549107246735,0.0,0.0,pvalloc_29nbfs_LRG2_max_sCs4p4
5406,2.004767935622187,6089.62660037471,6089.673951367242,2.004767935622187,0.0,pvalloc_29nbfs_LRG2_max_sCs4p4
5407,10247.068634885714,2616.0439200187893,11051.084798054882,10247.068634885714,0.0,pvalloc_29nbfs_LRG2_max_sCs4p4
5408,29307.246209529516,3029.181080234667,29646.272812243085,29307.246209529516,0.0,pvalloc_29nbfs_LRG2_max_sCs4p4
5409,48767.41493139613,3991.6424611984967,49084.63063795194,48072.86333116255,694.5516002335767,pvalloc_29nbfs_LRG2_max_sCs4p4
5410,67051.01747582396,3842.970150508365,67212.93393021636,62352.29538315069,4698.722092673203,pvalloc_29nbfs_LRG2_max_sCs4p4
5411,74851.69857980846,4142.45180040077,75023.7305307963,67360.76426112432,7490.934318684082,pvalloc_29nbfs_LRG2_max_sCs4p4
5412,63309.73653508763,5462.9149748697355,63790.203347561706,59684.92230559502,3624.814229492596,pvalloc_29nbfs_LRG2_max_sCs4p4
5413,62776.35810432467,6094.2297684091145,63406.87940037101,59237.43387638343,3538.9242279412374,pvalloc_29nbfs_LRG2_max_sCs4p4
5414,57279.1988507568,6035.658687164733,58003.322745627556,54907.887894285275,2371.310956471514,pvalloc_29nbfs_LRG2_max_sCs4p4
5415,46208.868755066746,5488.643010595833,46968.43983005554,45695.948245919804,512.9205091469315,pvalloc_29nbfs_LRG2_max_sCs4p4
5416,34371.60681844046,5014.729082039541,35262.464943047424,34322.02980199144,49.57701644901044,pvalloc_29nbfs_LRG2_max_sCs4p4
5417,27441.40762362728,4820.830136433838,28495.24494509623,27441.40762362728,0.0,pvalloc_29nbfs_LRG2_max_sCs4p4
5418,11359.838506215809,5234.424353153977,13693.75906182661,11359.838506215809,0.0,pvalloc_29nbfs_LRG2_max_sCs4p4
5419,2517.4721745493453,6575.374221172416,7235.634712113705,2517.4721745493453,0.0,pvalloc_29nbfs_LRG2_max_sCs4p4
5420,0.0,14157.187883089737,14157.187883089737,0.0,0.0,pvalloc_29nbfs_LRG2_max_sCs4p4
5421,0.0,16175.317955120869,16175.317955120869,0.0,0.0,pvalloc_29nbfs_LRG2_max_sCs4p4
5422,0.0,16617.529616008724,16617.529616008724,0.0,0.0,pvalloc_29nbfs_LRG2_max_sCs4p4
5423,0.0,15583.466132818583,15583.466132818583,0.0,0.0,pvalloc_29nbfs_LRG2_max_sCs4p4
5424,0.0,13573.678772779584,13573.678772779584,0.0,0.0,pvalloc_29nbfs_LRG2_max_sCs4p4
4920,0.0,11113.463869085279,11113.463869085279,0.0,0.0,pvalloc_29nbfs_LRG2_max_sCs4p6
4921,0.0,10737.831728562103,10737.831728562103,0.0,0.0,pvalloc_29nbfs_LRG2_max_sCs4p6
4922,0.0,10105.311448681487,10105.311448681487,0.0,0.0,pvalloc_29nbfs_LRG2_max_sCs4p6
4923,0.0,8120.094880445637,8120.094880445637,0.0,0.0,pvalloc_29nbfs_LRG2_max_sCs4p6
4924,0.0,7251.733657230991,7251.733657230991,0.0,0.0,pvalloc_29nbfs_LRG2_max_sCs4p6
4925,0.0,6971.075169345191,6971.075169345191,0.0,0.0,pvalloc_29nbfs_LRG2_max_sCs4p6
4926,823.6807173697977,3596.344272551866,3691.0610014197164,823.6807173697977,0.0,pvalloc_29nbfs_LRG2_max_sCs4p6
4927,15761.583744198784,2536.3204335261767,16269.297875286182,15761.583744198784,0.0,pvalloc_29nbfs_LRG2_max_sCs4p6
4928,35994.55011864453,2698.0094186109663,36179.74576105161,35927.75008659178,66.80003205274642,pvalloc_29nbfs_LRG2_max_sCs4p6
4929,55368.61845319924,3338.2600260056342,55524.35312356035,53601.617947990686,1767.0005052085571,pvalloc_29nbfs_LRG2_max_sCs4p6
4930,74390.8733213368,3563.1404389595264,74504.25692964175,67094.71032197739,7296.162999359411,pvalloc_29nbfs_LRG2_max_sCs4p6
4931,89317.89540494168,4072.50788151166,89446.31203752947,75341.56228775565,13976.333117186066,pvalloc_29nbfs_LRG2_max_sCs4p6
4932,74221.72323357462,5134.067844957623,74528.74367240096,66958.80274333863,7262.920490235976,pvalloc_29nbfs_LRG2_max_sCs4p6
4933,61768.31801316443,6643.345907320727,62614.94105314817,58532.99698171645,3235.321031447964,pvalloc_29nbfs_LRG2_max_sCs4p6
4934,58392.56585696404,5488.208730852887,58936.12668668934,55850.78497156998,2541.7808853940755,pvalloc_29nbfs_LRG2_max_sCs4p6
4935,50981.288765925514,5067.1083447826895,51548.83825811157,49812.32561915118,1168.9631467743347,pvalloc_29nbfs_LRG2_max_sCs4p6
4936,50364.74292974713,4815.764414425774,50878.68184853997,49305.55359088634,1059.1893388607841,pvalloc_29nbfs_LRG2_max_sCs4p6
4937,34085.96215672951,4267.271451130414,34735.66134807584,34043.646532093044,42.315624636466794,pvalloc_29nbfs_LRG2_max_sCs4p6
4938,16344.034018021508,3926.4051621049857,17457.53841263219,16344.034018021508,0.0,pvalloc_29nbfs_LRG2_max_sCs4p6
4939,7180.461685906774,5152.7081260557325,9875.344200318325,7180.461685906774,0.0,pvalloc_29nbfs_LRG2_max_sCs4p6
4940,296.42720717138957,8837.764580647236,8841.211947120404,296.42720717138957,0.0,pvalloc_29nbfs_LRG2_max_sCs4p6
4941,0.0,12714.325160437362,12714.325160437362,0.0,0.0,pvalloc_29nbfs_LRG2_max_sCs4p6
4942,0.0,13844.117670126652,13844.117670126652,0.0,0.0,pvalloc_29nbfs_LRG2_max_sCs4p6
4943,0.0,13190.081500942473,13190.081500942473,0.0,0.0,pvalloc_29nbfs_LRG2_max_sCs4p6
4944,0.0,15734.473543662865,15734.473543662865,0.0,0.0,pvalloc_29nbfs_LRG2_max_sCs4p6
4945,0.0,11843.652935827873,11843.652935827873,0.0,0.0,pvalloc_29nbfs_LRG2_max_sCs4p6
4946,0.0,9148.163406638314,9148.163406638314,0.0,0.0,pvalloc_29nbfs_LRG2_max_sCs4p6
4947,0.0,7889.191632688864,7889.191632688864,0.0,0.0,pvalloc_29nbfs_LRG2_max_sCs4p6
4948,0.0,7842.183829125385,7842.183829125385,0.0,0.0,pvalloc_29nbfs_LRG2_max_sCs4p6
4949,0.0,6888.334696423667,6888.334696423667,0.0,0.0,pvalloc_29nbfs_LRG2_max_sCs4p6
4950,7.648514725334512,5201.485366708731,5201.502679071685,7.648514725334512,0.0,pvalloc_29nbfs_LRG2_max_sCs4p6
4951,9123.884673658635,2539.515954329417,9970.81331678661,9123.884673658635,0.0,pvalloc_29nbfs_LRG2_max_sCs4p6
4952,30302.539456219634,2554.2283878976477,30515.977547259743,30302.539456219634,0.0,pvalloc_29nbfs_LRG2_max_sCs4p6
4953,54005.32648128512,3006.906939976194,54128.99682978063,52471.11240160781,1534.2140796772878,pvalloc_29nbfs_LRG2_max_sCs4p6
4954,75424.76164316856,3368.9929871221034,75520.4200430924,67726.72405987947,7698.037583289102,pvalloc_29nbfs_LRG2_max_sCs4p6
4955,86707.51695086685,3616.0548019924445,86813.99144002603,73958.73747821085,12748.77947265599,pvalloc_29nbfs_LRG2_max_sCs4p6
4956,74737.64927713528,4604.840826847627,74962.59557678067,67277.1227999335,7460.526477201756,pvalloc_29nbfs_LRG2_max_sCs4p6
4957,50051.678239148576,4868.294381360394,50566.77718840398,49062.75305455047,988.9251845981005,pvalloc_29nbfs_LRG2_max_sCs4p6
4958,60897.192997858256,5006.109589254974,61340.019391762566,57680.10591674258,3217.0870811156865,pvalloc_29nbfs_LRG2_max_sCs4p6
4959,48572.20658730411,5048.931468544494,49208.98775323808,47749.33591134887,822.8706759552417,pvalloc_29nbfs_LRG2_max_sCs4p6
4960,44657.18481693447,4723.744224537038,45273.79533698365,44237.61501650036,419.56980043411284,pvalloc_29nbfs_LRG2_max_sCs4p6
4961,35980.099051148914,4805.583539124664,36783.93192382652,35882.29235568754,97.8066954613771,pvalloc_29nbfs_LRG2_max_sCs4p6
4962,19840.497835666676,4687.45984384079,21186.524908647247,19840.497835666676,0.0,pvalloc_29nbfs_LRG2_max_sCs4p6
4963,9130.365715266857,6051.20383744825,12245.855282933466,9130.365715266857,0.0,pvalloc_29nbfs_LRG2_max_sCs4p6
4964,3.578634772104177,11428.221530371775,11428.221530371775,3.578634772104177,0.0,pvalloc_29nbfs_LRG2_max_sCs4p6
4965,0.0,21698.627529472968,21698.627529472968,0.0,0.0,pvalloc_29nbfs_LRG2_max_sCs4p6
4966,0.0,15054.668580548849,15054.668580548849,0.0,0.0,pvalloc_29nbfs_LRG2_max_sCs4p6
4967,0.0,14761.30043522164,14761.30043522164,0.0,0.0,pvalloc_29nbfs_LRG2_max_sCs4p6
4968,0.0,12492.279958567413,12492.279958567413,0.0,0.0,pvalloc_29nbfs_LRG2_max_sCs4p6
4969,0.0,10052.532145121631,10052.532145121631,0.0,0.0,pvalloc_29nbfs_LRG2_max_sCs4p6
4970,0.0,8034.332061846785,8034.332061846785,0.0,0.0,pvalloc_29nbfs_LRG2_max_sCs4p6
4971,0.0,7219.022230515399,7219.022230515399,0.0,0.0,pvalloc_29nbfs_LRG2_max_sCs4p6
4972,0.0,6689.043790452777,6689.043790452777,0.0,0.0,pvalloc_29nbfs_LRG2_max_sCs4p6
4973,0.0,6426.528200910122,6426.528200910122,0.0,0.0,pvalloc_29nbfs_LRG2_max_sCs4p6
4974,161.15162868361676,3989.552547793623,3991.502296133806,161.15162868361676,0.0,pvalloc_29nbfs_LRG2_max_sCs4p6
4975,10202.785558982838,2534.0358893247294,10986.490465213281,10202.785558982838,0.0,pvalloc_29nbfs_LRG2_max_sCs4p6
4976,3135.020679999142,2922.534261041767,4787.153029880121,3135.020679999142,0.0,pvalloc_29nbfs_LRG2_max_sCs4p6
4977,18338.22219981974,3138.9641099809105,19030.976731057992,18338.22219981974,0.0,pvalloc_29nbfs_LRG2_max_sCs4p6
4978,36176.78254828528,3432.782542400202,36532.306549989014,36085.345949345414,91.43659893986029,pvalloc_29nbfs_LRG2_max_sCs4p6
4979,57341.36661314129,3909.0444861423484,57572.38898566166,55089.81546955712,2251.5511435841445,pvalloc_29nbfs_LRG2_max_sCs4p6
4980,59623.89432716717,4677.939115291831,59970.05776805103,56856.796097499064,2767.098229668082,pvalloc_29nbfs_LRG2_max_sCs4p6
4981,62947.57991066865,5378.288619944352,63406.814556388184,59353.28470068669,3594.295209981976,pvalloc_29nbfs_LRG2_max_sCs4p6
4982,47636.97124213969,4926.32225752705,48240.06645597087,46950.23732493225,686.7339172074527,pvalloc_29nbfs_LRG2_max_sCs4p6
4983,52863.068163471034,5535.958492933322,53508.44366614364,51408.33887962575,1454.7292838452886,pvalloc_29nbfs_LRG2_max_sCs4p6
4984,42938.17184126718,4886.321793793313,43582.96369993386,42657.885031087564,280.2868101796259,pvalloc_29nbfs_LRG2_max_sCs4p6
4985,28498.166778355517,4367.166126069722,29332.610001862013,28498.166778355517,0.0,pvalloc_29nbfs_LRG2_max_sCs4p6
4986,22524.679827722422,4916.800854247949,23928.435956661142,22524.679827722422,0.0,pvalloc_29nbfs_LRG2_max_sCs4p6
4987,9974.35812813978,5114.782319191303,12426.474237555902,9974.35812813978,0.0,pvalloc_29nbfs_LRG2_max_sCs4p6
4988,1.7405799026816333,11602.667627824849,11602.667627824849,1.7405799026816333,0.0,pvalloc_29nbfs_LRG2_max_sCs4p6
4989,0.0,15306.207062822386,15306.207062822386,0.0,0.0,pvalloc_29nbfs_LRG2_max_sCs4p6
4990,0.0,18487.54111223772,18487.54111223772,0.0,0.0,pvalloc_29nbfs_LRG2_max_sCs4p6
4991,0.0,15678.910070087288,15678.910070087288,0.0,0.0,pvalloc_29nbfs_LRG2_max_sCs4p6
4992,0.0,12457.950105853319,12457.950105853319,0.0,0.0,pvalloc_29nbfs_LRG2_max_sCs4p6
4993,0.0,9566.57816566627,9566.57816566627,0.0,0.0,pvalloc_29nbfs_LRG2_max_sCs4p6
4994,0.0,8172.598108657664,8172.598108657664,0.0,0.0,pvalloc_29nbfs_LRG2_max_sCs4p6
4995,0.0,7275.373634775014,7275.373634775014,0.0,0.0,pvalloc_29nbfs_LRG2_max_sCs4p6
4996,0.0,6657.432000184345,6657.432000184345,0.0,0.0,pvalloc_29nbfs_LRG2_max_sCs4p6
4997,0.0,6227.237294939229,6227.237294939229,0.0,0.0,pvalloc_29nbfs_LRG2_max_sCs4p6
4998,409.3724771620096,3581.753497032699,3598.7211030213934,409.3724771620096,0.0,pvalloc_29nbfs_LRG2_max_sCs4p6
4999,14923.691856129542,2526.323856335233,15468.189424536391,14923.691856129542,0.0,pvalloc_29nbfs_LRG2_max_sCs4p6
5000,33567.41580102227,2776.6531718693086,33792.823567258136,33556.847118046564,10.568682975700654,pvalloc_29nbfs_LRG2_max_sCs4p6
5001,52008.625655314965,3114.69018776535,52154.53049374028,50795.53642715912,1213.0892281558476,pvalloc_29nbfs_LRG2_max_sCs4p6
5002,65701.3490722168,3225.3603686221977,65817.66726860788,61377.81145890202,4323.537613314778,pvalloc_29nbfs_LRG2_max_sCs4p6
5003,85565.90600510153,3940.5461878490196,85690.06168756349,73401.88414171977,12164.021863381777,pvalloc_29nbfs_LRG2_max_sCs4p6
5004,83658.67348056451,4478.336282212227,83828.83414133175,72395.06178465817,11263.611695906337,pvalloc_29nbfs_LRG2_max_sCs4p6
5005,90116.9883996488,4606.716349501554,90293.09997627792,75708.10275434563,14408.885645303179,pvalloc_29nbfs_LRG2_max_sCs4p6
5006,83917.35273243739,4592.076992320547,84122.14464386425,72416.17328687746,11501.179445559888,pvalloc_29nbfs_LRG2_max_sCs4p6
5007,70144.37552569306,4609.614990461796,70404.3410512728,64292.029714248056,5852.3458114449695,pvalloc_29nbfs_LRG2_max_sCs4p6
5008,55302.13628015006,4087.7909888370746,55596.48480281623,53408.63155877363,1893.5047213764315,pvalloc_29nbfs_LRG2_max_sCs4p6
5009,32730.517940869537,3834.468962982408,33278.318046615954,32722.403327022967,8.114613846568375,pvalloc_29nbfs_LRG2_max_sCs4p6
5010,13739.457356399562,3958.195071309537,15070.553515883063,13739.457356399562,0.0,pvalloc_29nbfs_LRG2_max_sCs4p6
5011,2513.3918564786095,6083.94522246275,6861.229474303034,2513.3918564786095,0.0,pvalloc_29nbfs_LRG2_max_sCs4p6
5012,0.024958675141344665,13827.324605065654,13827.324605065654,0.024958675141344665,0.0,pvalloc_29nbfs_LRG2_max_sCs4p6
5013,0.0,14662.181682635239,14662.181682635239,0.0,0.0,pvalloc_29nbfs_LRG2_max_sCs4p6
5014,0.0,16274.799124460178,16274.799124460178,0.0,0.0,pvalloc_29nbfs_LRG2_max_sCs4p6
5015,0.0,15624.092956490873,15624.092956490873,0.0,0.0,pvalloc_29nbfs_LRG2_max_sCs4p6
5016,0.0,12724.185769730164,12724.185769730164,0.0,0.0,pvalloc_29nbfs_LRG2_max_sCs4p6
5017,0.0,10867.074894322572,10867.074894322572,0.0,0.0,pvalloc_29nbfs_LRG2_max_sCs4p6
5018,0.0,8769.37174164062,8769.37174164062,0.0,0.0,pvalloc_29nbfs_LRG2_max_sCs4p6
5019,0.0,7592.314610242441,7592.314610242441,0.0,0.0,pvalloc_29nbfs_LRG2_max_sCs4p6
5020,0.0,6804.494587055006,6804.494587055006,0.0,0.0,pvalloc_29nbfs_LRG2_max_sCs4p6
5021,0.0,6914.447201421452,6914.447201421452,0.0,0.0,pvalloc_29nbfs_LRG2_max_sCs4p6
5022,126.61560743693882,4157.067941693754,4158.640403167239,126.61560743693882,0.0,pvalloc_29nbfs_LRG2_max_sCs4p6
5023,10440.731206036691,2564.1920868762663,11234.49965804392,10440.731206036691,0.0,pvalloc_29nbfs_LRG2_max_sCs4p6
5024,21692.388223372298,2749.6398483612707,22114.581676972262,21692.388223372298,0.0,pvalloc_29nbfs_LRG2_max_sCs4p6
5025,18561.126311078173,3366.7835242187507,19409.397838690205,18561.126311078173,0.0,pvalloc_29nbfs_LRG2_max_sCs4p6
5026,30575.955854824475,3799.5164734162818,31187.891236932894,30575.955854824475,0.0,pvalloc_29nbfs_LRG2_max_sCs4p6
5027,65865.98333002451,3646.748871437493,66023.54152245195,61450.240655383765,4415.742674640741,pvalloc_29nbfs_LRG2_max_sCs4p6
5028,78971.4653777105,5327.244733861376,79297.3952686669,69856.15366362249,9115.311714087986,pvalloc_29nbfs_LRG2_max_sCs4p6
5029,52063.54880485605,5045.82480912207,52596.80743822565,50734.85109269991,1328.697712156137,pvalloc_29nbfs_LRG2_max_sCs4p6
5030,22716.724888196663,5836.990703616156,24593.348903678856,22716.724888196663,0.0,pvalloc_29nbfs_LRG2_max_sCs4p6
5031,25366.61151360754,4959.904957771853,26614.834151448045,25366.61151360754,0.0,pvalloc_29nbfs_LRG2_max_sCs4p6
5032,33758.89634916446,4039.2635683638914,34346.83792888441,33717.383555660024,41.5127935044419,pvalloc_29nbfs_LRG2_max_sCs4p6
5033,26714.135907895496,4129.632961151032,27519.227698484876,26714.135907895496,0.0,pvalloc_29nbfs_LRG2_max_sCs4p6
5034,16597.492873528416,4723.433283716576,18222.135444827487,16597.492873528416,0.0,pvalloc_29nbfs_LRG2_max_sCs4p6
5035,10219.88483130746,5390.686344159502,12756.899422795925,10219.88483130746,0.0,pvalloc_29nbfs_LRG2_max_sCs4p6
5036,10.589658791995392,10991.066844653584,10991.07927980274,10.589658791995392,0.0,pvalloc_29nbfs_LRG2_max_sCs4p6
5037,0.0,15623.399766375915,15623.399766375915,0.0,0.0,pvalloc_29nbfs_LRG2_max_sCs4p6
5038,0.0,16022.715362504956,16022.715362504956,0.0,0.0,pvalloc_29nbfs_LRG2_max_sCs4p6
5039,0.0,16439.75171535185,16439.75171535185,0.0,0.0,pvalloc_29nbfs_LRG2_max_sCs4p6
5040,0.0,12326.556850038325,12326.556850038325,0.0,0.0,pvalloc_29nbfs_LRG2_max_sCs4p6
5041,0.0,9488.472208125191,9488.472208125191,0.0,0.0,pvalloc_29nbfs_LRG2_max_sCs4p6
5042,0.0,8024.435333822398,8024.435333822398,0.0,0.0,pvalloc_29nbfs_LRG2_max_sCs4p6
5043,0.0,7253.65746949607,7253.65746949607,0.0,0.0,pvalloc_29nbfs_LRG2_max_sCs4p6
5044,0.0,6638.189465394041,6638.189465394041,0.0,0.0,pvalloc_29nbfs_LRG2_max_sCs4p6
5045,0.0,6441.09672928257,6441.09672928257,0.0,0.0,pvalloc_29nbfs_LRG2_max_sCs4p6
5046,127.16961486141737,4133.637731843053,4135.189021576622,127.16961486141737,0.0,pvalloc_29nbfs_LRG2_max_sCs4p6
5047,11296.093106281389,2641.0498485873795,12117.993764339615,11296.093106281389,0.0,pvalloc_29nbfs_LRG2_max_sCs4p6
5048,32388.82755823959,2960.2039355654033,32667.875345868528,32388.82755823959,0.0,pvalloc_29nbfs_LRG2_max_sCs4p6
5049,53145.50069870903,3327.905198920232,53313.47563766502,51766.40114652264,1379.0995521864024,pvalloc_29nbfs_LRG2_max_sCs4p6
5050,72238.76086903768,3409.54522322097,72338.01760826781,65789.12834341961,6449.63252561808,pvalloc_29nbfs_LRG2_max_sCs4p6
5051,65846.74753272007,3814.458313191697,66015.88147418768,61467.84582154957,4378.901711170476,pvalloc_29nbfs_LRG2_max_sCs4p6
5052,60335.26410390981,4448.344979966183,60629.811486388375,57421.43556991383,2913.8285339959793,pvalloc_29nbfs_LRG2_max_sCs4p6
5053,66922.99812687491,4711.111486890395,67210.28382839935,62167.90863599526,4755.089490879622,pvalloc_29nbfs_LRG2_max_sCs4p6
5054,68048.64692998429,4590.762970292692,68322.7070708667,62855.62753756407,5193.01939242015,pvalloc_29nbfs_LRG2_max_sCs4p6
5055,57558.22389477121,4863.577774578361,57971.16069179734,55196.16722105329,2362.056673717906,pvalloc_29nbfs_LRG2_max_sCs4p6
5056,51409.13828243485,4305.175028648282,51769.16098010085,50218.99041568646,1190.1478667483984,pvalloc_29nbfs_LRG2_max_sCs4p6
5057,34344.688164476494,3725.223996087418,34833.4797541148,34301.16144440908,43.52672006740261,pvalloc_29nbfs_LRG2_max_sCs4p6
5058,12128.839127775636,3720.8738278416677,13407.016641777782,12128.839127775636,0.0,pvalloc_29nbfs_LRG2_max_sCs4p6
5059,6179.737848935815,4371.171815968497,8408.73556219551,6179.737848935815,0.0,pvalloc_29nbfs_LRG2_max_sCs4p6
5060,213.10922384854953,7653.713523544549,7656.303680440277,213.10922384854953,0.0,pvalloc_29nbfs_LRG2_max_sCs4p6
5061,0.0,12442.644294585478,12442.644294585478,0.0,0.0,pvalloc_29nbfs_LRG2_max_sCs4p6
5062,0.0,12652.578225358759,12652.578225358759,0.0,0.0,pvalloc_29nbfs_LRG2_max_sCs4p6
5063,0.0,12878.862779430521,12878.862779430521,0.0,0.0,pvalloc_29nbfs_LRG2_max_sCs4p6
5064,0.0,12350.755659688532,12350.755659688532,0.0,0.0,pvalloc_29nbfs_LRG2_max_sCs4p6
5065,0.0,11097.685205202353,11097.685205202353,0.0,0.0,pvalloc_29nbfs_LRG2_max_sCs4p6
5066,0.0,9294.124150992036,9294.124150992036,0.0,0.0,pvalloc_29nbfs_LRG2_max_sCs4p6
5067,0.0,7868.8472553816255,7868.8472553816255,0.0,0.0,pvalloc_29nbfs_LRG2_max_sCs4p6
5068,0.0,6865.793803809358,6865.793803809358,0.0,0.0,pvalloc_29nbfs_LRG2_max_sCs4p6
5069,0.0,7046.117084101746,7046.117084101746,0.0,0.0,pvalloc_29nbfs_LRG2_max_sCs4p6
5070,117.91548229824387,4243.249386888207,4244.696351058772,117.91548229824387,0.0,pvalloc_29nbfs_LRG2_max_sCs4p6
5071,13181.136237094213,2495.4077997078543,13790.132272750758,13181.136237094213,0.0,pvalloc_29nbfs_LRG2_max_sCs4p6
5072,30182.15880107326,2796.8513670190696,30454.695257209216,30182.15880107326,0.0,pvalloc_29nbfs_LRG2_max_sCs4p6
5073,52407.39860964606,3196.2608732422686,52563.39076323964,51119.258794725065,1288.1398149209895,pvalloc_29nbfs_LRG2_max_sCs4p6
5074,69810.35875769761,3484.5462588716327,69943.24083050738,64153.571875117486,5656.786882580067,pvalloc_29nbfs_LRG2_max_sCs4p6
5075,80380.89752765962,3902.280568409631,80525.28441784754,70537.64849375795,9843.24903390169,pvalloc_29nbfs_LRG2_max_sCs4p6
5076,70886.78329798016,4438.519661132338,71110.82267343253,64829.31475436986,6057.468543610345,pvalloc_29nbfs_LRG2_max_sCs4p6
5077,62707.65525017694,4864.440689012254,63057.29617374697,59158.99556773388,3548.659682443052,pvalloc_29nbfs_LRG2_max_sCs4p6
5078,53275.07144963621,5048.706528043615,53808.55747294437,51715.7251759382,1559.346273698014,pvalloc_29nbfs_LRG2_max_sCs4p6
5079,33085.54553627457,5064.614637389938,34068.05439252662,33057.37899338118,28.16654289338635,pvalloc_29nbfs_LRG2_max_sCs4p6
5080,36285.80904986662,4694.4174788099235,37026.42957587317,36181.394095141695,104.4149547249192,pvalloc_29nbfs_LRG2_max_sCs4p6
5081,28590.09549954408,4457.585346989697,29460.917270043283,28590.09549954408,0.0,pvalloc_29nbfs_LRG2_max_sCs4p6
5082,16324.423940818762,4413.847639783425,17742.26227165175,16324.423940818762,0.0,pvalloc_29nbfs_LRG2_max_sCs4p6
5083,8593.46682285705,4733.459651994114,10818.712165354576,8593.46682285705,0.0,pvalloc_29nbfs_LRG2_max_sCs4p6
5084,45.21551305638912,9039.178896089414,9039.455906120344,45.21551305638912,0.0,pvalloc_29nbfs_LRG2_max_sCs4p6
5085,0.0,14038.884071464148,14038.884071464148,0.0,0.0,pvalloc_29nbfs_LRG2_max_sCs4p6
5086,0.0,16707.678657408913,16707.678657408913,0.0,0.0,pvalloc_29nbfs_LRG2_max_sCs4p6
5087,0.0,14798.423471834054,14798.423471834054,0.0,0.0,pvalloc_29nbfs_LRG2_max_sCs4p6
5088,0.0,12920.992928294934,12920.992928294934,0.0,0.0,pvalloc_29nbfs_LRG2_max_sCs4p6
5089,0.0,9900.944565301277,9900.944565301277,0.0,0.0,pvalloc_29nbfs_LRG2_max_sCs4p6
5090,0.0,9389.785903685059,9389.785903685059,0.0,0.0,pvalloc_29nbfs_LRG2_max_sCs4p6
5091,0.0,7401.546438254426,7401.546438254426,0.0,0.0,pvalloc_29nbfs_LRG2_max_sCs4p6
5092,0.0,6692.067790682454,6692.067790682454,0.0,0.0,pvalloc_29nbfs_LRG2_max_sCs4p6
5093,0.0,6497.448685059626,6497.448685059626,0.0,0.0,pvalloc_29nbfs_LRG2_max_sCs4p6
5094,300.563611901402,3841.406728663338,3845.3080386281895,300.563611901402,0.0,pvalloc_29nbfs_LRG2_max_sCs4p6
5095,14805.590382802695,2372.000605486959,15273.291289517225,14805.590382802695,0.0,pvalloc_29nbfs_LRG2_max_sCs4p6
5096,34807.814143873584,2366.9232451662374,34944.52766553901,34778.39954103834,29.41460283524657,pvalloc_29nbfs_LRG2_max_sCs4p6
5097,56896.052865842306,2794.155067008742,56990.436830234336,54842.26382430213,2053.7890415401853,pvalloc_29nbfs_LRG2_max_sCs4p6
5098,73787.64134711133,2918.1349951314364,73863.78462475805,66753.46362166035,7034.177725450994,pvalloc_29nbfs_LRG2_max_sCs4p6
5099,89270.20769633984,3507.968520922342,89370.97510717671,75288.3217587928,13981.885937547097,pvalloc_29nbfs_LRG2_max_sCs4p6
5100,75374.50444864808,4903.553955169969,75629.69540005272,67644.94698711041,7729.557461537709,pvalloc_29nbfs_LRG2_max_sCs4p6
5101,66111.66921667036,5575.173495582059,66579.21627005174,61524.32172823803,4587.3474884323105,pvalloc_29nbfs_LRG2_max_sCs4p6
5102,71196.00158947996,5661.720003122756,71658.738632087,64856.09217619624,6339.90941328363,pvalloc_29nbfs_LRG2_max_sCs4p6
5103,64993.51264621646,5144.841025089038,65415.54247052075,60691.022936700894,4302.489709515586,pvalloc_29nbfs_LRG2_max_sCs4p6
5104,61186.03222238114,4941.00371182915,61615.88338715898,57895.461203153245,3290.571019227882,pvalloc_29nbfs_LRG2_max_sCs4p6
5105,25873.10652693762,4797.2764069110835,26939.63412613132,25873.10652693762,0.0,pvalloc_29nbfs_LRG2_max_sCs4p6
5106,6548.857242058746,5128.914709817104,9136.327755452685,6548.857242058746,0.0,pvalloc_29nbfs_LRG2_max_sCs4p6
5107,1418.8246596829263,6932.09093494392,7053.984575035354,1418.8246596829263,0.0,pvalloc_29nbfs_LRG2_max_sCs4p6
5108,0.5361198090454553,11343.815656085813,11343.815656085813,0.5361198090454553,0.0,pvalloc_29nbfs_LRG2_max_sCs4p6
5109,0.0,13173.89172578315,13173.89172578315,0.0,0.0,pvalloc_29nbfs_LRG2_max_sCs4p6
5110,0.0,13106.449704799224,13106.449704799224,0.0,0.0,pvalloc_29nbfs_LRG2_max_sCs4p6
5111,0.0,12603.245316458497,12603.245316458497,0.0,0.0,pvalloc_29nbfs_LRG2_max_sCs4p6
5112,0.0,10413.182078012227,10413.182078012227,0.0,0.0,pvalloc_29nbfs_LRG2_max_sCs4p6
5113,0.0,8993.403916155024,8993.403916155024,0.0,0.0,pvalloc_29nbfs_LRG2_max_sCs4p6
5114,0.0,7817.17261512709,7817.17261512709,0.0,0.0,pvalloc_29nbfs_LRG2_max_sCs4p6
5115,0.0,7187.960258470543,7187.960258470543,0.0,0.0,pvalloc_29nbfs_LRG2_max_sCs4p6
5116,0.0,6597.782238100716,6597.782238100716,0.0,0.0,pvalloc_29nbfs_LRG2_max_sCs4p6
5117,0.0,6653.58216958441,6653.58216958441,0.0,0.0,pvalloc_29nbfs_LRG2_max_sCs4p6
5118,143.8280125053206,4119.45040792513,4121.135211043429,143.8280125053206,0.0,pvalloc_29nbfs_LRG2_max_sCs4p6
5119,10269.526223419349,2358.7057768934337,10950.950782949676,10269.526223419349,0.0,pvalloc_29nbfs_LRG2_max_sCs4p6
5120,31157.536013120785,2382.582627885455,31326.755646012192,31157.536013120785,0.0,pvalloc_29nbfs_LRG2_max_sCs4p6
5121,54455.424392315595,2713.6736634046083,54552.37362346174,52867.15451169492,1588.2698806206697,pvalloc_29nbfs_LRG2_max_sCs4p6
5122,70447.99454963398,3179.768698242446,70544.48555770032,64642.04353804384,5805.951011590028,pvalloc_29nbfs_LRG2_max_sCs4p6
5123,88939.60887481802,3494.0906475821084,89023.84165505377,75201.78874036325,13737.820134454754,pvalloc_29nbfs_LRG2_max_sCs4p6
5124,88530.94642346592,4692.6360827994295,88695.97211792301,75035.46163296427,13495.48479050165,pvalloc_29nbfs_LRG2_max_sCs4p6
5125,88452.91128990643,5521.184057080318,88717.05543888372,74918.75876275607,13534.152527150376,pvalloc_29nbfs_LRG2_max_sCs4p6
5126,82181.87281006514,5401.616397569016,82472.78942350612,71503.45223923851,10678.420570826649,pvalloc_29nbfs_LRG2_max_sCs4p6
5127,77620.15637282065,5317.552941541844,77938.55102084692,68888.75354645279,8731.402826367797,pvalloc_29nbfs_LRG2_max_sCs4p6
5128,68748.27319639269,4485.777660782242,69005.86213476509,63349.41339155525,5398.859804837476,pvalloc_29nbfs_LRG2_max_sCs4p6
5129,50416.81235412116,4327.135148893368,50801.571675538646,49387.17504820603,1029.6373059151324,pvalloc_29nbfs_LRG2_max_sCs4p6
5130,30855.03843188096,4875.133787352735,31803.80449109634,30855.03843188096,0.0,pvalloc_29nbfs_LRG2_max_sCs4p6
5131,12203.077762369037,4979.6056544861485,14329.99847942902,12203.077762369037,0.0,pvalloc_29nbfs_LRG2_max_sCs4p6
5132,1.3614489677331176,11936.510606800819,11936.510606800819,1.3614489677331176,0.0,pvalloc_29nbfs_LRG2_max_sCs4p6
5133,0.0,18228.216139042957,18228.216139042957,0.0,0.0,pvalloc_29nbfs_LRG2_max_sCs4p6
5134,0.0,18162.496361710335,18162.496361710335,0.0,0.0,pvalloc_29nbfs_LRG2_max_sCs4p6
5135,0.0,15581.301938822113,15581.301938822113,0.0,0.0,pvalloc_29nbfs_LRG2_max_sCs4p6
5136,0.0,13660.518661518496,13660.518661518496,0.0,0.0,pvalloc_29nbfs_LRG2_max_sCs4p6
5137,0.0,10358.480128423342,10358.480128423342,0.0,0.0,pvalloc_29nbfs_LRG2_max_sCs4p6
5138,0.0,8828.47113398323,8828.47113398323,0.0,0.0,pvalloc_29nbfs_LRG2_max_sCs4p6
5139,0.0,7213.798405873982,7213.798405873982,0.0,0.0,pvalloc_29nbfs_LRG2_max_sCs4p6
5140,0.0,6479.031429122139,6479.031429122139,0.0,0.0,pvalloc_29nbfs_LRG2_max_sCs4p6
5141,0.0,6403.162580960439,6403.162580960439,0.0,0.0,pvalloc_29nbfs_LRG2_max_sCs4p6
5142,125.65329929459143,4161.67178323573,4163.05186836107,125.65329929459143,0.0,pvalloc_29nbfs_LRG2_max_sCs4p6
5143,13308.824863024534,2355.0404974769226,13828.646839149891,13308.824863024534,0.0,pvalloc_29nbfs_LRG2_max_sCs4p6
5144,33119.20488743395,2663.417026260335,33318.045236732534,33119.20488743395,0.0,pvalloc_29nbfs_LRG2_max_sCs4p6
5145,53984.52129786385,3208.127615822955,54125.82011191757,52478.352487419834,1506.1688104440113,pvalloc_29nbfs_LRG2_max_sCs4p6
5146,74376.88684149776,3328.392957325584,74473.80351537716,67145.40281370207,7231.484027795812,pvalloc_29nbfs_LRG2_max_sCs4p6
5147,87664.18132329857,4250.079698367133,87788.69198660848,74618.47585750076,13045.705465797753,pvalloc_29nbfs_LRG2_max_sCs4p6
5148,83280.1932831869,5795.898102829737,83646.31575856174,72369.06007412774,10911.133209059164,pvalloc_29nbfs_LRG2_max_sCs4p6
5149,88100.85504335981,5322.322022396846,88341.0908035079,74824.49222745442,13276.36281590531,pvalloc_29nbfs_LRG2_max_sCs4p6
5150,87704.84553325552,4496.0221905765975,87896.43135690984,74417.41042580093,13287.435107454568,pvalloc_29nbfs_LRG2_max_sCs4p6
5151,75874.75012433811,5025.593465033242,76145.0200784218,67932.02278837725,7942.727335960858,pvalloc_29nbfs_LRG2_max_sCs4p6
5152,63212.92687678932,4265.742524344265,63457.529772951915,59536.961938345325,3675.9649384439945,pvalloc_29nbfs_LRG2_max_sCs4p6
5153,45936.48849684144,3930.5767833922737,46263.57067636279,45498.75206051687,437.7364363245657,pvalloc_29nbfs_LRG2_max_sCs4p6
5154,30684.813837022193,3931.2176235958555,31273.140462859028,30684.813837022193,0.0,pvalloc_29nbfs_LRG2_max_sCs4p6
5155,10172.146799902246,5608.556629388918,12947.457040204074,10172.146799902246,0.0,pvalloc_29nbfs_LRG2_max_sCs4p6
5156,0.9827747758397187,13203.476585177013,13203.476585177013,0.9827747758397187,0.0,pvalloc_29nbfs_LRG2_max_sCs4p6
5157,0.0,16656.158247084175,16656.158247084175,0.0,0.0,pvalloc_29nbfs_LRG2_max_sCs4p6
5158,0.0,16956.66673318879,16956.66673318879,0.0,0.0,pvalloc_29nbfs_LRG2_max_sCs4p6
5159,0.0,13878.197386105796,13878.197386105796,0.0,0.0,pvalloc_29nbfs_LRG2_max_sCs4p6
5160,0.0,13359.709264488023,13359.709264488023,0.0,0.0,pvalloc_29nbfs_LRG2_max_sCs4p6
5161,0.0,9823.421723926978,9823.421723926978,0.0,0.0,pvalloc_29nbfs_LRG2_max_sCs4p6
5162,0.0,8004.918441437759,8004.918441437759,0.0,0.0,pvalloc_29nbfs_LRG2_max_sCs4p6
5163,0.0,7279.771629046192,7279.771629046192,0.0,0.0,pvalloc_29nbfs_LRG2_max_sCs4p6
5164,0.0,6702.5126823780765,6702.5126823780765,0.0,0.0,pvalloc_29nbfs_LRG2_max_sCs4p6
5165,0.0,6398.764586689275,6398.764586689275,0.0,0.0,pvalloc_29nbfs_LRG2_max_sCs4p6
5166,103.08716694434479,4348.7360839277535,4349.836748000007,103.08716694434479,0.0,pvalloc_29nbfs_LRG2_max_sCs4p6
5167,12663.575289393988,2548.2913842181365,13330.10945550188,12663.575289393988,0.0,pvalloc_29nbfs_LRG2_max_sCs4p6
5168,33067.32369977213,2920.7934496027865,33322.371180227696,33067.32369977213,0.0,pvalloc_29nbfs_LRG2_max_sCs4p6
5169,54918.97282508475,3160.904026677414,55050.81652428371,53243.29443784943,1675.6783872353226,pvalloc_29nbfs_LRG2_max_sCs4p6
5170,74946.5850802952,3061.547922669081,75030.78388874774,67465.46855249153,7481.116527803655,pvalloc_29nbfs_LRG2_max_sCs4p6
5171,89756.53490141926,3765.5021989831585,89856.31458332631,75619.42049244673,14137.114408972528,pvalloc_29nbfs_LRG2_max_sCs4p6
5172,84039.94270227436,4278.088578704904,84199.26254753502,72606.84713403038,11433.095568243989,pvalloc_29nbfs_LRG2_max_sCs4p6
5173,78325.05728564323,4586.471564925771,78539.31635966859,69374.48842065003,8950.56886499317,pvalloc_29nbfs_LRG2_max_sCs4p6
5174,88618.74220028092,4541.062226791391,88806.98023379954,74907.90478937216,13710.837410908767,pvalloc_29nbfs_LRG2_max_sCs4p6
5175,76367.53456769089,4722.385562635805,76613.91294172886,68184.12922500692,8183.4053426839755,pvalloc_29nbfs_LRG2_max_sCs4p6
5176,61167.97406903368,4537.4507182208035,61473.0632823586,57985.144929677495,3182.829139356168,pvalloc_29nbfs_LRG2_max_sCs4p6
5177,41841.29145432337,4211.431738866947,42316.21934726165,41628.40284928129,212.88860504208316,pvalloc_29nbfs_LRG2_max_sCs4p6
5178,22927.139757013745,4132.57490768607,23848.111356751804,22927.139757013745,0.0,pvalloc_29nbfs_LRG2_max_sCs4p6
5179,9385.386585583252,4312.642781186519,11204.2968517085,9385.386585583252,0.0,pvalloc_29nbfs_LRG2_max_sCs4p6
5180,20.15501886023004,9583.833024282489,9583.989985673914,20.15501886023004,0.0,pvalloc_29nbfs_LRG2_max_sCs4p6
5181,0.0,17958.547144614717,17958.547144614717,0.0,0.0,pvalloc_29nbfs_LRG2_max_sCs4p6
5182,0.0,15508.105894089556,15508.105894089556,0.0,0.0,pvalloc_29nbfs_LRG2_max_sCs4p6
5183,0.0,14273.897403473246,14273.897403473246,0.0,0.0,pvalloc_29nbfs_LRG2_max_sCs4p6
5184,0.0,13200.332246555767,13200.332246555767,0.0,0.0,pvalloc_29nbfs_LRG2_max_sCs4p6
5185,0.0,9638.325646422078,9638.325646422078,0.0,0.0,pvalloc_29nbfs_LRG2_max_sCs4p6
5186,0.0,8321.584507793394,8321.584507793394,0.0,0.0,pvalloc_29nbfs_LRG2_max_sCs4p6
5187,0.0,7169.817360127393,7169.817360127393,0.0,0.0,pvalloc_29nbfs_LRG2_max_sCs4p6
5188,0.0,7079.928698781938,7079.928698781938,0.0,0.0,pvalloc_29nbfs_LRG2_max_sCs4p6
5189,0.0,6529.334832922408,6529.334832922408,0.0,0.0,pvalloc_29nbfs_LRG2_max_sCs4p6
5190,43.805503885421835,4768.085282069819,4768.581664265584,43.805503885421835,0.0,pvalloc_29nbfs_LRG2_max_sCs4p6
5191,10378.365080207059,2502.3095806050887,11129.75084643298,10378.365080207059,0.0,pvalloc_29nbfs_LRG2_max_sCs4p6
5192,27612.949616871578,2857.4010855391984,27934.89366670606,27612.949616871578,0.0,pvalloc_29nbfs_LRG2_max_sCs4p6
5193,49195.635734887146,3115.2625121647866,49350.05131488666,48457.652293135274,737.9834417518723,pvalloc_29nbfs_LRG2_max_sCs4p6
5194,62321.85230834892,3396.1097206525965,62455.81065510005,58964.95823878554,3356.894069563383,pvalloc_29nbfs_LRG2_max_sCs4p6
5195,70879.0893738334,4074.9817437222387,71047.32231349972,64934.82742792819,5944.2619459051375,pvalloc_29nbfs_LRG2_max_sCs4p6
5196,68352.5099638562,5046.380667690794,68688.74511026811,63283.091944303276,5069.418019552929,pvalloc_29nbfs_LRG2_max_sCs4p6
5197,72583.45691358346,4919.931944210985,72857.94736244036,65916.78056379352,6666.676349789824,pvalloc_29nbfs_LRG2_max_sCs4p6
5198,71333.57759338003,5431.702739333017,71704.11340652093,65104.27837727971,6229.299216100372,pvalloc_29nbfs_LRG2_max_sCs4p6
5199,70442.50212590872,4903.811067391175,70740.88571221769,64490.53306502848,5951.969060880191,pvalloc_29nbfs_LRG2_max_sCs4p6
5200,42355.70081546042,3815.408025215236,42726.50030459336,42122.29453193061,233.4062835298003,pvalloc_29nbfs_LRG2_max_sCs4p6
5201,27216.350482488946,3805.107216261152,27863.596997164215,27216.350482488946,0.0,pvalloc_29nbfs_LRG2_max_sCs4p6
5202,13100.218825420185,4328.037832858849,14763.098466381029,13100.218825420185,0.0,pvalloc_29nbfs_LRG2_max_sCs4p6
5203,8221.861431126657,4806.842473651488,10542.069172990045,8221.861431126657,0.0,pvalloc_29nbfs_LRG2_max_sCs4p6
5204,0.0,15090.608421547518,15090.608421547518,0.0,0.0,pvalloc_29nbfs_LRG2_max_sCs4p6
5205,0.0,15791.348827533151,15791.348827533151,0.0,0.0,pvalloc_29nbfs_LRG2_max_sCs4p6
5206,0.0,15247.755727980579,15247.755727980579,0.0,0.0,pvalloc_29nbfs_LRG2_max_sCs4p6
5207,0.0,15008.225250668322,15008.225250668322,0.0,0.0,pvalloc_29nbfs_LRG2_max_sCs4p6
5208,0.0,12069.433844123945,12069.433844123945,0.0,0.0,pvalloc_29nbfs_LRG2_max_sCs4p6
5209,0.0,11145.876780548273,11145.876780548273,0.0,0.0,pvalloc_29nbfs_LRG2_max_sCs4p6
5210,0.0,8940.899584908117,8940.899584908117,0.0,0.0,pvalloc_29nbfs_LRG2_max_sCs4p6
5211,0.0,7874.895807358424,7874.895807358424,0.0,0.0,pvalloc_29nbfs_LRG2_max_sCs4p6
5212,0.0,7043.644556647981,7043.644556647981,0.0,0.0,pvalloc_29nbfs_LRG2_max_sCs4p6
5213,0.0,7125.558647681808,7125.558647681808,0.0,0.0,pvalloc_29nbfs_LRG2_max_sCs4p6
5214,3.6239206901952317,5733.996687023191,5734.068370319005,3.6239206901952317,0.0,pvalloc_29nbfs_LRG2_max_sCs4p6
5215,1654.7455419772525,3024.024048132463,3676.883680519766,1654.7455419772525,0.0,pvalloc_29nbfs_LRG2_max_sCs4p6
5216,6112.4090027727425,2945.5962738683834,7460.3967950187,6112.4090027727425,0.0,pvalloc_29nbfs_LRG2_max_sCs4p6
5217,12205.702245553515,3187.960825652035,13276.62269971481,12205.702245553515,0.0,pvalloc_29nbfs_LRG2_max_sCs4p6
5218,23894.573015168018,3307.8128663969705,24455.048798093147,23894.573015168018,0.0,pvalloc_29nbfs_LRG2_max_sCs4p6
5219,28433.066827240717,3946.4524369428964,29101.880427495624,28433.066827240717,0.0,pvalloc_29nbfs_LRG2_max_sCs4p6
5220,21055.38526017354,5083.244362612622,22721.71169582488,21055.38526017354,0.0,pvalloc_29nbfs_LRG2_max_sCs4p6
5221,45699.41641039015,4532.764301031066,46206.02476287323,45244.77813750589,454.63827288426205,pvalloc_29nbfs_LRG2_max_sCs4p6
5222,60418.57778451949,4699.167436437322,60773.07071958731,57380.177873069835,3038.3999114496573,pvalloc_29nbfs_LRG2_max_sCs4p6
5223,47446.3835958711,4725.11391042538,47965.041093781896,46829.93228375394,616.4513121171524,pvalloc_29nbfs_LRG2_max_sCs4p6
5224,47803.65919080787,4121.664818825187,48170.26270455549,47163.471266705405,640.1879241024542,pvalloc_29nbfs_LRG2_max_sCs4p6
5225,35802.32617666551,4199.993895437325,36377.64000222067,35733.9542597692,68.37191689632107,pvalloc_29nbfs_LRG2_max_sCs4p6
5226,24957.999308160026,4094.5848635135126,25778.52320983851,24957.999308160026,0.0,pvalloc_29nbfs_LRG2_max_sCs4p6
5227,10271.827969612446,4774.227848167127,12375.76790809967,10271.827969612446,0.0,pvalloc_29nbfs_LRG2_max_sCs4p6
5228,0.23879845763027266,12343.341828200655,12343.341828200655,0.23879845763027266,0.0,pvalloc_29nbfs_LRG2_max_sCs4p6
5229,0.0,17463.78761121696,17463.78761121696,0.0,0.0,pvalloc_29nbfs_LRG2_max_sCs4p6
5230,0.0,16776.24576513662,16776.24576513662,0.0,0.0,pvalloc_29nbfs_LRG2_max_sCs4p6
5231,0.0,13863.094861205218,13863.094861205218,0.0,0.0,pvalloc_29nbfs_LRG2_max_sCs4p6
5232,0.0,12379.083196074875,12379.083196074875,0.0,0.0,pvalloc_29nbfs_LRG2_max_sCs4p6
5233,0.0,10840.796451126313,10840.796451126313,0.0,0.0,pvalloc_29nbfs_LRG2_max_sCs4p6
5234,0.0,8839.193140860432,8839.193140860432,0.0,0.0,pvalloc_29nbfs_LRG2_max_sCs4p6
5235,0.0,7691.549078353807,7691.549078353807,0.0,0.0,pvalloc_29nbfs_LRG2_max_sCs4p6
5236,0.0,6881.188714069509,6881.188714069509,0.0,0.0,pvalloc_29nbfs_LRG2_max_sCs4p6
5237,0.0,7020.828203404438,7020.828203404438,0.0,0.0,pvalloc_29nbfs_LRG2_max_sCs4p6
5238,66.53656862096003,4740.778883908951,4741.463246726152,66.53656862096003,0.0,pvalloc_29nbfs_LRG2_max_sCs4p6
5239,11462.717865486527,2608.658348226208,12195.133275526237,11462.717865486527,0.0,pvalloc_29nbfs_LRG2_max_sCs4p6
5240,24408.11307635855,2927.21677307101,24812.845250799957,24408.11307635855,0.0,pvalloc_29nbfs_LRG2_max_sCs4p6
5241,48305.95536072124,3153.426401586733,48470.82666559739,47672.521587688294,633.4337730329505,pvalloc_29nbfs_LRG2_max_sCs4p6
5242,62263.55131345334,3597.9645408313268,62416.2914854903,58919.881827000485,3343.6694864528486,pvalloc_29nbfs_LRG2_max_sCs4p6
5243,68819.02735147913,3910.053568552788,68985.01440962276,63522.93726699413,5296.090084485123,pvalloc_29nbfs_LRG2_max_sCs4p6
5244,56482.15299383568,4418.327672922673,56798.19398886669,54425.19519723848,2056.9577965972,pvalloc_29nbfs_LRG2_max_sCs4p6
5245,54913.22025143603,4932.895448285791,55362.57012819744,53135.445652502916,1777.774598933112,pvalloc_29nbfs_LRG2_max_sCs4p6
5246,51252.53048223946,4986.9643003335605,51800.51234037452,50045.91708144691,1206.6134007925486,pvalloc_29nbfs_LRG2_max_sCs4p6
5247,50996.517648285706,4681.461943767237,51471.8534486425,49844.828382789834,1151.689265495863,pvalloc_29nbfs_LRG2_max_sCs4p6
5248,43372.28638435746,4129.659521711305,43829.10764163365,43075.04203641517,297.2443479423029,pvalloc_29nbfs_LRG2_max_sCs4p6
5249,35404.558326359314,4004.091523364251,35939.5108778112,35342.96935190188,61.5889744574352,pvalloc_29nbfs_LRG2_max_sCs4p6
5250,18126.50940060643,4538.935905833328,19495.22834966348,18126.50940060643,0.0,pvalloc_29nbfs_LRG2_max_sCs4p6
5251,8335.532297526843,5134.164515211818,10856.812384688306,8335.532297526843,0.0,pvalloc_29nbfs_LRG2_max_sCs4p6
5252,0.0,18999.97382854631,18999.97382854631,0.0,0.0,pvalloc_29nbfs_LRG2_max_sCs4p6
5253,0.0,19290.580116971654,19290.580116971654,0.0,0.0,pvalloc_29nbfs_LRG2_max_sCs4p6
5254,0.0,16835.268381474212,16835.268381474212,0.0,0.0,pvalloc_29nbfs_LRG2_max_sCs4p6
5255,0.0,14924.78827852718,14924.78827852718,0.0,0.0,pvalloc_29nbfs_LRG2_max_sCs4p6
5256,0.0,13381.168060104115,13381.168060104115,0.0,0.0,pvalloc_29nbfs_LRG2_max_sCs4p6
5257,0.0,10539.960012448035,10539.960012448035,0.0,0.0,pvalloc_29nbfs_LRG2_max_sCs4p6
5258,0.0,8429.066249258418,8429.066249258418,0.0,0.0,pvalloc_29nbfs_LRG2_max_sCs4p6
5259,0.0,7662.686930720702,7662.686930720702,0.0,0.0,pvalloc_29nbfs_LRG2_max_sCs4p6
5260,0.0,6987.56971605249,6987.56971605249,0.0,0.0,pvalloc_29nbfs_LRG2_max_sCs4p6
5261,0.0,6946.060646242224,6946.060646242224,0.0,0.0,pvalloc_29nbfs_LRG2_max_sCs4p6
5262,58.790430793724674,4987.350158330342,4987.9732272574865,58.790430793724674,0.0,pvalloc_29nbfs_LRG2_max_sCs4p6
5263,12691.348556553097,2562.9875154619754,13330.428066029186,12691.348556553097,0.0,pvalloc_29nbfs_LRG2_max_sCs4p6
5264,33509.37866721232,2856.32658907251,33745.08341734263,33505.37360514305,4.005062069259566,pvalloc_29nbfs_LRG2_max_sCs4p6
5265,56204.535673837745,2947.422554866183,56317.02475599924,54281.611438110405,1922.9242357273447,pvalloc_29nbfs_LRG2_max_sCs4p6
5266,75233.27278640693,3724.794462818787,75349.90560643305,67681.36276780232,7551.910018604658,pvalloc_29nbfs_LRG2_max_sCs4p6
5267,88836.89880764755,4800.768780917885,89006.65006304996,75239.74193408334,13597.156873564156,pvalloc_29nbfs_LRG2_max_sCs4p6
5268,86130.47479113062,5848.89056804936,86464.15058648608,73820.792380573,12309.682410557596,pvalloc_29nbfs_LRG2_max_sCs4p6
5269,91027.60784229382,5815.27932302094,91316.4756680024,76240.25128050515,14787.35656178865,pvalloc_29nbfs_LRG2_max_sCs4p6
5270,91512.43665715867,5228.814332104561,91781.35120779953,76217.35969563914,15295.076961519495,pvalloc_29nbfs_LRG2_max_sCs4p6
5271,83055.15910748021,5020.466207095299,83316.58746167766,71928.09295294128,11127.066154538978,pvalloc_29nbfs_LRG2_max_sCs4p6
5272,69197.76605092318,4778.8138741907105,69484.89897529202,63665.05294154864,5532.7131093745365,pvalloc_29nbfs_LRG2_max_sCs4p6
5273,52129.65169416407,4343.066699253224,52504.87174059711,50813.45314136275,1316.1985528013317,pvalloc_29nbfs_LRG2_max_sCs4p6
5274,31265.827055509773,4443.1740226080365,32030.246144579396,31265.827055509773,0.0,pvalloc_29nbfs_LRG2_max_sCs4p6
5275,12676.3323229396,4709.305497285197,14451.034340693033,12676.3323229396,0.0,pvalloc_29nbfs_LRG2_max_sCs4p6
5276,0.001144878417680309,16107.88058348258,16107.88058348258,0.001144878417680309,0.0,pvalloc_29nbfs_LRG2_max_sCs4p6
5277,0.0,16661.54003587522,16661.54003587522,0.0,0.0,pvalloc_29nbfs_LRG2_max_sCs4p6
5278,0.0,16071.879638820657,16071.879638820657,0.0,0.0,pvalloc_29nbfs_LRG2_max_sCs4p6
5279,0.0,16513.61501158644,16513.61501158644,0.0,0.0,pvalloc_29nbfs_LRG2_max_sCs4p6
5280,0.0,14223.402737580196,14223.402737580196,0.0,0.0,pvalloc_29nbfs_LRG2_max_sCs4p6
5281,0.0,10189.901163932847,10189.901163932847,0.0,0.0,pvalloc_29nbfs_LRG2_max_sCs4p6
5282,0.0,9219.90861812319,9219.90861812319,0.0,0.0,pvalloc_29nbfs_LRG2_max_sCs4p6
5283,0.0,8077.212368111324,8077.212368111324,0.0,0.0,pvalloc_29nbfs_LRG2_max_sCs4p6
5284,0.0,7416.388772703774,7416.388772703774,0.0,0.0,pvalloc_29nbfs_LRG2_max_sCs4p6
5285,0.0,7104.393955178766,7104.393955178766,0.0,0.0,pvalloc_29nbfs_LRG2_max_sCs4p6
5286,19.61906969524922,5505.282982973017,5505.5455117076535,19.61906969524922,0.0,pvalloc_29nbfs_LRG2_max_sCs4p6
5287,11800.731028642618,2604.4920680354503,12508.729691330262,11800.731028642618,0.0,pvalloc_29nbfs_LRG2_max_sCs4p6
5288,33675.8123883382,2762.984543660969,33891.35335838845,33669.475107036844,6.337281301351425,pvalloc_29nbfs_LRG2_max_sCs4p6
5289,55891.60474194017,2765.1748839712936,55992.532980715216,54028.24261850232,1863.3621234378634,pvalloc_29nbfs_LRG2_max_sCs4p6
5290,74190.74372932162,3621.7956690398055,74300.58486628575,67054.76114554999,7135.982583771667,pvalloc_29nbfs_LRG2_max_sCs4p6
5291,90224.99255577655,4050.1817509371317,90347.29407238855,75841.01380716235,14383.978748614247,pvalloc_29nbfs_LRG2_max_sCs4p6
5292,85623.44607503765,5619.714680719635,85924.35858700417,73557.00294579455,12066.443129243029,pvalloc_29nbfs_LRG2_max_sCs4p6
5293,91376.56045037547,5533.241559213591,91635.48110691694,76304.18275628613,15072.377694089377,pvalloc_29nbfs_LRG2_max_sCs4p6
5294,86755.5023925258,6653.13736729217,87211.04555587757,73909.96884033845,12845.533552187357,pvalloc_29nbfs_LRG2_max_sCs4p6
5295,80015.15939902647,6058.856104480268,80436.8826787618,70226.22492471739,9788.934474309059,pvalloc_29nbfs_LRG2_max_sCs4p6
5296,65450.761075853465,6116.926443753834,66038.34597204627,61107.82558729062,4342.935488562851,pvalloc_29nbfs_LRG2_max_sCs4p6
5297,49701.010461434365,5439.579450708609,50392.42884897656,48728.13726850956,972.8731929248055,pvalloc_29nbfs_LRG2_max_sCs4p6
5298,29311.79623415204,5433.0425172396035,30516.812005963136,29311.79623415204,0.0,pvalloc_29nbfs_LRG2_max_sCs4p6
5299,8810.637180960233,6469.095234728231,12183.22946663068,8810.637180960233,0.0,pvalloc_29nbfs_LRG2_max_sCs4p6
5300,0.002782290935076717,16914.8741995099,16914.8741995099,0.002782290935076717,0.0,pvalloc_29nbfs_LRG2_max_sCs4p6
5301,0.0,19664.8737674663,19664.8737674663,0.0,0.0,pvalloc_29nbfs_LRG2_max_sCs4p6
5302,0.0,21717.29761653144,21717.29761653144,0.0,0.0,pvalloc_29nbfs_LRG2_max_sCs4p6
5303,0.0,17214.825474050005,17214.825474050005,0.0,0.0,pvalloc_29nbfs_LRG2_max_sCs4p6
5304,0.0,12578.207549128692,12578.207549128692,0.0,0.0,pvalloc_29nbfs_LRG2_max_sCs4p6
5305,0.0,10294.109997870488,10294.109997870488,0.0,0.0,pvalloc_29nbfs_LRG2_max_sCs4p6
5306,0.0,8325.709247505114,8325.709247505114,0.0,0.0,pvalloc_29nbfs_LRG2_max_sCs4p6
5307,0.0,7293.515981600714,7293.515981600714,0.0,0.0,pvalloc_29nbfs_LRG2_max_sCs4p6
5308,0.0,6735.774478834691,6735.774478834691,0.0,0.0,pvalloc_29nbfs_LRG2_max_sCs4p6
5309,0.0,6710.483943585053,6710.483943585053,0.0,0.0,pvalloc_29nbfs_LRG2_max_sCs4p6
5310,30.31219513997688,4984.765444678703,4985.1505701193755,30.31219513997688,0.0,pvalloc_29nbfs_LRG2_max_sCs4p6
5311,11752.877002719664,2510.5859999875884,12421.616662478953,11752.877002719664,0.0,pvalloc_29nbfs_LRG2_max_sCs4p6
5312,32873.026210049946,2874.5625294524402,33121.41347338619,32873.026210049946,0.0,pvalloc_29nbfs_LRG2_max_sCs4p6
5313,54821.11815278325,3220.069554181403,54961.36047470635,53154.352080655335,1666.7660721279253,pvalloc_29nbfs_LRG2_max_sCs4p6
5314,74965.453390471,3689.040553399271,75091.28960250877,67484.29283746699,7481.160553004038,pvalloc_29nbfs_LRG2_max_sCs4p6
5315,91200.2437135729,3850.020513574471,91312.68008663831,76296.56762362414,14903.676089948729,pvalloc_29nbfs_LRG2_max_sCs4p6
5316,85244.67915227622,5913.80253879393,85593.95312208684,73339.62059863398,11905.058553642215,pvalloc_29nbfs_LRG2_max_sCs4p6
5317,90969.20799196891,5415.678476403478,91208.53275777148,76181.7703960924,14787.437595876487,pvalloc_29nbfs_LRG2_max_sCs4p6
5318,88573.14554641228,5553.468451643541,88844.07089915022,74906.86175223003,13666.283794182278,pvalloc_29nbfs_LRG2_max_sCs4p6
5319,82027.63194568266,4917.368027918869,82260.38773831638,71429.92290641923,10597.709039263436,pvalloc_29nbfs_LRG2_max_sCs4p6
5320,67945.74236483943,4825.975493897091,68243.02002796586,62834.778781186484,5110.963583652891,pvalloc_29nbfs_LRG2_max_sCs4p6
5321,50062.85714880869,4697.812462301285,50519.62606567539,49100.80126774464,962.0558810640516,pvalloc_29nbfs_LRG2_max_sCs4p6
5322,31971.62649885865,3954.8072737501034,32565.879123304974,31971.62649885865,0.0,pvalloc_29nbfs_LRG2_max_sCs4p6
5323,10838.507420075252,4742.541237888467,12906.725205805855,10838.507420075252,0.0,pvalloc_29nbfs_LRG2_max_sCs4p6
5324,0.6169206341999018,11780.247270256357,11780.247270256357,0.6169206341999018,0.0,pvalloc_29nbfs_LRG2_max_sCs4p6
5325,0.0,17798.4514230697,17798.4514230697,0.0,0.0,pvalloc_29nbfs_LRG2_max_sCs4p6
5326,0.0,19605.334016129702,19605.334016129702,0.0,0.0,pvalloc_29nbfs_LRG2_max_sCs4p6
5327,0.0,17993.3392447101,17993.3392447101,0.0,0.0,pvalloc_29nbfs_LRG2_max_sCs4p6
5328,0.0,14499.905393880888,14499.905393880888,0.0,0.0,pvalloc_29nbfs_LRG2_max_sCs4p6
5329,0.0,10706.798579119699,10706.798579119699,0.0,0.0,pvalloc_29nbfs_LRG2_max_sCs4p6
5330,0.0,8691.305275136961,8691.305275136961,0.0,0.0,pvalloc_29nbfs_LRG2_max_sCs4p6
5331,0.0,7299.838339654399,7299.838339654399,0.0,0.0,pvalloc_29nbfs_LRG2_max_sCs4p6
5332,0.0,6942.4868277889755,6942.4868277889755,0.0,0.0,pvalloc_29nbfs_LRG2_max_sCs4p6
5333,0.0,6828.134013081582,6828.134013081582,0.0,0.0,pvalloc_29nbfs_LRG2_max_sCs4p6
5334,10.248949627329177,5417.704453950923,5417.840044531325,10.248949627329177,0.0,pvalloc_29nbfs_LRG2_max_sCs4p6
5335,10506.633339567281,2805.8724799774595,11440.884226181677,10506.633339567281,0.0,pvalloc_29nbfs_LRG2_max_sCs4p6
5336,31591.84603794695,3234.741949529663,31946.67022496439,31591.84603794695,0.0,pvalloc_29nbfs_LRG2_max_sCs4p6
5337,53932.181256650154,3412.9646055266485,54100.09942066606,52416.189877458026,1515.9913791921333,pvalloc_29nbfs_LRG2_max_sCs4p6
5338,73881.55635722636,3725.9036302008158,74008.80351139528,66834.11021094533,7047.446146281081,pvalloc_29nbfs_LRG2_max_sCs4p6
5339,89056.45945052539,4023.4467427968434,89173.67625891749,75277.84278662823,13778.616663897177,pvalloc_29nbfs_LRG2_max_sCs4p6
5340,84371.17271031704,5741.047724751835,84719.1280999075,72965.37154460077,11405.801165716235,pvalloc_29nbfs_LRG2_max_sCs4p6
5341,88669.43722901914,5709.281959101272,88959.34377391575,75098.9805618396,13570.456667179498,pvalloc_29nbfs_LRG2_max_sCs4p6
5342,85481.67732547586,6553.332861136519,85938.262760464,73433.75143137692,12047.925894098935,pvalloc_29nbfs_LRG2_max_sCs4p6
5343,80360.30165742399,5459.569134514698,80669.35905022689,70485.9682678303,9874.33338959364,pvalloc_29nbfs_LRG2_max_sCs4p6
5344,68391.84850967138,4524.614023314513,68649.02843930967,63126.61784969853,5265.230659972937,pvalloc_29nbfs_LRG2_max_sCs4p6
5345,48970.8026980344,4481.777136416468,49392.79701588971,48179.827312555586,790.9753854788289,pvalloc_29nbfs_LRG2_max_sCs4p6
5346,29294.16281516932,4464.216487137651,30121.825923995915,29294.16281516932,0.0,pvalloc_29nbfs_LRG2_max_sCs4p6
5347,7444.819694227735,6365.806380496001,10949.005476672333,7444.819694227735,0.0,pvalloc_29nbfs_LRG2_max_sCs4p6
5348,0.0,15989.524770241565,15989.524770241565,0.0,0.0,pvalloc_29nbfs_LRG2_max_sCs4p6
5349,0.0,16826.715043934226,16826.715043934226,0.0,0.0,pvalloc_29nbfs_LRG2_max_sCs4p6
5350,0.0,17455.218388780384,17455.218388780384,0.0,0.0,pvalloc_29nbfs_LRG2_max_sCs4p6
5351,0.0,17312.601875985754,17312.601875985754,0.0,0.0,pvalloc_29nbfs_LRG2_max_sCs4p6
5352,0.0,14414.143741518075,14414.143741518075,0.0,0.0,pvalloc_29nbfs_LRG2_max_sCs4p6
5353,0.0,9954.17201230051,9954.17201230051,0.0,0.0,pvalloc_29nbfs_LRG2_max_sCs4p6
5354,0.0,8448.308232531268,8448.308232531268,0.0,0.0,pvalloc_29nbfs_LRG2_max_sCs4p6
5355,0.0,7461.470557932399,7461.470557932399,0.0,0.0,pvalloc_29nbfs_LRG2_max_sCs4p6
5356,0.0,6904.553782501744,6904.553782501744,0.0,0.0,pvalloc_29nbfs_LRG2_max_sCs4p6
5357,0.0,6785.528064411385,6785.528064411385,0.0,0.0,pvalloc_29nbfs_LRG2_max_sCs4p6
5358,16.202486738100244,5397.9676106910565,5398.197574567213,16.202486738100244,0.0,pvalloc_29nbfs_LRG2_max_sCs4p6
5359,10623.568984925252,2700.4135435675335,11467.047085143928,10623.568984925252,0.0,pvalloc_29nbfs_LRG2_max_sCs4p6
5360,31818.895287438896,3036.820221776371,32119.131437692387,31818.895287438896,0.0,pvalloc_29nbfs_LRG2_max_sCs4p6
5361,51633.88214792468,4022.136073979135,51937.19999832288,50509.46791248959,1124.4142354351059,pvalloc_29nbfs_LRG2_max_sCs4p6
5362,72719.64689996306,4120.006380685488,72883.16149125305,66134.06091386978,6585.585986093258,pvalloc_29nbfs_LRG2_max_sCs4p6
5363,86944.03747526767,4995.422660616617,87151.79755048772,74314.02356685119,12630.013908416564,pvalloc_29nbfs_LRG2_max_sCs4p6
5364,84899.2620885759,5830.504486694055,85259.74751443684,73249.62707283886,11649.635015737054,pvalloc_29nbfs_LRG2_max_sCs4p6
5365,87853.03744713523,6394.936658829976,88285.80572970503,74768.78209082801,13084.255356307262,pvalloc_29nbfs_LRG2_max_sCs4p6
5366,90084.58202718463,5273.953750558167,90322.17621916998,75672.27705564519,14412.304971539426,pvalloc_29nbfs_LRG2_max_sCs4p6
5367,81541.86544392198,4898.885717675217,81767.87644430895,71189.7926526397,10352.07279128228,pvalloc_29nbfs_LRG2_max_sCs4p6
5368,67792.9126428992,4601.709084131211,68048.81797668993,62797.4506400021,4995.462002897059,pvalloc_29nbfs_LRG2_max_sCs4p6
5369,48934.19017514402,4697.211399841794,49396.869484346746,48172.4792480705,761.7109270735098,pvalloc_29nbfs_LRG2_max_sCs4p6
5370,28012.395219013364,4839.0828255443985,29079.76809423562,28012.395219013364,0.0,pvalloc_29nbfs_LRG2_max_sCs4p6
5371,9368.663867131176,5176.347127176041,11830.546277293275,9368.663867131176,0.0,pvalloc_29nbfs_LRG2_max_sCs4p6
5372,0.0,16855.617532044333,16855.617532044333,0.0,0.0,pvalloc_29nbfs_LRG2_max_sCs4p6
5373,0.0,17345.89249504484,17345.89249504484,0.0,0.0,pvalloc_29nbfs_LRG2_max_sCs4p6
5374,0.0,16579.52219038973,16579.52219038973,0.0,0.0,pvalloc_29nbfs_LRG2_max_sCs4p6
5375,0.0,15251.446364993697,15251.446364993697,0.0,0.0,pvalloc_29nbfs_LRG2_max_sCs4p6
5376,0.0,13188.262672566278,13188.262672566278,0.0,0.0,pvalloc_29nbfs_LRG2_max_sCs4p6
5377,0.0,11323.92566649367,11323.92566649367,0.0,0.0,pvalloc_29nbfs_LRG2_max_sCs4p6
5378,0.0,9734.491596408214,9734.491596408214,0.0,0.0,pvalloc_29nbfs_LRG2_max_sCs4p6
5379,0.0,8493.110696508547,8493.110696508547,0.0,0.0,pvalloc_29nbfs_LRG2_max_sCs4p6
5380,0.0,7434.255107382792,7434.255107382792,0.0,0.0,pvalloc_29nbfs_LRG2_max_sCs4p6
5381,0.0,7087.350693282778,7087.350693282778,0.0,0.0,pvalloc_29nbfs_LRG2_max_sCs4p6
5382,6.534590110971986,5749.32915183087,5749.42854264071,6.534590110971986,0.0,pvalloc_29nbfs_LRG2_max_sCs4p6
5383,10254.543322127673,2774.574980070554,11159.89589217542,10254.543322127673,0.0,pvalloc_29nbfs_LRG2_max_sCs4p6
5384,32073.256863180737,2885.789263065441,32340.799595297365,32073.256863180737,0.0,pvalloc_29nbfs_LRG2_max_sCs4p6
5385,54205.76050097478,3221.2553700342005,54350.93172184921,52636.88713590089,1568.8733650738754,pvalloc_29nbfs_LRG2_max_sCs4p6
5386,72811.31234412975,3905.6210918502466,72950.51721360256,66183.38628914299,6627.926054986679,pvalloc_29nbfs_LRG2_max_sCs4p6
5387,88427.66369176596,4435.20619331135,88575.24405322116,74962.72964926895,13464.93404249698,pvalloc_29nbfs_LRG2_max_sCs4p6
5388,85519.95247428949,5517.56359948526,85803.95143729288,73487.63971844286,12032.312755846608,pvalloc_29nbfs_LRG2_max_sCs4p6
5389,89254.04579967225,5836.147521161296,89555.59507148586,75340.15650041611,13913.889299256167,pvalloc_29nbfs_LRG2_max_sCs4p6
5390,85620.85710554598,6240.463916913516,86009.30827503206,73450.6663578044,12170.190747741515,pvalloc_29nbfs_LRG2_max_sCs4p6
5391,78824.04314674318,5604.431046274711,79159.65198841567,69671.06130315515,9152.981843588002,pvalloc_29nbfs_LRG2_max_sCs4p6
5392,64783.112247656565,5315.073500256766,65191.20388416466,60738.291641674325,4044.8206059822096,pvalloc_29nbfs_LRG2_max_sCs4p6
5393,46002.2661431412,5338.8926271179525,46713.76843384521,45557.710023544736,444.55611959646365,pvalloc_29nbfs_LRG2_max_sCs4p6
5394,27034.450772132386,4954.2586240381,28202.37342422388,27034.450772132386,0.0,pvalloc_29nbfs_LRG2_max_sCs4p6
5395,6322.362925686571,7005.691203502797,10432.06049811608,6322.362925686571,0.0,pvalloc_29nbfs_LRG2_max_sCs4p6
5396,0.0,17145.718773334902,17145.718773334902,0.0,0.0,pvalloc_29nbfs_LRG2_max_sCs4p6
5397,0.0,18592.212130355496,18592.212130355496,0.0,0.0,pvalloc_29nbfs_LRG2_max_sCs4p6
5398,0.0,17959.280865600802,17959.280865600802,0.0,0.0,pvalloc_29nbfs_LRG2_max_sCs4p6
5399,0.0,15321.147510146637,15321.147510146637,0.0,0.0,pvalloc_29nbfs_LRG2_max_sCs4p6
5400,0.0,13722.161589340785,13722.161589340785,0.0,0.0,pvalloc_29nbfs_LRG2_max_sCs4p6
5401,0.0,10430.229263731497,10430.229263731497,0.0,0.0,pvalloc_29nbfs_LRG2_max_sCs4p6
5402,0.0,8829.571873465271,8829.571873465271,0.0,0.0,pvalloc_29nbfs_LRG2_max_sCs4p6
5403,0.0,7657.188196967489,7657.188196967489,0.0,0.0,pvalloc_29nbfs_LRG2_max_sCs4p6
5404,0.0,7455.696363549952,7455.696363549952,0.0,0.0,pvalloc_29nbfs_LRG2_max_sCs4p6
5405,0.0,7031.549107246737,7031.549107246737,0.0,0.0,pvalloc_29nbfs_LRG2_max_sCs4p6
5406,2.006801835978374,6089.598311944105,6089.645662936637,2.006801835978374,0.0,pvalloc_29nbfs_LRG2_max_sCs4p6
5407,10247.345467022738,2615.9315598710787,11052.142302440503,10247.345467022738,0.0,pvalloc_29nbfs_LRG2_max_sCs4p6
5408,29308.269072196224,3029.315847374146,29647.074876654046,29308.269072196224,0.0,pvalloc_29nbfs_LRG2_max_sCs4p6
5409,48769.07296564486,3991.8725963410498,49085.5208073659,48075.16245761834,693.9105080265198,pvalloc_29nbfs_LRG2_max_sCs4p6
5410,67053.05883313756,3843.1494718114436,67214.42004188252,62349.482513225914,4703.576319911629,pvalloc_29nbfs_LRG2_max_sCs4p6
5411,74853.96932495938,4142.628544190251,75025.57673022932,67357.71853165663,7496.250793302738,pvalloc_29nbfs_LRG2_max_sCs4p6
5412,63311.98497977488,5463.22979974475,63791.569224965555,59685.3300348397,3626.6549449351915,pvalloc_29nbfs_LRG2_max_sCs4p6
5413,62778.63383069604,6094.557480852111,63408.85968002255,59237.86101101485,3540.7728196811904,pvalloc_29nbfs_LRG2_max_sCs4p6
5414,57281.14721199153,6035.863027134606,58004.957700033,54909.2592041212,2371.888007870336,pvalloc_29nbfs_LRG2_max_sCs4p6
5415,46210.56470413566,5488.853169383431,46969.985162126985,45698.43115906903,512.1335450666356,pvalloc_29nbfs_LRG2_max_sCs4p6
5416,34372.621734202155,5014.600058504661,35263.45541004507,34322.90864547653,49.71308872562304,pvalloc_29nbfs_LRG2_max_sCs4p6
5417,27442.22407182179,4820.693739528186,28495.89797264999,27442.22407182179,0.0,pvalloc_29nbfs_LRG2_max_sCs4p6
5418,11360.500951310849,5234.522779735861,13695.460380380027,11360.500951310849,0.0,pvalloc_29nbfs_LRG2_max_sCs4p6
5419,2517.7384115288123,6575.37446900414,7236.546916598099,2517.7384115288123,0.0,pvalloc_29nbfs_LRG2_max_sCs4p6
5420,0.0,14157.191503559567,14157.191503559567,0.0,0.0,pvalloc_29nbfs_LRG2_max_sCs4p6
5421,0.0,16175.317955120869,16175.317955120869,0.0,0.0,pvalloc_29nbfs_LRG2_max_sCs4p6
5422,0.0,16617.529616008724,16617.529616008724,0.0,0.0,pvalloc_29nbfs_LRG2_max_sCs4p6
5423,0.0,15583.466132818583,15583.466132818583,0.0,0.0,pvalloc_29nbfs_LRG2_max_sCs4p6
5424,0.0,13573.678772779584,13573.678772779584,0.0,0.0,pvalloc_29nbfs_LRG2_max_sCs4p6
4920,0.0,11113.463869085279,11113.463869085279,0.0,0.0,pvalloc_29nbfs_LRG2_max_sCs4p8
4921,0.0,10737.831728562101,10737.831728562101,0.0,0.0,pvalloc_29nbfs_LRG2_max_sCs4p8
4922,0.0,10105.311448681487,10105.311448681487,0.0,0.0,pvalloc_29nbfs_LRG2_max_sCs4p8
4923,0.0,8120.094880445636,8120.094880445636,0.0,0.0,pvalloc_29nbfs_LRG2_max_sCs4p8
4924,0.0,7251.733657230992,7251.733657230992,0.0,0.0,pvalloc_29nbfs_LRG2_max_sCs4p8
4925,0.0,6971.075169345191,6971.075169345191,0.0,0.0,pvalloc_29nbfs_LRG2_max_sCs4p8
4926,823.4410936990716,3596.0539830049497,3690.6886897443014,823.4410936990716,0.0,pvalloc_29nbfs_LRG2_max_sCs4p8
4927,15761.457973541792,2536.041457857171,16268.680454960517,15761.457973541792,0.0,pvalloc_29nbfs_LRG2_max_sCs4p8
4928,35994.49344290178,2697.673870692492,36179.84241248809,35927.81295621136,66.68048669042628,pvalloc_29nbfs_LRG2_max_sCs4p8
4929,55368.48428939198,3337.7133983709214,55524.63878409113,53601.950192533775,1766.5340968582104,pvalloc_29nbfs_LRG2_max_sCs4p8
4930,74390.86987752288,3562.6012679452247,74504.22530199897,67094.52483964873,7296.3450378740845,pvalloc_29nbfs_LRG2_max_sCs4p8
4931,89317.98343333564,4071.9601067045774,89446.36638312018,75340.41148528384,13977.571948051776,pvalloc_29nbfs_LRG2_max_sCs4p8
4932,74221.41126633593,5133.236144988752,74529.01083986089,66958.31172912316,7263.099537212712,pvalloc_29nbfs_LRG2_max_sCs4p8
4933,61767.49436917175,6642.072545989079,62614.176765288714,58532.76879795718,3234.725571214554,pvalloc_29nbfs_LRG2_max_sCs4p8
4934,58392.24379159826,5487.491748121104,58936.14053562136,55850.69869670468,2541.5450948935727,pvalloc_29nbfs_LRG2_max_sCs4p8
4935,50981.04513816112,5066.559422803236,51548.60575750104,49811.84039698076,1169.2047411803628,pvalloc_29nbfs_LRG2_max_sCs4p8
4936,50364.62746802164,4815.292352995169,50878.38396488654,49305.198233638796,1059.4292343828276,pvalloc_29nbfs_LRG2_max_sCs4p8
4937,34085.77230679516,4266.855584393732,34735.22202632544,34043.576443529695,42.195863265467835,pvalloc_29nbfs_LRG2_max_sCs4p8
4938,16343.927747460295,3926.167405679439,17455.433633221666,16343.927747460295,0.0,pvalloc_29nbfs_LRG2_max_sCs4p8
4939,7179.550885989418,5151.677304733743,9873.169208487554,7179.550885989418,0.0,pvalloc_29nbfs_LRG2_max_sCs4p8
4940,296.190457535616,8837.476051932195,8840.923418405366,296.190457535616,0.0,pvalloc_29nbfs_LRG2_max_sCs4p8
4941,0.0,12714.32516043736,12714.32516043736,0.0,0.0,pvalloc_29nbfs_LRG2_max_sCs4p8
4942,0.0,13844.117670126652,13844.117670126652,0.0,0.0,pvalloc_29nbfs_LRG2_max_sCs4p8
4943,0.0,13190.081500942473,13190.081500942473,0.0,0.0,pvalloc_29nbfs_LRG2_max_sCs4p8
4944,0.0,15734.473543662867,15734.473543662867,0.0,0.0,pvalloc_29nbfs_LRG2_max_sCs4p8
4945,0.0,11843.652935827871,11843.652935827871,0.0,0.0,pvalloc_29nbfs_LRG2_max_sCs4p8
4946,0.0,9148.163406638314,9148.163406638314,0.0,0.0,pvalloc_29nbfs_LRG2_max_sCs4p8
4947,0.0,7889.191632688865,7889.191632688865,0.0,0.0,pvalloc_29nbfs_LRG2_max_sCs4p8
4948,0.0,7842.183829125384,7842.183829125384,0.0,0.0,pvalloc_29nbfs_LRG2_max_sCs4p8
4949,0.0,6888.334696423668,6888.334696423668,0.0,0.0,pvalloc_29nbfs_LRG2_max_sCs4p8
4950,7.630513410055473,5201.418110984149,5201.435423347103,7.630513410055473,0.0,pvalloc_29nbfs_LRG2_max_sCs4p8
4951,9123.760167402248,2539.279224132354,9969.551517228016,9123.760167402248,0.0,pvalloc_29nbfs_LRG2_max_sCs4p8
4952,30302.475049453253,2553.925534391742,30515.87933504366,30302.475049453253,0.0,pvalloc_29nbfs_LRG2_max_sCs4p8
4953,54005.25782696932,3006.4583955791895,54129.074508038044,52471.01727518359,1534.2405517857292,pvalloc_29nbfs_LRG2_max_sCs4p8
4954,75424.79527681631,3368.49167279604,75520.42534034957,67726.57552116782,7698.219755648519,pvalloc_29nbfs_LRG2_max_sCs4p8
4955,86707.66373926321,3615.6286274566723,86814.03464768524,73957.84489679504,12749.818842468168,pvalloc_29nbfs_LRG2_max_sCs4p8
4956,74737.40580201575,4604.10663653028,74962.7901070348,67276.70774653957,7460.698055476176,pvalloc_29nbfs_LRG2_max_sCs4p8
4957,50051.35203583104,4867.6749082801325,50566.75779988847,49062.18861688379,989.1634189472661,pvalloc_29nbfs_LRG2_max_sCs4p8
4958,60897.11477706744,5005.690871339612,61339.76784451687,57680.58753227448,3216.5272447929465,pvalloc_29nbfs_LRG2_max_sCs4p8
4959,48572.03682580479,5048.519351004016,49208.03127065832,47748.967860574485,823.068965230308,pvalloc_29nbfs_LRG2_max_sCs4p8
4960,44657.07260014115,4723.38880866597,45272.962946321546,44237.31588566119,419.7567144799576,pvalloc_29nbfs_LRG2_max_sCs4p8
4961,35979.92994544595,4805.199055178335,36783.13084934109,35882.24961582863,97.6803296173182,pvalloc_29nbfs_LRG2_max_sCs4p8
4962,19840.30921628325,4687.114880081157,21183.974704376946,19840.30921628325,0.0,pvalloc_29nbfs_LRG2_max_sCs4p8
4963,9129.158765727585,6049.861507052637,12243.22660906163,9129.158765727585,0.0,pvalloc_29nbfs_LRG2_max_sCs4p8
4964,3.576271030712012,11428.175041677736,11428.175041677736,3.576271030712012,0.0,pvalloc_29nbfs_LRG2_max_sCs4p8
4965,0.0,21698.627529472968,21698.627529472968,0.0,0.0,pvalloc_29nbfs_LRG2_max_sCs4p8
4966,0.0,15054.668580548845,15054.668580548845,0.0,0.0,pvalloc_29nbfs_LRG2_max_sCs4p8
4967,0.0,14761.30043522164,14761.30043522164,0.0,0.0,pvalloc_29nbfs_LRG2_max_sCs4p8
4968,0.0,12492.27995856741,12492.27995856741,0.0,0.0,pvalloc_29nbfs_LRG2_max_sCs4p8
4969,0.0,10052.532145121631,10052.532145121631,0.0,0.0,pvalloc_29nbfs_LRG2_max_sCs4p8
4970,0.0,8034.332061846783,8034.332061846783,0.0,0.0,pvalloc_29nbfs_LRG2_max_sCs4p8
4971,0.0,7219.022230515399,7219.022230515399,0.0,0.0,pvalloc_29nbfs_LRG2_max_sCs4p8
4972,0.0,6689.043790452775,6689.043790452775,0.0,0.0,pvalloc_29nbfs_LRG2_max_sCs4p8
4973,0.0,6426.52820091012,6426.52820091012,0.0,0.0,pvalloc_29nbfs_LRG2_max_sCs4p8
4974,161.02141122465574,3989.3741213011112,3991.323869641294,161.02141122465574,0.0,pvalloc_29nbfs_LRG2_max_sCs4p8
4975,10202.657557680432,2533.7951507878433,10985.136556856905,10202.657557680432,0.0,pvalloc_29nbfs_LRG2_max_sCs4p8
4976,3134.841121687643,2922.2768510196197,4786.872800410813,3134.841121687643,0.0,pvalloc_29nbfs_LRG2_max_sCs4p8
4977,18337.95753394109,3138.5697956499976,19030.133011323847,18337.95753394109,0.0,pvalloc_29nbfs_LRG2_max_sCs4p8
4978,36176.55005457356,3432.3626773124697,36532.27174368502,36085.236729912205,91.31332466135962,pvalloc_29nbfs_LRG2_max_sCs4p8
4979,57341.18829768793,3908.542024643915,57572.66794116746,55089.857745943606,2251.3305517443196,pvalloc_29nbfs_LRG2_max_sCs4p8
4980,59623.578301656606,4677.262283593027,59970.153782343645,56856.83533748075,2766.7429641758536,pvalloc_29nbfs_LRG2_max_sCs4p8
4981,62947.13561495436,5377.456919975482,63407.19207306371,59353.109324506426,3594.026290447929,pvalloc_29nbfs_LRG2_max_sCs4p8
4982,47636.73085717074,4925.856183346629,48239.14586784291,46949.38017602833,687.3506811424111,pvalloc_29nbfs_LRG2_max_sCs4p8
4983,52862.59843770076,5535.155472273724,53507.94337963572,51407.845959929014,1454.752477771743,pvalloc_29nbfs_LRG2_max_sCs4p8
4984,42937.75351482856,4885.6334903708,43582.3737515833,42657.402561755436,280.35095307312037,pvalloc_29nbfs_LRG2_max_sCs4p8
4985,28497.85612772246,4366.664678258442,29331.481289473362,28497.85612772246,0.0,pvalloc_29nbfs_LRG2_max_sCs4p8
4986,22524.261164352298,4916.17769988874,23925.432196187612,22524.261164352298,0.0,pvalloc_29nbfs_LRG2_max_sCs4p8
4987,9973.476105058226,5113.761647553332,12424.241572604338,9973.476105058226,0.0,pvalloc_29nbfs_LRG2_max_sCs4p8
4988,1.7264758018662834,11602.606104766386,11602.606104766386,1.7264758018662834,0.0,pvalloc_29nbfs_LRG2_max_sCs4p8
4989,0.0,15306.207062822388,15306.207062822388,0.0,0.0,pvalloc_29nbfs_LRG2_max_sCs4p8
4990,0.0,18487.541112237723,18487.541112237723,0.0,0.0,pvalloc_29nbfs_LRG2_max_sCs4p8
4991,0.0,15678.910070087288,15678.910070087288,0.0,0.0,pvalloc_29nbfs_LRG2_max_sCs4p8
4992,0.0,12457.950105853319,12457.950105853319,0.0,0.0,pvalloc_29nbfs_LRG2_max_sCs4p8
4993,0.0,9566.578165666266,9566.578165666266,0.0,0.0,pvalloc_29nbfs_LRG2_max_sCs4p8
4994,0.0,8172.598108657664,8172.598108657664,0.0,0.0,pvalloc_29nbfs_LRG2_max_sCs4p8
4995,0.0,7275.373634775014,7275.373634775014,0.0,0.0,pvalloc_29nbfs_LRG2_max_sCs4p8
4996,0.0,6657.432000184344,6657.432000184344,0.0,0.0,pvalloc_29nbfs_LRG2_max_sCs4p8
4997,0.0,6227.237294939229,6227.237294939229,0.0,0.0,pvalloc_29nbfs_LRG2_max_sCs4p8
4998,409.10324346849245,3581.434782541665,3598.4014376729315,409.10324346849245,0.0,pvalloc_29nbfs_LRG2_max_sCs4p8
4999,14923.525634985072,2526.008072263805,15467.54933951707,14923.525634985072,0.0,pvalloc_29nbfs_LRG2_max_sCs4p8
5000,33567.33517563777,2776.320491881761,33792.678276609186,33556.8790750869,10.456100550861606,pvalloc_29nbfs_LRG2_max_sCs4p8
5001,52008.550093925915,3114.250820747313,52155.03509675437,50795.22066949256,1213.3294244333679,pvalloc_29nbfs_LRG2_max_sCs4p8
5002,65701.38008667773,3224.9353412587966,65817.67377592865,61379.219614679234,4322.16047199846,pvalloc_29nbfs_LRG2_max_sCs4p8
5003,85565.93481835433,3939.99554511101,85690.05862763351,73400.87290130738,12165.061917046918,pvalloc_29nbfs_LRG2_max_sCs4p8
5004,83658.57551867617,4477.65371465157,83828.96037547107,72395.22532815936,11263.350190516803,pvalloc_29nbfs_LRG2_max_sCs4p8
5005,90117.03603236009,4606.11981986871,90293.11330144535,75706.8941698001,14410.141862560098,pvalloc_29nbfs_LRG2_max_sCs4p8
5006,83917.4366000698,4591.575677994485,84122.6615435168,72416.5156410714,11500.92095899839,pvalloc_29nbfs_LRG2_max_sCs4p8
5007,70144.38486492437,4609.121132756142,70404.95430727821,64293.76029485721,5850.624570066983,pvalloc_29nbfs_LRG2_max_sCs4p8
5008,55302.15064963886,4087.4296295402564,55596.45579389298,53408.68169569071,1893.468953948156,pvalloc_29nbfs_LRG2_max_sCs4p8
5009,32730.381881545967,3834.1218629350733,33277.6901854092,32722.311375070858,8.070506475111813,pvalloc_29nbfs_LRG2_max_sCs4p8
5010,13739.23012028491,3957.855717750713,15068.592542471293,13739.23012028491,0.0,pvalloc_29nbfs_LRG2_max_sCs4p8
5011,2512.541816181825,6083.015274124049,6860.309348105439,2512.541816181825,0.0,pvalloc_29nbfs_LRG2_max_sCs4p8
5012,0.024958675141344665,13827.280507639001,13827.280507639001,0.024958675141344665,0.0,pvalloc_29nbfs_LRG2_max_sCs4p8
5013,0.0,14662.181682635239,14662.181682635239,0.0,0.0,pvalloc_29nbfs_LRG2_max_sCs4p8
5014,0.0,16274.799124460178,16274.799124460178,0.0,0.0,pvalloc_29nbfs_LRG2_max_sCs4p8
5015,0.0,15624.092956490871,15624.092956490871,0.0,0.0,pvalloc_29nbfs_LRG2_max_sCs4p8
5016,0.0,12724.185769730162,12724.185769730162,0.0,0.0,pvalloc_29nbfs_LRG2_max_sCs4p8
5017,0.0,10867.074894322572,10867.074894322572,0.0,0.0,pvalloc_29nbfs_LRG2_max_sCs4p8
5018,0.0,8769.371741640622,8769.371741640622,0.0,0.0,pvalloc_29nbfs_LRG2_max_sCs4p8
5019,0.0,7592.31461024244,7592.31461024244,0.0,0.0,pvalloc_29nbfs_LRG2_max_sCs4p8
5020,0.0,6804.494587055006,6804.494587055006,0.0,0.0,pvalloc_29nbfs_LRG2_max_sCs4p8
5021,0.0,6914.447201421454,6914.447201421454,0.0,0.0,pvalloc_29nbfs_LRG2_max_sCs4p8
5022,126.50043867768397,4156.907321639177,4158.4797831126625,126.50043867768397,0.0,pvalloc_29nbfs_LRG2_max_sCs4p8
5023,10440.588842210891,2563.9409904013623,11233.130339743277,10440.588842210891,0.0,pvalloc_29nbfs_LRG2_max_sCs4p8
5024,21692.159960831505,2749.2855133424778,22114.044064302096,21692.159960831505,0.0,pvalloc_29nbfs_LRG2_max_sCs4p8
5025,18560.69962939409,3366.2448251031956,19406.79941057803,18560.69962939409,0.0,pvalloc_29nbfs_LRG2_max_sCs4p8
5026,30575.437052823134,3798.822434131914,31187.050746400673,30575.437052823134,0.0,pvalloc_29nbfs_LRG2_max_sCs4p8
5027,65865.86420070409,3646.276810006887,66023.71826436232,61451.535695194674,4414.328505509424,pvalloc_29nbfs_LRG2_max_sCs4p8
5028,78970.94606997781,5326.200807003898,79297.70878211962,69854.93413823834,9116.011931739451,pvalloc_29nbfs_LRG2_max_sCs4p8
5029,52063.0896085014,5045.130769837703,52596.569036607834,50734.373843342364,1328.7157651590442,pvalloc_29nbfs_LRG2_max_sCs4p8
5030,22716.271413100756,5836.450650840083,24590.353789012777,22716.271413100756,0.0,pvalloc_29nbfs_LRG2_max_sCs4p8
5031,25366.456471544632,4959.6239974914215,26611.887328915524,25366.456471544632,0.0,pvalloc_29nbfs_LRG2_max_sCs4p8
5032,33758.636676989074,4038.846438688028,34346.1891385994,33717.24174873187,41.394928257196,pvalloc_29nbfs_LRG2_max_sCs4p8
5033,26713.798620118163,4129.128886992921,27518.07766271462,26713.798620118163,0.0,pvalloc_29nbfs_LRG2_max_sCs4p8
5034,16597.14709623876,4722.943860396063,18219.741124371172,16597.14709623876,0.0,pvalloc_29nbfs_LRG2_max_sCs4p8
5035,10219.16163448562,5389.8141823872265,12754.699645810979,10219.16163448562,0.0,pvalloc_29nbfs_LRG2_max_sCs4p8
5036,10.525290960288443,10990.9534194989,10990.965854648055,10.525290960288443,0.0,pvalloc_29nbfs_LRG2_max_sCs4p8
5037,0.0,15623.399766375918,15623.399766375918,0.0,0.0,pvalloc_29nbfs_LRG2_max_sCs4p8
5038,0.0,16022.715362504956,16022.715362504956,0.0,0.0,pvalloc_29nbfs_LRG2_max_sCs4p8
5039,0.0,16439.75171535185,16439.75171535185,0.0,0.0,pvalloc_29nbfs_LRG2_max_sCs4p8
5040,0.0,12326.556850038327,12326.556850038327,0.0,0.0,pvalloc_29nbfs_LRG2_max_sCs4p8
5041,0.0,9488.472208125195,9488.472208125195,0.0,0.0,pvalloc_29nbfs_LRG2_max_sCs4p8
5042,0.0,8024.435333822399,8024.435333822399,0.0,0.0,pvalloc_29nbfs_LRG2_max_sCs4p8
5043,0.0,7253.657469496068,7253.657469496068,0.0,0.0,pvalloc_29nbfs_LRG2_max_sCs4p8
5044,0.0,6638.189465394041,6638.189465394041,0.0,0.0,pvalloc_29nbfs_LRG2_max_sCs4p8
5045,0.0,6441.096729282572,6441.096729282572,0.0,0.0,pvalloc_29nbfs_LRG2_max_sCs4p8
5046,127.05606792320036,4133.475700254454,4135.026989988022,127.05606792320036,0.0,pvalloc_29nbfs_LRG2_max_sCs4p8
5047,11295.91616814395,2640.741419039643,12116.530072057561,11295.91616814395,0.0,pvalloc_29nbfs_LRG2_max_sCs4p8
5048,32388.61898414887,2959.734742065724,32668.049768810215,32388.61898414887,0.0,pvalloc_29nbfs_LRG2_max_sCs4p8
5049,53145.32130155448,3327.3258768729506,53313.78908601843,51765.97155935199,1379.3497422024925,pvalloc_29nbfs_LRG2_max_sCs4p8
5050,72238.72033016245,3408.983108759251,72337.94965953476,65789.26924671068,6449.451083451756,pvalloc_29nbfs_LRG2_max_sCs4p8
5051,65846.64789121276,3813.9157006602827,66016.26951424606,61469.15476002576,4377.4931311869805,pvalloc_29nbfs_LRG2_max_sCs4p8
5052,60334.99826557087,4447.679619991088,60629.93195333849,57421.60741280372,2913.390852767144,pvalloc_29nbfs_LRG2_max_sCs4p8
5053,66922.78562254766,4710.457598639008,67210.62823161393,62169.14077456741,4753.644847980318,pvalloc_29nbfs_LRG2_max_sCs4p8
5054,68048.67434650699,4590.302954171979,68323.24329368465,62856.78415769977,5191.890188807181,pvalloc_29nbfs_LRG2_max_sCs4p8
5055,57558.09476163406,4863.038029977873,57970.87213520278,55196.26533224246,2361.8294293916047,pvalloc_29nbfs_LRG2_max_sCs4p8
5056,51409.01719003858,4304.692069080153,51768.90173644354,50218.62699551142,1190.3901945271662,pvalloc_29nbfs_LRG2_max_sCs4p8
5057,34344.603260103446,3724.9067798908695,34832.90962652974,34301.19382625524,43.40943384820639,pvalloc_29nbfs_LRG2_max_sCs4p8
5058,12128.579853843386,3720.5142215780265,13405.179981931462,12128.579853843386,0.0,pvalloc_29nbfs_LRG2_max_sCs4p8
5059,6179.2720130751095,4370.599471199635,8407.8126298735,6179.2720130751095,0.0,pvalloc_29nbfs_LRG2_max_sCs4p8
5060,213.07133028172106,7653.629082738465,7656.2192396341925,213.07133028172106,0.0,pvalloc_29nbfs_LRG2_max_sCs4p8
5061,0.0,12442.644294585478,12442.644294585478,0.0,0.0,pvalloc_29nbfs_LRG2_max_sCs4p8
5062,0.0,12652.578225358759,12652.578225358759,0.0,0.0,pvalloc_29nbfs_LRG2_max_sCs4p8
5063,0.0,12878.862779430521,12878.862779430521,0.0,0.0,pvalloc_29nbfs_LRG2_max_sCs4p8
5064,0.0,12350.755659688533,12350.755659688533,0.0,0.0,pvalloc_29nbfs_LRG2_max_sCs4p8
5065,0.0,11097.685205202353,11097.685205202353,0.0,0.0,pvalloc_29nbfs_LRG2_max_sCs4p8
5066,0.0,9294.124150992036,9294.124150992036,0.0,0.0,pvalloc_29nbfs_LRG2_max_sCs4p8
5067,0.0,7868.847255381625,7868.847255381625,0.0,0.0,pvalloc_29nbfs_LRG2_max_sCs4p8
5068,0.0,6865.793803809358,6865.793803809358,0.0,0.0,pvalloc_29nbfs_LRG2_max_sCs4p8
5069,0.0,7046.117084101744,7046.117084101744,0.0,0.0,pvalloc_29nbfs_LRG2_max_sCs4p8
5070,117.81446208672756,4243.10041177773,4244.5473759482975,117.81446208672756,0.0,pvalloc_29nbfs_LRG2_max_sCs4p8
5071,13181.002726434395,2495.1362503528435,13789.233907282325,13181.002726434395,0.0,pvalloc_29nbfs_LRG2_max_sCs4p8
5072,30182.0281791925,2796.4957435841047,30454.67533721184,30182.0281791925,0.0,pvalloc_29nbfs_LRG2_max_sCs4p8
5073,52407.366169503446,3195.849611947318,52563.821543374186,51118.98409652686,1288.3820729765912,pvalloc_29nbfs_LRG2_max_sCs4p8
5074,69810.42257630854,3484.118363577304,69943.27848207926,64153.98141119522,5656.441165113284,pvalloc_29nbfs_LRG2_max_sCs4p8
5075,80380.98581767642,3901.8096541513964,80525.34262197657,70537.52079854553,9843.465019130845,pvalloc_29nbfs_LRG2_max_sCs4p8
5076,70886.6951591136,4437.9403390850575,71111.62905557889,64829.940833986184,6056.754325127382,pvalloc_29nbfs_LRG2_max_sCs4p8
5077,62707.434929221155,4863.786800760867,63057.47960836006,59159.02847427423,3548.4064549469163,pvalloc_29nbfs_LRG2_max_sCs4p8
5078,53274.89714597793,5048.202919372811,53808.38881564661,51715.5278540775,1559.3692919004275,pvalloc_29nbfs_LRG2_max_sCs4p8
5079,33085.088277446455,5063.9729693337995,34066.624016204194,33057.04462282873,28.043654617721813,pvalloc_29nbfs_LRG2_max_sCs4p8
5080,36285.53041190642,4693.934525022645,37025.79285187326,36181.24388762321,104.28652428319646,pvalloc_29nbfs_LRG2_max_sCs4p8
5081,28589.759982278883,4457.050699131422,29459.711671797217,28589.759982278883,0.0,pvalloc_29nbfs_LRG2_max_sCs4p8
5082,16324.175723918066,4413.459141639159,17739.963312049265,16324.175723918066,0.0,pvalloc_29nbfs_LRG2_max_sCs4p8
5083,8592.847951354779,4732.719605475559,10816.852444510125,8592.847951354779,0.0,pvalloc_29nbfs_LRG2_max_sCs4p8
5084,45.18971544513176,9039.10424603666,9039.381256067592,45.18971544513176,0.0,pvalloc_29nbfs_LRG2_max_sCs4p8
5085,0.0,14038.88407146415,14038.88407146415,0.0,0.0,pvalloc_29nbfs_LRG2_max_sCs4p8
5086,0.0,16707.678657408913,16707.678657408913,0.0,0.0,pvalloc_29nbfs_LRG2_max_sCs4p8
5087,0.0,14798.423471834054,14798.423471834054,0.0,0.0,pvalloc_29nbfs_LRG2_max_sCs4p8
5088,0.0,12920.992928294934,12920.992928294934,0.0,0.0,pvalloc_29nbfs_LRG2_max_sCs4p8
5089,0.0,9900.944565301277,9900.944565301277,0.0,0.0,pvalloc_29nbfs_LRG2_max_sCs4p8
5090,0.0,9389.785903685059,9389.785903685059,0.0,0.0,pvalloc_29nbfs_LRG2_max_sCs4p8
5091,0.0,7401.546438254426,7401.546438254426,0.0,0.0,pvalloc_29nbfs_LRG2_max_sCs4p8
5092,0.0,6692.067790682453,6692.067790682453,0.0,0.0,pvalloc_29nbfs_LRG2_max_sCs4p8
5093,0.0,6497.448685059626,6497.448685059626,0.0,0.0,pvalloc_29nbfs_LRG2_max_sCs4p8
5094,300.4346387448381,3841.2891714624097,3845.195445577156,300.4346387448381,0.0,pvalloc_29nbfs_LRG2_max_sCs4p8
5095,14805.49699020754,2371.7333345986826,15272.76827210027,14805.49699020754,0.0,pvalloc_29nbfs_LRG2_max_sCs4p8
5096,34807.936775659684,2366.6525124867158,34945.11962908254,34778.637148045054,29.29962761462889,pvalloc_29nbfs_LRG2_max_sCs4p8
5097,56896.29762616256,2793.7495415756453,56990.66032476603,54842.71558780751,2053.58203835505,pvalloc_29nbfs_LRG2_max_sCs4p8
5098,73788.12681411725,2917.787401903068,73864.19954740867,66753.59704352163,7034.52977059564,pvalloc_29nbfs_LRG2_max_sCs4p8
5099,89270.87238447725,3507.620927693973,89371.57583421061,75288.12098699008,13982.751397487184,pvalloc_29nbfs_LRG2_max_sCs4p8
5100,75374.77333813775,4902.928746227854,75630.8966998938,67645.359000634,7729.414337503671,pvalloc_29nbfs_LRG2_max_sCs4p8
5101,66111.86784363263,5574.576965949216,66579.27312568705,61525.55770799819,4586.310135634427,pvalloc_29nbfs_LRG2_max_sCs4p8
5102,71196.39158819671,5661.266296450081,71659.21646961136,64856.96097610387,6339.430612092825,pvalloc_29nbfs_LRG2_max_sCs4p8
5103,64993.882933542416,5144.444677034908,65415.99922388045,60692.207208794214,4301.675724748208,pvalloc_29nbfs_LRG2_max_sCs4p8
5104,61186.409050306596,4940.659560117894,61616.0983395702,57895.83403791918,3290.5750123874177,pvalloc_29nbfs_LRG2_max_sCs4p8
5105,25873.30986888091,4797.156124558994,26939.28441618661,25873.30986888091,0.0,pvalloc_29nbfs_LRG2_max_sCs4p8
5106,6548.3002271321475,5128.279673601913,9135.309987887455,6548.3002271321475,0.0,pvalloc_29nbfs_LRG2_max_sCs4p8
5107,1418.5310927050882,6931.787496781664,7053.715780922371,1418.5310927050882,0.0,pvalloc_29nbfs_LRG2_max_sCs4p8
5108,0.54130199394463,11343.843087000794,11343.843087000794,0.54130199394463,0.0,pvalloc_29nbfs_LRG2_max_sCs4p8
5109,0.0,13173.891725783153,13173.891725783153,0.0,0.0,pvalloc_29nbfs_LRG2_max_sCs4p8
5110,0.0,13106.449704799224,13106.449704799224,0.0,0.0,pvalloc_29nbfs_LRG2_max_sCs4p8
5111,0.0,12603.245316458499,12603.245316458499,0.0,0.0,pvalloc_29nbfs_LRG2_max_sCs4p8
5112,0.0,10413.182078012229,10413.182078012229,0.0,0.0,pvalloc_29nbfs_LRG2_max_sCs4p8
5113,0.0,8993.403916155024,8993.403916155024,0.0,0.0,pvalloc_29nbfs_LRG2_max_sCs4p8
5114,0.0,7817.17261512709,7817.17261512709,0.0,0.0,pvalloc_29nbfs_LRG2_max_sCs4p8
5115,0.0,7187.960258470543,7187.960258470543,0.0,0.0,pvalloc_29nbfs_LRG2_max_sCs4p8
5116,0.0,6597.782238100716,6597.782238100716,0.0,0.0,pvalloc_29nbfs_LRG2_max_sCs4p8
5117,0.0,6653.582169584409,6653.582169584409,0.0,0.0,pvalloc_29nbfs_LRG2_max_sCs4p8
5118,143.73211816781566,4119.370268747786,4121.055071866085,143.73211816781566,0.0,pvalloc_29nbfs_LRG2_max_sCs4p8
5119,10269.446148799563,2358.50408124046,10949.65346255765,10269.446148799563,0.0,pvalloc_29nbfs_LRG2_max_sCs4p8
5120,31157.61102606361,2382.3067329302644,31326.748771111255,31157.61102606361,0.0,pvalloc_29nbfs_LRG2_max_sCs4p8
5121,54455.6723875096,2713.301979556451,54552.60117135323,52867.355738564416,1588.316648945181,pvalloc_29nbfs_LRG2_max_sCs4p8
5122,70448.35305041721,3179.3270368796675,70544.77245901703,64642.18500325739,5806.1680471597865,pvalloc_29nbfs_LRG2_max_sCs4p8
5123,88940.16844375478,3493.637514495621,89024.3163459939,75201.38344679149,13738.784996963293,pvalloc_29nbfs_LRG2_max_sCs4p8
5124,88531.22643791324,4691.867477310958,88696.33490887981,75034.29251598808,13496.933921925141,pvalloc_29nbfs_LRG2_max_sCs4p8
5125,88453.15541211824,5520.369564697011,88718.36505760528,74917.99654403042,13535.15886808776,pvalloc_29nbfs_LRG2_max_sCs4p8
5126,82182.19709001824,5400.968245179484,82473.844684686,71503.42558436445,10678.771505653704,pvalloc_29nbfs_LRG2_max_sCs4p8
5127,77620.53699604048,5317.016638458471,77939.42302560316,68889.80543980656,8730.731556233835,pvalloc_29nbfs_LRG2_max_sCs4p8
5128,68748.65910291017,4485.359516453065,69006.8201472985,63350.83459875646,5397.824504153678,pvalloc_29nbfs_LRG2_max_sCs4p8
5129,50416.99554670516,4326.719872495119,50801.641749766066,49387.1277291496,1029.8678175555601,pvalloc_29nbfs_LRG2_max_sCs4p8
5130,30854.812964012508,4874.503067611229,31802.744544224945,30854.812964012508,0.0,pvalloc_29nbfs_LRG2_max_sCs4p8
5131,12202.436803370098,4978.763966748051,14327.753879175078,12202.436803370098,0.0,pvalloc_29nbfs_LRG2_max_sCs4p8
5132,1.3778154819824373,11936.531970674652,11936.531970674652,1.3778154819824373,0.0,pvalloc_29nbfs_LRG2_max_sCs4p8
5133,0.0,18228.216139042957,18228.216139042957,0.0,0.0,pvalloc_29nbfs_LRG2_max_sCs4p8
5134,0.0,18162.496361710335,18162.496361710335,0.0,0.0,pvalloc_29nbfs_LRG2_max_sCs4p8
5135,0.0,15581.301938822115,15581.301938822115,0.0,0.0,pvalloc_29nbfs_LRG2_max_sCs4p8
5136,0.0,13660.5186615185,13660.5186615185,0.0,0.0,pvalloc_29nbfs_LRG2_max_sCs4p8
5137,0.0,10358.480128423342,10358.480128423342,0.0,0.0,pvalloc_29nbfs_LRG2_max_sCs4p8
5138,0.0,8828.47113398323,8828.47113398323,0.0,0.0,pvalloc_29nbfs_LRG2_max_sCs4p8
5139,0.0,7213.798405873981,7213.798405873981,0.0,0.0,pvalloc_29nbfs_LRG2_max_sCs4p8
5140,0.0,6479.031429122139,6479.031429122139,0.0,0.0,pvalloc_29nbfs_LRG2_max_sCs4p8
5141,0.0,6403.16258096044,6403.16258096044,0.0,0.0,pvalloc_29nbfs_LRG2_max_sCs4p8
5142,125.54782843498029,4161.581132476264,4162.9612176016035,125.54782843498029,0.0,pvalloc_29nbfs_LRG2_max_sCs4p8
5143,13308.70537619984,2354.763258988561,13828.107833648326,13308.70537619984,0.0,pvalloc_29nbfs_LRG2_max_sCs4p8
5144,33119.215577798306,2663.0430480674368,33318.29514213563,33119.215577798306,0.0,pvalloc_29nbfs_LRG2_max_sCs4p8
5145,53984.62484596185,3207.5999165323624,54126.358159113384,52478.409800831534,1506.2150451303255,pvalloc_29nbfs_LRG2_max_sCs4p8
5146,74377.2632706864,3327.914012860753,74474.10972144958,67145.87748522342,7231.38578546299,pvalloc_29nbfs_LRG2_max_sCs4p8
5147,87664.48139794463,4249.351243911639,87788.96075653266,74617.09005355624,13047.391344388407,pvalloc_29nbfs_LRG2_max_sCs4p8
5148,83280.03630652197,5794.710779425904,83646.6627697925,72369.11250380507,10910.923802716872,pvalloc_29nbfs_LRG2_max_sCs4p8
5149,88100.99776430587,5321.404284500162,88341.90837462475,74822.86328983871,13278.134474467111,pvalloc_29nbfs_LRG2_max_sCs4p8
5150,87705.42151528895,4495.5822499723745,87896.97397303711,74417.01761571258,13288.40389957633,pvalloc_29nbfs_LRG2_max_sCs4p8
5151,75875.02220758462,5024.962520229271,76146.36204472846,67932.43527587413,7942.586931710438,pvalloc_29nbfs_LRG2_max_sCs4p8
5152,63213.2014993017,4265.274478016955,63458.37408069468,59537.32919772427,3675.8723015774294,pvalloc_29nbfs_LRG2_max_sCs4p8
5153,45936.534412759334,3930.070880376728,46263.63473271056,45498.3760041366,438.15840862273774,pvalloc_29nbfs_LRG2_max_sCs4p8
5154,30684.680391265087,3930.6989889124457,31272.72622409512,30684.680391265087,0.0,pvalloc_29nbfs_LRG2_max_sCs4p8
5155,10171.12624738143,5607.337817950605,12944.895954548487,10171.12624738143,0.0,pvalloc_29nbfs_LRG2_max_sCs4p8
5156,1.0104458942843753,13203.504380294027,13203.504380294027,1.0104458942843753,0.0,pvalloc_29nbfs_LRG2_max_sCs4p8
5157,0.0,16656.158247084175,16656.158247084175,0.0,0.0,pvalloc_29nbfs_LRG2_max_sCs4p8
5158,0.0,16956.666733188795,16956.666733188795,0.0,0.0,pvalloc_29nbfs_LRG2_max_sCs4p8
5159,0.0,13878.197386105796,13878.197386105796,0.0,0.0,pvalloc_29nbfs_LRG2_max_sCs4p8
5160,0.0,13359.709264488023,13359.709264488023,0.0,0.0,pvalloc_29nbfs_LRG2_max_sCs4p8
5161,0.0,9823.421723926976,9823.421723926976,0.0,0.0,pvalloc_29nbfs_LRG2_max_sCs4p8
5162,0.0,8004.918441437759,8004.918441437759,0.0,0.0,pvalloc_29nbfs_LRG2_max_sCs4p8
5163,0.0,7279.771629046192,7279.771629046192,0.0,0.0,pvalloc_29nbfs_LRG2_max_sCs4p8
5164,0.0,6702.512682378078,6702.512682378078,0.0,0.0,pvalloc_29nbfs_LRG2_max_sCs4p8
5165,0.0,6398.7645866892735,6398.7645866892735,0.0,0.0,pvalloc_29nbfs_LRG2_max_sCs4p8
5166,103.03126693888011,4348.696611837973,4349.797275910227,103.03126693888011,0.0,pvalloc_29nbfs_LRG2_max_sCs4p8
5167,12663.37364947681,2547.93155072377,13328.465985215886,12663.37364947681,0.0,pvalloc_29nbfs_LRG2_max_sCs4p8
5168,33067.26890429251,2920.346052378153,33322.510696095516,33067.26890429251,0.0,pvalloc_29nbfs_LRG2_max_sCs4p8
5169,54919.1350453001,3160.4279501435103,55051.11800041009,53243.41051166958,1675.7245336305282,pvalloc_29nbfs_LRG2_max_sCs4p8
5170,74947.06319322632,3061.174518062368,75031.19177032281,67466.07883053066,7480.984362695681,pvalloc_29nbfs_LRG2_max_sCs4p8
5171,89757.04707269724,3764.981382726791,89856.74312361583,75618.60383856924,14138.443234128072,pvalloc_29nbfs_LRG2_max_sCs4p8
5172,84040.35769869854,4277.520728381331,84199.64587375289,72607.47561291899,11432.88208577955,pvalloc_29nbfs_LRG2_max_sCs4p8
5173,78325.45280761045,4585.951895841775,78540.17758008737,69375.55438249002,8949.898425120411,pvalloc_29nbfs_LRG2_max_sCs4p8
5174,88619.29225652141,4540.582135154189,88807.49681411615,74907.57654613919,13711.71571038225,pvalloc_29nbfs_LRG2_max_sCs4p8
5175,76367.94970078369,4721.904897412418,76614.78528398661,68184.6829857709,8183.266715012804,pvalloc_29nbfs_LRG2_max_sCs4p8
5176,61168.20811747931,4536.958581273708,61473.545337607706,57985.376300066615,3182.831817412707,pvalloc_29nbfs_LRG2_max_sCs4p8
5177,41841.37565704998,4211.01147828801,42315.77993286929,41628.63090103399,212.74475601599062,pvalloc_29nbfs_LRG2_max_sCs4p8
5178,22926.938273060037,4132.073836712166,23847.201632206103,22926.938273060037,0.0,pvalloc_29nbfs_LRG2_max_sCs4p8
5179,9384.905527519822,4312.017125800477,11202.738962609561,9384.905527519822,0.0,pvalloc_29nbfs_LRG2_max_sCs4p8
5180,20.11619625930573,9583.800033309735,9583.956994701159,20.11619625930573,0.0,pvalloc_29nbfs_LRG2_max_sCs4p8
5181,0.0,17958.547144614717,17958.547144614717,0.0,0.0,pvalloc_29nbfs_LRG2_max_sCs4p8
5182,0.0,15508.105894089556,15508.105894089556,0.0,0.0,pvalloc_29nbfs_LRG2_max_sCs4p8
5183,0.0,14273.89740347325,14273.89740347325,0.0,0.0,pvalloc_29nbfs_LRG2_max_sCs4p8
5184,0.0,13200.33224655577,13200.33224655577,0.0,0.0,pvalloc_29nbfs_LRG2_max_sCs4p8
5185,0.0,9638.325646422076,9638.325646422076,0.0,0.0,pvalloc_29nbfs_LRG2_max_sCs4p8
5186,0.0,8321.584507793394,8321.584507793394,0.0,0.0,pvalloc_29nbfs_LRG2_max_sCs4p8
5187,0.0,7169.817360127393,7169.817360127393,0.0,0.0,pvalloc_29nbfs_LRG2_max_sCs4p8
5188,0.0,7079.928698781937,7079.928698781937,0.0,0.0,pvalloc_29nbfs_LRG2_max_sCs4p8
5189,0.0,6529.334832922408,6529.334832922408,0.0,0.0,pvalloc_29nbfs_LRG2_max_sCs4p8
5190,43.74836007771243,4768.0528419889915,4768.549224184755,43.74836007771243,0.0,pvalloc_29nbfs_LRG2_max_sCs4p8
5191,10378.299142040762,2502.1141275150226,11128.435189710819,10378.299142040762,0.0,pvalloc_29nbfs_LRG2_max_sCs4p8
5192,27612.86261272938,2856.9898242442473,27934.743460529346,27612.86261272938,0.0,pvalloc_29nbfs_LRG2_max_sCs4p8
5193,49195.72713153816,3114.7818469413983,49350.74169154269,48457.546785032704,738.1803465054561,pvalloc_29nbfs_LRG2_max_sCs4p8
5194,62322.091798788846,3395.6302026015796,62456.02566386831,58965.188743799015,3356.9030549898225,pvalloc_29nbfs_LRG2_max_sCs4p8
5195,70879.25556669226,4074.3163837471434,71047.93937962945,64935.05005578066,5944.20551091157,pvalloc_29nbfs_LRG2_max_sCs4p8
5196,68352.44028659182,5045.480137379673,68689.47447273348,63283.29148870519,5069.148797886616,pvalloc_29nbfs_LRG2_max_sCs4p8
5197,72583.63106146189,4919.249376650327,72859.08945172254,65916.62712663991,6667.0039348219425,pvalloc_29nbfs_LRG2_max_sCs4p8
5198,71333.71432693404,5430.985756601232,71704.59039069025,65104.07989257893,6229.634434355057,pvalloc_29nbfs_LRG2_max_sCs4p8
5199,70442.81892050049,4903.297134169033,70741.67304768934,64491.71800797584,5951.100912524523,pvalloc_29nbfs_LRG2_max_sCs4p8
5200,42355.83313033867,3815.046092332232,42726.414118214125,42122.571214137555,233.26191620112155,pvalloc_29nbfs_LRG2_max_sCs4p8
5201,27216.31605568866,3804.745226204465,27863.191478394696,27216.31605568866,0.0,pvalloc_29nbfs_LRG2_max_sCs4p8
5202,13099.742617958362,4327.364306354108,14760.857086387436,13099.742617958362,0.0,pvalloc_29nbfs_LRG2_max_sCs4p8
5203,8221.10966589448,4805.94689507345,10540.127794555443,8221.10966589448,0.0,pvalloc_29nbfs_LRG2_max_sCs4p8
5204,0.0,15090.633319920398,15090.633319920398,0.0,0.0,pvalloc_29nbfs_LRG2_max_sCs4p8
5205,0.0,15791.348827533157,15791.348827533157,0.0,0.0,pvalloc_29nbfs_LRG2_max_sCs4p8
5206,0.0,15247.755727980577,15247.755727980577,0.0,0.0,pvalloc_29nbfs_LRG2_max_sCs4p8
5207,0.0,15008.225250668322,15008.225250668322,0.0,0.0,pvalloc_29nbfs_LRG2_max_sCs4p8
5208,0.0,12069.433844123943,12069.433844123943,0.0,0.0,pvalloc_29nbfs_LRG2_max_sCs4p8
5209,0.0,11145.876780548275,11145.876780548275,0.0,0.0,pvalloc_29nbfs_LRG2_max_sCs4p8
5210,0.0,8940.899584908117,8940.899584908117,0.0,0.0,pvalloc_29nbfs_LRG2_max_sCs4p8
5211,0.0,7874.895807358424,7874.895807358424,0.0,0.0,pvalloc_29nbfs_LRG2_max_sCs4p8
5212,0.0,7043.64455664798,7043.64455664798,0.0,0.0,pvalloc_29nbfs_LRG2_max_sCs4p8
5213,0.0,7125.558647681808,7125.558647681808,0.0,0.0,pvalloc_29nbfs_LRG2_max_sCs4p8
5214,3.6105760022667077,5734.011131338166,5734.08281463398,3.6105760022667077,0.0,pvalloc_29nbfs_LRG2_max_sCs4p8
5215,1654.2304878571156,3023.4940504965275,3676.30258461647,1654.2304878571156,0.0,pvalloc_29nbfs_LRG2_max_sCs4p8
5216,6112.010713726721,2945.1093797688027,7459.216074756683,6112.010713726721,0.0,pvalloc_29nbfs_LRG2_max_sCs4p8
5217,12205.515986981158,3187.6130623658487,13275.033624041831,12205.515986981158,0.0,pvalloc_29nbfs_LRG2_max_sCs4p8
5218,23894.419254136938,3307.3743537484474,24454.266142684482,23894.419254136938,0.0,pvalloc_29nbfs_LRG2_max_sCs4p8
5219,28432.8870959192,3945.926319924131,29100.955821038235,28432.8870959192,0.0,pvalloc_29nbfs_LRG2_max_sCs4p8
5220,21054.76129324641,5082.315371574353,22718.680197342477,21054.76129324641,0.0,pvalloc_29nbfs_LRG2_max_sCs4p8
5221,45699.50367651997,4532.316330220248,46205.534202183015,45244.37255499409,455.13112152588184,pvalloc_29nbfs_LRG2_max_sCs4p8
5222,60418.80900119472,4698.695375006716,60773.3172627376,57380.76870888155,3038.0402923131687,pvalloc_29nbfs_LRG2_max_sCs4p8
5223,47446.44084456024,4724.601124375609,47964.55035811516,46829.49917017376,616.9416743864758,pvalloc_29nbfs_LRG2_max_sCs4p8
5224,47803.80508465437,4121.248395254566,48170.29415179323,47163.00123201083,640.8038526435477,pvalloc_29nbfs_LRG2_max_sCs4p8
5225,35802.31762897991,4199.547671070001,36377.4256114127,35734.071894122964,68.2457348569414,pvalloc_29nbfs_LRG2_max_sCs4p8
5226,24957.8695595143,4094.137706870778,25777.68585781274,24957.8695595143,0.0,pvalloc_29nbfs_LRG2_max_sCs4p8
5227,10271.181779785184,4773.411636162232,12373.842959171441,10271.181779785184,0.0,pvalloc_29nbfs_LRG2_max_sCs4p8
5228,0.2562888891492132,12343.374688711196,12343.374688711196,0.2562888891492132,0.0,pvalloc_29nbfs_LRG2_max_sCs4p8
5229,0.0,17463.78761121696,17463.78761121696,0.0,0.0,pvalloc_29nbfs_LRG2_max_sCs4p8
5230,0.0,16776.24576513662,16776.24576513662,0.0,0.0,pvalloc_29nbfs_LRG2_max_sCs4p8
5231,0.0,13863.094861205216,13863.094861205216,0.0,0.0,pvalloc_29nbfs_LRG2_max_sCs4p8
5232,0.0,12379.083196074876,12379.083196074876,0.0,0.0,pvalloc_29nbfs_LRG2_max_sCs4p8
5233,0.0,10840.79645112631,10840.79645112631,0.0,0.0,pvalloc_29nbfs_LRG2_max_sCs4p8
5234,0.0,8839.193140860432,8839.193140860432,0.0,0.0,pvalloc_29nbfs_LRG2_max_sCs4p8
5235,0.0,7691.549078353807,7691.549078353807,0.0,0.0,pvalloc_29nbfs_LRG2_max_sCs4p8
5236,0.0,6881.188714069509,6881.188714069509,0.0,0.0,pvalloc_29nbfs_LRG2_max_sCs4p8
5237,0.0,7020.828203404438,7020.828203404438,0.0,0.0,pvalloc_29nbfs_LRG2_max_sCs4p8
5238,66.49209397541964,4740.7565241701695,4741.4408869873705,66.49209397541964,0.0,pvalloc_29nbfs_LRG2_max_sCs4p8
5239,11462.690877050489,2608.489292842431,12193.769460625628,11462.690877050489,0.0,pvalloc_29nbfs_LRG2_max_sCs4p8
5240,24407.98978272163,2926.8003495003904,24812.422818760835,24407.98978272163,0.0,pvalloc_29nbfs_LRG2_max_sCs4p8
5241,48306.08968280472,3153.0013742233314,48471.63635810793,47672.62410601331,633.4655767913964,pvalloc_29nbfs_LRG2_max_sCs4p8
5242,62263.734902564385,3597.429384920324,62416.632545890854,58920.143204251166,3343.5916983132047,pvalloc_29nbfs_LRG2_max_sCs4p8
5243,68819.29498510795,3909.5264428483797,68985.33871539155,63524.26209514458,5295.032889963375,pvalloc_29nbfs_LRG2_max_sCs4p8
5244,56482.2383752646,4417.742615013537,56798.63384996875,54425.47649830447,2056.761876960141,pvalloc_29nbfs_LRG2_max_sCs4p8
5245,54913.25127282879,4932.270239343676,55362.69013401355,53135.92640839698,1777.3248644318255,pvalloc_29nbfs_LRG2_max_sCs4p8
5246,51252.678951389345,4986.505918754786,51800.02012659778,50045.81201674818,1206.866934641167,pvalloc_29nbfs_LRG2_max_sCs4p8
5247,50996.702455728686,4681.045520196617,51471.350419568575,49844.76780295769,1151.9346527710045,pvalloc_29nbfs_LRG2_max_sCs4p8
5248,43372.472082916785,4129.340833486844,43828.667059778774,43075.06638729398,297.4056956228164,pvalloc_29nbfs_LRG2_max_sCs4p8
5249,35404.59367505787,4003.7049407751065,35939.07500114068,35343.1274147024,61.46626035546649,pvalloc_29nbfs_LRG2_max_sCs4p8
5250,18126.380721532005,4538.558449633443,19492.90685599211,18126.380721532005,0.0,pvalloc_29nbfs_LRG2_max_sCs4p8
5251,8334.533502365317,5133.016022680816,10854.598319419329,8334.533502365317,0.0,pvalloc_29nbfs_LRG2_max_sCs4p8
5252,0.0,18999.992552967517,18999.992552967517,0.0,0.0,pvalloc_29nbfs_LRG2_max_sCs4p8
5253,0.0,19290.580116971647,19290.580116971647,0.0,0.0,pvalloc_29nbfs_LRG2_max_sCs4p8
5254,0.0,16835.268381474212,16835.268381474212,0.0,0.0,pvalloc_29nbfs_LRG2_max_sCs4p8
5255,0.0,14924.78827852718,14924.78827852718,0.0,0.0,pvalloc_29nbfs_LRG2_max_sCs4p8
5256,0.0,13381.168060104115,13381.168060104115,0.0,0.0,pvalloc_29nbfs_LRG2_max_sCs4p8
5257,0.0,10539.960012448035,10539.960012448035,0.0,0.0,pvalloc_29nbfs_LRG2_max_sCs4p8
5258,0.0,8429.066249258416,8429.066249258416,0.0,0.0,pvalloc_29nbfs_LRG2_max_sCs4p8
5259,0.0,7662.686930720702,7662.686930720702,0.0,0.0,pvalloc_29nbfs_LRG2_max_sCs4p8
5260,0.0,6987.56971605249,6987.56971605249,0.0,0.0,pvalloc_29nbfs_LRG2_max_sCs4p8
5261,0.0,6946.060646242223,6946.060646242223,0.0,0.0,pvalloc_29nbfs_LRG2_max_sCs4p8
5262,58.74325986186012,4987.327690201596,4987.950759128741,58.74325986186012,0.0,pvalloc_29nbfs_LRG2_max_sCs4p8
5263,12691.398880733095,2562.8836625838326,13330.047018112451,12691.398880733095,0.0,pvalloc_29nbfs_LRG2_max_sCs4p8
5264,33509.36930305637,2855.923357984155,33745.12336538044,33505.43274963436,3.93655342201248,pvalloc_29nbfs_LRG2_max_sCs4p8
5265,56204.77622850442,2947.0176030192715,56317.24459721609,54281.86850485111,1922.9077236533035,pvalloc_29nbfs_LRG2_max_sCs4p8
5266,75233.53737787543,3724.18072560038,75350.1437215475,67681.76126911734,7551.776108758055,pvalloc_29nbfs_LRG2_max_sCs4p8
5267,88837.07909140919,4799.89119405418,89007.13518231134,75238.4603603149,13598.618731094322,pvalloc_29nbfs_LRG2_max_sCs4p8
5268,86130.4633374062,5847.823697744465,86464.64528371353,73818.83628444417,12311.627052961983,pvalloc_29nbfs_LRG2_max_sCs4p8
5269,91027.80053460099,5814.373056847967,91317.66041828913,76239.04598366971,14788.754550931237,pvalloc_29nbfs_LRG2_max_sCs4p8
5270,91513.07906114649,5228.389878327345,91782.50079683973,76217.06562923103,15296.013431915493,pvalloc_29nbfs_LRG2_max_sCs4p8
5271,83055.65573403465,5019.988409802839,83317.54819078647,71928.24618462518,11127.40954940951,pvalloc_29nbfs_LRG2_max_sCs4p8
5272,69198.09094452126,4778.319442898873,69485.67034703423,63665.55070158587,5532.540242935394,pvalloc_29nbfs_LRG2_max_sCs4p8
5273,52129.891335116765,4342.688132370841,52505.00764464596,50813.460740241506,1316.4305948752653,pvalloc_29nbfs_LRG2_max_sCs4p8
5274,31265.806013519647,4442.761646128079,32029.796636095733,31265.806013519647,0.0,pvalloc_29nbfs_LRG2_max_sCs4p8
5275,12675.942224062452,4708.726658672901,14449.156210253961,12675.942224062452,0.0,pvalloc_29nbfs_LRG2_max_sCs4p8
5276,0.001144878417680309,16107.89048402363,16107.89048402363,0.001144878417680309,0.0,pvalloc_29nbfs_LRG2_max_sCs4p8
5277,0.0,16661.54003587522,16661.54003587522,0.0,0.0,pvalloc_29nbfs_LRG2_max_sCs4p8
5278,0.0,16071.879638820657,16071.879638820657,0.0,0.0,pvalloc_29nbfs_LRG2_max_sCs4p8
5279,0.0,16513.61501158644,16513.61501158644,0.0,0.0,pvalloc_29nbfs_LRG2_max_sCs4p8
5280,0.0,14223.402737580196,14223.402737580196,0.0,0.0,pvalloc_29nbfs_LRG2_max_sCs4p8
5281,0.0,10189.901163932846,10189.901163932846,0.0,0.0,pvalloc_29nbfs_LRG2_max_sCs4p8
5282,0.0,9219.90861812319,9219.90861812319,0.0,0.0,pvalloc_29nbfs_LRG2_max_sCs4p8
5283,0.0,8077.212368111325,8077.212368111325,0.0,0.0,pvalloc_29nbfs_LRG2_max_sCs4p8
5284,0.0,7416.388772703774,7416.388772703774,0.0,0.0,pvalloc_29nbfs_LRG2_max_sCs4p8
5285,0.0,7104.393955178766,7104.393955178766,0.0,0.0,pvalloc_29nbfs_LRG2_max_sCs4p8
5286,19.580024373581253,5505.276178755289,5505.5387074899245,19.580024373581253,0.0,pvalloc_29nbfs_LRG2_max_sCs4p8
5287,11800.718407430233,2604.3339656733756,12507.362320404733,11800.718407430233,0.0,pvalloc_29nbfs_LRG2_max_sCs4p8
5288,33675.855558081166,2762.636376846415,33891.397452425874,33669.586342558214,6.26921552295255,pvalloc_29nbfs_LRG2_max_sCs4p8
5289,55891.88557648088,2764.8186869501424,55992.79343294386,54028.539780274004,1863.3457962068842,pvalloc_29nbfs_LRG2_max_sCs4p8
5290,74191.00619625908,3621.193403545107,74300.82122558959,67054.66733436663,7136.338861892559,pvalloc_29nbfs_LRG2_max_sCs4p8
5291,90225.47965700462,4049.624798751081,90347.6969644429,75840.1647351351,14385.31492186949,pvalloc_29nbfs_LRG2_max_sCs4p8
5292,85623.46387324687,5618.68796144772,85924.75953019972,73555.14318305525,12068.320690191604,pvalloc_29nbfs_LRG2_max_sCs4p8
5293,91376.95792899605,5532.553255791078,91636.69055311929,76303.20241881232,15073.755510183782,pvalloc_29nbfs_LRG2_max_sCs4p8
5294,86755.70564188865,6652.282723875883,87211.14883711956,73908.84858692228,12846.85705496638,pvalloc_29nbfs_LRG2_max_sCs4p8
5295,80015.4692343839,6058.202216228881,80437.29114965672,70227.16434321621,9788.304891167703,pvalloc_29nbfs_LRG2_max_sCs4p8
5296,65450.80836726938,6116.163574127217,66038.5250019993,61109.26700428311,4341.541362986254,pvalloc_29nbfs_LRG2_max_sCs4p8
5297,49701.10141271843,5439.0573454156365,50391.87577166465,48728.07439534365,973.0270173747849,pvalloc_29nbfs_LRG2_max_sCs4p8
5298,29312.00672807579,5432.867026792699,30516.26748904826,29312.00672807579,0.0,pvalloc_29nbfs_LRG2_max_sCs4p8
5299,8809.14240984891,6467.401374708453,12180.340746762584,8809.14240984891,0.0,pvalloc_29nbfs_LRG2_max_sCs4p8
5300,0.006800150706788702,16914.887601367966,16914.887601367966,0.006800150706788702,0.0,pvalloc_29nbfs_LRG2_max_sCs4p8
5301,0.0,19664.8737674663,19664.8737674663,0.0,0.0,pvalloc_29nbfs_LRG2_max_sCs4p8
5302,0.0,21717.297616531432,21717.297616531432,0.0,0.0,pvalloc_29nbfs_LRG2_max_sCs4p8
5303,0.0,17214.825474050005,17214.825474050005,0.0,0.0,pvalloc_29nbfs_LRG2_max_sCs4p8
5304,0.0,12578.20754912869,12578.20754912869,0.0,0.0,pvalloc_29nbfs_LRG2_max_sCs4p8
5305,0.0,10294.109997870488,10294.109997870488,0.0,0.0,pvalloc_29nbfs_LRG2_max_sCs4p8
5306,0.0,8325.709247505114,8325.709247505114,0.0,0.0,pvalloc_29nbfs_LRG2_max_sCs4p8
5307,0.0,7293.515981600716,7293.515981600716,0.0,0.0,pvalloc_29nbfs_LRG2_max_sCs4p8
5308,0.0,6735.77447883469,6735.77447883469,0.0,0.0,pvalloc_29nbfs_LRG2_max_sCs4p8
5309,0.0,6710.483943585053,6710.483943585053,0.0,0.0,pvalloc_29nbfs_LRG2_max_sCs4p8
5310,30.269821991294066,4984.7586173213085,4985.143742761982,30.269821991294066,0.0,pvalloc_29nbfs_LRG2_max_sCs4p8
5311,11752.875557783598,2510.440560046037,12420.272612991268,11752.875557783598,0.0,pvalloc_29nbfs_LRG2_max_sCs4p8
5312,32873.04004985522,2874.191419190469,33121.480606325444,32873.04004985522,0.0,pvalloc_29nbfs_LRG2_max_sCs4p8
5313,54821.294021052054,3219.6083908883193,54961.67532506181,53154.48198105691,1666.8120399951415,pvalloc_29nbfs_LRG2_max_sCs4p8
5314,74965.7956765881,3688.513427694864,75091.60390083122,67484.76789906011,7481.0277775279665,pvalloc_29nbfs_LRG2_max_sCs4p8
5315,91200.81947238764,3849.54902573005,91313.17147896698,76295.80731284311,14905.012159544583,pvalloc_29nbfs_LRG2_max_sCs4p8
5316,85244.66387284412,5912.741404350889,85594.49746351286,73337.7254201277,11906.938452716406,pvalloc_29nbfs_LRG2_max_sCs4p8
5317,90969.51369680009,5414.898399191298,91209.06510727979,76180.69828482915,14788.815411970889,pvalloc_29nbfs_LRG2_max_sCs4p8
5318,88573.48551665191,5552.751468911757,88845.1686828923,74906.19199762116,13667.2935190308,pvalloc_29nbfs_LRG2_max_sCs4p8
5319,82028.0264934176,4916.794441733443,82261.27729154452,71429.96146927327,10598.065024144318,pvalloc_29nbfs_LRG2_max_sCs4p8
5320,67946.01164261274,4825.435749296605,68244.20401498408,62836.08097262383,5109.93066998903,pvalloc_29nbfs_LRG2_max_sCs4p8
5321,50062.89548053162,4697.238876115857,50519.76203881272,49100.60999994165,962.2854805899714,pvalloc_29nbfs_LRG2_max_sCs4p8
5322,31971.68075396584,3954.4728694270816,32565.610902573993,31971.68075396584,0.0,pvalloc_29nbfs_LRG2_max_sCs4p8
5323,10837.916400557473,4741.770174543957,12904.668063528665,10837.916400557473,0.0,pvalloc_29nbfs_LRG2_max_sCs4p8
5324,0.6294756124338103,11780.271126187949,11780.271126187949,0.6294756124338103,0.0,pvalloc_29nbfs_LRG2_max_sCs4p8
5325,0.0,17798.451423069706,17798.451423069706,0.0,0.0,pvalloc_29nbfs_LRG2_max_sCs4p8
5326,0.0,19605.334016129706,19605.334016129706,0.0,0.0,pvalloc_29nbfs_LRG2_max_sCs4p8
5327,0.0,17993.339244710096,17993.339244710096,0.0,0.0,pvalloc_29nbfs_LRG2_max_sCs4p8
5328,0.0,14499.905393880888,14499.905393880888,0.0,0.0,pvalloc_29nbfs_LRG2_max_sCs4p8
5329,0.0,10706.798579119695,10706.798579119695,0.0,0.0,pvalloc_29nbfs_LRG2_max_sCs4p8
5330,0.0,8691.305275136961,8691.305275136961,0.0,0.0,pvalloc_29nbfs_LRG2_max_sCs4p8
5331,0.0,7299.838339654398,7299.838339654398,0.0,0.0,pvalloc_29nbfs_LRG2_max_sCs4p8
5332,0.0,6942.4868277889755,6942.4868277889755,0.0,0.0,pvalloc_29nbfs_LRG2_max_sCs4p8
5333,0.0,6828.1340130815815,6828.1340130815815,0.0,0.0,pvalloc_29nbfs_LRG2_max_sCs4p8
5334,10.225443344724262,5417.715155490844,5417.850746071245,10.225443344724262,0.0,pvalloc_29nbfs_LRG2_max_sCs4p8
5335,10506.503888895375,2805.603271775878,11439.522629033261,10506.503888895375,0.0,pvalloc_29nbfs_LRG2_max_sCs4p8
5336,31591.744482571445,3234.258416375347,31946.498433934972,31591.744482571445,0.0,pvalloc_29nbfs_LRG2_max_sCs4p8
5337,53932.30219090199,3412.4529666492467,54100.92832986941,52416.26511195891,1516.0370789430685,pvalloc_29nbfs_LRG2_max_sCs4p8
5338,73881.85235409209,3725.3397949805403,74009.07171786674,66834.0341477393,7047.818206352766,pvalloc_29nbfs_LRG2_max_sCs4p8
5339,89056.90098141842,4022.8559490258535,89174.03399326993,75276.85081935367,13780.050162064792,pvalloc_29nbfs_LRG2_max_sCs4p8
5340,84371.03296519649,5739.866137209855,84719.49734164447,72963.2943196644,11407.73864553211,pvalloc_29nbfs_LRG2_max_sCs4p8
5341,88669.54289567293,5708.3125984479,88960.26638430929,75097.6080450389,13571.934850633967,pvalloc_29nbfs_LRG2_max_sCs4p8
5342,85481.59705338877,6552.191424627518,85939.29578408021,73431.76417181472,12049.832881574042,pvalloc_29nbfs_LRG2_max_sCs4p8
5343,80360.61440922038,5458.920982125165,80670.86054230187,70485.92729341213,9874.687115808238,pvalloc_29nbfs_LRG2_max_sCs4p8
5344,68392.1973425746,4524.157448710912,68650.01646603207,63127.99467683531,5264.202665739326,pvalloc_29nbfs_LRG2_max_sCs4p8
5345,48970.87332201003,4481.25402581536,49392.95558606698,48179.74753590694,791.1257861031095,pvalloc_29nbfs_LRG2_max_sCs4p8
5346,29293.99497346514,4463.670288519303,30120.881815121462,29293.99497346514,0.0,pvalloc_29nbfs_LRG2_max_sCs4p8
5347,7443.585241380261,6364.397607441853,10946.926123647581,7443.585241380261,0.0,pvalloc_29nbfs_LRG2_max_sCs4p8
5348,0.0,15989.538227554094,15989.538227554094,0.0,0.0,pvalloc_29nbfs_LRG2_max_sCs4p8
5349,0.0,16826.71504393423,16826.71504393423,0.0,0.0,pvalloc_29nbfs_LRG2_max_sCs4p8
5350,0.0,17455.218388780388,17455.218388780388,0.0,0.0,pvalloc_29nbfs_LRG2_max_sCs4p8
5351,0.0,17312.601875985758,17312.601875985758,0.0,0.0,pvalloc_29nbfs_LRG2_max_sCs4p8
5352,0.0,14414.143741518075,14414.143741518075,0.0,0.0,pvalloc_29nbfs_LRG2_max_sCs4p8
5353,0.0,9954.17201230051,9954.17201230051,0.0,0.0,pvalloc_29nbfs_LRG2_max_sCs4p8
5354,0.0,8448.308232531266,8448.308232531266,0.0,0.0,pvalloc_29nbfs_LRG2_max_sCs4p8
5355,0.0,7461.470557932398,7461.470557932398,0.0,0.0,pvalloc_29nbfs_LRG2_max_sCs4p8
5356,0.0,6904.553782501744,6904.553782501744,0.0,0.0,pvalloc_29nbfs_LRG2_max_sCs4p8
5357,0.0,6785.528064411385,6785.528064411385,0.0,0.0,pvalloc_29nbfs_LRG2_max_sCs4p8
5358,16.17420703368353,5397.971268893258,5398.201232769416,16.17420703368353,0.0,pvalloc_29nbfs_LRG2_max_sCs4p8
5359,10623.45720297784,2700.164976378856,11465.713442567883,10623.45720297784,0.0,pvalloc_29nbfs_LRG2_max_sCs4p8
5360,31818.8617664469,3036.40896048142,32119.289338537903,31818.8617664469,0.0,pvalloc_29nbfs_LRG2_max_sCs4p8
5361,51633.73315769759,4021.355996766954,51937.541314658316,50509.0804605215,1124.6526971760952,pvalloc_29nbfs_LRG2_max_sCs4p8
5362,72719.7859415132,4119.28366209185,72883.88612570659,66133.82643668569,6585.9595048274205,pvalloc_29nbfs_LRG2_max_sCs4p8
5363,86944.07543119726,4994.413148930266,87152.63432419526,74311.68101320848,12632.39441798874,pvalloc_29nbfs_LRG2_max_sCs4p8
5364,84899.10802177004,5829.299955704658,85260.10618370978,73247.13555918277,11651.97246258719,pvalloc_29nbfs_LRG2_max_sCs4p8
5365,87852.85275374704,6393.657561636473,88286.38547410096,74766.76844927453,13086.084304472486,pvalloc_29nbfs_LRG2_max_sCs4p8
5366,90084.99485233538,5273.29986230678,90322.62224449086,75671.78021777002,14413.214634565249,pvalloc_29nbfs_LRG2_max_sCs4p8
5367,81542.21142970238,4898.266244594955,81768.84219439872,71189.78360241321,10352.427827289199,pvalloc_29nbfs_LRG2_max_sCs4p8
5368,67793.11386277768,4601.1010827746595,68049.92146193735,62798.684678063604,4994.429184713999,pvalloc_29nbfs_LRG2_max_sCs4p8
5369,48934.108638371705,4696.5230964192815,49397.087813852195,48172.22845310329,761.8801852684203,pvalloc_29nbfs_LRG2_max_sCs4p8
5370,28012.06811984286,4838.377170598615,29078.60072415486,28012.06811984286,0.0,pvalloc_29nbfs_LRG2_max_sCs4p8
5371,9367.743087778743,5175.257972193768,11828.27234070571,9367.743087778743,0.0,pvalloc_29nbfs_LRG2_max_sCs4p8
5372,0.0,16855.635569669037,16855.635569669037,0.0,0.0,pvalloc_29nbfs_LRG2_max_sCs4p8
5373,0.0,17345.892495044838,17345.892495044838,0.0,0.0,pvalloc_29nbfs_LRG2_max_sCs4p8
5374,0.0,16579.52219038973,16579.52219038973,0.0,0.0,pvalloc_29nbfs_LRG2_max_sCs4p8
5375,0.0,15251.446364993699,15251.446364993699,0.0,0.0,pvalloc_29nbfs_LRG2_max_sCs4p8
5376,0.0,13188.262672566276,13188.262672566276,0.0,0.0,pvalloc_29nbfs_LRG2_max_sCs4p8
5377,0.0,11323.925666493666,11323.925666493666,0.0,0.0,pvalloc_29nbfs_LRG2_max_sCs4p8
5378,0.0,9734.491596408214,9734.491596408214,0.0,0.0,pvalloc_29nbfs_LRG2_max_sCs4p8
5379,0.0,8493.11069650855,8493.11069650855,0.0,0.0,pvalloc_29nbfs_LRG2_max_sCs4p8
5380,0.0,7434.25510738279,7434.25510738279,0.0,0.0,pvalloc_29nbfs_LRG2_max_sCs4p8
5381,0.0,7087.350693282779,7087.350693282779,0.0,0.0,pvalloc_29nbfs_LRG2_max_sCs4p8
5382,6.514011361151336,5749.338414064097,5749.437804873938,6.514011361151336,0.0,pvalloc_29nbfs_LRG2_max_sCs4p8
5383,10254.410983170681,2774.308828160726,11158.56097554652,10254.410983170681,0.0,pvalloc_29nbfs_LRG2_max_sCs4p8
5384,32073.306068856284,2885.4651868706756,32340.900573747655,32073.306068856284,0.0,pvalloc_29nbfs_LRG2_max_sCs4p8
5385,54205.96014679084,3220.826901153687,54351.331415583,52637.041350082305,1568.9187967085309,pvalloc_29nbfs_LRG2_max_sCs4p8
5386,72811.51449240194,3904.9672035988597,72950.9267785656,66183.21709620144,6628.297396200521,pvalloc_29nbfs_LRG2_max_sCs4p8
5387,88428.01245295013,4434.517889888837,88575.55933741773,74961.96952204726,13466.042930902886,pvalloc_29nbfs_LRG2_max_sCs4p8
5388,85520.01100813557,5516.58276710818,85804.80022576526,73485.82958750318,12034.181420632369,pvalloc_29nbfs_LRG2_max_sCs4p8
5389,89254.22456261668,5835.246990850177,89556.87990898956,75338.85070656726,13915.373856049435,pvalloc_29nbfs_LRG2_max_sCs4p8
5390,85620.92500210043,6239.483084536436,86010.0824389049,73448.80158451073,12172.123417589657,pvalloc_29nbfs_LRG2_max_sCs4p8
5391,78824.23809654119,5603.673912509946,79160.75280850873,69671.8397646006,9152.3983319406,pvalloc_29nbfs_LRG2_max_sCs4p8
5392,64783.094739879154,5314.259007873458,65191.6992640587,60739.05123109156,4044.043508787588,pvalloc_29nbfs_LRG2_max_sCs4p8
5393,46001.94447165659,5337.974889221269,46713.067386746094,45556.9429211308,445.00155052578725,pvalloc_29nbfs_LRG2_max_sCs4p8
5394,27034.09239814972,4953.52991831994,28199.611988230572,27034.09239814972,0.0,pvalloc_29nbfs_LRG2_max_sCs4p8
5395,6321.308633720948,7004.457721187568,10430.054139768936,6321.308633720948,0.0,pvalloc_29nbfs_LRG2_max_sCs4p8
5396,0.0,17145.736810959617,17145.736810959617,0.0,0.0,pvalloc_29nbfs_LRG2_max_sCs4p8
5397,0.0,18592.212130355496,18592.212130355496,0.0,0.0,pvalloc_29nbfs_LRG2_max_sCs4p8
5398,0.0,17959.280865600802,17959.280865600802,0.0,0.0,pvalloc_29nbfs_LRG2_max_sCs4p8
5399,0.0,15321.147510146637,15321.147510146637,0.0,0.0,pvalloc_29nbfs_LRG2_max_sCs4p8
5400,0.0,13722.161589340783,13722.161589340783,0.0,0.0,pvalloc_29nbfs_LRG2_max_sCs4p8
5401,0.0,10430.229263731497,10430.229263731497,0.0,0.0,pvalloc_29nbfs_LRG2_max_sCs4p8
5402,0.0,8829.571873465273,8829.571873465273,0.0,0.0,pvalloc_29nbfs_LRG2_max_sCs4p8
5403,0.0,7657.188196967487,7657.188196967487,0.0,0.0,pvalloc_29nbfs_LRG2_max_sCs4p8
5404,0.0,7455.696363549954,7455.696363549954,0.0,0.0,pvalloc_29nbfs_LRG2_max_sCs4p8
5405,0.0,7031.549107246736,7031.549107246736,0.0,0.0,pvalloc_29nbfs_LRG2_max_sCs4p8
5406,1.9945381250379146,6089.613787174934,6089.661138167467,1.9945381250379146,0.0,pvalloc_29nbfs_LRG2_max_sCs4p8
5407,10247.248877287357,2615.705836572256,11050.827824622149,10247.248877287357,0.0,pvalloc_29nbfs_LRG2_max_sCs4p8
5408,29308.197705738065,3028.8959822864135,29647.072680157937,29308.197705738065,0.0,pvalloc_29nbfs_LRG2_max_sCs4p8
5409,48768.94796697924,3991.1556136092663,49085.84063555822,48075.00376579256,693.9442011866909,pvalloc_29nbfs_LRG2_max_sCs4p8
5410,67053.2785326428,3842.590798866838,67214.80861363774,62350.732767471716,4702.545765171006,pvalloc_29nbfs_LRG2_max_sCs4p8
5411,74854.27850787739,4142.077901452241,75025.88244985299,67357.70158269344,7496.57692518401,pvalloc_29nbfs_LRG2_max_sCs4p8
5412,63311.77619784499,5462.248967367671,63791.83706008385,59685.18414902739,3626.5920488175993,pvalloc_29nbfs_LRG2_max_sCs4p8
5413,62778.387463796986,6093.536497442052,63408.46981242667,59237.67555058841,3540.711913208566,pvalloc_29nbfs_LRG2_max_sCs4p8
5414,57281.19946867778,6035.222471724784,58004.28067816827,54909.49806238476,2371.701406293024,pvalloc_29nbfs_LRG2_max_sCs4p8
5415,46210.46810725381,5488.195110813743,46969.29393242754,45697.819383119895,512.6487241339137,pvalloc_29nbfs_LRG2_max_sCs4p8
5416,34372.54370195079,5014.101852241451,35262.84845848469,34322.95414200052,49.58955995027509,pvalloc_29nbfs_LRG2_max_sCs4p8
5417,27442.091536673637,4820.210832382425,28495.076568683602,27442.091536673637,0.0,pvalloc_29nbfs_LRG2_max_sCs4p8
5418,11359.825543840177,5233.65849525362,13693.357959570525,11359.825543840177,0.0,pvalloc_29nbfs_LRG2_max_sCs4p8
5419,2516.9072577924826,6574.503958866656,7235.546971847621,2516.9072577924826,0.0,pvalloc_29nbfs_LRG2_max_sCs4p8
5420,0.0,14157.21083082076,14157.21083082076,0.0,0.0,pvalloc_29nbfs_LRG2_max_sCs4p8
5421,0.0,16175.31795512087,16175.31795512087,0.0,0.0,pvalloc_29nbfs_LRG2_max_sCs4p8
5422,0.0,16617.529616008724,16617.529616008724,0.0,0.0,pvalloc_29nbfs_LRG2_max_sCs4p8
5423,0.0,15583.466132818583,15583.466132818583,0.0,0.0,pvalloc_29nbfs_LRG2_max_sCs4p8
5424,0.0,13573.678772779584,13573.678772779584,0.0,0.0,pvalloc_29nbfs_LRG2_max_sCs4p8
4920,0.0,11113.463869085279,11113.463869085279,0.0,0.0,pvalloc_29nbfs_LRG2_max_sCs6p4
4921,0.0,10737.831728562107,10737.831728562107,0.0,0.0,pvalloc_29nbfs_LRG2_max_sCs6p4
4922,0.0,10105.311448681487,10105.311448681487,0.0,0.0,pvalloc_29nbfs_LRG2_max_sCs6p4
4923,0.0,8120.0948804456375,8120.0948804456375,0.0,0.0,pvalloc_29nbfs_LRG2_max_sCs6p4
4924,0.0,7251.7336572309905,7251.7336572309905,0.0,0.0,pvalloc_29nbfs_LRG2_max_sCs6p4
4925,0.0,6971.075169345191,6971.075169345191,0.0,0.0,pvalloc_29nbfs_LRG2_max_sCs6p4
4926,823.4812797528609,3596.137778470777,3690.7465933128674,823.4812797528609,0.0,pvalloc_29nbfs_LRG2_max_sCs6p4
4927,15760.677887250451,2536.291032334562,16267.835758557612,15760.677887250451,0.0,pvalloc_29nbfs_LRG2_max_sCs6p4
4928,35992.56370440331,2697.9737048396246,36177.79638394887,35925.896448454005,66.66725594930062,pvalloc_29nbfs_LRG2_max_sCs6p4
4929,55365.52381686876,3338.2018461353946,55521.45264610743,53599.09245409561,1766.4313627731458,pvalloc_29nbfs_LRG2_max_sCs6p4
4930,74386.80630776985,3563.08305272865,74500.10889256034,67094.58963701253,7292.216670757413,pvalloc_29nbfs_LRG2_max_sCs6p4
4931,89313.04445497903,4072.4495795430576,89441.36506611679,75339.81586543369,13973.228589545377,pvalloc_29nbfs_LRG2_max_sCs6p4
4932,74217.3370091962,5133.979323644037,74524.48057621173,66958.42102688443,7258.915982311773,pvalloc_29nbfs_LRG2_max_sCs6p4
4933,61764.25298665831,6643.210378137169,62610.863588693195,58529.96506279226,3234.28792386605,pvalloc_29nbfs_LRG2_max_sCs6p4
4934,58388.93492154873,5488.132419375658,58932.04163657616,55847.20664999848,2541.7282715502465,pvalloc_29nbfs_LRG2_max_sCs6p4
4935,50978.007295529766,5067.049920715724,51545.08828173136,49808.91775564096,1169.089539888801,pvalloc_29nbfs_LRG2_max_sCs6p4
4936,50361.74337945051,4815.714170949167,50875.14370406352,49302.41823559208,1059.325143858442,pvalloc_29nbfs_LRG2_max_sCs6p4
4937,34083.76799507485,4267.228198795382,34732.64321901187,34041.586422587905,42.181572486937114,pvalloc_29nbfs_LRG2_max_sCs6p4
4938,16342.921477838492,3926.4188900294444,17454.28875053753,16342.921477838492,0.0,pvalloc_29nbfs_LRG2_max_sCs6p4
4939,7179.94724450926,5152.883976395426,9873.745929443283,7179.94724450926,0.0,pvalloc_29nbfs_LRG2_max_sCs6p4
4940,296.2020517582523,8837.66343700367,8841.110803476839,296.2020517582523,0.0,pvalloc_29nbfs_LRG2_max_sCs6p4
4941,0.0,12714.325160437364,12714.325160437364,0.0,0.0,pvalloc_29nbfs_LRG2_max_sCs6p4
4942,0.0,13844.117670126652,13844.117670126652,0.0,0.0,pvalloc_29nbfs_LRG2_max_sCs6p4
4943,0.0,13190.081500942473,13190.081500942473,0.0,0.0,pvalloc_29nbfs_LRG2_max_sCs6p4
4944,0.0,15734.473543662867,15734.473543662867,0.0,0.0,pvalloc_29nbfs_LRG2_max_sCs6p4
4945,0.0,11843.652935827873,11843.652935827873,0.0,0.0,pvalloc_29nbfs_LRG2_max_sCs6p4
4946,0.0,9148.163406638314,9148.163406638314,0.0,0.0,pvalloc_29nbfs_LRG2_max_sCs6p4
4947,0.0,7889.191632688865,7889.191632688865,0.0,0.0,pvalloc_29nbfs_LRG2_max_sCs6p4
4948,0.0,7842.183829125384,7842.183829125384,0.0,0.0,pvalloc_29nbfs_LRG2_max_sCs6p4
4949,0.0,6888.334696423669,6888.334696423669,0.0,0.0,pvalloc_29nbfs_LRG2_max_sCs6p4
4950,7.639241514129424,5201.3810638935665,5201.398376256522,7.639241514129424,0.0,pvalloc_29nbfs_LRG2_max_sCs6p4
4951,9123.381393344007,2539.5553606252656,9969.116209766327,9123.381393344007,0.0,pvalloc_29nbfs_LRG2_max_sCs6p4
4952,30300.855834821217,2554.1961539296663,30514.078134593597,30300.855834821217,0.0,pvalloc_29nbfs_LRG2_max_sCs6p4
4953,54002.29464901775,3006.85919951604,54126.278961606135,52468.27645182344,1534.0181971943073,pvalloc_29nbfs_LRG2_max_sCs6p4
4954,75420.65099974837,3368.9396301372253,75516.22765319182,67726.61046466863,7694.040535079754,pvalloc_29nbfs_LRG2_max_sCs6p4
4955,86702.7365774427,3616.009442450379,86808.95099121086,73957.07370147196,12745.66287597074,pvalloc_29nbfs_LRG2_max_sCs6p4
4956,74733.21564512374,4604.762683894945,74958.4235808478,67276.71877329108,7456.4968718327145,pvalloc_29nbfs_LRG2_max_sCs6p4
4957,50048.40066985864,4868.228448244068,50563.12017417726,49059.352231187,989.0484386716275,pvalloc_29nbfs_LRG2_max_sCs6p4
4958,60893.38364702097,5006.065023352273,61335.72861296301,57677.03225412628,3216.3513928947,pvalloc_29nbfs_LRG2_max_sCs6p4
4959,48568.956677720504,5048.8888901836435,49204.66548096636,47745.915705225925,823.0409724945773,pvalloc_29nbfs_LRG2_max_sCs6p4
4960,44654.27731075424,4723.7076066822365,45269.903885285275,44234.42959820239,419.84771255184654,pvalloc_29nbfs_LRG2_max_sCs6p4
4961,35977.70355698837,4805.5430600815,36780.566534092446,35880.03875251768,97.66480447068852,pvalloc_29nbfs_LRG2_max_sCs6p4
4962,19839.077531362116,4687.454789720211,21182.42186987349,19839.077531362116,0.0,pvalloc_29nbfs_LRG2_max_sCs6p4
4963,9129.154022119132,6050.915053621297,12243.185801409543,9129.154022119132,0.0,pvalloc_29nbfs_LRG2_max_sCs6p4
4964,3.595235781845653,11428.229797069078,11428.229797069078,3.595235781845653,0.0,pvalloc_29nbfs_LRG2_max_sCs6p4
4965,0.0,21698.62752947297,21698.62752947297,0.0,0.0,pvalloc_29nbfs_LRG2_max_sCs6p4
4966,0.0,15054.668580548847,15054.668580548847,0.0,0.0,pvalloc_29nbfs_LRG2_max_sCs6p4
4967,0.0,14761.30043522164,14761.30043522164,0.0,0.0,pvalloc_29nbfs_LRG2_max_sCs6p4
4968,0.0,12492.279958567413,12492.279958567413,0.0,0.0,pvalloc_29nbfs_LRG2_max_sCs6p4
4969,0.0,10052.532145121633,10052.532145121633,0.0,0.0,pvalloc_29nbfs_LRG2_max_sCs6p4
4970,0.0,8034.332061846784,8034.332061846784,0.0,0.0,pvalloc_29nbfs_LRG2_max_sCs6p4
4971,0.0,7219.022230515398,7219.022230515398,0.0,0.0,pvalloc_29nbfs_LRG2_max_sCs6p4
4972,0.0,6689.043790452775,6689.043790452775,0.0,0.0,pvalloc_29nbfs_LRG2_max_sCs6p4
4973,0.0,6426.52820091012,6426.52820091012,0.0,0.0,pvalloc_29nbfs_LRG2_max_sCs6p4
4974,161.0441566381281,3989.372106575029,3991.321854915212,161.0441566381281,0.0,pvalloc_29nbfs_LRG2_max_sCs6p4
4975,10202.281214084212,2534.1540517598637,10984.645916534231,10202.281214084212,0.0,pvalloc_29nbfs_LRG2_max_sCs6p4
4976,3134.4721018234277,2922.2757566340224,4786.53570568202,3134.4721018234277,0.0,pvalloc_29nbfs_LRG2_max_sCs6p4
4977,18336.941206857045,3138.922411981513,19029.070794780688,18336.941206857045,0.0,pvalloc_29nbfs_LRG2_max_sCs6p4
4978,36174.36655007936,3432.737854399137,36529.614059578875,36083.068881736464,91.29766834288995,pvalloc_29nbfs_LRG2_max_sCs6p4
4979,57337.80265312459,3908.991007059107,57569.066265266265,55086.311005639735,2251.491647484861,pvalloc_29nbfs_LRG2_max_sCs6p4
4980,59620.13702552041,4677.867077257327,59966.36824675908,56853.738742505826,2766.398283014574,pvalloc_29nbfs_LRG2_max_sCs6p4
4981,62943.53884401834,5378.200098630767,63402.86303518253,59349.654192312366,3593.8846517059637,pvalloc_29nbfs_LRG2_max_sCs6p4
4982,47633.712509307006,4926.273901004599,48235.78673180108,46946.37078639025,687.3417229167417,pvalloc_29nbfs_LRG2_max_sCs6p4
4983,52859.57815294216,5535.873024078825,53504.404190226356,51405.07508141166,1454.5030715304972,pvalloc_29nbfs_LRG2_max_sCs6p4
4984,42935.29479006162,4886.248534775174,43579.532928837405,42654.94079791385,280.3539921477674,pvalloc_29nbfs_LRG2_max_sCs6p4
4985,28496.203322037018,4367.113142796845,29329.70501913377,28496.203322037018,0.0,pvalloc_29nbfs_LRG2_max_sCs6p4
4986,22523.19074807749,4916.862074341019,23923.908965607472,22523.19074807749,0.0,pvalloc_29nbfs_LRG2_max_sCs6p4
4987,9973.19002257854,5114.499808455973,12423.694022880478,9973.19002257854,0.0,pvalloc_29nbfs_LRG2_max_sCs6p4
4988,1.756902060677702,11602.69714976987,11602.69714976987,1.756902060677702,0.0,pvalloc_29nbfs_LRG2_max_sCs6p4
4989,0.0,15306.207062822388,15306.207062822388,0.0,0.0,pvalloc_29nbfs_LRG2_max_sCs6p4
4990,0.0,18487.541112237723,18487.541112237723,0.0,0.0,pvalloc_29nbfs_LRG2_max_sCs6p4
4991,0.0,15678.910070087288,15678.910070087288,0.0,0.0,pvalloc_29nbfs_LRG2_max_sCs6p4
4992,0.0,12457.95010585332,12457.95010585332,0.0,0.0,pvalloc_29nbfs_LRG2_max_sCs6p4
4993,0.0,9566.57816566627,9566.57816566627,0.0,0.0,pvalloc_29nbfs_LRG2_max_sCs6p4
4994,0.0,8172.598108657665,8172.598108657665,0.0,0.0,pvalloc_29nbfs_LRG2_max_sCs6p4
4995,0.0,7275.373634775014,7275.373634775014,0.0,0.0,pvalloc_29nbfs_LRG2_max_sCs6p4
4996,0.0,6657.432000184344,6657.432000184344,0.0,0.0,pvalloc_29nbfs_LRG2_max_sCs6p4
4997,0.0,6227.237294939232,6227.237294939232,0.0,0.0,pvalloc_29nbfs_LRG2_max_sCs6p4
4998,409.1998992645025,3581.5457052997717,3598.5163249540356,409.1998992645025,0.0,pvalloc_29nbfs_LRG2_max_sCs6p4
4999,14922.815966823182,2526.2905305838754,15466.816254946643,14922.815966823182,0.0,pvalloc_29nbfs_LRG2_max_sCs6p4
5000,33565.5090265703,2776.6177633438747,33790.62331420455,33555.06562441393,10.44340215636987,pvalloc_29nbfs_LRG2_max_sCs6p4
5001,52005.68041505888,3114.6434240921044,52151.762809532775,50792.45304955572,1213.2273655031677,pvalloc_29nbfs_LRG2_max_sCs6p4
5002,65697.72457804273,3225.315131178497,65813.97067637401,61376.072007790965,4321.652570251724,pvalloc_29nbfs_LRG2_max_sCs6p4
5003,85561.14164837803,3940.487580634508,85685.20422426809,73400.17762908492,12160.964019293115,pvalloc_29nbfs_LRG2_max_sCs6p4
5004,83653.95147848461,4478.263633685905,83824.59998929223,72395.22536681601,11258.726111668659,pvalloc_29nbfs_LRG2_max_sCs6p4
5005,90112.03762126893,4606.652858352499,90288.0518250331,75706.2959157153,14405.741705553679,pvalloc_29nbfs_LRG2_max_sCs6p4
5006,83912.70066771262,4592.02363533567,84117.4966897713,72416.4453363943,11496.255331318336,pvalloc_29nbfs_LRG2_max_sCs6p4
5007,70140.44600099165,4609.562427116281,70400.89014402348,64290.18220918318,5850.263791808331,pvalloc_29nbfs_LRG2_max_sCs6p4
5008,55298.95567679758,4087.752527852552,55592.95726314316,53405.55865936969,1893.3970174278938,pvalloc_29nbfs_LRG2_max_sCs6p4
5009,32728.43910566205,3834.4329728962853,33275.49554450616,32720.37822648703,8.060879175020318,pvalloc_29nbfs_LRG2_max_sCs6p4
5010,13738.4948043548,3958.280683664668,15067.792718714898,13738.4948043548,0.0,pvalloc_29nbfs_LRG2_max_sCs6p4
5011,2512.3035084881776,6083.314167552253,6860.40439716358,2512.3035084881776,0.0,pvalloc_29nbfs_LRG2_max_sCs6p4
5012,0.024958675141344665,13827.237919839778,13827.237919839778,0.024958675141344665,0.0,pvalloc_29nbfs_LRG2_max_sCs6p4
5013,0.0,14662.18168263524,14662.18168263524,0.0,0.0,pvalloc_29nbfs_LRG2_max_sCs6p4
5014,0.0,16274.799124460178,16274.799124460178,0.0,0.0,pvalloc_29nbfs_LRG2_max_sCs6p4
5015,0.0,15624.092956490871,15624.092956490871,0.0,0.0,pvalloc_29nbfs_LRG2_max_sCs6p4
5016,0.0,12724.185769730162,12724.185769730162,0.0,0.0,pvalloc_29nbfs_LRG2_max_sCs6p4
5017,0.0,10867.074894322572,10867.074894322572,0.0,0.0,pvalloc_29nbfs_LRG2_max_sCs6p4
5018,0.0,8769.371741640622,8769.371741640622,0.0,0.0,pvalloc_29nbfs_LRG2_max_sCs6p4
5019,0.0,7592.314610242441,7592.314610242441,0.0,0.0,pvalloc_29nbfs_LRG2_max_sCs6p4
5020,0.0,6804.494587055006,6804.494587055006,0.0,0.0,pvalloc_29nbfs_LRG2_max_sCs6p4
5021,0.0,6914.447201421454,6914.447201421454,0.0,0.0,pvalloc_29nbfs_LRG2_max_sCs6p4
5022,126.53735950201846,4156.926676403952,4158.4991378774375,126.53735950201846,0.0,pvalloc_29nbfs_LRG2_max_sCs6p4
5023,10440.188776319175,2564.311773470325,11232.591570879496,10440.188776319175,0.0,pvalloc_29nbfs_LRG2_max_sCs6p4
5024,21690.901694861455,2749.602773747734,22112.57350439267,21690.901694861455,0.0,pvalloc_29nbfs_LRG2_max_sCs6p4
5025,18559.78481984719,3366.835738801455,19405.785448678762,18559.78481984719,0.0,pvalloc_29nbfs_LRG2_max_sCs6p4
5026,30573.735242571558,3799.4426039063237,31185.229322535113,30573.735242571558,0.0,pvalloc_29nbfs_LRG2_max_sCs6p4
5027,65861.93325894502,3646.698627960886,66019.81062069691,61448.1373421665,4413.79591677855,pvalloc_29nbfs_LRG2_max_sCs6p4
5028,78966.62397570923,5327.13362435053,79292.58796968032,69855.48989412168,9111.134081587474,pvalloc_29nbfs_LRG2_max_sCs6p4
5029,52059.86968272466,5045.750939612112,52592.66480100792,50731.41369303967,1328.4559896849946,pvalloc_29nbfs_LRG2_max_sCs6p4
5030,22714.978795674586,5837.300476713002,24588.669091808704,22714.978795674586,0.0,pvalloc_29nbfs_LRG2_max_sCs6p4
5031,25364.6767660237,4959.960572165262,26609.4567787817,25364.6767660237,0.0,pvalloc_29nbfs_LRG2_max_sCs6p4
5032,33756.50475632338,4039.2200781636843,34343.64940204893,33715.12521245012,41.3795438732613,pvalloc_29nbfs_LRG2_max_sCs6p4
5033,26712.235781614818,4129.5796594509675,27516.43709197687,26712.235781614818,0.0,pvalloc_29nbfs_LRG2_max_sCs6p4
5034,16596.30159457023,4723.517672733444,18218.791530541806,16596.30159457023,0.0,pvalloc_29nbfs_LRG2_max_sCs6p4
5035,10218.913205342875,5390.568190259567,12754.378760340902,10218.913205342875,0.0,pvalloc_29nbfs_LRG2_max_sCs6p4
5036,10.552821138037691,10991.069195463962,10991.081630613118,10.552821138037691,0.0,pvalloc_29nbfs_LRG2_max_sCs6p4
5037,0.0,15623.399766375918,15623.399766375918,0.0,0.0,pvalloc_29nbfs_LRG2_max_sCs6p4
5038,0.0,16022.715362504956,16022.715362504956,0.0,0.0,pvalloc_29nbfs_LRG2_max_sCs6p4
5039,0.0,16439.751715351846,16439.751715351846,0.0,0.0,pvalloc_29nbfs_LRG2_max_sCs6p4
5040,0.0,12326.556850038325,12326.556850038325,0.0,0.0,pvalloc_29nbfs_LRG2_max_sCs6p4
5041,0.0,9488.472208125191,9488.472208125191,0.0,0.0,pvalloc_29nbfs_LRG2_max_sCs6p4
5042,0.0,8024.435333822399,8024.435333822399,0.0,0.0,pvalloc_29nbfs_LRG2_max_sCs6p4
5043,0.0,7253.657469496068,7253.657469496068,0.0,0.0,pvalloc_29nbfs_LRG2_max_sCs6p4
5044,0.0,6638.189465394041,6638.189465394041,0.0,0.0,pvalloc_29nbfs_LRG2_max_sCs6p4
5045,0.0,6441.096729282571,6441.096729282571,0.0,0.0,pvalloc_29nbfs_LRG2_max_sCs6p4
5046,127.10445515345765,4133.5076476484555,4135.058937382024,127.10445515345765,0.0,pvalloc_29nbfs_LRG2_max_sCs6p4
5047,11295.455933373647,2641.0943922527213,12115.796945977096,11295.455933373647,0.0,pvalloc_29nbfs_LRG2_max_sCs6p4
5048,32386.951015931223,2960.153997334705,32666.041031997313,32386.951015931223,0.0,pvalloc_29nbfs_LRG2_max_sCs6p4
5049,53142.50828424107,3327.843539246632,53310.70638223485,51763.26119024697,1379.2470939941027,pvalloc_29nbfs_LRG2_max_sCs6p4
5050,72234.80114023035,3409.485395022823,72333.97896117545,65789.31040871161,6445.490731518786,pvalloc_29nbfs_LRG2_max_sCs6p4
5051,65842.96126548432,3814.40056066573,66012.48987129272,61465.99001783551,4376.971247648772,pvalloc_29nbfs_LRG2_max_sCs6p4
5052,60331.61229000867,4448.274162915316,60626.26302692712,57418.621730738865,2912.9905592698096,pvalloc_29nbfs_LRG2_max_sCs6p4
5053,66918.99751094134,4711.041890823162,67206.56851062032,62165.9114998909,4753.086011050535,pvalloc_29nbfs_LRG2_max_sCs6p4
5054,68044.83475897204,4590.714008848902,68319.34759513906,62853.66267870032,5191.1720802717555,pvalloc_29nbfs_LRG2_max_sCs6p4
5055,57554.847954876124,4863.5203272983035,57967.29930938289,55192.834332524944,2362.013622351191,pvalloc_29nbfs_LRG2_max_sCs6p4
5056,51406.1132643262,4305.123625237221,51765.65646910892,50215.82797902666,1190.2852852995525,pvalloc_29nbfs_LRG2_max_sCs6p4
5057,34342.589233370796,3725.1912379278915,34830.66794113742,34299.19358103131,43.39565233948724,pvalloc_29nbfs_LRG2_max_sCs6p4
5058,12127.91106591398,3720.86778838442,13404.50813975382,12127.91106591398,0.0,pvalloc_29nbfs_LRG2_max_sCs6p4
5059,6179.092971268177,4371.084118408861,8407.365766345245,6179.092971268177,0.0,pvalloc_29nbfs_LRG2_max_sCs6p4
5060,213.06348556984497,7653.659090606974,7656.249247502702,213.06348556984497,0.0,pvalloc_29nbfs_LRG2_max_sCs6p4
5061,0.0,12442.644294585478,12442.644294585478,0.0,0.0,pvalloc_29nbfs_LRG2_max_sCs6p4
5062,0.0,12652.578225358759,12652.578225358759,0.0,0.0,pvalloc_29nbfs_LRG2_max_sCs6p4
5063,0.0,12878.862779430521,12878.862779430521,0.0,0.0,pvalloc_29nbfs_LRG2_max_sCs6p4
5064,0.0,12350.755659688528,12350.755659688528,0.0,0.0,pvalloc_29nbfs_LRG2_max_sCs6p4
5065,0.0,11097.685205202353,11097.685205202353,0.0,0.0,pvalloc_29nbfs_LRG2_max_sCs6p4
5066,0.0,9294.124150992038,9294.124150992038,0.0,0.0,pvalloc_29nbfs_LRG2_max_sCs6p4
5067,0.0,7868.8472553816255,7868.8472553816255,0.0,0.0,pvalloc_29nbfs_LRG2_max_sCs6p4
5068,0.0,6865.793803809358,6865.793803809358,0.0,0.0,pvalloc_29nbfs_LRG2_max_sCs6p4
5069,0.0,7046.117084101746,7046.117084101746,0.0,0.0,pvalloc_29nbfs_LRG2_max_sCs6p4
5070,117.85241654547545,4243.11719977469,4244.564163945255,117.85241654547545,0.0,pvalloc_29nbfs_LRG2_max_sCs6p4
5071,13180.349410984789,2495.372769057904,13788.340479787279,13180.349410984789,0.0,pvalloc_29nbfs_LRG2_max_sCs6p4
5072,30180.39151186724,2796.8135165263643,30452.689139331385,30180.39151186724,0.0,pvalloc_29nbfs_LRG2_max_sCs6p4
5073,52404.48502240561,3196.2171009789313,52560.84320719233,51116.20368016521,1288.2813422404024,pvalloc_29nbfs_LRG2_max_sCs6p4
5074,69806.53744965355,3484.5007161820226,69939.34336870538,64154.78710268211,5651.750346971351,pvalloc_29nbfs_LRG2_max_sCs6p4
5075,80376.48569279826,3902.230447031388,80520.78541049242,70538.05634471965,9838.429348078625,pvalloc_29nbfs_LRG2_max_sCs6p4
5076,70882.72585001713,4438.458001458738,71107.06482582008,64830.10851737922,6052.617332637841,pvalloc_29nbfs_LRG2_max_sCs6p4
5077,62703.92340353529,4864.371092945021,63053.72186240635,59155.646348312934,3548.277055222352,pvalloc_29nbfs_LRG2_max_sCs6p4
5078,53271.73115366078,5048.65292686201,53804.771979097764,51712.60299733522,1559.1281563255534,pvalloc_29nbfs_LRG2_max_sCs6p4
5079,33083.09947011091,5064.5467392867695,34064.538296558116,33055.071430126874,28.028039984037832,pvalloc_29nbfs_LRG2_max_sCs6p4
5080,36283.31222320109,4694.36710625372,37022.991546344216,36179.04176636808,104.270456833009,pvalloc_29nbfs_LRG2_max_sCs6p4
5081,28588.13004468605,4457.528842633533,29457.99896939729,28588.13004468605,0.0,pvalloc_29nbfs_LRG2_max_sCs6p4
5082,16323.32905031093,4413.949333490265,17739.12068175788,16323.32905031093,0.0,pvalloc_29nbfs_LRG2_max_sCs6p4
5083,8592.991124620166,4733.697793091607,10816.939817569348,8592.991124620166,0.0,pvalloc_29nbfs_LRG2_max_sCs6p4
5084,45.243637661669595,9039.174069029394,9039.451079060325,45.243637661669595,0.0,pvalloc_29nbfs_LRG2_max_sCs6p4
5085,0.0,14038.884071464148,14038.884071464148,0.0,0.0,pvalloc_29nbfs_LRG2_max_sCs6p4
5086,0.0,16707.67865740891,16707.67865740891,0.0,0.0,pvalloc_29nbfs_LRG2_max_sCs6p4
5087,0.0,14798.423471834056,14798.423471834056,0.0,0.0,pvalloc_29nbfs_LRG2_max_sCs6p4
5088,0.0,12920.992928294934,12920.992928294934,0.0,0.0,pvalloc_29nbfs_LRG2_max_sCs6p4
5089,0.0,9900.944565301277,9900.944565301277,0.0,0.0,pvalloc_29nbfs_LRG2_max_sCs6p4
5090,0.0,9389.785903685057,9389.785903685057,0.0,0.0,pvalloc_29nbfs_LRG2_max_sCs6p4
5091,0.0,7401.546438254426,7401.546438254426,0.0,0.0,pvalloc_29nbfs_LRG2_max_sCs6p4
5092,0.0,6692.067790682455,6692.067790682455,0.0,0.0,pvalloc_29nbfs_LRG2_max_sCs6p4
5093,0.0,6497.448685059626,6497.448685059626,0.0,0.0,pvalloc_29nbfs_LRG2_max_sCs6p4
5094,300.44434554989033,3841.5088991559446,3845.4141182568296,300.44434554989033,0.0,pvalloc_29nbfs_LRG2_max_sCs6p4
5095,14804.593931674339,2371.972385612016,15271.789266702308,14804.593931674339,0.0,pvalloc_29nbfs_LRG2_max_sCs6p4
5096,34805.83720899243,2366.894429952436,34942.730631523926,34776.549384014244,29.287824978186052,pvalloc_29nbfs_LRG2_max_sCs6p4
5097,56892.89381570399,2794.1119052372214,56987.22447458874,54839.173075511986,2053.7207401919977,pvalloc_29nbfs_LRG2_max_sCs6p4
5098,73783.67704206142,2918.0979993272754,73859.62011508836,66753.67279244396,7030.004249617417,pvalloc_29nbfs_LRG2_max_sCs6p4
5099,89265.39889432478,3507.9315251181815,89365.92756465159,75286.93598799294,13978.462906331835,pvalloc_29nbfs_LRG2_max_sCs6p4
5100,75370.24853286037,4903.487411561826,75625.99309904675,67645.53744019096,7724.71109266944,pvalloc_29nbfs_LRG2_max_sCs6p4
5101,66107.9078850264,5575.110004433005,66574.88722132279,61522.367770570876,4585.540114455517,pvalloc_29nbfs_LRG2_max_sCs6p4
5102,71192.02554681247,5661.671713219965,71654.43984016296,64853.117927892614,6338.907618919774,pvalloc_29nbfs_LRG2_max_sCs6p4
5103,64989.88002509305,5144.798840104427,65411.76864322926,60688.668550831375,4301.211474261685,pvalloc_29nbfs_LRG2_max_sCs6p4
5104,61182.58114515938,4940.96708232008,61612.10130624016,57892.449970621754,3290.1311745376347,pvalloc_29nbfs_LRG2_max_sCs6p4
5105,25871.599956632646,4797.305948901939,26937.007626983024,25871.599956632646,0.0,pvalloc_29nbfs_LRG2_max_sCs6p4
5106,6547.6485339512,5128.261427912933,9134.86806670757,6547.6485339512,0.0,pvalloc_29nbfs_LRG2_max_sCs6p4
5107,1418.2551420458294,6931.853088160435,7053.727972534418,1418.2551420458294,0.0,pvalloc_29nbfs_LRG2_max_sCs6p4
5108,0.5284361699171936,11343.980493579467,11343.980493579467,0.5284361699171936,0.0,pvalloc_29nbfs_LRG2_max_sCs6p4
5109,0.0,13173.891725783154,13173.891725783154,0.0,0.0,pvalloc_29nbfs_LRG2_max_sCs6p4
5110,0.0,13106.449704799224,13106.449704799224,0.0,0.0,pvalloc_29nbfs_LRG2_max_sCs6p4
5111,0.0,12603.245316458499,12603.245316458499,0.0,0.0,pvalloc_29nbfs_LRG2_max_sCs6p4
5112,0.0,10413.182078012227,10413.182078012227,0.0,0.0,pvalloc_29nbfs_LRG2_max_sCs6p4
5113,0.0,8993.403916155026,8993.403916155026,0.0,0.0,pvalloc_29nbfs_LRG2_max_sCs6p4
5114,0.0,7817.17261512709,7817.17261512709,0.0,0.0,pvalloc_29nbfs_LRG2_max_sCs6p4
5115,0.0,7187.960258470543,7187.960258470543,0.0,0.0,pvalloc_29nbfs_LRG2_max_sCs6p4
5116,0.0,6597.782238100716,6597.782238100716,0.0,0.0,pvalloc_29nbfs_LRG2_max_sCs6p4
5117,0.0,6653.582169584413,6653.582169584413,0.0,0.0,pvalloc_29nbfs_LRG2_max_sCs6p4
5118,143.7770434037203,4119.590579368032,4121.27538248633,143.7770434037203,0.0,pvalloc_29nbfs_LRG2_max_sCs6p4
5119,10268.931917871805,2358.790450410523,10948.980609480222,10268.931917871805,0.0,pvalloc_29nbfs_LRG2_max_sCs6p4
5120,31155.79553844423,2382.5532632290174,31324.743894582847,31155.79553844423,0.0,pvalloc_29nbfs_LRG2_max_sCs6p4
5121,54452.41848102347,2713.6341035348123,54549.31628151527,52864.346159332374,1588.0723216911065,pvalloc_29nbfs_LRG2_max_sCs6p4
5122,70444.2510158053,3179.7216903724734,70540.54445650296,64642.190663403686,5802.060352401629,pvalloc_29nbfs_LRG2_max_sCs6p4
5123,88934.82694722958,3494.0424187284993,89018.81854907802,75200.33381789886,13734.493129330778,pvalloc_29nbfs_LRG2_max_sCs6p4
5124,88525.92813664481,4692.554276895841,88691.3407372959,75033.55257490433,13492.375561740513,pvalloc_29nbfs_LRG2_max_sCs6p4
5125,88447.86590714593,5521.097367242187,88712.27487793581,74917.03724276487,13530.82866438107,pvalloc_29nbfs_LRG2_max_sCs6p4
5126,82177.32027663683,5401.547411993602,82468.83642403803,71503.97930285422,10673.340973782586,pvalloc_29nbfs_LRG2_max_sCs6p4
5127,77615.82192544284,5317.495860556878,77934.63883335693,68889.9227779446,8725.899147498338,pvalloc_29nbfs_LRG2_max_sCs6p4
5128,68744.4344371644,4485.733155928721,69002.41145970079,63347.40553024736,5397.028906916953,pvalloc_29nbfs_LRG2_max_sCs6p4
5129,50413.93236950413,4327.090949285757,50798.33376797075,49384.18606308234,1029.7463064217964,pvalloc_29nbfs_LRG2_max_sCs6p4
5130,30852.976019951257,4875.067104673821,31800.85744549284,30852.976019951257,0.0,pvalloc_29nbfs_LRG2_max_sCs6p4
5131,12201.835903679728,4979.436747998265,14326.999045785657,12201.835903679728,0.0,pvalloc_29nbfs_LRG2_max_sCs6p4
5132,1.3594197638697567,11936.762068964312,11936.762068964312,1.3594197638697567,0.0,pvalloc_29nbfs_LRG2_max_sCs6p4
5133,0.0,18228.216139042957,18228.216139042957,0.0,0.0,pvalloc_29nbfs_LRG2_max_sCs6p4
5134,0.0,18162.49636171034,18162.49636171034,0.0,0.0,pvalloc_29nbfs_LRG2_max_sCs6p4
5135,0.0,15581.301938822113,15581.301938822113,0.0,0.0,pvalloc_29nbfs_LRG2_max_sCs6p4
5136,0.0,13660.518661518498,13660.518661518498,0.0,0.0,pvalloc_29nbfs_LRG2_max_sCs6p4
5137,0.0,10358.480128423342,10358.480128423342,0.0,0.0,pvalloc_29nbfs_LRG2_max_sCs6p4
5138,0.0,8828.47113398323,8828.47113398323,0.0,0.0,pvalloc_29nbfs_LRG2_max_sCs6p4
5139,0.0,7213.798405873982,7213.798405873982,0.0,0.0,pvalloc_29nbfs_LRG2_max_sCs6p4
5140,0.0,6479.031429122138,6479.031429122138,0.0,0.0,pvalloc_29nbfs_LRG2_max_sCs6p4
5141,0.0,6403.16258096044,6403.16258096044,0.0,0.0,pvalloc_29nbfs_LRG2_max_sCs6p4
5142,125.6108072494735,4161.834822742128,4163.214907867468,125.6108072494735,0.0,pvalloc_29nbfs_LRG2_max_sCs6p4
5143,13307.901144745258,2355.01120108387,13827.29082175206,13307.901144745258,0.0,pvalloc_29nbfs_LRG2_max_sCs6p4
5144,33117.2560250663,2663.377222193812,33316.17095918835,33117.2560250663,0.0,pvalloc_29nbfs_LRG2_max_sCs6p4
5145,53981.42544877196,3208.071450575715,54122.88661269278,52475.462887188696,1505.962561583261,pvalloc_29nbfs_LRG2_max_sCs6p4
5146,74372.76093223577,3328.341981258796,74469.47509122008,67146.0297400157,7226.731192220116,pvalloc_29nbfs_LRG2_max_sCs6p4
5147,87659.23516716874,4250.002165906268,87783.72987216427,74616.59917226735,13042.635994901415,pvalloc_29nbfs_LRG2_max_sCs6p4
5148,83275.20289656185,5795.7717310234475,83641.3305225229,72369.16305499706,10906.039841564725,pvalloc_29nbfs_LRG2_max_sCs6p4
5149,88095.7669646015,5322.224343705993,88336.2697079423,74822.43367870837,13273.33328589313,pvalloc_29nbfs_LRG2_max_sCs6p4
5150,87700.01945681495,4495.97536585417,87891.52597161339,74415.92668368889,13284.092773126073,pvalloc_29nbfs_LRG2_max_sCs6p4
5151,75870.42587248945,5025.52631093328,76141.07158578349,67932.59532354017,7937.830548949263,pvalloc_29nbfs_LRG2_max_sCs6p4
5152,63209.37850075991,4265.692708211929,63454.43647580891,59533.960528726544,3675.417972033333,pvalloc_29nbfs_LRG2_max_sCs6p4
5153,45933.78671793766,3930.5229380139417,46260.51360426014,45495.6542697736,438.132448164061,pvalloc_29nbfs_LRG2_max_sCs6p4
5154,30682.857651216065,3931.1633474377472,31270.40745209905,30682.857651216065,0.0,pvalloc_29nbfs_LRG2_max_sCs6p4
5155,10170.943267149903,5608.428926153151,12944.79962572114,10170.943267149903,0.0,pvalloc_29nbfs_LRG2_max_sCs6p4
5156,0.9805541201782935,13203.767813926464,13203.767813926464,0.9805541201782935,0.0,pvalloc_29nbfs_LRG2_max_sCs6p4
5157,0.0,16656.158247084175,16656.158247084175,0.0,0.0,pvalloc_29nbfs_LRG2_max_sCs6p4
5158,0.0,16956.66673318879,16956.66673318879,0.0,0.0,pvalloc_29nbfs_LRG2_max_sCs6p4
5159,0.0,13878.197386105796,13878.197386105796,0.0,0.0,pvalloc_29nbfs_LRG2_max_sCs6p4
5160,0.0,13359.709264488025,13359.709264488025,0.0,0.0,pvalloc_29nbfs_LRG2_max_sCs6p4
5161,0.0,9823.421723926976,9823.421723926976,0.0,0.0,pvalloc_29nbfs_LRG2_max_sCs6p4
5162,0.0,8004.918441437759,8004.918441437759,0.0,0.0,pvalloc_29nbfs_LRG2_max_sCs6p4
5163,0.0,7279.771629046192,7279.771629046192,0.0,0.0,pvalloc_29nbfs_LRG2_max_sCs6p4
5164,0.0,6702.512682378077,6702.512682378077,0.0,0.0,pvalloc_29nbfs_LRG2_max_sCs6p4
5165,0.0,6398.7645866892735,6398.7645866892735,0.0,0.0,pvalloc_29nbfs_LRG2_max_sCs6p4
5166,103.08057565528351,4348.929211380247,4350.0298754525,103.08057565528351,0.0,pvalloc_29nbfs_LRG2_max_sCs6p4
5167,12662.710796649799,2548.326585830342,13327.518509406802,12662.710796649799,0.0,pvalloc_29nbfs_LRG2_max_sCs6p4
5168,33065.315498592594,2920.745831240996,33320.080237198126,33065.315498592594,0.0,pvalloc_29nbfs_LRG2_max_sCs6p4
5169,54915.84149084292,3160.8533558565355,55048.02782615885,53240.373716157104,1675.4677746858088,pvalloc_29nbfs_LRG2_max_sCs6p4
5170,74942.49484822327,3061.50817965174,75026.49160354819,67466.12090472208,7476.373943501163,pvalloc_29nbfs_LRG2_max_sCs6p4
5171,89751.58999629282,3765.4467663261,89851.12766230422,75617.69712924826,14133.892867044564,pvalloc_29nbfs_LRG2_max_sCs6p4
5172,84035.22594433675,4278.028140014939,84194.46998950592,72607.06977070212,11428.156173634656,pvalloc_29nbfs_LRG2_max_sCs6p4
5173,78320.73560855517,4586.416254367076,78535.28422459573,69375.66654712403,8945.069061431208,pvalloc_29nbfs_LRG2_max_sCs6p4
5174,88613.82945990865,4541.011128626239,88801.98780740585,74906.41389007003,13707.415569838638,pvalloc_29nbfs_LRG2_max_sCs6p4
5175,76363.2543481227,4722.3344034214715,76609.92235624163,68184.77069449244,8178.483653630265,pvalloc_29nbfs_LRG2_max_sCs6p4
5176,61164.47424153296,4537.398338022834,61469.27740182071,57982.091849646145,3182.3823918868147,pvalloc_29nbfs_LRG2_max_sCs6p4
5177,41838.81565151695,4211.388192985689,42312.92826122587,41626.08529817302,212.7303533439184,pvalloc_29nbfs_LRG2_max_sCs6p4
5178,22925.586290575317,4132.523053923727,23845.826362104886,22925.586290575317,0.0,pvalloc_29nbfs_LRG2_max_sCs6p4
5179,9384.592737236722,4312.6834445594295,11201.972619390068,9384.592737236722,0.0,pvalloc_29nbfs_LRG2_max_sCs6p4
5180,20.18433895690253,9584.11833317389,9584.275294565316,20.18433895690253,0.0,pvalloc_29nbfs_LRG2_max_sCs6p4
5181,0.0,17958.547144614713,17958.547144614713,0.0,0.0,pvalloc_29nbfs_LRG2_max_sCs6p4
5182,0.0,15508.105894089556,15508.105894089556,0.0,0.0,pvalloc_29nbfs_LRG2_max_sCs6p4
5183,0.0,14273.89740347325,14273.89740347325,0.0,0.0,pvalloc_29nbfs_LRG2_max_sCs6p4
5184,0.0,13200.33224655577,13200.33224655577,0.0,0.0,pvalloc_29nbfs_LRG2_max_sCs6p4
5185,0.0,9638.325646422076,9638.325646422076,0.0,0.0,pvalloc_29nbfs_LRG2_max_sCs6p4
5186,0.0,8321.584507793394,8321.584507793394,0.0,0.0,pvalloc_29nbfs_LRG2_max_sCs6p4
5187,0.0,7169.817360127393,7169.817360127393,0.0,0.0,pvalloc_29nbfs_LRG2_max_sCs6p4
5188,0.0,7079.928698781937,7079.928698781937,0.0,0.0,pvalloc_29nbfs_LRG2_max_sCs6p4
5189,0.0,6529.334832922408,6529.334832922408,0.0,0.0,pvalloc_29nbfs_LRG2_max_sCs6p4
5190,43.78567551891475,4768.243137566739,4768.739519762503,43.78567551891475,0.0,pvalloc_29nbfs_LRG2_max_sCs6p4
5191,10377.75156749116,2502.4584473715154,11127.764557613938,10377.75156749116,0.0,pvalloc_29nbfs_LRG2_max_sCs6p4
5192,27611.34019924753,2857.3573132758597,27932.998879663402,27611.34019924753,0.0,pvalloc_29nbfs_LRG2_max_sCs6p4
5193,49192.8521155024,3115.2113529504522,49347.42503675277,48454.716960773774,738.135154728636,pvalloc_29nbfs_LRG2_max_sCs6p4
5194,62318.41531277831,3396.0586835366266,62452.444130209165,58961.946960142435,3356.4683526358954,pvalloc_29nbfs_LRG2_max_sCs6p4
5195,70875.14157708343,4074.9109266713704,71043.80299391119,64935.02470916726,5940.116867916121,pvalloc_29nbfs_LRG2_max_sCs6p4
5196,68348.59118803595,5046.2848204753955,68684.83905129098,63281.639550538865,5066.951637497064,pvalloc_29nbfs_LRG2_max_sCs6p4
5197,72579.5341716392,4919.859295684664,72854.34151745374,65916.9621349928,6662.572036646408,pvalloc_29nbfs_LRG2_max_sCs6p4
5198,71329.61904739597,5431.626427855788,71700.2637907905,65104.401768095246,6225.217279300715,pvalloc_29nbfs_LRG2_max_sCs6p4
5199,70438.5774742558,4903.756367324298,70737.41460237907,64487.71664076906,5950.860833486707,pvalloc_29nbfs_LRG2_max_sCs6p4
5200,42353.40043528456,3815.3695031815314,42723.76231130833,42119.95513391267,233.44530137188127,pvalloc_29nbfs_LRG2_max_sCs6p4
5201,27214.80686725517,3805.0690816511274,27861.365956926515,27214.80686725517,0.0,pvalloc_29nbfs_LRG2_max_sCs6p4
5202,13099.251467286997,4328.050574961105,14760.341436976674,13099.251467286997,0.0,pvalloc_29nbfs_LRG2_max_sCs6p4
5203,8221.107673225524,4806.89231067379,10540.05136824977,8221.107673225524,0.0,pvalloc_29nbfs_LRG2_max_sCs6p4
5204,0.0,15090.77132050442,15090.77132050442,0.0,0.0,pvalloc_29nbfs_LRG2_max_sCs6p4
5205,0.0,15791.348827533153,15791.348827533153,0.0,0.0,pvalloc_29nbfs_LRG2_max_sCs6p4
5206,0.0,15247.755727980577,15247.755727980577,0.0,0.0,pvalloc_29nbfs_LRG2_max_sCs6p4
5207,0.0,15008.225250668323,15008.225250668323,0.0,0.0,pvalloc_29nbfs_LRG2_max_sCs6p4
5208,0.0,12069.433844123945,12069.433844123945,0.0,0.0,pvalloc_29nbfs_LRG2_max_sCs6p4
5209,0.0,11145.876780548275,11145.876780548275,0.0,0.0,pvalloc_29nbfs_LRG2_max_sCs6p4
5210,0.0,8940.899584908117,8940.899584908117,0.0,0.0,pvalloc_29nbfs_LRG2_max_sCs6p4
5211,0.0,7874.895807358424,7874.895807358424,0.0,0.0,pvalloc_29nbfs_LRG2_max_sCs6p4
5212,0.0,7043.644556647981,7043.644556647981,0.0,0.0,pvalloc_29nbfs_LRG2_max_sCs6p4
5213,0.0,7125.558647681807,7125.558647681807,0.0,0.0,pvalloc_29nbfs_LRG2_max_sCs6p4
5214,3.620626085072298,5734.123088357093,5734.194771652908,3.620626085072298,0.0,pvalloc_29nbfs_LRG2_max_sCs6p4
5215,1654.1788601057372,3023.7622871414765,3676.4054585316194,1654.1788601057372,0.0,pvalloc_29nbfs_LRG2_max_sCs6p4
5216,6111.761565339907,2945.492659916247,7458.780263007763,6111.761565339907,0.0,pvalloc_29nbfs_LRG2_max_sCs6p4
5217,12204.998472331048,3188.0776545182384,13274.364050412714,12204.998472331048,0.0,pvalloc_29nbfs_LRG2_max_sCs6p4
5218,23893.22795089682,3307.766957093238,24452.997184215164,23893.22795089682,0.0,pvalloc_29nbfs_LRG2_max_sCs6p4
5219,28431.451610348195,3946.3973414304796,29099.428909595434,28431.451610348195,0.0,pvalloc_29nbfs_LRG2_max_sCs6p4
5220,21053.958543175962,5083.21916996722,22717.419056481165,21053.958543175962,0.0,pvalloc_29nbfs_LRG2_max_sCs6p4
5221,45697.073892021814,4532.716621620094,46202.77513785742,45241.94147899005,455.13241303177495,pvalloc_29nbfs_LRG2_max_sCs6p4
5222,60415.43102797509,4699.117192960714,60769.6016670586,57377.7936663727,3037.6373616023934,pvalloc_29nbfs_LRG2_max_sCs6p4
5223,47443.72574413389,4725.059332456866,47961.48686220307,46826.77413074052,616.951613393366,pvalloc_29nbfs_LRG2_max_sCs6p4
5224,47801.0260432811,4121.620497119212,48167.280295100005,47160.16106562362,640.8649776574714,pvalloc_29nbfs_LRG2_max_sCs6p4
5225,35800.178540915316,4199.947449932843,36374.70560603001,35731.94543087308,68.23311004223888,pvalloc_29nbfs_LRG2_max_sCs6p4
5226,24956.39310334199,4094.5376386062153,25776.07793371321,24956.39310334199,0.0,pvalloc_29nbfs_LRG2_max_sCs6p4
5227,10270.737312401203,4774.080978068528,12373.119662616327,10270.737312401203,0.0,pvalloc_29nbfs_LRG2_max_sCs6p4
5228,0.2387984576302727,12343.53871662597,12343.53871662597,0.2387984576302727,0.0,pvalloc_29nbfs_LRG2_max_sCs6p4
5229,0.0,17463.78761121696,17463.78761121696,0.0,0.0,pvalloc_29nbfs_LRG2_max_sCs6p4
5230,0.0,16776.24576513662,16776.24576513662,0.0,0.0,pvalloc_29nbfs_LRG2_max_sCs6p4
5231,0.0,13863.094861205218,13863.094861205218,0.0,0.0,pvalloc_29nbfs_LRG2_max_sCs6p4
5232,0.0,12379.083196074876,12379.083196074876,0.0,0.0,pvalloc_29nbfs_LRG2_max_sCs6p4
5233,0.0,10840.796451126309,10840.796451126309,0.0,0.0,pvalloc_29nbfs_LRG2_max_sCs6p4
5234,0.0,8839.193140860432,8839.193140860432,0.0,0.0,pvalloc_29nbfs_LRG2_max_sCs6p4
5235,0.0,7691.549078353807,7691.549078353807,0.0,0.0,pvalloc_29nbfs_LRG2_max_sCs6p4
5236,0.0,6881.188714069511,6881.188714069511,0.0,0.0,pvalloc_29nbfs_LRG2_max_sCs6p4
5237,0.0,7020.828203404438,7020.828203404438,0.0,0.0,pvalloc_29nbfs_LRG2_max_sCs6p4
5238,66.54385728601127,4740.97024212224,4741.654604939442,66.54385728601127,0.0,pvalloc_29nbfs_LRG2_max_sCs6p4
5239,11461.98762210331,2608.7539898322048,12192.903229387783,11461.98762210331,0.0,pvalloc_29nbfs_LRG2_max_sCs6p4
5240,24406.59416690434,2927.1724513650365,24810.751067521778,24406.59416690434,0.0,pvalloc_29nbfs_LRG2_max_sCs6p4
5241,48303.23230080375,3153.381164143032,48468.308460717526,47669.80052875548,633.4317720482715,pvalloc_29nbfs_LRG2_max_sCs6p4
5242,62260.19779224008,3597.9075819447235,62413.317640122754,58917.01659036289,3343.181201877187,pvalloc_29nbfs_LRG2_max_sCs6p4
5243,68815.31761910884,3909.9974643547293,68981.58619728556,63521.03888998074,5294.278729128136,pvalloc_29nbfs_LRG2_max_sCs6p4
5244,56479.03668655779,4418.265402757254,56795.21178275294,54422.10003568499,2056.9366508728012,pvalloc_29nbfs_LRG2_max_sCs6p4
5245,54910.249791467184,4932.828904677648,55359.203210689186,53133.00610458717,1777.2436868800025,pvalloc_29nbfs_LRG2_max_sCs6p4
5246,51249.7899533821,4986.916973431707,51796.73298692522,50043.00956494982,1206.780388432271,pvalloc_29nbfs_LRG2_max_sCs6p4
5247,50993.750139174634,4681.417622061263,51468.13136885516,49841.91217768326,1151.8379614913767,pvalloc_29nbfs_LRG2_max_sCs6p4
5248,43369.97760266311,4129.626829134878,43825.94205039865,43072.47372401622,297.5038786468778,pvalloc_29nbfs_LRG2_max_sCs6p4
5249,35402.57577654242,4004.05141578957,35936.820630602386,35341.12145079953,61.45432574288765,pvalloc_29nbfs_LRG2_max_sCs6p4
5250,18125.38531979053,4539.00803110371,19491.655996782025,18125.38531979053,0.0,pvalloc_29nbfs_LRG2_max_sCs6p4
5251,8334.870496487147,5134.322603450978,10855.048606779897,8334.870496487147,0.0,pvalloc_29nbfs_LRG2_max_sCs6p4
5252,0.0,19000.155946423394,19000.155946423394,0.0,0.0,pvalloc_29nbfs_LRG2_max_sCs6p4
5253,0.0,19290.58011697166,19290.58011697166,0.0,0.0,pvalloc_29nbfs_LRG2_max_sCs6p4
5254,0.0,16835.26838147422,16835.26838147422,0.0,0.0,pvalloc_29nbfs_LRG2_max_sCs6p4
5255,0.0,14924.78827852718,14924.78827852718,0.0,0.0,pvalloc_29nbfs_LRG2_max_sCs6p4
5256,0.0,13381.168060104115,13381.168060104115,0.0,0.0,pvalloc_29nbfs_LRG2_max_sCs6p4
5257,0.0,10539.960012448035,10539.960012448035,0.0,0.0,pvalloc_29nbfs_LRG2_max_sCs6p4
5258,0.0,8429.066249258416,8429.066249258416,0.0,0.0,pvalloc_29nbfs_LRG2_max_sCs6p4
5259,0.0,7662.686930720702,7662.686930720702,0.0,0.0,pvalloc_29nbfs_LRG2_max_sCs6p4
5260,0.0,6987.56971605249,6987.56971605249,0.0,0.0,pvalloc_29nbfs_LRG2_max_sCs6p4
5261,0.0,6946.060646242225,6946.060646242225,0.0,0.0,pvalloc_29nbfs_LRG2_max_sCs6p4
5262,58.78989402817406,4987.530350011362,4988.1534189385075,58.78989402817406,0.0,pvalloc_29nbfs_LRG2_max_sCs6p4
5263,12690.582389145437,2563.105466080264,13329.00375680657,12690.582389145437,0.0,pvalloc_29nbfs_LRG2_max_sCs6p4
5264,33507.37085345462,2856.283671497717,33742.78277781302,33503.43751319033,3.9333402642881765,pvalloc_29nbfs_LRG2_max_sCs6p4
5265,56201.37979792865,2947.379454143844,56313.816643289865,54278.57269718632,1922.8071007423275,pvalloc_29nbfs_LRG2_max_sCs6p4
5266,75229.02037787886,3724.7291401942794,75345.63934962683,67681.90033614382,7547.120041735107,pvalloc_29nbfs_LRG2_max_sCs6p4
5267,88831.79155515115,4800.675375669756,89002.08816979094,75237.73880699956,13594.052748151578,pvalloc_29nbfs_LRG2_max_sCs6p4
5268,86125.37277825254,5848.777016571244,86459.08701688737,73818.34220280682,12307.030575445682,pvalloc_29nbfs_LRG2_max_sCs6p4
5269,91022.32363789539,5815.182865313724,91311.4682566724,76238.22977284237,14784.093865052999,pvalloc_29nbfs_LRG2_max_sCs6p4
5270,91507.35384543716,5228.769155710042,91776.2973152342,76215.72061113836,15291.633234298826,pvalloc_29nbfs_LRG2_max_sCs6p4
5271,83050.4942073284,5020.415353126875,83311.94877760886,71928.43908894637,11122.055118382053,pvalloc_29nbfs_LRG2_max_sCs6p4
5272,69193.81456496581,4778.761249796014,69481.37808320187,63662.01743384984,5531.797131115896,pvalloc_29nbfs_LRG2_max_sCs6p4
5273,52126.63714672237,4343.026406793247,52501.445343945656,50810.34183929998,1316.2953074223926,pvalloc_29nbfs_LRG2_max_sCs6p4
5274,31263.84717918578,4443.130564939122,32027.487296935265,31263.84717918578,0.0,pvalloc_29nbfs_LRG2_max_sCs6p4
5275,12675.228100524038,4709.239002125108,14448.244243605508,12675.228100524038,0.0,pvalloc_29nbfs_LRG2_max_sCs6p4
5276,0.001144878417680309,16108.108079514439,16108.108079514439,0.001144878417680309,0.0,pvalloc_29nbfs_LRG2_max_sCs6p4
5277,0.0,16661.54003587522,16661.54003587522,0.0,0.0,pvalloc_29nbfs_LRG2_max_sCs6p4
5278,0.0,16071.879638820657,16071.879638820657,0.0,0.0,pvalloc_29nbfs_LRG2_max_sCs6p4
5279,0.0,16513.615011586437,16513.615011586437,0.0,0.0,pvalloc_29nbfs_LRG2_max_sCs6p4
5280,0.0,14223.402737580196,14223.402737580196,0.0,0.0,pvalloc_29nbfs_LRG2_max_sCs6p4
5281,0.0,10189.901163932846,10189.901163932846,0.0,0.0,pvalloc_29nbfs_LRG2_max_sCs6p4
5282,0.0,9219.908618123189,9219.908618123189,0.0,0.0,pvalloc_29nbfs_LRG2_max_sCs6p4
5283,0.0,8077.212368111325,8077.212368111325,0.0,0.0,pvalloc_29nbfs_LRG2_max_sCs6p4
5284,0.0,7416.388772703772,7416.388772703772,0.0,0.0,pvalloc_29nbfs_LRG2_max_sCs6p4
5285,0.0,7104.393955178768,7104.393955178768,0.0,0.0,pvalloc_29nbfs_LRG2_max_sCs6p4
5286,19.614937812349304,5505.452832779983,5505.715361514619,19.614937812349304,0.0,pvalloc_29nbfs_LRG2_max_sCs6p4
5287,11800.009619012431,2604.615715065053,12506.481614466667,11800.009619012431,0.0,pvalloc_29nbfs_LRG2_max_sCs6p4
5288,33673.81906203219,2762.9474868076263,33889.10575265946,33667.5530639469,6.265998085287038,pvalloc_29nbfs_LRG2_max_sCs6p4
5289,55888.49048034248,2765.1369724294063,55989.367192463935,54025.24462519166,1863.2458551508032,pvalloc_29nbfs_LRG2_max_sCs6p4
5290,74186.55772441397,3621.7315673989337,74296.3850715458,67055.42801235487,7131.1297120591835,pvalloc_29nbfs_LRG2_max_sCs6p4
5291,90219.98724864505,4050.12247218162,90342.04462839448,75839.25040543654,14380.736843208488,pvalloc_29nbfs_LRG2_max_sCs6p4
5292,85618.40074533522,5619.605402684245,85919.6405944665,73554.62685012528,12063.773895210039,pvalloc_29nbfs_LRG2_max_sCs6p4
5293,91371.35961845609,5533.168300195452,91630.96374251004,76302.08030546506,15069.279312991084,pvalloc_29nbfs_LRG2_max_sCs6p4
5294,86750.41283117633,6653.046404011312,87205.57743854362,73908.13905765583,12842.27377352047,pvalloc_29nbfs_LRG2_max_sCs6p4
5295,80010.52579389745,6058.786508413035,80431.87934519563,70227.4382876868,9783.087506210568,pvalloc_29nbfs_LRG2_max_sCs6p4
5296,65446.82242874872,6116.845248342063,66034.01275521783,61105.86993630487,4340.952492443831,pvalloc_29nbfs_LRG2_max_sCs6p4
5297,49698.0046933932,5439.525291699963,50388.45538113477,48724.786447129314,973.2182462638821,pvalloc_29nbfs_LRG2_max_sCs6p4
5298,29310.191802089448,5433.349485271336,30513.970020554465,29310.191802089448,0.0,pvalloc_29nbfs_LRG2_max_sCs6p4
5299,8809.427686042638,6468.899435246404,12180.823386969794,8809.427686042638,0.0,pvalloc_29nbfs_LRG2_max_sCs6p4
5300,0.002782290935076717,16915.106988967567,16915.106988967567,0.002782290935076717,0.0,pvalloc_29nbfs_LRG2_max_sCs6p4
5301,0.0,19664.8737674663,19664.8737674663,0.0,0.0,pvalloc_29nbfs_LRG2_max_sCs6p4
5302,0.0,21717.297616531436,21717.297616531436,0.0,0.0,pvalloc_29nbfs_LRG2_max_sCs6p4
5303,0.0,17214.825474050005,17214.825474050005,0.0,0.0,pvalloc_29nbfs_LRG2_max_sCs6p4
5304,0.0,12578.207549128694,12578.207549128694,0.0,0.0,pvalloc_29nbfs_LRG2_max_sCs6p4
5305,0.0,10294.109997870488,10294.109997870488,0.0,0.0,pvalloc_29nbfs_LRG2_max_sCs6p4
5306,0.0,8325.709247505114,8325.709247505114,0.0,0.0,pvalloc_29nbfs_LRG2_max_sCs6p4
5307,0.0,7293.515981600714,7293.515981600714,0.0,0.0,pvalloc_29nbfs_LRG2_max_sCs6p4
5308,0.0,6735.77447883469,6735.77447883469,0.0,0.0,pvalloc_29nbfs_LRG2_max_sCs6p4
5309,0.0,6710.483943585053,6710.483943585053,0.0,0.0,pvalloc_29nbfs_LRG2_max_sCs6p4
5310,30.304780142498128,4984.929696243415,4985.314821684087,30.304780142498128,0.0,pvalloc_29nbfs_LRG2_max_sCs6p4
5311,11752.168346935116,2510.715451262636,12419.310851953598,11752.168346935116,0.0,pvalloc_29nbfs_LRG2_max_sCs6p4
5312,32871.06351264771,2874.5230306318267,33119.19100966819,32871.06351264771,0.0,pvalloc_29nbfs_LRG2_max_sCs6p4
5313,54817.992719185335,3220.02047063925,54958.57706745755,53151.437240883744,1666.5554783015812,pvalloc_29nbfs_LRG2_max_sCs6p4
5314,74961.25189797048,3688.9844492012126,75087.01980588282,67484.86889683994,7476.383001130526,pvalloc_29nbfs_LRG2_max_sCs6p4
5315,91195.23096733392,3849.9703311470453,91307.42260410178,76294.6360666832,14900.59490065068,pvalloc_29nbfs_LRG2_max_sCs6p4
5316,85239.62390498293,5913.689597807631,85588.9528538763,73337.22377650149,11902.400128481415,pvalloc_29nbfs_LRG2_max_sCs6p4
5317,90963.9973921807,5415.595449516255,91203.88037103311,76179.6189317119,14784.378460468763,pvalloc_29nbfs_LRG2_max_sCs6p4
5318,88568.07214628342,5553.392140166312,88839.65283734922,74905.15690592522,13662.915240358183,pvalloc_29nbfs_LRG2_max_sCs6p4
5319,82022.98337829536,4917.306978737087,82256.05519522118,71430.37862983932,10592.604748456033,pvalloc_29nbfs_LRG2_max_sCs6p4
5320,67941.8313478949,4825.918046617034,68239.41682296304,62832.712216450425,5109.119131444529,pvalloc_29nbfs_LRG2_max_sCs6p4
5321,50059.84837262294,4697.751413119502,50516.31311364284,49097.69735590398,962.1510167189473,pvalloc_29nbfs_LRG2_max_sCs6p4
5322,31969.66742816877,3954.7721124349414,32563.248634223044,31969.66742816877,0.0,pvalloc_29nbfs_LRG2_max_sCs6p4
5323,10837.28646757066,4742.318951273178,12903.952055904512,10837.28646757066,0.0,pvalloc_29nbfs_LRG2_max_sCs6p4
5324,0.6091798704523617,11780.460883127525,11780.460883127525,0.6091798704523617,0.0,pvalloc_29nbfs_LRG2_max_sCs6p4
5325,0.0,17798.4514230697,17798.4514230697,0.0,0.0,pvalloc_29nbfs_LRG2_max_sCs6p4
5326,0.0,19605.334016129706,19605.334016129706,0.0,0.0,pvalloc_29nbfs_LRG2_max_sCs6p4
5327,0.0,17993.3392447101,17993.3392447101,0.0,0.0,pvalloc_29nbfs_LRG2_max_sCs6p4
5328,0.0,14499.905393880888,14499.905393880888,0.0,0.0,pvalloc_29nbfs_LRG2_max_sCs6p4
5329,0.0,10706.798579119697,10706.798579119697,0.0,0.0,pvalloc_29nbfs_LRG2_max_sCs6p4
5330,0.0,8691.305275136961,8691.305275136961,0.0,0.0,pvalloc_29nbfs_LRG2_max_sCs6p4
5331,0.0,7299.838339654399,7299.838339654399,0.0,0.0,pvalloc_29nbfs_LRG2_max_sCs6p4
5332,0.0,6942.486827788975,6942.486827788975,0.0,0.0,pvalloc_29nbfs_LRG2_max_sCs6p4
5333,0.0,6828.1340130815815,6828.1340130815815,0.0,0.0,pvalloc_29nbfs_LRG2_max_sCs6p4
5334,10.243908607420368,5417.860849306239,5417.9964398866405,10.243908607420368,0.0,pvalloc_29nbfs_LRG2_max_sCs6p4
5335,10505.96161053226,2806.020645436494,11438.81396940004,10505.96161053226,0.0,pvalloc_29nbfs_LRG2_max_sCs6p4
5336,31589.885274105494,3234.69048506942,31944.389859220755,31589.885274105494,0.0,pvalloc_29nbfs_LRG2_max_sCs6p4
5337,53929.07129952488,3412.910149656498,54097.162729800206,52413.28902839089,1515.7822711339925,pvalloc_29nbfs_LRG2_max_sCs6p4
5338,73877.40056388479,3725.843618855123,74004.57989330811,66834.17641850996,7043.224145374795,pvalloc_29nbfs_LRG2_max_sCs6p4
5339,89051.51500610395,4023.383862139607,89168.48966093292,75276.0413444096,13775.47366169438,pvalloc_29nbfs_LRG2_max_sCs6p4
5340,84366.12340661591,5740.92196343736,84714.08426516436,72963.06764723231,11403.055759383624,pvalloc_29nbfs_LRG2_max_sCs6p4
5341,88664.26687376322,5709.17878598406,88954.56815504219,75096.91890998745,13567.347963775755,pvalloc_29nbfs_LRG2_max_sCs6p4
5342,85476.53761242027,6553.211373264772,85933.24086743502,73431.2813841634,12045.256228256867,pvalloc_29nbfs_LRG2_max_sCs6p4
5343,80355.67319103786,5459.500148939283,80665.19772437433,70486.37408485821,9869.299106179615,pvalloc_29nbfs_LRG2_max_sCs6p4
5344,68387.9603635558,4524.5654281658135,68645.58476023242,63124.56647585568,5263.393887700172,pvalloc_29nbfs_LRG2_max_sCs6p4
5345,48967.890094945324,4481.721459562685,49389.5865770021,48176.577847441076,791.3122475042429,pvalloc_29nbfs_LRG2_max_sCs6p4
5346,29292.22648394688,4464.158773391568,30119.03242312697,29292.22648394688,0.0,pvalloc_29nbfs_LRG2_max_sCs6p4
5347,7443.964327923149,6365.924517914999,10947.318741602186,7443.964327923149,0.0,pvalloc_29nbfs_LRG2_max_sCs6p4
5348,0.0,15989.736204174624,15989.736204174624,0.0,0.0,pvalloc_29nbfs_LRG2_max_sCs6p4
5349,0.0,16826.71504393423,16826.71504393423,0.0,0.0,pvalloc_29nbfs_LRG2_max_sCs6p4
5350,0.0,17455.218388780384,17455.218388780384,0.0,0.0,pvalloc_29nbfs_LRG2_max_sCs6p4
5351,0.0,17312.601875985758,17312.601875985758,0.0,0.0,pvalloc_29nbfs_LRG2_max_sCs6p4
5352,0.0,14414.143741518075,14414.143741518075,0.0,0.0,pvalloc_29nbfs_LRG2_max_sCs6p4
5353,0.0,9954.17201230051,9954.17201230051,0.0,0.0,pvalloc_29nbfs_LRG2_max_sCs6p4
5354,0.0,8448.308232531268,8448.308232531268,0.0,0.0,pvalloc_29nbfs_LRG2_max_sCs6p4
5355,0.0,7461.470557932397,7461.470557932397,0.0,0.0,pvalloc_29nbfs_LRG2_max_sCs6p4
5356,0.0,6904.5537825017445,6904.5537825017445,0.0,0.0,pvalloc_29nbfs_LRG2_max_sCs6p4
5357,0.0,6785.528064411385,6785.528064411385,0.0,0.0,pvalloc_29nbfs_LRG2_max_sCs6p4
5358,16.193762487017988,5398.112684725003,5398.342648601161,16.193762487017988,0.0,pvalloc_29nbfs_LRG2_max_sCs6p4
5359,10622.870439719223,2700.5209936551328,11464.964425734976,10622.870439719223,0.0,pvalloc_29nbfs_LRG2_max_sCs6p4
5360,31816.960428359864,3036.7764495130323,32116.969427782118,31816.960428359864,0.0,pvalloc_29nbfs_LRG2_max_sCs6p4
5361,51630.75056938252,4022.0530470919102,51934.000507598,50506.23666975624,1124.5138996262845,pvalloc_29nbfs_LRG2_max_sCs6p4
5362,72715.46197392767,4119.929458716441,72879.19516466757,66134.0402132188,6581.421760708859,pvalloc_29nbfs_LRG2_max_sCs6p4
5363,86938.96482866099,4995.315214056679,87147.1113186418,74311.40558602459,12627.55924263639,pvalloc_29nbfs_LRG2_max_sCs6p4
5364,84894.16569723167,5830.376283412311,85254.65683082935,73246.93756492288,11647.228132308854,pvalloc_29nbfs_LRG2_max_sCs6p4
5365,87847.72908888292,6394.800519154599,88280.47920057121,74766.46100906307,13081.26807981987,pvalloc_29nbfs_LRG2_max_sCs6p4
5366,90079.46681476111,5273.884154490935,90317.32715348166,75670.6377974483,14408.829017312837,pvalloc_29nbfs_LRG2_max_sCs6p4
5367,81537.22450188053,4898.819784558891,81763.82903424684,71190.22199993307,10347.002501947423,pvalloc_29nbfs_LRG2_max_sCs6p4
5368,67788.9919884906,4601.644371998521,68045.18796761362,62795.37497997337,4993.617008517184,pvalloc_29nbfs_LRG2_max_sCs6p4
5369,48931.191835070975,4697.138140823655,49393.499557666364,48169.34055699241,761.851278078576,pvalloc_29nbfs_LRG2_max_sCs6p4
5370,28010.43954353536,4839.008140154299,29076.95921249099,28010.43954353536,0.0,pvalloc_29nbfs_LRG2_max_sCs6p4
5371,9367.580552997977,5176.209518365611,11828.052257492946,9367.580552997977,0.0,pvalloc_29nbfs_LRG2_max_sCs6p4
5372,0.0,16855.81401326384,16855.81401326384,0.0,0.0,pvalloc_29nbfs_LRG2_max_sCs6p4
5373,0.0,17345.892495044838,17345.892495044838,0.0,0.0,pvalloc_29nbfs_LRG2_max_sCs6p4
5374,0.0,16579.52219038973,16579.52219038973,0.0,0.0,pvalloc_29nbfs_LRG2_max_sCs6p4
5375,0.0,15251.446364993699,15251.446364993699,0.0,0.0,pvalloc_29nbfs_LRG2_max_sCs6p4
5376,0.0,13188.262672566278,13188.262672566278,0.0,0.0,pvalloc_29nbfs_LRG2_max_sCs6p4
5377,0.0,11323.92566649367,11323.92566649367,0.0,0.0,pvalloc_29nbfs_LRG2_max_sCs6p4
5378,0.0,9734.491596408212,9734.491596408212,0.0,0.0,pvalloc_29nbfs_LRG2_max_sCs6p4
5379,0.0,8493.110696508547,8493.110696508547,0.0,0.0,pvalloc_29nbfs_LRG2_max_sCs6p4
5380,0.0,7434.255107382792,7434.255107382792,0.0,0.0,pvalloc_29nbfs_LRG2_max_sCs6p4
5381,0.0,7087.350693282779,7087.350693282779,0.0,0.0,pvalloc_29nbfs_LRG2_max_sCs6p4
5382,6.527549562717349,5749.4653170994025,5749.564707909243,6.527549562717349,0.0,pvalloc_29nbfs_LRG2_max_sCs6p4
5383,10253.792906162489,2774.6166601985983,11157.782941912303,10253.792906162489,0.0,pvalloc_29nbfs_LRG2_max_sCs6p4
5384,32071.352132377957,2885.754770277734,32338.69629248141,32071.352132377957,0.0,pvalloc_29nbfs_LRG2_max_sCs6p4
5385,54202.68024478144,3221.2097662954093,54348.189671530476,52634.014501997495,1568.6657427839386,pvalloc_29nbfs_LRG2_max_sCs6p4
5386,72807.1599061618,3905.5514957830137,72946.82116550315,66183.39909799566,6623.7608081662265,pvalloc_29nbfs_LRG2_max_sCs6p4
5387,88422.67387990268,4435.1329342932095,88570.17382904686,74961.06222116454,13461.61165873813,pvalloc_29nbfs_LRG2_max_sCs6p4
5388,85514.93467447095,5517.459205384412,85799.31575244911,73485.29600571576,12029.638668755126,pvalloc_29nbfs_LRG2_max_sCs6p4
5389,89248.85128014509,5836.051673945897,89550.6900638488,75338.11632504252,13910.734955102564,pvalloc_29nbfs_LRG2_max_sCs6p4
5390,85615.79552324601,6240.359522812667,86004.48937416365,73448.27404706266,12167.521476183305,pvalloc_29nbfs_LRG2_max_sCs6p4
5391,78819.45009929985,5604.3504613547575,79155.43266455275,69671.87635201745,9147.573747282406,pvalloc_29nbfs_LRG2_max_sCs6p4
5392,64779.228279915784,5314.986810418634,65187.42535276472,60735.92418458167,4043.3040953341097,pvalloc_29nbfs_LRG2_max_sCs6p4
5393,45999.293420517075,5338.7949484271,46710.1931989607,45554.32226440918,444.9711561079009,pvalloc_29nbfs_LRG2_max_sCs6p4
5394,27032.682056721846,4954.330998262802,28198.300813688435,27032.682056721846,0.0,pvalloc_29nbfs_LRG2_max_sCs6p4
5395,6321.619748766926,7005.879553191667,10430.879808429943,6321.619748766926,0.0,pvalloc_29nbfs_LRG2_max_sCs6p4
5396,0.0,17145.915254554417,17145.915254554417,0.0,0.0,pvalloc_29nbfs_LRG2_max_sCs6p4
5397,0.0,18592.212130355496,18592.212130355496,0.0,0.0,pvalloc_29nbfs_LRG2_max_sCs6p4
5398,0.0,17959.280865600802,17959.280865600802,0.0,0.0,pvalloc_29nbfs_LRG2_max_sCs6p4
5399,0.0,15321.147510146637,15321.147510146637,0.0,0.0,pvalloc_29nbfs_LRG2_max_sCs6p4
5400,0.0,13722.161589340783,13722.161589340783,0.0,0.0,pvalloc_29nbfs_LRG2_max_sCs6p4
5401,0.0,10430.229263731499,10430.229263731499,0.0,0.0,pvalloc_29nbfs_LRG2_max_sCs6p4
5402,0.0,8829.571873465273,8829.571873465273,0.0,0.0,pvalloc_29nbfs_LRG2_max_sCs6p4
5403,0.0,7657.188196967489,7657.188196967489,0.0,0.0,pvalloc_29nbfs_LRG2_max_sCs6p4
5404,0.0,7455.696363549953,7455.696363549953,0.0,0.0,pvalloc_29nbfs_LRG2_max_sCs6p4
5405,0.0,7031.549107246735,7031.549107246735,0.0,0.0,pvalloc_29nbfs_LRG2_max_sCs6p4
5406,2.001131116571448,6089.725234852646,6089.772585845179,2.001131116571448,0.0,pvalloc_29nbfs_LRG2_max_sCs6p4
5407,10246.617905667817,2615.9726095736974,11050.101945351484,10246.617905667817,0.0,pvalloc_29nbfs_LRG2_max_sCs6p4
5408,29306.498892814478,3029.2711593730805,29645.03213033786,29306.498892814478,0.0,pvalloc_29nbfs_LRG2_max_sCs6p4
5409,48766.17744453461,3991.7962848638217,49082.62739131038,48072.30968437751,693.8677601570918,pvalloc_29nbfs_LRG2_max_sCs6p4
5410,67049.39031276344,3843.0900099083874,67211.16317768922,62347.591952056966,4701.798360706464,pvalloc_29nbfs_LRG2_max_sCs6p4
5411,74850.05220733686,4142.56993697574,75021.83343186066,67357.99118686127,7492.061020475635,pvalloc_29nbfs_LRG2_max_sCs6p4
5412,63308.53605202566,5463.125405643902,63788.09965497672,59682.33511147914,3626.2009405465237,pvalloc_29nbfs_LRG2_max_sCs6p4
5413,62775.18882750548,6094.448813308539,63404.719935023466,59234.86398001443,3540.324847491044,pvalloc_29nbfs_LRG2_max_sCs6p4
5414,57278.060537778845,6035.796513168864,58000.72992898879,54906.14770423941,2371.9128335394457,pvalloc_29nbfs_LRG2_max_sCs6p4
5415,46208.14062581569,5488.784528367934,46966.46790204058,45695.53007007588,512.6105557398139,pvalloc_29nbfs_LRG2_max_sCs6p4
5416,34370.78358578919,5014.547538304179,35260.69945302528,34321.205416195146,49.57816959404067,pvalloc_29nbfs_LRG2_max_sCs6p4
5417,27440.610941414776,4820.635042006095,28493.20717127871,27440.610941414776,0.0,pvalloc_29nbfs_LRG2_max_sCs6p4
5418,11359.437127330984,5234.35774097538,13692.70481121483,11359.437127330984,0.0,pvalloc_29nbfs_LRG2_max_sCs6p4
5419,2516.9031681139313,6575.05461387457,7236.1583859183265,2516.9031681139313,0.0,pvalloc_29nbfs_LRG2_max_sCs6p4
5420,0.0,14157.285310324334,14157.285310324334,0.0,0.0,pvalloc_29nbfs_LRG2_max_sCs6p4
5421,0.0,16175.317955120867,16175.317955120867,0.0,0.0,pvalloc_29nbfs_LRG2_max_sCs6p4
5422,0.0,16617.529616008724,16617.529616008724,0.0,0.0,pvalloc_29nbfs_LRG2_max_sCs6p4
5423,0.0,15583.466132818583,15583.466132818583,0.0,0.0,pvalloc_29nbfs_LRG2_max_sCs6p4
5424,0.0,13573.678772779584,13573.678772779584,0.0,0.0,pvalloc_29nbfs_LRG2_max_sCs6p4
4920,0.0,11113.463869085279,11113.463869085279,0.0,0.0,pvalloc_29nbfs_LRG2_max_sCs6p6
4921,0.0,10737.831728562101,10737.831728562101,0.0,0.0,pvalloc_29nbfs_LRG2_max_sCs6p6
4922,0.0,10105.311448681487,10105.311448681487,0.0,0.0,pvalloc_29nbfs_LRG2_max_sCs6p6
4923,0.0,8120.094880445637,8120.094880445637,0.0,0.0,pvalloc_29nbfs_LRG2_max_sCs6p6
4924,0.0,7251.733657230993,7251.733657230993,0.0,0.0,pvalloc_29nbfs_LRG2_max_sCs6p6
4925,0.0,6971.075169345189,6971.075169345189,0.0,0.0,pvalloc_29nbfs_LRG2_max_sCs6p6
4926,823.5401941151662,3595.882627282748,3690.4955679558534,823.5401941151662,0.0,pvalloc_29nbfs_LRG2_max_sCs6p6
4927,15763.02361579808,2536.179471020978,16270.82389609346,15763.02361579808,0.0,pvalloc_29nbfs_LRG2_max_sCs6p6
4928,35997.39980681343,2697.6738706924925,36182.80723411899,35930.657716237045,66.7420905763866,pvalloc_29nbfs_LRG2_max_sCs6p6
4929,55372.90032313287,3337.713398370922,55529.097700845094,53605.9745807782,1766.925742354671,pvalloc_29nbfs_LRG2_max_sCs6p6
4930,74396.64712354154,3562.601267945225,74510.02635438416,67099.1212874767,7297.525836064878,pvalloc_29nbfs_LRG2_max_sCs6p6
4931,89324.85797955884,4071.9601067045774,89453.26967052762,75345.7515205701,13979.106458988694,pvalloc_29nbfs_LRG2_max_sCs6p6
4932,74227.46057154052,5133.236144988754,74535.12657037021,66963.12904940748,7264.3315221329785,pvalloc_29nbfs_LRG2_max_sCs6p6
4933,61772.97502283824,6642.072545989079,62620.17920717454,58537.02386711062,3235.9511557276205,pvalloc_29nbfs_LRG2_max_sCs6p6
4934,58397.18330820892,5487.491748121102,58941.468046929505,55854.77068408355,2542.4126241253784,pvalloc_29nbfs_LRG2_max_sCs6p6
4935,50985.41161464809,5066.559422803236,51553.369992580854,49816.41379014661,1168.9978245014743,pvalloc_29nbfs_LRG2_max_sCs6p6
4936,50368.80828328196,4815.292352995168,50883.07181690471,49309.58169319051,1059.226590091445,pvalloc_29nbfs_LRG2_max_sCs6p6
4937,34088.98746554755,4267.074249850198,34738.93933490558,34046.730461185376,42.257004362183125,pvalloc_29nbfs_LRG2_max_sCs6p6
4938,16345.629120217434,3926.2246251428046,17457.522509038266,16345.629120217434,0.0,pvalloc_29nbfs_LRG2_max_sCs6p6
4939,7181.136215669225,5152.117430848237,9875.169658537363,7181.136215669225,0.0,pvalloc_29nbfs_LRG2_max_sCs6p6
4940,296.10257115509046,8836.949399104435,8840.396765577605,296.10257115509046,0.0,pvalloc_29nbfs_LRG2_max_sCs6p6
4941,0.0,12714.325160437364,12714.325160437364,0.0,0.0,pvalloc_29nbfs_LRG2_max_sCs6p6
4942,0.0,13844.117670126652,13844.117670126652,0.0,0.0,pvalloc_29nbfs_LRG2_max_sCs6p6
4943,0.0,13190.081500942473,13190.081500942473,0.0,0.0,pvalloc_29nbfs_LRG2_max_sCs6p6
4944,0.0,15734.473543662867,15734.473543662867,0.0,0.0,pvalloc_29nbfs_LRG2_max_sCs6p6
4945,0.0,11843.652935827873,11843.652935827873,0.0,0.0,pvalloc_29nbfs_LRG2_max_sCs6p6
4946,0.0,9148.163406638314,9148.163406638314,0.0,0.0,pvalloc_29nbfs_LRG2_max_sCs6p6
4947,0.0,7889.191632688863,7889.191632688863,0.0,0.0,pvalloc_29nbfs_LRG2_max_sCs6p6
4948,0.0,7842.183829125383,7842.183829125383,0.0,0.0,pvalloc_29nbfs_LRG2_max_sCs6p6
4949,0.0,6888.334696423668,6888.334696423668,0.0,0.0,pvalloc_29nbfs_LRG2_max_sCs6p6
4950,7.617253472807242,5201.314702369127,5201.332014732081,7.617253472807242,0.0,pvalloc_29nbfs_LRG2_max_sCs6p6
4951,9124.799808415197,2539.3551221605376,9970.885206019748,9124.799808415197,0.0,pvalloc_29nbfs_LRG2_max_sCs6p6
4952,30304.956985546953,2553.925534391742,30518.630572363036,30304.956985546953,0.0,pvalloc_29nbfs_LRG2_max_sCs6p6
4953,54009.5411084256,3006.4583955791895,54133.55080423128,52475.53000273086,1534.0111056947326,pvalloc_29nbfs_LRG2_max_sCs6p6
4954,75430.62355035325,3368.4916727960394,75526.27747279988,67731.2131768451,7699.410373508144,pvalloc_29nbfs_LRG2_max_sCs6p6
4955,86714.33026369565,3615.628627456672,86820.63237054949,73962.16687035939,12752.163393336257,pvalloc_29nbfs_LRG2_max_sCs6p6
4956,74743.45257985203,4604.106636530281,74969.01925315197,67281.52632212013,7461.926257731891,pvalloc_29nbfs_LRG2_max_sCs6p6
4957,50055.67828424489,4867.6749082801325,50571.38302546521,49066.719272383125,988.9590118617721,pvalloc_29nbfs_LRG2_max_sCs6p6
4958,60902.162353153406,5005.6908713396115,61345.34239653894,57684.57014363992,3217.5922095134833,pvalloc_29nbfs_LRG2_max_sCs6p6
4959,48576.24150986237,5048.519351004016,49213.234836831776,47753.51989353765,822.721616324722,pvalloc_29nbfs_LRG2_max_sCs6p6
4960,44660.906377619205,4723.38880866597,45277.71645723812,44241.54894024563,419.3574373735665,pvalloc_29nbfs_LRG2_max_sCs6p6
4961,35983.42329012233,4805.494124236253,36787.29957011763,35885.67869263767,97.7445974846562,pvalloc_29nbfs_LRG2_max_sCs6p6
4962,19842.35453333802,4687.138774418405,21186.561613298054,19842.35453333802,0.0,pvalloc_29nbfs_LRG2_max_sCs6p6
4963,9131.244587511572,6050.509108445289,12245.69173677588,9131.244587511572,0.0,pvalloc_29nbfs_LRG2_max_sCs6p6
4964,3.5559353121477697,11427.90668279541,11427.90668279541,3.5559353121477697,0.0,pvalloc_29nbfs_LRG2_max_sCs6p6
4965,0.0,21698.627529472968,21698.627529472968,0.0,0.0,pvalloc_29nbfs_LRG2_max_sCs6p6
4966,0.0,15054.668580548847,15054.668580548847,0.0,0.0,pvalloc_29nbfs_LRG2_max_sCs6p6
4967,0.0,14761.30043522164,14761.30043522164,0.0,0.0,pvalloc_29nbfs_LRG2_max_sCs6p6
4968,0.0,12492.279958567407,12492.279958567407,0.0,0.0,pvalloc_29nbfs_LRG2_max_sCs6p6
4969,0.0,10052.532145121631,10052.532145121631,0.0,0.0,pvalloc_29nbfs_LRG2_max_sCs6p6
4970,0.0,8034.332061846785,8034.332061846785,0.0,0.0,pvalloc_29nbfs_LRG2_max_sCs6p6
4971,0.0,7219.022230515399,7219.022230515399,0.0,0.0,pvalloc_29nbfs_LRG2_max_sCs6p6
4972,0.0,6689.043790452775,6689.043790452775,0.0,0.0,pvalloc_29nbfs_LRG2_max_sCs6p6
4973,0.0,6426.52820091012,6426.52820091012,0.0,0.0,pvalloc_29nbfs_LRG2_max_sCs6p6
4974,161.00055101331554,3989.1890815688357,3991.138829909018,161.00055101331554,0.0,pvalloc_29nbfs_LRG2_max_sCs6p6
4975,10203.818798936572,2533.9030155793016,10986.60753844759,10203.818798936572,0.0,pvalloc_29nbfs_LRG2_max_sCs6p6
4976,3135.2198188523266,2922.0963721688345,4787.052524805001,3135.2198188523266,0.0,pvalloc_29nbfs_LRG2_max_sCs6p6
4977,18339.897337066683,3138.7339149021586,19032.76983944889,18339.897337066683,0.0,pvalloc_29nbfs_LRG2_max_sCs6p6
4978,36179.712632724084,3432.362677312469,36535.64975237866,36088.33696415697,91.3756685671213,pvalloc_29nbfs_LRG2_max_sCs6p6
4979,57345.92704069083,3908.542024643914,57577.51194866664,55093.77827426694,2252.148766423894,pvalloc_29nbfs_LRG2_max_sCs6p6
4980,59628.58434156181,4677.262283593027,59975.218854158375,56860.919878138804,2767.6644634229906,pvalloc_29nbfs_LRG2_max_sCs6p6
4981,62952.49886676736,5377.456919975482,63412.49831488727,59357.47831231337,3595.020554454004,pvalloc_29nbfs_LRG2_max_sCs6p6
4982,47640.90068282132,4925.856183346629,48244.297659489835,46954.41936068505,686.4813221362631,pvalloc_29nbfs_LRG2_max_sCs6p6
4983,52867.23027656294,5535.155472273724,53513.041982304654,51412.719284183215,1454.5109923797213,pvalloc_29nbfs_LRG2_max_sCs6p6
4984,42941.574364730055,4885.6334903708,43586.58185699638,42661.1583308488,280.41603388126094,pvalloc_29nbfs_LRG2_max_sCs6p6
4985,28500.751115882424,4366.910412793043,29335.344613854777,28500.751115882424,0.0,pvalloc_29nbfs_LRG2_max_sCs6p6
4986,22526.807273043014,4916.442280111605,23928.722361970165,22526.807273043014,0.0,pvalloc_29nbfs_LRG2_max_sCs6p6
4987,9975.394961997617,5114.276139458551,12426.35254591756,9975.394961997617,0.0,pvalloc_29nbfs_LRG2_max_sCs6p6
4988,1.721665467785468,11602.317213694534,11602.317213694534,1.721665467785468,0.0,pvalloc_29nbfs_LRG2_max_sCs6p6
4989,0.0,15306.207062822386,15306.207062822386,0.0,0.0,pvalloc_29nbfs_LRG2_max_sCs6p6
4990,0.0,18487.541112237723,18487.541112237723,0.0,0.0,pvalloc_29nbfs_LRG2_max_sCs6p6
4991,0.0,15678.910070087288,15678.910070087288,0.0,0.0,pvalloc_29nbfs_LRG2_max_sCs6p6
4992,0.0,12457.95010585332,12457.95010585332,0.0,0.0,pvalloc_29nbfs_LRG2_max_sCs6p6
4993,0.0,9566.57816566627,9566.57816566627,0.0,0.0,pvalloc_29nbfs_LRG2_max_sCs6p6
4994,0.0,8172.598108657664,8172.598108657664,0.0,0.0,pvalloc_29nbfs_LRG2_max_sCs6p6
4995,0.0,7275.373634775014,7275.373634775014,0.0,0.0,pvalloc_29nbfs_LRG2_max_sCs6p6
4996,0.0,6657.432000184345,6657.432000184345,0.0,0.0,pvalloc_29nbfs_LRG2_max_sCs6p6
4997,0.0,6227.23729493923,6227.23729493923,0.0,0.0,pvalloc_29nbfs_LRG2_max_sCs6p6
4998,409.2097463776163,3581.3090822310164,3598.2723267245697,409.2097463776163,0.0,pvalloc_29nbfs_LRG2_max_sCs6p6
4999,14925.041028408232,2526.1417501448154,15469.62812467985,14925.041028408232,0.0,pvalloc_29nbfs_LRG2_max_sCs6p6
5000,33570.09210406853,2776.320491881761,33795.73905671808,33559.578152263886,10.513951804640726,pvalloc_29nbfs_LRG2_max_sCs6p6
5001,52012.70160102703,3114.250820747313,52159.04047068006,50799.57441352445,1213.1271875025752,pvalloc_29nbfs_LRG2_max_sCs6p6
5002,65706.49760859282,3224.935341258796,65822.81150166542,61382.97564403025,4323.521964562546,pvalloc_29nbfs_LRG2_max_sCs6p6
5003,85572.58380726249,3939.99554511101,85696.73417823912,73405.18174487984,12167.402062382733,pvalloc_29nbfs_LRG2_max_sCs6p6
5004,83665.16333262424,4477.653714651569,83835.85082963764,72400.30541778992,11264.857914834309,pvalloc_29nbfs_LRG2_max_sCs6p6
5005,90124.02414068466,4606.11981986871,90300.13084288874,75712.32144813347,14411.702692551138,pvalloc_29nbfs_LRG2_max_sCs6p6
5006,83923.96961113629,4591.575677994484,84128.85199010932,72421.55321829907,11502.416392837176,pvalloc_29nbfs_LRG2_max_sCs6p6
5007,70149.92997877998,4609.121132756143,70410.41116182566,64297.75594590555,5852.174032874372,pvalloc_29nbfs_LRG2_max_sCs6p6
5008,55306.58904328128,4087.4296295402555,55601.43542345067,53412.69511897515,1893.8939243061336,pvalloc_29nbfs_LRG2_max_sCs6p6
5009,32733.30184794207,3834.1994454156384,33281.25038917577,32725.245330191574,8.056517750499836,pvalloc_29nbfs_LRG2_max_sCs6p6
5010,13740.871848856677,3957.9842765124854,15070.69993703521,13740.871848856677,0.0,pvalloc_29nbfs_LRG2_max_sCs6p6
5011,2512.865601935222,6082.616065748392,6860.221632098587,2512.865601935222,0.0,pvalloc_29nbfs_LRG2_max_sCs6p6
5012,0.024958675141344665,13827.185517549837,13827.185517549837,0.024958675141344665,0.0,pvalloc_29nbfs_LRG2_max_sCs6p6
5013,0.0,14662.18168263524,14662.18168263524,0.0,0.0,pvalloc_29nbfs_LRG2_max_sCs6p6
5014,0.0,16274.799124460178,16274.799124460178,0.0,0.0,pvalloc_29nbfs_LRG2_max_sCs6p6
5015,0.0,15624.092956490873,15624.092956490873,0.0,0.0,pvalloc_29nbfs_LRG2_max_sCs6p6
5016,0.0,12724.185769730164,12724.185769730164,0.0,0.0,pvalloc_29nbfs_LRG2_max_sCs6p6
5017,0.0,10867.074894322574,10867.074894322574,0.0,0.0,pvalloc_29nbfs_LRG2_max_sCs6p6
5018,0.0,8769.371741640622,8769.371741640622,0.0,0.0,pvalloc_29nbfs_LRG2_max_sCs6p6
5019,0.0,7592.314610242441,7592.314610242441,0.0,0.0,pvalloc_29nbfs_LRG2_max_sCs6p6
5020,0.0,6804.494587055006,6804.494587055006,0.0,0.0,pvalloc_29nbfs_LRG2_max_sCs6p6
5021,0.0,6914.447201421453,6914.447201421453,0.0,0.0,pvalloc_29nbfs_LRG2_max_sCs6p6
5022,126.48359673432876,4156.713442861488,4158.285904334974,126.48359673432876,0.0,pvalloc_29nbfs_LRG2_max_sCs6p6
5023,10441.784263820266,2564.0483278609195,11234.64208929063,10441.784263820266,0.0,pvalloc_29nbfs_LRG2_max_sCs6p6
5024,21694.160336250294,2749.2855133424778,22116.563056940202,21694.160336250294,0.0,pvalloc_29nbfs_LRG2_max_sCs6p6
5025,18562.88804418387,3366.52688519549,19409.597799950265,18562.88804418387,0.0,pvalloc_29nbfs_LRG2_max_sCs6p6
5026,30578.322933980624,3798.8224341319146,31190.545551092855,30578.322933980624,0.0,pvalloc_29nbfs_LRG2_max_sCs6p6
5027,65871.2112634878,3646.276810006887,66029.16622822233,61455.49483682417,4415.716426663686,pvalloc_29nbfs_LRG2_max_sCs6p6
5028,78977.48597280354,5326.200807003897,79304.26281119681,69860.12419898118,9117.36177382239,pvalloc_29nbfs_LRG2_max_sCs6p6
5029,52067.718027761446,5045.130769837702,52601.54165096896,50739.23674406041,1328.481283701047,pvalloc_29nbfs_LRG2_max_sCs6p6
5030,22719.02563513697,5836.633572223652,24593.73730872096,22719.02563513697,0.0,pvalloc_29nbfs_LRG2_max_sCs6p6
5031,25369.138495976367,4959.717065984221,26615.1365289994,25369.138495976367,0.0,pvalloc_29nbfs_LRG2_max_sCs6p6
5032,33761.69442485748,4038.8464386880273,34349.90159788003,33720.24011208282,41.454312774659115,pvalloc_29nbfs_LRG2_max_sCs6p6
5033,26716.554278345175,4129.360905412196,27521.779976680995,26716.554278345175,0.0,pvalloc_29nbfs_LRG2_max_sCs6p6
5034,16599.13306003663,4723.092213583099,18222.233741942557,16599.13306003663,0.0,pvalloc_29nbfs_LRG2_max_sCs6p6
5035,10220.890337508967,5390.150452967991,12756.816762360579,10220.890337508967,0.0,pvalloc_29nbfs_LRG2_max_sCs6p6
5036,10.509599639902772,10990.615611476569,10990.628046625725,10.509599639902772,0.0,pvalloc_29nbfs_LRG2_max_sCs6p6
5037,0.0,15623.399766375918,15623.399766375918,0.0,0.0,pvalloc_29nbfs_LRG2_max_sCs6p6
5038,0.0,16022.715362504954,16022.715362504954,0.0,0.0,pvalloc_29nbfs_LRG2_max_sCs6p6
5039,0.0,16439.75171535185,16439.75171535185,0.0,0.0,pvalloc_29nbfs_LRG2_max_sCs6p6
5040,0.0,12326.556850038325,12326.556850038325,0.0,0.0,pvalloc_29nbfs_LRG2_max_sCs6p6
5041,0.0,9488.472208125191,9488.472208125191,0.0,0.0,pvalloc_29nbfs_LRG2_max_sCs6p6
5042,0.0,8024.4353338224,8024.4353338224,0.0,0.0,pvalloc_29nbfs_LRG2_max_sCs6p6
5043,0.0,7253.657469496068,7253.657469496068,0.0,0.0,pvalloc_29nbfs_LRG2_max_sCs6p6
5044,0.0,6638.189465394041,6638.189465394041,0.0,0.0,pvalloc_29nbfs_LRG2_max_sCs6p6
5045,0.0,6441.096729282571,6441.096729282571,0.0,0.0,pvalloc_29nbfs_LRG2_max_sCs6p6
5046,127.04486590623918,4133.281014149332,4134.832303882899,127.04486590623918,0.0,pvalloc_29nbfs_LRG2_max_sCs6p6
5047,11297.184554479189,2640.8477930118283,12118.157356199823,11297.184554479189,0.0,pvalloc_29nbfs_LRG2_max_sCs6p6
5048,32391.34595549915,2959.734742065724,32670.745736873676,32391.34595549915,0.0,pvalloc_29nbfs_LRG2_max_sCs6p6
5049,53149.59143472798,3327.325876872951,53318.1159409367,51770.45137508942,1379.1400596385547,pvalloc_29nbfs_LRG2_max_sCs6p6
5050,72244.34351569721,3408.9831087592515,72343.59595530097,65793.38879520104,6450.954720496198,pvalloc_29nbfs_LRG2_max_sCs6p6
5051,65851.9008345566,3813.9157006602827,66021.46035560295,61473.01707420153,4378.883760355018,pvalloc_29nbfs_LRG2_max_sCs6p6
5052,60339.97757018637,4447.679619991088,60635.04872112118,57425.49838446967,2914.479185716697,pvalloc_29nbfs_LRG2_max_sCs6p6
5053,66928.24884701063,4710.457598639008,67216.1805467055,62173.22861603611,4755.020230974506,pvalloc_29nbfs_LRG2_max_sCs6p6
5054,68054.0572399623,4590.30295417198,68328.6232378341,62860.8022280439,5193.255011918347,pvalloc_29nbfs_LRG2_max_sCs6p6
5055,57562.80860293029,4863.038029977873,57976.074966626395,55200.14307841949,2362.665524510814,pvalloc_29nbfs_LRG2_max_sCs6p6
5056,51413.23702620879,4304.692069080153,51773.57376874049,50223.051472477426,1190.1855537313643,pvalloc_29nbfs_LRG2_max_sCs6p6
5057,34347.52029043089,3724.9067798908686,34836.5437173552,34304.05085962161,43.46943080927957,pvalloc_29nbfs_LRG2_max_sCs6p6
5058,12130.081999042064,3720.6700199381903,13407.143974571762,12130.081999042064,0.0,pvalloc_29nbfs_LRG2_max_sCs6p6
5059,6179.966055311035,4370.361732882496,8408.317228176707,6179.966055311035,0.0,pvalloc_29nbfs_LRG2_max_sCs6p6
5060,213.02717624713603,7653.32970638112,7655.9198632768475,213.02717624713603,0.0,pvalloc_29nbfs_LRG2_max_sCs6p6
5061,0.0,12442.644294585476,12442.644294585476,0.0,0.0,pvalloc_29nbfs_LRG2_max_sCs6p6
5062,0.0,12652.578225358759,12652.578225358759,0.0,0.0,pvalloc_29nbfs_LRG2_max_sCs6p6
5063,0.0,12878.862779430521,12878.862779430521,0.0,0.0,pvalloc_29nbfs_LRG2_max_sCs6p6
5064,0.0,12350.755659688533,12350.755659688533,0.0,0.0,pvalloc_29nbfs_LRG2_max_sCs6p6
5065,0.0,11097.685205202353,11097.685205202353,0.0,0.0,pvalloc_29nbfs_LRG2_max_sCs6p6
5066,0.0,9294.124150992036,9294.124150992036,0.0,0.0,pvalloc_29nbfs_LRG2_max_sCs6p6
5067,0.0,7868.8472553816255,7868.8472553816255,0.0,0.0,pvalloc_29nbfs_LRG2_max_sCs6p6
5068,0.0,6865.793803809358,6865.793803809358,0.0,0.0,pvalloc_29nbfs_LRG2_max_sCs6p6
5069,0.0,7046.117084101745,7046.117084101745,0.0,0.0,pvalloc_29nbfs_LRG2_max_sCs6p6
5070,117.79503165839078,4242.906793625579,4244.353757796144,117.79503165839078,0.0,pvalloc_29nbfs_LRG2_max_sCs6p6
5071,13182.33530497743,2495.2141371042226,13790.995505020275,13182.33530497743,0.0,pvalloc_29nbfs_LRG2_max_sCs6p6
5072,30184.565767807388,2796.4957435841047,30457.417541659746,30184.565767807388,0.0,pvalloc_29nbfs_LRG2_max_sCs6p6
5073,52411.52035919002,3195.8496119473175,52567.938751016954,51123.341663341955,1288.1786958480773,pvalloc_29nbfs_LRG2_max_sCs6p6
5074,69815.83969591175,3484.118363577304,69948.71742473742,64157.97329071645,5657.866405195264,pvalloc_29nbfs_LRG2_max_sCs6p6
5075,80387.20709505641,3901.809654151396,80531.58914836904,70542.87413036903,9844.33296468741,pvalloc_29nbfs_LRG2_max_sCs6p6
5076,70892.34439602475,4437.940339085057,71117.0836147064,64833.491191849935,6058.853204174716,pvalloc_29nbfs_LRG2_max_sCs6p6
5077,62712.58237701308,4863.786800760867,63062.7200203118,59163.20764092929,3549.3747360837624,pvalloc_29nbfs_LRG2_max_sCs6p6
5078,53279.38923628252,5048.20291937281,53813.31810268259,51720.25475159549,1559.1344846870352,pvalloc_29nbfs_LRG2_max_sCs6p6
5079,33088.52833811447,5064.260138137254,34071.2281443123,33060.42250063107,28.105837483393998,pvalloc_29nbfs_LRG2_max_sCs6p6
5080,36289.07690650498,4694.206789483207,37029.87967634165,36184.72522969738,104.35167680759213,pvalloc_29nbfs_LRG2_max_sCs6p6
5081,28592.67496344961,4457.298997473358,29463.643863482674,28592.67496344961,0.0,pvalloc_29nbfs_LRG2_max_sCs6p6
5082,16326.080209785348,4413.621374877205,17742.35306590155,16326.080209785348,0.0,pvalloc_29nbfs_LRG2_max_sCs6p6
5083,8594.203926214448,4732.901635380575,10818.53778911307,8594.203926214448,0.0,pvalloc_29nbfs_LRG2_max_sCs6p6
5084,45.17662548048523,9038.858332430715,9039.135342461645,45.17662548048523,0.0,pvalloc_29nbfs_LRG2_max_sCs6p6
5085,0.0,14038.884071464148,14038.884071464148,0.0,0.0,pvalloc_29nbfs_LRG2_max_sCs6p6
5086,0.0,16707.678657408916,16707.678657408916,0.0,0.0,pvalloc_29nbfs_LRG2_max_sCs6p6
5087,0.0,14798.423471834054,14798.423471834054,0.0,0.0,pvalloc_29nbfs_LRG2_max_sCs6p6
5088,0.0,12920.99292829493,12920.99292829493,0.0,0.0,pvalloc_29nbfs_LRG2_max_sCs6p6
5089,0.0,9900.944565301277,9900.944565301277,0.0,0.0,pvalloc_29nbfs_LRG2_max_sCs6p6
5090,0.0,9389.785903685059,9389.785903685059,0.0,0.0,pvalloc_29nbfs_LRG2_max_sCs6p6
5091,0.0,7401.546438254426,7401.546438254426,0.0,0.0,pvalloc_29nbfs_LRG2_max_sCs6p6
5092,0.0,6692.067790682453,6692.067790682453,0.0,0.0,pvalloc_29nbfs_LRG2_max_sCs6p6
5093,0.0,6497.448685059626,6497.448685059626,0.0,0.0,pvalloc_29nbfs_LRG2_max_sCs6p6
5094,300.4971615538447,3841.1108827076805,3845.014251295618,300.4971615538447,0.0,pvalloc_29nbfs_LRG2_max_sCs6p6
5095,14806.950699640434,2371.858587230825,15274.73845876057,14806.950699640434,0.0,pvalloc_29nbfs_LRG2_max_sCs6p6
5096,34810.630155822764,2366.652512486716,34947.67769396274,34781.271807725614,29.35834809714993,pvalloc_29nbfs_LRG2_max_sCs6p6
5097,56900.574149174085,2793.7495415756453,56994.96126180351,54846.19384558299,2054.3803035910882,pvalloc_29nbfs_LRG2_max_sCs6p6
5098,73793.54317084813,2917.7874019030673,73869.55741802273,66757.84911913845,7035.694051709685,pvalloc_29nbfs_LRG2_max_sCs6p6
5099,89277.37209635698,3507.6209276939735,89377.9860231616,75292.71248033267,13984.659616024346,pvalloc_29nbfs_LRG2_max_sCs6p6
5100,75380.5384076853,4902.9287462278535,75636.29979833816,67649.80674996573,7730.731657719598,pvalloc_29nbfs_LRG2_max_sCs6p6
5101,66117.0526135076,5574.576965949215,66585.06293970083,61529.35886680286,4587.693746704731,pvalloc_29nbfs_LRG2_max_sCs6p6
5102,71201.86901880753,5661.266296450083,71665.32340016954,64862.10212391152,6339.76689489587,pvalloc_29nbfs_LRG2_max_sCs6p6
5103,64998.87633836316,5144.444677034909,65421.45220070424,60696.647570225075,4302.2287681380885,pvalloc_29nbfs_LRG2_max_sCs6p6
5104,61191.09897656557,4940.659560117894,61621.46878583263,57899.5765065594,3291.522470006169,pvalloc_29nbfs_LRG2_max_sCs6p6
5105,25875.61155937337,4797.165618547066,26942.11299833455,25875.61155937337,0.0,pvalloc_29nbfs_LRG2_max_sCs6p6
5106,6548.475262261731,5127.545788772196,9134.86185361584,6548.475262261731,0.0,pvalloc_29nbfs_LRG2_max_sCs6p6
5107,1418.6312294029399,6931.370625444787,7053.263778612053,1418.6312294029399,0.0,pvalloc_29nbfs_LRG2_max_sCs6p6
5108,0.5284537045503712,11343.652307304063,11343.652307304063,0.5284537045503712,0.0,pvalloc_29nbfs_LRG2_max_sCs6p6
5109,0.0,13173.891725783154,13173.891725783154,0.0,0.0,pvalloc_29nbfs_LRG2_max_sCs6p6
5110,0.0,13106.449704799226,13106.449704799226,0.0,0.0,pvalloc_29nbfs_LRG2_max_sCs6p6
5111,0.0,12603.245316458497,12603.245316458497,0.0,0.0,pvalloc_29nbfs_LRG2_max_sCs6p6
5112,0.0,10413.182078012225,10413.182078012225,0.0,0.0,pvalloc_29nbfs_LRG2_max_sCs6p6
5113,0.0,8993.403916155026,8993.403916155026,0.0,0.0,pvalloc_29nbfs_LRG2_max_sCs6p6
5114,0.0,7817.17261512709,7817.17261512709,0.0,0.0,pvalloc_29nbfs_LRG2_max_sCs6p6
5115,0.0,7187.960258470543,7187.960258470543,0.0,0.0,pvalloc_29nbfs_LRG2_max_sCs6p6
5116,0.0,6597.782238100715,6597.782238100715,0.0,0.0,pvalloc_29nbfs_LRG2_max_sCs6p6
5117,0.0,6653.58216958441,6653.58216958441,0.0,0.0,pvalloc_29nbfs_LRG2_max_sCs6p6
5118,143.72869715071513,4119.154957707306,4120.839760825605,143.72869715071513,0.0,pvalloc_29nbfs_LRG2_max_sCs6p6
5119,10270.552064790243,2358.5672067199716,10951.05685511564,10270.552064790243,0.0,pvalloc_29nbfs_LRG2_max_sCs6p6
5120,31160.073724935537,2382.3067329302644,31329.498022849508,31160.073724935537,0.0,pvalloc_29nbfs_LRG2_max_sCs6p6
5121,54459.76763445176,2713.301979556451,54556.71953390614,52871.667472687994,1588.1001617637567,pvalloc_29nbfs_LRG2_max_sCs6p6
5122,70453.62377224352,3179.3270368796666,70549.98664727475,64646.207078294385,5807.416693949084,pvalloc_29nbfs_LRG2_max_sCs6p6
5123,88946.69886221278,3493.637514495621,89030.77620078498,75205.42350142368,13741.275360789148,pvalloc_29nbfs_LRG2_max_sCs6p6
5124,88537.91221235441,4691.867477310958,88703.3638245022,75038.77870249096,13499.13350986346,pvalloc_29nbfs_LRG2_max_sCs6p6
5125,88459.91908320665,5520.369564697011,88724.81905901033,74922.17976353134,13537.73931967532,pvalloc_29nbfs_LRG2_max_sCs6p6
5126,82188.48831668655,5400.968245179483,82480.03574840103,71508.82726857194,10679.661048114618,pvalloc_29nbfs_LRG2_max_sCs6p6
5127,77626.45380486903,5317.016638458471,77945.44966273317,68894.44783543066,8732.005969438367,pvalloc_29nbfs_LRG2_max_sCs6p6
5128,68753.85934666466,4485.359516453065,69011.91170406094,63354.63817240578,5399.221174258964,pvalloc_29nbfs_LRG2_max_sCs6p6
5129,50420.9458959698,4326.719872495119,50806.058454026424,49391.27306991169,1029.6728260581062,pvalloc_29nbfs_LRG2_max_sCs6p6
5130,30857.80551816497,4874.762681457636,31806.79923858972,30857.80551816497,0.0,pvalloc_29nbfs_LRG2_max_sCs6p6
5131,12204.265632071583,4979.086718657008,14329.905801550796,12204.265632071583,0.0,pvalloc_29nbfs_LRG2_max_sCs6p6
5132,1.3513540990024786,11936.181825522546,11936.181825522546,1.3513540990024786,0.0,pvalloc_29nbfs_LRG2_max_sCs6p6
5133,0.0,18228.216139042957,18228.216139042957,0.0,0.0,pvalloc_29nbfs_LRG2_max_sCs6p6
5134,0.0,18162.49636171034,18162.49636171034,0.0,0.0,pvalloc_29nbfs_LRG2_max_sCs6p6
5135,0.0,15581.301938822113,15581.301938822113,0.0,0.0,pvalloc_29nbfs_LRG2_max_sCs6p6
5136,0.0,13660.518661518498,13660.518661518498,0.0,0.0,pvalloc_29nbfs_LRG2_max_sCs6p6
5137,0.0,10358.480128423342,10358.480128423342,0.0,0.0,pvalloc_29nbfs_LRG2_max_sCs6p6
5138,0.0,8828.471133983228,8828.471133983228,0.0,0.0,pvalloc_29nbfs_LRG2_max_sCs6p6
5139,0.0,7213.798405873983,7213.798405873983,0.0,0.0,pvalloc_29nbfs_LRG2_max_sCs6p6
5140,0.0,6479.031429122138,6479.031429122138,0.0,0.0,pvalloc_29nbfs_LRG2_max_sCs6p6
5141,0.0,6403.162580960438,6403.162580960438,0.0,0.0,pvalloc_29nbfs_LRG2_max_sCs6p6
5142,125.55063023725877,4161.370628466435,4162.750713591774,125.55063023725877,0.0,pvalloc_29nbfs_LRG2_max_sCs6p6
5143,13310.05060306277,2354.8790426860974,13829.954793178567,13310.05060306277,0.0,pvalloc_29nbfs_LRG2_max_sCs6p6
5144,33121.855048280006,2663.0430480674363,33320.98932982289,33121.855048280006,0.0,pvalloc_29nbfs_LRG2_max_sCs6p6
5145,53988.7767984095,3207.5999165323624,54130.53486960614,52482.782367252075,1505.9944311574056,pvalloc_29nbfs_LRG2_max_sCs6p6
5146,74382.7846628275,3327.914012860753,74479.57127535815,67150.06131738359,7232.723345444043,pvalloc_29nbfs_LRG2_max_sCs6p6
5147,87671.06509276554,4249.351243911639,87795.59817747664,74621.68059386678,13049.384498898806,pvalloc_29nbfs_LRG2_max_sCs6p6
5148,83286.60204230087,5794.710779425903,83653.69347921578,72374.07032448106,10912.531717819853,pvalloc_29nbfs_LRG2_max_sCs6p6
5149,88107.7564135955,5321.404284500162,88348.7216584672,74827.55540102169,13280.201012573849,pvalloc_29nbfs_LRG2_max_sCs6p6
5150,87711.91185997789,4495.582249972375,87903.5037565968,74421.03270858705,13290.879151390829,pvalloc_29nbfs_LRG2_max_sCs6p6
5151,75880.82323600602,5024.962520229272,76151.77819415338,67936.91126814568,7943.911967860353,pvalloc_29nbfs_LRG2_max_sCs6p6
5152,63218.03523968687,4265.274478016956,63463.13721625875,59541.16486360655,3676.870376080327,pvalloc_29nbfs_LRG2_max_sCs6p6
5153,45940.18031567694,3930.070880376728,46267.68132810449,45502.770700796216,437.4096148807277,pvalloc_29nbfs_LRG2_max_sCs6p6
5154,30687.291550895417,3930.6989889124457,31275.87063785619,30687.291550895417,0.0,pvalloc_29nbfs_LRG2_max_sCs6p6
5155,10173.268439097275,5607.999059675779,12947.296134705466,10173.268439097275,0.0,pvalloc_29nbfs_LRG2_max_sCs6p6
5156,0.9805541201782932,13203.12064551699,13203.12064551699,0.9805541201782932,0.0,pvalloc_29nbfs_LRG2_max_sCs6p6
5157,0.0,16656.158247084175,16656.158247084175,0.0,0.0,pvalloc_29nbfs_LRG2_max_sCs6p6
5158,0.0,16956.66673318879,16956.66673318879,0.0,0.0,pvalloc_29nbfs_LRG2_max_sCs6p6
5159,0.0,13878.197386105796,13878.197386105796,0.0,0.0,pvalloc_29nbfs_LRG2_max_sCs6p6
5160,0.0,13359.709264488025,13359.709264488025,0.0,0.0,pvalloc_29nbfs_LRG2_max_sCs6p6
5161,0.0,9823.421723926976,9823.421723926976,0.0,0.0,pvalloc_29nbfs_LRG2_max_sCs6p6
5162,0.0,8004.918441437759,8004.918441437759,0.0,0.0,pvalloc_29nbfs_LRG2_max_sCs6p6
5163,0.0,7279.771629046193,7279.771629046193,0.0,0.0,pvalloc_29nbfs_LRG2_max_sCs6p6
5164,0.0,6702.512682378077,6702.512682378077,0.0,0.0,pvalloc_29nbfs_LRG2_max_sCs6p6
5165,0.0,6398.7645866892735,6398.7645866892735,0.0,0.0,pvalloc_29nbfs_LRG2_max_sCs6p6
5166,103.03649110736272,4348.4975406828735,4349.598204755127,103.03649110736272,0.0,pvalloc_29nbfs_LRG2_max_sCs6p6
5167,12664.792666862679,2548.1206948174413,13330.210271051837,12664.792666862679,0.0,pvalloc_29nbfs_LRG2_max_sCs6p6
5168,33069.9463935079,2920.346052378153,33325.426538693406,33069.9463935079,0.0,pvalloc_29nbfs_LRG2_max_sCs6p6
5169,54923.32415622779,3160.4279501435103,55055.535223257364,53247.822665634245,1675.501490593549,pvalloc_29nbfs_LRG2_max_sCs6p6
5170,74952.56568353227,3061.174518062368,75036.63465939366,67470.32602993207,7482.239653600196,pvalloc_29nbfs_LRG2_max_sCs6p6
5171,89763.65782989054,3764.981382726791,89863.28215518093,75623.61928862685,14140.038541263646,pvalloc_29nbfs_LRG2_max_sCs6p6
5172,84046.62497771464,4277.5207283813315,84205.95142905852,72612.19226802533,11434.43270968933,pvalloc_29nbfs_LRG2_max_sCs6p6
5173,78331.36111061322,4585.951895841774,78545.98758956794,69380.1900678007,8951.171042812564,pvalloc_29nbfs_LRG2_max_sCs6p6
5174,88625.85779874338,4540.582135154189,88814.10247887434,74911.87916049952,13713.978638243996,pvalloc_29nbfs_LRG2_max_sCs6p6
5175,76373.70279116306,4721.904897412418,76620.39039765444,68189.1221554336,8184.580635729427,pvalloc_29nbfs_LRG2_max_sCs6p6
5176,61172.92356121567,4536.958581273707,61478.60418985569,57989.137811561835,3183.785749653849,pvalloc_29nbfs_LRG2_max_sCs6p6
5177,41844.73006057398,4211.01147828801,42319.97503824507,41631.911265734016,212.8187948399667,pvalloc_29nbfs_LRG2_max_sCs6p6
5178,22929.228014575427,4132.272016146947,23850.34786706366,22929.228014575427,0.0,pvalloc_29nbfs_LRG2_max_sCs6p6
5179,9386.15182957899,4312.114956748001,11204.213398324719,9386.15182957899,0.0,pvalloc_29nbfs_LRG2_max_sCs6p6
5180,20.127441797439303,9583.513998286731,9583.670959678155,20.127441797439303,0.0,pvalloc_29nbfs_LRG2_max_sCs6p6
5181,0.0,17958.54714461471,17958.54714461471,0.0,0.0,pvalloc_29nbfs_LRG2_max_sCs6p6
5182,0.0,15508.105894089556,15508.105894089556,0.0,0.0,pvalloc_29nbfs_LRG2_max_sCs6p6
5183,0.0,14273.897403473246,14273.897403473246,0.0,0.0,pvalloc_29nbfs_LRG2_max_sCs6p6
5184,0.0,13200.33224655577,13200.33224655577,0.0,0.0,pvalloc_29nbfs_LRG2_max_sCs6p6
5185,0.0,9638.325646422076,9638.325646422076,0.0,0.0,pvalloc_29nbfs_LRG2_max_sCs6p6
5186,0.0,8321.584507793394,8321.584507793394,0.0,0.0,pvalloc_29nbfs_LRG2_max_sCs6p6
5187,0.0,7169.817360127393,7169.817360127393,0.0,0.0,pvalloc_29nbfs_LRG2_max_sCs6p6
5188,0.0,7079.928698781938,7079.928698781938,0.0,0.0,pvalloc_29nbfs_LRG2_max_sCs6p6
5189,0.0,6529.334832922409,6529.334832922409,0.0,0.0,pvalloc_29nbfs_LRG2_max_sCs6p6
5190,43.76726266879488,4767.9002529434265,4768.396635139191,43.76726266879488,0.0,pvalloc_29nbfs_LRG2_max_sCs6p6
5191,10379.451483761128,2502.2084210950743,11129.921842078063,10379.451483761128,0.0,pvalloc_29nbfs_LRG2_max_sCs6p6
5192,27615.17818312445,2856.9898242442473,27937.342893915942,27615.17818312445,0.0,pvalloc_29nbfs_LRG2_max_sCs6p6
5193,49199.54122852201,3114.7818469413983,49354.36791985826,48461.51156383935,738.029664682656,pvalloc_29nbfs_LRG2_max_sCs6p6
5194,62326.82150010246,3395.6302026015796,62460.91279061719,58968.96903464945,3357.8524654529983,pvalloc_29nbfs_LRG2_max_sCs6p6
5195,70884.69317908397,4074.316383747143,71053.50588195598,64939.04179485589,5945.651384228089,pvalloc_29nbfs_LRG2_max_sCs6p6
5196,68357.87112337539,5045.480137379673,68694.94623817853,63287.20112666066,5070.669996714697,pvalloc_29nbfs_LRG2_max_sCs6p6
5197,72589.28475967683,4919.249376650327,72864.49348006556,65921.050035921,6668.234723755788,pvalloc_29nbfs_LRG2_max_sCs6p6
5198,71339.31738799268,5430.985756601232,71710.33325410116,65108.46729039121,6230.850097601494,pvalloc_29nbfs_LRG2_max_sCs6p6
5199,70448.21555110831,4903.297134169033,70747.15700193698,64496.5124403472,5951.703110760974,pvalloc_29nbfs_LRG2_max_sCs6p6
5200,42359.21167507208,3815.0460923322316,42730.29068382364,42125.6022850993,233.60938997277412,pvalloc_29nbfs_LRG2_max_sCs6p6
5201,27218.888414174027,3804.9670194315117,27866.26261135959,27218.888414174027,0.0,pvalloc_29nbfs_LRG2_max_sCs6p6
5202,13101.485154209808,4327.605634479952,14763.17859873159,13101.485154209808,0.0,pvalloc_29nbfs_LRG2_max_sCs6p6
5203,8222.581976479998,4806.256349043382,10541.907787829929,8222.581976479998,0.0,pvalloc_29nbfs_LRG2_max_sCs6p6
5204,0.0,15090.46395554543,15090.46395554543,0.0,0.0,pvalloc_29nbfs_LRG2_max_sCs6p6
5205,0.0,15791.348827533153,15791.348827533153,0.0,0.0,pvalloc_29nbfs_LRG2_max_sCs6p6
5206,0.0,15247.755727980579,15247.755727980579,0.0,0.0,pvalloc_29nbfs_LRG2_max_sCs6p6
5207,0.0,15008.22525066832,15008.22525066832,0.0,0.0,pvalloc_29nbfs_LRG2_max_sCs6p6
5208,0.0,12069.433844123947,12069.433844123947,0.0,0.0,pvalloc_29nbfs_LRG2_max_sCs6p6
5209,0.0,11145.876780548275,11145.876780548275,0.0,0.0,pvalloc_29nbfs_LRG2_max_sCs6p6
5210,0.0,8940.899584908117,8940.899584908117,0.0,0.0,pvalloc_29nbfs_LRG2_max_sCs6p6
5211,0.0,7874.895807358424,7874.895807358424,0.0,0.0,pvalloc_29nbfs_LRG2_max_sCs6p6
5212,0.0,7043.644556647981,7043.644556647981,0.0,0.0,pvalloc_29nbfs_LRG2_max_sCs6p6
5213,0.0,7125.558647681809,7125.558647681809,0.0,0.0,pvalloc_29nbfs_LRG2_max_sCs6p6
5214,3.612816273414227,5733.904220093516,5733.9759033893315,3.612816273414227,0.0,pvalloc_29nbfs_LRG2_max_sCs6p6
5215,1654.5119779593558,3023.3544764068256,3676.3913827855563,1654.5119779593558,0.0,pvalloc_29nbfs_LRG2_max_sCs6p6
5216,6113.0104320703895,2945.280225819637,7460.311521100501,6113.0104320703895,0.0,pvalloc_29nbfs_LRG2_max_sCs6p6
5217,12206.94650718009,3187.7271693139096,13276.847372393253,12206.94650718009,0.0,pvalloc_29nbfs_LRG2_max_sCs6p6
5218,23896.587026570847,3307.408919045255,24457.243934062717,23896.587026570847,0.0,pvalloc_29nbfs_LRG2_max_sCs6p6
5219,28435.465215906203,3945.9779740567315,29104.49644270803,28435.465215906203,0.0,pvalloc_29nbfs_LRG2_max_sCs6p6
5220,21057.318642399452,5082.659980011123,22722.037097330445,21057.318642399452,0.0,pvalloc_29nbfs_LRG2_max_sCs6p6
5221,45703.242509428244,4532.316330220249,46210.173738493664,45248.873259107204,454.3692503210458,pvalloc_29nbfs_LRG2_max_sCs6p6
5222,60423.556683483126,4698.695375006716,60778.6220606813,57384.434889207405,3039.1217942757194,pvalloc_29nbfs_LRG2_max_sCs6p6
5223,47450.288532559505,4724.601124375608,47969.28584941108,46834.031981411594,616.2565511479268,pvalloc_29nbfs_LRG2_max_sCs6p6
5224,47807.59072631568,4121.248395254566,48174.52061476382,47167.52283930212,640.0678870135578,pvalloc_29nbfs_LRG2_max_sCs6p6
5225,35805.28211783637,4199.549970806263,36380.962512082726,35736.971239120365,68.31087871599982,pvalloc_29nbfs_LRG2_max_sCs6p6
5226,24960.29758068878,4094.347750604214,25780.972709129077,24960.29758068878,0.0,pvalloc_29nbfs_LRG2_max_sCs6p6
5227,10272.898138687977,4773.81844009944,12375.70871938425,10272.898138687977,0.0,pvalloc_29nbfs_LRG2_max_sCs6p6
5228,0.23879845763027266,12343.144747900924,12343.144747900924,0.23879845763027266,0.0,pvalloc_29nbfs_LRG2_max_sCs6p6
5229,0.0,17463.787611216965,17463.787611216965,0.0,0.0,pvalloc_29nbfs_LRG2_max_sCs6p6
5230,0.0,16776.24576513662,16776.24576513662,0.0,0.0,pvalloc_29nbfs_LRG2_max_sCs6p6
5231,0.0,13863.094861205218,13863.094861205218,0.0,0.0,pvalloc_29nbfs_LRG2_max_sCs6p6
5232,0.0,12379.083196074876,12379.083196074876,0.0,0.0,pvalloc_29nbfs_LRG2_max_sCs6p6
5233,0.0,10840.79645112631,10840.79645112631,0.0,0.0,pvalloc_29nbfs_LRG2_max_sCs6p6
5234,0.0,8839.193140860432,8839.193140860432,0.0,0.0,pvalloc_29nbfs_LRG2_max_sCs6p6
5235,0.0,7691.549078353807,7691.549078353807,0.0,0.0,pvalloc_29nbfs_LRG2_max_sCs6p6
5236,0.0,6881.188714069511,6881.188714069511,0.0,0.0,pvalloc_29nbfs_LRG2_max_sCs6p6
5237,0.0,7020.828203404438,7020.828203404438,0.0,0.0,pvalloc_29nbfs_LRG2_max_sCs6p6
5238,66.52196287545526,4740.6068999874415,4741.291262804642,66.52196287545526,0.0,pvalloc_29nbfs_LRG2_max_sCs6p6
5239,11463.851899147172,2608.519455282282,12195.257907045276,11463.851899147172,0.0,pvalloc_29nbfs_LRG2_max_sCs6p6
5240,24410.078124711363,2926.800349500391,24815.023282015398,24410.078124711363,0.0,pvalloc_29nbfs_LRG2_max_sCs6p6
5241,48309.82323786157,3153.0013742233314,48475.16238852504,47676.613495121586,633.2097427399862,pvalloc_29nbfs_LRG2_max_sCs6p6
5242,62268.52494171783,3597.429384920324,62421.673725675784,58923.96033029482,3344.564611422991,pvalloc_29nbfs_LRG2_max_sCs6p6
5243,68824.54529965532,3909.52644284838,68990.84510948634,63528.121491727085,5296.423807928274,pvalloc_29nbfs_LRG2_max_sCs6p6
5244,56486.708687824175,4417.742615013537,56803.24150733609,54429.11496484408,2057.593722980105,pvalloc_29nbfs_LRG2_max_sCs6p6
5245,54917.69412165601,4932.270239343676,55367.51015491387,53139.95407136596,1777.74005029005,pvalloc_29nbfs_LRG2_max_sCs6p6
5246,51256.8078802584,4986.505918754786,51805.14978007461,50050.12853721005,1206.6793430483485,pvalloc_29nbfs_LRG2_max_sCs6p6
5247,51000.757746205585,4681.045520196617,51476.43531797974,49849.012041521266,1151.7457046843151,pvalloc_29nbfs_LRG2_max_sCs6p6
5248,43375.935481666704,4129.340833486844,43833.04218988263,43078.89626004766,297.03922161904757,pvalloc_29nbfs_LRG2_max_sCs6p6
5249,35407.52008817683,4003.7049407751065,35942.73035222493,35345.98938548621,61.53070269062874,pvalloc_29nbfs_LRG2_max_sCs6p6
5250,18128.33324324525,4538.680186510703,19495.317937367858,18128.33324324525,0.0,pvalloc_29nbfs_LRG2_max_sCs6p6
5251,8336.142968817809,5133.419034007474,10856.643058118225,8336.142968817809,0.0,pvalloc_29nbfs_LRG2_max_sCs6p6
5252,0.0,18999.798243151403,18999.798243151403,0.0,0.0,pvalloc_29nbfs_LRG2_max_sCs6p6
5253,0.0,19290.58011697165,19290.58011697165,0.0,0.0,pvalloc_29nbfs_LRG2_max_sCs6p6
5254,0.0,16835.26838147422,16835.26838147422,0.0,0.0,pvalloc_29nbfs_LRG2_max_sCs6p6
5255,0.0,14924.78827852718,14924.78827852718,0.0,0.0,pvalloc_29nbfs_LRG2_max_sCs6p6
5256,0.0,13381.168060104113,13381.168060104113,0.0,0.0,pvalloc_29nbfs_LRG2_max_sCs6p6
5257,0.0,10539.960012448035,10539.960012448035,0.0,0.0,pvalloc_29nbfs_LRG2_max_sCs6p6
5258,0.0,8429.066249258418,8429.066249258418,0.0,0.0,pvalloc_29nbfs_LRG2_max_sCs6p6
5259,0.0,7662.686930720702,7662.686930720702,0.0,0.0,pvalloc_29nbfs_LRG2_max_sCs6p6
5260,0.0,6987.56971605249,6987.56971605249,0.0,0.0,pvalloc_29nbfs_LRG2_max_sCs6p6
5261,0.0,6946.060646242223,6946.060646242223,0.0,0.0,pvalloc_29nbfs_LRG2_max_sCs6p6
5262,58.769712462098866,4987.182223963219,4987.805292890364,58.769712462098866,0.0,pvalloc_29nbfs_LRG2_max_sCs6p6
5263,12692.621451965415,2562.902992769575,13331.692084308776,12692.621451965415,0.0,pvalloc_29nbfs_LRG2_max_sCs6p6
5264,33512.05559799917,2855.923357984155,33748.06251804708,33508.046299441805,4.009298557368481,pvalloc_29nbfs_LRG2_max_sCs6p6
5265,56209.01022832274,2947.0176030192715,56321.50293422167,54285.697479462186,1923.3127488605585,pvalloc_29nbfs_LRG2_max_sCs6p6
5266,75239.1947270687,3724.180725600381,75355.8466501799,67686.12803311228,7553.066693956418,pvalloc_29nbfs_LRG2_max_sCs6p6
5267,88843.83525657213,4799.89119405418,89014.18522461416,75242.977024156,13600.858232416142,pvalloc_29nbfs_LRG2_max_sCs6p6
5268,86137.17617778138,5847.823697744466,86471.48513244871,73823.8993666643,12313.276811117035,pvalloc_29nbfs_LRG2_max_sCs6p6
5269,91034.78071179148,5814.373056847965,91324.40426860398,76244.31975125802,14790.460960533497,pvalloc_29nbfs_LRG2_max_sCs6p6
5270,91519.86438925608,5228.389878327345,91788.83142506772,76221.56020524398,15298.304184012131,pvalloc_29nbfs_LRG2_max_sCs6p6
5271,83061.87391366654,5019.988409802839,83323.3500537973,71933.57268866668,11128.301224999841,pvalloc_29nbfs_LRG2_max_sCs6p6
5272,69203.36058978192,4778.319442898873,69491.04722861416,63670.261514509526,5533.099075272269,pvalloc_29nbfs_LRG2_max_sCs6p6
5273,52133.929065324155,4342.688132370841,52509.53676003211,50817.7020919636,1316.2269733605597,pvalloc_29nbfs_LRG2_max_sCs6p6
5274,31268.701610382544,4443.012834285643,32033.277072092947,31268.701610382544,0.0,pvalloc_29nbfs_LRG2_max_sCs6p6
5275,12677.654855688153,4709.020625589924,14451.180074486061,12677.654855688153,0.0,pvalloc_29nbfs_LRG2_max_sCs6p6
5276,0.001144878417680309,16107.631405429001,16107.631405429001,0.001144878417680309,0.0,pvalloc_29nbfs_LRG2_max_sCs6p6
5277,0.0,16661.54003587522,16661.54003587522,0.0,0.0,pvalloc_29nbfs_LRG2_max_sCs6p6
5278,0.0,16071.879638820656,16071.879638820656,0.0,0.0,pvalloc_29nbfs_LRG2_max_sCs6p6
5279,0.0,16513.61501158644,16513.61501158644,0.0,0.0,pvalloc_29nbfs_LRG2_max_sCs6p6
5280,0.0,14223.402737580196,14223.402737580196,0.0,0.0,pvalloc_29nbfs_LRG2_max_sCs6p6
5281,0.0,10189.901163932846,10189.901163932846,0.0,0.0,pvalloc_29nbfs_LRG2_max_sCs6p6
5282,0.0,9219.908618123189,9219.908618123189,0.0,0.0,pvalloc_29nbfs_LRG2_max_sCs6p6
5283,0.0,8077.212368111325,8077.212368111325,0.0,0.0,pvalloc_29nbfs_LRG2_max_sCs6p6
5284,0.0,7416.388772703772,7416.388772703772,0.0,0.0,pvalloc_29nbfs_LRG2_max_sCs6p6
5285,0.0,7104.393955178768,7104.393955178768,0.0,0.0,pvalloc_29nbfs_LRG2_max_sCs6p6
5286,19.58972207109322,5505.13017660139,5505.392705336027,19.58972207109322,0.0,pvalloc_29nbfs_LRG2_max_sCs6p6
5287,11801.901054954156,2604.3672818320947,12508.879039683425,11801.901054954156,0.0,pvalloc_29nbfs_LRG2_max_sCs6p6
5288,33678.524241569205,2762.636376846415,33894.37530998111,33672.18280168238,6.3414398868290505,pvalloc_29nbfs_LRG2_max_sCs6p6
5289,55896.065881681185,2764.818686950143,55996.99774679521,54032.320493325686,1863.7453883555302,pvalloc_29nbfs_LRG2_max_sCs6p6
5290,74196.58214327178,3621.193403545107,74306.4419798064,67059.2280436929,7137.354099578896,pvalloc_29nbfs_LRG2_max_sCs6p6
5291,90232.15420492357,4049.624798751082,90354.29906422856,75845.20985526027,14386.94434966335,pvalloc_29nbfs_LRG2_max_sCs6p6
5292,85630.11157037117,5618.687961447721,85931.9212767447,73560.11056986844,12070.0010005027,pvalloc_29nbfs_LRG2_max_sCs6p6
5293,91383.85711262669,5532.553255791077,91643.50140181705,76308.3766217728,15075.480490853884,pvalloc_29nbfs_LRG2_max_sCs6p6
5294,86762.43452613015,6652.282723875881,87218.5857562739,73913.1873207196,12849.24720541055,pvalloc_29nbfs_LRG2_max_sCs6p6
5295,80021.62246432182,6058.202216228881,80444.12577793261,70232.34506086362,9789.2774034582,pvalloc_29nbfs_LRG2_max_sCs6p6
5296,65456.02137510503,6116.163574127216,66044.22618480453,61113.05278128542,4342.968593819614,pvalloc_29nbfs_LRG2_max_sCs6p6
5297,49705.106861636064,5439.057345415636,50396.90276911491,48732.46236293502,972.6444987010404,pvalloc_29nbfs_LRG2_max_sCs6p6
5298,29314.657646328873,5432.906011187259,30519.690206149022,29314.657646328873,0.0,pvalloc_29nbfs_LRG2_max_sCs6p6
5299,8810.82871502041,6467.699327754409,12182.488402732317,8810.82871502041,0.0,pvalloc_29nbfs_LRG2_max_sCs6p6
5300,0.002782290935076717,16914.624044306933,16914.624044306933,0.002782290935076717,0.0,pvalloc_29nbfs_LRG2_max_sCs6p6
5301,0.0,19664.8737674663,19664.8737674663,0.0,0.0,pvalloc_29nbfs_LRG2_max_sCs6p6
5302,0.0,21717.297616531436,21717.297616531436,0.0,0.0,pvalloc_29nbfs_LRG2_max_sCs6p6
5303,0.0,17214.82547405001,17214.82547405001,0.0,0.0,pvalloc_29nbfs_LRG2_max_sCs6p6
5304,0.0,12578.20754912869,12578.20754912869,0.0,0.0,pvalloc_29nbfs_LRG2_max_sCs6p6
5305,0.0,10294.109997870488,10294.109997870488,0.0,0.0,pvalloc_29nbfs_LRG2_max_sCs6p6
5306,0.0,8325.709247505114,8325.709247505114,0.0,0.0,pvalloc_29nbfs_LRG2_max_sCs6p6
5307,0.0,7293.515981600716,7293.515981600716,0.0,0.0,pvalloc_29nbfs_LRG2_max_sCs6p6
5308,0.0,6735.77447883469,6735.77447883469,0.0,0.0,pvalloc_29nbfs_LRG2_max_sCs6p6
5309,0.0,6710.483943585053,6710.483943585053,0.0,0.0,pvalloc_29nbfs_LRG2_max_sCs6p6
5310,30.285745682828093,4984.626607011143,4985.011732451816,30.285745682828093,0.0,pvalloc_29nbfs_LRG2_max_sCs6p6
5311,11754.04483326466,2510.4695249526817,12421.771298300793,11754.04483326466,0.0,pvalloc_29nbfs_LRG2_max_sCs6p6
5312,32875.67222005324,2874.191419190469,33124.35678959828,32875.67222005324,0.0,pvalloc_29nbfs_LRG2_max_sCs6p6
5313,54825.47432625229,3219.60839088832,54966.08334787107,53158.88496362582,1666.5893626264722,pvalloc_29nbfs_LRG2_max_sCs6p6
5314,74971.39890103662,3688.513427694864,75097.24057950376,67489.09295452182,7482.305946514756,pvalloc_29nbfs_LRG2_max_sCs6p6
5315,91207.51227695167,3849.5490257300494,91319.79162757825,76300.8286993821,14906.683577569567,pvalloc_29nbfs_LRG2_max_sCs6p6
5316,85251.31968868029,5912.74140435089,85601.2380836877,73342.69887025475,11908.620818425568,pvalloc_29nbfs_LRG2_max_sCs6p6
5317,90976.41288043054,5414.898399191298,91216.35037076598,76185.87248778951,14790.540392641002,pvalloc_29nbfs_LRG2_max_sCs6p6
5318,88580.20666929583,5552.751468911757,88851.83837715133,74910.35020126139,13669.856468034439,pvalloc_29nbfs_LRG2_max_sCs6p6
5319,82034.20446660479,4916.794441733442,82267.35561039962,71435.27003325861,10598.934433346129,pvalloc_29nbfs_LRG2_max_sCs6p6
5320,67951.21672529362,4825.435749296605,68249.1646013545,62839.88225822541,5111.3344670683655,pvalloc_29nbfs_LRG2_max_sCs6p6
5321,50066.89300429455,4697.238876115858,50524.13315882341,49104.80936200222,962.0836422923398,pvalloc_29nbfs_LRG2_max_sCs6p6
5322,31974.558558103814,3954.722502283086,32569.01298591395,31974.558558103814,0.0,pvalloc_29nbfs_LRG2_max_sCs6p6
5323,10839.60168514665,4742.09070410583,12906.646299801921,10839.60168514665,0.0,pvalloc_29nbfs_LRG2_max_sCs6p6
5324,0.6091798704523617,11780.010100076848,11780.010100076848,0.6091798704523617,0.0,pvalloc_29nbfs_LRG2_max_sCs6p6
5325,0.0,17798.4514230697,17798.4514230697,0.0,0.0,pvalloc_29nbfs_LRG2_max_sCs6p6
5326,0.0,19605.334016129702,19605.334016129702,0.0,0.0,pvalloc_29nbfs_LRG2_max_sCs6p6
5327,0.0,17993.3392447101,17993.3392447101,0.0,0.0,pvalloc_29nbfs_LRG2_max_sCs6p6
5328,0.0,14499.905393880888,14499.905393880888,0.0,0.0,pvalloc_29nbfs_LRG2_max_sCs6p6
5329,0.0,10706.798579119699,10706.798579119699,0.0,0.0,pvalloc_29nbfs_LRG2_max_sCs6p6
5330,0.0,8691.305275136961,8691.305275136961,0.0,0.0,pvalloc_29nbfs_LRG2_max_sCs6p6
5331,0.0,7299.838339654398,7299.838339654398,0.0,0.0,pvalloc_29nbfs_LRG2_max_sCs6p6
5332,0.0,6942.4868277889755,6942.4868277889755,0.0,0.0,pvalloc_29nbfs_LRG2_max_sCs6p6
5333,0.0,6828.1340130815815,6828.1340130815815,0.0,0.0,pvalloc_29nbfs_LRG2_max_sCs6p6
5334,10.229249476161055,5417.579924226912,5417.715514807313,10.229249476161055,0.0,pvalloc_29nbfs_LRG2_max_sCs6p6
5335,10507.708324949743,2805.694244564848,11441.056969013254,10507.708324949743,0.0,pvalloc_29nbfs_LRG2_max_sCs6p6
5336,31594.358611187898,3234.2584163753477,31949.44381339462,31594.358611187898,0.0,pvalloc_29nbfs_LRG2_max_sCs6p6
5337,53936.45543372998,3412.452966649247,54104.844355829744,52420.639613020365,1515.815820709603,pvalloc_29nbfs_LRG2_max_sCs6p6
5338,73887.40080860558,3725.339794980541,74014.65320277371,66838.39436085227,7049.006447753331,pvalloc_29nbfs_LRG2_max_sCs6p6
5339,89063.51109342168,4022.8559490258535,89180.57240882292,75281.28794628661,13782.223147134999,pvalloc_29nbfs_LRG2_max_sCs6p6
5340,84377.6644248975,5739.866137209853,84726.59925122827,72968.31670807366,11409.34771682387,pvalloc_29nbfs_LRG2_max_sCs6p6
5341,88676.38389342205,5708.3125984479,88967.19907032744,75102.1795185064,13574.204374915715,pvalloc_29nbfs_LRG2_max_sCs6p6
5342,85488.34275572478,6552.191424627519,85946.10164162453,73436.80499889645,12051.537756828373,pvalloc_29nbfs_LRG2_max_sCs6p6
5343,80366.74444436544,5458.920982125165,80676.59132230833,70491.19489260683,9875.549551758728,pvalloc_29nbfs_LRG2_max_sCs6p6
5344,68397.37845623445,4524.157448710913,68655.08909564641,63131.778101361175,5265.60035487331,pvalloc_29nbfs_LRG2_max_sCs6p6
5345,48974.76452829249,4481.2540258153595,49397.22643632663,48184.00992977833,790.7545985141533,pvalloc_29nbfs_LRG2_max_sCs6p6
5346,29296.8020580521,4463.9137644039365,30124.696687757747,29296.8020580521,0.0,pvalloc_29nbfs_LRG2_max_sCs6p6
5347,7445.754603887881,6365.238083021969,10949.466890528585,7445.754603887881,0.0,pvalloc_29nbfs_LRG2_max_sCs6p6
5348,0.0,15989.31584301352,15989.31584301352,0.0,0.0,pvalloc_29nbfs_LRG2_max_sCs6p6
5349,0.0,16826.71504393423,16826.71504393423,0.0,0.0,pvalloc_29nbfs_LRG2_max_sCs6p6
5350,0.0,17455.218388780384,17455.218388780384,0.0,0.0,pvalloc_29nbfs_LRG2_max_sCs6p6
5351,0.0,17312.601875985754,17312.601875985754,0.0,0.0,pvalloc_29nbfs_LRG2_max_sCs6p6
5352,0.0,14414.143741518079,14414.143741518079,0.0,0.0,pvalloc_29nbfs_LRG2_max_sCs6p6
5353,0.0,9954.17201230051,9954.17201230051,0.0,0.0,pvalloc_29nbfs_LRG2_max_sCs6p6
5354,0.0,8448.308232531268,8448.308232531268,0.0,0.0,pvalloc_29nbfs_LRG2_max_sCs6p6
5355,0.0,7461.470557932398,7461.470557932398,0.0,0.0,pvalloc_29nbfs_LRG2_max_sCs6p6
5356,0.0,6904.553782501744,6904.553782501744,0.0,0.0,pvalloc_29nbfs_LRG2_max_sCs6p6
5357,0.0,6785.528064411385,6785.528064411385,0.0,0.0,pvalloc_29nbfs_LRG2_max_sCs6p6
5358,16.17420976271898,5397.841788277242,5398.0717521534,16.17420976271898,0.0,pvalloc_29nbfs_LRG2_max_sCs6p6
5359,10624.603001831778,2700.2153535489624,11467.182698394425,10624.603001831778,0.0,pvalloc_29nbfs_LRG2_max_sCs6p6
5360,31821.449047754344,3036.408960481419,32122.106703895788,31821.449047754344,0.0,pvalloc_29nbfs_LRG2_max_sCs6p6
5361,51637.87737973473,4021.355996766954,51941.755786707974,50513.43396375075,1124.4434159839857,pvalloc_29nbfs_LRG2_max_sCs6p6
5362,72725.34384694428,4119.283662091849,72889.47906820728,66138.1943968437,6587.149450100614,pvalloc_29nbfs_LRG2_max_sCs6p6
5363,86950.76845082466,4994.413148930265,87159.41676019545,74317.06228123882,12633.706169585777,pvalloc_29nbfs_LRG2_max_sCs6p6
5364,84905.78877441252,5829.299955704658,85267.26149341384,73252.47814067222,11653.310633740257,pvalloc_29nbfs_LRG2_max_sCs6p6
5365,87859.80123031893,6393.657561636472,88293.57111501953,74771.59399323483,13088.20723708414,pvalloc_29nbfs_LRG2_max_sCs6p6
5366,90091.7732230752,5273.29986230678,90329.7226483377,75676.56511378601,14415.20810928917,pvalloc_29nbfs_LRG2_max_sCs6p6
5367,81548.37316546643,4898.266244594955,81775.01357000197,71195.07822617264,10353.294939293773,pvalloc_29nbfs_LRG2_max_sCs6p6
5368,67798.31913901564,4601.101082774658,68054.8191570058,62802.4858721433,4995.833266872296,pvalloc_29nbfs_LRG2_max_sCs6p6
5369,48938.07388084487,4696.523096419281,49401.39077795755,48176.53263336236,761.541247482504,pvalloc_29nbfs_LRG2_max_sCs6p6
5370,28014.87543010433,4838.620678600683,29082.483472536576,28014.87543010433,0.0,pvalloc_29nbfs_LRG2_max_sCs6p6
5371,9369.495666726963,5175.7177473776355,11830.362623953655,9369.495666726963,0.0,pvalloc_29nbfs_LRG2_max_sCs6p6
5372,0.0,16855.439523731504,16855.439523731504,0.0,0.0,pvalloc_29nbfs_LRG2_max_sCs6p6
5373,0.0,17345.89249504484,17345.89249504484,0.0,0.0,pvalloc_29nbfs_LRG2_max_sCs6p6
5374,0.0,16579.52219038973,16579.52219038973,0.0,0.0,pvalloc_29nbfs_LRG2_max_sCs6p6
5375,0.0,15251.446364993699,15251.446364993699,0.0,0.0,pvalloc_29nbfs_LRG2_max_sCs6p6
5376,0.0,13188.262672566276,13188.262672566276,0.0,0.0,pvalloc_29nbfs_LRG2_max_sCs6p6
5377,0.0,11323.92566649367,11323.92566649367,0.0,0.0,pvalloc_29nbfs_LRG2_max_sCs6p6
5378,0.0,9734.491596408214,9734.491596408214,0.0,0.0,pvalloc_29nbfs_LRG2_max_sCs6p6
5379,0.0,8493.11069650855,8493.11069650855,0.0,0.0,pvalloc_29nbfs_LRG2_max_sCs6p6
5380,0.0,7434.255107382791,7434.255107382791,0.0,0.0,pvalloc_29nbfs_LRG2_max_sCs6p6
5381,0.0,7087.350693282779,7087.350693282779,0.0,0.0,pvalloc_29nbfs_LRG2_max_sCs6p6
5382,6.514625411678365,5749.219442421426,5749.318833231267,6.514625411678365,0.0,pvalloc_29nbfs_LRG2_max_sCs6p6
5383,10255.566052541688,2774.3865174294833,11160.03650157565,10255.566052541688,0.0,pvalloc_29nbfs_LRG2_max_sCs6p6
5384,32075.866287791396,2885.4651868706756,32343.7095462464,32075.866287791396,0.0,pvalloc_29nbfs_LRG2_max_sCs6p6
5385,54210.086327246456,3220.826901153687,54355.619806458075,52641.38736963618,1568.6989576102676,pvalloc_29nbfs_LRG2_max_sCs6p6
5386,72817.03652973333,3904.9672035988597,72956.72996085808,66187.55695837835,6629.479571354986,pvalloc_29nbfs_LRG2_max_sCs6p6
5387,88434.64232704196,4434.517889888836,88582.22947968752,74966.18677825211,13468.455548789845,pvalloc_29nbfs_LRG2_max_sCs6p6
5388,85526.62642397017,5516.58276710818,85811.5045540246,73490.77294789671,12035.853476073422,pvalloc_29nbfs_LRG2_max_sCs6p6
5389,89261.08334624556,5835.246990850177,89563.39262043659,75343.43437752369,13917.648968721935,pvalloc_29nbfs_LRG2_max_sCs6p6
5390,85627.59724891704,6239.483084536436,86016.87605429505,73453.83406801877,12173.763180898277,pvalloc_29nbfs_LRG2_max_sCs6p6
5391,78830.31864518802,5603.673912509947,79166.7188419236,69676.86896777549,9153.449677412547,pvalloc_29nbfs_LRG2_max_sCs6p6
5392,64788.22675415459,5314.25900787346,65196.909485671975,60743.48251749471,4044.7442366598552,pvalloc_29nbfs_LRG2_max_sCs6p6
5393,46005.844764436,5337.974889221269,46717.88893722113,45561.64517560738,444.19958882861584,pvalloc_29nbfs_LRG2_max_sCs6p6
5394,27036.995625177202,4953.9182489153945,28203.62130332331,27036.995625177202,0.0,pvalloc_29nbfs_LRG2_max_sCs6p6
5395,6322.819242877081,7004.69633039434,10432.21496225197,6322.819242877081,0.0,pvalloc_29nbfs_LRG2_max_sCs6p6
5396,0.0,17145.540765022073,17145.540765022073,0.0,0.0,pvalloc_29nbfs_LRG2_max_sCs6p6
5397,0.0,18592.212130355496,18592.212130355496,0.0,0.0,pvalloc_29nbfs_LRG2_max_sCs6p6
5398,0.0,17959.2808656008,17959.2808656008,0.0,0.0,pvalloc_29nbfs_LRG2_max_sCs6p6
5399,0.0,15321.147510146635,15321.147510146635,0.0,0.0,pvalloc_29nbfs_LRG2_max_sCs6p6
5400,0.0,13722.161589340782,13722.161589340782,0.0,0.0,pvalloc_29nbfs_LRG2_max_sCs6p6
5401,0.0,10430.229263731497,10430.229263731497,0.0,0.0,pvalloc_29nbfs_LRG2_max_sCs6p6
5402,0.0,8829.571873465271,8829.571873465271,0.0,0.0,pvalloc_29nbfs_LRG2_max_sCs6p6
5403,0.0,7657.188196967488,7657.188196967488,0.0,0.0,pvalloc_29nbfs_LRG2_max_sCs6p6
5404,0.0,7455.696363549953,7455.696363549953,0.0,0.0,pvalloc_29nbfs_LRG2_max_sCs6p6
5405,0.0,7031.549107246737,7031.549107246737,0.0,0.0,pvalloc_29nbfs_LRG2_max_sCs6p6
5406,1.9968135970238279,6089.506415100248,6089.5537660927785,1.9968135970238279,0.0,pvalloc_29nbfs_LRG2_max_sCs6p6
5407,10248.374771958062,2615.7816285765007,11052.264863903398,10248.374771958062,0.0,pvalloc_29nbfs_LRG2_max_sCs6p6
5408,29310.627762461012,3028.8959822864135,29649.730234065588,29310.627762461012,0.0,pvalloc_29nbfs_LRG2_max_sCs6p6
5409,48772.88749478052,3991.1556136092668,49089.91837927969,48079.21244357066,693.675051209873,pvalloc_29nbfs_LRG2_max_sCs6p6
5410,67058.40685738681,3842.590798866838,67220.21048674698,62354.49846636507,4703.908391021769,pvalloc_29nbfs_LRG2_max_sCs6p6
5411,74859.99359040664,4142.077901452241,75031.85052282356,67362.17057322197,7497.823017184655,pvalloc_29nbfs_LRG2_max_sCs6p6
5412,63316.99301271488,5462.248967367671,63797.24371907552,59689.36058053973,3627.632432175132,pvalloc_29nbfs_LRG2_max_sCs6p6
5413,62783.634043715,6093.536497442051,63414.329951016254,59241.87813081807,3541.7559128969606,pvalloc_29nbfs_LRG2_max_sCs6p6
5414,57285.90287982365,6035.222471724784,58010.117707450016,54913.329568755646,2372.573311067999,pvalloc_29nbfs_LRG2_max_sCs6p6
5415,46214.409703713456,5488.195110813743,46974.09609310217,45702.56755135022,511.84215236323246,pvalloc_29nbfs_LRG2_max_sCs6p6
5416,34375.848329752684,5014.3863413367235,35266.7910754314,34326.192000301584,49.65632945109735,pvalloc_29nbfs_LRG2_max_sCs6p6
5417,27444.78691318011,4820.376655543133,28498.50924755926,27444.78691318011,0.0,pvalloc_29nbfs_LRG2_max_sCs6p6
5418,11361.711032290856,5234.064626156599,13695.43507659026,11361.711032290856,0.0,pvalloc_29nbfs_LRG2_max_sCs6p6
5419,2517.4541312852803,6574.271098009594,7235.651605976447,2517.4541312852803,0.0,pvalloc_29nbfs_LRG2_max_sCs6p6
5420,0.0,14157.137405221883,14157.137405221883,0.0,0.0,pvalloc_29nbfs_LRG2_max_sCs6p6
5421,0.0,16175.317955120869,16175.317955120869,0.0,0.0,pvalloc_29nbfs_LRG2_max_sCs6p6
5422,0.0,16617.529616008724,16617.529616008724,0.0,0.0,pvalloc_29nbfs_LRG2_max_sCs6p6
5423,0.0,15583.466132818583,15583.466132818583,0.0,0.0,pvalloc_29nbfs_LRG2_max_sCs6p6
5424,0.0,13573.678772779584,13573.678772779584,0.0,0.0,pvalloc_29nbfs_LRG2_max_sCs6p6
4920,0.0,11113.463869085277,11113.463869085277,0.0,0.0,pvalloc_29nbfs_LRG2_max_sCs6p8
4921,0.0,10737.831728562103,10737.831728562103,0.0,0.0,pvalloc_29nbfs_LRG2_max_sCs6p8
4922,0.0,10105.311448681485,10105.311448681485,0.0,0.0,pvalloc_29nbfs_LRG2_max_sCs6p8
4923,0.0,8120.094880445638,8120.094880445638,0.0,0.0,pvalloc_29nbfs_LRG2_max_sCs6p8
4924,0.0,7251.733657230992,7251.733657230992,0.0,0.0,pvalloc_29nbfs_LRG2_max_sCs6p8
4925,0.0,6971.075169345191,6971.075169345191,0.0,0.0,pvalloc_29nbfs_LRG2_max_sCs6p8
4926,823.6638210877718,3595.9351766201007,3690.6697366346325,823.6638210877718,0.0,pvalloc_29nbfs_LRG2_max_sCs6p8
4927,15763.300460158467,2536.179471020978,16270.729677047377,15763.300460158467,0.0,pvalloc_29nbfs_LRG2_max_sCs6p8
4928,35997.94712096922,2697.6738706924925,36183.33005357629,35931.20486611359,66.74225485562357,pvalloc_29nbfs_LRG2_max_sCs6p8
4929,55373.730275576534,3337.7133983709214,55530.13329313214,53606.31830382024,1767.4119717563008,pvalloc_29nbfs_LRG2_max_sCs6p8
4930,74397.73537339884,3562.601267945225,74511.45934762231,67099.72989927787,7298.005474121029,pvalloc_29nbfs_LRG2_max_sCs6p8
4931,89326.15532211962,4071.9601067045774,89454.97670700723,75346.13239187682,13980.022930242798,pvalloc_29nbfs_LRG2_max_sCs6p8
4932,74228.55284250637,5133.236144988753,74536.05114595123,66963.73587549017,7264.816967016238,pvalloc_29nbfs_LRG2_max_sCs6p8
4933,61773.93661874942,6642.07254598908,62620.90987913758,58537.30385169458,3236.6327670548435,pvalloc_29nbfs_LRG2_max_sCs6p8
4934,58398.035092687074,5487.491748121103,58942.161169912564,55855.06590424474,2542.969188442329,pvalloc_29nbfs_LRG2_max_sCs6p8
4935,50986.10827429073,5066.559422803236,51553.891418775354,49816.592911685075,1169.515362605661,pvalloc_29nbfs_LRG2_max_sCs6p8
4936,50369.55345615268,4815.292352995168,50883.638113917514,49309.81727963784,1059.7361765148414,pvalloc_29nbfs_LRG2_max_sCs6p8
4937,34089.479215791296,4267.074249850198,34738.93462795324,34047.22239011651,42.25682567478566,pvalloc_29nbfs_LRG2_max_sCs6p8
4938,16345.84971418044,3926.175747056843,17457.517892376654,16345.84971418044,0.0,pvalloc_29nbfs_LRG2_max_sCs6p8
4939,7181.287373295903,5152.054690091549,9874.723974970497,7181.287373295903,0.0,pvalloc_29nbfs_LRG2_max_sCs6p8
4940,296.2131143072364,8836.971544279952,8840.41891075312,296.2131143072364,0.0,pvalloc_29nbfs_LRG2_max_sCs6p8
4941,0.0,12714.325160437362,12714.325160437362,0.0,0.0,pvalloc_29nbfs_LRG2_max_sCs6p8
4942,0.0,13844.117670126652,13844.117670126652,0.0,0.0,pvalloc_29nbfs_LRG2_max_sCs6p8
4943,0.0,13190.081500942473,13190.081500942473,0.0,0.0,pvalloc_29nbfs_LRG2_max_sCs6p8
4944,0.0,15734.473543662867,15734.473543662867,0.0,0.0,pvalloc_29nbfs_LRG2_max_sCs6p8
4945,0.0,11843.652935827871,11843.652935827871,0.0,0.0,pvalloc_29nbfs_LRG2_max_sCs6p8
4946,0.0,9148.163406638314,9148.163406638314,0.0,0.0,pvalloc_29nbfs_LRG2_max_sCs6p8
4947,0.0,7889.191632688864,7889.191632688864,0.0,0.0,pvalloc_29nbfs_LRG2_max_sCs6p8
4948,0.0,7842.183829125384,7842.183829125384,0.0,0.0,pvalloc_29nbfs_LRG2_max_sCs6p8
4949,0.0,6888.334696423667,6888.334696423667,0.0,0.0,pvalloc_29nbfs_LRG2_max_sCs6p8
4950,7.612392280874639,5201.267078308898,5201.284390671853,7.612392280874639,0.0,pvalloc_29nbfs_LRG2_max_sCs6p8
4951,9125.026992086898,2539.392225361443,9970.917592729915,9125.026992086898,0.0,pvalloc_29nbfs_LRG2_max_sCs6p8
4952,30305.421313582978,2553.925534391742,30518.956927529263,30305.421313582978,0.0,pvalloc_29nbfs_LRG2_max_sCs6p8
4953,54010.32060338458,3006.45839557919,54134.44315751216,52475.962247583695,1534.358355800892,pvalloc_29nbfs_LRG2_max_sCs6p8
4954,75431.71484427822,3368.49167279604,75527.71624952197,67731.82298894,7699.891855338249,pvalloc_29nbfs_LRG2_max_sCs6p8
4955,86715.53403608626,3615.628627456672,86822.23125518732,73963.39898615866,12752.13504992756,pvalloc_29nbfs_LRG2_max_sCs6p8
4956,74744.50897872857,4604.10663653028,74970.35915633073,67282.11062412431,7462.398354604257,pvalloc_29nbfs_LRG2_max_sCs6p8
4957,50056.35700609252,4867.6749082801325,50571.92761251701,49066.8872622105,989.4697438820369,pvalloc_29nbfs_LRG2_max_sCs6p8
4958,60902.955708924455,5005.690871339612,61346.00452182638,57684.44199011854,3218.5137188059216,pvalloc_29nbfs_LRG2_max_sCs6p8
4959,48576.84810469786,5048.519351004016,49213.17534478175,47753.40511296965,823.4429917282185,pvalloc_29nbfs_LRG2_max_sCs6p8
4960,44661.48491901338,4723.38880866597,45277.680630714676,44241.57686038004,419.9080586333531,pvalloc_29nbfs_LRG2_max_sCs6p8
4961,35983.91778702774,4805.494124236253,36787.26303605771,35886.17352763933,97.74425938841193,pvalloc_29nbfs_LRG2_max_sCs6p8
4962,19842.808874675047,4687.263494000798,21186.49933072717,19842.808874675047,0.0,pvalloc_29nbfs_LRG2_max_sCs6p8
4963,9131.399063705792,6050.407822455938,12245.353914807636,9131.399063705792,0.0,pvalloc_29nbfs_LRG2_max_sCs6p8
4964,3.5457193338609443,11427.836205666286,11427.836205666286,3.5457193338609443,0.0,pvalloc_29nbfs_LRG2_max_sCs6p8
4965,0.0,21698.627529472968,21698.627529472968,0.0,0.0,pvalloc_29nbfs_LRG2_max_sCs6p8
4966,0.0,15054.668580548847,15054.668580548847,0.0,0.0,pvalloc_29nbfs_LRG2_max_sCs6p8
4967,0.0,14761.300435221638,14761.300435221638,0.0,0.0,pvalloc_29nbfs_LRG2_max_sCs6p8
4968,0.0,12492.279958567413,12492.279958567413,0.0,0.0,pvalloc_29nbfs_LRG2_max_sCs6p8
4969,0.0,10052.532145121631,10052.532145121631,0.0,0.0,pvalloc_29nbfs_LRG2_max_sCs6p8
4970,0.0,8034.332061846784,8034.332061846784,0.0,0.0,pvalloc_29nbfs_LRG2_max_sCs6p8
4971,0.0,7219.022230515399,7219.022230515399,0.0,0.0,pvalloc_29nbfs_LRG2_max_sCs6p8
4972,0.0,6689.043790452775,6689.043790452775,0.0,0.0,pvalloc_29nbfs_LRG2_max_sCs6p8
4973,0.0,6426.52820091012,6426.52820091012,0.0,0.0,pvalloc_29nbfs_LRG2_max_sCs6p8
4974,161.0651561283401,3989.1957780425464,3991.1455263827293,161.0651561283401,0.0,pvalloc_29nbfs_LRG2_max_sCs6p8
4975,10204.0555063736,2533.941981635678,10986.568002894208,10204.0555063736,0.0,pvalloc_29nbfs_LRG2_max_sCs6p8
4976,3135.2029427037764,2922.0030838083903,4787.014628287103,3135.2029427037764,0.0,pvalloc_29nbfs_LRG2_max_sCs6p8
4977,18340.172518839623,3138.733914902159,19032.577688860136,18340.172518839623,0.0,pvalloc_29nbfs_LRG2_max_sCs6p8
4978,36180.16755133905,3432.3626773124697,36536.00976291917,36088.7923310589,91.37522028014376,pvalloc_29nbfs_LRG2_max_sCs6p8
4979,57346.67372590764,3908.542024643915,57578.424579569066,55094.003554406205,2252.6701715014233,pvalloc_29nbfs_LRG2_max_sCs6p8
4980,59629.39940745261,4677.262283593027,59975.85241734405,56860.93092254927,2768.468484903348,pvalloc_29nbfs_LRG2_max_sCs6p8
4981,62953.37464786265,5377.456919975482,63413.2881318163,59357.38394396304,3595.9907038996107,pvalloc_29nbfs_LRG2_max_sCs6p8
4982,47641.48405370669,4925.856183346628,48244.12659801244,46954.41681002898,687.0672436777102,pvalloc_29nbfs_LRG2_max_sCs6p8
4983,52867.982172087955,5535.155472273724,53513.59984205386,51413.110813464235,1454.8713586237195,pvalloc_29nbfs_LRG2_max_sCs6p8
4984,42942.18481272225,4885.633490370802,43587.08516809241,42661.84270241201,280.3421103102389,pvalloc_29nbfs_LRG2_max_sCs6p8
4985,28501.172333776216,4366.910412793043,29335.114874454342,28501.172333776216,0.0,pvalloc_29nbfs_LRG2_max_sCs6p8
4986,22527.134534559846,4916.360329043775,23928.189170273003,22527.134534559846,0.0,pvalloc_29nbfs_LRG2_max_sCs6p8
4987,9975.594628484503,5114.21868172793,12426.193069152287,9975.594628484503,0.0,pvalloc_29nbfs_LRG2_max_sCs6p8
4988,1.7075923127892678,11602.235331993503,11602.235331993503,1.7075923127892678,0.0,pvalloc_29nbfs_LRG2_max_sCs6p8
4989,0.0,15306.20706282239,15306.20706282239,0.0,0.0,pvalloc_29nbfs_LRG2_max_sCs6p8
4990,0.0,18487.54111223772,18487.54111223772,0.0,0.0,pvalloc_29nbfs_LRG2_max_sCs6p8
4991,0.0,15678.910070087288,15678.910070087288,0.0,0.0,pvalloc_29nbfs_LRG2_max_sCs6p8
4992,0.0,12457.950105853319,12457.950105853319,0.0,0.0,pvalloc_29nbfs_LRG2_max_sCs6p8
4993,0.0,9566.57816566627,9566.57816566627,0.0,0.0,pvalloc_29nbfs_LRG2_max_sCs6p8
4994,0.0,8172.598108657664,8172.598108657664,0.0,0.0,pvalloc_29nbfs_LRG2_max_sCs6p8
4995,0.0,7275.373634775014,7275.373634775014,0.0,0.0,pvalloc_29nbfs_LRG2_max_sCs6p8
4996,0.0,6657.432000184344,6657.432000184344,0.0,0.0,pvalloc_29nbfs_LRG2_max_sCs6p8
4997,0.0,6227.237294939229,6227.237294939229,0.0,0.0,pvalloc_29nbfs_LRG2_max_sCs6p8
4998,409.28776355749994,3581.321149853968,3598.324939106725,409.28776355749994,0.0,pvalloc_29nbfs_LRG2_max_sCs6p8
4999,14925.30979426727,2526.141750144815,15469.529719755525,14925.30979426727,0.0,pvalloc_29nbfs_LRG2_max_sCs6p8
5000,33570.594728875294,2776.320491881761,33796.0685182584,33560.08067720159,10.514051673701374,pvalloc_29nbfs_LRG2_max_sCs6p8
5001,52013.45098697605,3114.250820747313,52159.98600900142,50799.8158402678,1213.6351467082586,pvalloc_29nbfs_LRG2_max_sCs6p8
5002,65707.43615247284,3224.9353412587966,65824.05472973692,61383.62644008358,4323.809712389212,pvalloc_29nbfs_LRG2_max_sCs6p8
5003,85573.79418686121,3939.99554511101,85698.3390506238,73406.41803505295,12167.37615180821,pvalloc_29nbfs_LRG2_max_sCs6p8
5004,83666.37759249698,4477.653714651569,83837.2334055631,72401.66546480777,11264.7121276892,pvalloc_29nbfs_LRG2_max_sCs6p8
5005,90125.3430136675,4606.11981986871,90301.86579590055,75712.70722851697,14412.635785150505,pvalloc_29nbfs_LRG2_max_sCs6p8
5006,83925.18028135,4591.575677994486,84130.55490590616,72422.90712969677,11502.273151653175,pvalloc_29nbfs_LRG2_max_sCs6p8
5007,70150.96237753918,4609.121132756143,70411.72119808248,64298.79769560386,5852.164681935192,pvalloc_29nbfs_LRG2_max_sCs6p8
5008,55307.3779348925,4087.4296295402564,55602.16412195934,53413.009638761796,1894.368296130699,pvalloc_29nbfs_LRG2_max_sCs6p8
5009,32733.76310008399,3834.199445415639,33281.22551525688,32725.613594997936,8.14950508605915,pvalloc_29nbfs_LRG2_max_sCs6p8
5010,13741.064565026252,3957.941604893728,15070.661110543993,13741.064565026252,0.0,pvalloc_29nbfs_LRG2_max_sCs6p8
5011,2513.080611921565,6082.6892387148555,6860.312706872828,2513.080611921565,0.0,pvalloc_29nbfs_LRG2_max_sCs6p8
5012,0.024958675141344665,13827.147281333962,13827.147281333962,0.024958675141344665,0.0,pvalloc_29nbfs_LRG2_max_sCs6p8
5013,0.0,14662.18168263524,14662.18168263524,0.0,0.0,pvalloc_29nbfs_LRG2_max_sCs6p8
5014,0.0,16274.799124460178,16274.799124460178,0.0,0.0,pvalloc_29nbfs_LRG2_max_sCs6p8
5015,0.0,15624.092956490873,15624.092956490873,0.0,0.0,pvalloc_29nbfs_LRG2_max_sCs6p8
5016,0.0,12724.185769730164,12724.185769730164,0.0,0.0,pvalloc_29nbfs_LRG2_max_sCs6p8
5017,0.0,10867.074894322574,10867.074894322574,0.0,0.0,pvalloc_29nbfs_LRG2_max_sCs6p8
5018,0.0,8769.371741640622,8769.371741640622,0.0,0.0,pvalloc_29nbfs_LRG2_max_sCs6p8
5019,0.0,7592.31461024244,7592.31461024244,0.0,0.0,pvalloc_29nbfs_LRG2_max_sCs6p8
5020,0.0,6804.494587055007,6804.494587055007,0.0,0.0,pvalloc_29nbfs_LRG2_max_sCs6p8
5021,0.0,6914.447201421453,6914.447201421453,0.0,0.0,pvalloc_29nbfs_LRG2_max_sCs6p8
5022,126.52466933616675,4156.698791030259,4158.271252503745,126.52466933616675,0.0,pvalloc_29nbfs_LRG2_max_sCs6p8
5023,10442.027874795982,2564.0963985621966,11234.601392041546,10442.027874795982,0.0,pvalloc_29nbfs_LRG2_max_sCs6p8
5024,21694.448744106925,2749.2855133424778,22116.45527187164,21694.448744106925,0.0,pvalloc_29nbfs_LRG2_max_sCs6p8
5025,18563.131407310895,3366.50649356143,19409.33669982142,18563.131407310895,0.0,pvalloc_29nbfs_LRG2_max_sCs6p8
5026,30578.741233969322,3798.822434131915,31190.651064117366,30578.741233969322,0.0,pvalloc_29nbfs_LRG2_max_sCs6p8
5027,65872.04104797309,3646.276810006886,66030.10480796112,61456.05328233887,4415.987765634249,pvalloc_29nbfs_LRG2_max_sCs6p8
5028,78978.62272817624,5326.200807003898,79305.3358818357,69861.28440932305,9117.338318853235,pvalloc_29nbfs_LRG2_max_sCs6p8
5029,52068.348619213946,5045.130769837703,52602.077415767846,50739.52534975085,1328.8232694630808,pvalloc_29nbfs_LRG2_max_sCs6p8
5030,22719.46897744351,5836.789936847992,24593.61858443855,22719.46897744351,0.0,pvalloc_29nbfs_LRG2_max_sCs6p8
5031,25369.412544931245,4959.654387697137,26614.689964025132,25369.412544931245,0.0,pvalloc_29nbfs_LRG2_max_sCs6p8
5032,33762.106693105765,4038.846438688028,34349.83672426688,33720.65295097394,41.45374213182498,pvalloc_29nbfs_LRG2_max_sCs6p8
5033,26716.93612582314,4129.360905412195,27521.53920554622,26716.93612582314,0.0,pvalloc_29nbfs_LRG2_max_sCs6p8
5034,16599.50745368091,4723.167012909001,18222.281387537223,16599.50745368091,0.0,pvalloc_29nbfs_LRG2_max_sCs6p8
5035,10221.20264157747,5390.193885807266,12756.661033552415,10221.20264157747,0.0,pvalloc_29nbfs_LRG2_max_sCs6p8
5036,10.498558755643943,10990.531018005566,10990.543453154722,10.498558755643943,0.0,pvalloc_29nbfs_LRG2_max_sCs6p8
5037,0.0,15623.399766375918,15623.399766375918,0.0,0.0,pvalloc_29nbfs_LRG2_max_sCs6p8
5038,0.0,16022.715362504956,16022.715362504956,0.0,0.0,pvalloc_29nbfs_LRG2_max_sCs6p8
5039,0.0,16439.75171535185,16439.75171535185,0.0,0.0,pvalloc_29nbfs_LRG2_max_sCs6p8
5040,0.0,12326.556850038325,12326.556850038325,0.0,0.0,pvalloc_29nbfs_LRG2_max_sCs6p8
5041,0.0,9488.472208125191,9488.472208125191,0.0,0.0,pvalloc_29nbfs_LRG2_max_sCs6p8
5042,0.0,8024.4353338224,8024.4353338224,0.0,0.0,pvalloc_29nbfs_LRG2_max_sCs6p8
5043,0.0,7253.657469496068,7253.657469496068,0.0,0.0,pvalloc_29nbfs_LRG2_max_sCs6p8
5044,0.0,6638.189465394041,6638.189465394041,0.0,0.0,pvalloc_29nbfs_LRG2_max_sCs6p8
5045,0.0,6441.096729282571,6441.096729282571,0.0,0.0,pvalloc_29nbfs_LRG2_max_sCs6p8
5046,127.08846254467593,4133.264201021264,4134.815490754831,127.08846254467593,0.0,pvalloc_29nbfs_LRG2_max_sCs6p8
5047,11297.364131792821,2640.798052530725,12117.937056620223,11297.364131792821,0.0,pvalloc_29nbfs_LRG2_max_sCs6p8
5048,32391.85676028819,2959.734742065724,32671.283431796794,32391.85676028819,0.0,pvalloc_29nbfs_LRG2_max_sCs6p8
5049,53150.394529080564,3327.3258768729506,53319.01329542125,51770.72629497983,1379.668234100726,pvalloc_29nbfs_LRG2_max_sCs6p8
5050,72245.40228487644,3408.9831087592515,72344.9433855536,65794.4998433664,6450.90244151005,pvalloc_29nbfs_LRG2_max_sCs6p8
5051,65852.83393030059,3813.915700660283,66022.67760463065,61473.66100236024,4379.17292794041,pvalloc_29nbfs_LRG2_max_sCs6p8
5052,60340.83813564593,4447.679619991089,60635.69694826073,57425.68554866564,2915.152586980292,pvalloc_29nbfs_LRG2_max_sCs6p8
5053,66929.19883094676,4710.457598639008,67217.31291690176,62173.958216853425,4755.240614093315,pvalloc_29nbfs_LRG2_max_sCs6p8
5054,68055.05753545645,4590.30295417198,68329.78955566883,62861.58327316702,5193.4742622893955,pvalloc_29nbfs_LRG2_max_sCs6p8
5055,57563.66198207074,4863.0380299778735,57976.78855268437,55200.456965540696,2363.2050165300525,pvalloc_29nbfs_LRG2_max_sCs6p8
5056,51413.99173522587,4304.692069080153,51774.13223507972,50223.291398201916,1190.7003370239354,pvalloc_29nbfs_LRG2_max_sCs6p8
5057,34348.013547504335,3724.9067798908677,34836.48712987747,34304.54422153374,43.46932597059754,pvalloc_29nbfs_LRG2_max_sCs6p8
5058,12130.321219698904,3720.70142508146,13407.130815859524,12130.321219698904,0.0,pvalloc_29nbfs_LRG2_max_sCs6p8
5059,6180.030348343199,4370.268672245261,8408.118456183456,6180.030348343199,0.0,pvalloc_29nbfs_LRG2_max_sCs6p8
5060,213.10812231117455,7653.3465580970915,7655.936714992819,213.10812231117455,0.0,pvalloc_29nbfs_LRG2_max_sCs6p8
5061,0.0,12442.644294585474,12442.644294585474,0.0,0.0,pvalloc_29nbfs_LRG2_max_sCs6p8
5062,0.0,12652.57822535876,12652.57822535876,0.0,0.0,pvalloc_29nbfs_LRG2_max_sCs6p8
5063,0.0,12878.862779430521,12878.862779430521,0.0,0.0,pvalloc_29nbfs_LRG2_max_sCs6p8
5064,0.0,12350.75565968853,12350.75565968853,0.0,0.0,pvalloc_29nbfs_LRG2_max_sCs6p8
5065,0.0,11097.685205202353,11097.685205202353,0.0,0.0,pvalloc_29nbfs_LRG2_max_sCs6p8
5066,0.0,9294.124150992036,9294.124150992036,0.0,0.0,pvalloc_29nbfs_LRG2_max_sCs6p8
5067,0.0,7868.8472553816255,7868.8472553816255,0.0,0.0,pvalloc_29nbfs_LRG2_max_sCs6p8
5068,0.0,6865.793803809358,6865.793803809358,0.0,0.0,pvalloc_29nbfs_LRG2_max_sCs6p8
5069,0.0,7046.117084101746,7046.117084101746,0.0,0.0,pvalloc_29nbfs_LRG2_max_sCs6p8
5070,117.83549785197705,4242.888450540238,4244.335414710804,117.83549785197705,0.0,pvalloc_29nbfs_LRG2_max_sCs6p8
5071,13182.579940702599,2495.214137104223,13790.8148735669,13182.579940702599,0.0,pvalloc_29nbfs_LRG2_max_sCs6p8
5072,30185.017931240174,2796.4957435841047,30457.78770123334,30185.017931240174,0.0,pvalloc_29nbfs_LRG2_max_sCs6p8
5073,52412.28841546927,3195.8496119473175,52568.88057442502,51123.598184382754,1288.690231086532,pvalloc_29nbfs_LRG2_max_sCs6p8
5074,69816.84559187038,3484.118363577304,69950.04617015818,64159.553591186384,5657.2920006839895,pvalloc_29nbfs_LRG2_max_sCs6p8
5075,80388.35903237137,3901.809654151396,80533.11123167543,70543.90695934818,9844.452073023203,pvalloc_29nbfs_LRG2_max_sCs6p8
5076,70893.37019146515,4437.940339085057,71118.3176817398,64835.45901100238,6057.911180462769,pvalloc_29nbfs_LRG2_max_sCs6p8
5077,62713.49798518828,4863.786800760867,63063.466228032245,59163.17506574927,3550.3229194390096,pvalloc_29nbfs_LRG2_max_sCs6p8
5078,53280.12526634094,5048.20291937281,53813.85113567915,51720.64004289757,1559.4852234433865,pvalloc_29nbfs_LRG2_max_sCs6p8
5079,33088.9812026092,5064.260138137252,34070.92973133022,33060.87584281563,28.105359793567573,pvalloc_29nbfs_LRG2_max_sCs6p8
5080,36289.56376042716,4694.206789483207,37029.88255047698,36185.212518836954,104.35124159019932,pvalloc_29nbfs_LRG2_max_sCs6p8
5081,28593.10779331858,4457.298997473359,29463.40860043657,28593.10779331858,0.0,pvalloc_29nbfs_LRG2_max_sCs6p8
5082,16326.341950958955,4413.595137207887,17742.313836935322,16326.341950958955,0.0,pvalloc_29nbfs_LRG2_max_sCs6p8
5083,8594.574188538569,4733.054326921686,10818.5213881327,8594.574188538569,0.0,pvalloc_29nbfs_LRG2_max_sCs6p8
5084,45.17652840743558,9038.7931616801,9039.07017171103,45.17652840743558,0.0,pvalloc_29nbfs_LRG2_max_sCs6p8
5085,0.0,14038.884071464148,14038.884071464148,0.0,0.0,pvalloc_29nbfs_LRG2_max_sCs6p8
5086,0.0,16707.678657408913,16707.678657408913,0.0,0.0,pvalloc_29nbfs_LRG2_max_sCs6p8
5087,0.0,14798.423471834056,14798.423471834056,0.0,0.0,pvalloc_29nbfs_LRG2_max_sCs6p8
5088,0.0,12920.992928294932,12920.992928294932,0.0,0.0,pvalloc_29nbfs_LRG2_max_sCs6p8
5089,0.0,9900.944565301277,9900.944565301277,0.0,0.0,pvalloc_29nbfs_LRG2_max_sCs6p8
5090,0.0,9389.785903685059,9389.785903685059,0.0,0.0,pvalloc_29nbfs_LRG2_max_sCs6p8
5091,0.0,7401.546438254426,7401.546438254426,0.0,0.0,pvalloc_29nbfs_LRG2_max_sCs6p8
5092,0.0,6692.067790682453,6692.067790682453,0.0,0.0,pvalloc_29nbfs_LRG2_max_sCs6p8
5093,0.0,6497.448685059626,6497.448685059626,0.0,0.0,pvalloc_29nbfs_LRG2_max_sCs6p8
5094,300.51907197417404,3841.117407619604,3845.026119737357,300.51907197417404,0.0,pvalloc_29nbfs_LRG2_max_sCs6p8
5095,14807.183311438048,2371.8585872308254,15274.62926053445,14807.183311438048,0.0,pvalloc_29nbfs_LRG2_max_sCs6p8
5096,34811.12193948398,2366.6525124867158,34948.28100965759,34781.762104619265,29.359834864717868,pvalloc_29nbfs_LRG2_max_sCs6p8
5097,56901.36740992094,2793.749541575645,56996.00101565401,54846.54224901388,2054.825160907048,pvalloc_29nbfs_LRG2_max_sCs6p8
5098,73794.55267191015,2917.7874019030673,73870.87938946085,66758.84621645464,7035.706455455523,pvalloc_29nbfs_LRG2_max_sCs6p8
5099,89278.58916448875,3507.620927693973,89379.5765493473,75293.01154821526,13985.577616273511,pvalloc_29nbfs_LRG2_max_sCs6p8
5100,75381.61645289775,4902.928746227854,75637.61224483937,67650.23130048525,7731.38515241246,pvalloc_29nbfs_LRG2_max_sCs6p8
5101,66118.01838397853,5574.576965949215,66585.74227928085,61530.11537492027,4587.903009058203,pvalloc_29nbfs_LRG2_max_sCs6p8
5102,71202.89091156819,5661.266296450083,71666.25267458154,64861.96183168337,6340.929079884694,pvalloc_29nbfs_LRG2_max_sCs6p8
5103,64999.80660751032,5144.444677034908,65422.313292281084,60695.95801117256,4303.848596337747,pvalloc_29nbfs_LRG2_max_sCs6p8
5104,61191.97278784334,4940.659560117894,61622.07168290512,57899.84739947148,3292.1253883718528,pvalloc_29nbfs_LRG2_max_sCs6p8
5105,25876.17528875817,4797.315191196098,26942.203686694742,25876.17528875817,0.0,pvalloc_29nbfs_LRG2_max_sCs6p8
5106,6548.916041415613,5127.818157442255,9135.4908216719,6548.916041415613,0.0,pvalloc_29nbfs_LRG2_max_sCs6p8
5107,1418.7547782860906,6931.439790806034,7053.423424836886,1418.7547782860906,0.0,pvalloc_29nbfs_LRG2_max_sCs6p8
5108,0.5324502983419575,11343.653395559095,11343.653395559095,0.5324502983419575,0.0,pvalloc_29nbfs_LRG2_max_sCs6p8
5109,0.0,13173.891725783154,13173.891725783154,0.0,0.0,pvalloc_29nbfs_LRG2_max_sCs6p8
5110,0.0,13106.449704799228,13106.449704799228,0.0,0.0,pvalloc_29nbfs_LRG2_max_sCs6p8
5111,0.0,12603.245316458499,12603.245316458499,0.0,0.0,pvalloc_29nbfs_LRG2_max_sCs6p8
5112,0.0,10413.182078012227,10413.182078012227,0.0,0.0,pvalloc_29nbfs_LRG2_max_sCs6p8
5113,0.0,8993.403916155024,8993.403916155024,0.0,0.0,pvalloc_29nbfs_LRG2_max_sCs6p8
5114,0.0,7817.17261512709,7817.17261512709,0.0,0.0,pvalloc_29nbfs_LRG2_max_sCs6p8
5115,0.0,7187.960258470543,7187.960258470543,0.0,0.0,pvalloc_29nbfs_LRG2_max_sCs6p8
5116,0.0,6597.782238100715,6597.782238100715,0.0,0.0,pvalloc_29nbfs_LRG2_max_sCs6p8
5117,0.0,6653.58216958441,6653.58216958441,0.0,0.0,pvalloc_29nbfs_LRG2_max_sCs6p8
5118,143.75240503750288,4119.168001274147,4120.852804392445,143.75240503750288,0.0,pvalloc_29nbfs_LRG2_max_sCs6p8
5119,10270.768540283601,2358.607657522958,10950.998370764732,10270.768540283601,0.0,pvalloc_29nbfs_LRG2_max_sCs6p8
5120,31160.519717741663,2382.3067329302644,31329.810646743223,31160.519717741663,0.0,pvalloc_29nbfs_LRG2_max_sCs6p8
5121,54460.5259341091,2713.301979556451,54557.71431488022,52872.117552458076,1588.4083816510397,pvalloc_29nbfs_LRG2_max_sCs6p8
5122,70454.60210368842,3179.327036879667,70551.27200340743,64647.2770549288,5807.325048759637,pvalloc_29nbfs_LRG2_max_sCs6p8
5123,88947.92008525052,3493.637514495621,89032.31425279383,75205.97259234384,13741.947492906718,pvalloc_29nbfs_LRG2_max_sCs6p8
5124,88539.16748044109,4691.867477310958,88704.75886558586,75039.4017750676,13499.765705373407,pvalloc_29nbfs_LRG2_max_sCs6p8
5125,88461.18820323935,5520.369564697011,88726.30275764797,74922.75205746018,13538.436145779155,pvalloc_29nbfs_LRG2_max_sCs6p8
5126,82189.66394105145,5400.968245179483,82481.50101944116,71509.90222938637,10679.761711665013,pvalloc_29nbfs_LRG2_max_sCs6p8
5127,77627.56007901616,5317.016638458471,77946.58539248153,68894.91892720567,8732.641151810447,pvalloc_29nbfs_LRG2_max_sCs6p8
5128,68754.83043167742,4485.359516453065,69013.0869457456,63355.41066931915,5399.419762358322,pvalloc_29nbfs_LRG2_max_sCs6p8
5129,50421.677947045515,4326.719872495119,50806.65304839155,49391.52363973066,1030.1543073148569,pvalloc_29nbfs_LRG2_max_sCs6p8
5130,30858.30735265735,4874.762681457637,31806.5937321669,30858.30735265735,0.0,pvalloc_29nbfs_LRG2_max_sCs6p8
5131,12204.53958159832,4979.094964843357,14329.708365044291,12204.53958159832,0.0,pvalloc_29nbfs_LRG2_max_sCs6p8
5132,1.3598635867638527,11936.163853378715,11936.163853378715,1.3598635867638527,0.0,pvalloc_29nbfs_LRG2_max_sCs6p8
5133,0.0,18228.216139042957,18228.216139042957,0.0,0.0,pvalloc_29nbfs_LRG2_max_sCs6p8
5134,0.0,18162.49636171034,18162.49636171034,0.0,0.0,pvalloc_29nbfs_LRG2_max_sCs6p8
5135,0.0,15581.301938822113,15581.301938822113,0.0,0.0,pvalloc_29nbfs_LRG2_max_sCs6p8
5136,0.0,13660.518661518496,13660.518661518496,0.0,0.0,pvalloc_29nbfs_LRG2_max_sCs6p8
5137,0.0,10358.480128423342,10358.480128423342,0.0,0.0,pvalloc_29nbfs_LRG2_max_sCs6p8
5138,0.0,8828.47113398323,8828.47113398323,0.0,0.0,pvalloc_29nbfs_LRG2_max_sCs6p8
5139,0.0,7213.798405873982,7213.798405873982,0.0,0.0,pvalloc_29nbfs_LRG2_max_sCs6p8
5140,0.0,6479.031429122139,6479.031429122139,0.0,0.0,pvalloc_29nbfs_LRG2_max_sCs6p8
5141,0.0,6403.16258096044,6403.16258096044,0.0,0.0,pvalloc_29nbfs_LRG2_max_sCs6p8
5142,125.5885696252941,4161.397604915674,4162.777690041013,125.5885696252941,0.0,pvalloc_29nbfs_LRG2_max_sCs6p8
5143,13310.26433817586,2354.879042686097,13829.845368609032,13310.26433817586,0.0,pvalloc_29nbfs_LRG2_max_sCs6p8
5144,33122.33658555572,2663.0430480674363,33321.35330593073,33122.33658555572,0.0,pvalloc_29nbfs_LRG2_max_sCs6p8
5145,53989.546774105664,3207.599916532362,54131.35689808029,52483.241002644216,1506.305771461443,pvalloc_29nbfs_LRG2_max_sCs6p8
5146,74383.81611982732,3327.914012860753,74480.91957219105,67150.94278413145,7232.873335695894,pvalloc_29nbfs_LRG2_max_sCs6p8
5147,87672.29912508887,4249.351243911639,87797.24764447428,74623.05491567684,13049.24420941208,pvalloc_29nbfs_LRG2_max_sCs6p8
5148,83287.83489936407,5794.710779425904,83654.57714624536,72375.55021685014,10912.284682513875,pvalloc_29nbfs_LRG2_max_sCs6p8
5149,88109.02556379049,5321.404284500163,88350.05594928376,74829.00232344528,13280.023240345228,pvalloc_29nbfs_LRG2_max_sCs6p8
5150,87713.12954824456,4495.582249972375,87905.09396602254,74421.58313033877,13291.546417905802,pvalloc_29nbfs_LRG2_max_sCs6p8
5151,75881.90927660179,5024.962520229272,76153.09364972672,67937.34313002303,7944.56614657874,pvalloc_29nbfs_LRG2_max_sCs6p8
5152,63218.93582542153,4265.274478016956,63464.25916371051,59541.50720220059,3677.4286232209306,pvalloc_29nbfs_LRG2_max_sCs6p8
5153,45940.85541400338,3930.070880376728,46268.04626742234,45502.62938280484,438.2260311985455,pvalloc_29nbfs_LRG2_max_sCs6p8
5154,30687.770083580443,3930.698988912446,31275.755806201276,30687.770083580443,0.0,pvalloc_29nbfs_LRG2_max_sCs6p8
5155,10173.398465824655,5607.8675714822075,12947.089908389104,10173.398465824655,0.0,pvalloc_29nbfs_LRG2_max_sCs6p8
5156,0.989704069304306,13203.09894964175,13203.09894964175,0.989704069304306,0.0,pvalloc_29nbfs_LRG2_max_sCs6p8
5157,0.0,16656.158247084175,16656.158247084175,0.0,0.0,pvalloc_29nbfs_LRG2_max_sCs6p8
5158,0.0,16956.66673318879,16956.66673318879,0.0,0.0,pvalloc_29nbfs_LRG2_max_sCs6p8
5159,0.0,13878.197386105796,13878.197386105796,0.0,0.0,pvalloc_29nbfs_LRG2_max_sCs6p8
5160,0.0,13359.709264488025,13359.709264488025,0.0,0.0,pvalloc_29nbfs_LRG2_max_sCs6p8
5161,0.0,9823.421723926976,9823.421723926976,0.0,0.0,pvalloc_29nbfs_LRG2_max_sCs6p8
5162,0.0,8004.918441437759,8004.918441437759,0.0,0.0,pvalloc_29nbfs_LRG2_max_sCs6p8
5163,0.0,7279.771629046192,7279.771629046192,0.0,0.0,pvalloc_29nbfs_LRG2_max_sCs6p8
5164,0.0,6702.512682378077,6702.512682378077,0.0,0.0,pvalloc_29nbfs_LRG2_max_sCs6p8
5165,0.0,6398.764586689275,6398.764586689275,0.0,0.0,pvalloc_29nbfs_LRG2_max_sCs6p8
5166,103.06305690459833,4348.5149151687365,4349.61557924099,103.06305690459833,0.0,pvalloc_29nbfs_LRG2_max_sCs6p8
5167,12664.992948755364,2548.107021650375,13330.026191271363,12664.992948755364,0.0,pvalloc_29nbfs_LRG2_max_sCs6p8
5168,33070.435824782864,2920.3460523781528,33325.75000715295,33070.435824782864,0.0,pvalloc_29nbfs_LRG2_max_sCs6p8
5169,54924.10158602984,3160.42795014351,55056.387593484375,53248.28647058503,1675.8151154448205,pvalloc_29nbfs_LRG2_max_sCs6p8
5170,74953.59324851925,3061.1745180623675,75037.97822808716,67470.73592593767,7482.857322581534,pvalloc_29nbfs_LRG2_max_sCs6p8
5171,89764.89704039336,3764.98138272679,89864.90034482296,75623.97986729005,14140.917173103291,pvalloc_29nbfs_LRG2_max_sCs6p8
5172,84047.80134674639,4277.520728381331,84207.48656553803,72613.71470889325,11434.0866378532,pvalloc_29nbfs_LRG2_max_sCs6p8
5173,78332.46563335453,4585.951895841775,78547.27042862783,69380.65993604886,8951.805697305686,pvalloc_29nbfs_LRG2_max_sCs6p8
5174,88627.09055683055,4540.582135154189,88815.71143327437,74912.40241598841,13714.6881408421,pvalloc_29nbfs_LRG2_max_sCs6p8
5175,76374.77990693974,4721.904897412418,76621.69141792407,68189.55118455242,8185.22872238731,pvalloc_29nbfs_LRG2_max_sCs6p8
5176,61173.80262671089,4536.958581273707,61479.39128225647,57989.41332762841,3184.3892990824897,pvalloc_29nbfs_LRG2_max_sCs6p8
5177,41845.34963046689,4211.01147828801,42319.96190018211,41632.5295169648,212.82011350207495,pvalloc_29nbfs_LRG2_max_sCs6p8
5178,22929.61774844679,4132.282638377991,23850.18740268222,22929.61774844679,0.0,pvalloc_29nbfs_LRG2_max_sCs6p8
5179,9386.518644169884,4312.283460790717,11204.279276688003,9386.518644169884,0.0,pvalloc_29nbfs_LRG2_max_sCs6p8
5180,20.12885218800662,9583.492709115948,9583.649670507371,20.12885218800662,0.0,pvalloc_29nbfs_LRG2_max_sCs6p8
5181,0.0,17958.547144614713,17958.547144614713,0.0,0.0,pvalloc_29nbfs_LRG2_max_sCs6p8
5182,0.0,15508.10589408956,15508.10589408956,0.0,0.0,pvalloc_29nbfs_LRG2_max_sCs6p8
5183,0.0,14273.897403473247,14273.897403473247,0.0,0.0,pvalloc_29nbfs_LRG2_max_sCs6p8
5184,0.0,13200.332246555769,13200.332246555769,0.0,0.0,pvalloc_29nbfs_LRG2_max_sCs6p8
5185,0.0,9638.325646422076,9638.325646422076,0.0,0.0,pvalloc_29nbfs_LRG2_max_sCs6p8
5186,0.0,8321.584507793394,8321.584507793394,0.0,0.0,pvalloc_29nbfs_LRG2_max_sCs6p8
5187,0.0,7169.817360127393,7169.817360127393,0.0,0.0,pvalloc_29nbfs_LRG2_max_sCs6p8
5188,0.0,7079.928698781938,7079.928698781938,0.0,0.0,pvalloc_29nbfs_LRG2_max_sCs6p8
5189,0.0,6529.334832922408,6529.334832922408,0.0,0.0,pvalloc_29nbfs_LRG2_max_sCs6p8
5190,43.77060094437677,4767.902381239299,4768.398763435062,43.77060094437677,0.0,pvalloc_29nbfs_LRG2_max_sCs6p8
5191,10379.643582051107,2502.21957940824,11129.79950559339,10379.643582051107,0.0,pvalloc_29nbfs_LRG2_max_sCs6p8
5192,27615.59512932035,2856.9898242442473,27937.647719142795,27615.59512932035,0.0,pvalloc_29nbfs_LRG2_max_sCs6p8
5193,49200.24525051205,3114.781846941399,49355.23022442962,48461.68207257018,738.5631779418641,pvalloc_29nbfs_LRG2_max_sCs6p8
5194,62327.699270752615,3395.63020260158,62461.93401447132,58969.227586479166,3358.4716842734415,pvalloc_29nbfs_LRG2_max_sCs6p8
5195,70885.70488904548,4074.3163837471434,71054.58979087738,64940.090225123226,5945.614663922175,pvalloc_29nbfs_LRG2_max_sCs6p8
5196,68358.88218061085,5045.480137379672,68695.84837088789,63288.440188408604,5070.441992202198,pvalloc_29nbfs_LRG2_max_sCs6p8
5197,72590.33443363325,4919.249376650327,72865.70870716183,65922.0712892893,6668.263144343944,pvalloc_29nbfs_LRG2_max_sCs6p8
5198,71340.35935500432,5430.985756601233,71711.30018030794,65109.484776841586,6230.874578162648,pvalloc_29nbfs_LRG2_max_sCs6p8
5199,70449.22210728255,4903.297134169033,70748.2465650107,64496.426694004804,5952.795413277689,pvalloc_29nbfs_LRG2_max_sCs6p8
5200,42359.830599274006,3815.0460923322325,42730.66764634063,42126.40154027674,233.42905899725662,pvalloc_29nbfs_LRG2_max_sCs6p8
5201,27219.31163335646,3804.9670194315117,27866.32319457776,27219.31163335646,0.0,pvalloc_29nbfs_LRG2_max_sCs6p8
5202,13101.778218758454,4327.6344053435705,14763.147693715417,13101.778218758454,0.0,pvalloc_29nbfs_LRG2_max_sCs6p8
5203,8222.75972030461,4806.234199746847,10541.693090143119,8222.75972030461,0.0,pvalloc_29nbfs_LRG2_max_sCs6p8
5204,0.0,15090.462660497056,15090.462660497056,0.0,0.0,pvalloc_29nbfs_LRG2_max_sCs6p8
5205,0.0,15791.348827533153,15791.348827533153,0.0,0.0,pvalloc_29nbfs_LRG2_max_sCs6p8
5206,0.0,15247.755727980579,15247.755727980579,0.0,0.0,pvalloc_29nbfs_LRG2_max_sCs6p8
5207,0.0,15008.225250668323,15008.225250668323,0.0,0.0,pvalloc_29nbfs_LRG2_max_sCs6p8
5208,0.0,12069.433844123945,12069.433844123945,0.0,0.0,pvalloc_29nbfs_LRG2_max_sCs6p8
5209,0.0,11145.876780548273,11145.876780548273,0.0,0.0,pvalloc_29nbfs_LRG2_max_sCs6p8
5210,0.0,8940.899584908117,8940.899584908117,0.0,0.0,pvalloc_29nbfs_LRG2_max_sCs6p8
5211,0.0,7874.895807358424,7874.895807358424,0.0,0.0,pvalloc_29nbfs_LRG2_max_sCs6p8
5212,0.0,7043.644556647981,7043.644556647981,0.0,0.0,pvalloc_29nbfs_LRG2_max_sCs6p8
5213,0.0,7125.558647681808,7125.558647681808,0.0,0.0,pvalloc_29nbfs_LRG2_max_sCs6p8
5214,3.6114199996371763,5733.899550108124,5733.971233403937,3.6114199996371763,0.0,pvalloc_29nbfs_LRG2_max_sCs6p8
5215,1654.624852451227,3023.399961544502,3676.499124466478,1654.624852451227,0.0,pvalloc_29nbfs_LRG2_max_sCs6p8
5216,6113.069081685274,2945.2029564994737,7460.176518833603,6113.069081685274,0.0,pvalloc_29nbfs_LRG2_max_sCs6p8
5217,12207.258204405136,3187.812413247969,13276.828836670908,12207.258204405136,0.0,pvalloc_29nbfs_LRG2_max_sCs6p8
5218,23896.965568990556,3307.4089190452546,24457.07704321392,23896.965568990556,0.0,pvalloc_29nbfs_LRG2_max_sCs6p8
5219,28435.91783541063,3945.977974056731,29104.3022783987,28435.91783541063,0.0,pvalloc_29nbfs_LRG2_max_sCs6p8
5220,21057.77947319321,5082.723901361532,22721.617690546445,21057.77947319321,0.0,pvalloc_29nbfs_LRG2_max_sCs6p8
5221,45703.9235586001,4532.316330220248,46210.179862420795,45248.745388909025,455.17816969106985,pvalloc_29nbfs_LRG2_max_sCs6p8
5222,60424.43144966505,4698.695375006715,60779.42671450288,57384.67534302757,3039.7561066374897,pvalloc_29nbfs_LRG2_max_sCs6p8
5223,47450.9966662993,4724.601124375608,47969.333277172875,46833.59129754261,617.4053687566965,pvalloc_29nbfs_LRG2_max_sCs6p8
5224,47808.287917064896,4121.248395254566,48175.092969766614,47167.36825109219,640.9196659726949,pvalloc_29nbfs_LRG2_max_sCs6p8
5225,35805.82583525765,4199.549970806263,36380.94891736295,35737.5140975522,68.31173770544848,pvalloc_29nbfs_LRG2_max_sCs6p8
5226,24960.699766022313,4094.347750604214,25780.80623567378,24960.699766022313,0.0,pvalloc_29nbfs_LRG2_max_sCs6p8
5227,10273.051273992465,4773.742855619262,12375.566100188553,10273.051273992465,0.0,pvalloc_29nbfs_LRG2_max_sCs6p8
5228,0.24485689228101298,12343.140021910602,12343.140021910602,0.24485689228101298,0.0,pvalloc_29nbfs_LRG2_max_sCs6p8
5229,0.0,17463.787611216965,17463.787611216965,0.0,0.0,pvalloc_29nbfs_LRG2_max_sCs6p8
5230,0.0,16776.24576513662,16776.24576513662,0.0,0.0,pvalloc_29nbfs_LRG2_max_sCs6p8
5231,0.0,13863.094861205218,13863.094861205218,0.0,0.0,pvalloc_29nbfs_LRG2_max_sCs6p8
5232,0.0,12379.083196074876,12379.083196074876,0.0,0.0,pvalloc_29nbfs_LRG2_max_sCs6p8
5233,0.0,10840.796451126309,10840.796451126309,0.0,0.0,pvalloc_29nbfs_LRG2_max_sCs6p8
5234,0.0,8839.193140860432,8839.193140860432,0.0,0.0,pvalloc_29nbfs_LRG2_max_sCs6p8
5235,0.0,7691.549078353807,7691.549078353807,0.0,0.0,pvalloc_29nbfs_LRG2_max_sCs6p8
5236,0.0,6881.188714069509,6881.188714069509,0.0,0.0,pvalloc_29nbfs_LRG2_max_sCs6p8
5237,0.0,7020.828203404439,7020.828203404439,0.0,0.0,pvalloc_29nbfs_LRG2_max_sCs6p8
5238,66.5231505746988,4740.605062215981,4741.289425033181,66.5231505746988,0.0,pvalloc_29nbfs_LRG2_max_sCs6p8
5239,11464.075074517186,2608.5475522770566,12195.187168589795,11464.075074517186,0.0,pvalloc_29nbfs_LRG2_max_sCs6p8
5240,24410.453932445667,2926.80034950039,24814.98714439407,24410.453932445667,0.0,pvalloc_29nbfs_LRG2_max_sCs6p8
5241,48310.51205523347,3153.0013742233314,48475.96737728173,47676.347425270695,634.1646299627761,pvalloc_29nbfs_LRG2_max_sCs6p8
5242,62269.410472313146,3597.429384920324,62422.65729897001,58924.25642673575,3345.1540455773775,pvalloc_29nbfs_LRG2_max_sCs6p8
5243,68825.51896927404,3909.5264428483797,68991.92081234792,63528.87105913773,5296.64791013632,pvalloc_29nbfs_LRG2_max_sCs6p8
5244,56487.53515082044,4417.742615013537,56803.85660024463,54429.46160747347,2058.073543346947,pvalloc_29nbfs_LRG2_max_sCs6p8
5245,54918.51173713663,4932.270239343676,55368.13048547397,53140.2908787828,1778.2208583538277,pvalloc_29nbfs_LRG2_max_sCs6p8
5246,51257.56629670398,4986.505918754786,51805.24024888727,50050.38490648147,1207.181390222525,pvalloc_29nbfs_LRG2_max_sCs6p8
5247,51001.504488176826,4681.045520196617,51476.51284496667,49849.26534856555,1152.239139611282,pvalloc_29nbfs_LRG2_max_sCs6p8
5248,43376.56921741281,4129.340833486844,43833.0722110616,43078.99941849194,297.5697989208791,pvalloc_29nbfs_LRG2_max_sCs6p8
5249,35408.05330565272,4003.7049407751065,35942.704531615476,35346.52312717761,61.530178475114724,pvalloc_29nbfs_LRG2_max_sCs6p8
5250,18128.73437395628,4538.755014521934,19495.341541785296,18128.73437395628,0.0,pvalloc_29nbfs_LRG2_max_sCs6p8
5251,8336.253289042425,5133.321600625255,10856.244016515277,8336.253289042425,0.0,pvalloc_29nbfs_LRG2_max_sCs6p8
5252,0.0,18999.791353488374,18999.791353488374,0.0,0.0,pvalloc_29nbfs_LRG2_max_sCs6p8
5253,0.0,19290.580116971654,19290.580116971654,0.0,0.0,pvalloc_29nbfs_LRG2_max_sCs6p8
5254,0.0,16835.26838147422,16835.26838147422,0.0,0.0,pvalloc_29nbfs_LRG2_max_sCs6p8
5255,0.0,14924.78827852718,14924.78827852718,0.0,0.0,pvalloc_29nbfs_LRG2_max_sCs6p8
5256,0.0,13381.168060104113,13381.168060104113,0.0,0.0,pvalloc_29nbfs_LRG2_max_sCs6p8
5257,0.0,10539.960012448035,10539.960012448035,0.0,0.0,pvalloc_29nbfs_LRG2_max_sCs6p8
5258,0.0,8429.066249258416,8429.066249258416,0.0,0.0,pvalloc_29nbfs_LRG2_max_sCs6p8
5259,0.0,7662.686930720702,7662.686930720702,0.0,0.0,pvalloc_29nbfs_LRG2_max_sCs6p8
5260,0.0,6987.569716052491,6987.569716052491,0.0,0.0,pvalloc_29nbfs_LRG2_max_sCs6p8
5261,0.0,6946.060646242223,6946.060646242223,0.0,0.0,pvalloc_29nbfs_LRG2_max_sCs6p8
5262,58.77414966362198,4987.185414355002,4987.808483282147,58.77414966362198,0.0,pvalloc_29nbfs_LRG2_max_sCs6p8
5263,12692.727380332979,2562.7999243101317,13331.391627817671,12692.727380332979,0.0,pvalloc_29nbfs_LRG2_max_sCs6p8
5264,33512.54664536056,2855.923357984155,33748.36969744348,33508.62912168701,3.91752367356014,pvalloc_29nbfs_LRG2_max_sCs6p8
5265,56209.796178450495,2947.0176030192715,56322.53227848472,54286.041878161814,1923.7543002886714,pvalloc_29nbfs_LRG2_max_sCs6p8
5266,75240.25240488544,3724.180725600381,75357.26139392924,67686.55219216613,7553.700212719369,pvalloc_29nbfs_LRG2_max_sCs6p8
5267,88845.10263389852,4799.89119405418,89015.56651367767,75243.63943395161,13601.463199946907,pvalloc_29nbfs_LRG2_max_sCs6p8
5268,86138.43749189333,5847.823697744466,86472.57142792681,73825.26241288593,12313.175079007353,pvalloc_29nbfs_LRG2_max_sCs6p8
5269,91036.0929929517,5814.373056847966,91325.87890507291,76244.73405380882,14791.35893914287,pvalloc_29nbfs_LRG2_max_sCs6p8
5270,91521.13938752442,5228.389878327344,91790.68459256525,76221.88026782712,15299.259119697344,pvalloc_29nbfs_LRG2_max_sCs6p8
5271,83063.04076402313,5019.988409802839,83325.0467029474,71934.75640810624,11128.2843559169,pvalloc_29nbfs_LRG2_max_sCs6p8
5272,69204.34637887322,4778.319442898873,69492.08728834798,63670.16680957712,5534.179569295967,pvalloc_29nbfs_LRG2_max_sCs6p8
5273,52134.679818170196,4342.688132370841,52510.06831855782,50817.96034801646,1316.7194701537273,pvalloc_29nbfs_LRG2_max_sCs6p8
5274,31269.186752786907,4443.012834285643,32033.33788319229,31269.186752786907,0.0,pvalloc_29nbfs_LRG2_max_sCs6p8
5275,12677.860008555781,4708.975906061896,14451.057310687274,12677.860008555781,0.0,pvalloc_29nbfs_LRG2_max_sCs6p8
5276,0.001144878417680309,16107.613846584281,16107.613846584281,0.001144878417680309,0.0,pvalloc_29nbfs_LRG2_max_sCs6p8
5277,0.0,16661.54003587522,16661.54003587522,0.0,0.0,pvalloc_29nbfs_LRG2_max_sCs6p8
5278,0.0,16071.87963882066,16071.87963882066,0.0,0.0,pvalloc_29nbfs_LRG2_max_sCs6p8
5279,0.0,16513.61501158644,16513.61501158644,0.0,0.0,pvalloc_29nbfs_LRG2_max_sCs6p8
5280,0.0,14223.402737580198,14223.402737580198,0.0,0.0,pvalloc_29nbfs_LRG2_max_sCs6p8
5281,0.0,10189.901163932847,10189.901163932847,0.0,0.0,pvalloc_29nbfs_LRG2_max_sCs6p8
5282,0.0,9219.908618123189,9219.908618123189,0.0,0.0,pvalloc_29nbfs_LRG2_max_sCs6p8
5283,0.0,8077.212368111326,8077.212368111326,0.0,0.0,pvalloc_29nbfs_LRG2_max_sCs6p8
5284,0.0,7416.388772703774,7416.388772703774,0.0,0.0,pvalloc_29nbfs_LRG2_max_sCs6p8
5285,0.0,7104.393955178768,7104.393955178768,0.0,0.0,pvalloc_29nbfs_LRG2_max_sCs6p8
5286,19.59757862188574,5505.136660995314,5505.399189729948,19.59757862188574,0.0,pvalloc_29nbfs_LRG2_max_sCs6p8
5287,11802.11247884953,2604.3799552859473,12508.779261729056,11802.11247884953,0.0,pvalloc_29nbfs_LRG2_max_sCs6p8
5288,33679.01205675766,2762.6363768464144,33894.62887810142,33672.76172389314,6.250332864517475,pvalloc_29nbfs_LRG2_max_sCs6p8
5289,55896.84169539676,2764.8186869501424,55998.013804396964,54032.66041574026,1864.1812796564977,pvalloc_29nbfs_LRG2_max_sCs6p8
5290,74197.62417657711,3621.1934035451072,74307.83605710047,67059.97682158915,7137.647354987961,pvalloc_29nbfs_LRG2_max_sCs6p8
5291,90233.405827765,4049.624798751081,90355.9330969781,75845.60528427888,14387.800543486139,pvalloc_29nbfs_LRG2_max_sCs6p8
5292,85631.36035787652,5618.68796144772,85933.06705747993,73561.51631973212,12069.84403814444,pvalloc_29nbfs_LRG2_max_sCs6p8
5293,91385.15395822456,5532.553255791079,91645.0401550224,76308.90678316964,15076.247175054923,pvalloc_29nbfs_LRG2_max_sCs6p8
5294,86763.69884817378,6652.282723875883,87219.49519150377,73914.54388065246,12849.154967521312,pvalloc_29nbfs_LRG2_max_sCs6p8
5295,80022.77688704792,6058.202216228882,80445.15312525514,70232.6846923767,9790.09219467128,pvalloc_29nbfs_LRG2_max_sCs6p8
5296,65456.99638899544,6116.163574127215,66044.96316437083,61113.871381545396,4343.12500745004,pvalloc_29nbfs_LRG2_max_sCs6p8
5297,49705.851499642806,5439.057345415636,50396.86268928627,48732.5528595227,973.2986401201013,pvalloc_29nbfs_LRG2_max_sCs6p8
5298,29315.026701841474,5432.796138110805,30519.38285781321,29315.026701841474,0.0,pvalloc_29nbfs_LRG2_max_sCs6p8
5299,8811.035163805467,6467.661082323221,12181.972752113643,8811.035163805467,0.0,pvalloc_29nbfs_LRG2_max_sCs6p8
5300,0.006800150706788702,16914.610374663505,16914.610374663505,0.006800150706788702,0.0,pvalloc_29nbfs_LRG2_max_sCs6p8
5301,0.0,19664.8737674663,19664.8737674663,0.0,0.0,pvalloc_29nbfs_LRG2_max_sCs6p8
5302,0.0,21717.297616531436,21717.297616531436,0.0,0.0,pvalloc_29nbfs_LRG2_max_sCs6p8
5303,0.0,17214.825474050005,17214.825474050005,0.0,0.0,pvalloc_29nbfs_LRG2_max_sCs6p8
5304,0.0,12578.207549128692,12578.207549128692,0.0,0.0,pvalloc_29nbfs_LRG2_max_sCs6p8
5305,0.0,10294.109997870488,10294.109997870488,0.0,0.0,pvalloc_29nbfs_LRG2_max_sCs6p8
5306,0.0,8325.709247505114,8325.709247505114,0.0,0.0,pvalloc_29nbfs_LRG2_max_sCs6p8
5307,0.0,7293.515981600714,7293.515981600714,0.0,0.0,pvalloc_29nbfs_LRG2_max_sCs6p8
5308,0.0,6735.774478834689,6735.774478834689,0.0,0.0,pvalloc_29nbfs_LRG2_max_sCs6p8
5309,0.0,6710.483943585053,6710.483943585053,0.0,0.0,pvalloc_29nbfs_LRG2_max_sCs6p8
5310,30.288361980515987,4984.62785286478,4985.0129783054535,30.288361980515987,0.0,pvalloc_29nbfs_LRG2_max_sCs6p8
5311,11754.163809333453,2510.391476639773,12421.503807651623,11754.163809333453,0.0,pvalloc_29nbfs_LRG2_max_sCs6p8
5312,32876.15291105582,2874.191419190469,33124.66313932903,32876.15291105582,0.0,pvalloc_29nbfs_LRG2_max_sCs6p8
5313,54826.25013996795,3219.6083908883197,54966.9338313969,53159.347876829066,1666.902263138888,pvalloc_29nbfs_LRG2_max_sCs6p8
5314,74972.44622249472,3688.513427694864,75098.60919108165,67489.51279986162,7482.933422633023,pvalloc_29nbfs_LRG2_max_sCs6p8
5315,91208.76746188603,3849.5490257300494,91321.43019609073,76301.3420201895,14907.425441696494,pvalloc_29nbfs_LRG2_max_sCs6p8
5316,85252.5700296394,5912.74140435089,85602.35610102436,73344.1063680033,11908.463661636117,pvalloc_29nbfs_LRG2_max_sCs6p8
5317,90977.70972602845,5414.898399191298,91217.76224659749,76186.33160890188,14791.378117126591,pvalloc_29nbfs_LRG2_max_sCs6p8
5318,88581.46963583757,5552.751468911757,88853.33696247848,74910.92318439878,13670.546451438811,pvalloc_29nbfs_LRG2_max_sCs6p8
5319,82035.36374764451,4916.794441733442,82268.69344914443,71436.3386643349,10599.025083309538,pvalloc_29nbfs_LRG2_max_sCs6p8
5320,67952.19028470636,4825.435749296605,68250.25753470957,62840.664425551455,5111.525859154929,pvalloc_29nbfs_LRG2_max_sCs6p8
5321,50067.63618782351,4697.238876115858,50524.695198729554,49105.06494722162,962.5712406018868,pvalloc_29nbfs_LRG2_max_sCs6p8
5322,31975.040593600505,3954.722502283086,32568.983507480018,31975.040593600505,0.0,pvalloc_29nbfs_LRG2_max_sCs6p8
5323,10839.717142933205,4741.966535882238,12906.431551180996,10839.717142933205,0.0,pvalloc_29nbfs_LRG2_max_sCs6p8
5324,0.6158641885272247,11780.00144828806,11780.00144828806,0.6158641885272247,0.0,pvalloc_29nbfs_LRG2_max_sCs6p8
5325,0.0,17798.4514230697,17798.4514230697,0.0,0.0,pvalloc_29nbfs_LRG2_max_sCs6p8
5326,0.0,19605.334016129706,19605.334016129706,0.0,0.0,pvalloc_29nbfs_LRG2_max_sCs6p8
5327,0.0,17993.3392447101,17993.3392447101,0.0,0.0,pvalloc_29nbfs_LRG2_max_sCs6p8
5328,0.0,14499.905393880888,14499.905393880888,0.0,0.0,pvalloc_29nbfs_LRG2_max_sCs6p8
5329,0.0,10706.798579119697,10706.798579119697,0.0,0.0,pvalloc_29nbfs_LRG2_max_sCs6p8
5330,0.0,8691.305275136961,8691.305275136961,0.0,0.0,pvalloc_29nbfs_LRG2_max_sCs6p8
5331,0.0,7299.838339654398,7299.838339654398,0.0,0.0,pvalloc_29nbfs_LRG2_max_sCs6p8
5332,0.0,6942.4868277889755,6942.4868277889755,0.0,0.0,pvalloc_29nbfs_LRG2_max_sCs6p8
5333,0.0,6828.1340130815815,6828.1340130815815,0.0,0.0,pvalloc_29nbfs_LRG2_max_sCs6p8
5334,10.234537740660677,5417.583463528182,5417.719054108583,10.234537740660677,0.0,pvalloc_29nbfs_LRG2_max_sCs6p8
5335,10507.933716012876,2805.7276794523495,11441.002242060955,10507.933716012876,0.0,pvalloc_29nbfs_LRG2_max_sCs6p8
5336,31594.835850070853,3234.2584163753477,31949.78687959339,31594.835850070853,0.0,pvalloc_29nbfs_LRG2_max_sCs6p8
5337,53937.22606926613,3412.452966649247,54105.79700357469,52421.09931679129,1516.1267524748496,pvalloc_29nbfs_LRG2_max_sCs6p8
5338,73888.43744378485,3725.3397949805412,74016.00820706277,66839.42181967883,7049.0156241060695,pvalloc_29nbfs_LRG2_max_sCs6p8
5339,89064.74997400437,4022.855949025854,89182.1904060883,75281.90396549723,13782.84600850708,pvalloc_29nbfs_LRG2_max_sCs6p8
5340,84378.91010549535,5739.866137209854,84727.49158802733,72969.59011118108,11409.319994314219,pvalloc_29nbfs_LRG2_max_sCs6p8
5341,88677.66917201126,5708.3125984479,88968.36929317613,75102.84970494591,13574.819467065321,pvalloc_29nbfs_LRG2_max_sCs6p8
5342,85489.6104816041,6552.191424627519,85947.1333210968,73438.23234956877,12051.378132035336,pvalloc_29nbfs_LRG2_max_sCs6p8
5343,80367.89480058626,5458.920982125164,80677.98095661728,70492.25570819697,9875.639092389214,pvalloc_29nbfs_LRG2_max_sCs6p8
5344,68398.34755323776,4524.157448710912,68656.25884179454,63132.5571730149,5265.790380222828,pvalloc_29nbfs_LRG2_max_sCs6p8
5345,48975.48712101777,4481.25402581536,49397.76346290308,48184.097355922124,791.3897650956325,pvalloc_29nbfs_LRG2_max_sCs6p8
5346,29297.271863870228,4463.9137644039365,30124.502802805135,29297.271863870228,0.0,pvalloc_29nbfs_LRG2_max_sCs6p8
5347,7445.8152717398025,6365.065919129612,10948.962910800703,7445.8152717398025,0.0,pvalloc_29nbfs_LRG2_max_sCs6p8
5348,0.0,15989.303215837635,15989.303215837635,0.0,0.0,pvalloc_29nbfs_LRG2_max_sCs6p8
5349,0.0,16826.71504393423,16826.71504393423,0.0,0.0,pvalloc_29nbfs_LRG2_max_sCs6p8
5350,0.0,17455.218388780384,17455.218388780384,0.0,0.0,pvalloc_29nbfs_LRG2_max_sCs6p8
5351,0.0,17312.601875985758,17312.601875985758,0.0,0.0,pvalloc_29nbfs_LRG2_max_sCs6p8
5352,0.0,14414.143741518077,14414.143741518077,0.0,0.0,pvalloc_29nbfs_LRG2_max_sCs6p8
5353,0.0,9954.17201230051,9954.17201230051,0.0,0.0,pvalloc_29nbfs_LRG2_max_sCs6p8
5354,0.0,8448.30823253127,8448.30823253127,0.0,0.0,pvalloc_29nbfs_LRG2_max_sCs6p8
5355,0.0,7461.470557932397,7461.470557932397,0.0,0.0,pvalloc_29nbfs_LRG2_max_sCs6p8
5356,0.0,6904.553782501743,6904.553782501743,0.0,0.0,pvalloc_29nbfs_LRG2_max_sCs6p8
5357,0.0,6785.528064411384,6785.528064411384,0.0,0.0,pvalloc_29nbfs_LRG2_max_sCs6p8
5358,16.185624103185038,5397.8509538337175,5398.080917709875,16.185624103185038,0.0,pvalloc_29nbfs_LRG2_max_sCs6p8
5359,10624.875063543832,2700.298911205007,11467.180282769512,10624.875063543832,0.0,pvalloc_29nbfs_LRG2_max_sCs6p8
5360,31821.921218431246,3036.40896048142,32122.47623586627,31821.921218431246,0.0,pvalloc_29nbfs_LRG2_max_sCs6p8
5361,51638.64628921108,4021.355996766954,51942.47419644023,50513.697478384776,1124.948810826316,pvalloc_29nbfs_LRG2_max_sCs6p8
5362,72726.38242812989,4119.283662091849,72890.5822524553,66139.22404161049,6587.158386519459,pvalloc_29nbfs_LRG2_max_sCs6p8
5363,86952.0237457325,4994.413148930265,87160.56011755118,74318.5057020862,12633.518043646236,pvalloc_29nbfs_LRG2_max_sCs6p8
5364,84907.04407266127,5829.299955704658,85268.16033253996,73253.94658668559,11653.097485975642,pvalloc_29nbfs_LRG2_max_sCs6p8
5365,87861.10769356784,6393.657561636473,88294.57897841057,74773.08554809731,13088.022145470477,pvalloc_29nbfs_LRG2_max_sCs6p8
5366,90093.0472617457,5273.29986230678,90331.03657182213,75676.88048364874,14416.16677809695,pvalloc_29nbfs_LRG2_max_sCs6p8
5367,81549.52933959823,4898.2662445949545,81776.297706901,71196.14399524496,10353.385344353266,pvalloc_29nbfs_LRG2_max_sCs6p8
5368,67799.29279740437,4601.101082774658,68055.98101658656,62803.268426285984,4996.024371118347,pvalloc_29nbfs_LRG2_max_sCs6p8
5369,48938.81094953448,4696.5230964192815,49401.9593201845,48176.54929288526,762.2616566492229,pvalloc_29nbfs_LRG2_max_sCs6p8
5370,28015.34533489841,4838.620678600682,29082.257327446903,28015.34533489841,0.0,pvalloc_29nbfs_LRG2_max_sCs6p8
5371,9369.800152220521,5175.796305366134,11830.268098991735,9369.800152220521,0.0,pvalloc_29nbfs_LRG2_max_sCs6p8
5372,0.0,16855.432426069,16855.432426069,0.0,0.0,pvalloc_29nbfs_LRG2_max_sCs6p8
5373,0.0,17345.89249504484,17345.89249504484,0.0,0.0,pvalloc_29nbfs_LRG2_max_sCs6p8
5374,0.0,16579.52219038973,16579.52219038973,0.0,0.0,pvalloc_29nbfs_LRG2_max_sCs6p8
5375,0.0,15251.446364993697,15251.446364993697,0.0,0.0,pvalloc_29nbfs_LRG2_max_sCs6p8
5376,0.0,13188.262672566276,13188.262672566276,0.0,0.0,pvalloc_29nbfs_LRG2_max_sCs6p8
5377,0.0,11323.92566649367,11323.92566649367,0.0,0.0,pvalloc_29nbfs_LRG2_max_sCs6p8
5378,0.0,9734.491596408214,9734.491596408214,0.0,0.0,pvalloc_29nbfs_LRG2_max_sCs6p8
5379,0.0,8493.11069650855,8493.11069650855,0.0,0.0,pvalloc_29nbfs_LRG2_max_sCs6p8
5380,0.0,7434.25510738279,7434.25510738279,0.0,0.0,pvalloc_29nbfs_LRG2_max_sCs6p8
5381,0.0,7087.350693282779,7087.350693282779,0.0,0.0,pvalloc_29nbfs_LRG2_max_sCs6p8
5382,6.517592995073649,5749.21977694815,5749.319167757991,6.517592995073649,0.0,pvalloc_29nbfs_LRG2_max_sCs6p8
5383,10255.797266140471,2774.432679091851,11159.998401976822,10255.797266140471,0.0,pvalloc_29nbfs_LRG2_max_sCs6p8
5384,32076.333280288858,2885.4651868706756,32344.056598681822,32076.333280288858,0.0,pvalloc_29nbfs_LRG2_max_sCs6p8
5385,54210.85178460322,3220.8269011536877,54356.45726546906,52641.84386397487,1569.0079206283453,pvalloc_29nbfs_LRG2_max_sCs6p8
5386,72818.068316653,3904.9672035988597,72957.85445064706,66188.58003427643,6629.488282376681,pvalloc_29nbfs_LRG2_max_sCs6p8
5387,88435.88553953104,4434.517889888836,88583.85246159454,74966.75108191068,13469.134457620377,pvalloc_29nbfs_LRG2_max_sCs6p8
5388,85527.8690966362,5516.58276710818,85812.63542157198,73492.17191494984,12035.697181686364,pvalloc_29nbfs_LRG2_max_sCs6p8
5389,89262.37252355044,5835.246990850176,89564.95524871231,75344.10742186735,13918.265101683128,pvalloc_29nbfs_LRG2_max_sCs6p8
5390,85628.85079575983,6239.483084536436,86017.90064962913,73455.18872016833,12173.662075591506,pvalloc_29nbfs_LRG2_max_sCs6p8
5391,78831.45928478161,5603.673912509947,79168.08216934613,69676.94392364596,9154.515361135673,pvalloc_29nbfs_LRG2_max_sCs6p8
5392,64789.186332482896,5314.259007873459,65197.66299045444,60742.922648258274,4046.263684224635,pvalloc_29nbfs_LRG2_max_sCs6p8
5393,46006.56940549502,5337.97488922127,46718.110835087806,45561.49289448377,445.0765110112567,pvalloc_29nbfs_LRG2_max_sCs6p8
5394,27037.428214958127,4953.890353601167,28203.325014885908,27037.428214958127,0.0,pvalloc_29nbfs_LRG2_max_sCs6p8
5395,6322.759582887521,7004.414085045992,10431.511964138628,6322.759582887521,0.0,pvalloc_29nbfs_LRG2_max_sCs6p8
5396,0.0,17145.53366735956,17145.53366735956,0.0,0.0,pvalloc_29nbfs_LRG2_max_sCs6p8
5397,0.0,18592.212130355496,18592.212130355496,0.0,0.0,pvalloc_29nbfs_LRG2_max_sCs6p8
5398,0.0,17959.2808656008,17959.2808656008,0.0,0.0,pvalloc_29nbfs_LRG2_max_sCs6p8
5399,0.0,15321.147510146637,15321.147510146637,0.0,0.0,pvalloc_29nbfs_LRG2_max_sCs6p8
5400,0.0,13722.161589340783,13722.161589340783,0.0,0.0,pvalloc_29nbfs_LRG2_max_sCs6p8
5401,0.0,10430.229263731497,10430.229263731497,0.0,0.0,pvalloc_29nbfs_LRG2_max_sCs6p8
5402,0.0,8829.571873465273,8829.571873465273,0.0,0.0,pvalloc_29nbfs_LRG2_max_sCs6p8
5403,0.0,7657.188196967485,7657.188196967485,0.0,0.0,pvalloc_29nbfs_LRG2_max_sCs6p8
5404,0.0,7455.696363549953,7455.696363549953,0.0,0.0,pvalloc_29nbfs_LRG2_max_sCs6p8
5405,0.0,7031.549107246736,7031.549107246736,0.0,0.0,pvalloc_29nbfs_LRG2_max_sCs6p8
5406,1.9991247344507341,6089.505719974938,6089.5530709674695,1.9991247344507341,0.0,pvalloc_29nbfs_LRG2_max_sCs6p8
5407,10248.59599493051,2615.8230877652763,11052.228442333299,10248.59599493051,0.0,pvalloc_29nbfs_LRG2_max_sCs6p8
5408,29311.068610601214,3028.8959822864135,29650.103570180825,29311.068610601214,0.0,pvalloc_29nbfs_LRG2_max_sCs6p8
5409,48773.61524171461,3991.155613609266,49090.48332622405,48078.932927104215,694.6823146103902,pvalloc_29nbfs_LRG2_max_sCs6p8
5410,67059.35856163497,3842.5907988668373,67221.26195832764,62355.236566632826,4704.121995002045,pvalloc_29nbfs_LRG2_max_sCs6p8
5411,74861.05192284836,4142.077901452241,75032.99448443713,67363.19972502512,7497.852197823197,pvalloc_29nbfs_LRG2_max_sCs6p8
5412,63317.9543848965,5462.248967367671,63798.00254802498,59689.63113985241,3628.3232450440887,pvalloc_29nbfs_LRG2_max_sCs6p8
5413,62784.60024404797,6093.536497442052,63415.02978504123,59242.14399606547,3542.456247982504,pvalloc_29nbfs_LRG2_max_sCs6p8
5414,57286.76799819248,6035.222471724784,58010.12617799344,54913.67541634711,2373.092581845362,pvalloc_29nbfs_LRG2_max_sCs6p8
5415,46215.12688671675,5488.195110813743,46974.21733965569,45702.41840194326,512.7084847734886,pvalloc_29nbfs_LRG2_max_sCs6p8
5416,34376.39310105418,5014.3863413367235,35266.87776760406,34326.739647619586,49.65345343459171,pvalloc_29nbfs_LRG2_max_sCs6p8
5417,27445.24190276045,4820.376655543135,28498.26385626907,27445.24190276045,0.0,pvalloc_29nbfs_LRG2_max_sCs6p8
5418,11361.870402659264,5233.965680051632,13695.225876934854,11361.870402659264,0.0,pvalloc_29nbfs_LRG2_max_sCs6p8
5419,2517.557056890283,6574.27951575607,7235.854961358215,2517.557056890283,0.0,pvalloc_29nbfs_LRG2_max_sCs6p8
5420,0.0,14157.129203575763,14157.129203575763,0.0,0.0,pvalloc_29nbfs_LRG2_max_sCs6p8
5421,0.0,16175.317955120869,16175.317955120869,0.0,0.0,pvalloc_29nbfs_LRG2_max_sCs6p8
5422,0.0,16617.529616008727,16617.529616008727,0.0,0.0,pvalloc_29nbfs_LRG2_max_sCs6p8
5423,0.0,15583.466132818583,15583.466132818583,0.0,0.0,pvalloc_29nbfs_LRG2_max_sCs6p8
5424,0.0,13573.678772779584,13573.678772779584,0.0,0.0,pvalloc_29nbfs_LRG2_max_sCs6p8
