scen,iter,col,category,count
pvalloc_LRG3_max,1,GKLAS,1121,36
pvalloc_LRG3_max,1,GKLAS,1122,231
pvalloc_LRG3_max,1,GKLAS,1110,132
pvalloc_LRG3_max,1,are_typ,Suburban,162
pvalloc_LRG3_max,1,are_typ,Urban,170
pvalloc_LRG3_max,1,are_typ,Rural,67
pvalloc_LRG3_max,1,heatpump_TF,heatpump,147
pvalloc_LRG3_max,1,heatpump_TF,no_heatpump,252
pvalloc_LRG3_max,1,filter_tag,na,266
pvalloc_LRG3_max,1,filter_tag,eastwest_80pr,35
pvalloc_LRG3_max,1,filter_tag,south_50pr,38
pvalloc_LRG3_max,1,filter_tag,south_40pr,47
pvalloc_LRG3_max,1,filter_tag,eastwest_70pr,13
pvalloc_LRG3_max,2,GKLAS,1121,62
pvalloc_LRG3_max,2,GKLAS,1122,242
pvalloc_LRG3_max,2,GKLAS,1110,289
pvalloc_LRG3_max,2,are_typ,Rural,124
pvalloc_LRG3_max,2,are_typ,Urban,257
pvalloc_LRG3_max,2,are_typ,Suburban,212
pvalloc_LRG3_max,2,heatpump_TF,no_heatpump,417
pvalloc_LRG3_max,2,heatpump_TF,heatpump,176
pvalloc_LRG3_max,2,filter_tag,eastwest_80pr,50
pvalloc_LRG3_max,2,filter_tag,south_40pr,80
pvalloc_LRG3_max,2,filter_tag,south_50pr,60
pvalloc_LRG3_max,2,filter_tag,eastwest_70pr,21
pvalloc_LRG3_max,2,filter_tag,na,382
pvalloc_LRG3_max,3,GKLAS,1122,281
pvalloc_LRG3_max,3,GKLAS,1110,500
pvalloc_LRG3_max,3,GKLAS,1121,82
pvalloc_LRG3_max,3,are_typ,Rural,191
pvalloc_LRG3_max,3,are_typ,Suburban,334
pvalloc_LRG3_max,3,are_typ,Urban,338
pvalloc_LRG3_max,3,heatpump_TF,heatpump,206
pvalloc_LRG3_max,3,heatpump_TF,no_heatpump,657
pvalloc_LRG3_max,3,filter_tag,south_50pr,99
pvalloc_LRG3_max,3,filter_tag,eastwest_80pr,84
pvalloc_LRG3_max,3,filter_tag,south_40pr,104
pvalloc_LRG3_max,3,filter_tag,na,543
pvalloc_LRG3_max,3,filter_tag,eastwest_70pr,33
pvalloc_LRG3_max,4,GKLAS,1110,674
pvalloc_LRG3_max,4,GKLAS,1121,118
pvalloc_LRG3_max,4,GKLAS,1122,360
pvalloc_LRG3_max,4,are_typ,Urban,460
pvalloc_LRG3_max,4,are_typ,Suburban,458
pvalloc_LRG3_max,4,are_typ,Rural,234
pvalloc_LRG3_max,4,heatpump_TF,no_heatpump,882
pvalloc_LRG3_max,4,heatpump_TF,heatpump,270
pvalloc_LRG3_max,4,filter_tag,eastwest_80pr,101
pvalloc_LRG3_max,4,filter_tag,eastwest_70pr,55
pvalloc_LRG3_max,4,filter_tag,south_40pr,127
pvalloc_LRG3_max,4,filter_tag,south_50pr,129
pvalloc_LRG3_max,4,filter_tag,na,740
pvalloc_LRG3_max,5,GKLAS,1122,451
pvalloc_LRG3_max,5,GKLAS,1110,929
pvalloc_LRG3_max,5,GKLAS,1121,137
pvalloc_LRG3_max,5,are_typ,Urban,643
pvalloc_LRG3_max,5,are_typ,Rural,342
pvalloc_LRG3_max,5,are_typ,Suburban,532
pvalloc_LRG3_max,5,heatpump_TF,no_heatpump,1186
pvalloc_LRG3_max,5,heatpump_TF,heatpump,331
pvalloc_LRG3_max,5,filter_tag,na,1008
pvalloc_LRG3_max,5,filter_tag,eastwest_80pr,138
pvalloc_LRG3_max,5,filter_tag,eastwest_70pr,74
pvalloc_LRG3_max,5,filter_tag,south_50pr,145
pvalloc_LRG3_max,5,filter_tag,south_40pr,152
pvalloc_LRG3_max,6,GKLAS,1110,1479
pvalloc_LRG3_max,6,GKLAS,1122,466
pvalloc_LRG3_max,6,GKLAS,1121,187
pvalloc_LRG3_max,6,are_typ,Suburban,747
pvalloc_LRG3_max,6,are_typ,Urban,871
pvalloc_LRG3_max,6,are_typ,Rural,514
pvalloc_LRG3_max,6,heatpump_TF,heatpump,458
pvalloc_LRG3_max,6,heatpump_TF,no_heatpump,1674
pvalloc_LRG3_max,6,filter_tag,na,1333
pvalloc_LRG3_max,6,filter_tag,south_50pr,245
pvalloc_LRG3_max,6,filter_tag,eastwest_80pr,220
pvalloc_LRG3_max,6,filter_tag,eastwest_70pr,89
pvalloc_LRG3_max,6,filter_tag,south_40pr,245
pvalloc_LRG3_max,7,GKLAS,1121,230
pvalloc_LRG3_max,7,GKLAS,1122,481
pvalloc_LRG3_max,7,GKLAS,1110,2178
pvalloc_LRG3_max,7,are_typ,Suburban,1018
pvalloc_LRG3_max,7,are_typ,Rural,666
pvalloc_LRG3_max,7,are_typ,Urban,1205
pvalloc_LRG3_max,7,heatpump_TF,heatpump,554
pvalloc_LRG3_max,7,heatpump_TF,no_heatpump,2335
pvalloc_LRG3_max,7,filter_tag,south_40pr,258
pvalloc_LRG3_max,7,filter_tag,na,1843
pvalloc_LRG3_max,7,filter_tag,eastwest_80pr,327
pvalloc_LRG3_max,7,filter_tag,south_50pr,335
pvalloc_LRG3_max,7,filter_tag,eastwest_70pr,126
pvalloc_LRG3_max,8,GKLAS,1122,446
pvalloc_LRG3_max,8,GKLAS,1110,3052
pvalloc_LRG3_max,8,GKLAS,1121,330
pvalloc_LRG3_max,8,are_typ,Suburban,1328
pvalloc_LRG3_max,8,are_typ,Rural,886
pvalloc_LRG3_max,8,are_typ,Urban,1614
pvalloc_LRG3_max,8,heatpump_TF,heatpump,414
pvalloc_LRG3_max,8,heatpump_TF,no_heatpump,3414
pvalloc_LRG3_max,8,filter_tag,eastwest_80pr,350
pvalloc_LRG3_max,8,filter_tag,na,2485
pvalloc_LRG3_max,8,filter_tag,south_40pr,393
pvalloc_LRG3_max,8,filter_tag,eastwest_70pr,151
pvalloc_LRG3_max,8,filter_tag,south_50pr,449
pvalloc_LRG3_max,9,GKLAS,1122,162
pvalloc_LRG3_max,9,GKLAS,1121,303
pvalloc_LRG3_max,9,GKLAS,1110,4893
pvalloc_LRG3_max,9,are_typ,Suburban,1708
pvalloc_LRG3_max,9,are_typ,Urban,2590
pvalloc_LRG3_max,9,are_typ,Rural,1060
pvalloc_LRG3_max,9,heatpump_TF,no_heatpump,5247
pvalloc_LRG3_max,9,heatpump_TF,heatpump,111
pvalloc_LRG3_max,9,filter_tag,south_40pr,554
pvalloc_LRG3_max,9,filter_tag,eastwest_80pr,566
pvalloc_LRG3_max,9,filter_tag,eastwest_70pr,234
pvalloc_LRG3_max,9,filter_tag,na,3331
pvalloc_LRG3_max,9,filter_tag,south_50pr,673
pvalloc_LRG3_max,10,GKLAS,1121,151
pvalloc_LRG3_max,10,GKLAS,1122,110
pvalloc_LRG3_max,10,GKLAS,1110,4995
pvalloc_LRG3_max,10,are_typ,Suburban,1570
pvalloc_LRG3_max,10,are_typ,Rural,975
pvalloc_LRG3_max,10,are_typ,Urban,2711
pvalloc_LRG3_max,10,heatpump_TF,heatpump,61
pvalloc_LRG3_max,10,heatpump_TF,no_heatpump,5195
pvalloc_LRG3_max,10,filter_tag,south_50pr,748
pvalloc_LRG3_max,10,filter_tag,south_40pr,500
pvalloc_LRG3_max,10,filter_tag,na,3202
pvalloc_LRG3_max,10,filter_tag,eastwest_70pr,193
pvalloc_LRG3_max,10,filter_tag,eastwest_80pr,613
pvalloc_LRG3_max_1hll,1,GKLAS,1121,43
pvalloc_LRG3_max_1hll,1,GKLAS,1110,182
pvalloc_LRG3_max_1hll,1,GKLAS,1122,191
pvalloc_LRG3_max_1hll,1,are_typ,Urban,174
pvalloc_LRG3_max_1hll,1,are_typ,Rural,81
pvalloc_LRG3_max_1hll,1,are_typ,Suburban,161
pvalloc_LRG3_max_1hll,1,heatpump_TF,heatpump,164
pvalloc_LRG3_max_1hll,1,heatpump_TF,no_heatpump,252
pvalloc_LRG3_max_1hll,1,filter_tag,eastwest_80pr,25
pvalloc_LRG3_max_1hll,1,filter_tag,na,289
pvalloc_LRG3_max_1hll,1,filter_tag,eastwest_70pr,14
pvalloc_LRG3_max_1hll,1,filter_tag,south_50pr,46
pvalloc_LRG3_max_1hll,1,filter_tag,south_40pr,42
pvalloc_LRG3_max_1hll,2,GKLAS,1122,246
pvalloc_LRG3_max_1hll,2,GKLAS,1110,311
pvalloc_LRG3_max_1hll,2,GKLAS,1121,56
pvalloc_LRG3_max_1hll,2,are_typ,Rural,131
pvalloc_LRG3_max_1hll,2,are_typ,Suburban,218
pvalloc_LRG3_max_1hll,2,are_typ,Urban,264
pvalloc_LRG3_max_1hll,2,heatpump_TF,no_heatpump,445
pvalloc_LRG3_max_1hll,2,heatpump_TF,heatpump,168
pvalloc_LRG3_max_1hll,2,filter_tag,south_50pr,54
pvalloc_LRG3_max_1hll,2,filter_tag,eastwest_70pr,33
pvalloc_LRG3_max_1hll,2,filter_tag,eastwest_80pr,65
pvalloc_LRG3_max_1hll,2,filter_tag,south_40pr,70
pvalloc_LRG3_max_1hll,2,filter_tag,na,391
pvalloc_LRG3_max_1hll,3,GKLAS,1122,303
pvalloc_LRG3_max_1hll,3,GKLAS,1121,91
pvalloc_LRG3_max_1hll,3,GKLAS,1110,418
pvalloc_LRG3_max_1hll,3,are_typ,Rural,168
pvalloc_LRG3_max_1hll,3,are_typ,Urban,331
pvalloc_LRG3_max_1hll,3,are_typ,Suburban,313
pvalloc_LRG3_max_1hll,3,heatpump_TF,heatpump,196
pvalloc_LRG3_max_1hll,3,heatpump_TF,no_heatpump,616
pvalloc_LRG3_max_1hll,3,filter_tag,south_50pr,77
pvalloc_LRG3_max_1hll,3,filter_tag,na,527
pvalloc_LRG3_max_1hll,3,filter_tag,eastwest_70pr,34
pvalloc_LRG3_max_1hll,3,filter_tag,eastwest_80pr,80
pvalloc_LRG3_max_1hll,3,filter_tag,south_40pr,94
pvalloc_LRG3_max_1hll,4,GKLAS,1122,358
pvalloc_LRG3_max_1hll,4,GKLAS,1121,125
pvalloc_LRG3_max_1hll,4,GKLAS,1110,668
pvalloc_LRG3_max_1hll,4,are_typ,Rural,260
pvalloc_LRG3_max_1hll,4,are_typ,Suburban,433
pvalloc_LRG3_max_1hll,4,are_typ,Urban,458
pvalloc_LRG3_max_1hll,4,heatpump_TF,heatpump,267
pvalloc_LRG3_max_1hll,4,heatpump_TF,no_heatpump,884
pvalloc_LRG3_max_1hll,4,filter_tag,eastwest_80pr,123
pvalloc_LRG3_max_1hll,4,filter_tag,eastwest_70pr,62
pvalloc_LRG3_max_1hll,4,filter_tag,na,703
pvalloc_LRG3_max_1hll,4,filter_tag,south_50pr,125
pvalloc_LRG3_max_1hll,4,filter_tag,south_40pr,138
pvalloc_LRG3_max_1hll,5,GKLAS,1122,442
pvalloc_LRG3_max_1hll,5,GKLAS,1121,152
pvalloc_LRG3_max_1hll,5,GKLAS,1110,943
pvalloc_LRG3_max_1hll,5,are_typ,Urban,618
pvalloc_LRG3_max_1hll,5,are_typ,Rural,363
pvalloc_LRG3_max_1hll,5,are_typ,Suburban,556
pvalloc_LRG3_max_1hll,5,heatpump_TF,no_heatpump,1170
pvalloc_LRG3_max_1hll,5,heatpump_TF,heatpump,367
pvalloc_LRG3_max_1hll,5,filter_tag,south_40pr,184
pvalloc_LRG3_max_1hll,5,filter_tag,eastwest_70pr,61
pvalloc_LRG3_max_1hll,5,filter_tag,south_50pr,176
pvalloc_LRG3_max_1hll,5,filter_tag,na,974
pvalloc_LRG3_max_1hll,5,filter_tag,eastwest_80pr,142
pvalloc_LRG3_max_1hll,6,GKLAS,1110,1485
pvalloc_LRG3_max_1hll,6,GKLAS,1122,477
pvalloc_LRG3_max_1hll,6,GKLAS,1121,168
pvalloc_LRG3_max_1hll,6,are_typ,Urban,859
pvalloc_LRG3_max_1hll,6,are_typ,Rural,498
pvalloc_LRG3_max_1hll,6,are_typ,Suburban,773
pvalloc_LRG3_max_1hll,6,heatpump_TF,heatpump,455
pvalloc_LRG3_max_1hll,6,heatpump_TF,no_heatpump,1675
pvalloc_LRG3_max_1hll,6,filter_tag,south_40pr,218
pvalloc_LRG3_max_1hll,6,filter_tag,eastwest_80pr,215
pvalloc_LRG3_max_1hll,6,filter_tag,south_50pr,230
pvalloc_LRG3_max_1hll,6,filter_tag,na,1397
pvalloc_LRG3_max_1hll,6,filter_tag,eastwest_70pr,70
pvalloc_LRG3_max_1hll,7,GKLAS,1110,2165
pvalloc_LRG3_max_1hll,7,GKLAS,1122,477
pvalloc_LRG3_max_1hll,7,GKLAS,1121,254
pvalloc_LRG3_max_1hll,7,are_typ,Suburban,1015
pvalloc_LRG3_max_1hll,7,are_typ,Urban,1170
pvalloc_LRG3_max_1hll,7,are_typ,Rural,711
pvalloc_LRG3_max_1hll,7,heatpump_TF,no_heatpump,2359
pvalloc_LRG3_max_1hll,7,heatpump_TF,heatpump,537
pvalloc_LRG3_max_1hll,7,filter_tag,south_50pr,329
pvalloc_LRG3_max_1hll,7,filter_tag,eastwest_70pr,120
pvalloc_LRG3_max_1hll,7,filter_tag,south_40pr,294
pvalloc_LRG3_max_1hll,7,filter_tag,na,1827
pvalloc_LRG3_max_1hll,7,filter_tag,eastwest_80pr,326
pvalloc_LRG3_max_1hll,8,GKLAS,1122,447
pvalloc_LRG3_max_1hll,8,GKLAS,1110,3068
pvalloc_LRG3_max_1hll,8,GKLAS,1121,300
pvalloc_LRG3_max_1hll,8,are_typ,Suburban,1219
pvalloc_LRG3_max_1hll,8,are_typ,Urban,1773
pvalloc_LRG3_max_1hll,8,are_typ,Rural,823
pvalloc_LRG3_max_1hll,8,heatpump_TF,no_heatpump,3425
pvalloc_LRG3_max_1hll,8,heatpump_TF,heatpump,390
pvalloc_LRG3_max_1hll,8,filter_tag,south_50pr,449
pvalloc_LRG3_max_1hll,8,filter_tag,na,2487
pvalloc_LRG3_max_1hll,8,filter_tag,south_40pr,393
pvalloc_LRG3_max_1hll,8,filter_tag,eastwest_70pr,145
pvalloc_LRG3_max_1hll,8,filter_tag,eastwest_80pr,341
pvalloc_LRG3_max_1hll,9,GKLAS,1121,296
pvalloc_LRG3_max_1hll,9,GKLAS,1122,161
pvalloc_LRG3_max_1hll,9,GKLAS,1110,5019
pvalloc_LRG3_max_1hll,9,are_typ,Rural,1419
pvalloc_LRG3_max_1hll,9,are_typ,Suburban,1545
pvalloc_LRG3_max_1hll,9,are_typ,Urban,2512
pvalloc_LRG3_max_1hll,9,heatpump_TF,heatpump,95
pvalloc_LRG3_max_1hll,9,heatpump_TF,no_heatpump,5381
pvalloc_LRG3_max_1hll,9,filter_tag,eastwest_70pr,261
pvalloc_LRG3_max_1hll,9,filter_tag,eastwest_80pr,624
pvalloc_LRG3_max_1hll,9,filter_tag,na,3379
pvalloc_LRG3_max_1hll,9,filter_tag,south_40pr,524
pvalloc_LRG3_max_1hll,9,filter_tag,south_50pr,688
pvalloc_LRG3_max_1hll,10,GKLAS,1122,24
pvalloc_LRG3_max_1hll,10,GKLAS,1121,43
pvalloc_LRG3_max_1hll,10,GKLAS,1110,742
pvalloc_LRG3_max_1hll,10,are_typ,Urban,444
pvalloc_LRG3_max_1hll,10,are_typ,Rural,155
pvalloc_LRG3_max_1hll,10,are_typ,Suburban,210
pvalloc_LRG3_max_1hll,10,heatpump_TF,no_heatpump,804
pvalloc_LRG3_max_1hll,10,heatpump_TF,heatpump,5
pvalloc_LRG3_max_1hll,10,filter_tag,south_50pr,140
pvalloc_LRG3_max_1hll,10,filter_tag,south_40pr,81
pvalloc_LRG3_max_1hll,10,filter_tag,eastwest_80pr,71
pvalloc_LRG3_max_1hll,10,filter_tag,eastwest_70pr,33
pvalloc_LRG3_max_1hll,10,filter_tag,na,484
pvalloc_LRG3_max_elecpri15rp,1,GKLAS,1110,167
pvalloc_LRG3_max_elecpri15rp,1,GKLAS,1121,30
pvalloc_LRG3_max_elecpri15rp,1,GKLAS,1122,191
pvalloc_LRG3_max_elecpri15rp,1,are_typ,Rural,82
pvalloc_LRG3_max_elecpri15rp,1,are_typ,Suburban,156
pvalloc_LRG3_max_elecpri15rp,1,are_typ,Urban,150
pvalloc_LRG3_max_elecpri15rp,1,heatpump_TF,heatpump,91
pvalloc_LRG3_max_elecpri15rp,1,heatpump_TF,no_heatpump,297
pvalloc_LRG3_max_elecpri15rp,1,filter_tag,south_50pr,37
pvalloc_LRG3_max_elecpri15rp,1,filter_tag,na,257
pvalloc_LRG3_max_elecpri15rp,1,filter_tag,eastwest_80pr,36
pvalloc_LRG3_max_elecpri15rp,1,filter_tag,south_40pr,42
pvalloc_LRG3_max_elecpri15rp,1,filter_tag,eastwest_70pr,16
pvalloc_LRG3_max_elecpri15rp,2,GKLAS,1122,246
pvalloc_LRG3_max_elecpri15rp,2,GKLAS,1121,55
pvalloc_LRG3_max_elecpri15rp,2,GKLAS,1110,255
pvalloc_LRG3_max_elecpri15rp,2,are_typ,Rural,121
pvalloc_LRG3_max_elecpri15rp,2,are_typ,Suburban,209
pvalloc_LRG3_max_elecpri15rp,2,are_typ,Urban,226
pvalloc_LRG3_max_elecpri15rp,2,heatpump_TF,heatpump,108
pvalloc_LRG3_max_elecpri15rp,2,heatpump_TF,no_heatpump,448
pvalloc_LRG3_max_elecpri15rp,2,filter_tag,na,321
pvalloc_LRG3_max_elecpri15rp,2,filter_tag,south_50pr,71
pvalloc_LRG3_max_elecpri15rp,2,filter_tag,south_40pr,77
pvalloc_LRG3_max_elecpri15rp,2,filter_tag,eastwest_80pr,67
pvalloc_LRG3_max_elecpri15rp,2,filter_tag,eastwest_70pr,20
pvalloc_LRG3_max_elecpri15rp,3,GKLAS,1121,75
pvalloc_LRG3_max_elecpri15rp,3,GKLAS,1110,458
pvalloc_LRG3_max_elecpri15rp,3,GKLAS,1122,299
pvalloc_LRG3_max_elecpri15rp,3,are_typ,Rural,193
pvalloc_LRG3_max_elecpri15rp,3,are_typ,Suburban,292
pvalloc_LRG3_max_elecpri15rp,3,are_typ,Urban,347
pvalloc_LRG3_max_elecpri15rp,3,heatpump_TF,heatpump,142
pvalloc_LRG3_max_elecpri15rp,3,heatpump_TF,no_heatpump,690
pvalloc_LRG3_max_elecpri15rp,3,filter_tag,na,445
pvalloc_LRG3_max_elecpri15rp,3,filter_tag,eastwest_70pr,54
pvalloc_LRG3_max_elecpri15rp,3,filter_tag,south_50pr,106
pvalloc_LRG3_max_elecpri15rp,3,filter_tag,south_40pr,98
pvalloc_LRG3_max_elecpri15rp,3,filter_tag,eastwest_80pr,129
pvalloc_LRG3_max_elecpri15rp,4,GKLAS,1110,613
pvalloc_LRG3_max_elecpri15rp,4,GKLAS,1121,105
pvalloc_LRG3_max_elecpri15rp,4,GKLAS,1122,370
pvalloc_LRG3_max_elecpri15rp,4,are_typ,Urban,422
pvalloc_LRG3_max_elecpri15rp,4,are_typ,Rural,266
pvalloc_LRG3_max_elecpri15rp,4,are_typ,Suburban,400
pvalloc_LRG3_max_elecpri15rp,4,heatpump_TF,heatpump,194
pvalloc_LRG3_max_elecpri15rp,4,heatpump_TF,no_heatpump,894
pvalloc_LRG3_max_elecpri15rp,4,filter_tag,south_40pr,125
pvalloc_LRG3_max_elecpri15rp,4,filter_tag,eastwest_70pr,67
pvalloc_LRG3_max_elecpri15rp,4,filter_tag,eastwest_80pr,116
pvalloc_LRG3_max_elecpri15rp,4,filter_tag,south_50pr,130
pvalloc_LRG3_max_elecpri15rp,4,filter_tag,na,650
pvalloc_LRG3_max_elecpri15rp,5,GKLAS,1110,850
pvalloc_LRG3_max_elecpri15rp,5,GKLAS,1121,158
pvalloc_LRG3_max_elecpri15rp,5,GKLAS,1122,438
pvalloc_LRG3_max_elecpri15rp,5,are_typ,Rural,357
pvalloc_LRG3_max_elecpri15rp,5,are_typ,Suburban,532
pvalloc_LRG3_max_elecpri15rp,5,are_typ,Urban,557
pvalloc_LRG3_max_elecpri15rp,5,heatpump_TF,no_heatpump,1194
pvalloc_LRG3_max_elecpri15rp,5,heatpump_TF,heatpump,252
pvalloc_LRG3_max_elecpri15rp,5,filter_tag,south_50pr,149
pvalloc_LRG3_max_elecpri15rp,5,filter_tag,eastwest_80pr,183
pvalloc_LRG3_max_elecpri15rp,5,filter_tag,na,867
pvalloc_LRG3_max_elecpri15rp,5,filter_tag,eastwest_70pr,70
pvalloc_LRG3_max_elecpri15rp,5,filter_tag,south_40pr,177
pvalloc_LRG3_max_elecpri15rp,6,GKLAS,1122,492
pvalloc_LRG3_max_elecpri15rp,6,GKLAS,1110,1340
pvalloc_LRG3_max_elecpri15rp,6,GKLAS,1121,198
pvalloc_LRG3_max_elecpri15rp,6,are_typ,Urban,776
pvalloc_LRG3_max_elecpri15rp,6,are_typ,Suburban,744
pvalloc_LRG3_max_elecpri15rp,6,are_typ,Rural,510
pvalloc_LRG3_max_elecpri15rp,6,heatpump_TF,no_heatpump,1629
pvalloc_LRG3_max_elecpri15rp,6,heatpump_TF,heatpump,401
pvalloc_LRG3_max_elecpri15rp,6,filter_tag,na,1159
pvalloc_LRG3_max_elecpri15rp,6,filter_tag,eastwest_70pr,94
pvalloc_LRG3_max_elecpri15rp,6,filter_tag,south_40pr,237
pvalloc_LRG3_max_elecpri15rp,6,filter_tag,eastwest_80pr,316
pvalloc_LRG3_max_elecpri15rp,6,filter_tag,south_50pr,224
pvalloc_LRG3_max_elecpri15rp,7,GKLAS,1110,2149
pvalloc_LRG3_max_elecpri15rp,7,GKLAS,1121,217
pvalloc_LRG3_max_elecpri15rp,7,GKLAS,1122,503
pvalloc_LRG3_max_elecpri15rp,7,are_typ,Suburban,974
pvalloc_LRG3_max_elecpri15rp,7,are_typ,Rural,797
pvalloc_LRG3_max_elecpri15rp,7,are_typ,Urban,1098
pvalloc_LRG3_max_elecpri15rp,7,heatpump_TF,heatpump,444
pvalloc_LRG3_max_elecpri15rp,7,heatpump_TF,no_heatpump,2425
pvalloc_LRG3_max_elecpri15rp,7,filter_tag,eastwest_70pr,148
pvalloc_LRG3_max_elecpri15rp,7,filter_tag,south_50pr,361
pvalloc_LRG3_max_elecpri15rp,7,filter_tag,south_40pr,312
pvalloc_LRG3_max_elecpri15rp,7,filter_tag,eastwest_80pr,417
pvalloc_LRG3_max_elecpri15rp,7,filter_tag,na,1631
pvalloc_LRG3_max_elecpri15rp,8,GKLAS,1110,3254
pvalloc_LRG3_max_elecpri15rp,8,GKLAS,1121,332
pvalloc_LRG3_max_elecpri15rp,8,GKLAS,1122,379
pvalloc_LRG3_max_elecpri15rp,8,are_typ,Suburban,1412
pvalloc_LRG3_max_elecpri15rp,8,are_typ,Urban,1602
pvalloc_LRG3_max_elecpri15rp,8,are_typ,Rural,951
pvalloc_LRG3_max_elecpri15rp,8,heatpump_TF,no_heatpump,3371
pvalloc_LRG3_max_elecpri15rp,8,heatpump_TF,heatpump,594
pvalloc_LRG3_max_elecpri15rp,8,filter_tag,south_40pr,531
pvalloc_LRG3_max_elecpri15rp,8,filter_tag,na,2169
pvalloc_LRG3_max_elecpri15rp,8,filter_tag,eastwest_70pr,179
pvalloc_LRG3_max_elecpri15rp,8,filter_tag,eastwest_80pr,583
pvalloc_LRG3_max_elecpri15rp,8,filter_tag,south_50pr,503
pvalloc_LRG3_max_elecpri15rp,9,GKLAS,1122,334
pvalloc_LRG3_max_elecpri15rp,9,GKLAS,1110,4581
pvalloc_LRG3_max_elecpri15rp,9,GKLAS,1121,360
pvalloc_LRG3_max_elecpri15rp,9,are_typ,Suburban,1796
pvalloc_LRG3_max_elecpri15rp,9,are_typ,Urban,2239
pvalloc_LRG3_max_elecpri15rp,9,are_typ,Rural,1240
pvalloc_LRG3_max_elecpri15rp,9,heatpump_TF,heatpump,568
pvalloc_LRG3_max_elecpri15rp,9,heatpump_TF,no_heatpump,4707
pvalloc_LRG3_max_elecpri15rp,9,filter_tag,eastwest_70pr,307
pvalloc_LRG3_max_elecpri15rp,9,filter_tag,eastwest_80pr,834
pvalloc_LRG3_max_elecpri15rp,9,filter_tag,na,2952
pvalloc_LRG3_max_elecpri15rp,9,filter_tag,south_50pr,609
pvalloc_LRG3_max_elecpri15rp,9,filter_tag,south_40pr,573
pvalloc_LRG3_max_elecpri15rp,10,GKLAS,1110,5099
pvalloc_LRG3_max_elecpri15rp,10,GKLAS,1122,199
pvalloc_LRG3_max_elecpri15rp,10,GKLAS,1121,263
pvalloc_LRG3_max_elecpri15rp,10,are_typ,Suburban,1846
pvalloc_LRG3_max_elecpri15rp,10,are_typ,Rural,1210
pvalloc_LRG3_max_elecpri15rp,10,are_typ,Urban,2505
pvalloc_LRG3_max_elecpri15rp,10,heatpump_TF,no_heatpump,5241
pvalloc_LRG3_max_elecpri15rp,10,heatpump_TF,heatpump,320
pvalloc_LRG3_max_elecpri15rp,10,filter_tag,eastwest_80pr,783
pvalloc_LRG3_max_elecpri15rp,10,filter_tag,south_40pr,607
pvalloc_LRG3_max_elecpri15rp,10,filter_tag,south_50pr,651
pvalloc_LRG3_max_elecpri15rp,10,filter_tag,na,3234
pvalloc_LRG3_max_elecpri15rp,10,filter_tag,eastwest_70pr,286
pvalloc_LRG3_max_elecpri60rp,1,GKLAS,1110,159
pvalloc_LRG3_max_elecpri60rp,1,GKLAS,1121,44
pvalloc_LRG3_max_elecpri60rp,1,GKLAS,1122,209
pvalloc_LRG3_max_elecpri60rp,1,are_typ,Urban,170
pvalloc_LRG3_max_elecpri60rp,1,are_typ,Suburban,161
pvalloc_LRG3_max_elecpri60rp,1,are_typ,Rural,81
pvalloc_LRG3_max_elecpri60rp,1,heatpump_TF,heatpump,226
pvalloc_LRG3_max_elecpri60rp,1,heatpump_TF,no_heatpump,186
pvalloc_LRG3_max_elecpri60rp,1,filter_tag,south_50pr,33
pvalloc_LRG3_max_elecpri60rp,1,filter_tag,na,297
pvalloc_LRG3_max_elecpri60rp,1,filter_tag,south_40pr,29
pvalloc_LRG3_max_elecpri60rp,1,filter_tag,eastwest_80pr,35
pvalloc_LRG3_max_elecpri60rp,1,filter_tag,eastwest_70pr,18
pvalloc_LRG3_max_elecpri60rp,2,GKLAS,1121,71
pvalloc_LRG3_max_elecpri60rp,2,GKLAS,1122,218
pvalloc_LRG3_max_elecpri60rp,2,GKLAS,1110,376
pvalloc_LRG3_max_elecpri60rp,2,are_typ,Urban,257
pvalloc_LRG3_max_elecpri60rp,2,are_typ,Suburban,246
pvalloc_LRG3_max_elecpri60rp,2,are_typ,Rural,162
pvalloc_LRG3_max_elecpri60rp,2,heatpump_TF,no_heatpump,465
pvalloc_LRG3_max_elecpri60rp,2,heatpump_TF,heatpump,200
pvalloc_LRG3_max_elecpri60rp,2,filter_tag,na,422
pvalloc_LRG3_max_elecpri60rp,2,filter_tag,south_50pr,65
pvalloc_LRG3_max_elecpri60rp,2,filter_tag,eastwest_80pr,55
pvalloc_LRG3_max_elecpri60rp,2,filter_tag,eastwest_70pr,44
pvalloc_LRG3_max_elecpri60rp,2,filter_tag,south_40pr,79
pvalloc_LRG3_max_elecpri60rp,3,GKLAS,1110,451
pvalloc_LRG3_max_elecpri60rp,3,GKLAS,1122,310
pvalloc_LRG3_max_elecpri60rp,3,GKLAS,1121,92
pvalloc_LRG3_max_elecpri60rp,3,are_typ,Suburban,303
pvalloc_LRG3_max_elecpri60rp,3,are_typ,Urban,357
pvalloc_LRG3_max_elecpri60rp,3,are_typ,Rural,193
pvalloc_LRG3_max_elecpri60rp,3,heatpump_TF,no_heatpump,640
pvalloc_LRG3_max_elecpri60rp,3,heatpump_TF,heatpump,213
pvalloc_LRG3_max_elecpri60rp,3,filter_tag,eastwest_80pr,71
pvalloc_LRG3_max_elecpri60rp,3,filter_tag,na,598
pvalloc_LRG3_max_elecpri60rp,3,filter_tag,eastwest_70pr,40
pvalloc_LRG3_max_elecpri60rp,3,filter_tag,south_50pr,66
pvalloc_LRG3_max_elecpri60rp,3,filter_tag,south_40pr,78
pvalloc_LRG3_max_elecpri60rp,4,GKLAS,1121,134
pvalloc_LRG3_max_elecpri60rp,4,GKLAS,1110,744
pvalloc_LRG3_max_elecpri60rp,4,GKLAS,1122,314
pvalloc_LRG3_max_elecpri60rp,4,are_typ,Urban,445
pvalloc_LRG3_max_elecpri60rp,4,are_typ,Rural,290
pvalloc_LRG3_max_elecpri60rp,4,are_typ,Suburban,457
pvalloc_LRG3_max_elecpri60rp,4,heatpump_TF,no_heatpump,859
pvalloc_LRG3_max_elecpri60rp,4,heatpump_TF,heatpump,333
pvalloc_LRG3_max_elecpri60rp,4,filter_tag,eastwest_70pr,59
pvalloc_LRG3_max_elecpri60rp,4,filter_tag,south_40pr,102
pvalloc_LRG3_max_elecpri60rp,4,filter_tag,eastwest_80pr,130
pvalloc_LRG3_max_elecpri60rp,4,filter_tag,south_50pr,104
pvalloc_LRG3_max_elecpri60rp,4,filter_tag,na,797
pvalloc_LRG3_max_elecpri60rp,5,GKLAS,1122,384
pvalloc_LRG3_max_elecpri60rp,5,GKLAS,1110,1099
pvalloc_LRG3_max_elecpri60rp,5,GKLAS,1121,135
pvalloc_LRG3_max_elecpri60rp,5,are_typ,Suburban,614
pvalloc_LRG3_max_elecpri60rp,5,are_typ,Urban,643
pvalloc_LRG3_max_elecpri60rp,5,are_typ,Rural,361
pvalloc_LRG3_max_elecpri60rp,5,heatpump_TF,no_heatpump,1230
pvalloc_LRG3_max_elecpri60rp,5,heatpump_TF,heatpump,388
pvalloc_LRG3_max_elecpri60rp,5,filter_tag,eastwest_70pr,57
pvalloc_LRG3_max_elecpri60rp,5,filter_tag,eastwest_80pr,179
pvalloc_LRG3_max_elecpri60rp,5,filter_tag,south_40pr,171
pvalloc_LRG3_max_elecpri60rp,5,filter_tag,south_50pr,158
pvalloc_LRG3_max_elecpri60rp,5,filter_tag,na,1053
pvalloc_LRG3_max_elecpri60rp,6,GKLAS,1122,436
pvalloc_LRG3_max_elecpri60rp,6,GKLAS,1110,1453
pvalloc_LRG3_max_elecpri60rp,6,GKLAS,1121,212
pvalloc_LRG3_max_elecpri60rp,6,are_typ,Urban,872
pvalloc_LRG3_max_elecpri60rp,6,are_typ,Rural,495
pvalloc_LRG3_max_elecpri60rp,6,are_typ,Suburban,734
pvalloc_LRG3_max_elecpri60rp,6,heatpump_TF,no_heatpump,1635
pvalloc_LRG3_max_elecpri60rp,6,heatpump_TF,heatpump,466
pvalloc_LRG3_max_elecpri60rp,6,filter_tag,na,1413
pvalloc_LRG3_max_elecpri60rp,6,filter_tag,eastwest_80pr,227
pvalloc_LRG3_max_elecpri60rp,6,filter_tag,south_50pr,202
pvalloc_LRG3_max_elecpri60rp,6,filter_tag,eastwest_70pr,60
pvalloc_LRG3_max_elecpri60rp,6,filter_tag,south_40pr,199
pvalloc_LRG3_max_elecpri60rp,7,GKLAS,1121,205
pvalloc_LRG3_max_elecpri60rp,7,GKLAS,1110,1975
pvalloc_LRG3_max_elecpri60rp,7,GKLAS,1122,571
pvalloc_LRG3_max_elecpri60rp,7,are_typ,Urban,1123
pvalloc_LRG3_max_elecpri60rp,7,are_typ,Suburban,1012
pvalloc_LRG3_max_elecpri60rp,7,are_typ,Rural,616
pvalloc_LRG3_max_elecpri60rp,7,heatpump_TF,heatpump,580
pvalloc_LRG3_max_elecpri60rp,7,heatpump_TF,no_heatpump,2171
pvalloc_LRG3_max_elecpri60rp,7,filter_tag,na,1736
pvalloc_LRG3_max_elecpri60rp,7,filter_tag,south_50pr,281
pvalloc_LRG3_max_elecpri60rp,7,filter_tag,eastwest_70pr,131
pvalloc_LRG3_max_elecpri60rp,7,filter_tag,eastwest_80pr,320
pvalloc_LRG3_max_elecpri60rp,7,filter_tag,south_40pr,283
pvalloc_LRG3_max_elecpri60rp,8,GKLAS,1122,644
pvalloc_LRG3_max_elecpri60rp,8,GKLAS,1110,2643
pvalloc_LRG3_max_elecpri60rp,8,GKLAS,1121,325
pvalloc_LRG3_max_elecpri60rp,8,are_typ,Rural,790
pvalloc_LRG3_max_elecpri60rp,8,are_typ,Suburban,1292
pvalloc_LRG3_max_elecpri60rp,8,are_typ,Urban,1530
pvalloc_LRG3_max_elecpri60rp,8,heatpump_TF,heatpump,467
pvalloc_LRG3_max_elecpri60rp,8,heatpump_TF,no_heatpump,3145
pvalloc_LRG3_max_elecpri60rp,8,filter_tag,eastwest_80pr,371
pvalloc_LRG3_max_elecpri60rp,8,filter_tag,eastwest_70pr,162
pvalloc_LRG3_max_elecpri60rp,8,filter_tag,south_50pr,367
pvalloc_LRG3_max_elecpri60rp,8,filter_tag,south_40pr,344
pvalloc_LRG3_max_elecpri60rp,8,filter_tag,na,2368
pvalloc_LRG3_max_elecpri60rp,9,GKLAS,1110,4695
pvalloc_LRG3_max_elecpri60rp,9,GKLAS,1122,195
pvalloc_LRG3_max_elecpri60rp,9,GKLAS,1121,285
pvalloc_LRG3_max_elecpri60rp,9,are_typ,Suburban,1539
pvalloc_LRG3_max_elecpri60rp,9,are_typ,Urban,2608
pvalloc_LRG3_max_elecpri60rp,9,are_typ,Rural,1028
pvalloc_LRG3_max_elecpri60rp,9,heatpump_TF,heatpump,79
pvalloc_LRG3_max_elecpri60rp,9,heatpump_TF,no_heatpump,5096
pvalloc_LRG3_max_elecpri60rp,9,filter_tag,south_50pr,619
pvalloc_LRG3_max_elecpri60rp,9,filter_tag,na,3312
pvalloc_LRG3_max_elecpri60rp,9,filter_tag,eastwest_80pr,540
pvalloc_LRG3_max_elecpri60rp,9,filter_tag,eastwest_70pr,188
pvalloc_LRG3_max_elecpri60rp,9,filter_tag,south_40pr,516
pvalloc_LRG3_max_elecpri60rp,10,GKLAS,1121,239
pvalloc_LRG3_max_elecpri60rp,10,GKLAS,1122,92
pvalloc_LRG3_max_elecpri60rp,10,GKLAS,1110,6651
pvalloc_LRG3_max_elecpri60rp,10,are_typ,Rural,1467
pvalloc_LRG3_max_elecpri60rp,10,are_typ,Suburban,2214
pvalloc_LRG3_max_elecpri60rp,10,are_typ,Urban,3301
pvalloc_LRG3_max_elecpri60rp,10,heatpump_TF,heatpump,62
pvalloc_LRG3_max_elecpri60rp,10,heatpump_TF,no_heatpump,6920
pvalloc_LRG3_max_elecpri60rp,10,filter_tag,south_40pr,792
pvalloc_LRG3_max_elecpri60rp,10,filter_tag,eastwest_80pr,1066
pvalloc_LRG3_max_elecpri60rp,10,filter_tag,eastwest_70pr,340
pvalloc_LRG3_max_elecpri60rp,10,filter_tag,south_50pr,1041
pvalloc_LRG3_max_elecpri60rp,10,filter_tag,na,3743
pvalloc_LRG3_max_elecpri60rp,11,GKLAS,1122,17
pvalloc_LRG3_max_elecpri60rp,11,GKLAS,1110,614
pvalloc_LRG3_max_elecpri60rp,11,GKLAS,1121,27
pvalloc_LRG3_max_elecpri60rp,11,are_typ,Rural,171
pvalloc_LRG3_max_elecpri60rp,11,are_typ,Urban,250
pvalloc_LRG3_max_elecpri60rp,11,are_typ,Suburban,237
pvalloc_LRG3_max_elecpri60rp,11,heatpump_TF,heatpump,11
pvalloc_LRG3_max_elecpri60rp,11,heatpump_TF,no_heatpump,647
pvalloc_LRG3_max_elecpri60rp,11,filter_tag,south_50pr,97
pvalloc_LRG3_max_elecpri60rp,11,filter_tag,south_40pr,106
pvalloc_LRG3_max_elecpri60rp,11,filter_tag,na,323
pvalloc_LRG3_max_elecpri60rp,11,filter_tag,eastwest_70pr,44
pvalloc_LRG3_max_elecpri60rp,11,filter_tag,eastwest_80pr,88
pvalloc_LRG3_max_epzb025,1,GKLAS,1110,162
pvalloc_LRG3_max_epzb025,1,GKLAS,1122,201
pvalloc_LRG3_max_epzb025,1,GKLAS,1121,40
pvalloc_LRG3_max_epzb025,1,are_typ,Urban,178
pvalloc_LRG3_max_epzb025,1,are_typ,Suburban,140
pvalloc_LRG3_max_epzb025,1,are_typ,Rural,85
pvalloc_LRG3_max_epzb025,1,heatpump_TF,no_heatpump,227
pvalloc_LRG3_max_epzb025,1,heatpump_TF,heatpump,176
pvalloc_LRG3_max_epzb025,1,filter_tag,na,268
pvalloc_LRG3_max_epzb025,1,filter_tag,south_40pr,46
pvalloc_LRG3_max_epzb025,1,filter_tag,south_50pr,45
pvalloc_LRG3_max_epzb025,1,filter_tag,eastwest_80pr,26
pvalloc_LRG3_max_epzb025,1,filter_tag,eastwest_70pr,18
pvalloc_LRG3_max_epzb025,2,GKLAS,1121,47
pvalloc_LRG3_max_epzb025,2,GKLAS,1110,261
pvalloc_LRG3_max_epzb025,2,GKLAS,1122,221
pvalloc_LRG3_max_epzb025,2,are_typ,Suburban,197
pvalloc_LRG3_max_epzb025,2,are_typ,Rural,98
pvalloc_LRG3_max_epzb025,2,are_typ,Urban,234
pvalloc_LRG3_max_epzb025,2,heatpump_TF,no_heatpump,394
pvalloc_LRG3_max_epzb025,2,heatpump_TF,heatpump,135
pvalloc_LRG3_max_epzb025,2,filter_tag,eastwest_70pr,22
pvalloc_LRG3_max_epzb025,2,filter_tag,south_50pr,54
pvalloc_LRG3_max_epzb025,2,filter_tag,na,328
pvalloc_LRG3_max_epzb025,2,filter_tag,eastwest_80pr,48
pvalloc_LRG3_max_epzb025,2,filter_tag,south_40pr,77
pvalloc_LRG3_max_epzb025,3,GKLAS,1121,44
pvalloc_LRG3_max_epzb025,3,GKLAS,1110,408
pvalloc_LRG3_max_epzb025,3,GKLAS,1122,236
pvalloc_LRG3_max_epzb025,3,are_typ,Rural,137
pvalloc_LRG3_max_epzb025,3,are_typ,Urban,276
pvalloc_LRG3_max_epzb025,3,are_typ,Suburban,275
pvalloc_LRG3_max_epzb025,3,heatpump_TF,heatpump,164
pvalloc_LRG3_max_epzb025,3,heatpump_TF,no_heatpump,524
pvalloc_LRG3_max_epzb025,3,filter_tag,south_40pr,67
pvalloc_LRG3_max_epzb025,3,filter_tag,south_50pr,78
pvalloc_LRG3_max_epzb025,3,filter_tag,na,448
pvalloc_LRG3_max_epzb025,3,filter_tag,eastwest_80pr,64
pvalloc_LRG3_max_epzb025,3,filter_tag,eastwest_70pr,31
pvalloc_LRG3_max_epzb025,4,GKLAS,1122,281
pvalloc_LRG3_max_epzb025,4,GKLAS,1110,500
pvalloc_LRG3_max_epzb025,4,GKLAS,1121,77
pvalloc_LRG3_max_epzb025,4,are_typ,Rural,187
pvalloc_LRG3_max_epzb025,4,are_typ,Urban,347
pvalloc_LRG3_max_epzb025,4,are_typ,Suburban,324
pvalloc_LRG3_max_epzb025,4,heatpump_TF,no_heatpump,654
pvalloc_LRG3_max_epzb025,4,heatpump_TF,heatpump,204
pvalloc_LRG3_max_epzb025,4,filter_tag,eastwest_80pr,76
pvalloc_LRG3_max_epzb025,4,filter_tag,eastwest_70pr,48
pvalloc_LRG3_max_epzb025,4,filter_tag,na,549
pvalloc_LRG3_max_epzb025,4,filter_tag,south_50pr,97
pvalloc_LRG3_max_epzb025,4,filter_tag,south_40pr,88
pvalloc_LRG3_max_epzb025,5,GKLAS,1110,687
pvalloc_LRG3_max_epzb025,5,GKLAS,1122,288
pvalloc_LRG3_max_epzb025,5,GKLAS,1121,130
pvalloc_LRG3_max_epzb025,5,are_typ,Urban,422
pvalloc_LRG3_max_epzb025,5,are_typ,Suburban,392
pvalloc_LRG3_max_epzb025,5,are_typ,Rural,291
pvalloc_LRG3_max_epzb025,5,heatpump_TF,no_heatpump,841
pvalloc_LRG3_max_epzb025,5,heatpump_TF,heatpump,264
pvalloc_LRG3_max_epzb025,5,filter_tag,south_50pr,104
pvalloc_LRG3_max_epzb025,5,filter_tag,eastwest_70pr,48
pvalloc_LRG3_max_epzb025,5,filter_tag,eastwest_80pr,111
pvalloc_LRG3_max_epzb025,5,filter_tag,na,697
pvalloc_LRG3_max_epzb025,5,filter_tag,south_40pr,145
pvalloc_LRG3_max_epzb025,6,GKLAS,1122,309
pvalloc_LRG3_max_epzb025,6,GKLAS,1110,811
pvalloc_LRG3_max_epzb025,6,GKLAS,1121,125
pvalloc_LRG3_max_epzb025,6,are_typ,Rural,319
pvalloc_LRG3_max_epzb025,6,are_typ,Suburban,432
pvalloc_LRG3_max_epzb025,6,are_typ,Urban,494
pvalloc_LRG3_max_epzb025,6,heatpump_TF,no_heatpump,954
pvalloc_LRG3_max_epzb025,6,heatpump_TF,heatpump,291
pvalloc_LRG3_max_epzb025,6,filter_tag,south_40pr,145
pvalloc_LRG3_max_epzb025,6,filter_tag,eastwest_70pr,52
pvalloc_LRG3_max_epzb025,6,filter_tag,south_50pr,146
pvalloc_LRG3_max_epzb025,6,filter_tag,eastwest_80pr,123
pvalloc_LRG3_max_epzb025,6,filter_tag,na,779
pvalloc_LRG3_max_epzb025,7,GKLAS,1122,345
pvalloc_LRG3_max_epzb025,7,GKLAS,1110,1064
pvalloc_LRG3_max_epzb025,7,GKLAS,1121,109
pvalloc_LRG3_max_epzb025,7,are_typ,Rural,341
pvalloc_LRG3_max_epzb025,7,are_typ,Suburban,535
pvalloc_LRG3_max_epzb025,7,are_typ,Urban,642
pvalloc_LRG3_max_epzb025,7,heatpump_TF,heatpump,310
pvalloc_LRG3_max_epzb025,7,heatpump_TF,no_heatpump,1208
pvalloc_LRG3_max_epzb025,7,filter_tag,eastwest_80pr,162
pvalloc_LRG3_max_epzb025,7,filter_tag,na,960
pvalloc_LRG3_max_epzb025,7,filter_tag,south_50pr,156
pvalloc_LRG3_max_epzb025,7,filter_tag,eastwest_70pr,65
pvalloc_LRG3_max_epzb025,7,filter_tag,south_40pr,175
pvalloc_LRG3_max_epzb025,8,GKLAS,1122,336
pvalloc_LRG3_max_epzb025,8,GKLAS,1110,1335
pvalloc_LRG3_max_epzb025,8,GKLAS,1121,166
pvalloc_LRG3_max_epzb025,8,are_typ,Rural,426
pvalloc_LRG3_max_epzb025,8,are_typ,Urban,740
pvalloc_LRG3_max_epzb025,8,are_typ,Suburban,671
pvalloc_LRG3_max_epzb025,8,heatpump_TF,no_heatpump,1467
pvalloc_LRG3_max_epzb025,8,heatpump_TF,heatpump,370
pvalloc_LRG3_max_epzb025,8,filter_tag,eastwest_70pr,62
pvalloc_LRG3_max_epzb025,8,filter_tag,south_40pr,185
pvalloc_LRG3_max_epzb025,8,filter_tag,eastwest_80pr,195
pvalloc_LRG3_max_epzb025,8,filter_tag,south_50pr,213
pvalloc_LRG3_max_epzb025,8,filter_tag,na,1182
pvalloc_LRG3_max_epzb025,9,GKLAS,1121,192
pvalloc_LRG3_max_epzb025,9,GKLAS,1110,1497
pvalloc_LRG3_max_epzb025,9,GKLAS,1122,382
pvalloc_LRG3_max_epzb025,9,are_typ,Urban,894
pvalloc_LRG3_max_epzb025,9,are_typ,Rural,448
pvalloc_LRG3_max_epzb025,9,are_typ,Suburban,729
pvalloc_LRG3_max_epzb025,9,heatpump_TF,heatpump,327
pvalloc_LRG3_max_epzb025,9,heatpump_TF,no_heatpump,1744
pvalloc_LRG3_max_epzb025,9,filter_tag,eastwest_70pr,83
pvalloc_LRG3_max_epzb025,9,filter_tag,na,1310
pvalloc_LRG3_max_epzb025,9,filter_tag,south_40pr,229
pvalloc_LRG3_max_epzb025,9,filter_tag,eastwest_80pr,212
pvalloc_LRG3_max_epzb025,9,filter_tag,south_50pr,237
pvalloc_LRG3_max_epzb025,10,GKLAS,1122,332
pvalloc_LRG3_max_epzb025,10,GKLAS,1121,192
pvalloc_LRG3_max_epzb025,10,GKLAS,1110,1894
pvalloc_LRG3_max_epzb025,10,are_typ,Rural,577
pvalloc_LRG3_max_epzb025,10,are_typ,Urban,990
pvalloc_LRG3_max_epzb025,10,are_typ,Suburban,851
pvalloc_LRG3_max_epzb025,10,heatpump_TF,no_heatpump,2138
pvalloc_LRG3_max_epzb025,10,heatpump_TF,heatpump,280
pvalloc_LRG3_max_epzb025,10,filter_tag,na,1555
pvalloc_LRG3_max_epzb025,10,filter_tag,south_50pr,294
pvalloc_LRG3_max_epzb025,10,filter_tag,eastwest_80pr,225
pvalloc_LRG3_max_epzb025,10,filter_tag,eastwest_70pr,112
pvalloc_LRG3_max_epzb025,10,filter_tag,south_40pr,232
pvalloc_LRG3_max_epzb025,11,GKLAS,1110,2699
pvalloc_LRG3_max_epzb025,11,GKLAS,1121,188
pvalloc_LRG3_max_epzb025,11,GKLAS,1122,113
pvalloc_LRG3_max_epzb025,11,are_typ,Suburban,942
pvalloc_LRG3_max_epzb025,11,are_typ,Urban,1416
pvalloc_LRG3_max_epzb025,11,are_typ,Rural,642
pvalloc_LRG3_max_epzb025,11,heatpump_TF,heatpump,92
pvalloc_LRG3_max_epzb025,11,heatpump_TF,no_heatpump,2908
pvalloc_LRG3_max_epzb025,11,filter_tag,south_50pr,349
pvalloc_LRG3_max_epzb025,11,filter_tag,eastwest_70pr,113
pvalloc_LRG3_max_epzb025,11,filter_tag,na,1926
pvalloc_LRG3_max_epzb025,11,filter_tag,south_40pr,284
pvalloc_LRG3_max_epzb025,11,filter_tag,eastwest_80pr,328
pvalloc_LRG3_max_epzb025,12,GKLAS,1121,172
pvalloc_LRG3_max_epzb025,12,GKLAS,1110,3082
pvalloc_LRG3_max_epzb025,12,GKLAS,1122,90
pvalloc_LRG3_max_epzb025,12,are_typ,Suburban,1045
pvalloc_LRG3_max_epzb025,12,are_typ,Rural,634
pvalloc_LRG3_max_epzb025,12,are_typ,Urban,1665
pvalloc_LRG3_max_epzb025,12,heatpump_TF,heatpump,59
pvalloc_LRG3_max_epzb025,12,heatpump_TF,no_heatpump,3285
pvalloc_LRG3_max_epzb025,12,filter_tag,south_40pr,305
pvalloc_LRG3_max_epzb025,12,filter_tag,south_50pr,442
pvalloc_LRG3_max_epzb025,12,filter_tag,eastwest_70pr,121
pvalloc_LRG3_max_epzb025,12,filter_tag,eastwest_80pr,352
pvalloc_LRG3_max_epzb025,12,filter_tag,na,2124
pvalloc_LRG3_max_epzb025,13,GKLAS,1122,76
pvalloc_LRG3_max_epzb025,13,GKLAS,1121,123
pvalloc_LRG3_max_epzb025,13,GKLAS,1110,3634
pvalloc_LRG3_max_epzb025,13,are_typ,Urban,1941
pvalloc_LRG3_max_epzb025,13,are_typ,Rural,673
pvalloc_LRG3_max_epzb025,13,are_typ,Suburban,1219
pvalloc_LRG3_max_epzb025,13,heatpump_TF,no_heatpump,3791
pvalloc_LRG3_max_epzb025,13,heatpump_TF,heatpump,42
pvalloc_LRG3_max_epzb025,13,filter_tag,na,2317
pvalloc_LRG3_max_epzb025,13,filter_tag,south_50pr,546
pvalloc_LRG3_max_epzb025,13,filter_tag,eastwest_80pr,448
pvalloc_LRG3_max_epzb025,13,filter_tag,eastwest_70pr,161
pvalloc_LRG3_max_epzb025,13,filter_tag,south_40pr,361
pvalloc_LRG3_max_epzb025,14,GKLAS,1122,20
pvalloc_LRG3_max_epzb025,14,GKLAS,1121,30
pvalloc_LRG3_max_epzb025,14,GKLAS,1110,1110
pvalloc_LRG3_max_epzb025,14,are_typ,Rural,202
pvalloc_LRG3_max_epzb025,14,are_typ,Suburban,324
pvalloc_LRG3_max_epzb025,14,are_typ,Urban,634
pvalloc_LRG3_max_epzb025,14,heatpump_TF,no_heatpump,1144
pvalloc_LRG3_max_epzb025,14,heatpump_TF,heatpump,16
pvalloc_LRG3_max_epzb025,14,filter_tag,south_40pr,119
pvalloc_LRG3_max_epzb025,14,filter_tag,eastwest_80pr,116
pvalloc_LRG3_max_epzb025,14,filter_tag,eastwest_70pr,53
pvalloc_LRG3_max_epzb025,14,filter_tag,south_50pr,160
pvalloc_LRG3_max_epzb025,14,filter_tag,na,712
pvalloc_LRG3_max_epzb1,1,GKLAS,1122,776
pvalloc_LRG3_max_epzb1,1,GKLAS,1121,182
pvalloc_LRG3_max_epzb1,1,GKLAS,1110,937
pvalloc_LRG3_max_epzb1,1,are_typ,Rural,371
pvalloc_LRG3_max_epzb1,1,are_typ,Urban,763
pvalloc_LRG3_max_epzb1,1,are_typ,Suburban,761
pvalloc_LRG3_max_epzb1,1,heatpump_TF,heatpump,516
pvalloc_LRG3_max_epzb1,1,heatpump_TF,no_heatpump,1379
pvalloc_LRG3_max_epzb1,1,filter_tag,south_50pr,177
pvalloc_LRG3_max_epzb1,1,filter_tag,south_40pr,208
pvalloc_LRG3_max_epzb1,1,filter_tag,eastwest_70pr,67
pvalloc_LRG3_max_epzb1,1,filter_tag,na,1285
pvalloc_LRG3_max_epzb1,1,filter_tag,eastwest_80pr,158
pvalloc_LRG3_max_epzb1,2,GKLAS,1110,1642
pvalloc_LRG3_max_epzb1,2,GKLAS,1121,238
pvalloc_LRG3_max_epzb1,2,GKLAS,1122,739
pvalloc_LRG3_max_epzb1,2,are_typ,Rural,594
pvalloc_LRG3_max_epzb1,2,are_typ,Urban,1069
pvalloc_LRG3_max_epzb1,2,are_typ,Suburban,956
pvalloc_LRG3_max_epzb1,2,heatpump_TF,no_heatpump,2001
pvalloc_LRG3_max_epzb1,2,heatpump_TF,heatpump,618
pvalloc_LRG3_max_epzb1,2,filter_tag,eastwest_70pr,114
pvalloc_LRG3_max_epzb1,2,filter_tag,na,1630
pvalloc_LRG3_max_epzb1,2,filter_tag,eastwest_80pr,250
pvalloc_LRG3_max_epzb1,2,filter_tag,south_40pr,304
pvalloc_LRG3_max_epzb1,2,filter_tag,south_50pr,321
pvalloc_LRG3_max_epzb1,3,GKLAS,1121,313
pvalloc_LRG3_max_epzb1,3,GKLAS,1110,2595
pvalloc_LRG3_max_epzb1,3,GKLAS,1122,722
pvalloc_LRG3_max_epzb1,3,are_typ,Rural,866
pvalloc_LRG3_max_epzb1,3,are_typ,Urban,1465
pvalloc_LRG3_max_epzb1,3,are_typ,Suburban,1299
pvalloc_LRG3_max_epzb1,3,heatpump_TF,no_heatpump,2865
pvalloc_LRG3_max_epzb1,3,heatpump_TF,heatpump,765
pvalloc_LRG3_max_epzb1,3,filter_tag,na,2335
pvalloc_LRG3_max_epzb1,3,filter_tag,eastwest_80pr,356
pvalloc_LRG3_max_epzb1,3,filter_tag,south_40pr,393
pvalloc_LRG3_max_epzb1,3,filter_tag,south_50pr,404
pvalloc_LRG3_max_epzb1,3,filter_tag,eastwest_70pr,142
pvalloc_LRG3_max_epzb1,4,GKLAS,1121,365
pvalloc_LRG3_max_epzb1,4,GKLAS,1110,3486
pvalloc_LRG3_max_epzb1,4,GKLAS,1122,712
pvalloc_LRG3_max_epzb1,4,are_typ,Rural,1067
pvalloc_LRG3_max_epzb1,4,are_typ,Urban,1948
pvalloc_LRG3_max_epzb1,4,are_typ,Suburban,1548
pvalloc_LRG3_max_epzb1,4,heatpump_TF,heatpump,618
pvalloc_LRG3_max_epzb1,4,heatpump_TF,no_heatpump,3945
pvalloc_LRG3_max_epzb1,4,filter_tag,eastwest_80pr,461
pvalloc_LRG3_max_epzb1,4,filter_tag,south_40pr,490
pvalloc_LRG3_max_epzb1,4,filter_tag,eastwest_70pr,211
pvalloc_LRG3_max_epzb1,4,filter_tag,south_50pr,518
pvalloc_LRG3_max_epzb1,4,filter_tag,na,2883
pvalloc_LRG3_max_epzb1,5,GKLAS,1121,388
pvalloc_LRG3_max_epzb1,5,GKLAS,1110,5556
pvalloc_LRG3_max_epzb1,5,GKLAS,1122,194
pvalloc_LRG3_max_epzb1,5,are_typ,Suburban,1912
pvalloc_LRG3_max_epzb1,5,are_typ,Urban,2960
pvalloc_LRG3_max_epzb1,5,are_typ,Rural,1266
pvalloc_LRG3_max_epzb1,5,heatpump_TF,heatpump,142
pvalloc_LRG3_max_epzb1,5,heatpump_TF,no_heatpump,5996
pvalloc_LRG3_max_epzb1,5,filter_tag,na,3844
pvalloc_LRG3_max_epzb1,5,filter_tag,eastwest_80pr,682
pvalloc_LRG3_max_epzb1,5,filter_tag,eastwest_70pr,249
pvalloc_LRG3_max_epzb1,5,filter_tag,south_40pr,587
pvalloc_LRG3_max_epzb1,5,filter_tag,south_50pr,776
pvalloc_LRG3_max_epzb1,6,GKLAS,1121,149
pvalloc_LRG3_max_epzb1,6,GKLAS,1122,87
pvalloc_LRG3_max_epzb1,6,GKLAS,1110,4898
pvalloc_LRG3_max_epzb1,6,are_typ,Rural,895
pvalloc_LRG3_max_epzb1,6,are_typ,Urban,2647
pvalloc_LRG3_max_epzb1,6,are_typ,Suburban,1592
pvalloc_LRG3_max_epzb1,6,heatpump_TF,no_heatpump,5065
pvalloc_LRG3_max_epzb1,6,heatpump_TF,heatpump,69
pvalloc_LRG3_max_epzb1,6,filter_tag,na,3149
pvalloc_LRG3_max_epzb1,6,filter_tag,eastwest_80pr,577
pvalloc_LRG3_max_epzb1,6,filter_tag,south_50pr,725
pvalloc_LRG3_max_epzb1,6,filter_tag,south_40pr,476
pvalloc_LRG3_max_epzb1,6,filter_tag,eastwest_70pr,207
pvalloc_LRG3_max_hist01,1,GKLAS,1121,29
pvalloc_LRG3_max_hist01,1,GKLAS,1110,127
pvalloc_LRG3_max_hist01,1,GKLAS,1122,185
pvalloc_LRG3_max_hist01,1,are_typ,Urban,139
pvalloc_LRG3_max_hist01,1,are_typ,Suburban,146
pvalloc_LRG3_max_hist01,1,are_typ,Rural,56
pvalloc_LRG3_max_hist01,1,heatpump_TF,no_heatpump,202
pvalloc_LRG3_max_hist01,1,heatpump_TF,heatpump,139
pvalloc_LRG3_max_hist01,1,filter_tag,eastwest_80pr,20
pvalloc_LRG3_max_hist01,1,filter_tag,na,236
pvalloc_LRG3_max_hist01,1,filter_tag,south_40pr,34
pvalloc_LRG3_max_hist01,1,filter_tag,south_50pr,37
pvalloc_LRG3_max_hist01,1,filter_tag,eastwest_70pr,14
pvalloc_LRG3_max_hist01,2,GKLAS,1122,178
pvalloc_LRG3_max_hist01,2,GKLAS,1110,217
pvalloc_LRG3_max_hist01,2,GKLAS,1121,44
pvalloc_LRG3_max_hist01,2,are_typ,Rural,85
pvalloc_LRG3_max_hist01,2,are_typ,Suburban,153
pvalloc_LRG3_max_hist01,2,are_typ,Urban,201
pvalloc_LRG3_max_hist01,2,heatpump_TF,no_heatpump,306
pvalloc_LRG3_max_hist01,2,heatpump_TF,heatpump,133
pvalloc_LRG3_max_hist01,2,filter_tag,south_40pr,52
pvalloc_LRG3_max_hist01,2,filter_tag,eastwest_70pr,20
pvalloc_LRG3_max_hist01,2,filter_tag,south_50pr,44
pvalloc_LRG3_max_hist01,2,filter_tag,na,297
pvalloc_LRG3_max_hist01,2,filter_tag,eastwest_80pr,26
pvalloc_LRG3_max_hist01,3,GKLAS,1110,282
pvalloc_LRG3_max_hist01,3,GKLAS,1122,191
pvalloc_LRG3_max_hist01,3,GKLAS,1121,43
pvalloc_LRG3_max_hist01,3,are_typ,Urban,203
pvalloc_LRG3_max_hist01,3,are_typ,Suburban,202
pvalloc_LRG3_max_hist01,3,are_typ,Rural,111
pvalloc_LRG3_max_hist01,3,heatpump_TF,heatpump,133
pvalloc_LRG3_max_hist01,3,heatpump_TF,no_heatpump,383
pvalloc_LRG3_max_hist01,3,filter_tag,south_40pr,73
pvalloc_LRG3_max_hist01,3,filter_tag,eastwest_80pr,53
pvalloc_LRG3_max_hist01,3,filter_tag,south_50pr,47
pvalloc_LRG3_max_hist01,3,filter_tag,na,318
pvalloc_LRG3_max_hist01,3,filter_tag,eastwest_70pr,25
pvalloc_LRG3_max_hist01,4,GKLAS,1122,198
pvalloc_LRG3_max_hist01,4,GKLAS,1110,337
pvalloc_LRG3_max_hist01,4,GKLAS,1121,74
pvalloc_LRG3_max_hist01,4,are_typ,Suburban,233
pvalloc_LRG3_max_hist01,4,are_typ,Urban,257
pvalloc_LRG3_max_hist01,4,are_typ,Rural,119
pvalloc_LRG3_max_hist01,4,heatpump_TF,heatpump,145
pvalloc_LRG3_max_hist01,4,heatpump_TF,no_heatpump,464
pvalloc_LRG3_max_hist01,4,filter_tag,eastwest_80pr,66
pvalloc_LRG3_max_hist01,4,filter_tag,eastwest_70pr,19
pvalloc_LRG3_max_hist01,4,filter_tag,south_50pr,55
pvalloc_LRG3_max_hist01,4,filter_tag,na,400
pvalloc_LRG3_max_hist01,4,filter_tag,south_40pr,69
pvalloc_LRG3_max_hist01,5,GKLAS,1122,218
pvalloc_LRG3_max_hist01,5,GKLAS,1121,78
pvalloc_LRG3_max_hist01,5,GKLAS,1110,410
pvalloc_LRG3_max_hist01,5,are_typ,Urban,286
pvalloc_LRG3_max_hist01,5,are_typ,Suburban,255
pvalloc_LRG3_max_hist01,5,are_typ,Rural,165
pvalloc_LRG3_max_hist01,5,heatpump_TF,heatpump,165
pvalloc_LRG3_max_hist01,5,heatpump_TF,no_heatpump,541
pvalloc_LRG3_max_hist01,5,filter_tag,eastwest_80pr,61
pvalloc_LRG3_max_hist01,5,filter_tag,south_40pr,93
pvalloc_LRG3_max_hist01,5,filter_tag,eastwest_70pr,31
pvalloc_LRG3_max_hist01,5,filter_tag,south_50pr,75
pvalloc_LRG3_max_hist01,5,filter_tag,na,446
pvalloc_LRG3_max_hist01,6,GKLAS,1121,67
pvalloc_LRG3_max_hist01,6,GKLAS,1122,225
pvalloc_LRG3_max_hist01,6,GKLAS,1110,497
pvalloc_LRG3_max_hist01,6,are_typ,Rural,167
pvalloc_LRG3_max_hist01,6,are_typ,Urban,302
pvalloc_LRG3_max_hist01,6,are_typ,Suburban,320
pvalloc_LRG3_max_hist01,6,heatpump_TF,heatpump,215
pvalloc_LRG3_max_hist01,6,heatpump_TF,no_heatpump,574
pvalloc_LRG3_max_hist01,6,filter_tag,eastwest_80pr,81
pvalloc_LRG3_max_hist01,6,filter_tag,na,486
pvalloc_LRG3_max_hist01,6,filter_tag,eastwest_70pr,40
pvalloc_LRG3_max_hist01,6,filter_tag,south_50pr,100
pvalloc_LRG3_max_hist01,6,filter_tag,south_40pr,82
pvalloc_LRG3_max_hist01,7,GKLAS,1121,77
pvalloc_LRG3_max_hist01,7,GKLAS,1122,240
pvalloc_LRG3_max_hist01,7,GKLAS,1110,585
pvalloc_LRG3_max_hist01,7,are_typ,Rural,203
pvalloc_LRG3_max_hist01,7,are_typ,Urban,353
pvalloc_LRG3_max_hist01,7,are_typ,Suburban,346
pvalloc_LRG3_max_hist01,7,heatpump_TF,heatpump,197
pvalloc_LRG3_max_hist01,7,heatpump_TF,no_heatpump,705
pvalloc_LRG3_max_hist01,7,filter_tag,eastwest_80pr,83
pvalloc_LRG3_max_hist01,7,filter_tag,south_40pr,103
pvalloc_LRG3_max_hist01,7,filter_tag,eastwest_70pr,29
pvalloc_LRG3_max_hist01,7,filter_tag,na,581
pvalloc_LRG3_max_hist01,7,filter_tag,south_50pr,106
pvalloc_LRG3_max_hist01,8,GKLAS,1122,258
pvalloc_LRG3_max_hist01,8,GKLAS,1121,83
pvalloc_LRG3_max_hist01,8,GKLAS,1110,682
pvalloc_LRG3_max_hist01,8,are_typ,Urban,385
pvalloc_LRG3_max_hist01,8,are_typ,Suburban,378
pvalloc_LRG3_max_hist01,8,are_typ,Rural,260
pvalloc_LRG3_max_hist01,8,heatpump_TF,heatpump,244
pvalloc_LRG3_max_hist01,8,heatpump_TF,no_heatpump,779
pvalloc_LRG3_max_hist01,8,filter_tag,na,656
pvalloc_LRG3_max_hist01,8,filter_tag,eastwest_70pr,43
pvalloc_LRG3_max_hist01,8,filter_tag,eastwest_80pr,76
pvalloc_LRG3_max_hist01,8,filter_tag,south_50pr,116
pvalloc_LRG3_max_hist01,8,filter_tag,south_40pr,132
pvalloc_LRG3_max_hist01,9,GKLAS,1122,249
pvalloc_LRG3_max_hist01,9,GKLAS,1110,879
pvalloc_LRG3_max_hist01,9,GKLAS,1121,96
pvalloc_LRG3_max_hist01,9,are_typ,Rural,308
pvalloc_LRG3_max_hist01,9,are_typ,Urban,457
pvalloc_LRG3_max_hist01,9,are_typ,Suburban,459
pvalloc_LRG3_max_hist01,9,heatpump_TF,heatpump,266
pvalloc_LRG3_max_hist01,9,heatpump_TF,no_heatpump,958
pvalloc_LRG3_max_hist01,9,filter_tag,eastwest_80pr,133
pvalloc_LRG3_max_hist01,9,filter_tag,south_50pr,145
pvalloc_LRG3_max_hist01,9,filter_tag,na,797
pvalloc_LRG3_max_hist01,9,filter_tag,south_40pr,97
pvalloc_LRG3_max_hist01,9,filter_tag,eastwest_70pr,52
pvalloc_LRG3_max_hist01,10,GKLAS,1121,136
pvalloc_LRG3_max_hist01,10,GKLAS,1122,279
pvalloc_LRG3_max_hist01,10,GKLAS,1110,949
pvalloc_LRG3_max_hist01,10,are_typ,Rural,337
pvalloc_LRG3_max_hist01,10,are_typ,Suburban,481
pvalloc_LRG3_max_hist01,10,are_typ,Urban,546
pvalloc_LRG3_max_hist01,10,heatpump_TF,heatpump,250
pvalloc_LRG3_max_hist01,10,heatpump_TF,no_heatpump,1114
pvalloc_LRG3_max_hist01,10,filter_tag,eastwest_80pr,125
pvalloc_LRG3_max_hist01,10,filter_tag,south_50pr,156
pvalloc_LRG3_max_hist01,10,filter_tag,eastwest_70pr,77
pvalloc_LRG3_max_hist01,10,filter_tag,na,862
pvalloc_LRG3_max_hist01,10,filter_tag,south_40pr,144
pvalloc_LRG3_max_hist01,11,GKLAS,1121,119
pvalloc_LRG3_max_hist01,11,GKLAS,1122,260
pvalloc_LRG3_max_hist01,11,GKLAS,1110,1194
pvalloc_LRG3_max_hist01,11,are_typ,Rural,383
pvalloc_LRG3_max_hist01,11,are_typ,Suburban,542
pvalloc_LRG3_max_hist01,11,are_typ,Urban,648
pvalloc_LRG3_max_hist01,11,heatpump_TF,heatpump,252
pvalloc_LRG3_max_hist01,11,heatpump_TF,no_heatpump,1321
pvalloc_LRG3_max_hist01,11,filter_tag,south_40pr,163
pvalloc_LRG3_max_hist01,11,filter_tag,na,973
pvalloc_LRG3_max_hist01,11,filter_tag,south_50pr,188
pvalloc_LRG3_max_hist01,11,filter_tag,eastwest_70pr,56
pvalloc_LRG3_max_hist01,11,filter_tag,eastwest_80pr,193
pvalloc_LRG3_max_hist01,12,GKLAS,1110,1318
pvalloc_LRG3_max_hist01,12,GKLAS,1122,267
pvalloc_LRG3_max_hist01,12,GKLAS,1121,144
pvalloc_LRG3_max_hist01,12,are_typ,Suburban,577
pvalloc_LRG3_max_hist01,12,are_typ,Rural,393
pvalloc_LRG3_max_hist01,12,are_typ,Urban,759
pvalloc_LRG3_max_hist01,12,heatpump_TF,no_heatpump,1484
pvalloc_LRG3_max_hist01,12,heatpump_TF,heatpump,245
pvalloc_LRG3_max_hist01,12,filter_tag,south_50pr,187
pvalloc_LRG3_max_hist01,12,filter_tag,south_40pr,177
pvalloc_LRG3_max_hist01,12,filter_tag,eastwest_70pr,80
pvalloc_LRG3_max_hist01,12,filter_tag,eastwest_80pr,195
pvalloc_LRG3_max_hist01,12,filter_tag,na,1090
pvalloc_LRG3_max_hist01,13,GKLAS,1121,151
pvalloc_LRG3_max_hist01,13,GKLAS,1110,1703
pvalloc_LRG3_max_hist01,13,GKLAS,1122,197
pvalloc_LRG3_max_hist01,13,are_typ,Rural,442
pvalloc_LRG3_max_hist01,13,are_typ,Suburban,712
pvalloc_LRG3_max_hist01,13,are_typ,Urban,897
pvalloc_LRG3_max_hist01,13,heatpump_TF,heatpump,159
pvalloc_LRG3_max_hist01,13,heatpump_TF,no_heatpump,1892
pvalloc_LRG3_max_hist01,13,filter_tag,na,1310
pvalloc_LRG3_max_hist01,13,filter_tag,eastwest_80pr,209
pvalloc_LRG3_max_hist01,13,filter_tag,south_40pr,206
pvalloc_LRG3_max_hist01,13,filter_tag,eastwest_70pr,76
pvalloc_LRG3_max_hist01,13,filter_tag,south_50pr,250
pvalloc_LRG3_max_hist01,14,GKLAS,1121,175
pvalloc_LRG3_max_hist01,14,GKLAS,1110,2168
pvalloc_LRG3_max_hist01,14,GKLAS,1122,98
pvalloc_LRG3_max_hist01,14,are_typ,Rural,529
pvalloc_LRG3_max_hist01,14,are_typ,Urban,1117
pvalloc_LRG3_max_hist01,14,are_typ,Suburban,795
pvalloc_LRG3_max_hist01,14,heatpump_TF,no_heatpump,2365
pvalloc_LRG3_max_hist01,14,heatpump_TF,heatpump,76
pvalloc_LRG3_max_hist01,14,filter_tag,south_40pr,238
pvalloc_LRG3_max_hist01,14,filter_tag,south_50pr,312
pvalloc_LRG3_max_hist01,14,filter_tag,eastwest_70pr,88
pvalloc_LRG3_max_hist01,14,filter_tag,eastwest_80pr,268
pvalloc_LRG3_max_hist01,14,filter_tag,na,1535
pvalloc_LRG3_max_hist01,15,GKLAS,1121,120
pvalloc_LRG3_max_hist01,15,GKLAS,1122,79
pvalloc_LRG3_max_hist01,15,GKLAS,1110,2632
pvalloc_LRG3_max_hist01,15,are_typ,Urban,1452
pvalloc_LRG3_max_hist01,15,are_typ,Suburban,847
pvalloc_LRG3_max_hist01,15,are_typ,Rural,532
pvalloc_LRG3_max_hist01,15,heatpump_TF,no_heatpump,2795
pvalloc_LRG3_max_hist01,15,heatpump_TF,heatpump,36
pvalloc_LRG3_max_hist01,15,filter_tag,eastwest_80pr,296
pvalloc_LRG3_max_hist01,15,filter_tag,south_40pr,280
pvalloc_LRG3_max_hist01,15,filter_tag,eastwest_70pr,118
pvalloc_LRG3_max_hist01,15,filter_tag,south_50pr,337
pvalloc_LRG3_max_hist01,15,filter_tag,na,1800
pvalloc_LRG3_max_hist01,16,GKLAS,1121,130
pvalloc_LRG3_max_hist01,16,GKLAS,1122,57
pvalloc_LRG3_max_hist01,16,GKLAS,1110,2930
pvalloc_LRG3_max_hist01,16,are_typ,Rural,598
pvalloc_LRG3_max_hist01,16,are_typ,Suburban,941
pvalloc_LRG3_max_hist01,16,are_typ,Urban,1578
pvalloc_LRG3_max_hist01,16,heatpump_TF,no_heatpump,3074
pvalloc_LRG3_max_hist01,16,heatpump_TF,heatpump,43
pvalloc_LRG3_max_hist01,16,filter_tag,south_50pr,439
pvalloc_LRG3_max_hist01,16,filter_tag,eastwest_80pr,355
pvalloc_LRG3_max_hist01,16,filter_tag,na,1922
pvalloc_LRG3_max_hist01,16,filter_tag,south_40pr,296
pvalloc_LRG3_max_hist01,16,filter_tag,eastwest_70pr,105
pvalloc_LRG3_max_hist01,17,GKLAS,1122,51
pvalloc_LRG3_max_hist01,17,GKLAS,1110,2259
pvalloc_LRG3_max_hist01,17,GKLAS,1121,69
pvalloc_LRG3_max_hist01,17,are_typ,Rural,376
pvalloc_LRG3_max_hist01,17,are_typ,Suburban,691
pvalloc_LRG3_max_hist01,17,are_typ,Urban,1312
pvalloc_LRG3_max_hist01,17,heatpump_TF,no_heatpump,2348
pvalloc_LRG3_max_hist01,17,heatpump_TF,heatpump,31
pvalloc_LRG3_max_hist01,17,filter_tag,south_50pr,327
pvalloc_LRG3_max_hist01,17,filter_tag,eastwest_70pr,117
pvalloc_LRG3_max_hist01,17,filter_tag,south_40pr,220
pvalloc_LRG3_max_hist01,17,filter_tag,eastwest_80pr,246
pvalloc_LRG3_max_hist01,17,filter_tag,na,1469
pvalloc_LRG3_max_sAs4p0,1,GKLAS,1122,221
pvalloc_LRG3_max_sAs4p0,1,GKLAS,1121,35
pvalloc_LRG3_max_sAs4p0,1,GKLAS,1110,165
pvalloc_LRG3_max_sAs4p0,1,are_typ,Rural,92
pvalloc_LRG3_max_sAs4p0,1,are_typ,Urban,175
pvalloc_LRG3_max_sAs4p0,1,are_typ,Suburban,154
pvalloc_LRG3_max_sAs4p0,1,heatpump_TF,no_heatpump,269
pvalloc_LRG3_max_sAs4p0,1,heatpump_TF,heatpump,152
pvalloc_LRG3_max_sAs4p0,1,filter_tag,na,286
pvalloc_LRG3_max_sAs4p0,1,filter_tag,eastwest_70pr,13
pvalloc_LRG3_max_sAs4p0,1,filter_tag,south_50pr,45
pvalloc_LRG3_max_sAs4p0,1,filter_tag,eastwest_80pr,30
pvalloc_LRG3_max_sAs4p0,1,filter_tag,south_40pr,47
pvalloc_LRG3_max_sAs4p0,2,GKLAS,1122,249
pvalloc_LRG3_max_sAs4p0,2,GKLAS,1110,267
pvalloc_LRG3_max_sAs4p0,2,GKLAS,1121,66
pvalloc_LRG3_max_sAs4p0,2,are_typ,Suburban,200
pvalloc_LRG3_max_sAs4p0,2,are_typ,Rural,116
pvalloc_LRG3_max_sAs4p0,2,are_typ,Urban,266
pvalloc_LRG3_max_sAs4p0,2,heatpump_TF,heatpump,127
pvalloc_LRG3_max_sAs4p0,2,heatpump_TF,no_heatpump,455
pvalloc_LRG3_max_sAs4p0,2,filter_tag,eastwest_70pr,20
pvalloc_LRG3_max_sAs4p0,2,filter_tag,south_50pr,48
pvalloc_LRG3_max_sAs4p0,2,filter_tag,south_40pr,61
pvalloc_LRG3_max_sAs4p0,2,filter_tag,na,392
pvalloc_LRG3_max_sAs4p0,2,filter_tag,eastwest_80pr,61
pvalloc_LRG3_max_sAs4p0,3,GKLAS,1121,88
pvalloc_LRG3_max_sAs4p0,3,GKLAS,1122,302
pvalloc_LRG3_max_sAs4p0,3,GKLAS,1110,459
pvalloc_LRG3_max_sAs4p0,3,are_typ,Suburban,290
pvalloc_LRG3_max_sAs4p0,3,are_typ,Rural,180
pvalloc_LRG3_max_sAs4p0,3,are_typ,Urban,379
pvalloc_LRG3_max_sAs4p0,3,heatpump_TF,heatpump,207
pvalloc_LRG3_max_sAs4p0,3,heatpump_TF,no_heatpump,642
pvalloc_LRG3_max_sAs4p0,3,filter_tag,eastwest_70pr,51
pvalloc_LRG3_max_sAs4p0,3,filter_tag,south_40pr,93
pvalloc_LRG3_max_sAs4p0,3,filter_tag,eastwest_80pr,95
pvalloc_LRG3_max_sAs4p0,3,filter_tag,na,521
pvalloc_LRG3_max_sAs4p0,3,filter_tag,south_50pr,89
pvalloc_LRG3_max_sAs4p0,4,GKLAS,1110,721
pvalloc_LRG3_max_sAs4p0,4,GKLAS,1122,343
pvalloc_LRG3_max_sAs4p0,4,GKLAS,1121,124
pvalloc_LRG3_max_sAs4p0,4,are_typ,Urban,461
pvalloc_LRG3_max_sAs4p0,4,are_typ,Suburban,443
pvalloc_LRG3_max_sAs4p0,4,are_typ,Rural,284
pvalloc_LRG3_max_sAs4p0,4,heatpump_TF,no_heatpump,910
pvalloc_LRG3_max_sAs4p0,4,heatpump_TF,heatpump,278
pvalloc_LRG3_max_sAs4p0,4,filter_tag,na,742
pvalloc_LRG3_max_sAs4p0,4,filter_tag,eastwest_80pr,131
pvalloc_LRG3_max_sAs4p0,4,filter_tag,south_50pr,114
pvalloc_LRG3_max_sAs4p0,4,filter_tag,eastwest_70pr,72
pvalloc_LRG3_max_sAs4p0,4,filter_tag,south_40pr,129
pvalloc_LRG3_max_sAs4p0,5,GKLAS,1122,415
pvalloc_LRG3_max_sAs4p0,5,GKLAS,1110,945
pvalloc_LRG3_max_sAs4p0,5,GKLAS,1121,150
pvalloc_LRG3_max_sAs4p0,5,are_typ,Suburban,591
pvalloc_LRG3_max_sAs4p0,5,are_typ,Rural,353
pvalloc_LRG3_max_sAs4p0,5,are_typ,Urban,566
pvalloc_LRG3_max_sAs4p0,5,heatpump_TF,no_heatpump,1132
pvalloc_LRG3_max_sAs4p0,5,heatpump_TF,heatpump,378
pvalloc_LRG3_max_sAs4p0,5,filter_tag,south_40pr,138
pvalloc_LRG3_max_sAs4p0,5,filter_tag,eastwest_80pr,185
pvalloc_LRG3_max_sAs4p0,5,filter_tag,eastwest_70pr,86
pvalloc_LRG3_max_sAs4p0,5,filter_tag,na,934
pvalloc_LRG3_max_sAs4p0,5,filter_tag,south_50pr,167
pvalloc_LRG3_max_sAs4p0,6,GKLAS,1121,159
pvalloc_LRG3_max_sAs4p0,6,GKLAS,1110,1468
pvalloc_LRG3_max_sAs4p0,6,GKLAS,1122,472
pvalloc_LRG3_max_sAs4p0,6,are_typ,Urban,840
pvalloc_LRG3_max_sAs4p0,6,are_typ,Rural,512
pvalloc_LRG3_max_sAs4p0,6,are_typ,Suburban,747
pvalloc_LRG3_max_sAs4p0,6,heatpump_TF,no_heatpump,1653
pvalloc_LRG3_max_sAs4p0,6,heatpump_TF,heatpump,446
pvalloc_LRG3_max_sAs4p0,6,filter_tag,south_40pr,227
pvalloc_LRG3_max_sAs4p0,6,filter_tag,eastwest_70pr,107
pvalloc_LRG3_max_sAs4p0,6,filter_tag,na,1313
pvalloc_LRG3_max_sAs4p0,6,filter_tag,south_50pr,246
pvalloc_LRG3_max_sAs4p0,6,filter_tag,eastwest_80pr,206
pvalloc_LRG3_max_sAs4p0,7,GKLAS,1110,2191
pvalloc_LRG3_max_sAs4p0,7,GKLAS,1121,225
pvalloc_LRG3_max_sAs4p0,7,GKLAS,1122,491
pvalloc_LRG3_max_sAs4p0,7,are_typ,Urban,1181
pvalloc_LRG3_max_sAs4p0,7,are_typ,Rural,663
pvalloc_LRG3_max_sAs4p0,7,are_typ,Suburban,1063
pvalloc_LRG3_max_sAs4p0,7,heatpump_TF,heatpump,492
pvalloc_LRG3_max_sAs4p0,7,heatpump_TF,no_heatpump,2415
pvalloc_LRG3_max_sAs4p0,7,filter_tag,na,1827
pvalloc_LRG3_max_sAs4p0,7,filter_tag,south_40pr,295
pvalloc_LRG3_max_sAs4p0,7,filter_tag,eastwest_80pr,305
pvalloc_LRG3_max_sAs4p0,7,filter_tag,eastwest_70pr,147
pvalloc_LRG3_max_sAs4p0,7,filter_tag,south_50pr,333
pvalloc_LRG3_max_sAs4p0,8,GKLAS,1110,3082
pvalloc_LRG3_max_sAs4p0,8,GKLAS,1121,298
pvalloc_LRG3_max_sAs4p0,8,GKLAS,1122,458
pvalloc_LRG3_max_sAs4p0,8,are_typ,Suburban,1285
pvalloc_LRG3_max_sAs4p0,8,are_typ,Rural,849
pvalloc_LRG3_max_sAs4p0,8,are_typ,Urban,1704
pvalloc_LRG3_max_sAs4p0,8,heatpump_TF,no_heatpump,3381
pvalloc_LRG3_max_sAs4p0,8,heatpump_TF,heatpump,457
pvalloc_LRG3_max_sAs4p0,8,filter_tag,eastwest_80pr,430
pvalloc_LRG3_max_sAs4p0,8,filter_tag,eastwest_70pr,141
pvalloc_LRG3_max_sAs4p0,8,filter_tag,na,2466
pvalloc_LRG3_max_sAs4p0,8,filter_tag,south_40pr,377
pvalloc_LRG3_max_sAs4p0,8,filter_tag,south_50pr,424
pvalloc_LRG3_max_sAs4p0,9,GKLAS,1110,4877
pvalloc_LRG3_max_sAs4p0,9,GKLAS,1122,168
pvalloc_LRG3_max_sAs4p0,9,GKLAS,1121,309
pvalloc_LRG3_max_sAs4p0,9,are_typ,Urban,2634
pvalloc_LRG3_max_sAs4p0,9,are_typ,Rural,1021
pvalloc_LRG3_max_sAs4p0,9,are_typ,Suburban,1699
pvalloc_LRG3_max_sAs4p0,9,heatpump_TF,heatpump,122
pvalloc_LRG3_max_sAs4p0,9,heatpump_TF,no_heatpump,5232
pvalloc_LRG3_max_sAs4p0,9,filter_tag,south_50pr,719
pvalloc_LRG3_max_sAs4p0,9,filter_tag,eastwest_80pr,510
pvalloc_LRG3_max_sAs4p0,9,filter_tag,south_40pr,546
pvalloc_LRG3_max_sAs4p0,9,filter_tag,eastwest_70pr,172
pvalloc_LRG3_max_sAs4p0,9,filter_tag,na,3407
pvalloc_LRG3_max_sAs4p0,10,GKLAS,1110,4945
pvalloc_LRG3_max_sAs4p0,10,GKLAS,1121,180
pvalloc_LRG3_max_sAs4p0,10,GKLAS,1122,110
pvalloc_LRG3_max_sAs4p0,10,are_typ,Urban,2651
pvalloc_LRG3_max_sAs4p0,10,are_typ,Suburban,1599
pvalloc_LRG3_max_sAs4p0,10,are_typ,Rural,985
pvalloc_LRG3_max_sAs4p0,10,heatpump_TF,heatpump,69
pvalloc_LRG3_max_sAs4p0,10,heatpump_TF,no_heatpump,5166
pvalloc_LRG3_max_sAs4p0,10,filter_tag,eastwest_70pr,179
pvalloc_LRG3_max_sAs4p0,10,filter_tag,south_40pr,547
pvalloc_LRG3_max_sAs4p0,10,filter_tag,south_50pr,736
pvalloc_LRG3_max_sAs4p0,10,filter_tag,eastwest_80pr,533
pvalloc_LRG3_max_sAs4p0,10,filter_tag,na,3240
pvalloc_LRG3_max_sAs6p0,1,GKLAS,1121,41
pvalloc_LRG3_max_sAs6p0,1,GKLAS,1122,221
pvalloc_LRG3_max_sAs6p0,1,GKLAS,1110,156
pvalloc_LRG3_max_sAs6p0,1,are_typ,Suburban,158
pvalloc_LRG3_max_sAs6p0,1,are_typ,Urban,174
pvalloc_LRG3_max_sAs6p0,1,are_typ,Rural,86
pvalloc_LRG3_max_sAs6p0,1,heatpump_TF,heatpump,162
pvalloc_LRG3_max_sAs6p0,1,heatpump_TF,no_heatpump,256
pvalloc_LRG3_max_sAs6p0,1,filter_tag,na,295
pvalloc_LRG3_max_sAs6p0,1,filter_tag,eastwest_70pr,19
pvalloc_LRG3_max_sAs6p0,1,filter_tag,south_50pr,35
pvalloc_LRG3_max_sAs6p0,1,filter_tag,south_40pr,34
pvalloc_LRG3_max_sAs6p0,1,filter_tag,eastwest_80pr,35
pvalloc_LRG3_max_sAs6p0,2,GKLAS,1121,61
pvalloc_LRG3_max_sAs6p0,2,GKLAS,1122,237
pvalloc_LRG3_max_sAs6p0,2,GKLAS,1110,330
pvalloc_LRG3_max_sAs6p0,2,are_typ,Suburban,227
pvalloc_LRG3_max_sAs6p0,2,are_typ,Rural,144
pvalloc_LRG3_max_sAs6p0,2,are_typ,Urban,257
pvalloc_LRG3_max_sAs6p0,2,heatpump_TF,no_heatpump,460
pvalloc_LRG3_max_sAs6p0,2,heatpump_TF,heatpump,168
pvalloc_LRG3_max_sAs6p0,2,filter_tag,south_40pr,66
pvalloc_LRG3_max_sAs6p0,2,filter_tag,na,400
pvalloc_LRG3_max_sAs6p0,2,filter_tag,eastwest_80pr,70
pvalloc_LRG3_max_sAs6p0,2,filter_tag,eastwest_70pr,36
pvalloc_LRG3_max_sAs6p0,2,filter_tag,south_50pr,56
pvalloc_LRG3_max_sAs6p0,3,GKLAS,1110,408
pvalloc_LRG3_max_sAs6p0,3,GKLAS,1121,74
pvalloc_LRG3_max_sAs6p0,3,GKLAS,1122,305
pvalloc_LRG3_max_sAs6p0,3,are_typ,Suburban,307
pvalloc_LRG3_max_sAs6p0,3,are_typ,Urban,321
pvalloc_LRG3_max_sAs6p0,3,are_typ,Rural,159
pvalloc_LRG3_max_sAs6p0,3,heatpump_TF,no_heatpump,616
pvalloc_LRG3_max_sAs6p0,3,heatpump_TF,heatpump,171
pvalloc_LRG3_max_sAs6p0,3,filter_tag,na,482
pvalloc_LRG3_max_sAs6p0,3,filter_tag,south_40pr,84
pvalloc_LRG3_max_sAs6p0,3,filter_tag,eastwest_70pr,41
pvalloc_LRG3_max_sAs6p0,3,filter_tag,south_50pr,86
pvalloc_LRG3_max_sAs6p0,3,filter_tag,eastwest_80pr,94
pvalloc_LRG3_max_sAs6p0,4,GKLAS,1121,108
pvalloc_LRG3_max_sAs6p0,4,GKLAS,1110,711
pvalloc_LRG3_max_sAs6p0,4,GKLAS,1122,345
pvalloc_LRG3_max_sAs6p0,4,are_typ,Suburban,397
pvalloc_LRG3_max_sAs6p0,4,are_typ,Urban,489
pvalloc_LRG3_max_sAs6p0,4,are_typ,Rural,278
pvalloc_LRG3_max_sAs6p0,4,heatpump_TF,no_heatpump,904
pvalloc_LRG3_max_sAs6p0,4,heatpump_TF,heatpump,260
pvalloc_LRG3_max_sAs6p0,4,filter_tag,na,689
pvalloc_LRG3_max_sAs6p0,4,filter_tag,eastwest_70pr,69
pvalloc_LRG3_max_sAs6p0,4,filter_tag,south_50pr,132
pvalloc_LRG3_max_sAs6p0,4,filter_tag,eastwest_80pr,142
pvalloc_LRG3_max_sAs6p0,4,filter_tag,south_40pr,132
pvalloc_LRG3_max_sAs6p0,5,GKLAS,1122,391
pvalloc_LRG3_max_sAs6p0,5,GKLAS,1110,1061
pvalloc_LRG3_max_sAs6p0,5,GKLAS,1121,146
pvalloc_LRG3_max_sAs6p0,5,are_typ,Suburban,571
pvalloc_LRG3_max_sAs6p0,5,are_typ,Rural,362
pvalloc_LRG3_max_sAs6p0,5,are_typ,Urban,665
pvalloc_LRG3_max_sAs6p0,5,heatpump_TF,no_heatpump,1210
pvalloc_LRG3_max_sAs6p0,5,heatpump_TF,heatpump,388
pvalloc_LRG3_max_sAs6p0,5,filter_tag,na,1004
pvalloc_LRG3_max_sAs6p0,5,filter_tag,eastwest_70pr,82
pvalloc_LRG3_max_sAs6p0,5,filter_tag,eastwest_80pr,184
pvalloc_LRG3_max_sAs6p0,5,filter_tag,south_50pr,166
pvalloc_LRG3_max_sAs6p0,5,filter_tag,south_40pr,162
pvalloc_LRG3_max_sAs6p0,6,GKLAS,1122,422
pvalloc_LRG3_max_sAs6p0,6,GKLAS,1110,1520
pvalloc_LRG3_max_sAs6p0,6,GKLAS,1121,210
pvalloc_LRG3_max_sAs6p0,6,are_typ,Suburban,802
pvalloc_LRG3_max_sAs6p0,6,are_typ,Rural,451
pvalloc_LRG3_max_sAs6p0,6,are_typ,Urban,899
pvalloc_LRG3_max_sAs6p0,6,heatpump_TF,no_heatpump,1721
pvalloc_LRG3_max_sAs6p0,6,heatpump_TF,heatpump,431
pvalloc_LRG3_max_sAs6p0,6,filter_tag,eastwest_80pr,282
pvalloc_LRG3_max_sAs6p0,6,filter_tag,eastwest_70pr,112
pvalloc_LRG3_max_sAs6p0,6,filter_tag,na,1293
pvalloc_LRG3_max_sAs6p0,6,filter_tag,south_50pr,225
pvalloc_LRG3_max_sAs6p0,6,filter_tag,south_40pr,240
pvalloc_LRG3_max_sAs6p0,7,GKLAS,1121,243
pvalloc_LRG3_max_sAs6p0,7,GKLAS,1110,2138
pvalloc_LRG3_max_sAs6p0,7,GKLAS,1122,477
pvalloc_LRG3_max_sAs6p0,7,are_typ,Suburban,1031
pvalloc_LRG3_max_sAs6p0,7,are_typ,Rural,694
pvalloc_LRG3_max_sAs6p0,7,are_typ,Urban,1133
pvalloc_LRG3_max_sAs6p0,7,heatpump_TF,no_heatpump,2327
pvalloc_LRG3_max_sAs6p0,7,heatpump_TF,heatpump,531
pvalloc_LRG3_max_sAs6p0,7,filter_tag,eastwest_80pr,324
pvalloc_LRG3_max_sAs6p0,7,filter_tag,south_50pr,338
pvalloc_LRG3_max_sAs6p0,7,filter_tag,eastwest_70pr,133
pvalloc_LRG3_max_sAs6p0,7,filter_tag,na,1789
pvalloc_LRG3_max_sAs6p0,7,filter_tag,south_40pr,274
pvalloc_LRG3_max_sAs6p0,8,GKLAS,1110,3092
pvalloc_LRG3_max_sAs6p0,8,GKLAS,1121,272
pvalloc_LRG3_max_sAs6p0,8,GKLAS,1122,484
pvalloc_LRG3_max_sAs6p0,8,are_typ,Rural,838
pvalloc_LRG3_max_sAs6p0,8,are_typ,Suburban,1315
pvalloc_LRG3_max_sAs6p0,8,are_typ,Urban,1695
pvalloc_LRG3_max_sAs6p0,8,heatpump_TF,heatpump,420
pvalloc_LRG3_max_sAs6p0,8,heatpump_TF,no_heatpump,3428
pvalloc_LRG3_max_sAs6p0,8,filter_tag,south_50pr,414
pvalloc_LRG3_max_sAs6p0,8,filter_tag,eastwest_70pr,191
pvalloc_LRG3_max_sAs6p0,8,filter_tag,eastwest_80pr,402
pvalloc_LRG3_max_sAs6p0,8,filter_tag,na,2454
pvalloc_LRG3_max_sAs6p0,8,filter_tag,south_40pr,387
pvalloc_LRG3_max_sAs6p0,9,GKLAS,1110,4873
pvalloc_LRG3_max_sAs6p0,9,GKLAS,1121,279
pvalloc_LRG3_max_sAs6p0,9,GKLAS,1122,211
pvalloc_LRG3_max_sAs6p0,9,are_typ,Rural,1048
pvalloc_LRG3_max_sAs6p0,9,are_typ,Urban,2621
pvalloc_LRG3_max_sAs6p0,9,are_typ,Suburban,1694
pvalloc_LRG3_max_sAs6p0,9,heatpump_TF,heatpump,132
pvalloc_LRG3_max_sAs6p0,9,heatpump_TF,no_heatpump,5231
pvalloc_LRG3_max_sAs6p0,9,filter_tag,na,3434
pvalloc_LRG3_max_sAs6p0,9,filter_tag,south_40pr,515
pvalloc_LRG3_max_sAs6p0,9,filter_tag,eastwest_70pr,177
pvalloc_LRG3_max_sAs6p0,9,filter_tag,eastwest_80pr,547
pvalloc_LRG3_max_sAs6p0,9,filter_tag,south_50pr,690
pvalloc_LRG3_max_sAs6p0,10,GKLAS,1122,136
pvalloc_LRG3_max_sAs6p0,10,GKLAS,1121,201
pvalloc_LRG3_max_sAs6p0,10,GKLAS,1110,4808
pvalloc_LRG3_max_sAs6p0,10,are_typ,Suburban,1563
pvalloc_LRG3_max_sAs6p0,10,are_typ,Urban,2584
pvalloc_LRG3_max_sAs6p0,10,are_typ,Rural,998
pvalloc_LRG3_max_sAs6p0,10,heatpump_TF,no_heatpump,5080
pvalloc_LRG3_max_sAs6p0,10,heatpump_TF,heatpump,65
pvalloc_LRG3_max_sAs6p0,10,filter_tag,south_40pr,565
pvalloc_LRG3_max_sAs6p0,10,filter_tag,na,3267
pvalloc_LRG3_max_sAs6p0,10,filter_tag,eastwest_70pr,128
pvalloc_LRG3_max_sAs6p0,10,filter_tag,south_50pr,779
pvalloc_LRG3_max_sAs6p0,10,filter_tag,eastwest_80pr,406
pvalloc_LRG3_max_sAs8p0,1,GKLAS,1121,31
pvalloc_LRG3_max_sAs8p0,1,GKLAS,1122,210
pvalloc_LRG3_max_sAs8p0,1,GKLAS,1110,149
pvalloc_LRG3_max_sAs8p0,1,are_typ,Urban,162
pvalloc_LRG3_max_sAs8p0,1,are_typ,Rural,68
pvalloc_LRG3_max_sAs8p0,1,are_typ,Suburban,160
pvalloc_LRG3_max_sAs8p0,1,heatpump_TF,heatpump,158
pvalloc_LRG3_max_sAs8p0,1,heatpump_TF,no_heatpump,232
pvalloc_LRG3_max_sAs8p0,1,filter_tag,na,250
pvalloc_LRG3_max_sAs8p0,1,filter_tag,south_40pr,44
pvalloc_LRG3_max_sAs8p0,1,filter_tag,south_50pr,38
pvalloc_LRG3_max_sAs8p0,1,filter_tag,eastwest_70pr,17
pvalloc_LRG3_max_sAs8p0,1,filter_tag,eastwest_80pr,41
pvalloc_LRG3_max_sAs8p0,2,GKLAS,1122,224
pvalloc_LRG3_max_sAs8p0,2,GKLAS,1110,330
pvalloc_LRG3_max_sAs8p0,2,GKLAS,1121,80
pvalloc_LRG3_max_sAs8p0,2,are_typ,Urban,282
pvalloc_LRG3_max_sAs8p0,2,are_typ,Suburban,235
pvalloc_LRG3_max_sAs8p0,2,are_typ,Rural,117
pvalloc_LRG3_max_sAs8p0,2,heatpump_TF,no_heatpump,461
pvalloc_LRG3_max_sAs8p0,2,heatpump_TF,heatpump,173
pvalloc_LRG3_max_sAs8p0,2,filter_tag,na,367
pvalloc_LRG3_max_sAs8p0,2,filter_tag,south_40pr,84
pvalloc_LRG3_max_sAs8p0,2,filter_tag,eastwest_80pr,87
pvalloc_LRG3_max_sAs8p0,2,filter_tag,south_50pr,61
pvalloc_LRG3_max_sAs8p0,2,filter_tag,eastwest_70pr,35
pvalloc_LRG3_max_sAs8p0,3,GKLAS,1122,287
pvalloc_LRG3_max_sAs8p0,3,GKLAS,1110,485
pvalloc_LRG3_max_sAs8p0,3,GKLAS,1121,73
pvalloc_LRG3_max_sAs8p0,3,are_typ,Suburban,321
pvalloc_LRG3_max_sAs8p0,3,are_typ,Urban,357
pvalloc_LRG3_max_sAs8p0,3,are_typ,Rural,167
pvalloc_LRG3_max_sAs8p0,3,heatpump_TF,no_heatpump,644
pvalloc_LRG3_max_sAs8p0,3,heatpump_TF,heatpump,201
pvalloc_LRG3_max_sAs8p0,3,filter_tag,south_50pr,96
pvalloc_LRG3_max_sAs8p0,3,filter_tag,eastwest_80pr,124
pvalloc_LRG3_max_sAs8p0,3,filter_tag,south_40pr,79
pvalloc_LRG3_max_sAs8p0,3,filter_tag,na,510
pvalloc_LRG3_max_sAs8p0,3,filter_tag,eastwest_70pr,36
pvalloc_LRG3_max_sAs8p0,4,GKLAS,1110,683
pvalloc_LRG3_max_sAs8p0,4,GKLAS,1121,106
pvalloc_LRG3_max_sAs8p0,4,GKLAS,1122,345
pvalloc_LRG3_max_sAs8p0,4,are_typ,Rural,279
pvalloc_LRG3_max_sAs8p0,4,are_typ,Urban,468
pvalloc_LRG3_max_sAs8p0,4,are_typ,Suburban,387
pvalloc_LRG3_max_sAs8p0,4,heatpump_TF,no_heatpump,867
pvalloc_LRG3_max_sAs8p0,4,heatpump_TF,heatpump,267
pvalloc_LRG3_max_sAs8p0,4,filter_tag,eastwest_80pr,149
pvalloc_LRG3_max_sAs8p0,4,filter_tag,south_50pr,123
pvalloc_LRG3_max_sAs8p0,4,filter_tag,eastwest_70pr,70
pvalloc_LRG3_max_sAs8p0,4,filter_tag,na,657
pvalloc_LRG3_max_sAs8p0,4,filter_tag,south_40pr,135
pvalloc_LRG3_max_sAs8p0,5,GKLAS,1121,138
pvalloc_LRG3_max_sAs8p0,5,GKLAS,1110,1043
pvalloc_LRG3_max_sAs8p0,5,GKLAS,1122,410
pvalloc_LRG3_max_sAs8p0,5,are_typ,Suburban,616
pvalloc_LRG3_max_sAs8p0,5,are_typ,Rural,361
pvalloc_LRG3_max_sAs8p0,5,are_typ,Urban,614
pvalloc_LRG3_max_sAs8p0,5,heatpump_TF,heatpump,377
pvalloc_LRG3_max_sAs8p0,5,heatpump_TF,no_heatpump,1214
pvalloc_LRG3_max_sAs8p0,5,filter_tag,south_40pr,154
pvalloc_LRG3_max_sAs8p0,5,filter_tag,south_50pr,156
pvalloc_LRG3_max_sAs8p0,5,filter_tag,eastwest_70pr,111
pvalloc_LRG3_max_sAs8p0,5,filter_tag,na,949
pvalloc_LRG3_max_sAs8p0,5,filter_tag,eastwest_80pr,221
pvalloc_LRG3_max_sAs8p0,6,GKLAS,1110,1494
pvalloc_LRG3_max_sAs8p0,6,GKLAS,1121,199
pvalloc_LRG3_max_sAs8p0,6,GKLAS,1122,466
pvalloc_LRG3_max_sAs8p0,6,are_typ,Urban,908
pvalloc_LRG3_max_sAs8p0,6,are_typ,Rural,514
pvalloc_LRG3_max_sAs8p0,6,are_typ,Suburban,737
pvalloc_LRG3_max_sAs8p0,6,heatpump_TF,no_heatpump,1715
pvalloc_LRG3_max_sAs8p0,6,heatpump_TF,heatpump,444
pvalloc_LRG3_max_sAs8p0,6,filter_tag,eastwest_80pr,288
pvalloc_LRG3_max_sAs8p0,6,filter_tag,na,1285
pvalloc_LRG3_max_sAs8p0,6,filter_tag,south_50pr,253
pvalloc_LRG3_max_sAs8p0,6,filter_tag,eastwest_70pr,111
pvalloc_LRG3_max_sAs8p0,6,filter_tag,south_40pr,222
pvalloc_LRG3_max_sAs8p0,7,GKLAS,1110,2189
pvalloc_LRG3_max_sAs8p0,7,GKLAS,1122,477
pvalloc_LRG3_max_sAs8p0,7,GKLAS,1121,218
pvalloc_LRG3_max_sAs8p0,7,are_typ,Urban,1160
pvalloc_LRG3_max_sAs8p0,7,are_typ,Rural,704
pvalloc_LRG3_max_sAs8p0,7,are_typ,Suburban,1020
pvalloc_LRG3_max_sAs8p0,7,heatpump_TF,no_heatpump,2375
pvalloc_LRG3_max_sAs8p0,7,heatpump_TF,heatpump,509
pvalloc_LRG3_max_sAs8p0,7,filter_tag,south_40pr,260
pvalloc_LRG3_max_sAs8p0,7,filter_tag,eastwest_70pr,167
pvalloc_LRG3_max_sAs8p0,7,filter_tag,eastwest_80pr,347
pvalloc_LRG3_max_sAs8p0,7,filter_tag,na,1797
pvalloc_LRG3_max_sAs8p0,7,filter_tag,south_50pr,313
pvalloc_LRG3_max_sAs8p0,8,GKLAS,1110,3187
pvalloc_LRG3_max_sAs8p0,8,GKLAS,1122,439
pvalloc_LRG3_max_sAs8p0,8,GKLAS,1121,293
pvalloc_LRG3_max_sAs8p0,8,are_typ,Suburban,1381
pvalloc_LRG3_max_sAs8p0,8,are_typ,Rural,906
pvalloc_LRG3_max_sAs8p0,8,are_typ,Urban,1632
pvalloc_LRG3_max_sAs8p0,8,heatpump_TF,heatpump,397
pvalloc_LRG3_max_sAs8p0,8,heatpump_TF,no_heatpump,3522
pvalloc_LRG3_max_sAs8p0,8,filter_tag,na,2473
pvalloc_LRG3_max_sAs8p0,8,filter_tag,south_40pr,393
pvalloc_LRG3_max_sAs8p0,8,filter_tag,eastwest_80pr,447
pvalloc_LRG3_max_sAs8p0,8,filter_tag,south_50pr,414
pvalloc_LRG3_max_sAs8p0,8,filter_tag,eastwest_70pr,192
pvalloc_LRG3_max_sAs8p0,9,GKLAS,1122,250
pvalloc_LRG3_max_sAs8p0,9,GKLAS,1121,324
pvalloc_LRG3_max_sAs8p0,9,GKLAS,1110,4689
pvalloc_LRG3_max_sAs8p0,9,are_typ,Rural,1059
pvalloc_LRG3_max_sAs8p0,9,are_typ,Urban,2545
pvalloc_LRG3_max_sAs8p0,9,are_typ,Suburban,1659
pvalloc_LRG3_max_sAs8p0,9,heatpump_TF,heatpump,133
pvalloc_LRG3_max_sAs8p0,9,heatpump_TF,no_heatpump,5130
pvalloc_LRG3_max_sAs8p0,9,filter_tag,south_40pr,530
pvalloc_LRG3_max_sAs8p0,9,filter_tag,eastwest_70pr,165
pvalloc_LRG3_max_sAs8p0,9,filter_tag,na,3395
pvalloc_LRG3_max_sAs8p0,9,filter_tag,eastwest_80pr,518
pvalloc_LRG3_max_sAs8p0,9,filter_tag,south_50pr,655
pvalloc_LRG3_max_sAs8p0,10,GKLAS,1121,172
pvalloc_LRG3_max_sAs8p0,10,GKLAS,1122,116
pvalloc_LRG3_max_sAs8p0,10,GKLAS,1110,4591
pvalloc_LRG3_max_sAs8p0,10,are_typ,Rural,858
pvalloc_LRG3_max_sAs8p0,10,are_typ,Suburban,1510
pvalloc_LRG3_max_sAs8p0,10,are_typ,Urban,2511
pvalloc_LRG3_max_sAs8p0,10,heatpump_TF,no_heatpump,4811
pvalloc_LRG3_max_sAs8p0,10,heatpump_TF,heatpump,68
pvalloc_LRG3_max_sAs8p0,10,filter_tag,south_50pr,810
pvalloc_LRG3_max_sAs8p0,10,filter_tag,na,3163
pvalloc_LRG3_max_sAs8p0,10,filter_tag,south_40pr,558
pvalloc_LRG3_max_sAs8p0,10,filter_tag,eastwest_80pr,264
pvalloc_LRG3_max_sAs8p0,10,filter_tag,eastwest_70pr,84
pvalloc_LRG3_max_sBs0p4,1,GKLAS,1121,28
pvalloc_LRG3_max_sBs0p4,1,GKLAS,1122,220
pvalloc_LRG3_max_sBs0p4,1,GKLAS,1110,138
pvalloc_LRG3_max_sBs0p4,1,are_typ,Rural,78
pvalloc_LRG3_max_sBs0p4,1,are_typ,Urban,149
pvalloc_LRG3_max_sBs0p4,1,are_typ,Suburban,159
pvalloc_LRG3_max_sBs0p4,1,heatpump_TF,no_heatpump,246
pvalloc_LRG3_max_sBs0p4,1,heatpump_TF,heatpump,140
pvalloc_LRG3_max_sBs0p4,1,filter_tag,south_50pr,35
pvalloc_LRG3_max_sBs0p4,1,filter_tag,na,262
pvalloc_LRG3_max_sBs0p4,1,filter_tag,eastwest_80pr,29
pvalloc_LRG3_max_sBs0p4,1,filter_tag,eastwest_70pr,15
pvalloc_LRG3_max_sBs0p4,1,filter_tag,south_40pr,45
pvalloc_LRG3_max_sBs0p4,2,GKLAS,1110,290
pvalloc_LRG3_max_sBs0p4,2,GKLAS,1121,62
pvalloc_LRG3_max_sBs0p4,2,GKLAS,1122,242
pvalloc_LRG3_max_sBs0p4,2,are_typ,Urban,259
pvalloc_LRG3_max_sBs0p4,2,are_typ,Suburban,207
pvalloc_LRG3_max_sBs0p4,2,are_typ,Rural,128
pvalloc_LRG3_max_sBs0p4,2,heatpump_TF,no_heatpump,423
pvalloc_LRG3_max_sBs0p4,2,heatpump_TF,heatpump,171
pvalloc_LRG3_max_sBs0p4,2,filter_tag,na,388
pvalloc_LRG3_max_sBs0p4,2,filter_tag,eastwest_80pr,58
pvalloc_LRG3_max_sBs0p4,2,filter_tag,south_40pr,74
pvalloc_LRG3_max_sBs0p4,2,filter_tag,south_50pr,53
pvalloc_LRG3_max_sBs0p4,2,filter_tag,eastwest_70pr,21
pvalloc_LRG3_max_sBs0p4,3,GKLAS,1122,313
pvalloc_LRG3_max_sBs0p4,3,GKLAS,1110,437
pvalloc_LRG3_max_sBs0p4,3,GKLAS,1121,73
pvalloc_LRG3_max_sBs0p4,3,are_typ,Rural,193
pvalloc_LRG3_max_sBs0p4,3,are_typ,Urban,339
pvalloc_LRG3_max_sBs0p4,3,are_typ,Suburban,291
pvalloc_LRG3_max_sBs0p4,3,heatpump_TF,heatpump,188
pvalloc_LRG3_max_sBs0p4,3,heatpump_TF,no_heatpump,635
pvalloc_LRG3_max_sBs0p4,3,filter_tag,eastwest_70pr,38
pvalloc_LRG3_max_sBs0p4,3,filter_tag,south_40pr,97
pvalloc_LRG3_max_sBs0p4,3,filter_tag,na,540
pvalloc_LRG3_max_sBs0p4,3,filter_tag,south_50pr,85
pvalloc_LRG3_max_sBs0p4,3,filter_tag,eastwest_80pr,63
pvalloc_LRG3_max_sBs0p4,4,GKLAS,1110,613
pvalloc_LRG3_max_sBs0p4,4,GKLAS,1122,375
pvalloc_LRG3_max_sBs0p4,4,GKLAS,1121,113
pvalloc_LRG3_max_sBs0p4,4,are_typ,Urban,446
pvalloc_LRG3_max_sBs0p4,4,are_typ,Suburban,380
pvalloc_LRG3_max_sBs0p4,4,are_typ,Rural,275
pvalloc_LRG3_max_sBs0p4,4,heatpump_TF,no_heatpump,832
pvalloc_LRG3_max_sBs0p4,4,heatpump_TF,heatpump,269
pvalloc_LRG3_max_sBs0p4,4,filter_tag,eastwest_80pr,113
pvalloc_LRG3_max_sBs0p4,4,filter_tag,south_40pr,126
pvalloc_LRG3_max_sBs0p4,4,filter_tag,eastwest_70pr,46
pvalloc_LRG3_max_sBs0p4,4,filter_tag,south_50pr,131
pvalloc_LRG3_max_sBs0p4,4,filter_tag,na,685
pvalloc_LRG3_max_sBs0p4,5,GKLAS,1122,440
pvalloc_LRG3_max_sBs0p4,5,GKLAS,1110,966
pvalloc_LRG3_max_sBs0p4,5,GKLAS,1121,140
pvalloc_LRG3_max_sBs0p4,5,are_typ,Urban,621
pvalloc_LRG3_max_sBs0p4,5,are_typ,Suburban,565
pvalloc_LRG3_max_sBs0p4,5,are_typ,Rural,360
pvalloc_LRG3_max_sBs0p4,5,heatpump_TF,no_heatpump,1196
pvalloc_LRG3_max_sBs0p4,5,heatpump_TF,heatpump,350
pvalloc_LRG3_max_sBs0p4,5,filter_tag,eastwest_80pr,135
pvalloc_LRG3_max_sBs0p4,5,filter_tag,south_50pr,170
pvalloc_LRG3_max_sBs0p4,5,filter_tag,eastwest_70pr,83
pvalloc_LRG3_max_sBs0p4,5,filter_tag,south_40pr,167
pvalloc_LRG3_max_sBs0p4,5,filter_tag,na,991
pvalloc_LRG3_max_sBs0p4,6,GKLAS,1110,1525
pvalloc_LRG3_max_sBs0p4,6,GKLAS,1121,194
pvalloc_LRG3_max_sBs0p4,6,GKLAS,1122,452
pvalloc_LRG3_max_sBs0p4,6,are_typ,Urban,899
pvalloc_LRG3_max_sBs0p4,6,are_typ,Rural,520
pvalloc_LRG3_max_sBs0p4,6,are_typ,Suburban,752
pvalloc_LRG3_max_sBs0p4,6,heatpump_TF,heatpump,478
pvalloc_LRG3_max_sBs0p4,6,heatpump_TF,no_heatpump,1693
pvalloc_LRG3_max_sBs0p4,6,filter_tag,eastwest_80pr,229
pvalloc_LRG3_max_sBs0p4,6,filter_tag,eastwest_70pr,83
pvalloc_LRG3_max_sBs0p4,6,filter_tag,south_50pr,261
pvalloc_LRG3_max_sBs0p4,6,filter_tag,na,1382
pvalloc_LRG3_max_sBs0p4,6,filter_tag,south_40pr,216
pvalloc_LRG3_max_sBs0p4,7,GKLAS,1121,282
pvalloc_LRG3_max_sBs0p4,7,GKLAS,1110,2017
pvalloc_LRG3_max_sBs0p4,7,GKLAS,1122,537
pvalloc_LRG3_max_sBs0p4,7,are_typ,Urban,1149
pvalloc_LRG3_max_sBs0p4,7,are_typ,Rural,668
pvalloc_LRG3_max_sBs0p4,7,are_typ,Suburban,1019
pvalloc_LRG3_max_sBs0p4,7,heatpump_TF,no_heatpump,2315
pvalloc_LRG3_max_sBs0p4,7,heatpump_TF,heatpump,521
pvalloc_LRG3_max_sBs0p4,7,filter_tag,south_40pr,307
pvalloc_LRG3_max_sBs0p4,7,filter_tag,na,1783
pvalloc_LRG3_max_sBs0p4,7,filter_tag,eastwest_80pr,295
pvalloc_LRG3_max_sBs0p4,7,filter_tag,eastwest_70pr,124
pvalloc_LRG3_max_sBs0p4,7,filter_tag,south_50pr,327
pvalloc_LRG3_max_sBs0p4,8,GKLAS,1110,3216
pvalloc_LRG3_max_sBs0p4,8,GKLAS,1122,400
pvalloc_LRG3_max_sBs0p4,8,GKLAS,1121,315
pvalloc_LRG3_max_sBs0p4,8,are_typ,Rural,952
pvalloc_LRG3_max_sBs0p4,8,are_typ,Urban,1663
pvalloc_LRG3_max_sBs0p4,8,are_typ,Suburban,1316
pvalloc_LRG3_max_sBs0p4,8,heatpump_TF,heatpump,430
pvalloc_LRG3_max_sBs0p4,8,heatpump_TF,no_heatpump,3501
pvalloc_LRG3_max_sBs0p4,8,filter_tag,eastwest_80pr,469
pvalloc_LRG3_max_sBs0p4,8,filter_tag,south_50pr,470
pvalloc_LRG3_max_sBs0p4,8,filter_tag,eastwest_70pr,172
pvalloc_LRG3_max_sBs0p4,8,filter_tag,na,2422
pvalloc_LRG3_max_sBs0p4,8,filter_tag,south_40pr,398
pvalloc_LRG3_max_sBs0p4,9,GKLAS,1121,289
pvalloc_LRG3_max_sBs0p4,9,GKLAS,1110,5004
pvalloc_LRG3_max_sBs0p4,9,GKLAS,1122,163
pvalloc_LRG3_max_sBs0p4,9,are_typ,Urban,2582
pvalloc_LRG3_max_sBs0p4,9,are_typ,Suburban,1748
pvalloc_LRG3_max_sBs0p4,9,are_typ,Rural,1126
pvalloc_LRG3_max_sBs0p4,9,heatpump_TF,heatpump,130
pvalloc_LRG3_max_sBs0p4,9,heatpump_TF,no_heatpump,5326
pvalloc_LRG3_max_sBs0p4,9,filter_tag,eastwest_80pr,664
pvalloc_LRG3_max_sBs0p4,9,filter_tag,south_40pr,653
pvalloc_LRG3_max_sBs0p4,9,filter_tag,na,3107
pvalloc_LRG3_max_sBs0p4,9,filter_tag,eastwest_70pr,252
pvalloc_LRG3_max_sBs0p4,9,filter_tag,south_50pr,780
pvalloc_LRG3_max_sBs0p4,10,GKLAS,1122,75
pvalloc_LRG3_max_sBs0p4,10,GKLAS,1121,130
pvalloc_LRG3_max_sBs0p4,10,GKLAS,1110,3628
pvalloc_LRG3_max_sBs0p4,10,are_typ,Suburban,1243
pvalloc_LRG3_max_sBs0p4,10,are_typ,Rural,669
pvalloc_LRG3_max_sBs0p4,10,are_typ,Urban,1921
pvalloc_LRG3_max_sBs0p4,10,heatpump_TF,heatpump,41
pvalloc_LRG3_max_sBs0p4,10,heatpump_TF,no_heatpump,3792
pvalloc_LRG3_max_sBs0p4,10,filter_tag,eastwest_80pr,411
pvalloc_LRG3_max_sBs0p4,10,filter_tag,eastwest_70pr,149
pvalloc_LRG3_max_sBs0p4,10,filter_tag,south_50pr,519
pvalloc_LRG3_max_sBs0p4,10,filter_tag,south_40pr,366
pvalloc_LRG3_max_sBs0p4,10,filter_tag,na,2388
pvalloc_LRG3_max_sBs0p6,1,GKLAS,1122,225
pvalloc_LRG3_max_sBs0p6,1,GKLAS,1110,122
pvalloc_LRG3_max_sBs0p6,1,GKLAS,1121,34
pvalloc_LRG3_max_sBs0p6,1,are_typ,Urban,182
pvalloc_LRG3_max_sBs0p6,1,are_typ,Suburban,133
pvalloc_LRG3_max_sBs0p6,1,are_typ,Rural,66
pvalloc_LRG3_max_sBs0p6,1,heatpump_TF,no_heatpump,241
pvalloc_LRG3_max_sBs0p6,1,heatpump_TF,heatpump,140
pvalloc_LRG3_max_sBs0p6,1,filter_tag,south_40pr,40
pvalloc_LRG3_max_sBs0p6,1,filter_tag,na,269
pvalloc_LRG3_max_sBs0p6,1,filter_tag,eastwest_80pr,25
pvalloc_LRG3_max_sBs0p6,1,filter_tag,south_50pr,35
pvalloc_LRG3_max_sBs0p6,1,filter_tag,eastwest_70pr,12
pvalloc_LRG3_max_sBs0p6,2,GKLAS,1122,250
pvalloc_LRG3_max_sBs0p6,2,GKLAS,1110,264
pvalloc_LRG3_max_sBs0p6,2,GKLAS,1121,65
pvalloc_LRG3_max_sBs0p6,2,are_typ,Rural,133
pvalloc_LRG3_max_sBs0p6,2,are_typ,Suburban,200
pvalloc_LRG3_max_sBs0p6,2,are_typ,Urban,246
pvalloc_LRG3_max_sBs0p6,2,heatpump_TF,no_heatpump,435
pvalloc_LRG3_max_sBs0p6,2,heatpump_TF,heatpump,144
pvalloc_LRG3_max_sBs0p6,2,filter_tag,eastwest_70pr,7
pvalloc_LRG3_max_sBs0p6,2,filter_tag,na,388
pvalloc_LRG3_max_sBs0p6,2,filter_tag,eastwest_80pr,60
pvalloc_LRG3_max_sBs0p6,2,filter_tag,south_40pr,67
pvalloc_LRG3_max_sBs0p6,2,filter_tag,south_50pr,57
pvalloc_LRG3_max_sBs0p6,3,GKLAS,1110,444
pvalloc_LRG3_max_sBs0p6,3,GKLAS,1121,77
pvalloc_LRG3_max_sBs0p6,3,GKLAS,1122,303
pvalloc_LRG3_max_sBs0p6,3,are_typ,Rural,175
pvalloc_LRG3_max_sBs0p6,3,are_typ,Suburban,301
pvalloc_LRG3_max_sBs0p6,3,are_typ,Urban,348
pvalloc_LRG3_max_sBs0p6,3,heatpump_TF,no_heatpump,627
pvalloc_LRG3_max_sBs0p6,3,heatpump_TF,heatpump,197
pvalloc_LRG3_max_sBs0p6,3,filter_tag,south_50pr,81
pvalloc_LRG3_max_sBs0p6,3,filter_tag,south_40pr,95
pvalloc_LRG3_max_sBs0p6,3,filter_tag,eastwest_70pr,50
pvalloc_LRG3_max_sBs0p6,3,filter_tag,na,522
pvalloc_LRG3_max_sBs0p6,3,filter_tag,eastwest_80pr,76
pvalloc_LRG3_max_sBs0p6,4,GKLAS,1121,106
pvalloc_LRG3_max_sBs0p6,4,GKLAS,1110,636
pvalloc_LRG3_max_sBs0p6,4,GKLAS,1122,398
pvalloc_LRG3_max_sBs0p6,4,are_typ,Urban,461
pvalloc_LRG3_max_sBs0p6,4,are_typ,Suburban,410
pvalloc_LRG3_max_sBs0p6,4,are_typ,Rural,269
pvalloc_LRG3_max_sBs0p6,4,heatpump_TF,heatpump,255
pvalloc_LRG3_max_sBs0p6,4,heatpump_TF,no_heatpump,885
pvalloc_LRG3_max_sBs0p6,4,filter_tag,south_40pr,137
pvalloc_LRG3_max_sBs0p6,4,filter_tag,eastwest_70pr,48
pvalloc_LRG3_max_sBs0p6,4,filter_tag,na,712
pvalloc_LRG3_max_sBs0p6,4,filter_tag,south_50pr,124
pvalloc_LRG3_max_sBs0p6,4,filter_tag,eastwest_80pr,119
pvalloc_LRG3_max_sBs0p6,5,GKLAS,1110,895
pvalloc_LRG3_max_sBs0p6,5,GKLAS,1122,460
pvalloc_LRG3_max_sBs0p6,5,GKLAS,1121,142
pvalloc_LRG3_max_sBs0p6,5,are_typ,Urban,636
pvalloc_LRG3_max_sBs0p6,5,are_typ,Suburban,515
pvalloc_LRG3_max_sBs0p6,5,are_typ,Rural,346
pvalloc_LRG3_max_sBs0p6,5,heatpump_TF,heatpump,361
pvalloc_LRG3_max_sBs0p6,5,heatpump_TF,no_heatpump,1136
pvalloc_LRG3_max_sBs0p6,5,filter_tag,eastwest_70pr,83
pvalloc_LRG3_max_sBs0p6,5,filter_tag,south_40pr,173
pvalloc_LRG3_max_sBs0p6,5,filter_tag,south_50pr,165
pvalloc_LRG3_max_sBs0p6,5,filter_tag,eastwest_80pr,172
pvalloc_LRG3_max_sBs0p6,5,filter_tag,na,904
pvalloc_LRG3_max_sBs0p6,6,GKLAS,1110,1415
pvalloc_LRG3_max_sBs0p6,6,GKLAS,1121,207
pvalloc_LRG3_max_sBs0p6,6,GKLAS,1122,493
pvalloc_LRG3_max_sBs0p6,6,are_typ,Rural,553
pvalloc_LRG3_max_sBs0p6,6,are_typ,Urban,847
pvalloc_LRG3_max_sBs0p6,6,are_typ,Suburban,715
pvalloc_LRG3_max_sBs0p6,6,heatpump_TF,heatpump,452
pvalloc_LRG3_max_sBs0p6,6,heatpump_TF,no_heatpump,1663
pvalloc_LRG3_max_sBs0p6,6,filter_tag,south_50pr,259
pvalloc_LRG3_max_sBs0p6,6,filter_tag,eastwest_80pr,207
pvalloc_LRG3_max_sBs0p6,6,filter_tag,na,1329
pvalloc_LRG3_max_sBs0p6,6,filter_tag,eastwest_70pr,84
pvalloc_LRG3_max_sBs0p6,6,filter_tag,south_40pr,236
pvalloc_LRG3_max_sBs0p6,7,GKLAS,1110,1983
pvalloc_LRG3_max_sBs0p6,7,GKLAS,1122,542
pvalloc_LRG3_max_sBs0p6,7,GKLAS,1121,265
pvalloc_LRG3_max_sBs0p6,7,are_typ,Suburban,910
pvalloc_LRG3_max_sBs0p6,7,are_typ,Rural,708
pvalloc_LRG3_max_sBs0p6,7,are_typ,Urban,1172
pvalloc_LRG3_max_sBs0p6,7,heatpump_TF,heatpump,509
pvalloc_LRG3_max_sBs0p6,7,heatpump_TF,no_heatpump,2281
pvalloc_LRG3_max_sBs0p6,7,filter_tag,south_50pr,341
pvalloc_LRG3_max_sBs0p6,7,filter_tag,eastwest_80pr,277
pvalloc_LRG3_max_sBs0p6,7,filter_tag,na,1733
pvalloc_LRG3_max_sBs0p6,7,filter_tag,south_40pr,325
pvalloc_LRG3_max_sBs0p6,7,filter_tag,eastwest_70pr,114
pvalloc_LRG3_max_sBs0p6,8,GKLAS,1122,317
pvalloc_LRG3_max_sBs0p6,8,GKLAS,1121,329
pvalloc_LRG3_max_sBs0p6,8,GKLAS,1110,3442
pvalloc_LRG3_max_sBs0p6,8,are_typ,Rural,985
pvalloc_LRG3_max_sBs0p6,8,are_typ,Urban,1803
pvalloc_LRG3_max_sBs0p6,8,are_typ,Suburban,1300
pvalloc_LRG3_max_sBs0p6,8,heatpump_TF,heatpump,351
pvalloc_LRG3_max_sBs0p6,8,heatpump_TF,no_heatpump,3737
pvalloc_LRG3_max_sBs0p6,8,filter_tag,eastwest_80pr,426
pvalloc_LRG3_max_sBs0p6,8,filter_tag,eastwest_70pr,193
pvalloc_LRG3_max_sBs0p6,8,filter_tag,south_50pr,493
pvalloc_LRG3_max_sBs0p6,8,filter_tag,south_40pr,467
pvalloc_LRG3_max_sBs0p6,8,filter_tag,na,2509
pvalloc_LRG3_max_sBs0p6,9,GKLAS,1122,190
pvalloc_LRG3_max_sBs0p6,9,GKLAS,1110,4871
pvalloc_LRG3_max_sBs0p6,9,GKLAS,1121,295
pvalloc_LRG3_max_sBs0p6,9,are_typ,Suburban,1780
pvalloc_LRG3_max_sBs0p6,9,are_typ,Rural,1204
pvalloc_LRG3_max_sBs0p6,9,are_typ,Urban,2372
pvalloc_LRG3_max_sBs0p6,9,heatpump_TF,no_heatpump,5122
pvalloc_LRG3_max_sBs0p6,9,heatpump_TF,heatpump,234
pvalloc_LRG3_max_sBs0p6,9,filter_tag,south_40pr,612
pvalloc_LRG3_max_sBs0p6,9,filter_tag,na,3189
pvalloc_LRG3_max_sBs0p6,9,filter_tag,eastwest_80pr,583
pvalloc_LRG3_max_sBs0p6,9,filter_tag,eastwest_70pr,253
pvalloc_LRG3_max_sBs0p6,9,filter_tag,south_50pr,719
pvalloc_LRG3_max_sBs0p6,10,GKLAS,1122,25
pvalloc_LRG3_max_sBs0p6,10,GKLAS,1110,1121
pvalloc_LRG3_max_sBs0p6,10,GKLAS,1121,58
pvalloc_LRG3_max_sBs0p6,10,are_typ,Urban,634
pvalloc_LRG3_max_sBs0p6,10,are_typ,Suburban,370
pvalloc_LRG3_max_sBs0p6,10,are_typ,Rural,200
pvalloc_LRG3_max_sBs0p6,10,heatpump_TF,heatpump,30
pvalloc_LRG3_max_sBs0p6,10,heatpump_TF,no_heatpump,1174
pvalloc_LRG3_max_sBs0p6,10,filter_tag,na,698
pvalloc_LRG3_max_sBs0p6,10,filter_tag,eastwest_70pr,45
pvalloc_LRG3_max_sBs0p6,10,filter_tag,south_50pr,204
pvalloc_LRG3_max_sBs0p6,10,filter_tag,eastwest_80pr,129
pvalloc_LRG3_max_sBs0p6,10,filter_tag,south_40pr,128
pvalloc_LRG3_max_sBs0p8,1,GKLAS,1122,219
pvalloc_LRG3_max_sBs0p8,1,GKLAS,1121,31
pvalloc_LRG3_max_sBs0p8,1,GKLAS,1110,147
pvalloc_LRG3_max_sBs0p8,1,are_typ,Urban,155
pvalloc_LRG3_max_sBs0p8,1,are_typ,Suburban,150
pvalloc_LRG3_max_sBs0p8,1,are_typ,Rural,92
pvalloc_LRG3_max_sBs0p8,1,heatpump_TF,no_heatpump,247
pvalloc_LRG3_max_sBs0p8,1,heatpump_TF,heatpump,150
pvalloc_LRG3_max_sBs0p8,1,filter_tag,south_50pr,33
pvalloc_LRG3_max_sBs0p8,1,filter_tag,na,277
pvalloc_LRG3_max_sBs0p8,1,filter_tag,eastwest_70pr,7
pvalloc_LRG3_max_sBs0p8,1,filter_tag,south_40pr,45
pvalloc_LRG3_max_sBs0p8,1,filter_tag,eastwest_80pr,35
pvalloc_LRG3_max_sBs0p8,2,GKLAS,1110,277
pvalloc_LRG3_max_sBs0p8,2,GKLAS,1122,258
pvalloc_LRG3_max_sBs0p8,2,GKLAS,1121,55
pvalloc_LRG3_max_sBs0p8,2,are_typ,Rural,111
pvalloc_LRG3_max_sBs0p8,2,are_typ,Suburban,215
pvalloc_LRG3_max_sBs0p8,2,are_typ,Urban,264
pvalloc_LRG3_max_sBs0p8,2,heatpump_TF,no_heatpump,449
pvalloc_LRG3_max_sBs0p8,2,heatpump_TF,heatpump,141
pvalloc_LRG3_max_sBs0p8,2,filter_tag,south_50pr,60
pvalloc_LRG3_max_sBs0p8,2,filter_tag,south_40pr,79
pvalloc_LRG3_max_sBs0p8,2,filter_tag,eastwest_70pr,9
pvalloc_LRG3_max_sBs0p8,2,filter_tag,eastwest_80pr,64
pvalloc_LRG3_max_sBs0p8,2,filter_tag,na,378
pvalloc_LRG3_max_sBs0p8,3,GKLAS,1110,413
pvalloc_LRG3_max_sBs0p8,3,GKLAS,1121,61
pvalloc_LRG3_max_sBs0p8,3,GKLAS,1122,327
pvalloc_LRG3_max_sBs0p8,3,are_typ,Urban,345
pvalloc_LRG3_max_sBs0p8,3,are_typ,Rural,143
pvalloc_LRG3_max_sBs0p8,3,are_typ,Suburban,313
pvalloc_LRG3_max_sBs0p8,3,heatpump_TF,heatpump,203
pvalloc_LRG3_max_sBs0p8,3,heatpump_TF,no_heatpump,598
pvalloc_LRG3_max_sBs0p8,3,filter_tag,south_50pr,89
pvalloc_LRG3_max_sBs0p8,3,filter_tag,eastwest_80pr,72
pvalloc_LRG3_max_sBs0p8,3,filter_tag,eastwest_70pr,37
pvalloc_LRG3_max_sBs0p8,3,filter_tag,na,513
pvalloc_LRG3_max_sBs0p8,3,filter_tag,south_40pr,90
pvalloc_LRG3_max_sBs0p8,4,GKLAS,1122,373
pvalloc_LRG3_max_sBs0p8,4,GKLAS,1110,655
pvalloc_LRG3_max_sBs0p8,4,GKLAS,1121,122
pvalloc_LRG3_max_sBs0p8,4,are_typ,Suburban,369
pvalloc_LRG3_max_sBs0p8,4,are_typ,Rural,277
pvalloc_LRG3_max_sBs0p8,4,are_typ,Urban,504
pvalloc_LRG3_max_sBs0p8,4,heatpump_TF,heatpump,263
pvalloc_LRG3_max_sBs0p8,4,heatpump_TF,no_heatpump,887
pvalloc_LRG3_max_sBs0p8,4,filter_tag,south_40pr,123
pvalloc_LRG3_max_sBs0p8,4,filter_tag,eastwest_80pr,101
pvalloc_LRG3_max_sBs0p8,4,filter_tag,south_50pr,125
pvalloc_LRG3_max_sBs0p8,4,filter_tag,na,740
pvalloc_LRG3_max_sBs0p8,4,filter_tag,eastwest_70pr,61
pvalloc_LRG3_max_sBs0p8,5,GKLAS,1110,903
pvalloc_LRG3_max_sBs0p8,5,GKLAS,1121,133
pvalloc_LRG3_max_sBs0p8,5,GKLAS,1122,471
pvalloc_LRG3_max_sBs0p8,5,are_typ,Suburban,510
pvalloc_LRG3_max_sBs0p8,5,are_typ,Rural,351
pvalloc_LRG3_max_sBs0p8,5,are_typ,Urban,646
pvalloc_LRG3_max_sBs0p8,5,heatpump_TF,heatpump,323
pvalloc_LRG3_max_sBs0p8,5,heatpump_TF,no_heatpump,1184
pvalloc_LRG3_max_sBs0p8,5,filter_tag,south_50pr,157
pvalloc_LRG3_max_sBs0p8,5,filter_tag,south_40pr,174
pvalloc_LRG3_max_sBs0p8,5,filter_tag,na,964
pvalloc_LRG3_max_sBs0p8,5,filter_tag,eastwest_70pr,65
pvalloc_LRG3_max_sBs0p8,5,filter_tag,eastwest_80pr,147
pvalloc_LRG3_max_sBs0p8,6,GKLAS,1110,1470
pvalloc_LRG3_max_sBs0p8,6,GKLAS,1122,464
pvalloc_LRG3_max_sBs0p8,6,GKLAS,1121,217
pvalloc_LRG3_max_sBs0p8,6,are_typ,Suburban,716
pvalloc_LRG3_max_sBs0p8,6,are_typ,Rural,511
pvalloc_LRG3_max_sBs0p8,6,are_typ,Urban,924
pvalloc_LRG3_max_sBs0p8,6,heatpump_TF,heatpump,452
pvalloc_LRG3_max_sBs0p8,6,heatpump_TF,no_heatpump,1699
pvalloc_LRG3_max_sBs0p8,6,filter_tag,eastwest_80pr,224
pvalloc_LRG3_max_sBs0p8,6,filter_tag,eastwest_70pr,92
pvalloc_LRG3_max_sBs0p8,6,filter_tag,south_50pr,244
pvalloc_LRG3_max_sBs0p8,6,filter_tag,na,1322
pvalloc_LRG3_max_sBs0p8,6,filter_tag,south_40pr,269
pvalloc_LRG3_max_sBs0p8,7,GKLAS,1122,533
pvalloc_LRG3_max_sBs0p8,7,GKLAS,1121,274
pvalloc_LRG3_max_sBs0p8,7,GKLAS,1110,2022
pvalloc_LRG3_max_sBs0p8,7,are_typ,Suburban,884
pvalloc_LRG3_max_sBs0p8,7,are_typ,Rural,759
pvalloc_LRG3_max_sBs0p8,7,are_typ,Urban,1186
pvalloc_LRG3_max_sBs0p8,7,heatpump_TF,heatpump,487
pvalloc_LRG3_max_sBs0p8,7,heatpump_TF,no_heatpump,2342
pvalloc_LRG3_max_sBs0p8,7,filter_tag,na,1783
pvalloc_LRG3_max_sBs0p8,7,filter_tag,south_40pr,292
pvalloc_LRG3_max_sBs0p8,7,filter_tag,eastwest_80pr,303
pvalloc_LRG3_max_sBs0p8,7,filter_tag,south_50pr,344
pvalloc_LRG3_max_sBs0p8,7,filter_tag,eastwest_70pr,107
pvalloc_LRG3_max_sBs0p8,8,GKLAS,1121,337
pvalloc_LRG3_max_sBs0p8,8,GKLAS,1122,327
pvalloc_LRG3_max_sBs0p8,8,GKLAS,1110,3332
pvalloc_LRG3_max_sBs0p8,8,are_typ,Suburban,1338
pvalloc_LRG3_max_sBs0p8,8,are_typ,Rural,988
pvalloc_LRG3_max_sBs0p8,8,are_typ,Urban,1670
pvalloc_LRG3_max_sBs0p8,8,heatpump_TF,no_heatpump,3579
pvalloc_LRG3_max_sBs0p8,8,heatpump_TF,heatpump,417
pvalloc_LRG3_max_sBs0p8,8,filter_tag,eastwest_70pr,184
pvalloc_LRG3_max_sBs0p8,8,filter_tag,south_40pr,468
pvalloc_LRG3_max_sBs0p8,8,filter_tag,south_50pr,505
pvalloc_LRG3_max_sBs0p8,8,filter_tag,eastwest_80pr,399
pvalloc_LRG3_max_sBs0p8,8,filter_tag,na,2440
pvalloc_LRG3_max_sBs0p8,9,GKLAS,1110,4815
pvalloc_LRG3_max_sBs0p8,9,GKLAS,1122,202
pvalloc_LRG3_max_sBs0p8,9,GKLAS,1121,306
pvalloc_LRG3_max_sBs0p8,9,are_typ,Suburban,1751
pvalloc_LRG3_max_sBs0p8,9,are_typ,Urban,2389
pvalloc_LRG3_max_sBs0p8,9,are_typ,Rural,1183
pvalloc_LRG3_max_sBs0p8,9,heatpump_TF,heatpump,215
pvalloc_LRG3_max_sBs0p8,9,heatpump_TF,no_heatpump,5108
pvalloc_LRG3_max_sBs0p8,9,filter_tag,south_40pr,594
pvalloc_LRG3_max_sBs0p8,9,filter_tag,eastwest_80pr,587
pvalloc_LRG3_max_sBs0p8,9,filter_tag,na,3118
pvalloc_LRG3_max_sBs0p8,9,filter_tag,south_50pr,749
pvalloc_LRG3_max_sBs0p8,9,filter_tag,eastwest_70pr,275
pvalloc_LRG3_max_sBs0p8,10,GKLAS,1122,24
pvalloc_LRG3_max_sBs0p8,10,GKLAS,1121,51
pvalloc_LRG3_max_sBs0p8,10,GKLAS,1110,1064
pvalloc_LRG3_max_sBs0p8,10,are_typ,Suburban,374
pvalloc_LRG3_max_sBs0p8,10,are_typ,Rural,193
pvalloc_LRG3_max_sBs0p8,10,are_typ,Urban,572
pvalloc_LRG3_max_sBs0p8,10,heatpump_TF,no_heatpump,1114
pvalloc_LRG3_max_sBs0p8,10,heatpump_TF,heatpump,25
pvalloc_LRG3_max_sBs0p8,10,filter_tag,eastwest_80pr,109
pvalloc_LRG3_max_sBs0p8,10,filter_tag,eastwest_70pr,43
pvalloc_LRG3_max_sBs0p8,10,filter_tag,south_40pr,125
pvalloc_LRG3_max_sBs0p8,10,filter_tag,na,698
pvalloc_LRG3_max_sBs0p8,10,filter_tag,south_50pr,164
pvalloc_LRG3_max_sBs0p8,12,GKLAS,1110,1
pvalloc_LRG3_max_sBs0p8,12,are_typ,Urban,1
pvalloc_LRG3_max_sBs0p8,12,heatpump_TF,no_heatpump,1
pvalloc_LRG3_max_sBs0p8,12,filter_tag,na,1
pvalloc_LRG3_max_sBs0p8,15,GKLAS,1110,2
pvalloc_LRG3_max_sBs0p8,15,are_typ,Urban,2
pvalloc_LRG3_max_sBs0p8,15,heatpump_TF,no_heatpump,2
pvalloc_LRG3_max_sBs0p8,15,filter_tag,na,2
pvalloc_LRG3_max_sCs4p4,1,GKLAS,1121,38
pvalloc_LRG3_max_sCs4p4,1,GKLAS,1110,149
pvalloc_LRG3_max_sCs4p4,1,GKLAS,1122,216
pvalloc_LRG3_max_sCs4p4,1,are_typ,Suburban,150
pvalloc_LRG3_max_sCs4p4,1,are_typ,Urban,178
pvalloc_LRG3_max_sCs4p4,1,are_typ,Rural,75
pvalloc_LRG3_max_sCs4p4,1,heatpump_TF,no_heatpump,244
pvalloc_LRG3_max_sCs4p4,1,heatpump_TF,heatpump,159
pvalloc_LRG3_max_sCs4p4,1,filter_tag,south_50pr,41
pvalloc_LRG3_max_sCs4p4,1,filter_tag,south_40pr,50
pvalloc_LRG3_max_sCs4p4,1,filter_tag,eastwest_70pr,18
pvalloc_LRG3_max_sCs4p4,1,filter_tag,eastwest_80pr,36
pvalloc_LRG3_max_sCs4p4,1,filter_tag,na,258
pvalloc_LRG3_max_sCs4p4,2,GKLAS,1121,67
pvalloc_LRG3_max_sCs4p4,2,GKLAS,1122,232
pvalloc_LRG3_max_sCs4p4,2,GKLAS,1110,296
pvalloc_LRG3_max_sCs4p4,2,are_typ,Urban,244
pvalloc_LRG3_max_sCs4p4,2,are_typ,Rural,139
pvalloc_LRG3_max_sCs4p4,2,are_typ,Suburban,212
pvalloc_LRG3_max_sCs4p4,2,heatpump_TF,no_heatpump,455
pvalloc_LRG3_max_sCs4p4,2,heatpump_TF,heatpump,140
pvalloc_LRG3_max_sCs4p4,2,filter_tag,south_50pr,64
pvalloc_LRG3_max_sCs4p4,2,filter_tag,na,348
pvalloc_LRG3_max_sCs4p4,2,filter_tag,south_40pr,82
pvalloc_LRG3_max_sCs4p4,2,filter_tag,eastwest_80pr,70
pvalloc_LRG3_max_sCs4p4,2,filter_tag,eastwest_70pr,31
pvalloc_LRG3_max_sCs4p4,3,GKLAS,1122,309
pvalloc_LRG3_max_sCs4p4,3,GKLAS,1121,69
pvalloc_LRG3_max_sCs4p4,3,GKLAS,1110,415
pvalloc_LRG3_max_sCs4p4,3,are_typ,Rural,176
pvalloc_LRG3_max_sCs4p4,3,are_typ,Suburban,296
pvalloc_LRG3_max_sCs4p4,3,are_typ,Urban,321
pvalloc_LRG3_max_sCs4p4,3,heatpump_TF,no_heatpump,626
pvalloc_LRG3_max_sCs4p4,3,heatpump_TF,heatpump,167
pvalloc_LRG3_max_sCs4p4,3,filter_tag,south_50pr,86
pvalloc_LRG3_max_sCs4p4,3,filter_tag,eastwest_70pr,49
pvalloc_LRG3_max_sCs4p4,3,filter_tag,south_40pr,90
pvalloc_LRG3_max_sCs4p4,3,filter_tag,eastwest_80pr,85
pvalloc_LRG3_max_sCs4p4,3,filter_tag,na,483
pvalloc_LRG3_max_sCs4p4,4,GKLAS,1110,663
pvalloc_LRG3_max_sCs4p4,4,GKLAS,1121,112
pvalloc_LRG3_max_sCs4p4,4,GKLAS,1122,359
pvalloc_LRG3_max_sCs4p4,4,are_typ,Suburban,391
pvalloc_LRG3_max_sCs4p4,4,are_typ,Rural,259
pvalloc_LRG3_max_sCs4p4,4,are_typ,Urban,484
pvalloc_LRG3_max_sCs4p4,4,heatpump_TF,no_heatpump,854
pvalloc_LRG3_max_sCs4p4,4,heatpump_TF,heatpump,280
pvalloc_LRG3_max_sCs4p4,4,filter_tag,eastwest_80pr,139
pvalloc_LRG3_max_sCs4p4,4,filter_tag,eastwest_70pr,36
pvalloc_LRG3_max_sCs4p4,4,filter_tag,south_40pr,124
pvalloc_LRG3_max_sCs4p4,4,filter_tag,south_50pr,114
pvalloc_LRG3_max_sCs4p4,4,filter_tag,na,721
pvalloc_LRG3_max_sCs4p4,5,GKLAS,1110,922
pvalloc_LRG3_max_sCs4p4,5,GKLAS,1122,442
pvalloc_LRG3_max_sCs4p4,5,GKLAS,1121,152
pvalloc_LRG3_max_sCs4p4,5,are_typ,Suburban,498
pvalloc_LRG3_max_sCs4p4,5,are_typ,Rural,352
pvalloc_LRG3_max_sCs4p4,5,are_typ,Urban,666
pvalloc_LRG3_max_sCs4p4,5,heatpump_TF,no_heatpump,1204
pvalloc_LRG3_max_sCs4p4,5,heatpump_TF,heatpump,312
pvalloc_LRG3_max_sCs4p4,5,filter_tag,eastwest_70pr,92
pvalloc_LRG3_max_sCs4p4,5,filter_tag,eastwest_80pr,147
pvalloc_LRG3_max_sCs4p4,5,filter_tag,na,973
pvalloc_LRG3_max_sCs4p4,5,filter_tag,south_50pr,162
pvalloc_LRG3_max_sCs4p4,5,filter_tag,south_40pr,142
pvalloc_LRG3_max_sCs4p4,6,GKLAS,1110,1531
pvalloc_LRG3_max_sCs4p4,6,GKLAS,1121,185
pvalloc_LRG3_max_sCs4p4,6,GKLAS,1122,442
pvalloc_LRG3_max_sCs4p4,6,are_typ,Suburban,791
pvalloc_LRG3_max_sCs4p4,6,are_typ,Urban,847
pvalloc_LRG3_max_sCs4p4,6,are_typ,Rural,520
pvalloc_LRG3_max_sCs4p4,6,heatpump_TF,heatpump,443
pvalloc_LRG3_max_sCs4p4,6,heatpump_TF,no_heatpump,1715
pvalloc_LRG3_max_sCs4p4,6,filter_tag,eastwest_70pr,129
pvalloc_LRG3_max_sCs4p4,6,filter_tag,eastwest_80pr,270
pvalloc_LRG3_max_sCs4p4,6,filter_tag,south_40pr,231
pvalloc_LRG3_max_sCs4p4,6,filter_tag,na,1295
pvalloc_LRG3_max_sCs4p4,6,filter_tag,south_50pr,233
pvalloc_LRG3_max_sCs4p4,7,GKLAS,1110,2142
pvalloc_LRG3_max_sCs4p4,7,GKLAS,1121,244
pvalloc_LRG3_max_sCs4p4,7,GKLAS,1122,496
pvalloc_LRG3_max_sCs4p4,7,are_typ,Urban,1156
pvalloc_LRG3_max_sCs4p4,7,are_typ,Rural,696
pvalloc_LRG3_max_sCs4p4,7,are_typ,Suburban,1030
pvalloc_LRG3_max_sCs4p4,7,heatpump_TF,no_heatpump,2293
pvalloc_LRG3_max_sCs4p4,7,heatpump_TF,heatpump,589
pvalloc_LRG3_max_sCs4p4,7,filter_tag,south_40pr,269
pvalloc_LRG3_max_sCs4p4,7,filter_tag,eastwest_80pr,319
pvalloc_LRG3_max_sCs4p4,7,filter_tag,na,1846
pvalloc_LRG3_max_sCs4p4,7,filter_tag,south_50pr,324
pvalloc_LRG3_max_sCs4p4,7,filter_tag,eastwest_70pr,124
pvalloc_LRG3_max_sCs4p4,8,GKLAS,1110,3176
pvalloc_LRG3_max_sCs4p4,8,GKLAS,1121,316
pvalloc_LRG3_max_sCs4p4,8,GKLAS,1122,445
pvalloc_LRG3_max_sCs4p4,8,are_typ,Suburban,1324
pvalloc_LRG3_max_sCs4p4,8,are_typ,Rural,870
pvalloc_LRG3_max_sCs4p4,8,are_typ,Urban,1743
pvalloc_LRG3_max_sCs4p4,8,heatpump_TF,no_heatpump,3538
pvalloc_LRG3_max_sCs4p4,8,heatpump_TF,heatpump,399
pvalloc_LRG3_max_sCs4p4,8,filter_tag,south_50pr,461
pvalloc_LRG3_max_sCs4p4,8,filter_tag,na,2401
pvalloc_LRG3_max_sCs4p4,8,filter_tag,eastwest_70pr,188
pvalloc_LRG3_max_sCs4p4,8,filter_tag,eastwest_80pr,443
pvalloc_LRG3_max_sCs4p4,8,filter_tag,south_40pr,444
pvalloc_LRG3_max_sCs4p4,9,GKLAS,1121,305
pvalloc_LRG3_max_sCs4p4,9,GKLAS,1110,4934
pvalloc_LRG3_max_sCs4p4,9,GKLAS,1122,203
pvalloc_LRG3_max_sCs4p4,9,are_typ,Rural,1115
pvalloc_LRG3_max_sCs4p4,9,are_typ,Urban,2581
pvalloc_LRG3_max_sCs4p4,9,are_typ,Suburban,1746
pvalloc_LRG3_max_sCs4p4,9,heatpump_TF,heatpump,175
pvalloc_LRG3_max_sCs4p4,9,heatpump_TF,no_heatpump,5267
pvalloc_LRG3_max_sCs4p4,9,filter_tag,eastwest_80pr,584
pvalloc_LRG3_max_sCs4p4,9,filter_tag,south_40pr,597
pvalloc_LRG3_max_sCs4p4,9,filter_tag,south_50pr,769
pvalloc_LRG3_max_sCs4p4,9,filter_tag,na,3292
pvalloc_LRG3_max_sCs4p4,9,filter_tag,eastwest_70pr,200
pvalloc_LRG3_max_sCs4p4,10,GKLAS,1122,72
pvalloc_LRG3_max_sCs4p4,10,GKLAS,1110,3791
pvalloc_LRG3_max_sCs4p4,10,GKLAS,1121,139
pvalloc_LRG3_max_sCs4p4,10,are_typ,Rural,787
pvalloc_LRG3_max_sCs4p4,10,are_typ,Suburban,1330
pvalloc_LRG3_max_sCs4p4,10,are_typ,Urban,1885
pvalloc_LRG3_max_sCs4p4,10,heatpump_TF,no_heatpump,3947
pvalloc_LRG3_max_sCs4p4,10,heatpump_TF,heatpump,55
pvalloc_LRG3_max_sCs4p4,10,filter_tag,eastwest_80pr,391
pvalloc_LRG3_max_sCs4p4,10,filter_tag,na,2468
pvalloc_LRG3_max_sCs4p4,10,filter_tag,eastwest_70pr,122
pvalloc_LRG3_max_sCs4p4,10,filter_tag,south_50pr,599
pvalloc_LRG3_max_sCs4p4,10,filter_tag,south_40pr,422
pvalloc_LRG3_max_sCs4p6,1,GKLAS,1110,150
pvalloc_LRG3_max_sCs4p6,1,GKLAS,1121,36
pvalloc_LRG3_max_sCs4p6,1,GKLAS,1122,209
pvalloc_LRG3_max_sCs4p6,1,are_typ,Urban,163
pvalloc_LRG3_max_sCs4p6,1,are_typ,Suburban,151
pvalloc_LRG3_max_sCs4p6,1,are_typ,Rural,81
pvalloc_LRG3_max_sCs4p6,1,heatpump_TF,heatpump,145
pvalloc_LRG3_max_sCs4p6,1,heatpump_TF,no_heatpump,250
pvalloc_LRG3_max_sCs4p6,1,filter_tag,south_50pr,36
pvalloc_LRG3_max_sCs4p6,1,filter_tag,south_40pr,33
pvalloc_LRG3_max_sCs4p6,1,filter_tag,na,270
pvalloc_LRG3_max_sCs4p6,1,filter_tag,eastwest_70pr,18
pvalloc_LRG3_max_sCs4p6,1,filter_tag,eastwest_80pr,38
pvalloc_LRG3_max_sCs4p6,2,GKLAS,1121,62
pvalloc_LRG3_max_sCs4p6,2,GKLAS,1122,259
pvalloc_LRG3_max_sCs4p6,2,GKLAS,1110,274
pvalloc_LRG3_max_sCs4p6,2,are_typ,Suburban,225
pvalloc_LRG3_max_sCs4p6,2,are_typ,Urban,241
pvalloc_LRG3_max_sCs4p6,2,are_typ,Rural,129
pvalloc_LRG3_max_sCs4p6,2,heatpump_TF,no_heatpump,445
pvalloc_LRG3_max_sCs4p6,2,heatpump_TF,heatpump,150
pvalloc_LRG3_max_sCs4p6,2,filter_tag,south_40pr,60
pvalloc_LRG3_max_sCs4p6,2,filter_tag,eastwest_80pr,74
pvalloc_LRG3_max_sCs4p6,2,filter_tag,south_50pr,50
pvalloc_LRG3_max_sCs4p6,2,filter_tag,na,374
pvalloc_LRG3_max_sCs4p6,2,filter_tag,eastwest_70pr,37
pvalloc_LRG3_max_sCs4p6,3,GKLAS,1122,318
pvalloc_LRG3_max_sCs4p6,3,GKLAS,1121,74
pvalloc_LRG3_max_sCs4p6,3,GKLAS,1110,402
pvalloc_LRG3_max_sCs4p6,3,are_typ,Suburban,276
pvalloc_LRG3_max_sCs4p6,3,are_typ,Urban,357
pvalloc_LRG3_max_sCs4p6,3,are_typ,Rural,161
pvalloc_LRG3_max_sCs4p6,3,heatpump_TF,no_heatpump,627
pvalloc_LRG3_max_sCs4p6,3,heatpump_TF,heatpump,167
pvalloc_LRG3_max_sCs4p6,3,filter_tag,south_50pr,77
pvalloc_LRG3_max_sCs4p6,3,filter_tag,eastwest_70pr,44
pvalloc_LRG3_max_sCs4p6,3,filter_tag,na,488
pvalloc_LRG3_max_sCs4p6,3,filter_tag,eastwest_80pr,98
pvalloc_LRG3_max_sCs4p6,3,filter_tag,south_40pr,87
pvalloc_LRG3_max_sCs4p6,4,GKLAS,1122,373
pvalloc_LRG3_max_sCs4p6,4,GKLAS,1110,675
pvalloc_LRG3_max_sCs4p6,4,GKLAS,1121,121
pvalloc_LRG3_max_sCs4p6,4,are_typ,Urban,497
pvalloc_LRG3_max_sCs4p6,4,are_typ,Rural,265
pvalloc_LRG3_max_sCs4p6,4,are_typ,Suburban,407
pvalloc_LRG3_max_sCs4p6,4,heatpump_TF,no_heatpump,902
pvalloc_LRG3_max_sCs4p6,4,heatpump_TF,heatpump,267
pvalloc_LRG3_max_sCs4p6,4,filter_tag,south_50pr,127
pvalloc_LRG3_max_sCs4p6,4,filter_tag,eastwest_80pr,116
pvalloc_LRG3_max_sCs4p6,4,filter_tag,eastwest_70pr,53
pvalloc_LRG3_max_sCs4p6,4,filter_tag,south_40pr,126
pvalloc_LRG3_max_sCs4p6,4,filter_tag,na,747
pvalloc_LRG3_max_sCs4p6,5,GKLAS,1110,956
pvalloc_LRG3_max_sCs4p6,5,GKLAS,1121,138
pvalloc_LRG3_max_sCs4p6,5,GKLAS,1122,414
pvalloc_LRG3_max_sCs4p6,5,are_typ,Rural,353
pvalloc_LRG3_max_sCs4p6,5,are_typ,Urban,608
pvalloc_LRG3_max_sCs4p6,5,are_typ,Suburban,547
pvalloc_LRG3_max_sCs4p6,5,heatpump_TF,no_heatpump,1129
pvalloc_LRG3_max_sCs4p6,5,heatpump_TF,heatpump,379
pvalloc_LRG3_max_sCs4p6,5,filter_tag,na,930
pvalloc_LRG3_max_sCs4p6,5,filter_tag,eastwest_70pr,74
pvalloc_LRG3_max_sCs4p6,5,filter_tag,eastwest_80pr,169
pvalloc_LRG3_max_sCs4p6,5,filter_tag,south_50pr,167
pvalloc_LRG3_max_sCs4p6,5,filter_tag,south_40pr,168
pvalloc_LRG3_max_sCs4p6,6,GKLAS,1110,1465
pvalloc_LRG3_max_sCs4p6,6,GKLAS,1122,464
pvalloc_LRG3_max_sCs4p6,6,GKLAS,1121,194
pvalloc_LRG3_max_sCs4p6,6,are_typ,Urban,854
pvalloc_LRG3_max_sCs4p6,6,are_typ,Suburban,722
pvalloc_LRG3_max_sCs4p6,6,are_typ,Rural,547
pvalloc_LRG3_max_sCs4p6,6,heatpump_TF,heatpump,435
pvalloc_LRG3_max_sCs4p6,6,heatpump_TF,no_heatpump,1688
pvalloc_LRG3_max_sCs4p6,6,filter_tag,south_40pr,262
pvalloc_LRG3_max_sCs4p6,6,filter_tag,eastwest_70pr,112
pvalloc_LRG3_max_sCs4p6,6,filter_tag,south_50pr,244
pvalloc_LRG3_max_sCs4p6,6,filter_tag,eastwest_80pr,252
pvalloc_LRG3_max_sCs4p6,6,filter_tag,na,1253
pvalloc_LRG3_max_sCs4p6,7,GKLAS,1122,546
pvalloc_LRG3_max_sCs4p6,7,GKLAS,1121,244
pvalloc_LRG3_max_sCs4p6,7,GKLAS,1110,2039
pvalloc_LRG3_max_sCs4p6,7,are_typ,Rural,695
pvalloc_LRG3_max_sCs4p6,7,are_typ,Urban,1201
pvalloc_LRG3_max_sCs4p6,7,are_typ,Suburban,933
pvalloc_LRG3_max_sCs4p6,7,heatpump_TF,no_heatpump,2319
pvalloc_LRG3_max_sCs4p6,7,heatpump_TF,heatpump,510
pvalloc_LRG3_max_sCs4p6,7,filter_tag,south_50pr,331
pvalloc_LRG3_max_sCs4p6,7,filter_tag,na,1759
pvalloc_LRG3_max_sCs4p6,7,filter_tag,eastwest_70pr,138
pvalloc_LRG3_max_sCs4p6,7,filter_tag,south_40pr,285
pvalloc_LRG3_max_sCs4p6,7,filter_tag,eastwest_80pr,316
pvalloc_LRG3_max_sCs4p6,8,GKLAS,1122,378
pvalloc_LRG3_max_sCs4p6,8,GKLAS,1121,319
pvalloc_LRG3_max_sCs4p6,8,GKLAS,1110,3270
pvalloc_LRG3_max_sCs4p6,8,are_typ,Rural,951
pvalloc_LRG3_max_sCs4p6,8,are_typ,Suburban,1327
pvalloc_LRG3_max_sCs4p6,8,are_typ,Urban,1689
pvalloc_LRG3_max_sCs4p6,8,heatpump_TF,heatpump,431
pvalloc_LRG3_max_sCs4p6,8,heatpump_TF,no_heatpump,3536
pvalloc_LRG3_max_sCs4p6,8,filter_tag,eastwest_80pr,483
pvalloc_LRG3_max_sCs4p6,8,filter_tag,eastwest_70pr,182
pvalloc_LRG3_max_sCs4p6,8,filter_tag,south_40pr,430
pvalloc_LRG3_max_sCs4p6,8,filter_tag,na,2376
pvalloc_LRG3_max_sCs4p6,8,filter_tag,south_50pr,496
pvalloc_LRG3_max_sCs4p6,9,GKLAS,1122,194
pvalloc_LRG3_max_sCs4p6,9,GKLAS,1110,4959
pvalloc_LRG3_max_sCs4p6,9,GKLAS,1121,304
pvalloc_LRG3_max_sCs4p6,9,are_typ,Urban,2516
pvalloc_LRG3_max_sCs4p6,9,are_typ,Rural,1163
pvalloc_LRG3_max_sCs4p6,9,are_typ,Suburban,1778
pvalloc_LRG3_max_sCs4p6,9,heatpump_TF,heatpump,174
pvalloc_LRG3_max_sCs4p6,9,heatpump_TF,no_heatpump,5283
pvalloc_LRG3_max_sCs4p6,9,filter_tag,eastwest_80pr,626
pvalloc_LRG3_max_sCs4p6,9,filter_tag,south_50pr,738
pvalloc_LRG3_max_sCs4p6,9,filter_tag,south_40pr,637
pvalloc_LRG3_max_sCs4p6,9,filter_tag,na,3207
pvalloc_LRG3_max_sCs4p6,9,filter_tag,eastwest_70pr,249
pvalloc_LRG3_max_sCs4p6,10,GKLAS,1122,51
pvalloc_LRG3_max_sCs4p6,10,GKLAS,1110,2805
pvalloc_LRG3_max_sCs4p6,10,GKLAS,1121,117
pvalloc_LRG3_max_sCs4p6,10,are_typ,Suburban,959
pvalloc_LRG3_max_sCs4p6,10,are_typ,Rural,535
pvalloc_LRG3_max_sCs4p6,10,are_typ,Urban,1479
pvalloc_LRG3_max_sCs4p6,10,heatpump_TF,no_heatpump,2927
pvalloc_LRG3_max_sCs4p6,10,heatpump_TF,heatpump,46
pvalloc_LRG3_max_sCs4p6,10,filter_tag,south_50pr,479
pvalloc_LRG3_max_sCs4p6,10,filter_tag,eastwest_80pr,304
pvalloc_LRG3_max_sCs4p6,10,filter_tag,south_40pr,324
pvalloc_LRG3_max_sCs4p6,10,filter_tag,eastwest_70pr,77
pvalloc_LRG3_max_sCs4p6,10,filter_tag,na,1789
pvalloc_LRG3_max_sCs4p8,1,GKLAS,1122,207
pvalloc_LRG3_max_sCs4p8,1,GKLAS,1121,48
pvalloc_LRG3_max_sCs4p8,1,GKLAS,1110,148
pvalloc_LRG3_max_sCs4p8,1,are_typ,Rural,79
pvalloc_LRG3_max_sCs4p8,1,are_typ,Suburban,150
pvalloc_LRG3_max_sCs4p8,1,are_typ,Urban,174
pvalloc_LRG3_max_sCs4p8,1,heatpump_TF,heatpump,155
pvalloc_LRG3_max_sCs4p8,1,heatpump_TF,no_heatpump,248
pvalloc_LRG3_max_sCs4p8,1,filter_tag,south_50pr,38
pvalloc_LRG3_max_sCs4p8,1,filter_tag,eastwest_80pr,47
pvalloc_LRG3_max_sCs4p8,1,filter_tag,south_40pr,52
pvalloc_LRG3_max_sCs4p8,1,filter_tag,na,244
pvalloc_LRG3_max_sCs4p8,1,filter_tag,eastwest_70pr,22
pvalloc_LRG3_max_sCs4p8,2,GKLAS,1122,271
pvalloc_LRG3_max_sCs4p8,2,GKLAS,1110,266
pvalloc_LRG3_max_sCs4p8,2,GKLAS,1121,46
pvalloc_LRG3_max_sCs4p8,2,are_typ,Rural,119
pvalloc_LRG3_max_sCs4p8,2,are_typ,Urban,241
pvalloc_LRG3_max_sCs4p8,2,are_typ,Suburban,223
pvalloc_LRG3_max_sCs4p8,2,heatpump_TF,no_heatpump,462
pvalloc_LRG3_max_sCs4p8,2,heatpump_TF,heatpump,121
pvalloc_LRG3_max_sCs4p8,2,filter_tag,eastwest_70pr,30
pvalloc_LRG3_max_sCs4p8,2,filter_tag,south_40pr,57
pvalloc_LRG3_max_sCs4p8,2,filter_tag,na,377
pvalloc_LRG3_max_sCs4p8,2,filter_tag,eastwest_80pr,72
pvalloc_LRG3_max_sCs4p8,2,filter_tag,south_50pr,47
pvalloc_LRG3_max_sCs4p8,3,GKLAS,1110,400
pvalloc_LRG3_max_sCs4p8,3,GKLAS,1122,306
pvalloc_LRG3_max_sCs4p8,3,GKLAS,1121,89
pvalloc_LRG3_max_sCs4p8,3,are_typ,Suburban,292
pvalloc_LRG3_max_sCs4p8,3,are_typ,Urban,336
pvalloc_LRG3_max_sCs4p8,3,are_typ,Rural,167
pvalloc_LRG3_max_sCs4p8,3,heatpump_TF,heatpump,179
pvalloc_LRG3_max_sCs4p8,3,heatpump_TF,no_heatpump,616
pvalloc_LRG3_max_sCs4p8,3,filter_tag,na,475
pvalloc_LRG3_max_sCs4p8,3,filter_tag,south_40pr,79
pvalloc_LRG3_max_sCs4p8,3,filter_tag,south_50pr,90
pvalloc_LRG3_max_sCs4p8,3,filter_tag,eastwest_80pr,105
pvalloc_LRG3_max_sCs4p8,3,filter_tag,eastwest_70pr,46
pvalloc_LRG3_max_sCs4p8,4,GKLAS,1110,633
pvalloc_LRG3_max_sCs4p8,4,GKLAS,1122,365
pvalloc_LRG3_max_sCs4p8,4,GKLAS,1121,112
pvalloc_LRG3_max_sCs4p8,4,are_typ,Suburban,409
pvalloc_LRG3_max_sCs4p8,4,are_typ,Rural,234
pvalloc_LRG3_max_sCs4p8,4,are_typ,Urban,467
pvalloc_LRG3_max_sCs4p8,4,heatpump_TF,no_heatpump,847
pvalloc_LRG3_max_sCs4p8,4,heatpump_TF,heatpump,263
pvalloc_LRG3_max_sCs4p8,4,filter_tag,south_40pr,139
pvalloc_LRG3_max_sCs4p8,4,filter_tag,south_50pr,118
pvalloc_LRG3_max_sCs4p8,4,filter_tag,na,668
pvalloc_LRG3_max_sCs4p8,4,filter_tag,eastwest_70pr,60
pvalloc_LRG3_max_sCs4p8,4,filter_tag,eastwest_80pr,125
pvalloc_LRG3_max_sCs4p8,5,GKLAS,1110,967
pvalloc_LRG3_max_sCs4p8,5,GKLAS,1121,133
pvalloc_LRG3_max_sCs4p8,5,GKLAS,1122,443
pvalloc_LRG3_max_sCs4p8,5,are_typ,Urban,627
pvalloc_LRG3_max_sCs4p8,5,are_typ,Rural,394
pvalloc_LRG3_max_sCs4p8,5,are_typ,Suburban,522
pvalloc_LRG3_max_sCs4p8,5,heatpump_TF,heatpump,347
pvalloc_LRG3_max_sCs4p8,5,heatpump_TF,no_heatpump,1196
pvalloc_LRG3_max_sCs4p8,5,filter_tag,south_50pr,168
pvalloc_LRG3_max_sCs4p8,5,filter_tag,south_40pr,142
pvalloc_LRG3_max_sCs4p8,5,filter_tag,eastwest_80pr,178
pvalloc_LRG3_max_sCs4p8,5,filter_tag,na,980
pvalloc_LRG3_max_sCs4p8,5,filter_tag,eastwest_70pr,75
pvalloc_LRG3_max_sCs4p8,6,GKLAS,1122,483
pvalloc_LRG3_max_sCs4p8,6,GKLAS,1121,193
pvalloc_LRG3_max_sCs4p8,6,GKLAS,1110,1460
pvalloc_LRG3_max_sCs4p8,6,are_typ,Rural,551
pvalloc_LRG3_max_sCs4p8,6,are_typ,Urban,855
pvalloc_LRG3_max_sCs4p8,6,are_typ,Suburban,730
pvalloc_LRG3_max_sCs4p8,6,heatpump_TF,no_heatpump,1685
pvalloc_LRG3_max_sCs4p8,6,heatpump_TF,heatpump,451
pvalloc_LRG3_max_sCs4p8,6,filter_tag,south_50pr,242
pvalloc_LRG3_max_sCs4p8,6,filter_tag,south_40pr,248
pvalloc_LRG3_max_sCs4p8,6,filter_tag,eastwest_80pr,234
pvalloc_LRG3_max_sCs4p8,6,filter_tag,eastwest_70pr,116
pvalloc_LRG3_max_sCs4p8,6,filter_tag,na,1296
pvalloc_LRG3_max_sCs4p8,7,GKLAS,1122,502
pvalloc_LRG3_max_sCs4p8,7,GKLAS,1121,248
pvalloc_LRG3_max_sCs4p8,7,GKLAS,1110,2139
pvalloc_LRG3_max_sCs4p8,7,are_typ,Rural,719
pvalloc_LRG3_max_sCs4p8,7,are_typ,Suburban,967
pvalloc_LRG3_max_sCs4p8,7,are_typ,Urban,1203
pvalloc_LRG3_max_sCs4p8,7,heatpump_TF,heatpump,489
pvalloc_LRG3_max_sCs4p8,7,heatpump_TF,no_heatpump,2400
pvalloc_LRG3_max_sCs4p8,7,filter_tag,eastwest_80pr,374
pvalloc_LRG3_max_sCs4p8,7,filter_tag,south_40pr,307
pvalloc_LRG3_max_sCs4p8,7,filter_tag,na,1731
pvalloc_LRG3_max_sCs4p8,7,filter_tag,south_50pr,338
pvalloc_LRG3_max_sCs4p8,7,filter_tag,eastwest_70pr,139
pvalloc_LRG3_max_sCs4p8,8,GKLAS,1121,324
pvalloc_LRG3_max_sCs4p8,8,GKLAS,1110,3265
pvalloc_LRG3_max_sCs4p8,8,GKLAS,1122,370
pvalloc_LRG3_max_sCs4p8,8,are_typ,Rural,957
pvalloc_LRG3_max_sCs4p8,8,are_typ,Suburban,1282
pvalloc_LRG3_max_sCs4p8,8,are_typ,Urban,1720
pvalloc_LRG3_max_sCs4p8,8,heatpump_TF,heatpump,406
pvalloc_LRG3_max_sCs4p8,8,heatpump_TF,no_heatpump,3553
pvalloc_LRG3_max_sCs4p8,8,filter_tag,na,2385
pvalloc_LRG3_max_sCs4p8,8,filter_tag,eastwest_70pr,207
pvalloc_LRG3_max_sCs4p8,8,filter_tag,south_40pr,431
pvalloc_LRG3_max_sCs4p8,8,filter_tag,eastwest_80pr,483
pvalloc_LRG3_max_sCs4p8,8,filter_tag,south_50pr,453
pvalloc_LRG3_max_sCs4p8,9,GKLAS,1110,4838
pvalloc_LRG3_max_sCs4p8,9,GKLAS,1122,216
pvalloc_LRG3_max_sCs4p8,9,GKLAS,1121,317
pvalloc_LRG3_max_sCs4p8,9,are_typ,Urban,2377
pvalloc_LRG3_max_sCs4p8,9,are_typ,Rural,1255
pvalloc_LRG3_max_sCs4p8,9,are_typ,Suburban,1739
pvalloc_LRG3_max_sCs4p8,9,heatpump_TF,no_heatpump,5136
pvalloc_LRG3_max_sCs4p8,9,heatpump_TF,heatpump,235
pvalloc_LRG3_max_sCs4p8,9,filter_tag,eastwest_70pr,248
pvalloc_LRG3_max_sCs4p8,9,filter_tag,na,3081
pvalloc_LRG3_max_sCs4p8,9,filter_tag,south_50pr,722
pvalloc_LRG3_max_sCs4p8,9,filter_tag,eastwest_80pr,675
pvalloc_LRG3_max_sCs4p8,9,filter_tag,south_40pr,645
pvalloc_LRG3_max_sCs4p8,10,GKLAS,1110,1509
pvalloc_LRG3_max_sCs4p8,10,GKLAS,1121,79
pvalloc_LRG3_max_sCs4p8,10,GKLAS,1122,38
pvalloc_LRG3_max_sCs4p8,10,are_typ,Rural,278
pvalloc_LRG3_max_sCs4p8,10,are_typ,Urban,842
pvalloc_LRG3_max_sCs4p8,10,are_typ,Suburban,506
pvalloc_LRG3_max_sCs4p8,10,heatpump_TF,heatpump,34
pvalloc_LRG3_max_sCs4p8,10,heatpump_TF,no_heatpump,1592
pvalloc_LRG3_max_sCs4p8,10,filter_tag,south_50pr,265
pvalloc_LRG3_max_sCs4p8,10,filter_tag,eastwest_70pr,36
pvalloc_LRG3_max_sCs4p8,10,filter_tag,eastwest_80pr,154
pvalloc_LRG3_max_sCs4p8,10,filter_tag,na,993
pvalloc_LRG3_max_sCs4p8,10,filter_tag,south_40pr,178
pvalloc_LRG3_max_sCs6p4,1,GKLAS,1121,31
pvalloc_LRG3_max_sCs6p4,1,GKLAS,1122,219
pvalloc_LRG3_max_sCs6p4,1,GKLAS,1110,158
pvalloc_LRG3_max_sCs6p4,1,are_typ,Urban,161
pvalloc_LRG3_max_sCs6p4,1,are_typ,Suburban,150
pvalloc_LRG3_max_sCs6p4,1,are_typ,Rural,97
pvalloc_LRG3_max_sCs6p4,1,heatpump_TF,heatpump,161
pvalloc_LRG3_max_sCs6p4,1,heatpump_TF,no_heatpump,247
pvalloc_LRG3_max_sCs6p4,1,filter_tag,na,273
pvalloc_LRG3_max_sCs6p4,1,filter_tag,eastwest_80pr,41
pvalloc_LRG3_max_sCs6p4,1,filter_tag,south_40pr,43
pvalloc_LRG3_max_sCs6p4,1,filter_tag,south_50pr,35
pvalloc_LRG3_max_sCs6p4,1,filter_tag,eastwest_70pr,16
pvalloc_LRG3_max_sCs6p4,2,GKLAS,1121,60
pvalloc_LRG3_max_sCs6p4,2,GKLAS,1110,298
pvalloc_LRG3_max_sCs6p4,2,GKLAS,1122,248
pvalloc_LRG3_max_sCs6p4,2,are_typ,Suburban,204
pvalloc_LRG3_max_sCs6p4,2,are_typ,Rural,143
pvalloc_LRG3_max_sCs6p4,2,are_typ,Urban,259
pvalloc_LRG3_max_sCs6p4,2,heatpump_TF,heatpump,153
pvalloc_LRG3_max_sCs6p4,2,heatpump_TF,no_heatpump,453
pvalloc_LRG3_max_sCs6p4,2,filter_tag,south_40pr,61
pvalloc_LRG3_max_sCs6p4,2,filter_tag,eastwest_80pr,76
pvalloc_LRG3_max_sCs6p4,2,filter_tag,eastwest_70pr,39
pvalloc_LRG3_max_sCs6p4,2,filter_tag,south_50pr,57
pvalloc_LRG3_max_sCs6p4,2,filter_tag,na,373
pvalloc_LRG3_max_sCs6p4,3,GKLAS,1122,313
pvalloc_LRG3_max_sCs6p4,3,GKLAS,1121,73
pvalloc_LRG3_max_sCs6p4,3,GKLAS,1110,417
pvalloc_LRG3_max_sCs6p4,3,are_typ,Urban,346
pvalloc_LRG3_max_sCs6p4,3,are_typ,Suburban,291
pvalloc_LRG3_max_sCs6p4,3,are_typ,Rural,166
pvalloc_LRG3_max_sCs6p4,3,heatpump_TF,heatpump,178
pvalloc_LRG3_max_sCs6p4,3,heatpump_TF,no_heatpump,625
pvalloc_LRG3_max_sCs6p4,3,filter_tag,south_50pr,68
pvalloc_LRG3_max_sCs6p4,3,filter_tag,south_40pr,92
pvalloc_LRG3_max_sCs6p4,3,filter_tag,eastwest_80pr,108
pvalloc_LRG3_max_sCs6p4,3,filter_tag,eastwest_70pr,39
pvalloc_LRG3_max_sCs6p4,3,filter_tag,na,496
pvalloc_LRG3_max_sCs6p4,4,GKLAS,1121,124
pvalloc_LRG3_max_sCs6p4,4,GKLAS,1110,676
pvalloc_LRG3_max_sCs6p4,4,GKLAS,1122,346
pvalloc_LRG3_max_sCs6p4,4,are_typ,Rural,236
pvalloc_LRG3_max_sCs6p4,4,are_typ,Suburban,419
pvalloc_LRG3_max_sCs6p4,4,are_typ,Urban,491
pvalloc_LRG3_max_sCs6p4,4,heatpump_TF,heatpump,256
pvalloc_LRG3_max_sCs6p4,4,heatpump_TF,no_heatpump,890
pvalloc_LRG3_max_sCs6p4,4,filter_tag,eastwest_80pr,154
pvalloc_LRG3_max_sCs6p4,4,filter_tag,eastwest_70pr,67
pvalloc_LRG3_max_sCs6p4,4,filter_tag,na,678
pvalloc_LRG3_max_sCs6p4,4,filter_tag,south_50pr,131
pvalloc_LRG3_max_sCs6p4,4,filter_tag,south_40pr,116
pvalloc_LRG3_max_sCs6p4,5,GKLAS,1110,992
pvalloc_LRG3_max_sCs6p4,5,GKLAS,1121,156
pvalloc_LRG3_max_sCs6p4,5,GKLAS,1122,414
pvalloc_LRG3_max_sCs6p4,5,are_typ,Urban,617
pvalloc_LRG3_max_sCs6p4,5,are_typ,Rural,383
pvalloc_LRG3_max_sCs6p4,5,are_typ,Suburban,562
pvalloc_LRG3_max_sCs6p4,5,heatpump_TF,heatpump,368
pvalloc_LRG3_max_sCs6p4,5,heatpump_TF,no_heatpump,1194
pvalloc_LRG3_max_sCs6p4,5,filter_tag,na,980
pvalloc_LRG3_max_sCs6p4,5,filter_tag,eastwest_70pr,88
pvalloc_LRG3_max_sCs6p4,5,filter_tag,eastwest_80pr,172
pvalloc_LRG3_max_sCs6p4,5,filter_tag,south_40pr,162
pvalloc_LRG3_max_sCs6p4,5,filter_tag,south_50pr,160
pvalloc_LRG3_max_sCs6p4,6,GKLAS,1121,194
pvalloc_LRG3_max_sCs6p4,6,GKLAS,1110,1548
pvalloc_LRG3_max_sCs6p4,6,GKLAS,1122,439
pvalloc_LRG3_max_sCs6p4,6,are_typ,Urban,918
pvalloc_LRG3_max_sCs6p4,6,are_typ,Rural,521
pvalloc_LRG3_max_sCs6p4,6,are_typ,Suburban,742
pvalloc_LRG3_max_sCs6p4,6,heatpump_TF,no_heatpump,1742
pvalloc_LRG3_max_sCs6p4,6,heatpump_TF,heatpump,439
pvalloc_LRG3_max_sCs6p4,6,filter_tag,south_50pr,233
pvalloc_LRG3_max_sCs6p4,6,filter_tag,south_40pr,230
pvalloc_LRG3_max_sCs6p4,6,filter_tag,eastwest_70pr,108
pvalloc_LRG3_max_sCs6p4,6,filter_tag,eastwest_80pr,278
pvalloc_LRG3_max_sCs6p4,6,filter_tag,na,1332
pvalloc_LRG3_max_sCs6p4,7,GKLAS,1110,2149
pvalloc_LRG3_max_sCs6p4,7,GKLAS,1121,262
pvalloc_LRG3_max_sCs6p4,7,GKLAS,1122,482
pvalloc_LRG3_max_sCs6p4,7,are_typ,Suburban,1005
pvalloc_LRG3_max_sCs6p4,7,are_typ,Urban,1167
pvalloc_LRG3_max_sCs6p4,7,are_typ,Rural,721
pvalloc_LRG3_max_sCs6p4,7,heatpump_TF,no_heatpump,2403
pvalloc_LRG3_max_sCs6p4,7,heatpump_TF,heatpump,490
pvalloc_LRG3_max_sCs6p4,7,filter_tag,south_50pr,301
pvalloc_LRG3_max_sCs6p4,7,filter_tag,eastwest_80pr,326
pvalloc_LRG3_max_sCs6p4,7,filter_tag,eastwest_70pr,140
pvalloc_LRG3_max_sCs6p4,7,filter_tag,south_40pr,326
pvalloc_LRG3_max_sCs6p4,7,filter_tag,na,1800
pvalloc_LRG3_max_sCs6p4,8,GKLAS,1122,468
pvalloc_LRG3_max_sCs6p4,8,GKLAS,1121,277
pvalloc_LRG3_max_sCs6p4,8,GKLAS,1110,3092
pvalloc_LRG3_max_sCs6p4,8,are_typ,Rural,871
pvalloc_LRG3_max_sCs6p4,8,are_typ,Urban,1706
pvalloc_LRG3_max_sCs6p4,8,are_typ,Suburban,1260
pvalloc_LRG3_max_sCs6p4,8,heatpump_TF,heatpump,449
pvalloc_LRG3_max_sCs6p4,8,heatpump_TF,no_heatpump,3388
pvalloc_LRG3_max_sCs6p4,8,filter_tag,eastwest_70pr,205
pvalloc_LRG3_max_sCs6p4,8,filter_tag,south_50pr,492
pvalloc_LRG3_max_sCs6p4,8,filter_tag,eastwest_80pr,461
pvalloc_LRG3_max_sCs6p4,8,filter_tag,south_40pr,419
pvalloc_LRG3_max_sCs6p4,8,filter_tag,na,2260
pvalloc_LRG3_max_sCs6p4,9,GKLAS,1121,297
pvalloc_LRG3_max_sCs6p4,9,GKLAS,1122,200
pvalloc_LRG3_max_sCs6p4,9,GKLAS,1110,4898
pvalloc_LRG3_max_sCs6p4,9,are_typ,Suburban,1731
pvalloc_LRG3_max_sCs6p4,9,are_typ,Rural,1119
pvalloc_LRG3_max_sCs6p4,9,are_typ,Urban,2545
pvalloc_LRG3_max_sCs6p4,9,heatpump_TF,no_heatpump,5224
pvalloc_LRG3_max_sCs6p4,9,heatpump_TF,heatpump,171
pvalloc_LRG3_max_sCs6p4,9,filter_tag,south_40pr,595
pvalloc_LRG3_max_sCs6p4,9,filter_tag,south_50pr,769
pvalloc_LRG3_max_sCs6p4,9,filter_tag,eastwest_70pr,204
pvalloc_LRG3_max_sCs6p4,9,filter_tag,na,3253
pvalloc_LRG3_max_sCs6p4,9,filter_tag,eastwest_80pr,574
pvalloc_LRG3_max_sCs6p4,10,GKLAS,1121,150
pvalloc_LRG3_max_sCs6p4,10,GKLAS,1122,86
pvalloc_LRG3_max_sCs6p4,10,GKLAS,1110,3642
pvalloc_LRG3_max_sCs6p4,10,are_typ,Urban,1808
pvalloc_LRG3_max_sCs6p4,10,are_typ,Rural,720
pvalloc_LRG3_max_sCs6p4,10,are_typ,Suburban,1350
pvalloc_LRG3_max_sCs6p4,10,heatpump_TF,heatpump,51
pvalloc_LRG3_max_sCs6p4,10,heatpump_TF,no_heatpump,3827
pvalloc_LRG3_max_sCs6p4,10,filter_tag,south_50pr,594
pvalloc_LRG3_max_sCs6p4,10,filter_tag,na,2504
pvalloc_LRG3_max_sCs6p4,10,filter_tag,eastwest_80pr,294
pvalloc_LRG3_max_sCs6p4,10,filter_tag,south_40pr,403
pvalloc_LRG3_max_sCs6p4,10,filter_tag,eastwest_70pr,83
pvalloc_LRG3_max_sCs6p6,1,GKLAS,1121,39
pvalloc_LRG3_max_sCs6p6,1,GKLAS,1110,154
pvalloc_LRG3_max_sCs6p6,1,GKLAS,1122,218
pvalloc_LRG3_max_sCs6p6,1,are_typ,Suburban,168
pvalloc_LRG3_max_sCs6p6,1,are_typ,Urban,167
pvalloc_LRG3_max_sCs6p6,1,are_typ,Rural,76
pvalloc_LRG3_max_sCs6p6,1,heatpump_TF,heatpump,159
pvalloc_LRG3_max_sCs6p6,1,heatpump_TF,no_heatpump,252
pvalloc_LRG3_max_sCs6p6,1,filter_tag,south_50pr,28
pvalloc_LRG3_max_sCs6p6,1,filter_tag,eastwest_70pr,21
pvalloc_LRG3_max_sCs6p6,1,filter_tag,eastwest_80pr,53
pvalloc_LRG3_max_sCs6p6,1,filter_tag,south_40pr,37
pvalloc_LRG3_max_sCs6p6,1,filter_tag,na,272
pvalloc_LRG3_max_sCs6p6,2,GKLAS,1122,268
pvalloc_LRG3_max_sCs6p6,2,GKLAS,1110,284
pvalloc_LRG3_max_sCs6p6,2,GKLAS,1121,51
pvalloc_LRG3_max_sCs6p6,2,are_typ,Urban,257
pvalloc_LRG3_max_sCs6p6,2,are_typ,Rural,125
pvalloc_LRG3_max_sCs6p6,2,are_typ,Suburban,221
pvalloc_LRG3_max_sCs6p6,2,heatpump_TF,heatpump,122
pvalloc_LRG3_max_sCs6p6,2,heatpump_TF,no_heatpump,481
pvalloc_LRG3_max_sCs6p6,2,filter_tag,eastwest_70pr,25
pvalloc_LRG3_max_sCs6p6,2,filter_tag,south_50pr,57
pvalloc_LRG3_max_sCs6p6,2,filter_tag,south_40pr,56
pvalloc_LRG3_max_sCs6p6,2,filter_tag,na,383
pvalloc_LRG3_max_sCs6p6,2,filter_tag,eastwest_80pr,82
pvalloc_LRG3_max_sCs6p6,3,GKLAS,1121,65
pvalloc_LRG3_max_sCs6p6,3,GKLAS,1110,392
pvalloc_LRG3_max_sCs6p6,3,GKLAS,1122,316
pvalloc_LRG3_max_sCs6p6,3,are_typ,Urban,333
pvalloc_LRG3_max_sCs6p6,3,are_typ,Suburban,271
pvalloc_LRG3_max_sCs6p6,3,are_typ,Rural,169
pvalloc_LRG3_max_sCs6p6,3,heatpump_TF,no_heatpump,593
pvalloc_LRG3_max_sCs6p6,3,heatpump_TF,heatpump,180
pvalloc_LRG3_max_sCs6p6,3,filter_tag,south_50pr,80
pvalloc_LRG3_max_sCs6p6,3,filter_tag,eastwest_80pr,96
pvalloc_LRG3_max_sCs6p6,3,filter_tag,south_40pr,95
pvalloc_LRG3_max_sCs6p6,3,filter_tag,na,450
pvalloc_LRG3_max_sCs6p6,3,filter_tag,eastwest_70pr,52
pvalloc_LRG3_max_sCs6p6,4,GKLAS,1122,351
pvalloc_LRG3_max_sCs6p6,4,GKLAS,1110,692
pvalloc_LRG3_max_sCs6p6,4,GKLAS,1121,102
pvalloc_LRG3_max_sCs6p6,4,are_typ,Urban,470
pvalloc_LRG3_max_sCs6p6,4,are_typ,Rural,288
pvalloc_LRG3_max_sCs6p6,4,are_typ,Suburban,387
pvalloc_LRG3_max_sCs6p6,4,heatpump_TF,heatpump,276
pvalloc_LRG3_max_sCs6p6,4,heatpump_TF,no_heatpump,869
pvalloc_LRG3_max_sCs6p6,4,filter_tag,eastwest_70pr,62
pvalloc_LRG3_max_sCs6p6,4,filter_tag,south_50pr,127
pvalloc_LRG3_max_sCs6p6,4,filter_tag,south_40pr,139
pvalloc_LRG3_max_sCs6p6,4,filter_tag,eastwest_80pr,140
pvalloc_LRG3_max_sCs6p6,4,filter_tag,na,677
pvalloc_LRG3_max_sCs6p6,5,GKLAS,1122,423
pvalloc_LRG3_max_sCs6p6,5,GKLAS,1110,998
pvalloc_LRG3_max_sCs6p6,5,GKLAS,1121,147
pvalloc_LRG3_max_sCs6p6,5,are_typ,Urban,619
pvalloc_LRG3_max_sCs6p6,5,are_typ,Rural,385
pvalloc_LRG3_max_sCs6p6,5,are_typ,Suburban,564
pvalloc_LRG3_max_sCs6p6,5,heatpump_TF,no_heatpump,1194
pvalloc_LRG3_max_sCs6p6,5,heatpump_TF,heatpump,374
pvalloc_LRG3_max_sCs6p6,5,filter_tag,eastwest_80pr,209
pvalloc_LRG3_max_sCs6p6,5,filter_tag,south_40pr,183
pvalloc_LRG3_max_sCs6p6,5,filter_tag,eastwest_70pr,106
pvalloc_LRG3_max_sCs6p6,5,filter_tag,na,916
pvalloc_LRG3_max_sCs6p6,5,filter_tag,south_50pr,154
pvalloc_LRG3_max_sCs6p6,6,GKLAS,1110,1519
pvalloc_LRG3_max_sCs6p6,6,GKLAS,1122,466
pvalloc_LRG3_max_sCs6p6,6,GKLAS,1121,174
pvalloc_LRG3_max_sCs6p6,6,are_typ,Rural,519
pvalloc_LRG3_max_sCs6p6,6,are_typ,Urban,889
pvalloc_LRG3_max_sCs6p6,6,are_typ,Suburban,751
pvalloc_LRG3_max_sCs6p6,6,heatpump_TF,heatpump,454
pvalloc_LRG3_max_sCs6p6,6,heatpump_TF,no_heatpump,1705
pvalloc_LRG3_max_sCs6p6,6,filter_tag,eastwest_70pr,112
pvalloc_LRG3_max_sCs6p6,6,filter_tag,eastwest_80pr,251
pvalloc_LRG3_max_sCs6p6,6,filter_tag,south_50pr,289
pvalloc_LRG3_max_sCs6p6,6,filter_tag,south_40pr,253
pvalloc_LRG3_max_sCs6p6,6,filter_tag,na,1254
pvalloc_LRG3_max_sCs6p6,7,GKLAS,1110,2129
pvalloc_LRG3_max_sCs6p6,7,GKLAS,1121,258
pvalloc_LRG3_max_sCs6p6,7,GKLAS,1122,509
pvalloc_LRG3_max_sCs6p6,7,are_typ,Urban,1150
pvalloc_LRG3_max_sCs6p6,7,are_typ,Rural,741
pvalloc_LRG3_max_sCs6p6,7,are_typ,Suburban,1005
pvalloc_LRG3_max_sCs6p6,7,heatpump_TF,heatpump,501
pvalloc_LRG3_max_sCs6p6,7,heatpump_TF,no_heatpump,2395
pvalloc_LRG3_max_sCs6p6,7,filter_tag,eastwest_70pr,154
pvalloc_LRG3_max_sCs6p6,7,filter_tag,south_50pr,302
pvalloc_LRG3_max_sCs6p6,7,filter_tag,eastwest_80pr,378
pvalloc_LRG3_max_sCs6p6,7,filter_tag,south_40pr,298
pvalloc_LRG3_max_sCs6p6,7,filter_tag,na,1764
pvalloc_LRG3_max_sCs6p6,8,GKLAS,1121,318
pvalloc_LRG3_max_sCs6p6,8,GKLAS,1110,3231
pvalloc_LRG3_max_sCs6p6,8,GKLAS,1122,392
pvalloc_LRG3_max_sCs6p6,8,are_typ,Suburban,1267
pvalloc_LRG3_max_sCs6p6,8,are_typ,Rural,931
pvalloc_LRG3_max_sCs6p6,8,are_typ,Urban,1743
pvalloc_LRG3_max_sCs6p6,8,heatpump_TF,no_heatpump,3547
pvalloc_LRG3_max_sCs6p6,8,heatpump_TF,heatpump,394
pvalloc_LRG3_max_sCs6p6,8,filter_tag,eastwest_70pr,200
pvalloc_LRG3_max_sCs6p6,8,filter_tag,south_50pr,444
pvalloc_LRG3_max_sCs6p6,8,filter_tag,south_40pr,423
pvalloc_LRG3_max_sCs6p6,8,filter_tag,na,2369
pvalloc_LRG3_max_sCs6p6,8,filter_tag,eastwest_80pr,505
pvalloc_LRG3_max_sCs6p6,9,GKLAS,1122,207
pvalloc_LRG3_max_sCs6p6,9,GKLAS,1110,4849
pvalloc_LRG3_max_sCs6p6,9,GKLAS,1121,331
pvalloc_LRG3_max_sCs6p6,9,are_typ,Rural,1143
pvalloc_LRG3_max_sCs6p6,9,are_typ,Suburban,1766
pvalloc_LRG3_max_sCs6p6,9,are_typ,Urban,2478
pvalloc_LRG3_max_sCs6p6,9,heatpump_TF,heatpump,183
pvalloc_LRG3_max_sCs6p6,9,heatpump_TF,no_heatpump,5204
pvalloc_LRG3_max_sCs6p6,9,filter_tag,na,3251
pvalloc_LRG3_max_sCs6p6,9,filter_tag,eastwest_70pr,194
pvalloc_LRG3_max_sCs6p6,9,filter_tag,eastwest_80pr,545
pvalloc_LRG3_max_sCs6p6,9,filter_tag,south_50pr,760
pvalloc_LRG3_max_sCs6p6,9,filter_tag,south_40pr,637
pvalloc_LRG3_max_sCs6p6,10,GKLAS,1110,2632
pvalloc_LRG3_max_sCs6p6,10,GKLAS,1122,57
pvalloc_LRG3_max_sCs6p6,10,GKLAS,1121,122
pvalloc_LRG3_max_sCs6p6,10,are_typ,Rural,501
pvalloc_LRG3_max_sCs6p6,10,are_typ,Urban,1410
pvalloc_LRG3_max_sCs6p6,10,are_typ,Suburban,900
pvalloc_LRG3_max_sCs6p6,10,heatpump_TF,no_heatpump,2751
pvalloc_LRG3_max_sCs6p6,10,heatpump_TF,heatpump,60
pvalloc_LRG3_max_sCs6p6,10,filter_tag,eastwest_70pr,63
pvalloc_LRG3_max_sCs6p6,10,filter_tag,south_50pr,469
pvalloc_LRG3_max_sCs6p6,10,filter_tag,na,1752
pvalloc_LRG3_max_sCs6p6,10,filter_tag,south_40pr,302
pvalloc_LRG3_max_sCs6p6,10,filter_tag,eastwest_80pr,225
pvalloc_LRG3_max_sCs6p8,1,GKLAS,1122,223
pvalloc_LRG3_max_sCs6p8,1,GKLAS,1110,150
pvalloc_LRG3_max_sCs6p8,1,GKLAS,1121,30
pvalloc_LRG3_max_sCs6p8,1,are_typ,Urban,164
pvalloc_LRG3_max_sCs6p8,1,are_typ,Suburban,150
pvalloc_LRG3_max_sCs6p8,1,are_typ,Rural,89
pvalloc_LRG3_max_sCs6p8,1,heatpump_TF,no_heatpump,252
pvalloc_LRG3_max_sCs6p8,1,heatpump_TF,heatpump,151
pvalloc_LRG3_max_sCs6p8,1,filter_tag,south_50pr,43
pvalloc_LRG3_max_sCs6p8,1,filter_tag,south_40pr,42
pvalloc_LRG3_max_sCs6p8,1,filter_tag,eastwest_80pr,51
pvalloc_LRG3_max_sCs6p8,1,filter_tag,na,244
pvalloc_LRG3_max_sCs6p8,1,filter_tag,eastwest_70pr,23
pvalloc_LRG3_max_sCs6p8,2,GKLAS,1122,246
pvalloc_LRG3_max_sCs6p8,2,GKLAS,1121,68
pvalloc_LRG3_max_sCs6p8,2,GKLAS,1110,277
pvalloc_LRG3_max_sCs6p8,2,are_typ,Urban,272
pvalloc_LRG3_max_sCs6p8,2,are_typ,Rural,126
pvalloc_LRG3_max_sCs6p8,2,are_typ,Suburban,193
pvalloc_LRG3_max_sCs6p8,2,heatpump_TF,no_heatpump,449
pvalloc_LRG3_max_sCs6p8,2,heatpump_TF,heatpump,142
pvalloc_LRG3_max_sCs6p8,2,filter_tag,eastwest_70pr,41
pvalloc_LRG3_max_sCs6p8,2,filter_tag,south_50pr,41
pvalloc_LRG3_max_sCs6p8,2,filter_tag,eastwest_80pr,60
pvalloc_LRG3_max_sCs6p8,2,filter_tag,na,379
pvalloc_LRG3_max_sCs6p8,2,filter_tag,south_40pr,70
pvalloc_LRG3_max_sCs6p8,3,GKLAS,1121,57
pvalloc_LRG3_max_sCs6p8,3,GKLAS,1110,444
pvalloc_LRG3_max_sCs6p8,3,GKLAS,1122,316
pvalloc_LRG3_max_sCs6p8,3,are_typ,Suburban,302
pvalloc_LRG3_max_sCs6p8,3,are_typ,Urban,345
pvalloc_LRG3_max_sCs6p8,3,are_typ,Rural,170
pvalloc_LRG3_max_sCs6p8,3,heatpump_TF,no_heatpump,633
pvalloc_LRG3_max_sCs6p8,3,heatpump_TF,heatpump,184
pvalloc_LRG3_max_sCs6p8,3,filter_tag,south_40pr,78
pvalloc_LRG3_max_sCs6p8,3,filter_tag,eastwest_70pr,43
pvalloc_LRG3_max_sCs6p8,3,filter_tag,south_50pr,94
pvalloc_LRG3_max_sCs6p8,3,filter_tag,eastwest_80pr,102
pvalloc_LRG3_max_sCs6p8,3,filter_tag,na,500
pvalloc_LRG3_max_sCs6p8,4,GKLAS,1121,101
pvalloc_LRG3_max_sCs6p8,4,GKLAS,1122,361
pvalloc_LRG3_max_sCs6p8,4,GKLAS,1110,657
pvalloc_LRG3_max_sCs6p8,4,are_typ,Rural,259
pvalloc_LRG3_max_sCs6p8,4,are_typ,Suburban,412
pvalloc_LRG3_max_sCs6p8,4,are_typ,Urban,448
pvalloc_LRG3_max_sCs6p8,4,heatpump_TF,heatpump,245
pvalloc_LRG3_max_sCs6p8,4,heatpump_TF,no_heatpump,874
pvalloc_LRG3_max_sCs6p8,4,filter_tag,south_50pr,128
pvalloc_LRG3_max_sCs6p8,4,filter_tag,south_40pr,112
pvalloc_LRG3_max_sCs6p8,4,filter_tag,eastwest_80pr,147
pvalloc_LRG3_max_sCs6p8,4,filter_tag,na,670
pvalloc_LRG3_max_sCs6p8,4,filter_tag,eastwest_70pr,62
pvalloc_LRG3_max_sCs6p8,5,GKLAS,1121,173
pvalloc_LRG3_max_sCs6p8,5,GKLAS,1122,435
pvalloc_LRG3_max_sCs6p8,5,GKLAS,1110,962
pvalloc_LRG3_max_sCs6p8,5,are_typ,Suburban,529
pvalloc_LRG3_max_sCs6p8,5,are_typ,Rural,363
pvalloc_LRG3_max_sCs6p8,5,are_typ,Urban,678
pvalloc_LRG3_max_sCs6p8,5,heatpump_TF,heatpump,335
pvalloc_LRG3_max_sCs6p8,5,heatpump_TF,no_heatpump,1235
pvalloc_LRG3_max_sCs6p8,5,filter_tag,eastwest_70pr,80
pvalloc_LRG3_max_sCs6p8,5,filter_tag,south_40pr,188
pvalloc_LRG3_max_sCs6p8,5,filter_tag,eastwest_80pr,200
pvalloc_LRG3_max_sCs6p8,5,filter_tag,south_50pr,151
pvalloc_LRG3_max_sCs6p8,5,filter_tag,na,951
pvalloc_LRG3_max_sCs6p8,6,GKLAS,1121,175
pvalloc_LRG3_max_sCs6p8,6,GKLAS,1122,473
pvalloc_LRG3_max_sCs6p8,6,GKLAS,1110,1509
pvalloc_LRG3_max_sCs6p8,6,are_typ,Suburban,726
pvalloc_LRG3_max_sCs6p8,6,are_typ,Rural,517
pvalloc_LRG3_max_sCs6p8,6,are_typ,Urban,914
pvalloc_LRG3_max_sCs6p8,6,heatpump_TF,heatpump,440
pvalloc_LRG3_max_sCs6p8,6,heatpump_TF,no_heatpump,1717
pvalloc_LRG3_max_sCs6p8,6,filter_tag,south_50pr,233
pvalloc_LRG3_max_sCs6p8,6,filter_tag,south_40pr,228
pvalloc_LRG3_max_sCs6p8,6,filter_tag,na,1256
pvalloc_LRG3_max_sCs6p8,6,filter_tag,eastwest_70pr,141
pvalloc_LRG3_max_sCs6p8,6,filter_tag,eastwest_80pr,299
pvalloc_LRG3_max_sCs6p8,7,GKLAS,1121,256
pvalloc_LRG3_max_sCs6p8,7,GKLAS,1122,490
pvalloc_LRG3_max_sCs6p8,7,GKLAS,1110,2095
pvalloc_LRG3_max_sCs6p8,7,are_typ,Suburban,973
pvalloc_LRG3_max_sCs6p8,7,are_typ,Rural,727
pvalloc_LRG3_max_sCs6p8,7,are_typ,Urban,1141
pvalloc_LRG3_max_sCs6p8,7,heatpump_TF,heatpump,494
pvalloc_LRG3_max_sCs6p8,7,heatpump_TF,no_heatpump,2347
pvalloc_LRG3_max_sCs6p8,7,filter_tag,south_50pr,304
pvalloc_LRG3_max_sCs6p8,7,filter_tag,eastwest_80pr,361
pvalloc_LRG3_max_sCs6p8,7,filter_tag,south_40pr,311
pvalloc_LRG3_max_sCs6p8,7,filter_tag,eastwest_70pr,135
pvalloc_LRG3_max_sCs6p8,7,filter_tag,na,1730
pvalloc_LRG3_max_sCs6p8,8,GKLAS,1110,3230
pvalloc_LRG3_max_sCs6p8,8,GKLAS,1121,309
pvalloc_LRG3_max_sCs6p8,8,GKLAS,1122,388
pvalloc_LRG3_max_sCs6p8,8,are_typ,Rural,955
pvalloc_LRG3_max_sCs6p8,8,are_typ,Suburban,1272
pvalloc_LRG3_max_sCs6p8,8,are_typ,Urban,1700
pvalloc_LRG3_max_sCs6p8,8,heatpump_TF,heatpump,406
pvalloc_LRG3_max_sCs6p8,8,heatpump_TF,no_heatpump,3521
pvalloc_LRG3_max_sCs6p8,8,filter_tag,south_40pr,424
pvalloc_LRG3_max_sCs6p8,8,filter_tag,south_50pr,504
pvalloc_LRG3_max_sCs6p8,8,filter_tag,na,2303
pvalloc_LRG3_max_sCs6p8,8,filter_tag,eastwest_70pr,217
pvalloc_LRG3_max_sCs6p8,8,filter_tag,eastwest_80pr,479
pvalloc_LRG3_max_sCs6p8,9,GKLAS,1110,4780
pvalloc_LRG3_max_sCs6p8,9,GKLAS,1122,222
pvalloc_LRG3_max_sCs6p8,9,GKLAS,1121,354
pvalloc_LRG3_max_sCs6p8,9,are_typ,Suburban,1731
pvalloc_LRG3_max_sCs6p8,9,are_typ,Rural,1279
pvalloc_LRG3_max_sCs6p8,9,are_typ,Urban,2346
pvalloc_LRG3_max_sCs6p8,9,heatpump_TF,heatpump,249
pvalloc_LRG3_max_sCs6p8,9,heatpump_TF,no_heatpump,5107
pvalloc_LRG3_max_sCs6p8,9,filter_tag,eastwest_80pr,614
pvalloc_LRG3_max_sCs6p8,9,filter_tag,na,3179
pvalloc_LRG3_max_sCs6p8,9,filter_tag,eastwest_70pr,198
pvalloc_LRG3_max_sCs6p8,9,filter_tag,south_40pr,661
pvalloc_LRG3_max_sCs6p8,9,filter_tag,south_50pr,704
pvalloc_LRG3_max_sCs6p8,10,GKLAS,1110,1585
pvalloc_LRG3_max_sCs6p8,10,GKLAS,1121,68
pvalloc_LRG3_max_sCs6p8,10,GKLAS,1122,44
pvalloc_LRG3_max_sCs6p8,10,are_typ,Suburban,572
pvalloc_LRG3_max_sCs6p8,10,are_typ,Urban,836
pvalloc_LRG3_max_sCs6p8,10,are_typ,Rural,289
pvalloc_LRG3_max_sCs6p8,10,heatpump_TF,heatpump,36
pvalloc_LRG3_max_sCs6p8,10,heatpump_TF,no_heatpump,1661
pvalloc_LRG3_max_sCs6p8,10,filter_tag,eastwest_80pr,167
pvalloc_LRG3_max_sCs6p8,10,filter_tag,eastwest_70pr,43
pvalloc_LRG3_max_sCs6p8,10,filter_tag,south_40pr,178
pvalloc_LRG3_max_sCs6p8,10,filter_tag,south_50pr,288
pvalloc_LRG3_max_sCs6p8,10,filter_tag,na,1021
pvalloc_LRG3_max_sCs8p4,1,GKLAS,1110,150
pvalloc_LRG3_max_sCs8p4,1,GKLAS,1121,36
pvalloc_LRG3_max_sCs8p4,1,GKLAS,1122,214
pvalloc_LRG3_max_sCs8p4,1,are_typ,Rural,68
pvalloc_LRG3_max_sCs8p4,1,are_typ,Suburban,150
pvalloc_LRG3_max_sCs8p4,1,are_typ,Urban,182
pvalloc_LRG3_max_sCs8p4,1,heatpump_TF,heatpump,153
pvalloc_LRG3_max_sCs8p4,1,heatpump_TF,no_heatpump,247
pvalloc_LRG3_max_sCs8p4,1,filter_tag,south_40pr,46
pvalloc_LRG3_max_sCs8p4,1,filter_tag,south_50pr,45
pvalloc_LRG3_max_sCs8p4,1,filter_tag,na,243
pvalloc_LRG3_max_sCs8p4,1,filter_tag,eastwest_80pr,51
pvalloc_LRG3_max_sCs8p4,1,filter_tag,eastwest_70pr,15
pvalloc_LRG3_max_sCs8p4,2,GKLAS,1110,298
pvalloc_LRG3_max_sCs8p4,2,GKLAS,1121,58
pvalloc_LRG3_max_sCs8p4,2,GKLAS,1122,248
pvalloc_LRG3_max_sCs8p4,2,are_typ,Urban,266
pvalloc_LRG3_max_sCs8p4,2,are_typ,Rural,132
pvalloc_LRG3_max_sCs8p4,2,are_typ,Suburban,206
pvalloc_LRG3_max_sCs8p4,2,heatpump_TF,no_heatpump,455
pvalloc_LRG3_max_sCs8p4,2,heatpump_TF,heatpump,149
pvalloc_LRG3_max_sCs8p4,2,filter_tag,south_40pr,73
pvalloc_LRG3_max_sCs8p4,2,filter_tag,na,334
pvalloc_LRG3_max_sCs8p4,2,filter_tag,south_50pr,65
pvalloc_LRG3_max_sCs8p4,2,filter_tag,eastwest_80pr,98
pvalloc_LRG3_max_sCs8p4,2,filter_tag,eastwest_70pr,34
pvalloc_LRG3_max_sCs8p4,3,GKLAS,1110,432
pvalloc_LRG3_max_sCs8p4,3,GKLAS,1122,296
pvalloc_LRG3_max_sCs8p4,3,GKLAS,1121,91
pvalloc_LRG3_max_sCs8p4,3,are_typ,Suburban,312
pvalloc_LRG3_max_sCs8p4,3,are_typ,Urban,343
pvalloc_LRG3_max_sCs8p4,3,are_typ,Rural,164
pvalloc_LRG3_max_sCs8p4,3,heatpump_TF,heatpump,177
pvalloc_LRG3_max_sCs8p4,3,heatpump_TF,no_heatpump,642
pvalloc_LRG3_max_sCs8p4,3,filter_tag,eastwest_70pr,49
pvalloc_LRG3_max_sCs8p4,3,filter_tag,south_50pr,99
pvalloc_LRG3_max_sCs8p4,3,filter_tag,eastwest_80pr,99
pvalloc_LRG3_max_sCs8p4,3,filter_tag,south_40pr,87
pvalloc_LRG3_max_sCs8p4,3,filter_tag,na,485
pvalloc_LRG3_max_sCs8p4,4,GKLAS,1110,704
pvalloc_LRG3_max_sCs8p4,4,GKLAS,1121,98
pvalloc_LRG3_max_sCs8p4,4,GKLAS,1122,354
pvalloc_LRG3_max_sCs8p4,4,are_typ,Suburban,413
pvalloc_LRG3_max_sCs8p4,4,are_typ,Rural,259
pvalloc_LRG3_max_sCs8p4,4,are_typ,Urban,484
pvalloc_LRG3_max_sCs8p4,4,heatpump_TF,heatpump,272
pvalloc_LRG3_max_sCs8p4,4,heatpump_TF,no_heatpump,884
pvalloc_LRG3_max_sCs8p4,4,filter_tag,south_50pr,117
pvalloc_LRG3_max_sCs8p4,4,filter_tag,na,697
pvalloc_LRG3_max_sCs8p4,4,filter_tag,eastwest_80pr,164
pvalloc_LRG3_max_sCs8p4,4,filter_tag,eastwest_70pr,62
pvalloc_LRG3_max_sCs8p4,4,filter_tag,south_40pr,116
pvalloc_LRG3_max_sCs8p4,5,GKLAS,1122,417
pvalloc_LRG3_max_sCs8p4,5,GKLAS,1110,1041
pvalloc_LRG3_max_sCs8p4,5,GKLAS,1121,144
pvalloc_LRG3_max_sCs8p4,5,are_typ,Suburban,590
pvalloc_LRG3_max_sCs8p4,5,are_typ,Urban,625
pvalloc_LRG3_max_sCs8p4,5,are_typ,Rural,387
pvalloc_LRG3_max_sCs8p4,5,heatpump_TF,heatpump,350
pvalloc_LRG3_max_sCs8p4,5,heatpump_TF,no_heatpump,1252
pvalloc_LRG3_max_sCs8p4,5,filter_tag,south_40pr,175
pvalloc_LRG3_max_sCs8p4,5,filter_tag,eastwest_70pr,110
pvalloc_LRG3_max_sCs8p4,5,filter_tag,south_50pr,174
pvalloc_LRG3_max_sCs8p4,5,filter_tag,eastwest_80pr,213
pvalloc_LRG3_max_sCs8p4,5,filter_tag,na,930
pvalloc_LRG3_max_sCs8p4,6,GKLAS,1110,1490
pvalloc_LRG3_max_sCs8p4,6,GKLAS,1122,468
pvalloc_LRG3_max_sCs8p4,6,GKLAS,1121,181
pvalloc_LRG3_max_sCs8p4,6,are_typ,Rural,532
pvalloc_LRG3_max_sCs8p4,6,are_typ,Urban,874
pvalloc_LRG3_max_sCs8p4,6,are_typ,Suburban,733
pvalloc_LRG3_max_sCs8p4,6,heatpump_TF,heatpump,453
pvalloc_LRG3_max_sCs8p4,6,heatpump_TF,no_heatpump,1686
pvalloc_LRG3_max_sCs8p4,6,filter_tag,eastwest_70pr,132
pvalloc_LRG3_max_sCs8p4,6,filter_tag,south_40pr,203
pvalloc_LRG3_max_sCs8p4,6,filter_tag,south_50pr,219
pvalloc_LRG3_max_sCs8p4,6,filter_tag,na,1305
pvalloc_LRG3_max_sCs8p4,6,filter_tag,eastwest_80pr,280
pvalloc_LRG3_max_sCs8p4,7,GKLAS,1122,487
pvalloc_LRG3_max_sCs8p4,7,GKLAS,1121,267
pvalloc_LRG3_max_sCs8p4,7,GKLAS,1110,2192
pvalloc_LRG3_max_sCs8p4,7,are_typ,Rural,722
pvalloc_LRG3_max_sCs8p4,7,are_typ,Suburban,964
pvalloc_LRG3_max_sCs8p4,7,are_typ,Urban,1260
pvalloc_LRG3_max_sCs8p4,7,heatpump_TF,no_heatpump,2491
pvalloc_LRG3_max_sCs8p4,7,heatpump_TF,heatpump,455
pvalloc_LRG3_max_sCs8p4,7,filter_tag,south_50pr,302
pvalloc_LRG3_max_sCs8p4,7,filter_tag,eastwest_80pr,396
pvalloc_LRG3_max_sCs8p4,7,filter_tag,south_40pr,309
pvalloc_LRG3_max_sCs8p4,7,filter_tag,eastwest_70pr,179
pvalloc_LRG3_max_sCs8p4,7,filter_tag,na,1760
pvalloc_LRG3_max_sCs8p4,8,GKLAS,1110,3136
pvalloc_LRG3_max_sCs8p4,8,GKLAS,1122,430
pvalloc_LRG3_max_sCs8p4,8,GKLAS,1121,308
pvalloc_LRG3_max_sCs8p4,8,are_typ,Suburban,1388
pvalloc_LRG3_max_sCs8p4,8,are_typ,Rural,868
pvalloc_LRG3_max_sCs8p4,8,are_typ,Urban,1618
pvalloc_LRG3_max_sCs8p4,8,heatpump_TF,heatpump,480
pvalloc_LRG3_max_sCs8p4,8,heatpump_TF,no_heatpump,3394
pvalloc_LRG3_max_sCs8p4,8,filter_tag,south_50pr,440
pvalloc_LRG3_max_sCs8p4,8,filter_tag,na,2380
pvalloc_LRG3_max_sCs8p4,8,filter_tag,eastwest_70pr,199
pvalloc_LRG3_max_sCs8p4,8,filter_tag,south_40pr,399
pvalloc_LRG3_max_sCs8p4,8,filter_tag,eastwest_80pr,456
pvalloc_LRG3_max_sCs8p4,9,GKLAS,1110,4830
pvalloc_LRG3_max_sCs8p4,9,GKLAS,1122,218
pvalloc_LRG3_max_sCs8p4,9,GKLAS,1121,298
pvalloc_LRG3_max_sCs8p4,9,are_typ,Rural,1142
pvalloc_LRG3_max_sCs8p4,9,are_typ,Suburban,1656
pvalloc_LRG3_max_sCs8p4,9,are_typ,Urban,2548
pvalloc_LRG3_max_sCs8p4,9,heatpump_TF,no_heatpump,5189
pvalloc_LRG3_max_sCs8p4,9,heatpump_TF,heatpump,157
pvalloc_LRG3_max_sCs8p4,9,filter_tag,eastwest_80pr,553
pvalloc_LRG3_max_sCs8p4,9,filter_tag,na,3251
pvalloc_LRG3_max_sCs8p4,9,filter_tag,eastwest_70pr,159
pvalloc_LRG3_max_sCs8p4,9,filter_tag,south_40pr,627
pvalloc_LRG3_max_sCs8p4,9,filter_tag,south_50pr,756
pvalloc_LRG3_max_sCs8p4,10,GKLAS,1110,3582
pvalloc_LRG3_max_sCs8p4,10,GKLAS,1121,142
pvalloc_LRG3_max_sCs8p4,10,GKLAS,1122,85
pvalloc_LRG3_max_sCs8p4,10,are_typ,Urban,1832
pvalloc_LRG3_max_sCs8p4,10,are_typ,Rural,696
pvalloc_LRG3_max_sCs8p4,10,are_typ,Suburban,1281
pvalloc_LRG3_max_sCs8p4,10,heatpump_TF,no_heatpump,3739
pvalloc_LRG3_max_sCs8p4,10,heatpump_TF,heatpump,70
pvalloc_LRG3_max_sCs8p4,10,filter_tag,eastwest_70pr,50
pvalloc_LRG3_max_sCs8p4,10,filter_tag,south_40pr,416
pvalloc_LRG3_max_sCs8p4,10,filter_tag,na,2549
pvalloc_LRG3_max_sCs8p4,10,filter_tag,eastwest_80pr,176
pvalloc_LRG3_max_sCs8p4,10,filter_tag,south_50pr,618
pvalloc_LRG3_max_sCs8p6,1,GKLAS,1122,214
pvalloc_LRG3_max_sCs8p6,1,GKLAS,1121,29
pvalloc_LRG3_max_sCs8p6,1,GKLAS,1110,158
pvalloc_LRG3_max_sCs8p6,1,are_typ,Rural,85
pvalloc_LRG3_max_sCs8p6,1,are_typ,Urban,162
pvalloc_LRG3_max_sCs8p6,1,are_typ,Suburban,154
pvalloc_LRG3_max_sCs8p6,1,heatpump_TF,no_heatpump,241
pvalloc_LRG3_max_sCs8p6,1,heatpump_TF,heatpump,160
pvalloc_LRG3_max_sCs8p6,1,filter_tag,eastwest_80pr,46
pvalloc_LRG3_max_sCs8p6,1,filter_tag,eastwest_70pr,19
pvalloc_LRG3_max_sCs8p6,1,filter_tag,south_50pr,38
pvalloc_LRG3_max_sCs8p6,1,filter_tag,south_40pr,47
pvalloc_LRG3_max_sCs8p6,1,filter_tag,na,251
pvalloc_LRG3_max_sCs8p6,2,GKLAS,1110,285
pvalloc_LRG3_max_sCs8p6,2,GKLAS,1122,246
pvalloc_LRG3_max_sCs8p6,2,GKLAS,1121,54
pvalloc_LRG3_max_sCs8p6,2,are_typ,Rural,125
pvalloc_LRG3_max_sCs8p6,2,are_typ,Urban,246
pvalloc_LRG3_max_sCs8p6,2,are_typ,Suburban,214
pvalloc_LRG3_max_sCs8p6,2,heatpump_TF,heatpump,130
pvalloc_LRG3_max_sCs8p6,2,heatpump_TF,no_heatpump,455
pvalloc_LRG3_max_sCs8p6,2,filter_tag,south_50pr,62
pvalloc_LRG3_max_sCs8p6,2,filter_tag,eastwest_70pr,44
pvalloc_LRG3_max_sCs8p6,2,filter_tag,eastwest_80pr,76
pvalloc_LRG3_max_sCs8p6,2,filter_tag,south_40pr,70
pvalloc_LRG3_max_sCs8p6,2,filter_tag,na,333
pvalloc_LRG3_max_sCs8p6,3,GKLAS,1110,450
pvalloc_LRG3_max_sCs8p6,3,GKLAS,1122,298
pvalloc_LRG3_max_sCs8p6,3,GKLAS,1121,84
pvalloc_LRG3_max_sCs8p6,3,are_typ,Rural,198
pvalloc_LRG3_max_sCs8p6,3,are_typ,Urban,336
pvalloc_LRG3_max_sCs8p6,3,are_typ,Suburban,298
pvalloc_LRG3_max_sCs8p6,3,heatpump_TF,no_heatpump,629
pvalloc_LRG3_max_sCs8p6,3,heatpump_TF,heatpump,203
pvalloc_LRG3_max_sCs8p6,3,filter_tag,south_50pr,66
pvalloc_LRG3_max_sCs8p6,3,filter_tag,eastwest_70pr,61
pvalloc_LRG3_max_sCs8p6,3,filter_tag,south_40pr,87
pvalloc_LRG3_max_sCs8p6,3,filter_tag,eastwest_80pr,124
pvalloc_LRG3_max_sCs8p6,3,filter_tag,na,494
pvalloc_LRG3_max_sCs8p6,4,GKLAS,1122,347
pvalloc_LRG3_max_sCs8p6,4,GKLAS,1121,123
pvalloc_LRG3_max_sCs8p6,4,GKLAS,1110,674
pvalloc_LRG3_max_sCs8p6,4,are_typ,Urban,454
pvalloc_LRG3_max_sCs8p6,4,are_typ,Rural,288
pvalloc_LRG3_max_sCs8p6,4,are_typ,Suburban,402
pvalloc_LRG3_max_sCs8p6,4,heatpump_TF,no_heatpump,901
pvalloc_LRG3_max_sCs8p6,4,heatpump_TF,heatpump,243
pvalloc_LRG3_max_sCs8p6,4,filter_tag,south_40pr,126
pvalloc_LRG3_max_sCs8p6,4,filter_tag,south_50pr,113
pvalloc_LRG3_max_sCs8p6,4,filter_tag,eastwest_70pr,54
pvalloc_LRG3_max_sCs8p6,4,filter_tag,na,695
pvalloc_LRG3_max_sCs8p6,4,filter_tag,eastwest_80pr,156
pvalloc_LRG3_max_sCs8p6,5,GKLAS,1121,148
pvalloc_LRG3_max_sCs8p6,5,GKLAS,1110,1037
pvalloc_LRG3_max_sCs8p6,5,GKLAS,1122,404
pvalloc_LRG3_max_sCs8p6,5,are_typ,Urban,640
pvalloc_LRG3_max_sCs8p6,5,are_typ,Rural,357
pvalloc_LRG3_max_sCs8p6,5,are_typ,Suburban,592
pvalloc_LRG3_max_sCs8p6,5,heatpump_TF,heatpump,321
pvalloc_LRG3_max_sCs8p6,5,heatpump_TF,no_heatpump,1268
pvalloc_LRG3_max_sCs8p6,5,filter_tag,south_40pr,167
pvalloc_LRG3_max_sCs8p6,5,filter_tag,eastwest_80pr,221
pvalloc_LRG3_max_sCs8p6,5,filter_tag,na,918
pvalloc_LRG3_max_sCs8p6,5,filter_tag,eastwest_70pr,106
pvalloc_LRG3_max_sCs8p6,5,filter_tag,south_50pr,177
pvalloc_LRG3_max_sCs8p6,6,GKLAS,1121,157
pvalloc_LRG3_max_sCs8p6,6,GKLAS,1110,1477
pvalloc_LRG3_max_sCs8p6,6,GKLAS,1122,477
pvalloc_LRG3_max_sCs8p6,6,are_typ,Urban,812
pvalloc_LRG3_max_sCs8p6,6,are_typ,Rural,527
pvalloc_LRG3_max_sCs8p6,6,are_typ,Suburban,772
pvalloc_LRG3_max_sCs8p6,6,heatpump_TF,heatpump,447
pvalloc_LRG3_max_sCs8p6,6,heatpump_TF,no_heatpump,1664
pvalloc_LRG3_max_sCs8p6,6,filter_tag,na,1268
pvalloc_LRG3_max_sCs8p6,6,filter_tag,eastwest_70pr,106
pvalloc_LRG3_max_sCs8p6,6,filter_tag,south_40pr,250
pvalloc_LRG3_max_sCs8p6,6,filter_tag,south_50pr,242
pvalloc_LRG3_max_sCs8p6,6,filter_tag,eastwest_80pr,245
pvalloc_LRG3_max_sCs8p6,7,GKLAS,1110,2259
pvalloc_LRG3_max_sCs8p6,7,GKLAS,1122,477
pvalloc_LRG3_max_sCs8p6,7,GKLAS,1121,220
pvalloc_LRG3_max_sCs8p6,7,are_typ,Suburban,965
pvalloc_LRG3_max_sCs8p6,7,are_typ,Urban,1249
pvalloc_LRG3_max_sCs8p6,7,are_typ,Rural,742
pvalloc_LRG3_max_sCs8p6,7,heatpump_TF,heatpump,474
pvalloc_LRG3_max_sCs8p6,7,heatpump_TF,no_heatpump,2482
pvalloc_LRG3_max_sCs8p6,7,filter_tag,na,1749
pvalloc_LRG3_max_sCs8p6,7,filter_tag,eastwest_70pr,184
pvalloc_LRG3_max_sCs8p6,7,filter_tag,south_50pr,325
pvalloc_LRG3_max_sCs8p6,7,filter_tag,south_40pr,328
pvalloc_LRG3_max_sCs8p6,7,filter_tag,eastwest_80pr,370
pvalloc_LRG3_max_sCs8p6,8,GKLAS,1110,3153
pvalloc_LRG3_max_sCs8p6,8,GKLAS,1121,321
pvalloc_LRG3_max_sCs8p6,8,GKLAS,1122,440
pvalloc_LRG3_max_sCs8p6,8,are_typ,Suburban,1321
pvalloc_LRG3_max_sCs8p6,8,are_typ,Urban,1669
pvalloc_LRG3_max_sCs8p6,8,are_typ,Rural,924
pvalloc_LRG3_max_sCs8p6,8,heatpump_TF,heatpump,409
pvalloc_LRG3_max_sCs8p6,8,heatpump_TF,no_heatpump,3505
pvalloc_LRG3_max_sCs8p6,8,filter_tag,eastwest_80pr,542
pvalloc_LRG3_max_sCs8p6,8,filter_tag,eastwest_70pr,191
pvalloc_LRG3_max_sCs8p6,8,filter_tag,na,2314
pvalloc_LRG3_max_sCs8p6,8,filter_tag,south_40pr,407
pvalloc_LRG3_max_sCs8p6,8,filter_tag,south_50pr,460
pvalloc_LRG3_max_sCs8p6,9,GKLAS,1121,345
pvalloc_LRG3_max_sCs8p6,9,GKLAS,1110,4744
pvalloc_LRG3_max_sCs8p6,9,GKLAS,1122,240
pvalloc_LRG3_max_sCs8p6,9,are_typ,Rural,1161
pvalloc_LRG3_max_sCs8p6,9,are_typ,Urban,2495
pvalloc_LRG3_max_sCs8p6,9,are_typ,Suburban,1673
pvalloc_LRG3_max_sCs8p6,9,heatpump_TF,heatpump,253
pvalloc_LRG3_max_sCs8p6,9,heatpump_TF,no_heatpump,5076
pvalloc_LRG3_max_sCs8p6,9,filter_tag,na,3288
pvalloc_LRG3_max_sCs8p6,9,filter_tag,eastwest_80pr,537
pvalloc_LRG3_max_sCs8p6,9,filter_tag,south_40pr,599
pvalloc_LRG3_max_sCs8p6,9,filter_tag,south_50pr,716
pvalloc_LRG3_max_sCs8p6,9,filter_tag,eastwest_70pr,189
pvalloc_LRG3_max_sCs8p6,10,GKLAS,1110,2630
pvalloc_LRG3_max_sCs8p6,10,GKLAS,1122,64
pvalloc_LRG3_max_sCs8p6,10,GKLAS,1121,128
pvalloc_LRG3_max_sCs8p6,10,are_typ,Rural,468
pvalloc_LRG3_max_sCs8p6,10,are_typ,Suburban,924
pvalloc_LRG3_max_sCs8p6,10,are_typ,Urban,1430
pvalloc_LRG3_max_sCs8p6,10,heatpump_TF,no_heatpump,2765
pvalloc_LRG3_max_sCs8p6,10,heatpump_TF,heatpump,57
pvalloc_LRG3_max_sCs8p6,10,filter_tag,na,1778
pvalloc_LRG3_max_sCs8p6,10,filter_tag,south_50pr,515
pvalloc_LRG3_max_sCs8p6,10,filter_tag,eastwest_80pr,167
pvalloc_LRG3_max_sCs8p6,10,filter_tag,south_40pr,327
pvalloc_LRG3_max_sCs8p6,10,filter_tag,eastwest_70pr,35
pvalloc_LRG3_max_sCs8p8,1,GKLAS,1121,30
pvalloc_LRG3_max_sCs8p8,1,GKLAS,1122,214
pvalloc_LRG3_max_sCs8p8,1,GKLAS,1110,153
pvalloc_LRG3_max_sCs8p8,1,are_typ,Urban,175
pvalloc_LRG3_max_sCs8p8,1,are_typ,Rural,72
pvalloc_LRG3_max_sCs8p8,1,are_typ,Suburban,150
pvalloc_LRG3_max_sCs8p8,1,heatpump_TF,no_heatpump,255
pvalloc_LRG3_max_sCs8p8,1,heatpump_TF,heatpump,142
pvalloc_LRG3_max_sCs8p8,1,filter_tag,south_40pr,37
pvalloc_LRG3_max_sCs8p8,1,filter_tag,eastwest_80pr,50
pvalloc_LRG3_max_sCs8p8,1,filter_tag,eastwest_70pr,27
pvalloc_LRG3_max_sCs8p8,1,filter_tag,south_50pr,27
pvalloc_LRG3_max_sCs8p8,1,filter_tag,na,256
pvalloc_LRG3_max_sCs8p8,2,GKLAS,1110,238
pvalloc_LRG3_max_sCs8p8,2,GKLAS,1122,257
pvalloc_LRG3_max_sCs8p8,2,GKLAS,1121,65
pvalloc_LRG3_max_sCs8p8,2,are_typ,Urban,241
pvalloc_LRG3_max_sCs8p8,2,are_typ,Rural,119
pvalloc_LRG3_max_sCs8p8,2,are_typ,Suburban,200
pvalloc_LRG3_max_sCs8p8,2,heatpump_TF,heatpump,138
pvalloc_LRG3_max_sCs8p8,2,heatpump_TF,no_heatpump,422
pvalloc_LRG3_max_sCs8p8,2,filter_tag,eastwest_80pr,83
pvalloc_LRG3_max_sCs8p8,2,filter_tag,na,328
pvalloc_LRG3_max_sCs8p8,2,filter_tag,eastwest_70pr,41
pvalloc_LRG3_max_sCs8p8,2,filter_tag,south_40pr,60
pvalloc_LRG3_max_sCs8p8,2,filter_tag,south_50pr,48
pvalloc_LRG3_max_sCs8p8,3,GKLAS,1121,78
pvalloc_LRG3_max_sCs8p8,3,GKLAS,1122,307
pvalloc_LRG3_max_sCs8p8,3,GKLAS,1110,421
pvalloc_LRG3_max_sCs8p8,3,are_typ,Rural,189
pvalloc_LRG3_max_sCs8p8,3,are_typ,Urban,318
pvalloc_LRG3_max_sCs8p8,3,are_typ,Suburban,299
pvalloc_LRG3_max_sCs8p8,3,heatpump_TF,no_heatpump,629
pvalloc_LRG3_max_sCs8p8,3,heatpump_TF,heatpump,177
pvalloc_LRG3_max_sCs8p8,3,filter_tag,eastwest_70pr,52
pvalloc_LRG3_max_sCs8p8,3,filter_tag,south_40pr,86
pvalloc_LRG3_max_sCs8p8,3,filter_tag,eastwest_80pr,117
pvalloc_LRG3_max_sCs8p8,3,filter_tag,south_50pr,78
pvalloc_LRG3_max_sCs8p8,3,filter_tag,na,473
pvalloc_LRG3_max_sCs8p8,4,GKLAS,1110,690
pvalloc_LRG3_max_sCs8p8,4,GKLAS,1122,346
pvalloc_LRG3_max_sCs8p8,4,GKLAS,1121,102
pvalloc_LRG3_max_sCs8p8,4,are_typ,Rural,252
pvalloc_LRG3_max_sCs8p8,4,are_typ,Urban,491
pvalloc_LRG3_max_sCs8p8,4,are_typ,Suburban,395
pvalloc_LRG3_max_sCs8p8,4,heatpump_TF,no_heatpump,887
pvalloc_LRG3_max_sCs8p8,4,heatpump_TF,heatpump,251
pvalloc_LRG3_max_sCs8p8,4,filter_tag,na,676
pvalloc_LRG3_max_sCs8p8,4,filter_tag,eastwest_70pr,72
pvalloc_LRG3_max_sCs8p8,4,filter_tag,eastwest_80pr,136
pvalloc_LRG3_max_sCs8p8,4,filter_tag,south_40pr,136
pvalloc_LRG3_max_sCs8p8,4,filter_tag,south_50pr,118
pvalloc_LRG3_max_sCs8p8,5,GKLAS,1121,143
pvalloc_LRG3_max_sCs8p8,5,GKLAS,1110,1004
pvalloc_LRG3_max_sCs8p8,5,GKLAS,1122,437
pvalloc_LRG3_max_sCs8p8,5,are_typ,Suburban,538
pvalloc_LRG3_max_sCs8p8,5,are_typ,Urban,668
pvalloc_LRG3_max_sCs8p8,5,are_typ,Rural,378
pvalloc_LRG3_max_sCs8p8,5,heatpump_TF,no_heatpump,1257
pvalloc_LRG3_max_sCs8p8,5,heatpump_TF,heatpump,327
pvalloc_LRG3_max_sCs8p8,5,filter_tag,eastwest_70pr,98
pvalloc_LRG3_max_sCs8p8,5,filter_tag,south_50pr,187
pvalloc_LRG3_max_sCs8p8,5,filter_tag,na,928
pvalloc_LRG3_max_sCs8p8,5,filter_tag,eastwest_80pr,203
pvalloc_LRG3_max_sCs8p8,5,filter_tag,south_40pr,168
pvalloc_LRG3_max_sCs8p8,6,GKLAS,1110,1422
pvalloc_LRG3_max_sCs8p8,6,GKLAS,1121,204
pvalloc_LRG3_max_sCs8p8,6,GKLAS,1122,469
pvalloc_LRG3_max_sCs8p8,6,are_typ,Suburban,737
pvalloc_LRG3_max_sCs8p8,6,are_typ,Urban,824
pvalloc_LRG3_max_sCs8p8,6,are_typ,Rural,534
pvalloc_LRG3_max_sCs8p8,6,heatpump_TF,no_heatpump,1659
pvalloc_LRG3_max_sCs8p8,6,heatpump_TF,heatpump,436
pvalloc_LRG3_max_sCs8p8,6,filter_tag,na,1199
pvalloc_LRG3_max_sCs8p8,6,filter_tag,south_50pr,252
pvalloc_LRG3_max_sCs8p8,6,filter_tag,eastwest_80pr,281
pvalloc_LRG3_max_sCs8p8,6,filter_tag,eastwest_70pr,121
pvalloc_LRG3_max_sCs8p8,6,filter_tag,south_40pr,242
pvalloc_LRG3_max_sCs8p8,7,GKLAS,1110,2143
pvalloc_LRG3_max_sCs8p8,7,GKLAS,1121,250
pvalloc_LRG3_max_sCs8p8,7,GKLAS,1122,509
pvalloc_LRG3_max_sCs8p8,7,are_typ,Suburban,953
pvalloc_LRG3_max_sCs8p8,7,are_typ,Rural,734
pvalloc_LRG3_max_sCs8p8,7,are_typ,Urban,1215
pvalloc_LRG3_max_sCs8p8,7,heatpump_TF,no_heatpump,2413
pvalloc_LRG3_max_sCs8p8,7,heatpump_TF,heatpump,489
pvalloc_LRG3_max_sCs8p8,7,filter_tag,eastwest_80pr,388
pvalloc_LRG3_max_sCs8p8,7,filter_tag,eastwest_70pr,169
pvalloc_LRG3_max_sCs8p8,7,filter_tag,south_40pr,294
pvalloc_LRG3_max_sCs8p8,7,filter_tag,south_50pr,353
pvalloc_LRG3_max_sCs8p8,7,filter_tag,na,1698
pvalloc_LRG3_max_sCs8p8,8,GKLAS,1121,310
pvalloc_LRG3_max_sCs8p8,8,GKLAS,1122,383
pvalloc_LRG3_max_sCs8p8,8,GKLAS,1110,3278
pvalloc_LRG3_max_sCs8p8,8,are_typ,Suburban,1237
pvalloc_LRG3_max_sCs8p8,8,are_typ,Urban,1748
pvalloc_LRG3_max_sCs8p8,8,are_typ,Rural,986
pvalloc_LRG3_max_sCs8p8,8,heatpump_TF,heatpump,414
pvalloc_LRG3_max_sCs8p8,8,heatpump_TF,no_heatpump,3557
pvalloc_LRG3_max_sCs8p8,8,filter_tag,na,2389
pvalloc_LRG3_max_sCs8p8,8,filter_tag,south_40pr,397
pvalloc_LRG3_max_sCs8p8,8,filter_tag,eastwest_80pr,543
pvalloc_LRG3_max_sCs8p8,8,filter_tag,eastwest_70pr,188
pvalloc_LRG3_max_sCs8p8,8,filter_tag,south_50pr,454
pvalloc_LRG3_max_sCs8p8,9,GKLAS,1122,238
pvalloc_LRG3_max_sCs8p8,9,GKLAS,1110,4773
pvalloc_LRG3_max_sCs8p8,9,GKLAS,1121,328
pvalloc_LRG3_max_sCs8p8,9,are_typ,Suburban,1807
pvalloc_LRG3_max_sCs8p8,9,are_typ,Urban,2325
pvalloc_LRG3_max_sCs8p8,9,are_typ,Rural,1207
pvalloc_LRG3_max_sCs8p8,9,heatpump_TF,no_heatpump,5073
pvalloc_LRG3_max_sCs8p8,9,heatpump_TF,heatpump,266
pvalloc_LRG3_max_sCs8p8,9,filter_tag,eastwest_80pr,550
pvalloc_LRG3_max_sCs8p8,9,filter_tag,na,3254
pvalloc_LRG3_max_sCs8p8,9,filter_tag,south_40pr,673
pvalloc_LRG3_max_sCs8p8,9,filter_tag,eastwest_70pr,186
pvalloc_LRG3_max_sCs8p8,9,filter_tag,south_50pr,676
pvalloc_LRG3_max_sCs8p8,10,GKLAS,1121,84
pvalloc_LRG3_max_sCs8p8,10,GKLAS,1110,1582
pvalloc_LRG3_max_sCs8p8,10,GKLAS,1122,42
pvalloc_LRG3_max_sCs8p8,10,are_typ,Rural,311
pvalloc_LRG3_max_sCs8p8,10,are_typ,Suburban,573
pvalloc_LRG3_max_sCs8p8,10,are_typ,Urban,824
pvalloc_LRG3_max_sCs8p8,10,heatpump_TF,no_heatpump,1668
pvalloc_LRG3_max_sCs8p8,10,heatpump_TF,heatpump,40
pvalloc_LRG3_max_sCs8p8,10,filter_tag,south_40pr,186
pvalloc_LRG3_max_sCs8p8,10,filter_tag,na,1062
pvalloc_LRG3_max_sCs8p8,10,filter_tag,south_50pr,293
pvalloc_LRG3_max_sCs8p8,10,filter_tag,eastwest_80pr,133
pvalloc_LRG3_max_sCs8p8,10,filter_tag,eastwest_70pr,34
pvalloc_LRG3_rnd,1,GKLAS,1121,51
pvalloc_LRG3_rnd,1,GKLAS,1110,596
pvalloc_LRG3_rnd,1,GKLAS,1122,87
pvalloc_LRG3_rnd,1,are_typ,Rural,160
pvalloc_LRG3_rnd,1,are_typ,Suburban,231
pvalloc_LRG3_rnd,1,are_typ,Urban,343
pvalloc_LRG3_rnd,1,heatpump_TF,heatpump,91
pvalloc_LRG3_rnd,1,heatpump_TF,no_heatpump,643
pvalloc_LRG3_rnd,1,filter_tag,na,458
pvalloc_LRG3_rnd,1,filter_tag,eastwest_80pr,81
pvalloc_LRG3_rnd,1,filter_tag,south_40pr,78
pvalloc_LRG3_rnd,1,filter_tag,eastwest_70pr,39
pvalloc_LRG3_rnd,1,filter_tag,south_50pr,78
pvalloc_LRG3_rnd,2,GKLAS,1110,700
pvalloc_LRG3_rnd,2,GKLAS,1121,57
pvalloc_LRG3_rnd,2,GKLAS,1122,137
pvalloc_LRG3_rnd,2,are_typ,Rural,191
pvalloc_LRG3_rnd,2,are_typ,Urban,425
pvalloc_LRG3_rnd,2,are_typ,Suburban,278
pvalloc_LRG3_rnd,2,heatpump_TF,no_heatpump,799
pvalloc_LRG3_rnd,2,heatpump_TF,heatpump,95
pvalloc_LRG3_rnd,2,filter_tag,eastwest_70pr,38
pvalloc_LRG3_rnd,2,filter_tag,eastwest_80pr,78
pvalloc_LRG3_rnd,2,filter_tag,south_50pr,104
pvalloc_LRG3_rnd,2,filter_tag,south_40pr,102
pvalloc_LRG3_rnd,2,filter_tag,na,572
pvalloc_LRG3_rnd,3,GKLAS,1122,165
pvalloc_LRG3_rnd,3,GKLAS,1110,917
pvalloc_LRG3_rnd,3,GKLAS,1121,76
pvalloc_LRG3_rnd,3,are_typ,Rural,252
pvalloc_LRG3_rnd,3,are_typ,Suburban,390
pvalloc_LRG3_rnd,3,are_typ,Urban,516
pvalloc_LRG3_rnd,3,heatpump_TF,no_heatpump,1042
pvalloc_LRG3_rnd,3,heatpump_TF,heatpump,116
pvalloc_LRG3_rnd,3,filter_tag,na,706
pvalloc_LRG3_rnd,3,filter_tag,south_40pr,131
pvalloc_LRG3_rnd,3,filter_tag,eastwest_70pr,50
pvalloc_LRG3_rnd,3,filter_tag,eastwest_80pr,112
pvalloc_LRG3_rnd,3,filter_tag,south_50pr,159
pvalloc_LRG3_rnd,4,GKLAS,1122,187
pvalloc_LRG3_rnd,4,GKLAS,1121,85
pvalloc_LRG3_rnd,4,GKLAS,1110,1177
pvalloc_LRG3_rnd,4,are_typ,Suburban,462
pvalloc_LRG3_rnd,4,are_typ,Urban,647
pvalloc_LRG3_rnd,4,are_typ,Rural,340
pvalloc_LRG3_rnd,4,heatpump_TF,heatpump,155
pvalloc_LRG3_rnd,4,heatpump_TF,no_heatpump,1294
pvalloc_LRG3_rnd,4,filter_tag,south_50pr,174
pvalloc_LRG3_rnd,4,filter_tag,eastwest_70pr,67
pvalloc_LRG3_rnd,4,filter_tag,na,922
pvalloc_LRG3_rnd,4,filter_tag,eastwest_80pr,129
pvalloc_LRG3_rnd,4,filter_tag,south_40pr,157
pvalloc_LRG3_rnd,5,GKLAS,1122,275
pvalloc_LRG3_rnd,5,GKLAS,1121,114
pvalloc_LRG3_rnd,5,GKLAS,1110,1463
pvalloc_LRG3_rnd,5,are_typ,Urban,851
pvalloc_LRG3_rnd,5,are_typ,Suburban,630
pvalloc_LRG3_rnd,5,are_typ,Rural,371
pvalloc_LRG3_rnd,5,heatpump_TF,heatpump,204
pvalloc_LRG3_rnd,5,heatpump_TF,no_heatpump,1648
pvalloc_LRG3_rnd,5,filter_tag,south_50pr,216
pvalloc_LRG3_rnd,5,filter_tag,na,1211
pvalloc_LRG3_rnd,5,filter_tag,south_40pr,177
pvalloc_LRG3_rnd,5,filter_tag,eastwest_70pr,71
pvalloc_LRG3_rnd,5,filter_tag,eastwest_80pr,177
pvalloc_LRG3_rnd,6,GKLAS,1110,1863
pvalloc_LRG3_rnd,6,GKLAS,1121,180
pvalloc_LRG3_rnd,6,GKLAS,1122,285
pvalloc_LRG3_rnd,6,are_typ,Rural,485
pvalloc_LRG3_rnd,6,are_typ,Urban,987
pvalloc_LRG3_rnd,6,are_typ,Suburban,856
pvalloc_LRG3_rnd,6,heatpump_TF,no_heatpump,2052
pvalloc_LRG3_rnd,6,heatpump_TF,heatpump,276
pvalloc_LRG3_rnd,6,filter_tag,eastwest_80pr,285
pvalloc_LRG3_rnd,6,filter_tag,eastwest_70pr,95
pvalloc_LRG3_rnd,6,filter_tag,south_50pr,256
pvalloc_LRG3_rnd,6,filter_tag,na,1432
pvalloc_LRG3_rnd,6,filter_tag,south_40pr,260
pvalloc_LRG3_rnd,7,GKLAS,1121,194
pvalloc_LRG3_rnd,7,GKLAS,1122,392
pvalloc_LRG3_rnd,7,GKLAS,1110,2384
pvalloc_LRG3_rnd,7,are_typ,Suburban,1012
pvalloc_LRG3_rnd,7,are_typ,Rural,598
pvalloc_LRG3_rnd,7,are_typ,Urban,1360
pvalloc_LRG3_rnd,7,heatpump_TF,no_heatpump,2629
pvalloc_LRG3_rnd,7,heatpump_TF,heatpump,341
pvalloc_LRG3_rnd,7,filter_tag,south_50pr,373
pvalloc_LRG3_rnd,7,filter_tag,south_40pr,285
pvalloc_LRG3_rnd,7,filter_tag,na,1889
pvalloc_LRG3_rnd,7,filter_tag,eastwest_70pr,111
pvalloc_LRG3_rnd,7,filter_tag,eastwest_80pr,312
pvalloc_LRG3_rnd,8,GKLAS,1110,2959
pvalloc_LRG3_rnd,8,GKLAS,1121,252
pvalloc_LRG3_rnd,8,GKLAS,1122,490
pvalloc_LRG3_rnd,8,are_typ,Urban,1704
pvalloc_LRG3_rnd,8,are_typ,Suburban,1229
pvalloc_LRG3_rnd,8,are_typ,Rural,768
pvalloc_LRG3_rnd,8,heatpump_TF,no_heatpump,3260
pvalloc_LRG3_rnd,8,heatpump_TF,heatpump,441
pvalloc_LRG3_rnd,8,filter_tag,south_40pr,351
pvalloc_LRG3_rnd,8,filter_tag,na,2377
pvalloc_LRG3_rnd,8,filter_tag,eastwest_70pr,145
pvalloc_LRG3_rnd,8,filter_tag,eastwest_80pr,377
pvalloc_LRG3_rnd,8,filter_tag,south_50pr,451
pvalloc_LRG3_rnd,9,GKLAS,1110,3608
pvalloc_LRG3_rnd,9,GKLAS,1121,310
pvalloc_LRG3_rnd,9,GKLAS,1122,629
pvalloc_LRG3_rnd,9,are_typ,Urban,2067
pvalloc_LRG3_rnd,9,are_typ,Rural,925
pvalloc_LRG3_rnd,9,are_typ,Suburban,1555
pvalloc_LRG3_rnd,9,heatpump_TF,heatpump,479
pvalloc_LRG3_rnd,9,heatpump_TF,no_heatpump,4068
pvalloc_LRG3_rnd,9,filter_tag,south_50pr,561
pvalloc_LRG3_rnd,9,filter_tag,eastwest_80pr,479
pvalloc_LRG3_rnd,9,filter_tag,eastwest_70pr,192
pvalloc_LRG3_rnd,9,filter_tag,na,2845
pvalloc_LRG3_rnd,9,filter_tag,south_40pr,470
pvalloc_LRG3_rnd,10,GKLAS,1122,589
pvalloc_LRG3_rnd,10,GKLAS,1110,3571
pvalloc_LRG3_rnd,10,GKLAS,1121,317
pvalloc_LRG3_rnd,10,are_typ,Urban,2047
pvalloc_LRG3_rnd,10,are_typ,Suburban,1451
pvalloc_LRG3_rnd,10,are_typ,Rural,979
pvalloc_LRG3_rnd,10,heatpump_TF,heatpump,533
pvalloc_LRG3_rnd,10,heatpump_TF,no_heatpump,3944
pvalloc_LRG3_rnd,10,filter_tag,south_40pr,448
pvalloc_LRG3_rnd,10,filter_tag,eastwest_70pr,181
pvalloc_LRG3_rnd,10,filter_tag,south_50pr,548
pvalloc_LRG3_rnd,10,filter_tag,na,2844
pvalloc_LRG3_rnd,10,filter_tag,eastwest_80pr,456
